frame_idx,frame_time_in_ms,pitch,yaw,roll,face_alignment_method,face_detection_score,face_bbox_xmin,face_bbox_ymin,face_bbox_xmax,face_bbox_ymax,au_1,au_2,au_4,au_6,au_7,au_10,au_12,au_14,au_15,au_17,au_23,au_24,au_1_intensity,au_2_intensity,au_4_intensity,au_5_intensity,au_6_intensity,au_9_intensity,au_12_intensity,au_15_intensity,au_17_intensity,au_20_intensity,au_25_intensity,au_26_intensity
0,0.0,,,,insightface_bbox,0.6267181634902954,0.0,676.682373046875,747.1983642578125,2406.98193359375,0,0,1,0,0,0,0,0,0,1,0,0,0.06001799926161766,0.02983037382364273,0.48039472103118896,0.03261541947722435,0.00643134955316782,0.01623713970184326,0.00586353987455368,0.03503109887242317,0.06603321433067322,0.04836462438106537,0.010335245169699192,0.033492304384708405
1,0.03333333333333333,,,,insightface_bbox,0.6267181634902954,0.0,676.682373046875,747.1983642578125,2406.98193359375,0,0,1,0,0,0,0,0,0,1,0,0,0.06128815934062004,0.03834201768040657,0.6141517162322998,0.05109671503305435,0.008566333912312984,0.021355262026190758,0.00980260968208313,0.03824661672115326,0.07083269208669662,0.04581119492650032,0.024042852222919464,0.04558330029249191
2,0.06666666666666667,,,,insightface_bbox,0.6267181634902954,0.0,676.682373046875,747.1983642578125,2406.98193359375,0,0,1,0,0,0,0,0,0,0,0,0,0.05990432947874069,0.04274757578969002,0.6705238819122314,0.05802782252430916,0.010299460031092167,0.02508746087551117,0.013258075341582298,0.03866074979305267,0.07027725875377655,0.049440838396549225,0.03335576131939888,0.053542111068964005
3,0.1,,,,insightface_bbox,0.6267181634902954,0.0,676.682373046875,747.1983642578125,2406.98193359375,0,0,1,0,0,0,0,0,0,0,0,0,0.05486460030078888,0.03920203074812889,0.584692120552063,0.052423905581235886,0.009664435870945454,0.02262282185256481,0.012461267411708832,0.0375618115067482,0.06910236179828644,0.049740202724933624,0.03268053010106087,0.05692692846059799
4,0.13333333333333333,,,,insightface_bbox,0.6267181634902954,0.0,676.682373046875,747.1983642578125,2406.98193359375,0,0,1,0,0,0,0,0,0,0,0,0,0.057177312672138214,0.04079831764101982,0.6034241914749146,0.05605287849903107,0.010213303379714489,0.023296337574720383,0.013359044678509235,0.039326898753643036,0.07105646282434464,0.051752761006355286,0.03411675617098808,0.058348920196294785
5,0.16666666666666666,,,,insightface_bbox,0.6267181634902954,0.0,676.682373046875,747.1983642578125,2406.98193359375,0,0,1,0,0,0,0,0,0,0,0,0,0.054930828511714935,0.0396406427025795,0.5521450638771057,0.05359070375561714,0.01041561271995306,0.023993009701371193,0.01435486413538456,0.04103180766105652,0.07174626737833023,0.05191311985254288,0.03501645475625992,0.057019323110580444
6,0.2,,,,insightface_bbox,0.6273940801620483,0.0,658.87939453125,744.1668701171875,2392.570556640625,0,0,1,0,0,0,0,0,0,0,0,0,0.05689014494419098,0.042078375816345215,0.5362346172332764,0.06372606009244919,0.011307577602565289,0.027728773653507233,0.018443908542394638,0.043218377977609634,0.0779992938041687,0.05675947666168213,0.05334727466106415,0.06958737224340439
7,0.23333333333333334,,,,insightface_bbox,0.6273940801620483,0.0,658.87939453125,744.1668701171875,2392.570556640625,0,0,1,0,0,0,0,0,0,0,0,0,0.0518384613096714,0.03908685967326164,0.5137899518013,0.059325750917196274,0.010668711736798286,0.02483293227851391,0.016990849748253822,0.03972020745277405,0.07177702337503433,0.053069572895765305,0.05063673481345177,0.06555947661399841
8,0.26666666666666666,,,,insightface_bbox,0.6273940801620483,0.0,658.87939453125,744.1668701171875,2392.570556640625,0,0,1,0,0,0,0,0,0,0,0,0,0.052562933415174484,0.03923693299293518,0.5283051133155823,0.05890151113271713,0.010890297591686249,0.024878453463315964,0.017506184056401253,0.04048367589712143,0.07081986963748932,0.053309567272663116,0.05379877984523773,0.06713947653770447
9,0.3,,,,insightface_bbox,0.6273940801620483,0.0,658.87939453125,744.1668701171875,2392.570556640625,0,0,1,0,0,0,0,0,0,0,0,0,0.052948832511901855,0.038603316992521286,0.5241241455078125,0.057306744158267975,0.011011321097612381,0.02522517926990986,0.01768568903207779,0.042097460478544235,0.07225141674280167,0.054892268031835556,0.05784852057695389,0.07137902826070786
10,0.3333333333333333,,,,insightface_bbox,0.6273940801620483,0.0,658.87939453125,744.1668701171875,2392.570556640625,0,0,1,0,0,0,0,0,0,0,0,0,0.05295669659972191,0.03787684813141823,0.529668390750885,0.05428129807114601,0.01113921869546175,0.0252840556204319,0.017534656450152397,0.042047012597322464,0.07210061699151993,0.05475533753633499,0.05975169688463211,0.0712735578417778
11,0.36666666666666664,,,,insightface_bbox,0.6273940801620483,0.0,658.87939453125,744.1668701171875,2392.570556640625,0,0,1,0,0,0,0,0,0,0,0,0,0.053211819380521774,0.03770054131746292,0.5258787274360657,0.05265062302350998,0.011262171901762486,0.025567516684532166,0.01800142228603363,0.0423474982380867,0.07148206979036331,0.05489501357078552,0.06102556735277176,0.07260559499263763
12,0.4,,,,insightface_bbox,0.64483642578125,0.0,643.5634765625,735.9591674804688,2434.7294921875,0,0,1,0,0,0,0,0,0,0,0,0,0.05376288294792175,0.03652424365282059,0.5075204372406006,0.04773351922631264,0.010641041211783886,0.02489425241947174,0.01574951410293579,0.03918367624282837,0.06898590922355652,0.05384467914700508,0.05675883591175079,0.06850983202457428
13,0.43333333333333335,,,,insightface_bbox,0.64483642578125,0.0,643.5634765625,735.9591674804688,2434.7294921875,0,0,1,0,0,0,0,0,0,0,0,0,0.05091182887554169,0.03609567880630493,0.4953227937221527,0.04804395139217377,0.010812273249030113,0.024650830775499344,0.015687864273786545,0.03941814973950386,0.0691518783569336,0.0527440570294857,0.061908334493637085,0.07126162946224213
14,0.4666666666666667,,,,insightface_bbox,0.64483642578125,0.0,643.5634765625,735.9591674804688,2434.7294921875,0,0,1,0,0,0,0,0,0,0,0,0,0.05033014342188835,0.0361475795507431,0.49492383003234863,0.04860725253820419,0.01091565378010273,0.02494002692401409,0.016061529517173767,0.03915346786379814,0.06829831004142761,0.05146528035402298,0.06446133553981781,0.07099749147891998
15,0.5,,,,insightface_bbox,0.64483642578125,0.0,643.5634765625,735.9591674804688,2434.7294921875,0,0,1,0,0,0,0,0,0,0,0,0,0.05026537925004959,0.036005109548568726,0.4707583487033844,0.04970744997262955,0.01105641108006239,0.02502244897186756,0.016079677268862724,0.039902471005916595,0.06947869062423706,0.053415972739458084,0.06465303897857666,0.0697840228676796
16,0.5333333333333333,,,,insightface_bbox,0.64483642578125,0.0,643.5634765625,735.9591674804688,2434.7294921875,0,0,1,0,0,0,0,0,0,0,0,0,0.05105406418442726,0.03658115118741989,0.4638097286224365,0.05203155428171158,0.01131824404001236,0.025526991114020348,0.017009666189551353,0.04077482223510742,0.07043062895536423,0.05408412963151932,0.0646282508969307,0.07108582556247711
17,0.5666666666666667,,,,insightface_bbox,0.64483642578125,0.0,643.5634765625,735.9591674804688,2434.7294921875,0,0,1,0,0,0,0,0,0,0,0,0,0.05168628320097923,0.03755171224474907,0.4351752698421478,0.05508758872747421,0.011598026379942894,0.0259537473320961,0.017804337665438652,0.04191403090953827,0.07147320359945297,0.0554550476372242,0.06420551985502243,0.07353869080543518
18,0.6,,,,insightface_bbox,0.6370885968208313,0.0,650.7240600585938,744.9351806640625,2457.320068359375,0,0,1,0,0,0,0,0,0,0,0,0,0.04952156916260719,0.03503194451332092,0.40404587984085083,0.05017508193850517,0.010477240197360516,0.024178396910429,0.015336442738771439,0.038846101611852646,0.06986212730407715,0.05385402590036392,0.05921943113207817,0.06853654980659485
19,0.6333333333333333,,,,insightface_bbox,0.6370885968208313,0.0,650.7240600585938,744.9351806640625,2457.320068359375,0,0,1,0,0,0,0,0,0,0,0,0,0.05037463828921318,0.03542867302894592,0.3856359124183655,0.05142577737569809,0.010893013328313828,0.0246718917042017,0.015683546662330627,0.03929198533296585,0.07148415595293045,0.05474836379289627,0.06094103306531906,0.06913113594055176
20,0.6666666666666666,,,,insightface_bbox,0.6370885968208313,0.0,650.7240600585938,744.9351806640625,2457.320068359375,0,0,1,0,0,0,0,0,0,0,0,0,0.05109547823667526,0.036540549248456955,0.38637232780456543,0.05322688817977905,0.010876243934035301,0.02503805235028267,0.01566547155380249,0.038785409182310104,0.07068726420402527,0.05347920581698418,0.06427162140607834,0.07076213508844376
21,0.7,,,,insightface_bbox,0.6370885968208313,0.0,650.7240600585938,744.9351806640625,2457.320068359375,0,0,1,0,0,0,0,0,0,0,0,0,0.05219234526157379,0.037386517971754074,0.40120556950569153,0.05525558814406395,0.011366015300154686,0.025755014270544052,0.016360875219106674,0.04021751135587692,0.07213447242975235,0.05470121279358864,0.06769407540559769,0.07368819415569305
22,0.7333333333333333,,,,insightface_bbox,0.6370885968208313,0.0,650.7240600585938,744.9351806640625,2457.320068359375,0,0,1,0,0,0,0,0,0,0,0,0,0.05244023725390434,0.03790731728076935,0.39117521047592163,0.056567758321762085,0.011381496675312519,0.025788022205233574,0.01634736731648445,0.040889859199523926,0.07208038866519928,0.05517430230975151,0.06805835664272308,0.07422275841236115
23,0.7666666666666667,,,,insightface_bbox,0.6370885968208313,0.0,650.7240600585938,744.9351806640625,2457.320068359375,0,0,1,0,0,0,0,0,0,0,0,0,0.052206702530384064,0.03779883310198784,0.39649683237075806,0.05707815662026405,0.011674169450998306,0.026136692613363266,0.016919083893299103,0.041209280490875244,0.0717017650604248,0.05522482469677925,0.0697576254606247,0.07451841235160828
24,0.8,,,,insightface_bbox,0.6399143934249878,0.0,627.26904296875,753.5778198242188,2485.540771484375,0,0,1,0,0,0,0,0,0,0,0,0,0.05828927829861641,0.04231661185622215,0.3951673209667206,0.07050665467977524,0.012309577316045761,0.024448921903967857,0.016092585399746895,0.041150547564029694,0.06836547702550888,0.05524452030658722,0.04271436482667923,0.06682931631803513
25,0.8333333333333334,,,,insightface_bbox,0.6399143934249878,0.0,627.26904296875,753.5778198242188,2485.540771484375,0,0,1,0,0,0,0,0,0,0,0,0,0.05798535794019699,0.04289271682500839,0.38758397102355957,0.07168670743703842,0.011980969458818436,0.0243165735155344,0.015580411069095135,0.04025954008102417,0.06888048350811005,0.05549580231308937,0.04387668892741203,0.0680406242609024
26,0.8666666666666667,,,,insightface_bbox,0.6399143934249878,0.0,627.26904296875,753.5778198242188,2485.540771484375,0,0,1,0,0,0,0,0,0,0,0,0,0.05824926868081093,0.04320436716079712,0.4146091639995575,0.07256531715393066,0.012026489712297916,0.02489311620593071,0.015898514539003372,0.040155909955501556,0.06954226642847061,0.05612293258309364,0.046831849962472916,0.06910496950149536
27,0.9,,,,insightface_bbox,0.6399143934249878,0.0,627.26904296875,753.5778198242188,2485.540771484375,0,0,1,0,0,0,0,0,0,0,0,0,0.059421345591545105,0.04415912926197052,0.4332156181335449,0.07434698939323425,0.012318826280534267,0.02548120729625225,0.01635335013270378,0.03976961970329285,0.07103963196277618,0.05665377527475357,0.04948731139302254,0.07115806639194489
28,0.9333333333333333,,,,insightface_bbox,0.6399143934249878,0.0,627.26904296875,753.5778198242188,2485.540771484375,0,0,1,0,0,0,0,0,0,0,0,0,0.06322894245386124,0.04712841659784317,0.46324968338012695,0.07841998338699341,0.012763804756104946,0.02660244330763817,0.017391476780176163,0.03914907947182655,0.07128739356994629,0.05722282454371452,0.05633310228586197,0.0759412869811058
29,0.9666666666666667,,,,insightface_bbox,0.6399143934249878,0.0,627.26904296875,753.5778198242188,2485.540771484375,0,0,1,0,0,0,0,0,0,0,0,0,0.06372702121734619,0.046402037143707275,0.45129749178886414,0.07468384504318237,0.012851784937083721,0.02701641246676445,0.017685942351818085,0.03935587406158447,0.07349368184804916,0.05920754745602608,0.05866853520274162,0.07800398766994476
30,1.0,,,,insightface_bbox,0.6143175959587097,0.0,619.5841674804688,750.689453125,2511.88427734375,0,0,1,0,0,0,0,0,0,0,0,0,0.05985681712627411,0.045252855867147446,0.41450440883636475,0.07036621868610382,0.012946514412760735,0.028119869530200958,0.017391689121723175,0.04021820053458214,0.07050569355487823,0.0556965097784996,0.07475291192531586,0.08289305865764618
31,1.0333333333333334,,,,insightface_bbox,0.6143175959587097,0.0,619.5841674804688,750.689453125,2511.88427734375,0,0,1,0,0,0,0,0,0,0,0,0,0.05877440795302391,0.04314672574400902,0.43208613991737366,0.06561698019504547,0.013196680694818497,0.027851182967424393,0.017888598144054413,0.040815319865942,0.07119276374578476,0.055984705686569214,0.06583382189273834,0.07698872685432434
32,1.0666666666666667,,,,insightface_bbox,0.6143175959587097,0.0,619.5841674804688,750.689453125,2511.88427734375,0,0,1,0,0,0,0,0,0,0,0,0,0.052971724420785904,0.03800980746746063,0.3990468680858612,0.058166153728961945,0.011980878189206123,0.0256844162940979,0.016538986936211586,0.03909531235694885,0.07043125480413437,0.05466167628765106,0.05341728776693344,0.06801524758338928
33,1.1,,,,insightface_bbox,0.6143175959587097,0.0,619.5841674804688,750.689453125,2511.88427734375,0,0,1,0,0,0,0,0,0,0,0,0,0.0494476743042469,0.03506578132510185,0.35401731729507446,0.05149771273136139,0.011320597492158413,0.02463022619485855,0.015444002114236355,0.03781246766448021,0.06816411018371582,0.052792757749557495,0.044518403708934784,0.060960493981838226
34,1.1333333333333333,,,,insightface_bbox,0.6143175959587097,0.0,619.5841674804688,750.689453125,2511.88427734375,0,0,1,0,0,0,0,0,0,0,0,0,0.050209179520606995,0.03560773655772209,0.35050883889198303,0.053131550550460815,0.011343434453010559,0.02458403818309307,0.014976087026298046,0.03800791874527931,0.07044294476509094,0.05424525961279869,0.043028462678194046,0.061482321470975876
35,1.1666666666666667,,,,insightface_bbox,0.6143175959587097,0.0,619.5841674804688,750.689453125,2511.88427734375,0,0,1,0,0,0,0,0,0,0,0,0,0.04946570470929146,0.03516975790262222,0.34290966391563416,0.05193993076682091,0.011171190068125725,0.024249762296676636,0.014984989538788795,0.03737466037273407,0.06950849294662476,0.05345579981803894,0.04202701523900032,0.060526300221681595
36,1.2,,,,insightface_bbox,0.6424670219421387,0.0,650.0962524414062,734.7863159179688,2408.7548828125,0,0,1,0,0,0,0,0,0,0,0,0,0.0559050515294075,0.03953871876001358,0.39073747396469116,0.059212762862443924,0.011930977925658226,0.02741234563291073,0.016146089881658554,0.04041300714015961,0.07632004469633102,0.057531602680683136,0.05723957717418671,0.06851331144571304
37,1.2333333333333334,,,,insightface_bbox,0.6424670219421387,0.0,650.0962524414062,734.7863159179688,2408.7548828125,0,0,1,0,0,0,0,0,0,0,0,0,0.05558188632130623,0.04014665633440018,0.39024290442466736,0.06056278198957443,0.012005168944597244,0.02777334675192833,0.016498487442731857,0.040338754653930664,0.07605188339948654,0.057164452970027924,0.059840861707925797,0.07041069120168686
38,1.2666666666666666,,,,insightface_bbox,0.6424670219421387,0.0,650.0962524414062,734.7863159179688,2408.7548828125,0,0,1,0,0,0,0,0,0,0,0,0,0.05598737299442291,0.04068244993686676,0.374735563993454,0.06359611451625824,0.011791530065238476,0.02786986343562603,0.016973596066236496,0.04075371101498604,0.0759599357843399,0.05723685026168823,0.063133604824543,0.07333870232105255
39,1.3,,,,insightface_bbox,0.6424670219421387,0.0,650.0962524414062,734.7863159179688,2408.7548828125,0,0,1,0,0,0,0,0,0,0,0,0,0.05527343973517418,0.040154650807380676,0.3800753057003021,0.0629413053393364,0.011660348623991013,0.027538128197193146,0.017108837142586708,0.04093548282980919,0.07547294348478317,0.05702891945838928,0.0664665624499321,0.07384758442640305
40,1.3333333333333333,,,,insightface_bbox,0.6424670219421387,0.0,650.0962524414062,734.7863159179688,2408.7548828125,0,0,1,0,0,0,0,0,0,0,0,0,0.05674304440617561,0.04105924069881439,0.39101219177246094,0.06480546295642853,0.012148390524089336,0.027971461415290833,0.01799188181757927,0.03996537625789642,0.07380086183547974,0.05762629583477974,0.07134498655796051,0.07789267599582672
41,1.3666666666666667,,,,insightface_bbox,0.6424670219421387,0.0,650.0962524414062,734.7863159179688,2408.7548828125,0,0,1,0,0,0,0,0,0,0,0,0,0.06050843000411987,0.04384608939290047,0.42799603939056396,0.06321384757757187,0.01311437413096428,0.030325457453727722,0.019825035706162453,0.041044000536203384,0.07395670562982559,0.056760892271995544,0.08479270339012146,0.08837592601776123
42,1.4,,,,insightface_bbox,0.6313436627388,0.0,620.9320068359375,731.0594482421875,2509.26611328125,0,0,1,0,0,0,0,0,0,0,0,0,0.05755620449781418,0.04084712266921997,0.3926154673099518,0.05418800562620163,0.011722804047167301,0.029239531606435776,0.018202465027570724,0.03908994793891907,0.0692409947514534,0.05374839901924133,0.10148399323225021,0.09118618071079254
43,1.4333333333333333,,,,insightface_bbox,0.6313436627388,0.0,620.9320068359375,731.0594482421875,2509.26611328125,0,0,1,0,0,0,0,0,0,0,0,0,0.05315491929650307,0.03768116980791092,0.3645302355289459,0.05011022463440895,0.011469542980194092,0.02809382788836956,0.01700233481824398,0.0380435511469841,0.06959421187639236,0.05165331810712814,0.08567582815885544,0.07854209840297699
44,1.4666666666666666,,,,insightface_bbox,0.6313436627388,0.0,620.9320068359375,731.0594482421875,2509.26611328125,0,0,1,0,0,0,0,0,0,0,0,0,0.05293397232890129,0.03765866905450821,0.33850476145744324,0.05351042002439499,0.011598926037549973,0.028151392936706543,0.017658300697803497,0.04032593593001366,0.07233314961194992,0.05426240712404251,0.08417190611362457,0.07650072872638702
45,1.5,,,,insightface_bbox,0.6313436627388,0.0,620.9320068359375,731.0594482421875,2509.26611328125,0,0,1,0,0,0,0,0,0,0,0,0,0.051405880600214005,0.03625380992889404,0.29846838116645813,0.050923846662044525,0.011027785018086433,0.027349693700671196,0.016788195818662643,0.039565008133649826,0.07241730391979218,0.05446450412273407,0.0746954157948494,0.07285819947719574
46,1.5333333333333334,,,,insightface_bbox,0.6313436627388,0.0,620.9320068359375,731.0594482421875,2509.26611328125,0,0,1,0,0,0,0,0,0,0,0,0,0.05056226626038551,0.03528254106640816,0.279098242521286,0.048774514347314835,0.011106994934380054,0.02746059000492096,0.017052724957466125,0.040198758244514465,0.07265269011259079,0.055177755653858185,0.06961791217327118,0.0720146968960762
47,1.5666666666666667,,,,insightface_bbox,0.6313436627388,0.0,620.9320068359375,731.0594482421875,2509.26611328125,0,0,1,0,0,0,0,0,0,0,0,0,0.05074531212449074,0.03496469929814339,0.2761216163635254,0.04789244383573532,0.011201590299606323,0.02754920721054077,0.017450017854571342,0.040791600942611694,0.07349417358636856,0.0559958778321743,0.06974158436059952,0.07251285761594772
48,1.6,,,,insightface_bbox,0.6465157270431519,0.0,652.2574462890625,743.308837890625,2390.5791015625,0,0,1,0,0,0,0,0,0,0,0,0,0.054601673036813736,0.038513313978910446,0.3822396993637085,0.05693895369768143,0.012164708226919174,0.02768687531352043,0.018456626683473587,0.040761325508356094,0.0724845752120018,0.056370243430137634,0.05924910306930542,0.068235382437706
49,1.6333333333333333,,,,insightface_bbox,0.6465157270431519,0.0,652.2574462890625,743.308837890625,2390.5791015625,0,0,1,0,0,0,0,0,0,0,0,0,0.053912531584501266,0.037908121943473816,0.362384557723999,0.05458879843354225,0.011868799105286598,0.0272756926715374,0.018010422587394714,0.0402008555829525,0.0718516856431961,0.055070292204618454,0.05420482158660889,0.06522183865308762
50,1.6666666666666667,,,,insightface_bbox,0.6465157270431519,0.0,652.2574462890625,743.308837890625,2390.5791015625,0,0,1,0,0,0,0,0,0,0,0,0,0.05612108111381531,0.04025682061910629,0.3511650562286377,0.062455907464027405,0.012245401740074158,0.027895990759134293,0.018382130190730095,0.041479699313640594,0.07547669857740402,0.05840693414211273,0.06275831162929535,0.07677888870239258
51,1.7,,,,insightface_bbox,0.6465157270431519,0.0,652.2574462890625,743.308837890625,2390.5791015625,0,0,1,0,0,0,0,0,0,0,0,0,0.056937478482723236,0.04126027226448059,0.36061733961105347,0.06517612189054489,0.012380917556583881,0.027902789413928986,0.018595613539218903,0.0414578951895237,0.07502488046884537,0.05908667668700218,0.07215796411037445,0.08481189608573914
52,1.7333333333333334,,,,insightface_bbox,0.6465157270431519,0.0,652.2574462890625,743.308837890625,2390.5791015625,0,0,1,0,0,0,0,0,0,0,0,0,0.05884453281760216,0.043289344757795334,0.36564645171165466,0.06842859089374542,0.012689715251326561,0.028581541031599045,0.01970113441348076,0.04350144788622856,0.07498888671398163,0.06030527874827385,0.07531484216451645,0.09003295749425888
53,1.7666666666666666,,,,insightface_bbox,0.6465157270431519,0.0,652.2574462890625,743.308837890625,2390.5791015625,0,0,1,0,0,0,0,0,0,0,0,0,0.05990909785032272,0.04458002373576164,0.3784416913986206,0.07065626978874207,0.013066686689853668,0.02980668470263481,0.020793814212083817,0.04492497444152832,0.07685044407844543,0.06183089688420296,0.08161798864603043,0.09434029459953308
54,1.8,,,,insightface_bbox,0.6082699298858643,0.0,619.2008666992188,738.3016967773438,2494.249267578125,0,0,1,0,0,0,0,0,0,0,0,0,0.05559283867478371,0.03983135521411896,0.3370584547519684,0.056880444288253784,0.01174478605389595,0.028943847864866257,0.017757602035999298,0.041200004518032074,0.06973617523908615,0.05265536904335022,0.08756628632545471,0.08150072395801544
55,1.8333333333333333,,,,insightface_bbox,0.6082699298858643,0.0,619.2008666992188,738.3016967773438,2494.249267578125,0,0,1,0,0,0,0,0,0,0,0,0,0.055798597633838654,0.03858521953225136,0.3018709123134613,0.05440794304013252,0.011636227369308472,0.028889311477541924,0.018032170832157135,0.043580811470746994,0.07292889058589935,0.055880509316921234,0.07642960548400879,0.07602871209383011
56,1.8666666666666667,,,,insightface_bbox,0.6082699298858643,0.0,619.2008666992188,738.3016967773438,2494.249267578125,0,0,1,0,0,0,0,0,0,0,0,0,0.057026926428079605,0.03930635750293732,0.33519431948661804,0.054184652864933014,0.012758323922753334,0.03068826161324978,0.021433262154459953,0.045449189841747284,0.07652875036001205,0.05857624113559723,0.07264890521764755,0.07516748458147049
57,1.9,,,,insightface_bbox,0.6082699298858643,0.0,619.2008666992188,738.3016967773438,2494.249267578125,0,0,1,0,0,0,0,0,0,0,0,0,0.05651846155524254,0.0388711653649807,0.36239874362945557,0.052181683480739594,0.013091711327433586,0.03162343055009842,0.022038038820028305,0.04727889224886894,0.07989372313022614,0.06087963283061981,0.0808488205075264,0.0797060951590538
58,1.9333333333333333,,,,insightface_bbox,0.6082699298858643,0.0,619.2008666992188,738.3016967773438,2494.249267578125,0,0,1,0,0,0,0,0,0,0,0,0,0.056003689765930176,0.038412414491176605,0.3623943030834198,0.051405392587184906,0.01330482866615057,0.03140958398580551,0.021839484572410583,0.0476112999022007,0.08089561015367508,0.061675071716308594,0.081153005361557,0.08082850277423859
59,1.9666666666666666,,,,insightface_bbox,0.6082699298858643,0.0,619.2008666992188,738.3016967773438,2494.249267578125,0,0,1,0,0,0,0,0,0,0,0,0,0.058801230043172836,0.04088541120290756,0.3744017779827118,0.05779843032360077,0.013408894650638103,0.03189864009618759,0.021508457139134407,0.047953616827726364,0.08116225898265839,0.06369028240442276,0.08484192192554474,0.08528508991003036
60,2.0,,,,insightface_bbox,0.6156352162361145,0.0,625.3388061523438,745.2274780273438,2476.35400390625,0,0,1,0,0,0,0,0,0,0,0,0,0.05301712080836296,0.03783152624964714,0.32724764943122864,0.054224975407123566,0.011205497197806835,0.02596992813050747,0.015472359023988247,0.03968895226716995,0.06899868696928024,0.05441615730524063,0.05969297140836716,0.07106992602348328
61,2.033333333333333,,,,insightface_bbox,0.6156352162361145,0.0,625.3388061523438,745.2274780273438,2476.35400390625,0,0,1,0,0,0,0,0,0,0,0,0,0.05256997048854828,0.03759494423866272,0.3267746865749359,0.05506803095340729,0.011332647874951363,0.02633138746023178,0.016090793535113335,0.040091514587402344,0.07065869122743607,0.055049341171979904,0.06186208873987198,0.07077817618846893
62,2.066666666666667,,,,insightface_bbox,0.6156352162361145,0.0,625.3388061523438,745.2274780273438,2476.35400390625,0,0,1,0,0,0,0,0,0,0,0,0,0.05278986692428589,0.037557367235422134,0.3111777901649475,0.05723221227526665,0.011712981387972832,0.026666387915611267,0.016717219725251198,0.042358968406915665,0.0728413537144661,0.056642819195985794,0.0603683739900589,0.06907777488231659
63,2.1,,,,insightface_bbox,0.6156352162361145,0.0,625.3388061523438,745.2274780273438,2476.35400390625,0,0,1,0,0,0,0,0,0,0,0,0,0.0495600663125515,0.0350327268242836,0.279867023229599,0.05223287642002106,0.011169936507940292,0.02539890632033348,0.015550815500319004,0.04107518494129181,0.07324885576963425,0.055325962603092194,0.052302103489637375,0.062438152730464935
64,2.1333333333333333,,,,insightface_bbox,0.6156352162361145,0.0,625.3388061523438,745.2274780273438,2476.35400390625,0,0,1,0,0,0,0,0,0,0,0,0,0.051104046404361725,0.03607601672410965,0.29871609807014465,0.05386286973953247,0.011834503151476383,0.02590455859899521,0.016449488699436188,0.04228799045085907,0.07361926883459091,0.05634016916155815,0.05382527410984039,0.0643196776509285
65,2.1666666666666665,,,,insightface_bbox,0.6156352162361145,0.0,625.3388061523438,745.2274780273438,2476.35400390625,0,0,1,0,0,0,0,0,0,0,0,0,0.054182615131139755,0.03843925520777702,0.32457947731018066,0.06000332534313202,0.012128245085477829,0.02707156538963318,0.017458682879805565,0.04240740090608597,0.07445123046636581,0.058246273547410965,0.06178286299109459,0.07294236123561859
66,2.2,,,,insightface_bbox,0.6111204624176025,0.0,613.02392578125,746.7296752929688,2519.857666015625,0,0,1,0,0,0,0,0,0,0,0,0,0.05425029993057251,0.0382704958319664,0.32922232151031494,0.059708189219236374,0.012563392519950867,0.02709987573325634,0.01770285703241825,0.04121943935751915,0.07570812851190567,0.058914776891469955,0.06279999017715454,0.07502978295087814
67,2.2333333333333334,,,,insightface_bbox,0.6111204624176025,0.0,613.02392578125,746.7296752929688,2519.857666015625,0,0,1,0,0,0,0,0,0,0,0,0,0.05410607159137726,0.038144372403621674,0.33046597242355347,0.058841776102781296,0.012831488624215126,0.027638420462608337,0.01864004135131836,0.04169793426990509,0.07480327785015106,0.05953546240925789,0.06506272405385971,0.07700628787279129
68,2.2666666666666666,,,,insightface_bbox,0.6111204624176025,0.0,613.02392578125,746.7296752929688,2519.857666015625,0,0,1,0,0,0,0,0,0,0,0,0,0.05002828314900398,0.03537125512957573,0.3052169382572174,0.05445495620369911,0.01162539329379797,0.02583116665482521,0.016174497082829475,0.03983378782868385,0.07268331944942474,0.05718650296330452,0.05340946838259697,0.06779374927282333
69,2.3,,,,insightface_bbox,0.6111204624176025,0.0,613.02392578125,746.7296752929688,2519.857666015625,0,0,1,0,0,0,0,0,0,0,0,0,0.046193528920412064,0.03227430582046509,0.26270514726638794,0.0465829074382782,0.010760868899524212,0.023930106312036514,0.014547163620591164,0.041179005056619644,0.07107426226139069,0.0559733584523201,0.04056805372238159,0.06077250838279724
70,2.3333333333333335,,,,insightface_bbox,0.6111204624176025,0.0,613.02392578125,746.7296752929688,2519.857666015625,0,0,1,0,0,0,0,0,0,0,0,0,0.04302374646067619,0.030066875740885735,0.2676960229873657,0.04178524762392044,0.011327526532113552,0.024795159697532654,0.014988517388701439,0.04452626779675484,0.07470405101776123,0.05769279599189758,0.04696272686123848,0.06704279035329819
71,2.3666666666666667,,,,insightface_bbox,0.6111204624176025,0.0,613.02392578125,746.7296752929688,2519.857666015625,0,0,1,0,0,0,0,0,0,0,0,0,0.043479062616825104,0.03077513724565506,0.2951352894306183,0.04204303398728371,0.012120760977268219,0.02607695385813713,0.016346203163266182,0.0473446361720562,0.07740256190299988,0.06006840988993645,0.05026884004473686,0.0701877698302269
72,2.4,,,,insightface_bbox,0.6686355471611023,0.0,671.1253662109375,735.291015625,2379.06494140625,0,0,1,0,0,0,0,0,0,0,0,0,0.05080268159508705,0.03615832328796387,0.30718377232551575,0.050562672317028046,0.013559900224208832,0.030491121113300323,0.02130214497447014,0.054272186011075974,0.08771640062332153,0.06606581807136536,0.06517507135868073,0.07705742120742798
73,2.433333333333333,,,,insightface_bbox,0.6686355471611023,0.0,671.1253662109375,735.291015625,2379.06494140625,0,0,1,0,0,0,0,0,0,0,0,0,0.04958777874708176,0.03557867929339409,0.30889633297920227,0.050011567771434784,0.012859653681516647,0.029264574870467186,0.019022488966584206,0.05088915675878525,0.08630964905023575,0.06397324800491333,0.063627228140831,0.0733182430267334
74,2.466666666666667,,,,insightface_bbox,0.6686355471611023,0.0,671.1253662109375,735.291015625,2379.06494140625,0,0,1,0,0,0,0,0,0,0,0,0,0.04966846853494644,0.035686563700437546,0.30667173862457275,0.05025368183851242,0.012918885797262192,0.029838206246495247,0.01981327123939991,0.05150879919528961,0.08618541061878204,0.06289462000131607,0.0641937404870987,0.07428473979234695
75,2.5,,,,insightface_bbox,0.6686355471611023,0.0,671.1253662109375,735.291015625,2379.06494140625,0,0,1,0,0,0,0,0,0,0,0,0,0.05012688785791397,0.03652917221188545,0.3055344223976135,0.05232745409011841,0.013206681236624718,0.03049802966415882,0.02021624520421028,0.05149531364440918,0.0845499187707901,0.0620226189494133,0.06597669422626495,0.07621797919273376
76,2.533333333333333,,,,insightface_bbox,0.6686355471611023,0.0,671.1253662109375,735.291015625,2379.06494140625,0,0,1,0,0,0,0,0,0,0,0,0,0.04932546988129616,0.03582765907049179,0.301740825176239,0.05039495229721069,0.013069613836705685,0.03011368401348591,0.019823022186756134,0.050839219242334366,0.08391167968511581,0.061398349702358246,0.0628003478050232,0.07422976940870285
77,2.566666666666667,,,,insightface_bbox,0.6686355471611023,0.0,671.1253662109375,735.291015625,2379.06494140625,0,0,1,0,0,0,0,0,0,0,0,0,0.048591919243335724,0.03522735461592674,0.29842621088027954,0.04887283593416214,0.013039197772741318,0.029709812253713608,0.020161986351013184,0.052244286984205246,0.08532923460006714,0.06258508563041687,0.06139450520277023,0.07300949841737747
78,2.6,,,,insightface_bbox,0.6573231816291809,0.0,666.8675537109375,742.4056396484375,2378.427490234375,0,0,1,0,0,0,0,0,0,0,0,0,0.044139619916677475,0.03109041415154934,0.26945140957832336,0.040697526186704636,0.011180016212165356,0.025294145569205284,0.015080180019140244,0.044191405177116394,0.07671979069709778,0.058274172246456146,0.04593227803707123,0.062077052891254425
79,2.6333333333333333,,,,insightface_bbox,0.6573231816291809,0.0,666.8675537109375,742.4056396484375,2378.427490234375,0,0,1,0,0,0,0,0,0,0,0,0,0.0472341813147068,0.03289712965488434,0.28182142972946167,0.04433204233646393,0.010812087915837765,0.024703096598386765,0.014018294401466846,0.03993598744273186,0.07136142253875732,0.05525629594922066,0.049923062324523926,0.0650237500667572
80,2.6666666666666665,,,,insightface_bbox,0.6573231816291809,0.0,666.8675537109375,742.4056396484375,2378.427490234375,0,0,1,0,0,0,0,0,0,0,0,0,0.04883899539709091,0.034087520092725754,0.28008174896240234,0.046231430023908615,0.01096869446337223,0.025188297033309937,0.014609362930059433,0.040267784148454666,0.07184887677431107,0.055801812559366226,0.05024367570877075,0.0650155246257782
81,2.7,,,,insightface_bbox,0.6573231816291809,0.0,666.8675537109375,742.4056396484375,2378.427490234375,0,0,1,0,0,0,0,0,0,0,0,0,0.04651201516389847,0.033152978867292404,0.29245978593826294,0.045117851346731186,0.011075538583099842,0.025510210543870926,0.014615865424275398,0.041019994765520096,0.07371216267347336,0.056323859840631485,0.05001689866185188,0.06322769075632095
82,2.7333333333333334,,,,insightface_bbox,0.6573231816291809,0.0,666.8675537109375,742.4056396484375,2378.427490234375,0,0,1,0,0,0,0,0,0,0,0,0,0.044157542288303375,0.031155308708548546,0.2955176830291748,0.04041595011949539,0.011535659432411194,0.02540547400712967,0.015662137418985367,0.04268765449523926,0.0754050612449646,0.05760519206523895,0.047470226883888245,0.06234815716743469
83,2.7666666666666666,,,,insightface_bbox,0.6573231816291809,0.0,666.8675537109375,742.4056396484375,2378.427490234375,0,0,1,0,0,0,0,0,0,0,0,0,0.0447268970310688,0.03141273558139801,0.2868396043777466,0.04109910875558853,0.011822282336652279,0.02619055286049843,0.016544930636882782,0.04612625390291214,0.07947182655334473,0.060351599007844925,0.047514233738183975,0.06350979954004288
84,2.8,,,,insightface_bbox,0.6548921465873718,0.0,657.5416870117188,741.0891723632812,2402.257568359375,0,0,1,0,0,0,0,0,0,0,0,0,0.05242291837930679,0.03635651245713234,0.2940884828567505,0.048621710389852524,0.012746600434184074,0.03172836825251579,0.021410228684544563,0.050200264900922775,0.08903492242097855,0.06608888506889343,0.0796656385064125,0.08339986205101013
85,2.8333333333333335,,,,insightface_bbox,0.6548921465873718,0.0,657.5416870117188,741.0891723632812,2402.257568359375,0,0,1,0,0,0,0,0,0,0,0,0,0.05189842730760574,0.03616659343242645,0.27887779474258423,0.049034636467695236,0.012366285547614098,0.031526871025562286,0.02079465426504612,0.048722099512815475,0.08925150334835052,0.06529290229082108,0.07709182053804398,0.08230079710483551
86,2.8666666666666667,,,,insightface_bbox,0.6548921465873718,0.0,657.5416870117188,741.0891723632812,2402.257568359375,0,0,1,0,0,0,0,0,0,0,0,0,0.05151893571019173,0.03544904664158821,0.27571728825569153,0.0471779927611351,0.012159507721662521,0.031217820942401886,0.020634926855564117,0.0476766936480999,0.08795357495546341,0.06419724225997925,0.07527990639209747,0.07979995012283325
87,2.9,,,,insightface_bbox,0.6548921465873718,0.0,657.5416870117188,741.0891723632812,2402.257568359375,0,0,1,0,0,0,0,0,0,0,0,0,0.05199491232633591,0.03601375222206116,0.2686963975429535,0.04845505952835083,0.01247025653719902,0.0316162109375,0.021630916744470596,0.04976223409175873,0.09163050353527069,0.06697775423526764,0.07247132062911987,0.07917693257331848
88,2.933333333333333,,,,insightface_bbox,0.6548921465873718,0.0,657.5416870117188,741.0891723632812,2402.257568359375,0,0,1,0,0,0,0,0,0,0,0,0,0.051986198872327805,0.03614072874188423,0.27161332964897156,0.04876122251152992,0.01264356542378664,0.03196230158209801,0.022101374343037605,0.05089569091796875,0.09268906712532043,0.06760205328464508,0.07482770085334778,0.08097070455551147
89,2.966666666666667,,,,insightface_bbox,0.6548921465873718,0.0,657.5416870117188,741.0891723632812,2402.257568359375,0,0,1,0,0,0,0,0,0,0,0,0,0.050433553755283356,0.035054098814725876,0.2740648090839386,0.046133555471897125,0.012721586041152477,0.031587157398462296,0.021179357543587685,0.04987340420484543,0.09106948226690292,0.06556527316570282,0.07516621053218842,0.08104879409074783
90,3.0,,,,insightface_bbox,0.664193332195282,0.0,667.9107055664062,722.8248291015625,2388.574462890625,0,0,1,0,0,0,0,0,0,0,0,0,0.03931315243244171,0.026514099910855293,0.29056650400161743,0.030126076191663742,0.010671062394976616,0.02497057430446148,0.013900374993681908,0.043894924223423004,0.08047592639923096,0.051459889858961105,0.07468373328447342,0.06253742426633835
91,3.033333333333333,,,,insightface_bbox,0.664193332195282,0.0,667.9107055664062,722.8248291015625,2388.574462890625,0,0,1,0,0,0,0,0,0,0,0,0,0.03988261893391609,0.026760142296552658,0.28044629096984863,0.030607275664806366,0.010586628690361977,0.025040704756975174,0.013785595074295998,0.044902246445417404,0.08189738541841507,0.05249014124274254,0.0709557831287384,0.06142733618617058
92,3.066666666666667,,,,insightface_bbox,0.664193332195282,0.0,667.9107055664062,722.8248291015625,2388.574462890625,0,0,1,0,0,0,0,0,0,0,0,0,0.039321575313806534,0.02615790069103241,0.29002833366394043,0.029257332906126976,0.010491088964045048,0.024548694491386414,0.013759593479335308,0.04336778447031975,0.07978498190641403,0.050806187093257904,0.06794921308755875,0.05931507796049118
93,3.1,,,,insightface_bbox,0.664193332195282,0.0,667.9107055664062,722.8248291015625,2388.574462890625,0,0,1,0,0,0,0,0,0,0,0,0,0.03924929350614548,0.02608327567577362,0.2936113774776459,0.028604136779904366,0.010394529439508915,0.02441287972033024,0.014035734347999096,0.042205456644296646,0.07928955554962158,0.05050674080848694,0.06608204543590546,0.05767306312918663
94,3.1333333333333333,,,,insightface_bbox,0.664193332195282,0.0,667.9107055664062,722.8248291015625,2388.574462890625,0,0,1,0,0,0,0,0,0,0,0,0,0.04034744203090668,0.026771964505314827,0.3067378103733063,0.02934148721396923,0.010592110455036163,0.02477831020951271,0.01420094259083271,0.038640283048152924,0.07523975521326065,0.04927779734134674,0.0684342235326767,0.058654993772506714
95,3.1666666666666665,,,,insightface_bbox,0.664193332195282,0.0,667.9107055664062,722.8248291015625,2388.574462890625,0,0,1,0,0,0,0,0,0,0,0,0,0.04549611359834671,0.030294328927993774,0.32132571935653687,0.03492381051182747,0.01122851949185133,0.02613871544599533,0.015222260728478432,0.038030531257390976,0.07318370789289474,0.05091320350766182,0.07852926850318909,0.0726005807518959
96,3.2,,,,insightface_bbox,0.6106827855110168,0.0,614.8305053710938,738.6888427734375,2530.917236328125,0,0,1,0,0,0,0,0,0,0,0,0,0.054865069687366486,0.038469914346933365,0.296804279088974,0.05476202443242073,0.011414369568228722,0.026186417788267136,0.015902036800980568,0.041390761733055115,0.07672310620546341,0.05928926169872284,0.054117023944854736,0.07197833061218262
97,3.2333333333333334,,,,insightface_bbox,0.6106827855110168,0.0,614.8305053710938,738.6888427734375,2530.917236328125,0,0,1,0,0,0,0,0,0,0,0,0,0.05279826000332832,0.03689848259091377,0.2850961983203888,0.0508594736456871,0.011602375656366348,0.026423092931509018,0.016145585104823112,0.04274052008986473,0.0760832130908966,0.059357043355703354,0.0502997487783432,0.06747493892908096
98,3.2666666666666666,,,,insightface_bbox,0.6106827855110168,0.0,614.8305053710938,738.6888427734375,2530.917236328125,0,0,1,0,0,0,0,0,0,0,0,0,0.05262747406959534,0.03711633011698723,0.2820618748664856,0.053799208253622055,0.012236539274454117,0.028205543756484985,0.01826031506061554,0.04511113464832306,0.08041784167289734,0.06155826896429062,0.051389023661613464,0.064628005027771
99,3.3,,,,insightface_bbox,0.6106827855110168,0.0,614.8305053710938,738.6888427734375,2530.917236328125,0,0,1,0,0,0,0,0,0,0,0,0,0.05082569271326065,0.035815298557281494,0.2845475971698761,0.05161013826727867,0.011776506900787354,0.027163390070199966,0.01717277802526951,0.04329000040888786,0.07840309292078018,0.05893121659755707,0.049429960548877716,0.06250404566526413
100,3.3333333333333335,,,,insightface_bbox,0.6106827855110168,0.0,614.8305053710938,738.6888427734375,2530.917236328125,0,0,1,0,0,0,0,0,0,0,0,0,0.049236174672842026,0.03460482135415077,0.275433748960495,0.04932723939418793,0.011447368189692497,0.02660973370075226,0.016522865742444992,0.042931221425533295,0.07917830348014832,0.059296246618032455,0.04834779351949692,0.06163961440324783
101,3.3666666666666667,,,,insightface_bbox,0.6106827855110168,0.0,614.8305053710938,738.6888427734375,2530.917236328125,0,0,1,0,0,0,0,0,0,0,0,0,0.048596300184726715,0.034178268164396286,0.26853230595588684,0.04837200045585632,0.011406129226088524,0.026361852884292603,0.01655524969100952,0.04290113225579262,0.0781671553850174,0.058706045150756836,0.04801321402192116,0.06191294640302658
102,3.4,,,,insightface_bbox,0.6618250608444214,0.0,669.0066528320312,737.9111938476562,2386.1748046875,0,0,1,0,0,0,0,0,0,0,0,0,0.045615579932928085,0.032263632863759995,0.2437220811843872,0.04427061229944229,0.011087285354733467,0.024860940873622894,0.015491575002670288,0.04031044989824295,0.07382382452487946,0.056566767394542694,0.041380058974027634,0.059394754469394684
103,3.433333333333333,,,,insightface_bbox,0.6618250608444214,0.0,669.0066528320312,737.9111938476562,2386.1748046875,0,0,1,0,0,0,0,0,0,0,0,0,0.04531126841902733,0.03202824294567108,0.2575450539588928,0.04301164671778679,0.01082079578191042,0.02454233542084694,0.015083950944244862,0.039866041392087936,0.07316026091575623,0.05509600788354874,0.041068367660045624,0.057737357914447784
104,3.466666666666667,,,,insightface_bbox,0.6618250608444214,0.0,669.0066528320312,737.9111938476562,2386.1748046875,0,0,1,0,0,0,0,0,0,0,0,0,0.045545924454927444,0.03213457390666008,0.2634378671646118,0.043115101754665375,0.010934793390333652,0.02492753602564335,0.015171634033322334,0.04033476859331131,0.07532057166099548,0.05641631782054901,0.04320815950632095,0.05884280800819397
105,3.5,,,,insightface_bbox,0.6618250608444214,0.0,669.0066528320312,737.9111938476562,2386.1748046875,0,0,1,0,0,0,0,0,0,0,0,0,0.04485919326543808,0.031647250056266785,0.2559852600097656,0.042486876249313354,0.010909153148531914,0.024653227999806404,0.015239110216498375,0.040112413465976715,0.0743565559387207,0.05547910928726196,0.039821822196245193,0.05676049366593361
106,3.533333333333333,,,,insightface_bbox,0.6618250608444214,0.0,669.0066528320312,737.9111938476562,2386.1748046875,0,0,1,0,0,0,0,0,0,0,0,0,0.04533225670456886,0.03184865415096283,0.259529709815979,0.04295259714126587,0.010901697911322117,0.024655554443597794,0.015298468992114067,0.0400003045797348,0.07389054447412491,0.05524188280105591,0.039633382111787796,0.05630010366439819
107,3.566666666666667,,,,insightface_bbox,0.6618250608444214,0.0,669.0066528320312,737.9111938476562,2386.1748046875,0,0,1,0,0,0,0,0,0,0,0,0,0.046796780079603195,0.03269015997648239,0.26930513978004456,0.04487108439207077,0.011076044291257858,0.02501516044139862,0.015939829871058464,0.04004883021116257,0.07374776899814606,0.05488846078515053,0.040837232023477554,0.057537272572517395
108,3.6,,,,insightface_bbox,0.6517626643180847,0.0,649.2511596679688,731.1461791992188,2449.28173828125,0,0,1,0,0,0,0,0,0,0,0,0,0.04628355801105499,0.031456951051950455,0.23828358948230743,0.04019750654697418,0.010792182758450508,0.028110964223742485,0.017454072833061218,0.04077287018299103,0.07830288261175156,0.057749006897211075,0.05937863513827324,0.06345999985933304
109,3.6333333333333333,,,,insightface_bbox,0.6517626643180847,0.0,649.2511596679688,731.1461791992188,2449.28173828125,0,0,1,0,0,0,0,0,0,0,0,0,0.045064520090818405,0.030569544062018394,0.22276926040649414,0.03817757964134216,0.010516303591430187,0.027051197364926338,0.016839582473039627,0.0400964617729187,0.07508961856365204,0.055397991091012955,0.05415797978639603,0.05948958918452263
110,3.6666666666666665,,,,insightface_bbox,0.6517626643180847,0.0,649.2511596679688,731.1461791992188,2449.28173828125,0,0,1,0,0,0,0,0,0,0,0,0,0.04593206197023392,0.031111016869544983,0.22495025396347046,0.03863275423645973,0.010579739697277546,0.027311185374855995,0.01738528534770012,0.040816012769937515,0.07509394735097885,0.055429212749004364,0.05201287195086479,0.05909708887338638
111,3.7,,,,insightface_bbox,0.6517626643180847,0.0,649.2511596679688,731.1461791992188,2449.28173828125,0,0,1,0,0,0,0,0,0,0,0,0,0.04670461639761925,0.031365055590867996,0.23035405576229095,0.03778497129678726,0.010847385041415691,0.027468141168355942,0.01776747591793537,0.04070526361465454,0.07370211184024811,0.05490332469344139,0.05240209400653839,0.05912552773952484
112,3.7333333333333334,,,,insightface_bbox,0.6517626643180847,0.0,649.2511596679688,731.1461791992188,2449.28173828125,0,0,1,0,0,0,0,0,0,0,0,0,0.04627468064427376,0.03122323378920555,0.22489427030086517,0.0371120423078537,0.010729057714343071,0.02725270576775074,0.017614062875509262,0.04041270166635513,0.07304147630929947,0.0549183115363121,0.05287066847085953,0.058919716626405716
113,3.7666666666666666,,,,insightface_bbox,0.6517626643180847,0.0,649.2511596679688,731.1461791992188,2449.28173828125,0,0,1,0,0,0,0,0,0,0,0,0,0.046482473611831665,0.031536735594272614,0.23547977209091187,0.03714131936430931,0.010775254108011723,0.027403298765420914,0.0179428793489933,0.040832072496414185,0.07350096851587296,0.055104587227106094,0.0546148344874382,0.06015070155262947
114,3.8,,,,insightface_bbox,0.668394923210144,0.0,654.150390625,732.2052001953125,2426.74462890625,0,0,1,0,0,0,0,0,0,0,0,0,0.052135586738586426,0.03591761738061905,0.26805493235588074,0.04586802423000336,0.011777246370911598,0.028942802920937538,0.01903282105922699,0.04381288215517998,0.07688876986503601,0.05798705294728279,0.05476868897676468,0.06403938680887222
115,3.8333333333333335,,,,insightface_bbox,0.668394923210144,0.0,654.150390625,732.2052001953125,2426.74462890625,0,0,1,0,0,0,0,0,0,0,0,0,0.05537617951631546,0.03783155977725983,0.2934659719467163,0.04968307912349701,0.012131927534937859,0.030199598520994186,0.02033928595483303,0.044852834194898605,0.07795830070972443,0.0589279904961586,0.05765582621097565,0.0665966272354126
116,3.8666666666666667,,,,insightface_bbox,0.668394923210144,0.0,654.150390625,732.2052001953125,2426.74462890625,0,0,1,0,0,0,0,0,0,0,0,0,0.05493924394249916,0.03809991851449013,0.26436689496040344,0.05197969824075699,0.012400845065712929,0.03104964643716812,0.022023899480700493,0.04670541360974312,0.08060391247272491,0.06143468618392944,0.06063545495271683,0.06946679949760437
117,3.9,,,,insightface_bbox,0.668394923210144,0.0,654.150390625,732.2052001953125,2426.74462890625,0,0,1,0,0,0,0,0,0,0,0,0,0.05397408828139305,0.037787921726703644,0.25941407680511475,0.05237423628568649,0.012189066037535667,0.030688714236021042,0.021042417734861374,0.046338532119989395,0.08283725380897522,0.062330108135938644,0.062169283628463745,0.07039027661085129
118,3.933333333333333,,,,insightface_bbox,0.668394923210144,0.0,654.150390625,732.2052001953125,2426.74462890625,0,0,1,0,0,0,0,0,0,0,0,0,0.05442483350634575,0.03753563389182091,0.26889944076538086,0.05085308849811554,0.012473607435822487,0.03151598572731018,0.02261456474661827,0.048304181545972824,0.08495950698852539,0.06371171772480011,0.06311365962028503,0.07200498878955841
119,3.966666666666667,,,,insightface_bbox,0.668394923210144,0.0,654.150390625,732.2052001953125,2426.74462890625,0,0,1,0,0,0,0,0,0,0,0,0,0.05384327843785286,0.03712643310427666,0.27378523349761963,0.05000391602516174,0.012729865498840809,0.03154958784580231,0.023099202662706375,0.048931483179330826,0.08551748096942902,0.0643836259841919,0.06248747557401657,0.07192361354827881
120,4.0,,,,insightface_bbox,0.657073974609375,0.0,662.5480346679688,737.0745239257812,2372.938720703125,0,0,1,0,0,0,0,0,0,0,0,0,0.04547608643770218,0.03289845213294029,0.25723996758461,0.04481836408376694,0.011262113228440285,0.025306474417448044,0.016697686165571213,0.04420270770788193,0.07479088008403778,0.05743904039263725,0.039131008088588715,0.0565624013543129
121,4.033333333333333,,,,insightface_bbox,0.657073974609375,0.0,662.5480346679688,737.0745239257812,2372.938720703125,0,0,1,0,0,0,0,0,0,0,0,0,0.04778115451335907,0.03394173085689545,0.277914434671402,0.04760635644197464,0.01135789230465889,0.026053138077259064,0.016591215506196022,0.04347579553723335,0.07555095851421356,0.056182846426963806,0.0418396070599556,0.05602949112653732
122,4.066666666666666,,,,insightface_bbox,0.657073974609375,0.0,662.5480346679688,737.0745239257812,2372.938720703125,0,0,1,0,0,0,0,0,0,0,0,0,0.04863604158163071,0.03461140766739845,0.2868505120277405,0.04884926229715347,0.011587758548557758,0.02676268294453621,0.01720619574189186,0.04442185163497925,0.07676353305578232,0.05714382231235504,0.04421474039554596,0.057815294712781906
123,4.1,,,,insightface_bbox,0.657073974609375,0.0,662.5480346679688,737.0745239257812,2372.938720703125,0,0,1,0,0,0,0,0,0,0,0,0,0.048060063272714615,0.0343228243291378,0.2848956286907196,0.0481802262365818,0.011492724530398846,0.02658541314303875,0.016970466822385788,0.04386802017688751,0.07641974091529846,0.05697119981050491,0.04392345994710922,0.05746151879429817
124,4.133333333333334,,,,insightface_bbox,0.657073974609375,0.0,662.5480346679688,737.0745239257812,2372.938720703125,0,0,1,0,0,0,0,0,0,0,0,0,0.047581516206264496,0.033949870616197586,0.2767242193222046,0.04749837517738342,0.011332463473081589,0.026364881545305252,0.016820276156067848,0.043507762253284454,0.07597984373569489,0.056469064205884933,0.043872393667697906,0.05728824436664581
125,4.166666666666667,,,,insightface_bbox,0.657073974609375,0.0,662.5480346679688,737.0745239257812,2372.938720703125,0,0,1,0,0,0,0,0,0,0,0,0,0.0480211079120636,0.03441650792956352,0.2915407419204712,0.0490545779466629,0.01147347129881382,0.02665710635483265,0.016926990821957588,0.043645910918712616,0.07664044201374054,0.05690377578139305,0.04484516382217407,0.05715160816907883
126,4.2,,,,insightface_bbox,0.6696704030036926,0.0,654.6202392578125,725.5380859375,2443.901611328125,0,0,1,0,0,0,0,0,0,0,0,0,0.04363621771335602,0.02946523018181324,0.259819358587265,0.035570986568927765,0.01015879213809967,0.025939812883734703,0.014503509737551212,0.03779446706175804,0.07499413192272186,0.052012331783771515,0.05980464816093445,0.058916639536619186
127,4.233333333333333,,,,insightface_bbox,0.6696704030036926,0.0,654.6202392578125,725.5380859375,2443.901611328125,0,0,1,0,0,0,0,0,0,0,0,0,0.04357685148715973,0.029553957283496857,0.256606787443161,0.03689691051840782,0.009993065148591995,0.025820191949605942,0.014120414853096008,0.03594847768545151,0.0739537924528122,0.05164312571287155,0.06211135536432266,0.059386808425188065
128,4.266666666666667,,,,insightface_bbox,0.6696704030036926,0.0,654.6202392578125,725.5380859375,2443.901611328125,0,0,1,0,0,0,0,0,0,0,0,0,0.04188449680805206,0.0283517986536026,0.2518325448036194,0.03522491827607155,0.009744372218847275,0.025156673043966293,0.01370728388428688,0.034571751952171326,0.07347480207681656,0.0508899949491024,0.062260109931230545,0.0583152174949646
129,4.3,,,,insightface_bbox,0.6696704030036926,0.0,654.6202392578125,725.5380859375,2443.901611328125,0,0,1,0,0,0,0,0,0,0,0,0,0.042413823306560516,0.028778858482837677,0.2523174583911896,0.036435846239328384,0.009716447442770004,0.025417601689696312,0.013790858909487724,0.03506878763437271,0.07401710748672485,0.0516442246735096,0.06353440880775452,0.0598536878824234
130,4.333333333333333,,,,insightface_bbox,0.6696704030036926,0.0,654.6202392578125,725.5380859375,2443.901611328125,0,0,1,0,0,0,0,0,0,0,0,0,0.04261600971221924,0.028744785115122795,0.25480157136917114,0.03588816523551941,0.009649993851780891,0.025126568973064423,0.013428702019155025,0.034385211765766144,0.0728917196393013,0.050543561577796936,0.060424115508794785,0.058043137192726135
131,4.366666666666666,,,,insightface_bbox,0.6696704030036926,0.0,654.6202392578125,725.5380859375,2443.901611328125,0,0,1,0,0,0,0,0,0,0,0,0,0.04388151690363884,0.029550736770033836,0.2572004795074463,0.03717470169067383,0.009770105592906475,0.02560064010322094,0.014630423858761787,0.03566683828830719,0.07432617992162704,0.05154191702604294,0.05960529297590256,0.059138230979442596
132,4.4,,,,insightface_bbox,0.6439017057418823,0.0,638.846923828125,733.4681396484375,2471.463623046875,0,0,1,0,0,0,0,0,0,0,0,0,0.04505019262433052,0.03045065514743328,0.2507518231868744,0.03768204525113106,0.009910999797284603,0.025131430476903915,0.015493284910917282,0.036812569946050644,0.07231840491294861,0.0526098757982254,0.053167231380939484,0.05871843546628952
133,4.433333333333334,,,,insightface_bbox,0.6439017057418823,0.0,638.846923828125,733.4681396484375,2471.463623046875,0,0,1,0,0,0,0,0,0,0,0,0,0.045139409601688385,0.03104151226580143,0.25062593817710876,0.038551878184080124,0.010031502693891525,0.02566790208220482,0.015121336095035076,0.0365094430744648,0.071071095764637,0.05179716274142265,0.05533702298998833,0.058757103979587555
134,4.466666666666667,,,,insightface_bbox,0.6439017057418823,0.0,638.846923828125,733.4681396484375,2471.463623046875,0,0,1,0,0,0,0,0,0,0,0,0,0.04457250237464905,0.03083942085504532,0.2473781406879425,0.037916336208581924,0.0100358035415411,0.02498069405555725,0.013986100442707539,0.03512946516275406,0.0669500082731247,0.049446508288383484,0.053104132413864136,0.05643150955438614
135,4.5,,,,insightface_bbox,0.6439017057418823,0.0,638.846923828125,733.4681396484375,2471.463623046875,0,0,1,0,0,0,0,0,0,0,0,0,0.04562187194824219,0.03160650283098221,0.2555047273635864,0.03924216702580452,0.010025350376963615,0.025627069175243378,0.014538346789777279,0.035661112517118454,0.06906059384346008,0.050854530185461044,0.05662130191922188,0.05856164172291756
136,4.533333333333333,,,,insightface_bbox,0.6439017057418823,0.0,638.846923828125,733.4681396484375,2471.463623046875,0,0,1,0,0,0,0,0,0,0,0,0,0.04551234841346741,0.031270865350961685,0.2737940549850464,0.038994353264570236,0.010013068094849586,0.0255415141582489,0.014741608873009682,0.035033490508794785,0.06928623467683792,0.05054904520511627,0.05413422733545303,0.05736463516950607
137,4.566666666666666,,,,insightface_bbox,0.6439017057418823,0.0,638.846923828125,733.4681396484375,2471.463623046875,0,0,1,0,0,0,0,0,0,0,0,0,0.043784189969301224,0.029894918203353882,0.24407178163528442,0.0378766693174839,0.009947516024112701,0.025527026504278183,0.014970456250011921,0.03512628749012947,0.07217153161764145,0.05210474506020546,0.05446317046880722,0.05833134800195694
138,4.6,,,,insightface_bbox,0.626909077167511,0.0,619.095703125,753.4954223632812,2545.193359375,0,0,1,0,0,0,0,0,0,0,0,0,0.04919550567865372,0.0343790128827095,0.27890855073928833,0.05167045071721077,0.011281531304121017,0.02409283071756363,0.01673699915409088,0.04112381488084793,0.073293536901474,0.056753214448690414,0.0334131121635437,0.05624420568346977
139,4.633333333333334,,,,insightface_bbox,0.626909077167511,0.0,619.095703125,753.4954223632812,2545.193359375,0,0,1,0,0,0,0,0,0,0,0,0,0.04845556244254112,0.03368253633379936,0.27121874690055847,0.05102402716875076,0.011265810579061508,0.024233831092715263,0.016628172248601913,0.0409998819231987,0.07397568225860596,0.05769151821732521,0.03276896849274635,0.056374579668045044
140,4.666666666666667,,,,insightface_bbox,0.626909077167511,0.0,619.095703125,753.4954223632812,2545.193359375,0,0,1,0,0,0,0,0,0,0,0,0,0.04799580201506615,0.03340747952461243,0.2639365494251251,0.05042608082294464,0.011262156069278717,0.02416262775659561,0.017078716307878494,0.04103947803378105,0.07329326868057251,0.05759946629405022,0.03168666735291481,0.05587499961256981
141,4.7,,,,insightface_bbox,0.626909077167511,0.0,619.095703125,753.4954223632812,2545.193359375,0,0,1,0,0,0,0,0,0,0,0,0,0.048113808035850525,0.03317970037460327,0.2670665979385376,0.048886269330978394,0.011091875843703747,0.0238554198294878,0.015955474227666855,0.03875607252120972,0.0731157585978508,0.05771863833069801,0.031283505260944366,0.05502525717020035
142,4.733333333333333,,,,insightface_bbox,0.626909077167511,0.0,619.095703125,753.4954223632812,2545.193359375,0,0,1,0,0,0,0,0,0,0,0,0,0.049648068845272064,0.03441321849822998,0.26136842370033264,0.05077878385782242,0.011055627837777138,0.024234557524323463,0.01590421237051487,0.03854364901781082,0.07295477390289307,0.05776544660329819,0.033078670501708984,0.057226844131946564
143,4.766666666666667,,,,insightface_bbox,0.626909077167511,0.0,619.095703125,753.4954223632812,2545.193359375,0,0,1,0,0,0,0,0,0,0,0,0,0.04989747330546379,0.034922145307064056,0.26438790559768677,0.05164036899805069,0.01097892876714468,0.02457967773079872,0.01636059582233429,0.03844918683171272,0.07290969789028168,0.05798806995153427,0.034259069710969925,0.05812890827655792
144,4.8,,,,insightface_bbox,0.6330238580703735,0.0,639.6409301757812,731.64404296875,2424.9423828125,0,0,1,0,0,0,0,0,0,0,0,0,0.05470433086156845,0.038682375103235245,0.30324268341064453,0.05906412750482559,0.011494812555611134,0.026815755292773247,0.01694619283080101,0.041389353573322296,0.0751752108335495,0.05860968679189682,0.047948747873306274,0.06264320015907288
145,4.833333333333333,,,,insightface_bbox,0.6330238580703735,0.0,639.6409301757812,731.64404296875,2424.9423828125,0,0,1,0,0,0,0,0,0,0,0,0,0.05572965741157532,0.03951164335012436,0.3041202127933502,0.0630064457654953,0.011820286512374878,0.02697157859802246,0.016716869547963142,0.04229023680090904,0.0774003267288208,0.06087438762187958,0.05117224529385567,0.06553343683481216
146,4.866666666666666,,,,insightface_bbox,0.6330238580703735,0.0,639.6409301757812,731.64404296875,2424.9423828125,0,0,1,0,0,0,0,0,0,0,0,0,0.0568234883248806,0.039828039705753326,0.2878379225730896,0.06451351940631866,0.012120187282562256,0.026882633566856384,0.016919134184718132,0.043799564242362976,0.07841218262910843,0.061579957604408264,0.04948541522026062,0.0651162713766098
147,4.9,,,,insightface_bbox,0.6330238580703735,0.0,639.6409301757812,731.64404296875,2424.9423828125,0,0,1,0,0,0,0,0,0,0,0,0,0.055735256522893906,0.038957443088293076,0.2764856517314911,0.06300006806850433,0.01213963981717825,0.027205171063542366,0.016658594831824303,0.044709332287311554,0.08147095143795013,0.06251469999551773,0.04998593032360077,0.06333166360855103
148,4.933333333333334,,,,insightface_bbox,0.6330238580703735,0.0,639.6409301757812,731.64404296875,2424.9423828125,0,0,1,0,0,0,0,0,0,0,0,0,0.05479325354099274,0.03755484148859978,0.2621546983718872,0.05702678859233856,0.011612790636718273,0.026795312762260437,0.016156762838363647,0.04369491711258888,0.0801401287317276,0.06092754006385803,0.044350333511829376,0.059056416153907776
149,4.966666666666667,,,,insightface_bbox,0.6330238580703735,0.0,639.6409301757812,731.64404296875,2424.9423828125,0,0,1,0,0,0,0,0,0,0,0,0,0.054808299988508224,0.03836023807525635,0.28576013445854187,0.05937407910823822,0.012055981904268265,0.02772894687950611,0.017117813229560852,0.043868206441402435,0.08028122782707214,0.061190202832221985,0.04629000648856163,0.06100045144557953
150,5.0,,,,insightface_bbox,0.6409394145011902,0.0,655.1857299804688,731.031982421875,2393.93359375,0,0,1,0,0,0,0,0,0,0,0,0,0.05574280023574829,0.03953389823436737,0.2975549101829529,0.061790548264980316,0.012237493880093098,0.028165558353066444,0.017917290329933167,0.04394025355577469,0.07889125496149063,0.061699528247117996,0.05175088346004486,0.06508195400238037
151,5.033333333333333,,,,insightface_bbox,0.6409394145011902,0.0,655.1857299804688,731.031982421875,2393.93359375,0,0,1,0,0,0,0,0,0,0,0,0,0.05467689037322998,0.038427650928497314,0.3010818362236023,0.05700531601905823,0.0119330994784832,0.027821380645036697,0.017979172989726067,0.043973103165626526,0.0795777216553688,0.06269574910402298,0.05451549217104912,0.06753288954496384
152,5.066666666666666,,,,insightface_bbox,0.6409394145011902,0.0,655.1857299804688,731.031982421875,2393.93359375,0,0,1,0,0,0,0,0,0,0,0,0,0.05607857555150986,0.03912091627717018,0.30896520614624023,0.05940457805991173,0.012265197932720184,0.028806189075112343,0.018629489466547966,0.04566602036356926,0.08162039518356323,0.06468454003334045,0.057222526520490646,0.06986038386821747
153,5.1,,,,insightface_bbox,0.6409394145011902,0.0,655.1857299804688,731.031982421875,2393.93359375,0,0,1,0,0,0,0,0,0,0,0,0,0.05691080540418625,0.039536360651254654,0.3224632441997528,0.06246011331677437,0.012732196599245071,0.028829168528318405,0.018908075988292694,0.04659457132220268,0.08324123919010162,0.06475308537483215,0.055750105530023575,0.06806664913892746
154,5.133333333333334,,,,insightface_bbox,0.6409394145011902,0.0,655.1857299804688,731.031982421875,2393.93359375,0,0,1,0,0,0,0,0,0,0,0,0,0.05382595956325531,0.03725993633270264,0.26309701800346375,0.058894213289022446,0.012316938489675522,0.027777496725320816,0.017773190513253212,0.04723159596323967,0.08622023463249207,0.06508652120828629,0.05001385509967804,0.06296344846487045
155,5.166666666666667,,,,insightface_bbox,0.6409394145011902,0.0,655.1857299804688,731.031982421875,2393.93359375,0,0,1,0,0,0,0,0,0,0,0,0,0.05632152780890465,0.03872247785329819,0.26472365856170654,0.060455434024333954,0.012357600033283234,0.028835700824856758,0.0189809687435627,0.047450099140405655,0.0883416160941124,0.06688807904720306,0.051620882004499435,0.06650087237358093
156,5.2,,,,insightface_bbox,0.6366316080093384,0.0,642.7907104492188,741.1226806640625,2451.033447265625,0,0,1,0,0,0,0,0,0,0,0,0,0.05662747099995613,0.03930119425058365,0.26803722977638245,0.06312816590070724,0.011841852217912674,0.027918990701436996,0.01775454543530941,0.04686758667230606,0.08709980547428131,0.06683473289012909,0.05319320037961006,0.06827640533447266
157,5.233333333333333,,,,insightface_bbox,0.6366316080093384,0.0,642.7907104492188,741.1226806640625,2451.033447265625,0,0,1,0,0,0,0,0,0,0,0,0,0.05708765611052513,0.03954358398914337,0.2663165330886841,0.06232643127441406,0.01210580114275217,0.027745358645915985,0.017537955194711685,0.04570232331752777,0.08672665804624557,0.06511688232421875,0.05130137503147125,0.06549113988876343
158,5.266666666666667,,,,insightface_bbox,0.6366316080093384,0.0,642.7907104492188,741.1226806640625,2451.033447265625,0,0,1,0,0,0,0,0,0,0,0,0,0.059605855494737625,0.04158691316843033,0.3016466498374939,0.06533362716436386,0.01219961792230606,0.027958784252405167,0.017951499670743942,0.04537951201200485,0.08265774697065353,0.06288615614175797,0.055653296411037445,0.068171925842762
159,5.3,,,,insightface_bbox,0.6366316080093384,0.0,642.7907104492188,741.1226806640625,2451.033447265625,0,0,1,0,0,0,0,0,0,0,0,0,0.06010841205716133,0.0419798269867897,0.315185010433197,0.06475508958101273,0.012170467525720596,0.027991589158773422,0.017729591578245163,0.04411939159035683,0.08090835809707642,0.06184440106153488,0.05654804781079292,0.06868191808462143
160,5.333333333333333,,,,insightface_bbox,0.6366316080093384,0.0,642.7907104492188,741.1226806640625,2451.033447265625,0,0,1,0,0,0,0,0,0,0,0,0,0.05998058244585991,0.04158945381641388,0.303493857383728,0.06489736586809158,0.012091592885553837,0.027986079454421997,0.01783481054008007,0.045357007533311844,0.08394788205623627,0.06397780030965805,0.05451122671365738,0.06855747103691101
161,5.366666666666666,,,,insightface_bbox,0.6366316080093384,0.0,642.7907104492188,741.1226806640625,2451.033447265625,0,0,1,0,0,0,0,0,0,0,0,0,0.05906073376536369,0.04060331732034683,0.2772723138332367,0.06385969370603561,0.011995431035757065,0.027843087911605835,0.01748337224125862,0.046250179409980774,0.08627660572528839,0.06477417051792145,0.05198727920651436,0.0665493905544281
162,5.4,,,,insightface_bbox,0.6513247489929199,0.0,645.4448852539062,737.29736328125,2460.515625,0,0,1,0,0,0,0,0,0,0,0,0,0.05911622196435928,0.0406399741768837,0.27951493859291077,0.06214642897248268,0.011772607453167439,0.028515728190541267,0.01841251365840435,0.04495764151215553,0.08655278384685516,0.06489953398704529,0.056281812489032745,0.06977346539497375
163,5.433333333333334,,,,insightface_bbox,0.6513247489929199,0.0,645.4448852539062,737.29736328125,2460.515625,0,0,1,0,0,0,0,0,0,0,0,0,0.058042947202920914,0.040031783282756805,0.2778874337673187,0.06040903180837631,0.011756256222724915,0.02836596965789795,0.018329866230487823,0.04399050027132034,0.08578214049339294,0.06362932175397873,0.053504034876823425,0.0660482868552208
164,5.466666666666667,,,,insightface_bbox,0.6513247489929199,0.0,645.4448852539062,737.29736328125,2460.515625,0,0,1,0,0,0,0,0,0,0,0,0,0.057145677506923676,0.03937624767422676,0.27214306592941284,0.0586339607834816,0.01149678137153387,0.02782271057367325,0.017965057864785194,0.04343031346797943,0.08546704053878784,0.06284885853528976,0.05182094871997833,0.06490878760814667
165,5.5,,,,insightface_bbox,0.6513247489929199,0.0,645.4448852539062,737.29736328125,2460.515625,0,0,1,0,0,0,0,0,0,0,0,0,0.055972859263420105,0.038426585495471954,0.2699452340602875,0.056386299431324005,0.011391356587409973,0.02767890691757202,0.01764337159693241,0.04275042191147804,0.08415479212999344,0.061681635677814484,0.0504145585000515,0.0626935139298439
166,5.533333333333333,,,,insightface_bbox,0.6513247489929199,0.0,645.4448852539062,737.29736328125,2460.515625,0,0,1,0,0,0,0,0,0,0,0,0,0.05800498649477959,0.040010787546634674,0.28747883439064026,0.05946635827422142,0.011989008635282516,0.02902521938085556,0.018816597759723663,0.044590793550014496,0.08564169704914093,0.06372441351413727,0.05442968010902405,0.06606503576040268
167,5.566666666666666,,,,insightface_bbox,0.6513247489929199,0.0,645.4448852539062,737.29736328125,2460.515625,0,0,1,0,0,0,0,0,0,0,0,0,0.05770242214202881,0.04032658413052559,0.3004738986492157,0.06058497726917267,0.012148558162152767,0.02919629029929638,0.018972432240843773,0.044329866766929626,0.08513958007097244,0.06339431554079056,0.05392184481024742,0.0649993047118187
168,5.6,,,,insightface_bbox,0.6488799452781677,0.0,634.6405639648438,742.4713134765625,2478.869140625,0,0,1,0,0,0,0,0,0,0,0,0,0.05225649103522301,0.03609123453497887,0.2760574519634247,0.055427201092243195,0.011347812600433826,0.025228409096598625,0.015961604192852974,0.040632206946611404,0.07697264105081558,0.05839557200670242,0.04078786075115204,0.05644842982292175
169,5.633333333333334,,,,insightface_bbox,0.6488799452781677,0.0,634.6405639648438,742.4713134765625,2478.869140625,0,0,1,0,0,0,0,0,0,0,0,0,0.05290331318974495,0.03651364892721176,0.2702591121196747,0.056489452719688416,0.011548865586519241,0.025356609374284744,0.016463417559862137,0.04193529114127159,0.07811734080314636,0.05842651426792145,0.04078230261802673,0.05592149496078491
170,5.666666666666667,,,,insightface_bbox,0.6488799452781677,0.0,634.6405639648438,742.4713134765625,2478.869140625,0,0,1,0,0,0,0,0,0,0,0,0,0.051575955003499985,0.035006213933229446,0.25806179642677307,0.05364159122109413,0.011319848708808422,0.02507951110601425,0.016698084771633148,0.04299521818757057,0.08161947876214981,0.061067551374435425,0.03856906294822693,0.054811716079711914
171,5.7,,,,insightface_bbox,0.6488799452781677,0.0,634.6405639648438,742.4713134765625,2478.869140625,0,0,1,0,0,0,0,0,0,0,0,0,0.053633853793144226,0.03660571202635765,0.2675071060657501,0.056171610951423645,0.011976132169365883,0.026489097625017166,0.017902091145515442,0.046303801238536835,0.08280742168426514,0.06277745962142944,0.04083201661705971,0.05833910405635834
172,5.733333333333333,,,,insightface_bbox,0.6488799452781677,0.0,634.6405639648438,742.4713134765625,2478.869140625,0,0,1,0,0,0,0,0,0,0,0,0,0.052517689764499664,0.03577471151947975,0.27235689759254456,0.05593707785010338,0.01178763248026371,0.02614854834973812,0.017374634742736816,0.04610592871904373,0.08263286203145981,0.061910174787044525,0.041458677500486374,0.05757848173379898
173,5.766666666666667,,,,insightface_bbox,0.6488799452781677,0.0,634.6405639648438,742.4713134765625,2478.869140625,0,0,1,0,0,0,0,0,0,0,0,0,0.051001377403736115,0.03545769304037094,0.2764517366886139,0.05559947341680527,0.012080490589141846,0.02617730014026165,0.017808720469474792,0.046296607702970505,0.07943730056285858,0.060092244297266006,0.04153524339199066,0.05859120190143585
174,5.8,,,,insightface_bbox,0.6507325172424316,0.0,630.678955078125,737.351806640625,2477.590576171875,0,0,1,0,0,0,0,0,0,0,0,0,0.05726105719804764,0.040193986147642136,0.29905280470848083,0.06346780806779861,0.012190747074782848,0.02736242115497589,0.01784166507422924,0.04457204043865204,0.08145490288734436,0.06161064654588699,0.053049273788928986,0.06491902470588684
175,5.833333333333333,,,,insightface_bbox,0.6507325172424316,0.0,630.678955078125,737.351806640625,2477.590576171875,0,0,1,0,0,0,0,0,0,0,0,0,0.06194654479622841,0.04305519908666611,0.3165307939052582,0.06624233722686768,0.011599721387028694,0.0277017280459404,0.017480144277215004,0.04197925329208374,0.07863600552082062,0.05856892466545105,0.055366262793540955,0.06853803247213364
176,5.866666666666666,,,,insightface_bbox,0.6507325172424316,0.0,630.678955078125,737.351806640625,2477.590576171875,0,0,1,0,0,0,0,0,0,0,0,0,0.061387624591588974,0.04269542545080185,0.3204802870750427,0.06474409997463226,0.011379022151231766,0.027459964156150818,0.01745639368891716,0.04098937660455704,0.0770932212471962,0.05703843757510185,0.056910667568445206,0.06783886253833771
177,5.9,,,,insightface_bbox,0.6507325172424316,0.0,630.678955078125,737.351806640625,2477.590576171875,0,0,1,0,0,0,0,0,0,0,0,0,0.06090220436453819,0.04272167384624481,0.31897687911987305,0.06553611904382706,0.011835708282887936,0.027920007705688477,0.01806599274277687,0.041781581938266754,0.0780167281627655,0.05784216895699501,0.054885897785425186,0.06539154797792435
178,5.933333333333334,,,,insightface_bbox,0.6507325172424316,0.0,630.678955078125,737.351806640625,2477.590576171875,0,0,1,0,0,0,0,0,0,0,0,0,0.06230234354734421,0.04377131909132004,0.3215174078941345,0.06784743815660477,0.012101120315492153,0.028466857969760895,0.01851728744804859,0.04220440238714218,0.07834088802337646,0.057791076600551605,0.05758706107735634,0.06786438822746277
179,5.966666666666667,,,,insightface_bbox,0.6507325172424316,0.0,630.678955078125,737.351806640625,2477.590576171875,0,0,1,0,0,0,0,0,0,0,0,0,0.06184854358434677,0.042950138449668884,0.33516860008239746,0.06481000781059265,0.011898290365934372,0.028128229081630707,0.01831112802028656,0.04127979278564453,0.07817178964614868,0.05726268142461777,0.0624510832130909,0.06889399141073227
180,6.0,,,,insightface_bbox,0.60004061460495,0.0,606.9591064453125,741.2841796875,2558.59423828125,0,0,1,0,0,0,0,0,0,0,0,0,0.05917714908719063,0.04138735681772232,0.3047260344028473,0.06655067205429077,0.013055101037025452,0.02656612917780876,0.017923368141055107,0.042490772902965546,0.0768096074461937,0.0618152879178524,0.04877437278628349,0.06868116557598114
181,6.033333333333333,,,,insightface_bbox,0.60004061460495,0.0,606.9591064453125,741.2841796875,2558.59423828125,0,0,1,0,0,0,0,0,0,0,0,0,0.05833953991532326,0.04024527966976166,0.3035576045513153,0.0641159638762474,0.012703826650977135,0.026369083672761917,0.016980890184640884,0.041292499750852585,0.07563232630491257,0.060682542622089386,0.04442816972732544,0.06638842821121216
182,6.066666666666666,,,,insightface_bbox,0.60004061460495,0.0,606.9591064453125,741.2841796875,2558.59423828125,0,0,1,0,0,0,0,0,0,0,0,0,0.05831730365753174,0.03993730992078781,0.30948227643966675,0.06493693590164185,0.012604034505784512,0.026386786252260208,0.01684042438864708,0.04090968519449234,0.07501847296953201,0.06024922803044319,0.045778755098581314,0.06629256904125214
183,6.1,,,,insightface_bbox,0.60004061460495,0.0,606.9591064453125,741.2841796875,2558.59423828125,0,0,1,0,0,0,0,0,0,0,0,0,0.05064051225781441,0.0349641852080822,0.2753233313560486,0.05367138236761093,0.011892848648130894,0.024919375777244568,0.016580352559685707,0.039539169520139694,0.07142236083745956,0.0564691387116909,0.03679570555686951,0.05711328238248825
184,6.133333333333334,,,,insightface_bbox,0.60004061460495,0.0,606.9591064453125,741.2841796875,2558.59423828125,0,0,1,0,0,0,0,0,0,0,0,0,0.04750730097293854,0.03371470794081688,0.2678471505641937,0.05072057619690895,0.012588521465659142,0.02587897703051567,0.018122276291251183,0.043504901230335236,0.07127673923969269,0.05895121023058891,0.03790157660841942,0.061573438346385956
185,6.166666666666667,,,,insightface_bbox,0.60004061460495,0.0,606.9591064453125,741.2841796875,2558.59423828125,0,0,1,0,0,0,0,0,0,0,0,0,0.047645606100559235,0.03337594121694565,0.2722945213317871,0.051388926804065704,0.012081030756235123,0.025919396430253983,0.017596017569303513,0.04269484058022499,0.07249568402767181,0.059397611767053604,0.03844596445560455,0.06180597469210625
186,6.2,,,,insightface_bbox,0.6709681749343872,0.0,671.9144287109375,723.316650390625,2363.34716796875,0,0,1,0,0,0,0,0,0,0,0,0,0.05622436851263046,0.038275692611932755,0.271304190158844,0.05526351183652878,0.013151419349014759,0.03239501267671585,0.02444291301071644,0.04993137717247009,0.09123021364212036,0.0677289217710495,0.06184641644358635,0.06846799701452255
187,6.233333333333333,,,,insightface_bbox,0.6709681749343872,0.0,671.9144287109375,723.316650390625,2363.34716796875,0,0,1,0,0,0,0,0,0,0,0,0,0.05871782451868057,0.03949197009205818,0.256205677986145,0.06313559412956238,0.012363627552986145,0.030207989737391472,0.020202279090881348,0.048025939613580704,0.09171988815069199,0.0660724937915802,0.0563129223883152,0.06797780096530914
188,6.266666666666667,,,,insightface_bbox,0.6709681749343872,0.0,671.9144287109375,723.316650390625,2363.34716796875,0,0,0,0,0,0,0,0,0,0,0,0,0.06195220723748207,0.04223546013236046,0.24647966027259827,0.06866808980703354,0.01299318391829729,0.032047320157289505,0.021140052005648613,0.05265052616596222,0.08920491486787796,0.0663343146443367,0.06898483633995056,0.07570439577102661
189,6.3,,,,insightface_bbox,0.6709681749343872,0.0,671.9144287109375,723.316650390625,2363.34716796875,0,0,1,0,0,0,0,0,0,0,0,0,0.06371379643678665,0.04252330958843231,0.25608813762664795,0.0668291375041008,0.013504685834050179,0.03296677768230438,0.022635646164417267,0.054305851459503174,0.09059931337833405,0.06718572974205017,0.0661136656999588,0.07605456560850143
190,6.333333333333333,,,,insightface_bbox,0.6709681749343872,0.0,671.9144287109375,723.316650390625,2363.34716796875,0,0,1,0,0,0,0,0,0,0,0,0,0.05922417715191841,0.039603862911462784,0.24967947602272034,0.06094585359096527,0.012874439358711243,0.03182585909962654,0.022041743621230125,0.05089458450675011,0.095028355717659,0.06935152411460876,0.05726289749145508,0.0706559345126152
191,6.366666666666666,,,,insightface_bbox,0.6709681749343872,0.0,671.9144287109375,723.316650390625,2363.34716796875,0,0,1,0,0,0,0,0,0,0,0,0,0.05857188627123833,0.038996607065200806,0.274201363325119,0.05799539014697075,0.012882592156529427,0.032323360443115234,0.02362131141126156,0.05134124308824539,0.09671985357999802,0.07069866359233856,0.05719955638051033,0.06960520148277283
192,6.4,,,,insightface_bbox,0.6634201407432556,0.0,676.6787109375,728.5905151367188,2363.810791015625,0,0,1,0,0,0,0,0,0,0,0,0,0.049250490963459015,0.03372545912861824,0.25979048013687134,0.048260971903800964,0.01247718557715416,0.026716049760580063,0.01871289312839508,0.0473044216632843,0.08288492262363434,0.06372339278459549,0.034499648958444595,0.05438339337706566
193,6.433333333333334,,,,insightface_bbox,0.6634201407432556,0.0,676.6787109375,728.5905151367188,2363.810791015625,0,0,1,0,0,0,0,0,0,0,0,0,0.05170125886797905,0.03389691561460495,0.27105942368507385,0.04875233769416809,0.011432182043790817,0.025257356464862823,0.016187462955713272,0.04305603355169296,0.07983118295669556,0.061423223465681076,0.03479811176657677,0.05507037043571472
194,6.466666666666667,,,,insightface_bbox,0.6634201407432556,0.0,676.6787109375,728.5905151367188,2363.810791015625,0,0,1,0,0,0,0,0,0,0,0,0,0.05737951025366783,0.038564302027225494,0.2983211874961853,0.06008496508002281,0.01236997451633215,0.026962295174598694,0.017445864155888557,0.04544079303741455,0.0832659900188446,0.06474173814058304,0.04585495591163635,0.063460573554039
195,6.5,,,,insightface_bbox,0.6634201407432556,0.0,676.6787109375,728.5905151367188,2363.810791015625,0,0,1,0,0,0,0,0,0,0,0,0,0.05450114607810974,0.036839745938777924,0.28113478422164917,0.054918285459280014,0.012156563811004162,0.0268133245408535,0.01737973466515541,0.04503859207034111,0.08499860018491745,0.06372039765119553,0.040518347173929214,0.05876881629228592
196,6.533333333333333,,,,insightface_bbox,0.6634201407432556,0.0,676.6787109375,728.5905151367188,2363.810791015625,0,0,1,0,0,0,0,0,0,0,0,0,0.05372125655412674,0.03609408810734749,0.2754049301147461,0.05370470881462097,0.011822962202131748,0.026571348309516907,0.017341243103146553,0.04484838247299194,0.08480200171470642,0.0628950297832489,0.038201846182346344,0.0564991757273674
197,6.566666666666666,,,,insightface_bbox,0.6634201407432556,0.0,676.6787109375,728.5905151367188,2363.810791015625,0,0,1,0,0,0,0,0,0,0,0,0,0.05197616666555405,0.034954801201820374,0.2639252245426178,0.051477544009685516,0.011712012812495232,0.025951888412237167,0.016929885372519493,0.04439066722989082,0.08375606685876846,0.06276306509971619,0.03653131425380707,0.05547157675027847
198,6.6,,,,insightface_bbox,0.6711410284042358,0.0,655.077392578125,714.0757446289062,2436.872314453125,0,0,1,0,0,0,0,0,0,0,0,0,0.040626559406518936,0.026129256933927536,0.23595187067985535,0.03220738470554352,0.009351728484034538,0.024486735463142395,0.011532624252140522,0.03475223854184151,0.07934415340423584,0.05250232666730881,0.06304015964269638,0.05565980449318886
199,6.633333333333334,,,,insightface_bbox,0.6711410284042358,0.0,655.077392578125,714.0757446289062,2436.872314453125,0,0,1,0,0,0,0,0,0,0,0,0,0.03968508914113045,0.025683296844363213,0.24585919082164764,0.03044911101460457,0.009631459601223469,0.02435946650803089,0.01142112072557211,0.03443807363510132,0.07656873017549515,0.050841305404901505,0.06225559860467911,0.05422469601035118
200,6.666666666666667,,,,insightface_bbox,0.6711410284042358,0.0,655.077392578125,714.0757446289062,2436.872314453125,0,0,1,0,0,0,0,0,0,0,0,0,0.03956259787082672,0.025200730189681053,0.23155120015144348,0.02925030142068863,0.00977114774286747,0.025185609236359596,0.012018758803606033,0.03626410663127899,0.07584545016288757,0.052426137030124664,0.06260975450277328,0.05410232022404671
201,6.7,,,,insightface_bbox,0.6711410284042358,0.0,655.077392578125,714.0757446289062,2436.872314453125,0,0,1,0,0,0,0,0,0,0,0,0,0.03961915522813797,0.025472214445471764,0.207355797290802,0.02976301871240139,0.009762066416442394,0.025513138622045517,0.012468638829886913,0.03778207302093506,0.0742083191871643,0.05272286385297775,0.0624244250357151,0.056495796889066696
202,6.733333333333333,,,,insightface_bbox,0.6711410284042358,0.0,655.077392578125,714.0757446289062,2436.872314453125,0,0,1,0,0,0,0,0,0,0,0,0,0.039362117648124695,0.02532409131526947,0.20212270319461823,0.02969895489513874,0.009673652239143848,0.024992598220705986,0.012575726956129074,0.03852516785264015,0.07343777269124985,0.0533960685133934,0.05898483097553253,0.055923447012901306
203,6.766666666666667,,,,insightface_bbox,0.6711410284042358,0.0,655.077392578125,714.0757446289062,2436.872314453125,0,0,1,0,0,0,0,0,0,0,0,0,0.03928288444876671,0.025377405807375908,0.1985234171152115,0.029992861673235893,0.009662991389632225,0.025034215301275253,0.01264399103820324,0.03898566961288452,0.0738304853439331,0.05372001230716705,0.05899392068386078,0.05664902180433273
204,6.8,,,,insightface_bbox,0.6610727310180664,0.0,657.93310546875,732.9765014648438,2389.828369140625,0,0,1,0,0,0,0,0,0,0,0,0,0.05344167724251747,0.03614671900868416,0.2627941370010376,0.05216538906097412,0.012088123708963394,0.028524275869131088,0.01919695734977722,0.046341076493263245,0.090977743268013,0.06672404706478119,0.04604015126824379,0.05930487811565399
205,6.833333333333333,,,,insightface_bbox,0.6610727310180664,0.0,657.93310546875,732.9765014648438,2389.828369140625,0,0,1,0,0,0,0,0,0,0,0,0,0.05406457185745239,0.03637339547276497,0.2828976511955261,0.05151008069515228,0.01269193459302187,0.030324697494506836,0.02094116061925888,0.04739305377006531,0.08969566226005554,0.0670161172747612,0.05123476684093475,0.06334497034549713
206,6.866666666666666,,,,insightface_bbox,0.6610727310180664,0.0,657.93310546875,732.9765014648438,2389.828369140625,0,0,1,0,0,0,0,0,0,0,0,0,0.056267112493515015,0.037867315113544464,0.29169678688049316,0.055038049817085266,0.013026336207985878,0.031176188960671425,0.021557854488492012,0.04839969798922539,0.09079630672931671,0.06869044154882431,0.05495888739824295,0.06734121590852737
207,6.9,,,,insightface_bbox,0.6610727310180664,0.0,657.93310546875,732.9765014648438,2389.828369140625,0,0,1,0,0,0,0,0,0,0,0,0,0.054324474185705185,0.03681857883930206,0.28297340869903564,0.052993614226579666,0.01260966993868351,0.03001389652490616,0.02028048038482666,0.0468093566596508,0.08951074630022049,0.06764403730630875,0.05218140780925751,0.06456308811903
208,6.933333333333334,,,,insightface_bbox,0.6610727310180664,0.0,657.93310546875,732.9765014648438,2389.828369140625,0,0,1,0,0,0,0,0,0,0,0,0,0.053371187299489975,0.03640436381101608,0.28432491421699524,0.05154067650437355,0.012492513284087181,0.029859261587262154,0.020126570016145706,0.04630503058433533,0.08929557353258133,0.06605767458677292,0.052878834307193756,0.06280886381864548
209,6.966666666666667,,,,insightface_bbox,0.6610727310180664,0.0,657.93310546875,732.9765014648438,2389.828369140625,0,0,1,0,0,0,0,0,0,0,0,0,0.05474802851676941,0.03699737787246704,0.2907628118991852,0.052563175559043884,0.012749448418617249,0.030259935185313225,0.020999111235141754,0.04696670174598694,0.08908559381961823,0.06656423211097717,0.05282653868198395,0.0646945908665657
210,7.0,,,,insightface_bbox,0.6452474594116211,0.0,656.55126953125,722.1754760742188,2375.18359375,0,0,1,0,0,0,0,0,0,0,0,0,0.05005365237593651,0.03361179679632187,0.2661157250404358,0.04285726696252823,0.011663062497973442,0.028850538656115532,0.018786348402500153,0.04131484776735306,0.08005816489458084,0.059361547231674194,0.05561995506286621,0.06182771921157837
211,7.033333333333333,,,,insightface_bbox,0.6452474594116211,0.0,656.55126953125,722.1754760742188,2375.18359375,0,0,1,0,0,0,0,0,0,0,0,0,0.052483752369880676,0.03571226820349693,0.27136969566345215,0.046890489757061005,0.011584131047129631,0.027998346835374832,0.01722288317978382,0.0405598059296608,0.0769510418176651,0.0579625740647316,0.06254572421312332,0.06710512191057205
212,7.066666666666666,,,,insightface_bbox,0.6452474594116211,0.0,656.55126953125,722.1754760742188,2375.18359375,0,0,1,0,0,0,0,0,0,0,0,0,0.052646949887275696,0.03539516031742096,0.290280818939209,0.04556071385741234,0.011349436827003956,0.028088632971048355,0.01683143898844719,0.039205774664878845,0.07645586878061295,0.055255718529224396,0.06503366678953171,0.06795107573270798
213,7.1,,,,insightface_bbox,0.6452474594116211,0.0,656.55126953125,722.1754760742188,2375.18359375,0,0,1,0,0,0,0,0,0,0,0,0,0.052094124257564545,0.035020023584365845,0.2700040638446808,0.04698209837079048,0.011244669556617737,0.027966687455773354,0.017331283539533615,0.039227187633514404,0.07879845052957535,0.057554006576538086,0.05564657971262932,0.06329125165939331
214,7.133333333333334,,,,insightface_bbox,0.6452474594116211,0.0,656.55126953125,722.1754760742188,2375.18359375,0,0,1,0,0,0,0,0,0,0,0,0,0.047416046261787415,0.031833820044994354,0.23615510761737823,0.043842919170856476,0.010450045578181744,0.025860995054244995,0.015545663423836231,0.038144245743751526,0.08181878924369812,0.058523569256067276,0.05083833262324333,0.05951950326561928
215,7.166666666666667,,,,insightface_bbox,0.6452474594116211,0.0,656.55126953125,722.1754760742188,2375.18359375,0,0,1,0,0,0,0,0,0,0,0,0,0.046434514224529266,0.030924711376428604,0.23099647462368011,0.04142298921942711,0.010210820473730564,0.025729075074195862,0.015288043767213821,0.03732025995850563,0.0810285359621048,0.057004187256097794,0.053113579750061035,0.059781208634376526
216,7.2,,,,insightface_bbox,0.6888427138328552,0.0,667.77294921875,722.2139282226562,2376.514892578125,0,0,1,0,0,0,0,0,0,0,0,0,0.05023326352238655,0.0334399975836277,0.2586742341518402,0.04641938582062721,0.01071107666939497,0.026954317465424538,0.016575198620557785,0.03874247148633003,0.08074398338794708,0.05930845066905022,0.05000339448451996,0.05991470813751221
217,7.233333333333333,,,,insightface_bbox,0.6888427138328552,0.0,667.77294921875,722.2139282226562,2376.514892578125,0,0,1,0,0,0,0,0,0,0,0,0,0.051584526896476746,0.03410334512591362,0.2667848467826843,0.045427098870277405,0.010855227708816528,0.027595961466431618,0.017405638471245766,0.0384671650826931,0.07878458499908447,0.05828823894262314,0.052714407444000244,0.05923327058553696
218,7.266666666666667,,,,insightface_bbox,0.6888427138328552,0.0,667.77294921875,722.2139282226562,2376.514892578125,0,0,1,0,0,0,0,0,0,0,0,0,0.05206802859902382,0.03443274274468422,0.26302871108055115,0.04658827558159828,0.010972050949931145,0.027974510565400124,0.017535429447889328,0.039121657609939575,0.07991570234298706,0.05915798991918564,0.054490458220243454,0.060526758432388306
219,7.3,,,,insightface_bbox,0.6888427138328552,0.0,667.77294921875,722.2139282226562,2376.514892578125,0,0,1,0,0,0,0,0,0,0,0,0,0.052878156304359436,0.03551620617508888,0.27478674054145813,0.04990404471755028,0.011224636808037758,0.028349541127681732,0.017694707959890366,0.039240773767232895,0.08113891631364822,0.05966027081012726,0.05706188082695007,0.06255292147397995
220,7.333333333333333,,,,insightface_bbox,0.6888427138328552,0.0,667.77294921875,722.2139282226562,2376.514892578125,0,0,1,0,0,0,0,0,0,0,0,0,0.05207701772451401,0.035864535719156265,0.2678402364253998,0.052187398076057434,0.011336233466863632,0.02813052572309971,0.01748209446668625,0.039298515766859055,0.0827871561050415,0.05986553430557251,0.06034029275178909,0.06527023017406464
221,7.366666666666666,,,,insightface_bbox,0.6888427138328552,0.0,667.77294921875,722.2139282226562,2376.514892578125,0,0,1,0,0,0,0,0,0,0,0,0,0.051636599004268646,0.03569134324789047,0.2451247274875641,0.052792079746723175,0.011028455570340157,0.027453400194644928,0.01614149659872055,0.03908462077379227,0.0852368101477623,0.06106027215719223,0.05877164006233215,0.06570476293563843
222,7.4,,,,insightface_bbox,0.6591583490371704,0.0,647.1934204101562,739.7999267578125,2399.3525390625,0,0,1,0,0,0,0,0,0,0,0,0,0.052598677575588226,0.03447090461850166,0.238676056265831,0.05285361781716347,0.01082015223801136,0.024932121858000755,0.01539779081940651,0.0392632782459259,0.08180972933769226,0.06007220223546028,0.035401199012994766,0.05326639860868454
223,7.433333333333334,,,,insightface_bbox,0.6591583490371704,0.0,647.1934204101562,739.7999267578125,2399.3525390625,0,0,1,0,0,0,0,0,0,0,0,0,0.05211248993873596,0.03444135561585426,0.23727551102638245,0.05294700711965561,0.010733827017247677,0.024868514388799667,0.01583111472427845,0.03988635167479515,0.08102495968341827,0.060318004339933395,0.03520877659320831,0.05343727022409439
224,7.466666666666667,,,,insightface_bbox,0.6591583490371704,0.0,647.1934204101562,739.7999267578125,2399.3525390625,0,0,1,0,0,0,0,0,0,0,0,0,0.050943825393915176,0.033424824476242065,0.22804751992225647,0.049727752804756165,0.011006119661033154,0.024223633110523224,0.016646897420287132,0.04116584360599518,0.07961201667785645,0.058355074375867844,0.030117109417915344,0.05112877115607262
225,7.5,,,,insightface_bbox,0.6591583490371704,0.0,647.1934204101562,739.7999267578125,2399.3525390625,0,0,1,0,0,0,0,0,0,0,0,0,0.049948327243328094,0.03339051827788353,0.23268698155879974,0.05134475231170654,0.011423229239881039,0.023648757487535477,0.016307752579450607,0.04066162183880806,0.07688257098197937,0.057971857488155365,0.0311412550508976,0.052226193249225616
226,7.533333333333333,,,,insightface_bbox,0.6591583490371704,0.0,647.1934204101562,739.7999267578125,2399.3525390625,0,0,1,0,0,0,0,0,0,0,0,0,0.052741821855306625,0.03608454018831253,0.24956299364566803,0.057897236198186874,0.011945514939725399,0.02476385235786438,0.01682613417506218,0.04273783415555954,0.0772983506321907,0.059048403054475784,0.03634706139564514,0.05790659785270691
227,7.566666666666666,,,,insightface_bbox,0.6591583490371704,0.0,647.1934204101562,739.7999267578125,2399.3525390625,0,0,1,0,0,0,0,0,0,0,0,0,0.05443974956870079,0.037493206560611725,0.2560683786869049,0.0621698722243309,0.01216505654156208,0.025079520419239998,0.01722540333867073,0.045098304748535156,0.07896971702575684,0.06187546253204346,0.037311941385269165,0.06056086719036102
228,7.6,,,,insightface_bbox,0.6466566324234009,0.0,634.2283935546875,733.6953735351562,2455.728271484375,0,0,1,0,0,0,0,0,0,0,0,0,0.05669892579317093,0.039402447640895844,0.26233893632888794,0.06294596195220947,0.011343775317072868,0.028015371412038803,0.016624674201011658,0.04079166054725647,0.08252191543579102,0.06043194234371185,0.06599265336990356,0.07268968224525452
229,7.633333333333334,,,,insightface_bbox,0.6466566324234009,0.0,634.2283935546875,733.6953735351562,2455.728271484375,0,0,1,0,0,0,0,0,0,0,0,0,0.05640825629234314,0.03878171741962433,0.2531488835811615,0.0600549653172493,0.011387411504983902,0.028315823525190353,0.016728846356272697,0.04178062826395035,0.08408956229686737,0.06115744262933731,0.06392722576856613,0.07191465049982071
230,7.666666666666667,,,,insightface_bbox,0.6466566324234009,0.0,634.2283935546875,733.6953735351562,2455.728271484375,0,0,1,0,0,0,0,0,0,0,0,0,0.05316610634326935,0.03707262873649597,0.2428676187992096,0.059152886271476746,0.011663379147648811,0.028661325573921204,0.017542973160743713,0.04457317292690277,0.08565391600131989,0.06398135423660278,0.06506434082984924,0.07112669944763184
231,7.7,,,,insightface_bbox,0.6466566324234009,0.0,634.2283935546875,733.6953735351562,2455.728271484375,0,0,1,0,0,0,0,0,0,0,0,0,0.054495856165885925,0.03770413249731064,0.26828327775001526,0.058261048048734665,0.01237482950091362,0.030041933059692383,0.019374100491404533,0.04699062183499336,0.08761108666658401,0.06623663008213043,0.06498382985591888,0.06998495757579803
232,7.733333333333333,,,,insightface_bbox,0.6466566324234009,0.0,634.2283935546875,733.6953735351562,2455.728271484375,0,0,1,0,0,0,0,0,0,0,0,0,0.05627942085266113,0.03945282846689224,0.2885468602180481,0.06217816472053528,0.012714853510260582,0.030759071931242943,0.01973625458776951,0.04650377109646797,0.08606094121932983,0.06617775559425354,0.07120056450366974,0.07358292490243912
233,7.766666666666667,,,,insightface_bbox,0.6466566324234009,0.0,634.2283935546875,733.6953735351562,2455.728271484375,0,0,1,0,0,0,0,0,0,0,0,0,0.05761225149035454,0.04050007089972496,0.2732008397579193,0.06395144760608673,0.012927851639688015,0.031302690505981445,0.020648276433348656,0.04663129895925522,0.08643179386854172,0.06636247783899307,0.07248876988887787,0.07545337826013565
234,7.8,,,,insightface_bbox,0.6442277431488037,0.0,650.3947143554688,748.4246826171875,2384.486083984375,0,0,1,0,0,0,0,0,0,0,0,0,0.048461832106113434,0.03346948325634003,0.2326565384864807,0.054602935910224915,0.011739087291061878,0.02477206476032734,0.017605092376470566,0.04462394863367081,0.07653263956308365,0.06120675057172775,0.03272751718759537,0.05680128559470177
235,7.833333333333333,,,,insightface_bbox,0.6442277431488037,0.0,650.3947143554688,748.4246826171875,2384.486083984375,0,0,1,0,0,0,0,0,0,0,0,0,0.047358885407447815,0.03251457214355469,0.2227204442024231,0.05293881520628929,0.011727622710168362,0.02480442449450493,0.017218463122844696,0.04286470264196396,0.07652933150529861,0.05985896661877632,0.03484823554754257,0.05776193365454674
236,7.866666666666666,,,,insightface_bbox,0.6442277431488037,0.0,650.3947143554688,748.4246826171875,2384.486083984375,0,0,1,0,0,0,0,0,0,0,0,0,0.04884522035717964,0.03270431607961655,0.24192525446414948,0.05130892992019653,0.011921990662813187,0.025326818227767944,0.017629629001021385,0.04226028919219971,0.07630954682826996,0.06008816510438919,0.03572581708431244,0.0584447979927063
237,7.9,,,,insightface_bbox,0.6442277431488037,0.0,650.3947143554688,748.4246826171875,2384.486083984375,0,0,1,0,0,0,0,0,0,0,0,0,0.05446910485625267,0.036218076944351196,0.27123120427131653,0.0580514520406723,0.012397193349897861,0.026228521019220352,0.017450474202632904,0.04226812720298767,0.07821986079216003,0.06110374256968498,0.042945146560668945,0.06443846225738525
238,7.933333333333334,,,,insightface_bbox,0.6442277431488037,0.0,650.3947143554688,748.4246826171875,2384.486083984375,0,0,1,0,0,0,0,0,0,0,0,0,0.059045013040304184,0.03997825086116791,0.3089945614337921,0.0671863928437233,0.013370681554079056,0.027131306007504463,0.01820467785000801,0.04371920973062515,0.08049699664115906,0.0627465471625328,0.05093156918883324,0.07110751420259476
239,7.966666666666667,,,,insightface_bbox,0.6442277431488037,0.0,650.3947143554688,748.4246826171875,2384.486083984375,0,0,1,0,0,0,0,0,0,0,0,0,0.06015138328075409,0.04111761227250099,0.3418479561805725,0.06919114291667938,0.01353643462061882,0.027116408571600914,0.018086766824126244,0.04330407828092575,0.07951706647872925,0.06131509691476822,0.0541369654238224,0.07040655612945557
240,8.0,,,,insightface_bbox,0.6201351284980774,0.0,625.6093139648438,741.5747680664062,2530.36669921875,0,0,1,0,0,0,0,0,0,0,0,0,0.05310581624507904,0.036856453865766525,0.24723975360393524,0.06186092272400856,0.011915186420083046,0.0240929014980793,0.015511536039412022,0.04078514128923416,0.07733366638422012,0.05922931432723999,0.040857963263988495,0.061705633997917175
241,8.033333333333333,,,,insightface_bbox,0.6201351284980774,0.0,625.6093139648438,741.5747680664062,2530.36669921875,0,0,1,0,0,0,0,0,0,0,0,0,0.05028049647808075,0.03459777683019638,0.2249477207660675,0.05726567655801773,0.010998900979757309,0.023641832172870636,0.016221851110458374,0.04049300402402878,0.07684135437011719,0.058648914098739624,0.03542660176753998,0.05836695432662964
242,8.066666666666666,,,,insightface_bbox,0.6201351284980774,0.0,625.6093139648438,741.5747680664062,2530.36669921875,0,0,1,0,0,0,0,0,0,0,0,0,0.04885905981063843,0.032995373010635376,0.22024421393871307,0.053905438631772995,0.010985982604324818,0.024294892325997353,0.01688903011381626,0.04159100353717804,0.07689692825078964,0.059473276138305664,0.0322391539812088,0.05731377378106117
243,8.1,,,,insightface_bbox,0.6201351284980774,0.0,625.6093139648438,741.5747680664062,2530.36669921875,0,0,1,0,0,0,0,0,0,0,0,0,0.05046670138835907,0.033550746738910675,0.2432662397623062,0.0537843182682991,0.011303644627332687,0.025015633553266525,0.016364865005016327,0.0400543212890625,0.07526597380638123,0.05801313370466232,0.03651786595582962,0.05978808179497719
244,8.133333333333333,,,,insightface_bbox,0.6201351284980774,0.0,625.6093139648438,741.5747680664062,2530.36669921875,0,0,1,0,0,0,0,0,0,0,0,0,0.051092393696308136,0.03429695591330528,0.23148518800735474,0.055379368364810944,0.011472107842564583,0.02481856197118759,0.016561781987547874,0.03998237103223801,0.07438974827528,0.05744711309671402,0.03717067092657089,0.0609075129032135
245,8.166666666666666,,,,insightface_bbox,0.6201351284980774,0.0,625.6093139648438,741.5747680664062,2530.36669921875,0,0,1,0,0,0,0,0,0,0,0,0,0.049910057336091995,0.03366164118051529,0.22859129309654236,0.05375942587852478,0.01139006670564413,0.024545295163989067,0.01640692725777626,0.03964468836784363,0.07383554428815842,0.056715238839387894,0.035508930683135986,0.05913906544446945
246,8.2,,,,insightface_bbox,0.6497007608413696,0.0,666.1243286132812,717.9830322265625,2371.566650390625,0,0,0,0,0,0,0,0,0,0,0,0,0.047440193593502045,0.031172141432762146,0.18534588813781738,0.04280911386013031,0.010278481058776379,0.026383157819509506,0.016911929473280907,0.03941350057721138,0.08397570997476578,0.05868416279554367,0.058181364089250565,0.06636197119951248
247,8.233333333333333,,,,insightface_bbox,0.6497007608413696,0.0,666.1243286132812,717.9830322265625,2371.566650390625,0,0,1,0,0,0,0,0,0,0,0,0,0.05047722905874252,0.033637020736932755,0.20650643110275269,0.04801514744758606,0.010812720283865929,0.028183966875076294,0.01775902509689331,0.041242990642786026,0.08639292418956757,0.06055818870663643,0.06153690069913864,0.07116292417049408
248,8.266666666666667,,,,insightface_bbox,0.6497007608413696,0.0,666.1243286132812,717.9830322265625,2371.566650390625,0,0,1,0,0,0,0,0,0,0,0,0,0.05151849612593651,0.03430595621466637,0.20477476716041565,0.049427226185798645,0.01090040523558855,0.028466910123825073,0.018017921596765518,0.04169217869639397,0.0863390564918518,0.0613531768321991,0.06307147443294525,0.07242727279663086
249,8.3,,,,insightface_bbox,0.6497007608413696,0.0,666.1243286132812,717.9830322265625,2371.566650390625,0,0,0,0,0,0,0,0,0,0,0,0,0.05028650164604187,0.033463284373283386,0.19620537757873535,0.04770539328455925,0.01070016622543335,0.027859821915626526,0.017906634137034416,0.04163311421871185,0.08840284496545792,0.061891719698905945,0.061348602175712585,0.07165008783340454
250,8.333333333333334,,,,insightface_bbox,0.6497007608413696,0.0,666.1243286132812,717.9830322265625,2371.566650390625,0,0,1,0,0,0,0,0,0,0,0,0,0.04926176741719246,0.03210306167602539,0.1930084228515625,0.045027464628219604,0.010593250393867493,0.027139902114868164,0.01780303567647934,0.041216298937797546,0.08817256987094879,0.061167098581790924,0.05797732621431351,0.06917572021484375
251,8.366666666666667,,,,insightface_bbox,0.6497007608413696,0.0,666.1243286132812,717.9830322265625,2371.566650390625,0,0,1,0,0,0,0,0,0,0,0,0,0.04812626540660858,0.031182099133729935,0.19009888172149658,0.043049030005931854,0.010579348541796207,0.026929937303066254,0.018085693940520287,0.04198868200182915,0.0885966345667839,0.060970231890678406,0.058074578642845154,0.06843731552362442
252,8.4,,,,insightface_bbox,0.6776492595672607,0.0,668.8400268554688,711.8359375,2366.772705078125,0,0,1,0,0,0,0,0,0,0,0,0,0.050172075629234314,0.03330860286951065,0.19793115556240082,0.04751690477132797,0.010890494100749493,0.02785242348909378,0.018772637471556664,0.041918396949768066,0.08802458643913269,0.06174010783433914,0.06180465966463089,0.07154058665037155
253,8.433333333333334,,,,insightface_bbox,0.6776492595672607,0.0,668.8400268554688,711.8359375,2366.772705078125,0,0,0,0,0,0,0,0,0,0,0,0,0.05013369768857956,0.03336393088102341,0.1915619969367981,0.04755006730556488,0.010869145393371582,0.02760075032711029,0.01870146207511425,0.04207374155521393,0.08832234144210815,0.06256688386201859,0.06089013069868088,0.0719999447464943
254,8.466666666666667,,,,insightface_bbox,0.6776492595672607,0.0,668.8400268554688,711.8359375,2366.772705078125,0,0,0,0,0,0,0,0,0,0,0,0,0.04975147545337677,0.033129945397377014,0.18707695603370667,0.04683419689536095,0.010833227075636387,0.027482006698846817,0.01861356385052204,0.0420503132045269,0.08786769211292267,0.06262335181236267,0.059274815022945404,0.07077521085739136
255,8.5,,,,insightface_bbox,0.6776492595672607,0.0,668.8400268554688,711.8359375,2366.772705078125,0,0,1,0,0,0,0,0,0,0,0,0,0.05049598962068558,0.033702801913022995,0.1922822892665863,0.04765242710709572,0.010999137535691261,0.02802465483546257,0.01897738128900528,0.04318408668041229,0.08808835595846176,0.06368234008550644,0.062468234449625015,0.0725763663649559
256,8.533333333333333,,,,insightface_bbox,0.6776492595672607,0.0,668.8400268554688,711.8359375,2366.772705078125,0,0,1,0,0,0,0,0,0,0,0,0,0.05107688903808594,0.034221451729536057,0.19658730924129486,0.04828493297100067,0.010961819440126419,0.028048761188983917,0.01846081018447876,0.04325170814990997,0.0867588073015213,0.06299564987421036,0.06327146291732788,0.07332857698202133
257,8.566666666666666,,,,insightface_bbox,0.6776492595672607,0.0,668.8400268554688,711.8359375,2366.772705078125,0,0,0,0,0,0,0,0,0,0,0,0,0.050473250448703766,0.03439295291900635,0.1882142722606659,0.048499587923288345,0.011057131923735142,0.028182603418827057,0.01850546896457672,0.043994538486003876,0.08482291549444199,0.062402818351984024,0.06397942453622818,0.07293903082609177
258,8.6,,,,insightface_bbox,0.6573841571807861,0.0,655.3954467773438,719.7677001953125,2360.31494140625,0,0,1,0,0,0,0,0,0,0,0,0,0.060792550444602966,0.042265988886356354,0.26444461941719055,0.06693312525749207,0.01347409375011921,0.03261348605155945,0.02350621670484543,0.05158296972513199,0.08969045430421829,0.06749382615089417,0.0702265277504921,0.07728952169418335
259,8.633333333333333,,,,insightface_bbox,0.6573841571807861,0.0,655.3954467773438,719.7677001953125,2360.31494140625,0,0,1,0,0,0,0,0,0,0,0,0,0.057837918400764465,0.04037993401288986,0.24182790517807007,0.06390389800071716,0.0126899853348732,0.031253933906555176,0.0220770463347435,0.04937973618507385,0.08898018300533295,0.06640004366636276,0.06607650965452194,0.07442878931760788
260,8.666666666666666,,,,insightface_bbox,0.6573841571807861,0.0,655.3954467773438,719.7677001953125,2360.31494140625,0,0,1,0,0,0,0,0,0,0,0,0,0.05771392956376076,0.04034370183944702,0.23906609416007996,0.06372059881687164,0.01253640465438366,0.0307721346616745,0.021711496636271477,0.04808982461690903,0.08817806839942932,0.06588999927043915,0.06497832387685776,0.07469317317008972
261,8.7,,,,insightface_bbox,0.6573841571807861,0.0,655.3954467773438,719.7677001953125,2360.31494140625,0,0,1,0,0,0,0,0,0,0,0,0,0.06023114547133446,0.04229477047920227,0.2638751268386841,0.06942866742610931,0.013000094331800938,0.03132978826761246,0.02161041647195816,0.049402475357055664,0.08748288452625275,0.06742959469556808,0.07215277850627899,0.08048658072948456
262,8.733333333333333,,,,insightface_bbox,0.6573841571807861,0.0,655.3954467773438,719.7677001953125,2360.31494140625,0,0,1,0,0,0,0,0,0,0,0,0,0.06349927186965942,0.04455310106277466,0.2727068364620209,0.07369796186685562,0.013060007244348526,0.031692519783973694,0.022036239504814148,0.0497613400220871,0.08941002190113068,0.0682208463549614,0.07623064517974854,0.08768627047538757
263,8.766666666666667,,,,insightface_bbox,0.6573841571807861,0.0,655.3954467773438,719.7677001953125,2360.31494140625,0,0,1,0,0,0,0,0,0,0,0,0,0.06323406100273132,0.04384151101112366,0.2769676446914673,0.07068011909723282,0.012789917178452015,0.0309870857745409,0.021638648584485054,0.04841837286949158,0.08733276277780533,0.06656400859355927,0.07032842189073563,0.08357777446508408
264,8.8,,,,insightface_bbox,0.6039888858795166,0.0,618.4890747070312,746.3106079101562,2485.3623046875,0,0,1,0,0,0,0,0,0,0,0,0,0.06224076449871063,0.043105874210596085,0.30596625804901123,0.07012655586004257,0.01304674707353115,0.027565710246562958,0.01726868562400341,0.0466424897313118,0.07866446673870087,0.062391653656959534,0.05968473479151726,0.07322339713573456
265,8.833333333333334,,,,insightface_bbox,0.6039888858795166,0.0,618.4890747070312,746.3106079101562,2485.3623046875,0,0,1,0,0,0,0,0,0,0,0,0,0.06198013201355934,0.042876336723566055,0.2927514314651489,0.07156934589147568,0.012143115513026714,0.027850547805428505,0.017191752791404724,0.04542320966720581,0.08096485584974289,0.06295441091060638,0.06068463623523712,0.07311196625232697
266,8.866666666666667,,,,insightface_bbox,0.6039888858795166,0.0,618.4890747070312,746.3106079101562,2485.3623046875,0,0,1,0,0,0,0,0,0,0,0,0,0.06059373915195465,0.04166625812649727,0.275285929441452,0.06910191476345062,0.011431378312408924,0.02719894051551819,0.01656547375023365,0.044219549745321274,0.08156456053256989,0.062445878982543945,0.05544903129339218,0.06957117468118668
267,8.9,,,,insightface_bbox,0.6039888858795166,0.0,618.4890747070312,746.3106079101562,2485.3623046875,0,0,1,0,0,0,0,0,0,0,0,0,0.059490397572517395,0.04099693521857262,0.28483933210372925,0.06721926480531693,0.011658157221972942,0.027504900470376015,0.016873491927981377,0.04430948197841644,0.08095786720514297,0.06249026954174042,0.055812858045101166,0.06970631331205368
268,8.933333333333334,,,,insightface_bbox,0.6039888858795166,0.0,618.4890747070312,746.3106079101562,2485.3623046875,0,0,1,0,0,0,0,0,0,0,0,0,0.0596245601773262,0.04111679270863533,0.2851037383079529,0.06778242439031601,0.011681736446917057,0.02764667570590973,0.016710978001356125,0.04421716555953026,0.08094556629657745,0.06282988935709,0.05746650695800781,0.07035835087299347
269,8.966666666666667,,,,insightface_bbox,0.6039888858795166,0.0,618.4890747070312,746.3106079101562,2485.3623046875,0,0,1,0,0,0,0,0,0,0,0,0,0.05969170853495598,0.04097307473421097,0.2780098021030426,0.0676335021853447,0.011685214936733246,0.027744151651859283,0.016878865659236908,0.044594477862119675,0.08175967633724213,0.06369130313396454,0.05608142912387848,0.07045543193817139
270,9.0,,,,insightface_bbox,0.6161521673202515,0.0,632.1513671875,746.3204956054688,2451.351806640625,0,0,1,0,0,0,0,0,0,0,0,0,0.05318428948521614,0.03656917065382004,0.24575620889663696,0.05766113102436066,0.011108342558145523,0.025191213935613632,0.0167225431650877,0.04234375059604645,0.07769620418548584,0.05936487019062042,0.0424787811934948,0.06096144765615463
271,9.033333333333333,,,,insightface_bbox,0.6161521673202515,0.0,632.1513671875,746.3204956054688,2451.351806640625,0,0,1,0,0,0,0,0,0,0,0,0,0.05425119400024414,0.037184037268161774,0.244697704911232,0.05909767001867294,0.011220750398933887,0.025417564436793327,0.016879962757229805,0.042272601276636124,0.07721112668514252,0.05959650129079819,0.04136607050895691,0.06148394197225571
272,9.066666666666666,,,,insightface_bbox,0.6161521673202515,0.0,632.1513671875,746.3204956054688,2451.351806640625,0,0,1,0,0,0,0,0,0,0,0,0,0.055201206356287,0.03790345788002014,0.2570011019706726,0.061305828392505646,0.01155834086239338,0.026195909827947617,0.017272628843784332,0.04342149198055267,0.07908987998962402,0.061066001653671265,0.04549019783735275,0.065497986972332
273,9.1,,,,insightface_bbox,0.6161521673202515,0.0,632.1513671875,746.3204956054688,2451.351806640625,0,0,1,0,0,0,0,0,0,0,0,0,0.05546126514673233,0.03781675919890404,0.2539437413215637,0.06175072491168976,0.011305388063192368,0.02602059580385685,0.0174315944314003,0.04335237294435501,0.07972778379917145,0.06206594407558441,0.04288552328944206,0.06458549201488495
274,9.133333333333333,,,,insightface_bbox,0.6161521673202515,0.0,632.1513671875,746.3204956054688,2451.351806640625,0,0,1,0,0,0,0,0,0,0,0,0,0.05564031004905701,0.037750244140625,0.25659704208374023,0.06216704100370407,0.011339571326971054,0.02564832754433155,0.01682456210255623,0.04269138351082802,0.07938429713249207,0.061554986983537674,0.04256659746170044,0.06465915590524673
275,9.166666666666666,,,,insightface_bbox,0.6161521673202515,0.0,632.1513671875,746.3204956054688,2451.351806640625,0,0,1,0,0,0,0,0,0,0,0,0,0.05301236733794212,0.03570595011115074,0.23931825160980225,0.05746986344456673,0.010871680453419685,0.024405095726251602,0.01580662652850151,0.04105452448129654,0.07712066918611526,0.058543264865875244,0.03691357374191284,0.05853306129574776
276,9.2,,,,insightface_bbox,0.6456540822982788,0.0,662.3950805664062,738.4666137695312,2389.90625,0,0,1,0,0,0,0,0,0,0,0,0,0.050693150609731674,0.03422187268733978,0.22146207094192505,0.05350406467914581,0.01076018251478672,0.024134434759616852,0.01605033315718174,0.039563585072755814,0.07702933251857758,0.058348312973976135,0.03508671373128891,0.05624178797006607
277,9.233333333333333,,,,insightface_bbox,0.6456540822982788,0.0,662.3950805664062,738.4666137695312,2389.90625,0,0,1,0,0,0,0,0,0,0,0,0,0.04853103682398796,0.032920509576797485,0.21331122517585754,0.04929453134536743,0.01042651105672121,0.02333664335310459,0.016179077327251434,0.03754951432347298,0.0749981701374054,0.055811651051044464,0.030662503093481064,0.05154097080230713
278,9.266666666666667,,,,insightface_bbox,0.6456540822982788,0.0,662.3950805664062,738.4666137695312,2389.90625,0,0,1,0,0,0,0,0,0,0,0,0,0.048376135528087616,0.03285811096429825,0.21408624947071075,0.04878033697605133,0.01058548130095005,0.023657960817217827,0.016604851931333542,0.0379321314394474,0.07530122250318527,0.056232184171676636,0.031267084181308746,0.05204019695520401
279,9.3,,,,insightface_bbox,0.6456540822982788,0.0,662.3950805664062,738.4666137695312,2389.90625,0,0,1,0,0,0,0,0,0,0,0,0,0.04909542202949524,0.033299945294857025,0.21483981609344482,0.049528371542692184,0.010951193980872631,0.02408212050795555,0.01683523878455162,0.03905293717980385,0.07563133537769318,0.057010311633348465,0.03234304115176201,0.053484633564949036
280,9.333333333333334,,,,insightface_bbox,0.6456540822982788,0.0,662.3950805664062,738.4666137695312,2389.90625,0,0,1,0,0,0,0,0,0,0,0,0,0.050811875611543655,0.03418506681919098,0.21698550879955292,0.05139428377151489,0.01114518754184246,0.024319756776094437,0.016893094405531883,0.04038793966174126,0.07589548081159592,0.057643599808216095,0.03292996063828468,0.05506899207830429
281,9.366666666666667,,,,insightface_bbox,0.6456540822982788,0.0,662.3950805664062,738.4666137695312,2389.90625,0,0,1,0,0,0,0,0,0,0,0,0,0.05061111971735954,0.034194331616163254,0.21680228412151337,0.05129851773381233,0.011306371539831161,0.024361036717891693,0.017009221017360687,0.040786199271678925,0.07566514611244202,0.05774097889661789,0.0328110009431839,0.05492411553859711
282,9.4,,,,insightface_bbox,0.6372923851013184,0.0,647.640869140625,741.1436767578125,2370.6279296875,0,0,1,0,0,0,0,0,0,0,0,0,0.05118570476770401,0.03541737422347069,0.21152837574481964,0.05413489416241646,0.011627251282334328,0.024882420897483826,0.018166618421673775,0.041913483291864395,0.07518637180328369,0.05821940302848816,0.03345194458961487,0.05808357894420624
283,9.433333333333334,,,,insightface_bbox,0.6372923851013184,0.0,647.640869140625,741.1436767578125,2370.6279296875,0,0,1,0,0,0,0,0,0,0,0,0,0.05197113752365112,0.036399491131305695,0.20876681804656982,0.05795314908027649,0.011711688712239265,0.025344248861074448,0.018565241247415543,0.04320589825510979,0.07609225064516068,0.05916538089513779,0.036200422793626785,0.06097017228603363
284,9.466666666666667,,,,insightface_bbox,0.6372923851013184,0.0,647.640869140625,741.1436767578125,2370.6279296875,0,0,1,0,0,0,0,0,0,0,0,0,0.0530737042427063,0.037130191922187805,0.20682430267333984,0.060613811016082764,0.011675229296088219,0.025560569018125534,0.019151045009493828,0.044273268431425095,0.0779709666967392,0.06071176379919052,0.03625974804162979,0.060741059482097626
285,9.5,,,,insightface_bbox,0.6372923851013184,0.0,647.640869140625,741.1436767578125,2370.6279296875,0,0,1,0,0,0,0,0,0,0,0,0,0.05099581554532051,0.035733580589294434,0.20004691183567047,0.05708085000514984,0.011076945811510086,0.02459556795656681,0.01748676225543022,0.041239187121391296,0.0757671371102333,0.058173418045043945,0.03467399254441261,0.05814030393958092
286,9.533333333333333,,,,insightface_bbox,0.6372923851013184,0.0,647.640869140625,741.1436767578125,2370.6279296875,0,0,1,0,0,0,0,0,0,0,0,0,0.050513602793216705,0.03538844361901283,0.19968712329864502,0.05640626698732376,0.011086546815931797,0.024434944614768028,0.01733131892979145,0.04109053313732147,0.07587733864784241,0.05809721350669861,0.034341178834438324,0.05772802606225014
287,9.566666666666666,,,,insightface_bbox,0.6372923851013184,0.0,647.640869140625,741.1436767578125,2370.6279296875,0,0,1,0,0,0,0,0,0,0,0,0,0.04977724701166153,0.03500339388847351,0.1980767846107483,0.055932071059942245,0.010910140350461006,0.024243274703621864,0.017099983990192413,0.04102342575788498,0.07601046562194824,0.05779489129781723,0.03453771770000458,0.05726408213376999
288,9.6,,,,insightface_bbox,0.6283820867538452,0.0,656.9797973632812,740.7623291015625,2360.61767578125,0,0,0,0,0,0,0,0,0,0,0,0,0.046752654016017914,0.03402615338563919,0.15430966019630432,0.054384395480155945,0.011102884076535702,0.0230151005089283,0.01613697037100792,0.03837309032678604,0.06878447532653809,0.054118812084198,0.031146258115768433,0.0522630512714386
289,9.633333333333333,,,,insightface_bbox,0.6283820867538452,0.0,656.9797973632812,740.7623291015625,2360.61767578125,0,0,0,0,0,0,0,0,0,0,0,0,0.047076549381017685,0.03505733609199524,0.16718825697898865,0.056432947516441345,0.011908161453902721,0.02396915853023529,0.017330065369606018,0.04062170162796974,0.06760388612747192,0.054641854017972946,0.03238533064723015,0.05399906635284424
290,9.666666666666666,,,,insightface_bbox,0.6283820867538452,0.0,656.9797973632812,740.7623291015625,2360.61767578125,0,0,0,0,0,0,0,0,0,0,0,0,0.04752989858388901,0.03534597530961037,0.17038197815418243,0.05712391436100006,0.011949403211474419,0.024023234844207764,0.017702452838420868,0.040821149945259094,0.06814615428447723,0.055262576788663864,0.03205765783786774,0.05404088273644447
291,9.7,,,,insightface_bbox,0.6283820867538452,0.0,656.9797973632812,740.7623291015625,2360.61767578125,0,0,0,0,0,0,0,0,0,0,0,0,0.047347430139780045,0.03504452109336853,0.16858983039855957,0.05644914507865906,0.011792433448135853,0.023920785635709763,0.017744071781635284,0.0408492274582386,0.06877826899290085,0.05550333857536316,0.03163032606244087,0.053788527846336365
292,9.733333333333333,,,,insightface_bbox,0.6283820867538452,0.0,656.9797973632812,740.7623291015625,2360.61767578125,0,0,0,0,0,0,0,0,0,0,0,0,0.04693859815597534,0.03441907837986946,0.16709741950035095,0.055028676986694336,0.011738416738808155,0.02383740432560444,0.017949240282177925,0.04098998010158539,0.06958161294460297,0.05620025098323822,0.030870361253619194,0.053532034158706665
293,9.766666666666667,,,,insightface_bbox,0.6283820867538452,0.0,656.9797973632812,740.7623291015625,2360.61767578125,0,0,0,0,0,0,0,0,0,0,0,0,0.04723645746707916,0.034508876502513885,0.16599631309509277,0.055217720568180084,0.01178559847176075,0.023860786110162735,0.018159862607717514,0.04105258360505104,0.06987277418375015,0.05635961890220642,0.030643491074442863,0.05330848693847656
294,9.8,,,,insightface_bbox,0.6175891160964966,0.0,660.8126831054688,743.8184814453125,2350.67236328125,0,0,0,0,0,0,0,0,0,0,0,0,0.04618845134973526,0.03395102545619011,0.1651320606470108,0.05369427800178528,0.011700546368956566,0.02372855506837368,0.01791420578956604,0.040650855749845505,0.06970860809087753,0.056076012551784515,0.03015158697962761,0.05315789952874184
295,9.833333333333334,,,,insightface_bbox,0.6175891160964966,0.0,660.8126831054688,743.8184814453125,2350.67236328125,0,0,0,0,0,0,0,0,0,0,0,0,0.04729345068335533,0.035053715109825134,0.16592340171337128,0.05591345578432083,0.011841896921396255,0.024146774783730507,0.01798349618911743,0.04123162478208542,0.07053052634000778,0.05693785473704338,0.03148443251848221,0.05514581501483917
296,9.866666666666667,,,,insightface_bbox,0.6175891160964966,0.0,660.8126831054688,743.8184814453125,2350.67236328125,0,0,0,0,0,0,0,0,0,0,0,0,0.047759152948856354,0.03526457026600838,0.16339504718780518,0.05639025941491127,0.011630206368863583,0.02390448935329914,0.017966048792004585,0.0411190539598465,0.07066559791564941,0.05702122673392296,0.031033258885145187,0.05386261269450188
297,9.9,,,,insightface_bbox,0.6175891160964966,0.0,660.8126831054688,743.8184814453125,2350.67236328125,0,0,0,0,0,0,0,0,0,0,0,0,0.04682632163167,0.03463234379887581,0.15792614221572876,0.055506009608507156,0.011206264607608318,0.02321925386786461,0.017221959307789803,0.03935953974723816,0.06968609243631363,0.05587460845708847,0.02995735965669155,0.052293241024017334
298,9.933333333333334,,,,insightface_bbox,0.6175891160964966,0.0,660.8126831054688,743.8184814453125,2350.67236328125,0,0,0,0,0,0,0,0,0,0,0,0,0.0464726984500885,0.03415655344724655,0.15748900175094604,0.055017679929733276,0.011004775762557983,0.023145996034145355,0.017116155475378036,0.0391567088663578,0.06989458948373795,0.0559825673699379,0.029906228184700012,0.05202430859208107
299,9.966666666666667,,,,insightface_bbox,0.6175891160964966,0.0,660.8126831054688,743.8184814453125,2350.67236328125,0,0,0,0,0,0,0,0,0,0,0,0,0.046417079865932465,0.03416619822382927,0.15814736485481262,0.05486227199435234,0.010982053354382515,0.023242400959134102,0.01727103814482689,0.038953885436058044,0.06986679136753082,0.055988769978284836,0.029823871329426765,0.05194563791155815
300,10.0,,,,insightface_bbox,0.6494970917701721,0.0,655.5239868164062,735.503173828125,2349.768798828125,0,0,1,0,0,0,0,0,0,0,0,0,0.04303676635026932,0.03110327757894993,0.22156654298305511,0.04464361071586609,0.010037695989012718,0.022562185302376747,0.015203031711280346,0.04076838120818138,0.0738905817270279,0.05635823681950569,0.039573393762111664,0.05555238202214241
301,10.033333333333333,,,,insightface_bbox,0.6494970917701721,0.0,655.5239868164062,735.503173828125,2349.768798828125,0,0,1,0,0,0,0,0,0,0,0,0,0.04270782321691513,0.03053877130150795,0.2224307358264923,0.04367150366306305,0.010028662160038948,0.022451991215348244,0.015375597402453423,0.04038912057876587,0.07423819601535797,0.056279636919498444,0.038453973829746246,0.054771970957517624
302,10.066666666666666,,,,insightface_bbox,0.6494970917701721,0.0,655.5239868164062,735.503173828125,2349.768798828125,0,0,1,0,0,0,0,0,0,0,0,0,0.04275763779878616,0.03043983317911625,0.22280347347259521,0.04368901252746582,0.00992611888796091,0.022255808115005493,0.014976990409195423,0.0394713468849659,0.07412884384393692,0.055740587413311005,0.037195343524217606,0.0535796582698822
303,10.1,,,,insightface_bbox,0.6494970917701721,0.0,655.5239868164062,735.503173828125,2349.768798828125,0,0,1,0,0,0,0,0,0,0,0,0,0.04275470972061157,0.03043135441839695,0.22620943188667297,0.043834298849105835,0.009840980172157288,0.022165901958942413,0.0148369325324893,0.038958173245191574,0.07396083325147629,0.05548868700861931,0.036306481808423996,0.05250294506549835
304,10.133333333333333,,,,insightface_bbox,0.6494970917701721,0.0,655.5239868164062,735.503173828125,2349.768798828125,0,0,1,0,0,0,0,0,0,0,0,0,0.043282363563776016,0.030862770974636078,0.2312026023864746,0.044378120452165604,0.01008998416364193,0.02235999144613743,0.015201309695839882,0.039815306663513184,0.07426194846630096,0.056206874549388885,0.03747551888227463,0.053686272352933884
305,10.166666666666666,,,,insightface_bbox,0.6494970917701721,0.0,655.5239868164062,735.503173828125,2349.768798828125,0,0,1,0,0,0,0,0,0,0,0,0,0.04398752376437187,0.03148731216788292,0.23088335990905762,0.04572927951812744,0.010311039164662361,0.022735100239515305,0.0158514603972435,0.04082765802741051,0.07474423944950104,0.056626539677381516,0.03916430473327637,0.055011995136737823
306,10.2,,,,insightface_bbox,0.6331097483634949,0.0,649.2839965820312,724.5184936523438,2347.42626953125,0,0,1,0,0,0,0,0,0,0,0,0,0.049111511558294296,0.03491084650158882,0.261353462934494,0.051579996943473816,0.011026294901967049,0.025654219090938568,0.017540305852890015,0.044431738555431366,0.0790349692106247,0.06148374080657959,0.04929492622613907,0.06117570772767067
307,10.233333333333333,,,,insightface_bbox,0.6331097483634949,0.0,649.2839965820312,724.5184936523438,2347.42626953125,0,0,1,0,0,0,0,0,0,0,0,0,0.04942111298441887,0.03520117700099945,0.270048052072525,0.0523068904876709,0.011300192214548588,0.0261395201086998,0.018030432984232903,0.04521380737423897,0.0793984979391098,0.06123189255595207,0.053252458572387695,0.0623110830783844
308,10.266666666666667,,,,insightface_bbox,0.6331097483634949,0.0,649.2839965820312,724.5184936523438,2347.42626953125,0,0,1,0,0,0,0,0,0,0,0,0,0.050083812326192856,0.0357317179441452,0.2709541916847229,0.05399858206510544,0.011644445359706879,0.026329101994633675,0.01841134950518608,0.04546626657247543,0.07860460132360458,0.06062762811779976,0.0539168119430542,0.0629836767911911
309,10.3,,,,insightface_bbox,0.6331097483634949,0.0,649.2839965820312,724.5184936523438,2347.42626953125,0,0,1,0,0,0,0,0,0,0,0,0,0.05008740350604057,0.03572408854961395,0.27910569310188293,0.05430646985769272,0.011771421879529953,0.02654130384325981,0.018753917887806892,0.04579933360219002,0.07866516709327698,0.06052185222506523,0.05574046075344086,0.06376834213733673
310,10.333333333333334,,,,insightface_bbox,0.6331097483634949,0.0,649.2839965820312,724.5184936523438,2347.42626953125,0,0,1,0,0,0,0,0,0,0,0,0,0.05044478923082352,0.036032628268003464,0.2847962975502014,0.05496695265173912,0.011830545961856842,0.02677525207400322,0.018848421052098274,0.046249933540821075,0.07899347692728043,0.060574620962142944,0.057327307760715485,0.06450523436069489
311,10.366666666666667,,,,insightface_bbox,0.6331097483634949,0.0,649.2839965820312,724.5184936523438,2347.42626953125,0,0,1,0,0,0,0,0,0,0,0,0,0.05129094421863556,0.03645848482847214,0.27765631675720215,0.054768431931734085,0.011754555627703667,0.026941178366541862,0.018469898030161858,0.04608648270368576,0.07930257171392441,0.061494551599025726,0.05454355478286743,0.06449614465236664
312,10.4,,,,insightface_bbox,0.6378134489059448,0.0,652.2007446289062,719.147216796875,2344.9814453125,0,0,1,0,0,0,0,0,0,0,0,0,0.050259970128536224,0.03639689087867737,0.2657819986343384,0.0552496537566185,0.011951358988881111,0.02639806643128395,0.018555136397480965,0.04684342071413994,0.0783989429473877,0.06066370755434036,0.05155833438038826,0.06336680054664612
313,10.433333333333334,,,,insightface_bbox,0.6378134489059448,0.0,652.2007446289062,719.147216796875,2344.9814453125,0,0,1,0,0,0,0,0,0,0,0,0,0.05076797679066658,0.03636465221643448,0.2706930339336395,0.05544678121805191,0.011663521640002728,0.02636438049376011,0.018027760088443756,0.046534035354852676,0.07894524931907654,0.06124516576528549,0.05138451233506203,0.06301528960466385
314,10.466666666666667,,,,insightface_bbox,0.6378134489059448,0.0,652.2007446289062,719.147216796875,2344.9814453125,0,0,1,0,0,0,0,0,0,0,0,0,0.05066642910242081,0.0362425334751606,0.26570695638656616,0.055190566927194595,0.011561536230146885,0.026478372514247894,0.01785224862396717,0.046359557658433914,0.0794651061296463,0.06156023591756821,0.05141536891460419,0.06354120373725891
315,10.5,,,,insightface_bbox,0.6378134489059448,0.0,652.2007446289062,719.147216796875,2344.9814453125,0,0,1,0,0,0,0,0,0,0,0,0,0.050405893474817276,0.03632408380508423,0.26046377420425415,0.05563589930534363,0.01167400274425745,0.02668408863246441,0.01817377470433712,0.046825677156448364,0.07960204035043716,0.061912652105093,0.051705554127693176,0.06403374671936035
316,10.533333333333333,,,,insightface_bbox,0.6378134489059448,0.0,652.2007446289062,719.147216796875,2344.9814453125,0,0,1,0,0,0,0,0,0,0,0,0,0.050367508083581924,0.03640846908092499,0.25996890664100647,0.05546456202864647,0.011711739003658295,0.02667590230703354,0.01800060085952282,0.046531353145837784,0.07918310165405273,0.06195623055100441,0.050992757081985474,0.06322161853313446
317,10.566666666666666,,,,insightface_bbox,0.6378134489059448,0.0,652.2007446289062,719.147216796875,2344.9814453125,0,0,1,0,0,0,0,0,0,0,0,0,0.051067203283309937,0.036447301506996155,0.2562212347984314,0.05561698600649834,0.01196199469268322,0.027108052745461464,0.018394816666841507,0.0470142662525177,0.08097510784864426,0.06284048408269882,0.051062069833278656,0.06375180929899216
318,10.6,,,,insightface_bbox,0.6375067234039307,0.0,661.6656494140625,734.4064331054688,2340.5986328125,0,0,1,0,0,0,0,0,0,0,0,0,0.043291594833135605,0.03154447302222252,0.17806066572666168,0.04822719097137451,0.01030490268021822,0.0216071754693985,0.014511504210531712,0.03785738721489906,0.06837084889411926,0.05350439250469208,0.03508443385362625,0.05448570102453232
319,10.633333333333333,,,,insightface_bbox,0.6375067234039307,0.0,661.6656494140625,734.4064331054688,2340.5986328125,0,0,1,0,0,0,0,0,0,0,0,0,0.04331912845373154,0.03158120438456535,0.18807342648506165,0.04836206138134003,0.010361457243561745,0.021736465394496918,0.014768918976187706,0.037502434104681015,0.06745875626802444,0.05290650576353073,0.03535320609807968,0.05434839054942131
320,10.666666666666666,,,,insightface_bbox,0.6375067234039307,0.0,661.6656494140625,734.4064331054688,2340.5986328125,0,0,1,0,0,0,0,0,0,0,0,0,0.04388818144798279,0.032179929316043854,0.20734719932079315,0.04989970847964287,0.010712775401771069,0.0220489539206028,0.01500670425593853,0.03741076588630676,0.06654146313667297,0.052083857357501984,0.03595741465687752,0.0549028255045414
321,10.7,,,,insightface_bbox,0.6375067234039307,0.0,661.6656494140625,734.4064331054688,2340.5986328125,0,0,1,0,0,0,0,0,0,0,0,0,0.04311828315258026,0.031472112983465195,0.21216008067131042,0.04890970140695572,0.010624011978507042,0.02178080379962921,0.014736135490238667,0.03675321862101555,0.06610200554132462,0.051637157797813416,0.03528081998229027,0.05498787388205528
322,10.733333333333333,,,,insightface_bbox,0.6375067234039307,0.0,661.6656494140625,734.4064331054688,2340.5986328125,0,0,1,0,0,0,0,0,0,0,0,0,0.04325113818049431,0.031508561223745346,0.21499010920524597,0.049695439636707306,0.010716047137975693,0.02194543369114399,0.014934401027858257,0.03714856132864952,0.06595368683338165,0.05201093479990959,0.035614173859357834,0.055548109114170074
323,10.766666666666667,,,,insightface_bbox,0.6375067234039307,0.0,661.6656494140625,734.4064331054688,2340.5986328125,0,0,1,0,0,0,0,0,0,0,0,0,0.043062325567007065,0.03148256614804268,0.20855633914470673,0.049405716359615326,0.010738290846347809,0.02210589498281479,0.014737727120518684,0.03705950826406479,0.06537207216024399,0.0516202487051487,0.03672961890697479,0.05610144883394241
324,10.8,,,,insightface_bbox,0.6063708066940308,0.0,645.5484619140625,736.3272705078125,2347.5849609375,0,0,1,0,0,0,0,0,0,0,0,0,0.041074156761169434,0.0304782185703516,0.1792154461145401,0.04615418240427971,0.010165011510252953,0.020285941660404205,0.013336103409528732,0.03435052931308746,0.061500225216150284,0.04780229926109314,0.02782527171075344,0.04786953702569008
325,10.833333333333334,,,,insightface_bbox,0.6063708066940308,0.0,645.5484619140625,736.3272705078125,2347.5849609375,0,0,1,0,0,0,0,0,0,0,0,0,0.04002399742603302,0.029811106622219086,0.17544743418693542,0.04511192813515663,0.010181043297052383,0.02030314691364765,0.013464939780533314,0.03428994119167328,0.061800822615623474,0.04778984561562538,0.027737479656934738,0.047132041305303574
326,10.866666666666667,,,,insightface_bbox,0.6063708066940308,0.0,645.5484619140625,736.3272705078125,2347.5849609375,0,0,1,0,0,0,0,0,0,0,0,0,0.04015486314892769,0.030010154470801353,0.17815279960632324,0.04543903470039368,0.010131003335118294,0.020256156101822853,0.013332722708582878,0.03404791280627251,0.06162617728114128,0.04758124798536301,0.027556037530303,0.04693995416164398
327,10.9,,,,insightface_bbox,0.6063708066940308,0.0,645.5484619140625,736.3272705078125,2347.5849609375,0,0,1,0,0,0,0,0,0,0,0,0,0.040797218680381775,0.030352549627423286,0.1811976432800293,0.04611904174089432,0.010144917294383049,0.020433925092220306,0.013374987989664078,0.03415682539343834,0.06206243485212326,0.047801803797483444,0.02811305597424507,0.047310009598731995
328,10.933333333333334,,,,insightface_bbox,0.6063708066940308,0.0,645.5484619140625,736.3272705078125,2347.5849609375,0,0,1,0,0,0,0,0,0,0,0,0,0.04062048718333244,0.030177276581525803,0.1812894642353058,0.045820869505405426,0.010163298808038235,0.02037080004811287,0.013363523408770561,0.03407683223485947,0.061543598771095276,0.04752489924430847,0.028257278725504875,0.04729823023080826
