frame_idx,frame_time_in_ms,pitch,yaw,roll,face_alignment_method,face_detection_score,face_bbox_xmin,face_bbox_ymin,face_bbox_xmax,face_bbox_ymax,au_1,au_2,au_4,au_6,au_7,au_10,au_12,au_14,au_15,au_17,au_23,au_24,au_1_intensity,au_2_intensity,au_4_intensity,au_5_intensity,au_6_intensity,au_9_intensity,au_12_intensity,au_15_intensity,au_17_intensity,au_20_intensity,au_25_intensity,au_26_intensity
0,0.0,,,,insightface_bbox,0.6480376720428467,0.0,858.4722290039062,974.7318725585938,2357.50439453125,0,0,1,0,0,0,0,0,0,1,0,1,0.05079621076583862,0.0228759553283453,0.3588624596595764,0.01971941627562046,0.006355405785143375,0.014531961642205715,0.005916173569858074,0.03848997876048088,0.060617007315158844,0.061157822608947754,0.0065156687051057816,0.036085136234760284
1,0.03333333333333333,,,,insightface_bbox,0.6480376720428467,0.0,858.4722290039062,974.7318725585938,2357.50439453125,0,0,1,0,0,0,0,0,0,1,0,1,0.05116606503725052,0.022667784243822098,0.26494431495666504,0.020193399861454964,0.0071091847494244576,0.014630557037889957,0.0077878255397081375,0.037412647157907486,0.08393733203411102,0.0833539217710495,0.004388791974633932,0.03795788064599037
2,0.06666666666666667,,,,insightface_bbox,0.6480376720428467,0.0,858.4722290039062,974.7318725585938,2357.50439453125,0,0,1,0,0,0,0,0,0,1,0,1,0.044992223381996155,0.019868725910782814,0.20487560331821442,0.018918029963970184,0.007423678878694773,0.015214361250400543,0.008382516913115978,0.03617309778928757,0.09043612331151962,0.08908338099718094,0.0038235236424952745,0.03608247637748718
3,0.1,,,,insightface_bbox,0.6480376720428467,0.0,858.4722290039062,974.7318725585938,2357.50439453125,0,0,1,0,0,0,0,0,0,1,0,1,0.04786761477589607,0.021257737651467323,0.20759522914886475,0.020454788580536842,0.007727313321083784,0.016161061823368073,0.010201810859143734,0.04061109572649002,0.10083042085170746,0.09889230132102966,0.004252218175679445,0.038772620260715485
4,0.13333333333333333,,,,insightface_bbox,0.6480376720428467,0.0,858.4722290039062,974.7318725585938,2357.50439453125,0,0,1,0,0,0,0,0,0,1,0,1,0.04488082230091095,0.02082962729036808,0.1872599869966507,0.0196489617228508,0.007566212676465511,0.015125629492104053,0.009478787891566753,0.03709079325199127,0.1001826599240303,0.09348475933074951,0.003852565074339509,0.037514589726924896
5,0.16666666666666666,,,,insightface_bbox,0.6480376720428467,0.0,858.4722290039062,974.7318725585938,2357.50439453125,0,0,1,0,0,0,0,0,0,1,0,1,0.04739271476864815,0.021817047148942947,0.20469710230827332,0.020525995641946793,0.007843337953090668,0.016114497557282448,0.01015474647283554,0.03918246924877167,0.10460945963859558,0.0975222960114479,0.004009596072137356,0.03758867830038071
6,0.2,,,,insightface_bbox,0.7173579931259155,0.0,857.6334228515625,928.8446044921875,2348.817626953125,0,0,1,0,0,0,0,0,0,1,0,1,0.036484330892562866,0.018923647701740265,0.19672232866287231,0.015740785747766495,0.006808769423514605,0.01296524703502655,0.007597902789711952,0.0343487448990345,0.07082506269216537,0.06321384757757187,0.002894580364227295,0.03050210140645504
7,0.23333333333333334,,,,insightface_bbox,0.7173579931259155,0.0,857.6334228515625,928.8446044921875,2348.817626953125,0,0,1,0,0,0,0,0,0,1,0,1,0.03841574490070343,0.019603798165917397,0.22882960736751556,0.016385015100240707,0.006944974418729544,0.013379459269344807,0.007411843165755272,0.03540320694446564,0.07333536446094513,0.0652509480714798,0.003394343890249729,0.033865462988615036
8,0.26666666666666666,,,,insightface_bbox,0.7173579931259155,0.0,857.6334228515625,928.8446044921875,2348.817626953125,0,0,1,0,0,0,0,0,0,1,0,1,0.03951811045408249,0.019942089915275574,0.24131686985492706,0.016912179067730904,0.007313217036426067,0.014316086657345295,0.00782873947173357,0.038183506578207016,0.07644830644130707,0.0695568174123764,0.0036589805968105793,0.03518267720937729
9,0.3,,,,insightface_bbox,0.7173579931259155,0.0,857.6334228515625,928.8446044921875,2348.817626953125,0,0,1,0,0,0,0,0,0,1,0,1,0.039697084575891495,0.0199416633695364,0.2445351928472519,0.016955029219388962,0.007372444961220026,0.014746327884495258,0.0074270348995924,0.03928425908088684,0.07668190449476242,0.07155320048332214,0.003995543345808983,0.03614935651421547
10,0.3333333333333333,,,,insightface_bbox,0.7173579931259155,0.0,857.6334228515625,928.8446044921875,2348.817626953125,0,0,1,0,0,0,0,0,0,1,0,1,0.03913337364792824,0.019771654158830643,0.2412097454071045,0.01671779155731201,0.007521673571318388,0.015055224299430847,0.00700265821069479,0.040323153138160706,0.07724450528621674,0.07357857376337051,0.004063151311129332,0.03618288040161133
11,0.36666666666666664,,,,insightface_bbox,0.7173579931259155,0.0,857.6334228515625,928.8446044921875,2348.817626953125,0,0,1,0,0,0,0,0,0,1,0,1,0.03857642039656639,0.01946365460753441,0.23789098858833313,0.016502972692251205,0.007480374071747065,0.015012748539447784,0.006562400609254837,0.04090142250061035,0.07819931209087372,0.07469159364700317,0.00408049114048481,0.03653893992304802
12,0.4,,,,insightface_bbox,0.6831265091896057,0.0,875.3780517578125,917.3251953125,2394.01611328125,0,0,1,0,0,0,0,0,0,1,0,1,0.03633062168955803,0.01880492828786373,0.22772379219532013,0.016579532995820045,0.007339281029999256,0.013847555965185165,0.006664533168077469,0.04206962138414383,0.08216620236635208,0.0754087045788765,0.003194428514689207,0.03390536084771156
13,0.43333333333333335,,,,insightface_bbox,0.6831265091896057,0.0,875.3780517578125,917.3251953125,2394.01611328125,0,0,1,0,0,0,0,0,0,1,0,1,0.03697218745946884,0.01964416541159153,0.21948976814746857,0.016923975199460983,0.007467404007911682,0.014174929820001125,0.0068875025026500225,0.041418641805648804,0.0853334367275238,0.07520174235105515,0.003195818979293108,0.03349211439490318
14,0.4666666666666667,,,,insightface_bbox,0.6831265091896057,0.0,875.3780517578125,917.3251953125,2394.01611328125,0,0,1,0,0,0,0,0,0,1,0,1,0.03663070872426033,0.019741186872124672,0.21284238994121552,0.016852648928761482,0.007656433619558811,0.014405300840735435,0.006728478707373142,0.04145493358373642,0.08682578802108765,0.0753781795501709,0.0033493514638394117,0.033616602420806885
15,0.5,,,,insightface_bbox,0.6831265091896057,0.0,875.3780517578125,917.3251953125,2394.01611328125,0,0,1,0,0,0,0,0,0,1,0,1,0.0354948453605175,0.019394440576434135,0.19643670320510864,0.01650276780128479,0.007232585921883583,0.013518757186830044,0.006804614327847958,0.03813512995839119,0.08305744081735611,0.06981947273015976,0.0030981111340224743,0.032008036971092224
16,0.5333333333333333,,,,insightface_bbox,0.6831265091896057,0.0,875.3780517578125,917.3251953125,2394.01611328125,0,0,1,0,0,0,0,0,0,1,0,1,0.03493759036064148,0.019355585798621178,0.19694161415100098,0.016446977853775024,0.007040355354547501,0.013408996164798737,0.006808027625083923,0.036713872104883194,0.08080779761075974,0.06663999706506729,0.0029543759301304817,0.030310528352856636
17,0.5666666666666667,,,,insightface_bbox,0.6831265091896057,0.0,875.3780517578125,917.3251953125,2394.01611328125,0,0,1,0,0,0,0,0,0,1,0,1,0.034213751554489136,0.019154837355017662,0.19056306779384613,0.016443703323602676,0.006866762414574623,0.013213962316513062,0.0069363415241241455,0.03603227064013481,0.07869168370962143,0.06415669620037079,0.002827252959832549,0.02887175977230072
18,0.6,,,,insightface_bbox,0.6837059259414673,0.0,841.6909790039062,923.6636962890625,2418.0068359375,0,0,1,0,0,0,0,0,0,1,0,1,0.03265061974525452,0.018493138253688812,0.17614352703094482,0.01615866832435131,0.006550133693963289,0.012342145666480064,0.007470771204680204,0.03339814767241478,0.07478789240121841,0.061075665056705475,0.0027435477823019028,0.02949409931898117
19,0.6333333333333333,,,,insightface_bbox,0.6837059259414673,0.0,841.6909790039062,923.6636962890625,2418.0068359375,0,0,1,0,0,0,0,0,0,1,0,1,0.03251758962869644,0.018456310033798218,0.17371749877929688,0.016143538057804108,0.00660783052444458,0.012423627078533173,0.007235613185912371,0.03218301013112068,0.07210027426481247,0.05832574516534805,0.002908596070483327,0.02964644879102707
20,0.6666666666666666,,,,insightface_bbox,0.6837059259414673,0.0,841.6909790039062,923.6636962890625,2418.0068359375,0,0,1,0,0,0,0,0,0,1,0,1,0.03270978480577469,0.01838775724172592,0.16866520047187805,0.015762582421302795,0.00649742828682065,0.01232977770268917,0.006832299754023552,0.031890690326690674,0.07153234630823135,0.05691557750105858,0.002947026863694191,0.029216572642326355
21,0.7,,,,insightface_bbox,0.6837059259414673,0.0,841.6909790039062,923.6636962890625,2418.0068359375,0,0,1,0,0,0,0,0,0,1,0,1,0.03256528824567795,0.018152600154280663,0.16714556515216827,0.01533551700413227,0.006441120989620686,0.012401151470839977,0.006375838071107864,0.03106500953435898,0.07084564119577408,0.05698355287313461,0.003014868125319481,0.02883881703019142
22,0.7333333333333333,,,,insightface_bbox,0.6837059259414673,0.0,841.6909790039062,923.6636962890625,2418.0068359375,0,0,1,0,0,0,0,0,0,1,0,1,0.03239252418279648,0.017748771235346794,0.1618783324956894,0.01480210479348898,0.006347834598273039,0.012276648543775082,0.005821291357278824,0.030121207237243652,0.07133512198925018,0.05710386112332344,0.003010715823620558,0.028459085151553154
23,0.7666666666666667,,,,insightface_bbox,0.6837059259414673,0.0,841.6909790039062,923.6636962890625,2418.0068359375,0,0,1,0,0,0,0,0,0,1,0,1,0.03096632845699787,0.017176808789372444,0.156194806098938,0.014244608581066132,0.006149075925350189,0.011862635612487793,0.005420040339231491,0.028950583189725876,0.07000075280666351,0.05651599168777466,0.002745289821177721,0.02702142298221588
24,0.8,,,,insightface_bbox,0.7047708034515381,0.0,848.5311889648438,921.0992431640625,2435.333984375,0,0,1,0,0,0,0,0,0,1,0,1,0.032551590353250504,0.01833205297589302,0.1827116310596466,0.015415513888001442,0.006759056821465492,0.012732336297631264,0.006531388498842716,0.030418474227190018,0.07445105910301208,0.0582466647028923,0.0026142632123082876,0.027182526886463165
25,0.8333333333333334,,,,insightface_bbox,0.7047708034515381,0.0,848.5311889648438,921.0992431640625,2435.333984375,0,0,1,0,0,0,0,0,0,1,0,1,0.03260474279522896,0.01852724887430668,0.18263539671897888,0.01541953720152378,0.007042105309665203,0.013425917364656925,0.0066884951665997505,0.028860976919531822,0.07523441314697266,0.05868922173976898,0.0026986724697053432,0.027661338448524475
26,0.8666666666666667,,,,insightface_bbox,0.7047708034515381,0.0,848.5311889648438,921.0992431640625,2435.333984375,0,0,1,0,0,0,0,0,0,1,0,1,0.03326570242643356,0.01876976527273655,0.18122166395187378,0.015455865301191807,0.007138118147850037,0.01381358690559864,0.007058887742459774,0.027248218655586243,0.07579538971185684,0.06003078445792198,0.0025845509953796864,0.028214387595653534
27,0.9,,,,insightface_bbox,0.7047708034515381,0.0,848.5311889648438,921.0992431640625,2435.333984375,0,0,1,0,0,0,0,0,0,1,0,1,0.03278014808893204,0.018434226512908936,0.1796731948852539,0.01504858210682869,0.007152101024985313,0.013777507469058037,0.006553805433213711,0.026023633778095245,0.07615251839160919,0.05920994654297829,0.00245372555218637,0.027952343225479126
28,0.9333333333333333,,,,insightface_bbox,0.7047708034515381,0.0,848.5311889648438,921.0992431640625,2435.333984375,0,0,1,0,0,0,0,0,0,1,0,1,0.0341416597366333,0.019063051789999008,0.19073954224586487,0.015087975189089775,0.007223830558359623,0.01401888020336628,0.00644448958337307,0.025870127603411674,0.07817023247480392,0.059902217239141464,0.0024575022980570793,0.028466682881116867
29,0.9666666666666667,,,,insightface_bbox,0.7047708034515381,0.0,848.5311889648438,921.0992431640625,2435.333984375,0,0,1,0,0,0,0,0,0,1,0,1,0.03447240591049194,0.019145730882883072,0.19007608294487,0.01488993689417839,0.007193090859800577,0.013803522102534771,0.006347166374325752,0.02530386671423912,0.07702310383319855,0.059420838952064514,0.002490577520802617,0.02881307154893875
30,1.0,,,,insightface_bbox,0.7292788028717041,0.0,859.2373046875,912.11962890625,2461.284423828125,0,0,1,0,0,0,0,0,0,1,0,1,0.03572945296764374,0.019742732867598534,0.19833029806613922,0.015266293659806252,0.0075685931369662285,0.014393717050552368,0.006546787451952696,0.024563807994127274,0.07828527688980103,0.06107710301876068,0.002803787589073181,0.030556723475456238
31,1.0333333333333334,,,,insightface_bbox,0.7292788028717041,0.0,859.2373046875,912.11962890625,2461.284423828125,0,0,1,0,0,0,0,0,0,1,0,1,0.032999590039253235,0.018091417849063873,0.1850210279226303,0.014708880335092545,0.007187359966337681,0.014121487736701965,0.005897164810448885,0.025417722761631012,0.07595284283161163,0.058434661477804184,0.0026700098533183336,0.027716390788555145
32,1.0666666666666667,,,,insightface_bbox,0.7292788028717041,0.0,859.2373046875,912.11962890625,2461.284423828125,0,0,1,0,0,0,0,0,0,1,0,1,0.033371470868587494,0.01759314350783825,0.17761793732643127,0.014039486646652222,0.006917322985827923,0.01382329873740673,0.005777448415756226,0.02338215336203575,0.07046887278556824,0.05350050330162048,0.0025085241068154573,0.02596108615398407
33,1.1,,,,insightface_bbox,0.7292788028717041,0.0,859.2373046875,912.11962890625,2461.284423828125,0,0,1,0,0,0,0,0,0,1,0,1,0.033834267407655716,0.017475556582212448,0.1751769483089447,0.013856402598321438,0.006625881418585777,0.013358160853385925,0.005613184534013271,0.023763207718729973,0.06856492161750793,0.05324413999915123,0.0026748930104076862,0.026775037869811058
34,1.1333333333333333,,,,insightface_bbox,0.7292788028717041,0.0,859.2373046875,912.11962890625,2461.284423828125,0,0,1,0,0,0,0,0,0,1,0,1,0.03365175798535347,0.017549710348248482,0.16775643825531006,0.013530019670724869,0.006394742988049984,0.012855623848736286,0.005328609142452478,0.022900670766830444,0.0627300962805748,0.049247030168771744,0.002878230530768633,0.026918724179267883
35,1.1666666666666667,,,,insightface_bbox,0.7292788028717041,0.0,859.2373046875,912.11962890625,2461.284423828125,0,0,1,0,0,0,0,0,0,1,0,1,0.03394797071814537,0.01781846024096012,0.16854923963546753,0.013689298182725906,0.006514955777674913,0.013248205184936523,0.005509377922862768,0.02306642010807991,0.06271769106388092,0.04916480928659439,0.0030021683778613806,0.02713555283844471
36,1.2,,,,insightface_bbox,0.6772974133491516,0.0,861.7828369140625,932.64501953125,2399.931884765625,0,0,1,0,0,0,0,0,0,1,0,1,0.04283733665943146,0.02116427756845951,0.2170080691576004,0.017531773075461388,0.007328428328037262,0.016145870089530945,0.009151780977845192,0.027965255081653595,0.07539422065019608,0.06277281790971756,0.004572597797960043,0.03524003550410271
37,1.2333333333333334,,,,insightface_bbox,0.6772974133491516,0.0,861.7828369140625,932.64501953125,2399.931884765625,0,0,1,0,0,0,0,0,0,1,0,1,0.03938969969749451,0.019663508981466293,0.2003191113471985,0.015864107757806778,0.006757363677024841,0.015261895954608917,0.007016442716121674,0.02562231570482254,0.07116369158029556,0.05879247561097145,0.0038180621340870857,0.03218653425574303
38,1.2666666666666666,,,,insightface_bbox,0.6772974133491516,0.0,861.7828369140625,932.64501953125,2399.931884765625,0,0,1,0,0,0,0,0,0,1,0,1,0.039018016308546066,0.02003026008605957,0.20741191506385803,0.016234323382377625,0.006718930788338184,0.015512826852500439,0.0069574289955198765,0.02773282863199711,0.0708218663930893,0.06754086166620255,0.0045671770349144936,0.03710591420531273
39,1.3,,,,insightface_bbox,0.6772974133491516,0.0,861.7828369140625,932.64501953125,2399.931884765625,0,0,1,0,0,0,0,0,0,1,0,1,0.03982393071055412,0.019904522225260735,0.20435577630996704,0.015981972217559814,0.006806918419897556,0.01539413072168827,0.00680865254253149,0.027650650590658188,0.07177236676216125,0.06925112009048462,0.004172657150775194,0.03629332035779953
40,1.3333333333333333,,,,insightface_bbox,0.6772974133491516,0.0,861.7828369140625,932.64501953125,2399.931884765625,0,0,1,0,0,0,0,0,0,1,0,1,0.04508696869015694,0.02118190936744213,0.23640306293964386,0.01705879531800747,0.0074921404011547565,0.01778305694460869,0.007242352701723576,0.030074570327997208,0.07920127362012863,0.07780208438634872,0.005298558622598648,0.04144279658794403
41,1.3666666666666667,,,,insightface_bbox,0.6772974133491516,0.0,861.7828369140625,932.64501953125,2399.931884765625,0,0,1,0,0,0,0,0,0,1,0,1,0.047074176371097565,0.021985361352562904,0.2361649125814438,0.017263565212488174,0.007621845230460167,0.018148694187402725,0.008058289997279644,0.028400002047419548,0.08312761783599854,0.0798044428229332,0.0046961563639342785,0.03957244008779526
42,1.4,,,,insightface_bbox,0.7013771533966064,0.0,841.0755615234375,902.305908203125,2461.130859375,0,0,1,0,0,0,0,0,0,1,0,1,0.036893248558044434,0.019197987392544746,0.1934221386909485,0.01450599916279316,0.006698714569211006,0.013967213220894337,0.0060992855578660965,0.024027317762374878,0.06641445308923721,0.06046246737241745,0.0024395938962697983,0.027686914429068565
43,1.4333333333333333,,,,insightface_bbox,0.7013771533966064,0.0,841.0755615234375,902.305908203125,2461.130859375,0,0,1,0,0,0,0,0,0,1,0,1,0.03587405011057854,0.01848103664815426,0.16836890578269958,0.01409873552620411,0.006317002698779106,0.014089676551520824,0.005735980346798897,0.023288700729608536,0.06510144472122192,0.058517832309007645,0.0031314678490161896,0.029592325910925865
44,1.4666666666666666,,,,insightface_bbox,0.7013771533966064,0.0,841.0755615234375,902.305908203125,2461.130859375,0,0,1,0,0,0,0,0,0,1,0,1,0.0343959741294384,0.017233410850167274,0.17134502530097961,0.012940585613250732,0.006289020646363497,0.013751378282904625,0.005046335980296135,0.021771200001239777,0.06364705413579941,0.053925611078739166,0.003059789538383484,0.029226087033748627
45,1.5,,,,insightface_bbox,0.7013771533966064,0.0,841.0755615234375,902.305908203125,2461.130859375,0,0,1,0,0,0,0,0,0,1,0,1,0.03412812948226929,0.017760595306754112,0.16829431056976318,0.013447566889226437,0.0063311452977359295,0.013612368144094944,0.005468060728162527,0.023444000631570816,0.06193685531616211,0.053905315697193146,0.0033652407582849264,0.029590625315904617
46,1.5333333333333334,,,,insightface_bbox,0.7013771533966064,0.0,841.0755615234375,902.305908203125,2461.130859375,0,0,1,0,0,0,0,0,0,1,0,1,0.034247130155563354,0.018073994666337967,0.1639818549156189,0.013467425480484962,0.006447537802159786,0.013783621601760387,0.005560313351452351,0.02305857464671135,0.0616392083466053,0.05301469936966896,0.00342665147036314,0.029489126056432724
47,1.5666666666666667,,,,insightface_bbox,0.7013771533966064,0.0,841.0755615234375,902.305908203125,2461.130859375,0,0,1,0,0,0,0,0,0,1,0,1,0.035101715475320816,0.01845257543027401,0.17116427421569824,0.013875179924070835,0.006675601936876774,0.013972493819892406,0.00595403416082263,0.02366684377193451,0.061970729380846024,0.05294855684041977,0.003596814814954996,0.03045414760708809
48,1.6,,,,insightface_bbox,0.7033949494361877,0.0,817.0845336914062,934.3557739257812,2368.27392578125,0,0,1,0,0,0,0,0,0,1,0,0,0.04497672617435455,0.022298617288470268,0.1755601167678833,0.018549364060163498,0.00797799602150917,0.01824517361819744,0.010442832484841347,0.03113306686282158,0.08324720710515976,0.07022903114557266,0.00831347331404686,0.04493207111954689
49,1.6333333333333333,,,,insightface_bbox,0.7033949494361877,0.0,817.0845336914062,934.3557739257812,2368.27392578125,0,0,1,0,0,0,0,0,0,1,0,0,0.04477479308843613,0.02225469797849655,0.18187907338142395,0.01872747763991356,0.007877537980675697,0.01842246949672699,0.009856723248958588,0.031352438032627106,0.0809241458773613,0.06928914040327072,0.008966740220785141,0.04556013271212578
50,1.6666666666666667,,,,insightface_bbox,0.7033949494361877,0.0,817.0845336914062,934.3557739257812,2368.27392578125,0,0,1,0,0,0,0,0,0,1,0,0,0.03975728154182434,0.019823050126433372,0.18323339521884918,0.016938254237174988,0.006911830976605415,0.016980689018964767,0.007144405506551266,0.029357654973864555,0.0762718990445137,0.06761349737644196,0.007383855525404215,0.043137747794389725
51,1.7,,,,insightface_bbox,0.7033949494361877,0.0,817.0845336914062,934.3557739257812,2368.27392578125,0,0,1,0,0,0,0,0,0,1,0,0,0.044288840144872665,0.023214098066091537,0.19644388556480408,0.019038181751966476,0.007952975109219551,0.018980544060468674,0.010715765878558159,0.030404841527342796,0.08510507643222809,0.07830299437046051,0.007862785831093788,0.04679014906287193
52,1.7333333333333334,,,,insightface_bbox,0.7033949494361877,0.0,817.0845336914062,934.3557739257812,2368.27392578125,0,0,1,0,0,0,0,0,0,1,0,1,0.04365682974457741,0.023236103355884552,0.18810203671455383,0.01898161694407463,0.008433844894170761,0.01867186650633812,0.011057810857892036,0.03193037584424019,0.08466921746730804,0.07965958118438721,0.006958622485399246,0.04454350471496582
53,1.7666666666666666,,,,insightface_bbox,0.7033949494361877,0.0,817.0845336914062,934.3557739257812,2368.27392578125,0,0,1,0,0,0,0,0,0,1,0,1,0.043828435242176056,0.02327362447977066,0.19178277254104614,0.01915998011827469,0.008681592531502247,0.018809225410223007,0.011537503451108932,0.032550498843193054,0.08458475768566132,0.08081041276454926,0.006940900348126888,0.04501601681113243
54,1.8,,,,insightface_bbox,0.6866688132286072,0.0,832.305419921875,908.2504272460938,2457.291015625,0,0,1,0,0,0,0,0,0,1,0,1,0.03556787222623825,0.019637783989310265,0.17376700043678284,0.014688635244965553,0.007009921129792929,0.0140048423781991,0.006041574291884899,0.025260353460907936,0.06309675425291061,0.05910341069102287,0.0027331728488206863,0.02873769961297512
55,1.8333333333333333,,,,insightface_bbox,0.6866688132286072,0.0,832.305419921875,908.2504272460938,2457.291015625,0,0,1,0,0,0,0,0,0,1,0,1,0.03459572792053223,0.018388690426945686,0.16011206805706024,0.013363313861191273,0.006533059291541576,0.013747945427894592,0.005416062660515308,0.021133657544851303,0.05829032137989998,0.050327107310295105,0.0029995569493621588,0.029588833451271057
56,1.8666666666666667,,,,insightface_bbox,0.6866688132286072,0.0,832.305419921875,908.2504272460938,2457.291015625,0,0,1,0,0,0,0,0,0,1,0,1,0.03508628159761429,0.018118642270565033,0.16848662495613098,0.013211507350206375,0.006541940849274397,0.014166096225380898,0.0054565975442528725,0.021891480311751366,0.059288814663887024,0.0515982061624527,0.003033443121239543,0.028830749914050102
57,1.9,,,,insightface_bbox,0.6866688132286072,0.0,832.305419921875,908.2504272460938,2457.291015625,0,0,1,0,0,0,0,0,0,1,0,1,0.034708619117736816,0.018242090940475464,0.18456770479679108,0.01333434134721756,0.006497085094451904,0.014575068838894367,0.005484219640493393,0.022375013679265976,0.058654192835092545,0.051248837262392044,0.003216212848201394,0.029697474092245102
58,1.9333333333333333,,,,insightface_bbox,0.6866688132286072,0.0,832.305419921875,908.2504272460938,2457.291015625,0,0,1,0,0,0,0,0,0,1,0,1,0.03565547242760658,0.018283894285559654,0.1927386075258255,0.013602719642221928,0.006680104415863752,0.014757807366549969,0.005742335692048073,0.022919166833162308,0.05910037085413933,0.05160919576883316,0.003207502420991659,0.029703952372074127
59,1.9666666666666666,,,,insightface_bbox,0.6866688132286072,0.0,832.305419921875,908.2504272460938,2457.291015625,0,0,1,0,0,0,0,0,0,1,0,1,0.03574001044034958,0.017878876999020576,0.18641172349452972,0.012846742756664753,0.006424786522984505,0.01428074948489666,0.005144739523530006,0.021522365510463715,0.05923882871866226,0.05032625049352646,0.002870301017537713,0.028333712369203568
60,2.0,,,,insightface_bbox,0.6779172420501709,0.0,818.4824829101562,907.4828491210938,2441.9892578125,0,0,1,0,0,0,0,0,0,1,0,1,0.037831008434295654,0.020007889717817307,0.1882774382829666,0.014546547085046768,0.0069784484803676605,0.013945898041129112,0.006263070274144411,0.023756857961416245,0.06558110564947128,0.05770378187298775,0.0026436501648277044,0.028727006167173386
61,2.033333333333333,,,,insightface_bbox,0.6779172420501709,0.0,818.4824829101562,907.4828491210938,2441.9892578125,0,0,1,0,0,0,0,0,0,1,0,1,0.03801624849438667,0.02061660960316658,0.1833437979221344,0.014945893548429012,0.007122456561774015,0.014449464157223701,0.0066863554529845715,0.0244649238884449,0.06560256332159042,0.0579821914434433,0.002601034939289093,0.0289542768150568
62,2.066666666666667,,,,insightface_bbox,0.6779172420501709,0.0,818.4824829101562,907.4828491210938,2441.9892578125,0,0,1,0,0,0,0,0,0,1,0,1,0.03603250905871391,0.019822973757982254,0.16746801137924194,0.014506868086755276,0.007187572307884693,0.014028381556272507,0.006303797475993633,0.02389834076166153,0.066428042948246,0.057324253022670746,0.0028498764149844646,0.029987076297402382
63,2.1,,,,insightface_bbox,0.6779172420501709,0.0,818.4824829101562,907.4828491210938,2441.9892578125,0,0,1,0,0,0,0,0,0,1,0,1,0.03532890975475311,0.01837752014398575,0.16370227932929993,0.01354100089520216,0.006682968232780695,0.01356511190533638,0.0054520508274436,0.022903138771653175,0.06531798094511032,0.05455098673701286,0.002912635449320078,0.029476195573806763
64,2.1333333333333333,,,,insightface_bbox,0.6779172420501709,0.0,818.4824829101562,907.4828491210938,2441.9892578125,0,0,1,0,0,0,0,0,0,1,0,1,0.036551687866449356,0.018660496920347214,0.17663197219371796,0.013877331279218197,0.006797130219638348,0.014014821499586105,0.0055955820716917515,0.02415323816239834,0.0688161551952362,0.05898160859942436,0.0029356705490499735,0.030731474980711937
65,2.1666666666666665,,,,insightface_bbox,0.6779172420501709,0.0,818.4824829101562,907.4828491210938,2441.9892578125,0,0,1,0,0,0,0,0,0,1,0,1,0.03745385259389877,0.020106401294469833,0.18806585669517517,0.014654630795121193,0.006871204823255539,0.014436567202210426,0.006011428777128458,0.024736488237977028,0.06733294576406479,0.06153736636042595,0.002852039411664009,0.03026050515472889
66,2.2,,,,insightface_bbox,0.7113561034202576,0.0,841.8189697265625,897.3345336914062,2468.626708984375,0,0,1,0,0,0,0,0,0,1,0,1,0.039354681968688965,0.020383566617965698,0.2547399401664734,0.015613232739269733,0.007761083077639341,0.01615651696920395,0.006797146517783403,0.030161404982209206,0.06931634247303009,0.06537757813930511,0.0032555763609707355,0.03043198585510254
67,2.2333333333333334,,,,insightface_bbox,0.7113561034202576,0.0,841.8189697265625,897.3345336914062,2468.626708984375,0,0,1,0,0,0,0,0,0,1,0,1,0.0401083342730999,0.020450232550501823,0.2628879249095917,0.015558592043817043,0.007984189316630363,0.016441233456134796,0.006861791014671326,0.030166681855916977,0.06979108601808548,0.0655861347913742,0.003210753435268998,0.030595440417528152
68,2.2666666666666666,,,,insightface_bbox,0.7113561034202576,0.0,841.8189697265625,897.3345336914062,2468.626708984375,0,0,1,0,0,0,0,0,0,1,0,1,0.039096735417842865,0.019990915432572365,0.23502019047737122,0.015310561284422874,0.007836928591132164,0.015685180202126503,0.006465217564254999,0.02791432850062847,0.06854928284883499,0.06298577785491943,0.003443025518208742,0.030237341299653053
69,2.3,,,,insightface_bbox,0.7113561034202576,0.0,841.8189697265625,897.3345336914062,2468.626708984375,0,0,1,0,0,0,0,0,0,1,0,1,0.03734593093395233,0.019359439611434937,0.21368855237960815,0.014511944726109505,0.007740985602140427,0.016092177480459213,0.006031655706465244,0.023925017565488815,0.06193286180496216,0.053596798330545425,0.0038884859532117844,0.031147247180342674
70,2.3333333333333335,,,,insightface_bbox,0.7113561034202576,0.0,841.8189697265625,897.3345336914062,2468.626708984375,0,0,1,0,0,0,0,0,0,1,0,1,0.037271469831466675,0.019006311893463135,0.22291597723960876,0.014252915047109127,0.007709068711847067,0.016518807038664818,0.0060769193805754185,0.025341130793094635,0.06307020038366318,0.055262912064790726,0.0038786695804446936,0.03241954743862152
71,2.3666666666666667,,,,insightface_bbox,0.7113561034202576,0.0,841.8189697265625,897.3345336914062,2468.626708984375,0,0,1,0,0,0,0,0,0,1,0,1,0.0356585755944252,0.01858649216592312,0.22063477337360382,0.014032498002052307,0.0075315749272704124,0.01602650247514248,0.00594620406627655,0.02595602348446846,0.06204560026526451,0.05444157123565674,0.0036908513866364956,0.031516775488853455
72,2.4,,,,insightface_bbox,0.7336280345916748,0.0,805.4442138671875,933.7062377929688,2336.1826171875,0,0,1,0,0,0,0,0,0,1,0,1,0.0430525541305542,0.02096010185778141,0.19256040453910828,0.017008518800139427,0.007811858784407377,0.017481371760368347,0.008185812272131443,0.02861333265900612,0.08119489252567291,0.06780679523944855,0.005923980847001076,0.03756504878401756
73,2.433333333333333,,,,insightface_bbox,0.7336280345916748,0.0,805.4442138671875,933.7062377929688,2336.1826171875,0,0,1,0,0,0,0,0,0,1,0,1,0.04238389432430267,0.020952077582478523,0.1817532479763031,0.016993287950754166,0.007822067476809025,0.017576472833752632,0.00841711275279522,0.028408486396074295,0.08144569396972656,0.0675099566578865,0.006093400530517101,0.03818323463201523
74,2.466666666666667,,,,insightface_bbox,0.7336280345916748,0.0,805.4442138671875,933.7062377929688,2336.1826171875,0,0,1,0,0,0,0,0,0,1,0,1,0.04271452873945236,0.02115747705101967,0.18245714902877808,0.01698087528347969,0.007823720574378967,0.01723574660718441,0.008357184007763863,0.02848450094461441,0.0822291225194931,0.06698661297559738,0.005646319128572941,0.03748871386051178
75,2.5,,,,insightface_bbox,0.7336280345916748,0.0,805.4442138671875,933.7062377929688,2336.1826171875,0,0,1,0,0,0,0,0,0,1,0,1,0.041645221412181854,0.020793993026018143,0.17854423820972443,0.016526086255908012,0.007629348896443844,0.01653296686708927,0.007795533165335655,0.027768291532993317,0.08169868588447571,0.06536109000444412,0.004967011045664549,0.035235513001680374
76,2.533333333333333,,,,insightface_bbox,0.7336280345916748,0.0,805.4442138671875,933.7062377929688,2336.1826171875,0,0,1,0,0,0,0,0,0,1,0,1,0.041196439415216446,0.020714182406663895,0.17390283942222595,0.0164524894207716,0.00749277463182807,0.016248881816864014,0.00778021989390254,0.02769099920988083,0.08040531724691391,0.06474582850933075,0.0048697576858103275,0.03486045077443123
77,2.566666666666667,,,,insightface_bbox,0.7336280345916748,0.0,805.4442138671875,933.7062377929688,2336.1826171875,0,0,1,0,0,0,0,0,0,1,0,1,0.04270824044942856,0.02127208560705185,0.1849125474691391,0.01685684733092785,0.007584822364151478,0.016898138448596,0.008088978007435799,0.028117934241890907,0.07942372560501099,0.06558533012866974,0.0056334733963012695,0.03676832467317581
78,2.6,,,,insightface_bbox,0.7041784524917603,0.0,823.0357055664062,929.0301513671875,2349.149658203125,0,0,1,0,0,0,0,0,0,1,0,0,0.04357399418950081,0.02167872153222561,0.20071110129356384,0.016970911994576454,0.007187763229012489,0.01788008213043213,0.008006308227777481,0.028298627585172653,0.0753633975982666,0.06357620656490326,0.00684552825987339,0.03829728439450264
79,2.6333333333333333,,,,insightface_bbox,0.7041784524917603,0.0,823.0357055664062,929.0301513671875,2349.149658203125,0,0,1,0,0,0,0,0,0,1,0,0,0.04681718349456787,0.022459901869297028,0.23949110507965088,0.01866544596850872,0.00787285529077053,0.01950502209365368,0.009614307433366776,0.03147682547569275,0.07440777122974396,0.06539218872785568,0.009101985022425652,0.0455838143825531
80,2.6666666666666665,,,,insightface_bbox,0.7041784524917603,0.0,823.0357055664062,929.0301513671875,2349.149658203125,0,0,1,0,0,0,0,0,0,1,0,0,0.046215951442718506,0.02303886041045189,0.2460332065820694,0.019452296197414398,0.008119754493236542,0.02141205593943596,0.01128181628882885,0.03234776481986046,0.08007748425006866,0.07442989945411682,0.00870051421225071,0.04677882790565491
81,2.7,,,,insightface_bbox,0.7041784524917603,0.0,823.0357055664062,929.0301513671875,2349.149658203125,0,0,1,0,0,0,0,0,0,1,0,0,0.04409289360046387,0.022885184735059738,0.21757163107395172,0.018320055678486824,0.007666508201509714,0.019424881786108017,0.008746356703341007,0.03128119558095932,0.07590489089488983,0.06782624870538712,0.008162114769220352,0.04307415336370468
82,2.7333333333333334,,,,insightface_bbox,0.7041784524917603,0.0,823.0357055664062,929.0301513671875,2349.149658203125,0,0,1,0,0,0,0,0,0,1,0,1,0.041103363037109375,0.02127262018620968,0.19873009622097015,0.01660247892141342,0.007112082559615374,0.016979945823550224,0.00703413924202323,0.02799002267420292,0.07516708970069885,0.06312970817089081,0.00584755465388298,0.036208510398864746
83,2.7666666666666666,,,,insightface_bbox,0.7041784524917603,0.0,823.0357055664062,929.0301513671875,2349.149658203125,0,0,1,0,0,0,0,0,0,1,0,1,0.04138091951608658,0.021048706024885178,0.18941155076026917,0.016499700024724007,0.0071985251270234585,0.017255552113056183,0.007216359954327345,0.027796944603323936,0.07712260633707047,0.06388889998197556,0.005974492523819208,0.035633500665426254
84,2.8,,,,insightface_bbox,0.7091109752655029,0.0,815.948974609375,924.7926635742188,2384.167724609375,0,0,1,0,0,0,0,0,0,1,0,0,0.03959455341100693,0.020736662670969963,0.19866777956485748,0.016076423227787018,0.007301442325115204,0.016838839277625084,0.007215477060526609,0.027155878022313118,0.07020978629589081,0.0611092709004879,0.006325301714241505,0.03830234333872795
85,2.8333333333333335,,,,insightface_bbox,0.7091109752655029,0.0,815.948974609375,924.7926635742188,2384.167724609375,0,0,1,0,0,0,0,0,0,1,0,0,0.03864756226539612,0.021001145243644714,0.190568745136261,0.015921594575047493,0.0073278979398310184,0.017495324835181236,0.007414836902171373,0.028149444609880447,0.07380446791648865,0.06263803690671921,0.0053352960385382175,0.034910671412944794
86,2.8666666666666667,,,,insightface_bbox,0.7091109752655029,0.0,815.948974609375,924.7926635742188,2384.167724609375,0,0,1,0,0,0,0,0,0,1,0,0,0.03745243325829506,0.020432109013199806,0.18206380307674408,0.01545090600848198,0.007045133970677853,0.016056369990110397,0.007085099816322327,0.026249147951602936,0.06809531152248383,0.05919817462563515,0.0051135653629899025,0.034485649317502975
87,2.9,,,,insightface_bbox,0.7091109752655029,0.0,815.948974609375,924.7926635742188,2384.167724609375,0,0,1,0,0,0,0,0,0,1,0,1,0.03607902303338051,0.01939333602786064,0.17929844558238983,0.014782294631004333,0.0068526905961334705,0.015106728300452232,0.006243490613996983,0.02481452189385891,0.06644314527511597,0.057136472314596176,0.004710025154054165,0.03303592652082443
88,2.933333333333333,,,,insightface_bbox,0.7091109752655029,0.0,815.948974609375,924.7926635742188,2384.167724609375,0,0,1,0,0,0,0,0,0,1,0,0,0.03570402041077614,0.019267911091446877,0.17996624112129211,0.014905673451721668,0.006991259753704071,0.015269544906914234,0.006385389249771833,0.025131693109869957,0.06682853400707245,0.057717934250831604,0.004773847293108702,0.0329352505505085
89,2.966666666666667,,,,insightface_bbox,0.7091109752655029,0.0,815.948974609375,924.7926635742188,2384.167724609375,0,0,1,0,0,0,0,0,0,1,0,1,0.036501068621873856,0.01940053142607212,0.18752463161945343,0.015079799108207226,0.007013119291514158,0.015517245046794415,0.006525795441120863,0.025031743571162224,0.06735791265964508,0.05790184438228607,0.005021323449909687,0.03403828293085098
90,3.0,,,,insightface_bbox,0.7315415143966675,0.0,796.2130737304688,923.753662109375,2349.994140625,0,0,1,0,0,0,0,0,0,1,0,1,0.03908095881342888,0.0201643705368042,0.20247383415699005,0.015886247158050537,0.00702548585832119,0.015844259411096573,0.007280637510120869,0.026246393099427223,0.07123561203479767,0.06108786538243294,0.0049406541511416435,0.03434181213378906
91,3.033333333333333,,,,insightface_bbox,0.7315415143966675,0.0,796.2130737304688,923.753662109375,2349.994140625,0,0,1,0,0,0,0,0,0,1,0,1,0.03914780169725418,0.019844554364681244,0.20206166803836823,0.015891382470726967,0.007164862938225269,0.01573779433965683,0.00706022884696722,0.026002397760748863,0.07088138908147812,0.06080567464232445,0.005029093474149704,0.034107934683561325
92,3.066666666666667,,,,insightface_bbox,0.7315415143966675,0.0,796.2130737304688,923.753662109375,2349.994140625,0,0,1,0,0,0,0,0,0,1,0,1,0.04072047397494316,0.019984450191259384,0.21342191100120544,0.016099950298666954,0.00722888857126236,0.01608940213918686,0.007058346644043922,0.026333671063184738,0.0691726952791214,0.059679754078388214,0.005308764521032572,0.03438646346330643
93,3.1,,,,insightface_bbox,0.7315415143966675,0.0,796.2130737304688,923.753662109375,2349.994140625,0,0,1,0,0,0,0,0,0,1,0,1,0.04119180515408516,0.01992426998913288,0.21633240580558777,0.01612742431461811,0.007075022906064987,0.016386251896619797,0.007065718062222004,0.026139605790376663,0.06932336091995239,0.05944425240159035,0.005916492082178593,0.03578607738018036
94,3.1333333333333333,,,,insightface_bbox,0.7315415143966675,0.0,796.2130737304688,923.753662109375,2349.994140625,0,0,1,0,0,0,0,0,0,1,0,0,0.04401266947388649,0.020870577543973923,0.2357618659734726,0.017062906175851822,0.00746378768235445,0.017454080283641815,0.008116512559354305,0.02794208750128746,0.06948882341384888,0.0592847615480423,0.006856967229396105,0.04034705460071564
95,3.1666666666666665,,,,insightface_bbox,0.7315415143966675,0.0,796.2130737304688,923.753662109375,2349.994140625,0,0,1,0,0,0,0,0,0,1,0,0,0.04670647531747818,0.02282978966832161,0.26003509759902954,0.0185420960187912,0.007928798906505108,0.021792441606521606,0.009599010460078716,0.031142111867666245,0.07818315923213959,0.07325904816389084,0.008464735932648182,0.047345370054244995
96,3.2,,,,insightface_bbox,0.7155712842941284,0.0,845.3078002929688,894.282470703125,2465.559814453125,0,0,1,0,0,0,0,0,0,1,0,1,0.0445767417550087,0.02211877703666687,0.3603096008300781,0.017157889902591705,0.008414235897362232,0.018704093992710114,0.007858763448894024,0.031242622062563896,0.0733889564871788,0.07340698689222336,0.004450617823749781,0.036997079849243164
97,3.2333333333333334,,,,insightface_bbox,0.7155712842941284,0.0,845.3078002929688,894.282470703125,2465.559814453125,0,0,1,0,0,0,0,0,0,1,0,1,0.044279105961322784,0.022274091839790344,0.3303026556968689,0.01696946658194065,0.008572211489081383,0.01801440306007862,0.007604432292282581,0.030011918395757675,0.07096682488918304,0.0700443834066391,0.004249607212841511,0.0355442650616169
98,3.2666666666666666,,,,insightface_bbox,0.7155712842941284,0.0,845.3078002929688,894.282470703125,2465.559814453125,0,0,1,0,0,0,0,0,0,1,0,1,0.040936179459095,0.020826859399676323,0.2887992858886719,0.01591303013265133,0.008379042148590088,0.017894096672534943,0.007051792461425066,0.026466932147741318,0.06554679572582245,0.06322352588176727,0.004666827153414488,0.03524724021553993
99,3.3,,,,insightface_bbox,0.7155712842941284,0.0,845.3078002929688,894.282470703125,2465.559814453125,0,0,1,0,0,0,0,0,0,1,0,1,0.03953004255890846,0.02023410052061081,0.2754519581794739,0.015460713766515255,0.008230314590036869,0.0173884779214859,0.00686134397983551,0.025627397000789642,0.06467081606388092,0.06055570766329765,0.004504650831222534,0.03412266820669174
100,3.3333333333333335,,,,insightface_bbox,0.7155712842941284,0.0,845.3078002929688,894.282470703125,2465.559814453125,0,0,1,0,0,0,0,0,0,1,0,1,0.03841785341501236,0.019858574494719505,0.2605597972869873,0.015300637111067772,0.008135464042425156,0.01703866943717003,0.006760643795132637,0.02566464990377426,0.06447689980268478,0.05979422107338905,0.004353275988250971,0.03320397436618805
101,3.3666666666666667,,,,insightface_bbox,0.7155712842941284,0.0,845.3078002929688,894.282470703125,2465.559814453125,0,0,1,0,0,0,0,0,0,1,0,1,0.03885878995060921,0.020018097013235092,0.2654097080230713,0.015420563519001007,0.008047321811318398,0.01700207218527794,0.006797657813876867,0.026197649538517,0.06410178542137146,0.059397220611572266,0.004409376997500658,0.03320828452706337
102,3.4,,,,insightface_bbox,0.728988528251648,0.0,824.2088012695312,911.8728637695312,2370.246826171875,0,0,1,0,0,0,0,0,0,1,0,1,0.036502655595541,0.0174906924366951,0.2067224085330963,0.013510524295270443,0.006790206767618656,0.015083333477377892,0.005472531542181969,0.0239345021545887,0.06616934388875961,0.05291474983096123,0.0032323761843144894,0.028970852494239807
103,3.433333333333333,,,,insightface_bbox,0.728988528251648,0.0,824.2088012695312,911.8728637695312,2370.246826171875,0,0,1,0,0,0,0,0,0,1,0,1,0.03719481825828552,0.01755545660853386,0.20835304260253906,0.013696851208806038,0.006828185170888901,0.014770547859370708,0.005771570838987827,0.024117549881339073,0.06693319231271744,0.05394621938467026,0.0032608024775981903,0.029709218069911003
104,3.466666666666667,,,,insightface_bbox,0.728988528251648,0.0,824.2088012695312,911.8728637695312,2370.246826171875,0,0,1,0,0,0,0,0,0,1,0,1,0.03674744442105293,0.0175958089530468,0.20670568943023682,0.013638351112604141,0.006643913220614195,0.014866996556520462,0.005748030263930559,0.02376902662217617,0.06639280170202255,0.05330812558531761,0.003245770698413253,0.02920536696910858
105,3.5,,,,insightface_bbox,0.728988528251648,0.0,824.2088012695312,911.8728637695312,2370.246826171875,0,0,1,0,0,0,0,0,0,1,0,1,0.036312878131866455,0.01739390566945076,0.19599196314811707,0.013353213667869568,0.006543867290019989,0.014829223975539207,0.0054967752657830715,0.02344384603202343,0.06625758111476898,0.05282370373606682,0.0033730510622262955,0.0290945153683424
106,3.533333333333333,,,,insightface_bbox,0.728988528251648,0.0,824.2088012695312,911.8728637695312,2370.246826171875,0,0,1,0,0,0,0,0,0,1,0,1,0.03744970262050629,0.018098415806889534,0.20505699515342712,0.013933614827692509,0.006715342402458191,0.01575089804828167,0.00601978600025177,0.023634878918528557,0.06891690939664841,0.05414199456572533,0.003834289498627186,0.030169298872351646
107,3.566666666666667,,,,insightface_bbox,0.728988528251648,0.0,824.2088012695312,911.8728637695312,2370.246826171875,0,0,1,0,0,0,0,0,0,1,0,1,0.036959417164325714,0.017877457663416862,0.21511264145374298,0.013908525928854942,0.006802880670875311,0.014993119984865189,0.005758089013397694,0.025455325841903687,0.06541799008846283,0.05401453375816345,0.0034644990228116512,0.030366750434041023
108,3.6,,,,insightface_bbox,0.7187402248382568,0.0,791.8600463867188,918.6328125,2395.73291015625,0,0,1,0,0,0,0,0,0,1,0,1,0.03932434692978859,0.019632786512374878,0.2116876244544983,0.015452279709279537,0.007032949943095446,0.016311146318912506,0.006985866464674473,0.025399809703230858,0.06770817935466766,0.05924399197101593,0.004988322965800762,0.036628589034080505
109,3.6333333333333333,,,,insightface_bbox,0.7187402248382568,0.0,791.8600463867188,918.6328125,2395.73291015625,0,0,1,0,0,0,0,0,0,1,0,1,0.03795821964740753,0.018980635330080986,0.19385692477226257,0.014970939606428146,0.0069556040689349174,0.01555614359676838,0.006568127311766148,0.026240980252623558,0.06512847542762756,0.05604466050863266,0.004705934319645166,0.0338958241045475
110,3.6666666666666665,,,,insightface_bbox,0.7187402248382568,0.0,791.8600463867188,918.6328125,2395.73291015625,0,0,1,0,0,0,0,0,0,1,0,0,0.04020174592733383,0.019800448790192604,0.20585986971855164,0.015748029574751854,0.007186069153249264,0.01610361784696579,0.007566572166979313,0.02667638286948204,0.0675719678401947,0.05552653223276138,0.005270479246973991,0.035598695278167725
111,3.7,,,,insightface_bbox,0.7187402248382568,0.0,791.8600463867188,918.6328125,2395.73291015625,0,0,1,0,0,0,0,0,0,1,0,0,0.0422683022916317,0.020530324429273605,0.2186298966407776,0.01649908907711506,0.007351991254836321,0.017395194619894028,0.008347882889211178,0.026004791259765625,0.07074560970067978,0.05785539001226425,0.005895479582250118,0.03664659708738327
112,3.7333333333333334,,,,insightface_bbox,0.7187402248382568,0.0,791.8600463867188,918.6328125,2395.73291015625,0,0,1,0,0,0,0,0,0,1,0,0,0.04130131006240845,0.02019256353378296,0.21947380900382996,0.016158420592546463,0.007128655444830656,0.017211755737662315,0.007643045391887426,0.025301430374383926,0.0685867890715599,0.05655493214726448,0.005890377331525087,0.03602123633027077
113,3.7666666666666666,,,,insightface_bbox,0.7187402248382568,0.0,791.8600463867188,918.6328125,2395.73291015625,0,0,1,0,0,0,0,0,0,1,0,1,0.040900327265262604,0.019914716482162476,0.22002893686294556,0.015915177762508392,0.007189259864389896,0.017054473981261253,0.007471767254173756,0.025527801364660263,0.07048866152763367,0.057487666606903076,0.005125551950186491,0.03472854942083359
114,3.8,,,,insightface_bbox,0.7071481943130493,0.0,802.6004638671875,912.7149658203125,2382.078369140625,0,0,1,0,0,0,0,0,0,1,0,1,0.03810836002230644,0.018807055428624153,0.21697676181793213,0.014701868407428265,0.006835326086729765,0.0157169122248888,0.00623236782848835,0.02519696205854416,0.06491272896528244,0.056176647543907166,0.004375914577394724,0.033465489745140076
115,3.8333333333333335,,,,insightface_bbox,0.7071481943130493,0.0,802.6004638671875,912.7149658203125,2382.078369140625,0,0,1,0,0,0,0,0,0,1,0,1,0.039392679929733276,0.019357122480869293,0.22009605169296265,0.014636129140853882,0.006886082235723734,0.016104023903608322,0.006592225283384323,0.02376164123415947,0.06484012305736542,0.05604963004589081,0.003893320681527257,0.032246943563222885
116,3.8666666666666667,,,,insightface_bbox,0.7071481943130493,0.0,802.6004638671875,912.7149658203125,2382.078369140625,0,0,1,0,0,0,0,0,0,1,0,1,0.038836050778627396,0.019420526921749115,0.21346944570541382,0.014541036449372768,0.00698702409863472,0.01586485467851162,0.006661870516836643,0.024393228814005852,0.06743323802947998,0.05860006809234619,0.0037172334268689156,0.032799314707517624
117,3.9,,,,insightface_bbox,0.7071481943130493,0.0,802.6004638671875,912.7149658203125,2382.078369140625,0,0,1,0,0,0,0,0,0,1,0,1,0.037265438586473465,0.018698088824748993,0.19551795721054077,0.014163126237690449,0.006464277859777212,0.015076207928359509,0.0061534084379673,0.024128610268235207,0.0646296814084053,0.05455471947789192,0.003888283856213093,0.03172590583562851
118,3.933333333333333,,,,insightface_bbox,0.7071481943130493,0.0,802.6004638671875,912.7149658203125,2382.078369140625,0,0,1,0,0,0,0,0,0,1,0,1,0.03808991611003876,0.019020529463887215,0.20594727993011475,0.014698192477226257,0.00676008639857173,0.0153872175142169,0.0064097861759364605,0.025042008608579636,0.06587289273738861,0.05392403155565262,0.0046956888400018215,0.03347824886441231
119,3.966666666666667,,,,insightface_bbox,0.7071481943130493,0.0,802.6004638671875,912.7149658203125,2382.078369140625,0,0,1,0,0,0,0,0,0,1,0,1,0.04022381454706192,0.019729826599359512,0.21773949265480042,0.015306565910577774,0.006806130986660719,0.016481861472129822,0.007065990008413792,0.024271763861179352,0.06892319768667221,0.05578644201159477,0.005314765498042107,0.034424230456352234
120,4.0,,,,insightface_bbox,0.7196100354194641,0.0,811.0260009765625,931.6913452148438,2359.33642578125,0,0,1,0,0,0,0,0,0,1,0,1,0.04632945358753204,0.02228574827313423,0.19909901916980743,0.018347878009080887,0.007827826775610447,0.018626779317855835,0.010314988903701305,0.030338238924741745,0.08291365206241608,0.06678076088428497,0.006860882975161076,0.03938906639814377
121,4.033333333333333,,,,insightface_bbox,0.7196100354194641,0.0,811.0260009765625,931.6913452148438,2359.33642578125,0,0,1,0,0,0,0,0,0,1,0,0,0.045427463948726654,0.022317487746477127,0.19162745773792267,0.018160484731197357,0.007705568335950375,0.018489528447389603,0.009932643733918667,0.030035341158509254,0.08068021386861801,0.06611768156290054,0.00690090237185359,0.03914429992437363
122,4.066666666666666,,,,insightface_bbox,0.7196100354194641,0.0,811.0260009765625,931.6913452148438,2359.33642578125,0,0,1,0,0,0,0,0,0,1,0,0,0.04460834339261055,0.02214720845222473,0.19028128683567047,0.017955970019102097,0.007688290439546108,0.01825054921209812,0.009627146646380424,0.030349483713507652,0.08013084530830383,0.0655483677983284,0.006745815742760897,0.03870837017893791
123,4.1,,,,insightface_bbox,0.7196100354194641,0.0,811.0260009765625,931.6913452148438,2359.33642578125,0,0,1,0,0,0,0,0,0,1,0,0,0.043567363172769547,0.021627351641654968,0.1891845464706421,0.017524251714348793,0.007653110194951296,0.017996326088905334,0.00922815315425396,0.03021007776260376,0.07900997251272202,0.06528399139642715,0.006641196087002754,0.03919420763850212
124,4.133333333333334,,,,insightface_bbox,0.7196100354194641,0.0,811.0260009765625,931.6913452148438,2359.33642578125,0,0,1,0,0,0,0,0,0,1,0,1,0.043462127447128296,0.021363981068134308,0.18561938405036926,0.01732177473604679,0.007594837341457605,0.01774919033050537,0.008982216008007526,0.030375143513083458,0.07883192598819733,0.06515152007341385,0.006396062206476927,0.039069000631570816
125,4.166666666666667,,,,insightface_bbox,0.7196100354194641,0.0,811.0260009765625,931.6913452148438,2359.33642578125,0,0,1,0,0,0,0,0,0,1,0,0,0.04344668239355087,0.021591361612081528,0.18652060627937317,0.01744277961552143,0.007876588962972164,0.01771368645131588,0.008921523578464985,0.031833067536354065,0.07994979619979858,0.06562531739473343,0.006695862859487534,0.04081236198544502
126,4.2,,,,insightface_bbox,0.7067340612411499,0.0,822.7437744140625,914.0374145507812,2396.86328125,0,0,1,0,0,0,0,0,0,1,0,1,0.03715075924992561,0.018214749172329903,0.19523945450782776,0.01389340404421091,0.007347938604652882,0.01465724315494299,0.006466134916990995,0.022766364738345146,0.062234047800302505,0.05141492933034897,0.0033345362171530724,0.03024781495332718
127,4.233333333333333,,,,insightface_bbox,0.7067340612411499,0.0,822.7437744140625,914.0374145507812,2396.86328125,0,0,1,0,0,0,0,0,0,1,0,1,0.03776289522647858,0.018468132242560387,0.19161644577980042,0.013867621310055256,0.007394807878881693,0.014660310000181198,0.006577909924089909,0.022368067875504494,0.0643063485622406,0.05281271040439606,0.0031096450984477997,0.029802601784467697
128,4.266666666666667,,,,insightface_bbox,0.7067340612411499,0.0,822.7437744140625,914.0374145507812,2396.86328125,0,0,1,0,0,0,0,0,0,1,0,1,0.03794141486287117,0.019070087000727654,0.18821479380130768,0.014246138744056225,0.007285322528332472,0.01480888482183218,0.006639419123530388,0.023213393986225128,0.0650821328163147,0.053526557981967926,0.0031538130715489388,0.030019529163837433
129,4.3,,,,insightface_bbox,0.7067340612411499,0.0,822.7437744140625,914.0374145507812,2396.86328125,0,0,1,0,0,0,0,0,0,1,0,1,0.037915926426649094,0.018942290917038918,0.1844344288110733,0.0142042376101017,0.0071794516406953335,0.01470896415412426,0.0065661706030368805,0.0231301411986351,0.06463618576526642,0.05326466262340546,0.0030548216309398413,0.029357191175222397
130,4.333333333333333,,,,insightface_bbox,0.7067340612411499,0.0,822.7437744140625,914.0374145507812,2396.86328125,0,0,1,0,0,0,0,0,0,1,0,1,0.037342097610235214,0.018874092027544975,0.18170508742332458,0.014124611392617226,0.007103486452251673,0.014642421156167984,0.006519055459648371,0.022722896188497543,0.06440883874893188,0.05246206745505333,0.003049456048756838,0.02900564670562744
131,4.366666666666666,,,,insightface_bbox,0.7067340612411499,0.0,822.7437744140625,914.0374145507812,2396.86328125,0,0,1,0,0,0,0,0,0,1,0,1,0.037318650633096695,0.018414463847875595,0.1881447285413742,0.0139873456209898,0.007265368942171335,0.014893665909767151,0.006585773546248674,0.02307015471160412,0.06585323810577393,0.053791873157024384,0.002992503810673952,0.0285491980612278
132,4.4,,,,insightface_bbox,0.6955905556678772,0.0,838.3233642578125,907.5971069335938,2416.512451171875,0,0,1,0,0,0,0,0,0,1,0,1,0.0365360863506794,0.018357615917921066,0.1928291916847229,0.01434764452278614,0.007947796955704689,0.0148444389924407,0.006555469706654549,0.023707358166575432,0.0645938515663147,0.053336504846811295,0.00298741995356977,0.028340833261609077
133,4.433333333333334,,,,insightface_bbox,0.6955905556678772,0.0,838.3233642578125,907.5971069335938,2416.512451171875,0,0,1,0,0,0,0,0,0,1,0,1,0.03687264770269394,0.018849646672606468,0.1966036558151245,0.014788727276027203,0.007889092899858952,0.015237972140312195,0.006809159182012081,0.024473387748003006,0.06424599885940552,0.054652139544487,0.0031354695092886686,0.02874281071126461
134,4.466666666666667,,,,insightface_bbox,0.6955905556678772,0.0,838.3233642578125,907.5971069335938,2416.512451171875,0,0,1,0,0,0,0,0,0,1,0,1,0.03649432957172394,0.018815811723470688,0.1969701200723648,0.014656908810138702,0.007583905942738056,0.014923151582479477,0.006512877531349659,0.02470787800848484,0.0633460134267807,0.05474351346492767,0.003037535585463047,0.028378617018461227
135,4.5,,,,insightface_bbox,0.6955905556678772,0.0,838.3233642578125,907.5971069335938,2416.512451171875,0,0,1,0,0,0,0,0,0,1,0,1,0.035782575607299805,0.01869778521358967,0.19072049856185913,0.014722991734743118,0.007440934423357248,0.014843761920928955,0.006736926268786192,0.025197919458150864,0.0637565553188324,0.055885568261146545,0.0028067235834896564,0.027232913300395012
136,4.533333333333333,,,,insightface_bbox,0.6955905556678772,0.0,838.3233642578125,907.5971069335938,2416.512451171875,0,0,1,0,0,0,0,0,0,1,0,1,0.03477894142270088,0.0184635017067194,0.18300257623195648,0.014584420248866081,0.007474410813301802,0.014876781031489372,0.006487281061708927,0.02557411789894104,0.06616175174713135,0.056978609412908554,0.002771432977169752,0.026936465874314308
137,4.566666666666666,,,,insightface_bbox,0.6955905556678772,0.0,838.3233642578125,907.5971069335938,2416.512451171875,0,0,1,0,0,0,0,0,0,1,0,1,0.03427683934569359,0.018835853785276413,0.17166680097579956,0.014492376707494259,0.0073762377724051476,0.014383859001100063,0.006346060894429684,0.02437244914472103,0.06407783180475235,0.052991919219493866,0.0026747449301183224,0.025753825902938843
138,4.6,,,,insightface_bbox,0.7461663484573364,0.0,873.5796508789062,905.9500122070312,2457.963134765625,0,0,1,0,0,0,0,0,0,1,0,1,0.035398226231336594,0.019345806911587715,0.19564080238342285,0.015307622030377388,0.007952634245157242,0.015031966380774975,0.006640683859586716,0.027158984914422035,0.07023778557777405,0.05742821469902992,0.0026470189914107323,0.027045773342251778
139,4.633333333333334,,,,insightface_bbox,0.7461663484573364,0.0,873.5796508789062,905.9500122070312,2457.963134765625,0,0,1,0,0,0,0,0,0,1,0,1,0.03552202507853508,0.01911349967122078,0.1931760311126709,0.015245690010488033,0.007886374369263649,0.015136217698454857,0.006677573546767235,0.02670951373875141,0.06883808970451355,0.05686454474925995,0.002810451202094555,0.027334872633218765
140,4.666666666666667,,,,insightface_bbox,0.7461663484573364,0.0,873.5796508789062,905.9500122070312,2457.963134765625,0,0,1,0,0,0,0,0,0,1,0,1,0.035386279225349426,0.01889529824256897,0.19154168665409088,0.014941020868718624,0.007795912213623524,0.014935702085494995,0.006604322232306004,0.02601076103746891,0.0682627260684967,0.05636485293507576,0.002826347481459379,0.02751849591732025
141,4.7,,,,insightface_bbox,0.7461663484573364,0.0,873.5796508789062,905.9500122070312,2457.963134765625,0,0,1,0,0,0,0,0,0,1,0,1,0.03531807288527489,0.018493998795747757,0.20005914568901062,0.014659213833510876,0.007622396573424339,0.014578381553292274,0.006290814373642206,0.02431476302444935,0.0636681318283081,0.05369097739458084,0.0029384433291852474,0.02777164801955223
142,4.733333333333333,,,,insightface_bbox,0.7461663484573364,0.0,873.5796508789062,905.9500122070312,2457.963134765625,0,0,1,0,0,0,0,0,0,1,0,1,0.03680833429098129,0.018382279202342033,0.20479917526245117,0.014367816969752312,0.007556394673883915,0.015317615121603012,0.006180747412145138,0.023170003667473793,0.06262196600437164,0.05341304838657379,0.0032856399193406105,0.029789652675390244
143,4.766666666666667,,,,insightface_bbox,0.7461663484573364,0.0,873.5796508789062,905.9500122070312,2457.963134765625,0,0,1,0,0,0,0,0,0,1,0,1,0.03732963651418686,0.01855980046093464,0.21382853388786316,0.014466457068920135,0.007557423785328865,0.01575619913637638,0.006208768580108881,0.023663341999053955,0.06191828101873398,0.05310361087322235,0.0034451738465577364,0.030268223956227303
144,4.8,,,,insightface_bbox,0.7042249441146851,0.0,821.5440063476562,923.4581298828125,2381.78076171875,0,0,1,0,0,0,0,0,0,1,0,1,0.044090017676353455,0.02127738855779171,0.20087027549743652,0.018137460574507713,0.007111662998795509,0.018170323222875595,0.00953949149698019,0.029579676687717438,0.08158093690872192,0.06891201436519623,0.006453125271946192,0.03978772088885307
145,4.833333333333333,,,,insightface_bbox,0.7042249441146851,0.0,821.5440063476562,923.4581298828125,2381.78076171875,0,0,1,0,0,0,0,0,0,1,0,1,0.04424068331718445,0.0214703269302845,0.21026961505413055,0.018628982827067375,0.007395367603749037,0.017510252073407173,0.009126170538365841,0.03432647883892059,0.08028528839349747,0.07317978143692017,0.006917519960552454,0.044205863028764725
146,4.866666666666666,,,,insightface_bbox,0.7042249441146851,0.0,821.5440063476562,923.4581298828125,2381.78076171875,0,0,1,0,0,0,0,0,0,1,0,1,0.04435006529092789,0.021883396431803703,0.21265698969364166,0.018628275021910667,0.0075888866558671,0.018675290048122406,0.009652374312281609,0.03225143626332283,0.08116907626390457,0.07798538357019424,0.007439938373863697,0.04681946709752083
147,4.9,,,,insightface_bbox,0.7042249441146851,0.0,821.5440063476562,923.4581298828125,2381.78076171875,0,0,1,0,0,0,0,0,0,1,0,1,0.04550088569521904,0.022358989343047142,0.2044576108455658,0.018796507269144058,0.007845078594982624,0.018664905801415443,0.00935417227447033,0.03362462669610977,0.08330890536308289,0.07595711946487427,0.007685643620789051,0.04712721332907677
148,4.933333333333334,,,,insightface_bbox,0.7042249441146851,0.0,821.5440063476562,923.4581298828125,2381.78076171875,0,0,1,0,0,0,0,0,0,1,0,1,0.043962396681308746,0.021163422614336014,0.1700170487165451,0.017174001783132553,0.007761599961668253,0.016690600663423538,0.007780701853334904,0.031463224440813065,0.08434101194143295,0.06823746114969254,0.0052025215700268745,0.03832387924194336
149,4.966666666666667,,,,insightface_bbox,0.7042249441146851,0.0,821.5440063476562,923.4581298828125,2381.78076171875,0,0,1,0,0,0,0,0,0,1,0,1,0.04310574755072594,0.020800646394491196,0.1759491264820099,0.017310699447989464,0.007334436289966106,0.01746402680873871,0.007893523201346397,0.029782168567180634,0.08256015181541443,0.06968330591917038,0.006453021429479122,0.039285704493522644
150,5.0,,,,insightface_bbox,0.7316378355026245,0.0,799.9546508789062,917.9954223632812,2354.386962890625,0,0,1,0,0,0,0,0,0,1,0,0,0.04325863718986511,0.020471744239330292,0.21503785252571106,0.016912758350372314,0.00696707284078002,0.016764437779784203,0.007692353799939156,0.027278747409582138,0.07193192839622498,0.0628901794552803,0.006913762539625168,0.03809444233775139
151,5.033333333333333,,,,insightface_bbox,0.7316378355026245,0.0,799.9546508789062,917.9954223632812,2354.386962890625,0,0,1,0,0,0,0,0,0,1,0,1,0.0425359383225441,0.020451106131076813,0.22335800528526306,0.016202887520194054,0.007153453305363655,0.017077863216400146,0.006424440536648035,0.02845763973891735,0.0716756209731102,0.06082130968570709,0.0059916176833212376,0.037605565041303635
152,5.066666666666666,,,,insightface_bbox,0.7316378355026245,0.0,799.9546508789062,917.9954223632812,2354.386962890625,0,0,1,0,0,0,0,0,0,1,0,1,0.04189479723572731,0.0201503187417984,0.22063606977462769,0.01616538129746914,0.0071350932121276855,0.017132487148046494,0.006946875248104334,0.02863105572760105,0.07181160897016525,0.06470446288585663,0.005401507019996643,0.037290383130311966
153,5.1,,,,insightface_bbox,0.7316378355026245,0.0,799.9546508789062,917.9954223632812,2354.386962890625,0,0,1,0,0,0,0,0,0,1,0,1,0.04027639329433441,0.01928490214049816,0.20453086495399475,0.015554748475551605,0.007029518485069275,0.016703471541404724,0.006222705356776714,0.02836518920958042,0.07219527661800385,0.06346484273672104,0.004665861837565899,0.03343962877988815
154,5.133333333333334,,,,insightface_bbox,0.7316378355026245,0.0,799.9546508789062,917.9954223632812,2354.386962890625,0,0,1,0,0,0,0,0,0,1,0,1,0.03840702027082443,0.018692055717110634,0.18359734117984772,0.01519428938627243,0.007319961674511433,0.016575507819652557,0.0061557358130812645,0.028889942914247513,0.07153275609016418,0.06378672271966934,0.004331010393798351,0.03191914036870003
155,5.166666666666667,,,,insightface_bbox,0.7316378355026245,0.0,799.9546508789062,917.9954223632812,2354.386962890625,0,0,1,0,0,0,0,0,0,1,0,1,0.039512619376182556,0.019334029406309128,0.18717294931411743,0.01597532629966736,0.007120069116353989,0.01677033305168152,0.006711170077323914,0.028603633865714073,0.06834078580141068,0.06093747168779373,0.004677844699472189,0.03298062086105347
156,5.2,,,,insightface_bbox,0.6702237725257874,0.0,819.1828002929688,948.0643920898438,2396.79736328125,0,0,1,0,0,0,0,0,0,1,0,0,0.04202347621321678,0.02113403007388115,0.16061516106128693,0.016864024102687836,0.007132875733077526,0.017165564000606537,0.008049326948821545,0.027846388518810272,0.08085258305072784,0.06374559551477432,0.0054617696441709995,0.037146225571632385
157,5.233333333333333,,,,insightface_bbox,0.6702237725257874,0.0,819.1828002929688,948.0643920898438,2396.79736328125,0,0,1,0,0,0,0,0,0,1,0,0,0.04436803609132767,0.02223002165555954,0.17231112718582153,0.01845565252006054,0.007626556325703859,0.017938345670700073,0.00978732481598854,0.03144356608390808,0.08345736563205719,0.0708964467048645,0.006489298306405544,0.0424286425113678
158,5.266666666666667,,,,insightface_bbox,0.6702237725257874,0.0,819.1828002929688,948.0643920898438,2396.79736328125,0,0,1,0,0,0,0,0,0,1,0,0,0.04535625874996185,0.02331501990556717,0.18526522815227509,0.018963396549224854,0.007856709882616997,0.01989373005926609,0.010972552932798862,0.030064566060900688,0.08634694665670395,0.08004709333181381,0.007289541885256767,0.046450138092041016
159,5.3,,,,insightface_bbox,0.6702237725257874,0.0,819.1828002929688,948.0643920898438,2396.79736328125,0,0,1,0,0,0,0,0,0,1,0,1,0.04503069445490837,0.02304382622241974,0.1920369565486908,0.018924158066511154,0.007668136619031429,0.019166624173521996,0.010437625460326672,0.030736105516552925,0.08545521646738052,0.07936489582061768,0.007101801224052906,0.045650117099285126
160,5.333333333333333,,,,insightface_bbox,0.6702237725257874,0.0,819.1828002929688,948.0643920898438,2396.79736328125,0,0,1,0,0,0,0,0,0,1,0,0,0.04352322965860367,0.02227517031133175,0.18398955464363098,0.018591806292533875,0.007597570773214102,0.019288018345832825,0.009592462331056595,0.03105376660823822,0.08372116088867188,0.07720670104026794,0.007780016865581274,0.04628687724471092
161,5.366666666666666,,,,insightface_bbox,0.6702237725257874,0.0,819.1828002929688,948.0643920898438,2396.79736328125,0,0,1,0,0,0,0,0,0,1,0,0,0.04357634112238884,0.02190897986292839,0.18067745864391327,0.01852918602526188,0.007928519509732723,0.018802499398589134,0.009114962071180344,0.03173277527093887,0.08313065767288208,0.07383918762207031,0.008090082556009293,0.04738344997167587
162,5.4,,,,insightface_bbox,0.7067551612854004,0.0,817.3089599609375,924.0167846679688,2387.890869140625,0,0,1,0,0,0,0,0,0,1,0,1,0.033453747630119324,0.016735542565584183,0.1673145890235901,0.013020960614085197,0.0064039225690066814,0.013854287564754486,0.0050116428174078465,0.02303246408700943,0.0616433285176754,0.05127958953380585,0.002727429149672389,0.02608337439596653
163,5.433333333333334,,,,insightface_bbox,0.7067551612854004,0.0,817.3089599609375,924.0167846679688,2387.890869140625,0,0,1,0,0,0,0,0,0,1,0,1,0.034349292516708374,0.01677011139690876,0.18126869201660156,0.013153163716197014,0.0064481585286557674,0.013789672404527664,0.005165124777704477,0.024042977020144463,0.06409604847431183,0.05506621673703194,0.002684256061911583,0.027265995740890503
164,5.466666666666667,,,,insightface_bbox,0.7067551612854004,0.0,817.3089599609375,924.0167846679688,2387.890869140625,0,0,1,0,0,0,0,0,0,1,0,1,0.033676471561193466,0.016624854877591133,0.1791553944349289,0.013132287189364433,0.0063890875317156315,0.013731113635003567,0.005040524527430534,0.024046992883086205,0.06344348192214966,0.05464278534054756,0.0028945044614374638,0.02776264026761055
165,5.5,,,,insightface_bbox,0.7067551612854004,0.0,817.3089599609375,924.0167846679688,2387.890869140625,0,0,1,0,0,0,0,0,0,1,0,1,0.034954749047756195,0.017290830612182617,0.18255501985549927,0.013393904082477093,0.006665983237326145,0.014328398741781712,0.005026022903621197,0.024003440514206886,0.06405811011791229,0.05408290773630142,0.0034566367976367474,0.030143259093165398
166,5.533333333333333,,,,insightface_bbox,0.7067551612854004,0.0,817.3089599609375,924.0167846679688,2387.890869140625,0,0,1,0,0,0,0,0,0,1,0,1,0.03567330539226532,0.017474370077252388,0.18639257550239563,0.013604952022433281,0.006767926272004843,0.014662882313132286,0.005180556792765856,0.02407599613070488,0.06498587131500244,0.054209861904382706,0.0036786720156669617,0.031075524166226387
167,5.566666666666666,,,,insightface_bbox,0.7067551612854004,0.0,817.3089599609375,924.0167846679688,2387.890869140625,0,0,1,0,0,0,0,0,0,1,0,1,0.03463926538825035,0.016914503648877144,0.18375030159950256,0.013362056575715542,0.006596285384148359,0.013960447162389755,0.0052413721568882465,0.024315718561410904,0.06351715326309204,0.05391553416848183,0.0031111971475183964,0.028798488900065422
168,5.6,,,,insightface_bbox,0.6803255081176758,0.0,844.6887817382812,904.6396484375,2409.871826171875,0,0,1,0,0,0,0,0,0,1,0,1,0.03643348440527916,0.018442533910274506,0.23349134624004364,0.0146865826100111,0.0076506659388542175,0.015800224617123604,0.005879885517060757,0.025922739878296852,0.07111630588769913,0.06233808398246765,0.0031340846326202154,0.030645664781332016
169,5.633333333333334,,,,insightface_bbox,0.6803255081176758,0.0,844.6887817382812,904.6396484375,2409.871826171875,0,0,1,0,0,0,0,0,0,1,0,1,0.036309096962213516,0.01855647750198841,0.22082319855690002,0.01478295587003231,0.007701016031205654,0.016048068180680275,0.006011296529322863,0.026175884529948235,0.07129430025815964,0.06113383546471596,0.003322174772620201,0.030675571411848068
170,5.666666666666667,,,,insightface_bbox,0.6803255081176758,0.0,844.6887817382812,904.6396484375,2409.871826171875,0,0,1,0,0,0,0,0,0,1,0,1,0.03452563285827637,0.017941012978553772,0.20834648609161377,0.014233249239623547,0.007537723984569311,0.01599930040538311,0.005605367477983236,0.025876261293888092,0.06976322829723358,0.05791096016764641,0.003161083674058318,0.029152486473321915
171,5.7,,,,insightface_bbox,0.6803255081176758,0.0,844.6887817382812,904.6396484375,2409.871826171875,0,0,1,0,0,0,0,0,0,1,0,1,0.0342259518802166,0.017929814755916595,0.21052834391593933,0.014502855017781258,0.007653889246284962,0.01618591509759426,0.005580070894211531,0.02877824753522873,0.07280545681715012,0.05993571877479553,0.003465868066996336,0.03016773983836174
172,5.733333333333333,,,,insightface_bbox,0.6803255081176758,0.0,844.6887817382812,904.6396484375,2409.871826171875,0,0,1,0,0,0,0,0,0,1,0,1,0.03389423340559006,0.01788131520152092,0.21404199302196503,0.014678128995001316,0.007554664742201567,0.016505049541592598,0.005565546452999115,0.03099551796913147,0.07369346171617508,0.06233388930559158,0.004112014081329107,0.031146081164479256
173,5.766666666666667,,,,insightface_bbox,0.6803255081176758,0.0,844.6887817382812,904.6396484375,2409.871826171875,0,0,1,0,0,0,0,0,0,1,0,1,0.033801622688770294,0.017727158963680267,0.1963239312171936,0.014501777477562428,0.007673720829188824,0.015976449474692345,0.005866425111889839,0.0301798265427351,0.07301080226898193,0.06226781755685806,0.0036686789244413376,0.03047993779182434
174,5.8,,,,insightface_bbox,0.7096858024597168,0.0,862.6557006835938,910.2953491210938,2406.603515625,0,0,1,0,0,0,0,0,0,1,0,1,0.037443820387125015,0.01901601254940033,0.29641595482826233,0.015171820297837257,0.008195341564714909,0.01732087880373001,0.006357427686452866,0.028598088771104813,0.07006482779979706,0.06766372919082642,0.004036708734929562,0.033141814172267914
175,5.833333333333333,,,,insightface_bbox,0.7096858024597168,0.0,862.6557006835938,910.2953491210938,2406.603515625,0,0,1,0,0,0,0,0,0,1,0,1,0.04175741970539093,0.02121608518064022,0.3478258550167084,0.017027176916599274,0.007907364517450333,0.01741221360862255,0.007326589431613684,0.03108692169189453,0.07333457469940186,0.0708555355668068,0.0038969791494309902,0.03471822291612625
176,5.866666666666666,,,,insightface_bbox,0.7096858024597168,0.0,862.6557006835938,910.2953491210938,2406.603515625,0,0,1,0,0,0,0,0,0,1,0,1,0.04070068150758743,0.021078210324048996,0.3412427306175232,0.017353996634483337,0.008071494288742542,0.017535338178277016,0.007440568879246712,0.03378253057599068,0.07624395936727524,0.0731692984700203,0.003964046016335487,0.035811807960271835
177,5.9,,,,insightface_bbox,0.7096858024597168,0.0,862.6557006835938,910.2953491210938,2406.603515625,0,0,1,0,0,0,0,0,0,1,0,1,0.03970476984977722,0.020748356357216835,0.3177759349346161,0.01682181842625141,0.008265955373644829,0.017377160489559174,0.007171474397182465,0.03379030525684357,0.07506749778985977,0.06999136507511139,0.004041642881929874,0.03479184955358505
178,5.933333333333334,,,,insightface_bbox,0.7096858024597168,0.0,862.6557006835938,910.2953491210938,2406.603515625,0,0,1,0,0,0,0,0,0,1,0,1,0.040931668132543564,0.021030381321907043,0.3332451283931732,0.01687796041369438,0.008067334070801735,0.017633430659770966,0.007127674296498299,0.03367071598768234,0.07420866936445236,0.06923669576644897,0.004014384932816029,0.03478957712650299
179,5.966666666666667,,,,insightface_bbox,0.7096858024597168,0.0,862.6557006835938,910.2953491210938,2406.603515625,0,0,1,0,0,0,0,0,0,1,0,1,0.04188602417707443,0.021208439022302628,0.36646339297294617,0.01722750812768936,0.007949810475111008,0.018235106021165848,0.0070771086029708385,0.03283214569091797,0.07508040964603424,0.06970512866973877,0.004128643311560154,0.03523426130414009
180,6.0,,,,insightface_bbox,0.7279844284057617,0.0,845.7040405273438,901.7091064453125,2473.17578125,0,0,1,0,0,0,0,0,0,1,0,1,0.04172906279563904,0.021543510258197784,0.3886287212371826,0.017906038090586662,0.007890550419688225,0.01770019344985485,0.00706352386623621,0.0362371988594532,0.07567422091960907,0.07233261317014694,0.004305354319512844,0.03750784695148468
181,6.033333333333333,,,,insightface_bbox,0.7279844284057617,0.0,845.7040405273438,901.7091064453125,2473.17578125,0,0,1,0,0,0,0,0,0,1,0,1,0.04250544309616089,0.021460991352796555,0.3869498372077942,0.017678381875157356,0.0077812690287828445,0.017950834706425667,0.007019855082035065,0.03606676310300827,0.07621210813522339,0.0727250725030899,0.004310904070734978,0.036770548671483994
182,6.066666666666666,,,,insightface_bbox,0.7279844284057617,0.0,845.7040405273438,901.7091064453125,2473.17578125,0,0,1,0,0,0,0,0,0,1,0,1,0.04139804095029831,0.020884713158011436,0.35652104020118713,0.016730500385165215,0.007741538807749748,0.01736338436603546,0.006831731181591749,0.03171496465802193,0.07260815799236298,0.06798960268497467,0.003962312359362841,0.03479616716504097
183,6.1,,,,insightface_bbox,0.7279844284057617,0.0,845.7040405273438,901.7091064453125,2473.17578125,0,0,1,0,0,0,0,0,0,1,0,1,0.04049430787563324,0.02037547342479229,0.33257123827934265,0.016131095588207245,0.008154666051268578,0.01822630688548088,0.007378449663519859,0.027639348059892654,0.06903529912233353,0.06702498346567154,0.004827249329537153,0.036889441311359406
184,6.133333333333334,,,,insightface_bbox,0.7279844284057617,0.0,845.7040405273438,901.7091064453125,2473.17578125,0,0,1,0,0,0,0,0,0,1,0,1,0.0426919087767601,0.020932868123054504,0.3680654764175415,0.016547461971640587,0.008139601908624172,0.019008785486221313,0.007716104853898287,0.028432324528694153,0.069764643907547,0.06954752653837204,0.005605597048997879,0.040765855461359024
185,6.166666666666667,,,,insightface_bbox,0.7279844284057617,0.0,845.7040405273438,901.7091064453125,2473.17578125,0,0,1,0,0,0,0,0,0,1,0,1,0.041797999292612076,0.020734675228595734,0.35315072536468506,0.016638703644275665,0.008032265119254589,0.019458718597888947,0.007573315408080816,0.030713319778442383,0.07234947383403778,0.07096043229103088,0.006029791664332151,0.04170903563499451
186,6.2,,,,insightface_bbox,0.7325456142425537,0.0,806.6883544921875,933.1517333984375,2331.858154296875,0,0,1,0,0,0,0,0,0,1,0,1,0.03857112675905228,0.01830350235104561,0.17726045846939087,0.014647839590907097,0.006640162318944931,0.016094932332634926,0.005856174975633621,0.024767093360424042,0.07184655219316483,0.05872234329581261,0.004406678024679422,0.030298633500933647
187,6.233333333333333,,,,insightface_bbox,0.7325456142425537,0.0,806.6883544921875,933.1517333984375,2331.858154296875,0,0,1,0,0,0,0,0,0,1,0,1,0.03850613906979561,0.018536018207669258,0.15237723290920258,0.014560332521796227,0.006835495587438345,0.016851799562573433,0.005541692487895489,0.02492000162601471,0.0751042515039444,0.05881594493985176,0.004641371313482523,0.030744090676307678
188,6.266666666666667,,,,insightface_bbox,0.7325456142425537,0.0,806.6883544921875,933.1517333984375,2331.858154296875,0,0,1,0,0,0,0,0,0,1,0,1,0.03882627561688423,0.01895742304623127,0.15386703610420227,0.014981420710682869,0.007041441276669502,0.018136711791157722,0.005915891844779253,0.0260907132178545,0.07658468931913376,0.05926046520471573,0.00509334821254015,0.03262488916516304
189,6.3,,,,insightface_bbox,0.7325456142425537,0.0,806.6883544921875,933.1517333984375,2331.858154296875,0,0,1,0,0,0,0,0,0,1,0,1,0.039535876363515854,0.01924048364162445,0.16289904713630676,0.015119185671210289,0.007076221983879805,0.01806124672293663,0.00593204703181982,0.0263538658618927,0.07725445181131363,0.06012815237045288,0.005177862476557493,0.03298648074269295
190,6.333333333333333,,,,insightface_bbox,0.7325456142425537,0.0,806.6883544921875,933.1517333984375,2331.858154296875,0,0,1,0,0,0,0,0,0,1,0,1,0.03918324410915375,0.018865153193473816,0.15946261584758759,0.014791455119848251,0.0067405104637146,0.016880905255675316,0.005914689041674137,0.026043664664030075,0.0750080794095993,0.05895615369081497,0.004949621856212616,0.032237257808446884
191,6.366666666666666,,,,insightface_bbox,0.7325456142425537,0.0,806.6883544921875,933.1517333984375,2331.858154296875,0,0,1,0,0,0,0,0,0,1,0,1,0.040203362703323364,0.01924494467675686,0.17205031216144562,0.015062747523188591,0.006738649215549231,0.01686781644821167,0.006031523924320936,0.025965679436922073,0.0739046037197113,0.059204284101724625,0.005176321603357792,0.03277261555194855
192,6.4,,,,insightface_bbox,0.733921468257904,0.0,825.4764404296875,931.8374633789062,2335.988037109375,0,0,1,0,0,0,0,0,0,1,0,1,0.03786134719848633,0.017938686534762383,0.18865066766738892,0.014497806318104267,0.00644004438072443,0.015718229115009308,0.005848832428455353,0.02487584576010704,0.07127667218446732,0.058526962995529175,0.004921494983136654,0.032034553587436676
193,6.433333333333334,,,,insightface_bbox,0.733921468257904,0.0,825.4764404296875,931.8374633789062,2335.988037109375,0,0,1,0,0,0,0,0,0,1,0,1,0.036995962262153625,0.017571330070495605,0.19647224247455597,0.014396967366337776,0.006476473994553089,0.015529170632362366,0.005602383054792881,0.02561694197356701,0.07091411203145981,0.05802784487605095,0.004363741725683212,0.03215087205171585
194,6.466666666666667,,,,insightface_bbox,0.733921468257904,0.0,825.4764404296875,931.8374633789062,2335.988037109375,0,0,1,0,0,0,0,0,0,1,0,1,0.038266364485025406,0.01802249252796173,0.20242130756378174,0.014393292367458344,0.006795107387006283,0.01669934391975403,0.005867090541869402,0.02796553261578083,0.08053862303495407,0.06456810235977173,0.003562630619853735,0.03185770660638809
195,6.5,,,,insightface_bbox,0.733921468257904,0.0,825.4764404296875,931.8374633789062,2335.988037109375,0,0,1,0,0,0,0,0,0,1,0,1,0.0362187959253788,0.017599396407604218,0.183708056807518,0.014283552765846252,0.006659174803644419,0.01629287749528885,0.005591713823378086,0.02653249353170395,0.07500043511390686,0.06114356219768524,0.004047198221087456,0.03124898672103882
196,6.533333333333333,,,,insightface_bbox,0.733921468257904,0.0,825.4764404296875,931.8374633789062,2335.988037109375,0,0,1,0,0,0,0,0,0,1,0,1,0.03656619042158127,0.01773694157600403,0.19024360179901123,0.014528818428516388,0.006361543666571379,0.015746721997857094,0.0054895905777812,0.02580396644771099,0.07504637539386749,0.06075602397322655,0.004497047513723373,0.03157082200050354
197,6.566666666666666,,,,insightface_bbox,0.733921468257904,0.0,825.4764404296875,931.8374633789062,2335.988037109375,0,0,1,0,0,0,0,0,0,1,0,1,0.03787349909543991,0.018309032544493675,0.1949704885482788,0.014866353012621403,0.006471947766840458,0.015777597203850746,0.005895364563912153,0.026165831834077835,0.07332567870616913,0.05908965319395065,0.005009946413338184,0.03350318595767021
198,6.6,,,,insightface_bbox,0.7206059694290161,0.0,814.7305908203125,925.0245361328125,2372.954345703125,0,0,1,0,0,0,0,0,0,1,0,1,0.03550697863101959,0.01761486567556858,0.20422258973121643,0.014377644285559654,0.006940669380128384,0.016056513413786888,0.0058972518891096115,0.024620788171887398,0.06625361740589142,0.0552811324596405,0.0036553770769387484,0.030627518892288208
199,6.633333333333334,,,,insightface_bbox,0.7206059694290161,0.0,814.7305908203125,925.0245361328125,2372.954345703125,0,0,1,0,0,0,0,0,0,1,0,1,0.03493764251470566,0.017611535266041756,0.19912034273147583,0.014119944535195827,0.006960129365324974,0.015640486031770706,0.005850228480994701,0.02405095472931862,0.06497929990291595,0.05396372079849243,0.0031367712654173374,0.028969736769795418
200,6.666666666666667,,,,insightface_bbox,0.7206059694290161,0.0,814.7305908203125,925.0245361328125,2372.954345703125,0,0,1,0,0,0,0,0,0,1,0,1,0.032802749425172806,0.017406664788722992,0.1798216998577118,0.01420544646680355,0.006716877222061157,0.015515320934355259,0.005769401788711548,0.02542591467499733,0.06677667796611786,0.05478336662054062,0.003381158458068967,0.028028085827827454
201,6.7,,,,insightface_bbox,0.7206059694290161,0.0,814.7305908203125,925.0245361328125,2372.954345703125,0,0,1,0,0,0,0,0,0,1,0,1,0.032741937786340714,0.017379438504576683,0.17052996158599854,0.014371643774211407,0.0066011748276650906,0.015739955008029938,0.005677707493305206,0.02543225884437561,0.06949003040790558,0.05552705377340317,0.0040243836119771,0.029222043231129646
202,6.733333333333333,,,,insightface_bbox,0.7206059694290161,0.0,814.7305908203125,925.0245361328125,2372.954345703125,0,0,1,0,0,0,0,0,0,1,0,1,0.03394763171672821,0.017822837457060814,0.18185803294181824,0.014809031039476395,0.00663720304146409,0.016230780631303787,0.005832192488014698,0.025985443964600563,0.06975597888231277,0.055030159652233124,0.004754836671054363,0.030751695856451988
203,6.766666666666667,,,,insightface_bbox,0.7206059694290161,0.0,814.7305908203125,925.0245361328125,2372.954345703125,0,0,1,0,0,0,0,0,0,1,0,1,0.03399929776787758,0.01785261370241642,0.17800487577915192,0.01475871354341507,0.0066589973866939545,0.016160618513822556,0.00597015768289566,0.02561090514063835,0.06910097599029541,0.054540105164051056,0.004917994141578674,0.031030112877488136
204,6.8,,,,insightface_bbox,0.7284926772117615,1.3980027437210083,816.387939453125,932.8487548828125,2339.322509765625,0,0,1,0,0,0,0,0,0,1,0,1,0.03342631459236145,0.017798813059926033,0.20035551488399506,0.014619584195315838,0.007149826269596815,0.016908273100852966,0.005828998517245054,0.028299730271100998,0.07621368020772934,0.0626373365521431,0.0032729902304708958,0.028830988332629204
205,6.833333333333333,,,,insightface_bbox,0.7284926772117615,1.3980027437210083,816.387939453125,932.8487548828125,2339.322509765625,0,0,1,0,0,0,0,0,0,1,0,1,0.03484093025326729,0.017947528511285782,0.23020155727863312,0.014807187020778656,0.0075264559127390385,0.017002247273921967,0.0059635755605995655,0.029003720730543137,0.0760306715965271,0.06407354772090912,0.0032864431850612164,0.030696220695972443
206,6.866666666666666,,,,insightface_bbox,0.7284926772117615,1.3980027437210083,816.387939453125,932.8487548828125,2339.322509765625,0,0,1,0,0,0,0,0,0,1,0,1,0.03546791523694992,0.01798551343381405,0.24219533801078796,0.014923585578799248,0.007754690013825893,0.017121052369475365,0.006004793103784323,0.029073983430862427,0.07591986656188965,0.06401024758815765,0.003487718291580677,0.03252970054745674
207,6.9,,,,insightface_bbox,0.7284926772117615,1.3980027437210083,816.387939453125,932.8487548828125,2339.322509765625,0,0,1,0,0,0,0,0,0,1,0,1,0.03542112559080124,0.017961014062166214,0.23979149758815765,0.01473670918494463,0.007821858860552311,0.016719341278076172,0.005946779623627663,0.028226546943187714,0.0758993923664093,0.0636078268289566,0.0032488794531673193,0.032156310975551605
208,6.933333333333334,,,,insightface_bbox,0.7284926772117615,1.3980027437210083,816.387939453125,932.8487548828125,2339.322509765625,0,0,1,0,0,0,0,0,0,1,0,1,0.034859493374824524,0.017790595069527626,0.22999116778373718,0.014743166044354439,0.007636309135705233,0.016556203365325928,0.0059934561140835285,0.028773566707968712,0.07655585557222366,0.06367442011833191,0.0032842266373336315,0.031625453382730484
209,6.966666666666667,,,,insightface_bbox,0.7284926772117615,1.3980027437210083,816.387939453125,932.8487548828125,2339.322509765625,0,0,1,0,0,0,0,0,0,1,0,1,0.034990500658750534,0.017736392095685005,0.22925293445587158,0.014842258766293526,0.007613086607307196,0.016903381794691086,0.005899299867451191,0.03014855831861496,0.07676155865192413,0.06506449729204178,0.0039041880518198013,0.03261345624923706
210,7.0,,,,insightface_bbox,0.7476321458816528,0.0,798.615478515625,928.2550048828125,2343.316162109375,0,0,1,0,0,0,0,0,0,1,0,1,0.04130019247531891,0.019397389143705368,0.22598117589950562,0.01587952859699726,0.007075026631355286,0.016707202419638634,0.006860611494630575,0.02620837651193142,0.07189231365919113,0.06083064526319504,0.005995248910039663,0.03754826635122299
211,7.033333333333333,,,,insightface_bbox,0.7476321458816528,0.0,798.615478515625,928.2550048828125,2343.316162109375,0,0,1,0,0,0,0,0,0,1,0,1,0.04032057523727417,0.01933719776570797,0.23004788160324097,0.015451766550540924,0.006908770184963942,0.016291163861751556,0.006423179991543293,0.026500912383198738,0.07013668119907379,0.06272734701633453,0.004804299212992191,0.03752730414271355
212,7.066666666666666,,,,insightface_bbox,0.7476321458816528,0.0,798.615478515625,928.2550048828125,2343.316162109375,0,0,1,0,0,0,0,0,0,1,0,1,0.03930985555052757,0.01834426075220108,0.22395871579647064,0.014650513418018818,0.006899663712829351,0.015774860978126526,0.006181779783219099,0.025455784052610397,0.07291261851787567,0.0635170266032219,0.003265713108703494,0.031673364341259
213,7.1,,,,insightface_bbox,0.7476321458816528,0.0,798.615478515625,928.2550048828125,2343.316162109375,0,0,1,0,0,0,0,0,0,1,0,1,0.03821711242198944,0.018303917720913887,0.21633148193359375,0.01494818925857544,0.006908882409334183,0.01569771021604538,0.006137334741652012,0.02721603773534298,0.07495711743831635,0.06377039104700089,0.003856835188344121,0.03379310667514801
214,7.133333333333334,,,,insightface_bbox,0.7476321458816528,0.0,798.615478515625,928.2550048828125,2343.316162109375,0,0,1,0,0,0,0,0,0,1,0,1,0.03798438608646393,0.01901736669242382,0.19782298803329468,0.015379158779978752,0.006729946006089449,0.01514376886188984,0.006527110002934933,0.02579309791326523,0.06988470256328583,0.055467650294303894,0.0041290391236543655,0.03222538158297539
215,7.166666666666667,,,,insightface_bbox,0.7476321458816528,0.0,798.615478515625,928.2550048828125,2343.316162109375,0,0,1,0,0,0,0,0,0,1,0,0,0.03849845007061958,0.019435497000813484,0.1969268023967743,0.015791650861501694,0.006549553479999304,0.015501858666539192,0.006823745556175709,0.024593288078904152,0.07076445966959,0.05521287024021149,0.005050710402429104,0.033118993043899536
216,7.2,,,,insightface_bbox,0.7001753449440002,0.0,823.57470703125,940.3271484375,2366.24169921875,0,0,1,0,0,0,0,0,0,1,0,1,0.04246028512716293,0.020694058388471603,0.18676482141017914,0.01775554195046425,0.007230044342577457,0.01816222071647644,0.008490990847349167,0.029119890183210373,0.0876116156578064,0.06975090503692627,0.005365028511732817,0.036113061010837555
217,7.233333333333333,,,,insightface_bbox,0.7001753449440002,0.0,823.57470703125,940.3271484375,2366.24169921875,0,0,1,0,0,0,0,0,0,1,0,1,0.04397260397672653,0.0211668498814106,0.19482353329658508,0.01812038943171501,0.007289618253707886,0.018241187557578087,0.009053252637386322,0.029852595180273056,0.09021534770727158,0.07191511988639832,0.005396327003836632,0.0373598076403141
218,7.266666666666667,,,,insightface_bbox,0.7001753449440002,0.0,823.57470703125,940.3271484375,2366.24169921875,0,0,1,0,0,0,0,0,0,1,0,1,0.04421597719192505,0.021285394206643105,0.19456052780151367,0.018167439848184586,0.007352156098932028,0.01836954429745674,0.009167397394776344,0.029692336916923523,0.09100545197725296,0.07144569605588913,0.00548242311924696,0.03772217407822609
219,7.3,,,,insightface_bbox,0.7001753449440002,0.0,823.57470703125,940.3271484375,2366.24169921875,0,0,1,0,0,0,0,0,0,1,0,1,0.04312185198068619,0.02095957286655903,0.18428795039653778,0.017758343368768692,0.007281358353793621,0.01794128492474556,0.008672459982335567,0.028948158025741577,0.08742224425077438,0.06894014775753021,0.005544791929423809,0.037620481103658676
220,7.333333333333333,,,,insightface_bbox,0.7001753449440002,0.0,823.57470703125,940.3271484375,2366.24169921875,0,0,1,0,0,0,0,0,0,1,0,1,0.04413995519280434,0.021680545061826706,0.1851242035627365,0.018260765820741653,0.007592316251248121,0.018389450386166573,0.009200618602335453,0.029498489573597908,0.08880364894866943,0.06960543245077133,0.006039914675056934,0.03961608186364174
221,7.366666666666666,,,,insightface_bbox,0.7001753449440002,0.0,823.57470703125,940.3271484375,2366.24169921875,0,0,1,0,0,0,0,0,0,1,0,1,0.044364988803863525,0.021758541464805603,0.18664607405662537,0.018319308757781982,0.007766009774059057,0.01913711242377758,0.009133961983025074,0.029498577117919922,0.08674047887325287,0.0683506578207016,0.006517109461128712,0.04024021327495575
222,7.4,,,,insightface_bbox,0.7262498736381531,0.0,826.7581176757812,930.5687255859375,2364.7626953125,0,0,1,0,0,0,0,0,0,1,0,1,0.03332173079252243,0.017756342887878418,0.18626399338245392,0.014454266987740993,0.006738132797181606,0.015330714173614979,0.0057321107015013695,0.024685088545084,0.06925691664218903,0.05619940161705017,0.003169180126860738,0.029361313208937645
223,7.433333333333334,,,,insightface_bbox,0.7262498736381531,0.0,826.7581176757812,930.5687255859375,2364.7626953125,0,0,1,0,0,0,0,0,0,1,0,1,0.03248095139861107,0.017233673483133316,0.1817525327205658,0.014045407995581627,0.006501602940261364,0.014551887288689613,0.005296032875776291,0.024753350764513016,0.06742210686206818,0.05655740946531296,0.0033055732492357492,0.029027147218585014
224,7.466666666666667,,,,insightface_bbox,0.7262498736381531,0.0,826.7581176757812,930.5687255859375,2364.7626953125,0,0,1,0,0,0,0,0,0,1,0,1,0.03342954441905022,0.017630096524953842,0.16840727627277374,0.014007912017405033,0.006453856825828552,0.014521822333335876,0.0053681423887610435,0.024521535262465477,0.06310515850782394,0.05451444163918495,0.003539691912010312,0.029003789648413658
225,7.5,,,,insightface_bbox,0.7262498736381531,0.0,826.7581176757812,930.5687255859375,2364.7626953125,0,0,1,0,0,0,0,0,0,1,0,1,0.035677846521139145,0.017875447869300842,0.18487749993801117,0.014007298275828362,0.0067690289579331875,0.016062919050455093,0.00540019478648901,0.02443014644086361,0.06542102992534637,0.05658602714538574,0.0035123645793646574,0.030776802450418472
226,7.533333333333333,,,,insightface_bbox,0.7262498736381531,0.0,826.7581176757812,930.5687255859375,2364.7626953125,0,0,1,0,0,0,0,0,0,1,0,1,0.03796493634581566,0.01858806237578392,0.20219512283802032,0.014520752243697643,0.007186897564679384,0.015483668074011803,0.005776372272521257,0.024757085368037224,0.06858879327774048,0.06016407907009125,0.003130997996777296,0.030687173828482628
227,7.566666666666666,,,,insightface_bbox,0.7262498736381531,0.0,826.7581176757812,930.5687255859375,2364.7626953125,0,0,1,0,0,0,0,0,0,1,0,1,0.037121791392564774,0.01841505989432335,0.18813049793243408,0.01409881841391325,0.006911472417414188,0.014836663380265236,0.005414432846009731,0.02337625063955784,0.06584599614143372,0.05682528391480446,0.002967389300465584,0.02955586090683937
228,7.6,,,,insightface_bbox,0.6910839676856995,0.0,834.3103637695312,912.4871826171875,2415.677490234375,0,0,1,0,0,0,0,0,0,1,0,1,0.034111388027668,0.017647255212068558,0.17652975022792816,0.014186724089086056,0.006855134852230549,0.014688796363770962,0.005050808656960726,0.024571912363171577,0.0648910403251648,0.05796019360423088,0.0031526770908385515,0.028753411024808884
229,7.633333333333334,,,,insightface_bbox,0.6910839676856995,0.0,834.3103637695312,912.4871826171875,2415.677490234375,0,0,1,0,0,0,0,0,0,1,0,1,0.033237919211387634,0.01687805727124214,0.1622273325920105,0.01344761811196804,0.006455025169998407,0.014035668224096298,0.004641692154109478,0.02335027977824211,0.06285684555768967,0.054713260382413864,0.0029167081229388714,0.027553804218769073
230,7.666666666666667,,,,insightface_bbox,0.6910839676856995,0.0,834.3103637695312,912.4871826171875,2415.677490234375,0,0,1,0,0,0,0,0,0,1,0,1,0.0327397957444191,0.016718154773116112,0.16276849806308746,0.01321044284850359,0.006319668609648943,0.014406712725758553,0.004355072975158691,0.02502640336751938,0.06325392425060272,0.05379459261894226,0.003095136256888509,0.02745988592505455
231,7.7,,,,insightface_bbox,0.6910839676856995,0.0,834.3103637695312,912.4871826171875,2415.677490234375,0,0,1,0,0,0,0,0,0,1,0,1,0.03351461514830589,0.01690664328634739,0.16179578006267548,0.013247122056782246,0.006241893861442804,0.014898836612701416,0.004438022617250681,0.025052525103092194,0.061990175396203995,0.05333220213651657,0.003335823304951191,0.0277058407664299
232,7.733333333333333,,,,insightface_bbox,0.6910839676856995,0.0,834.3103637695312,912.4871826171875,2415.677490234375,0,0,1,0,0,0,0,0,0,1,0,1,0.03415142744779587,0.01676255650818348,0.18560457229614258,0.01331379171460867,0.006323287263512611,0.015157733112573624,0.004460652358829975,0.02644176036119461,0.06489415466785431,0.05603477731347084,0.003111554542556405,0.028289172798395157
233,7.766666666666667,,,,insightface_bbox,0.6910839676856995,0.0,834.3103637695312,912.4871826171875,2415.677490234375,0,0,1,0,0,0,0,0,0,1,0,1,0.03597541153430939,0.017081337049603462,0.20306415855884552,0.013526525348424911,0.006586021743714809,0.015914013609290123,0.004747828934341669,0.02584660053253174,0.06703031063079834,0.05910532921552658,0.0031343777664005756,0.029331183061003685
234,7.8,,,,insightface_bbox,0.7246542572975159,0.0,814.5718383789062,928.5864868164062,2350.4365234375,0,0,1,0,0,0,0,0,0,1,0,1,0.037869591265916824,0.018037226051092148,0.18496520817279816,0.015046271495521069,0.0064043160527944565,0.015796244144439697,0.005342419259250164,0.026877891272306442,0.06979259848594666,0.06195040047168732,0.005329185631126165,0.03443867713212967
235,7.833333333333333,,,,insightface_bbox,0.7246542572975159,0.0,814.5718383789062,928.5864868164062,2350.4365234375,0,0,1,0,0,0,0,0,0,1,0,1,0.040187716484069824,0.018623311072587967,0.20042872428894043,0.01561763510107994,0.006531851831823587,0.016593344509601593,0.005949396640062332,0.026548340916633606,0.06952761858701706,0.0625995323061943,0.006296689622104168,0.03695147484540939
236,7.866666666666666,,,,insightface_bbox,0.7246542572975159,0.0,814.5718383789062,928.5864868164062,2350.4365234375,0,0,1,0,0,0,0,0,0,1,0,0,0.04159991443157196,0.019027123227715492,0.21221494674682617,0.015963152050971985,0.006682421080768108,0.016877245157957077,0.0062502045184373856,0.026005247607827187,0.06949087977409363,0.06243843957781792,0.006688779219985008,0.038371093571186066
237,7.9,,,,insightface_bbox,0.7246542572975159,0.0,814.5718383789062,928.5864868164062,2350.4365234375,0,0,1,0,0,0,0,0,0,1,0,1,0.042068030685186386,0.019057227298617363,0.21436727046966553,0.015322254970669746,0.006632584147155285,0.016197768971323967,0.005846760235726833,0.027654150500893593,0.07173968106508255,0.06726273149251938,0.005102640017867088,0.03799693286418915
238,7.933333333333334,,,,insightface_bbox,0.7246542572975159,0.0,814.5718383789062,928.5864868164062,2350.4365234375,0,0,1,0,0,0,0,0,0,1,0,1,0.044303830713033676,0.020474771037697792,0.23338118195533752,0.015923183411359787,0.0072749583050608635,0.017467372119426727,0.006491546053439379,0.02740267477929592,0.07445651292800903,0.07123447209596634,0.004514738451689482,0.037440136075019836
239,7.966666666666667,,,,insightface_bbox,0.7246542572975159,0.0,814.5718383789062,928.5864868164062,2350.4365234375,0,0,1,0,0,0,0,0,0,1,0,1,0.04420431703329086,0.02050512656569481,0.2345854938030243,0.01599131152033806,0.007293662056326866,0.017383478581905365,0.006610206328332424,0.02759021893143654,0.0757172703742981,0.07126444578170776,0.004052907694131136,0.03585031256079674
240,8.0,,,,insightface_bbox,0.708380937576294,0.0,822.1611938476562,895.7259521484375,2460.600341796875,0,0,1,0,0,0,0,0,0,1,0,1,0.03912230581045151,0.020009752362966537,0.3037601709365845,0.01622704043984413,0.007481877226382494,0.017277728766202927,0.006332134362310171,0.03336961939930916,0.07436633110046387,0.0702817440032959,0.004770250990986824,0.034844014793634415
241,8.033333333333333,,,,insightface_bbox,0.708380937576294,0.0,822.1611938476562,895.7259521484375,2460.600341796875,0,0,1,0,0,0,0,0,0,1,0,1,0.03818928822875023,0.01982327550649643,0.2889035940170288,0.01582709699869156,0.007317476440221071,0.016804438084363937,0.0062331221997737885,0.03128931671380997,0.07122931629419327,0.06739991158246994,0.004254581406712532,0.03304639458656311
242,8.066666666666666,,,,insightface_bbox,0.708380937576294,0.0,822.1611938476562,895.7259521484375,2460.600341796875,0,0,1,0,0,0,0,0,0,1,0,1,0.035993896424770355,0.01846173033118248,0.2688981890678406,0.01495794951915741,0.00749722495675087,0.016648288816213608,0.006141657009720802,0.027735114097595215,0.06942905485630035,0.06290225684642792,0.004337131045758724,0.03225426375865936
243,8.1,,,,insightface_bbox,0.708380937576294,0.0,822.1611938476562,895.7259521484375,2460.600341796875,0,0,1,0,0,0,0,0,0,1,0,1,0.037195269018411636,0.018273646011948586,0.2952755391597748,0.014628686010837555,0.007469770964235067,0.016827303916215897,0.0058691478334367275,0.026927853003144264,0.07155278325080872,0.06531324982643127,0.004302795045077801,0.033898692578077316
244,8.133333333333333,,,,insightface_bbox,0.708380937576294,0.0,822.1611938476562,895.7259521484375,2460.600341796875,0,0,1,0,0,0,0,0,0,1,0,1,0.03818139061331749,0.01850919798016548,0.32603222131729126,0.014896932058036327,0.007699634414166212,0.017350245267152786,0.005957052111625671,0.02770150452852249,0.07152048498392105,0.06705759465694427,0.004438715986907482,0.03448886424303055
245,8.166666666666666,,,,insightface_bbox,0.708380937576294,0.0,822.1611938476562,895.7259521484375,2460.600341796875,0,0,1,0,0,0,0,0,0,1,0,1,0.0376196950674057,0.01854601502418518,0.32489991188049316,0.015035303309559822,0.00784679688513279,0.01740308292210102,0.005982140079140663,0.02848273329436779,0.07202725112438202,0.06797479093074799,0.0045132627710700035,0.03465336188673973
246,8.2,,,,insightface_bbox,0.7585750222206116,0.0,806.052490234375,920.8486938476562,2331.967529296875,0,0,1,0,0,0,0,0,0,1,0,1,0.04353613033890724,0.019583648070693016,0.22774752974510193,0.016481157392263412,0.007117814850062132,0.017124183475971222,0.007411829195916653,0.027147933840751648,0.07227592915296555,0.06819190084934235,0.006207854487001896,0.03806377202272415
247,8.233333333333333,,,,insightface_bbox,0.7585750222206116,0.0,806.052490234375,920.8486938476562,2331.967529296875,0,0,1,0,0,0,0,0,0,1,0,1,0.04196525365114212,0.01914834976196289,0.21384136378765106,0.016197312623262405,0.0070327892899513245,0.017072230577468872,0.007032712455838919,0.0272983405739069,0.07336962223052979,0.06829667091369629,0.006232335232198238,0.03726166486740112
248,8.266666666666667,,,,insightface_bbox,0.7585750222206116,0.0,806.052490234375,920.8486938476562,2331.967529296875,0,0,1,0,0,0,0,0,0,1,0,1,0.041609909385442734,0.01919534243643284,0.20633497834205627,0.016193663701415062,0.006941208150237799,0.01720563881099224,0.00694661820307374,0.027167627587914467,0.0727003663778305,0.06724230200052261,0.006670752540230751,0.03789472579956055
249,8.3,,,,insightface_bbox,0.7585750222206116,0.0,806.052490234375,920.8486938476562,2331.967529296875,0,0,1,0,0,0,0,0,0,1,0,0,0.04170335456728935,0.019086625427007675,0.21603447198867798,0.016174687072634697,0.006867638789117336,0.017379628494381905,0.0065580266527831554,0.02700893208384514,0.07083558291196823,0.06602407246828079,0.007416821084916592,0.038673773407936096
250,8.333333333333334,,,,insightface_bbox,0.7585750222206116,0.0,806.052490234375,920.8486938476562,2331.967529296875,0,0,1,0,0,0,0,0,0,1,0,0,0.042985569685697556,0.019500816240906715,0.22495122253894806,0.016428885981440544,0.006905717775225639,0.017487460747361183,0.00678397249430418,0.02720426768064499,0.0701710432767868,0.06626684218645096,0.0077204774133861065,0.03995247930288315
251,8.366666666666667,,,,insightface_bbox,0.7585750222206116,0.0,806.052490234375,920.8486938476562,2331.967529296875,0,0,1,0,0,0,0,0,0,1,0,0,0.043506525456905365,0.01966135762631893,0.22753173112869263,0.016547052189707756,0.0069782366044819355,0.017570694908499718,0.006919394247233868,0.02723904699087143,0.06981275230646133,0.06531407684087753,0.007771687116473913,0.04024415463209152
252,8.4,,,,insightface_bbox,0.7510023713111877,0.0,783.70556640625,920.6317138671875,2334.996337890625,0,0,1,0,0,0,0,0,0,1,0,0,0.0427994579076767,0.019758006557822227,0.20283421874046326,0.016889402642846107,0.0070837195962667465,0.017246337607502937,0.007179092615842819,0.027163736522197723,0.07288747280836105,0.0661470890045166,0.007458108011633158,0.03953804820775986
253,8.433333333333334,,,,insightface_bbox,0.7510023713111877,0.0,783.70556640625,920.6317138671875,2334.996337890625,0,0,1,0,0,0,0,0,0,1,0,0,0.042061567306518555,0.019635919481515884,0.19331775605678558,0.01683620549738407,0.007136703934520483,0.017445432022213936,0.007206203881651163,0.0273786298930645,0.07371527701616287,0.06681644171476364,0.007337890565395355,0.03905809670686722
254,8.466666666666667,,,,insightface_bbox,0.7510023713111877,0.0,783.70556640625,920.6317138671875,2334.996337890625,0,0,1,0,0,0,0,0,0,1,0,0,0.04172418266534805,0.01962379738688469,0.19103434681892395,0.016872065141797066,0.007055178284645081,0.017395343631505966,0.007200879976153374,0.027599835768342018,0.07347994297742844,0.06728621572256088,0.007536646910011768,0.03908205404877663
255,8.5,,,,insightface_bbox,0.7510023713111877,0.0,783.70556640625,920.6317138671875,2334.996337890625,0,0,1,0,0,0,0,0,0,1,0,0,0.042079389095306396,0.01948576234281063,0.19666683673858643,0.016750844195485115,0.006958539132028818,0.01779593899846077,0.0068772113882005215,0.02775975689291954,0.073386549949646,0.06724701076745987,0.007866036146879196,0.03925980627536774
256,8.533333333333333,,,,insightface_bbox,0.7510023713111877,0.0,783.70556640625,920.6317138671875,2334.996337890625,0,0,1,0,0,0,0,0,0,1,0,0,0.04157181456685066,0.01942368410527706,0.18966785073280334,0.016569137573242188,0.006843332201242447,0.01774800941348076,0.0065474859438836575,0.02777351811528206,0.07284683734178543,0.06669695675373077,0.007950150407850742,0.038571108132600784
257,8.566666666666666,,,,insightface_bbox,0.7510023713111877,0.0,783.70556640625,920.6317138671875,2334.996337890625,0,0,1,0,0,0,0,0,0,1,0,0,0.04041891172528267,0.01921294629573822,0.17676003277301788,0.016076773405075073,0.006779070012271404,0.017404761165380478,0.006268038880079985,0.0274033360183239,0.07288062572479248,0.06564180552959442,0.007126958109438419,0.036880359053611755
258,8.6,,,,insightface_bbox,0.7407130599021912,0.0,787.7681884765625,935.2047119140625,2328.199951171875,0,0,1,0,0,0,0,0,0,1,0,0,0.040544599294662476,0.019761662930250168,0.15604378283023834,0.01617286540567875,0.007017334923148155,0.01732541248202324,0.006699426099658012,0.027014056220650673,0.07826143503189087,0.06451694667339325,0.006420412566512823,0.037785064429044724
259,8.633333333333333,,,,insightface_bbox,0.7407130599021912,0.0,787.7681884765625,935.2047119140625,2328.199951171875,0,0,1,0,0,0,0,0,0,1,0,0,0.04033306986093521,0.020207222551107407,0.15353967249393463,0.016398243606090546,0.007112184539437294,0.017443202435970306,0.006834438070654869,0.027578838169574738,0.0783865824341774,0.0657818615436554,0.006440881639719009,0.037654608488082886
260,8.666666666666666,,,,insightface_bbox,0.7407130599021912,0.0,787.7681884765625,935.2047119140625,2328.199951171875,0,0,1,0,0,0,0,0,0,1,0,0,0.03948944807052612,0.019870933145284653,0.15433557331562042,0.016180846840143204,0.007074554916471243,0.016550349071621895,0.006617799401283264,0.02774811163544655,0.07757390290498734,0.06466001272201538,0.005755566526204348,0.03706717491149902
261,8.7,,,,insightface_bbox,0.7407130599021912,0.0,787.7681884765625,935.2047119140625,2328.199951171875,0,0,1,0,0,0,0,0,0,1,0,0,0.039254069328308105,0.01969929039478302,0.1588972806930542,0.016524240374565125,0.006745333783328533,0.016194596886634827,0.006731225177645683,0.028270024806261063,0.0761529728770256,0.0641205832362175,0.006067069247364998,0.03852522000670433
262,8.733333333333333,,,,insightface_bbox,0.7407130599021912,0.0,787.7681884765625,935.2047119140625,2328.199951171875,0,0,1,0,0,0,0,0,0,1,0,0,0.04251639544963837,0.02178393490612507,0.17637556791305542,0.018914632499217987,0.007573207840323448,0.018684661015868187,0.009569475427269936,0.031886156648397446,0.07992132753133774,0.07252835482358932,0.009062116034328938,0.051086053252220154
263,8.766666666666667,,,,insightface_bbox,0.7407130599021912,0.0,787.7681884765625,935.2047119140625,2328.199951171875,0,0,1,0,0,0,0,0,0,1,0,0,0.04333891347050667,0.022025559097528458,0.18086908757686615,0.018987569957971573,0.007744487375020981,0.018982619047164917,0.009577855467796326,0.03228633850812912,0.08033215999603271,0.0773497149348259,0.00876154936850071,0.05150575935840607
264,8.8,,,,insightface_bbox,0.682113766670227,0.0,815.9722290039062,908.5390625,2442.48876953125,0,0,1,0,0,0,0,0,0,1,0,1,0.036388035863637924,0.0184113048017025,0.20014721155166626,0.01460347417742014,0.006821929477155209,0.015475103631615639,0.00531105836853385,0.027045167982578278,0.06482349336147308,0.05986177921295166,0.003157665953040123,0.028920790180563927
265,8.833333333333334,,,,insightface_bbox,0.682113766670227,0.0,815.9722290039062,908.5390625,2442.48876953125,0,0,1,0,0,0,0,0,0,1,0,1,0.03745783865451813,0.018735699355602264,0.20526397228240967,0.014538685791194439,0.006850015372037888,0.015469226986169815,0.00538122933357954,0.02557605691254139,0.06488856673240662,0.05905132740736008,0.003141842782497406,0.029272757470607758
266,8.866666666666667,,,,insightface_bbox,0.682113766670227,0.0,815.9722290039062,908.5390625,2442.48876953125,0,0,1,0,0,0,0,0,0,1,0,1,0.037004366517066956,0.018680162727832794,0.19310829043388367,0.014363247901201248,0.006715964991599321,0.015090872533619404,0.005327989812940359,0.024343285709619522,0.06323010474443436,0.05684457719326019,0.0030555378179997206,0.028598645702004433
267,8.9,,,,insightface_bbox,0.682113766670227,0.0,815.9722290039062,908.5390625,2442.48876953125,0,0,1,0,0,0,0,0,0,1,0,1,0.03681342303752899,0.01862918771803379,0.19014310836791992,0.014256345108151436,0.006705793552100658,0.014851026237010956,0.00515038101002574,0.02462848834693432,0.06361692398786545,0.05740515887737274,0.003036568406969309,0.0286200363188982
268,8.933333333333334,,,,insightface_bbox,0.682113766670227,0.0,815.9722290039062,908.5390625,2442.48876953125,0,0,1,0,0,0,0,0,0,1,0,1,0.037267498672008514,0.018882520496845245,0.1902143806219101,0.01427900418639183,0.006636112928390503,0.014812172390520573,0.005186838563531637,0.02413591556251049,0.06397860497236252,0.05672026425600052,0.0029832455329596996,0.02893737331032753
269,8.966666666666667,,,,insightface_bbox,0.682113766670227,0.0,815.9722290039062,908.5390625,2442.48876953125,0,0,1,0,0,0,0,0,0,1,0,1,0.03709932789206505,0.018775705248117447,0.1881144791841507,0.014251600950956345,0.006585290655493736,0.014854018576443195,0.005200973246246576,0.02362700365483761,0.06337085366249084,0.055942438542842865,0.002988183405250311,0.028822388499975204
270,9.0,,,,insightface_bbox,0.6986674666404724,0.0,802.4397583007812,911.6962890625,2405.003662109375,0,0,1,0,0,0,0,0,0,1,0,1,0.04075756296515465,0.019376318901777267,0.21776176989078522,0.014770857989788055,0.006666415371000767,0.016047799959778786,0.00535101443529129,0.025078261271119118,0.06830964982509613,0.05991324409842491,0.003357929876074195,0.03135370463132858
271,9.033333333333333,,,,insightface_bbox,0.6986674666404724,0.0,802.4397583007812,911.6962890625,2405.003662109375,0,0,1,0,0,0,0,0,0,1,0,1,0.040886569768190384,0.01944783329963684,0.21756140887737274,0.01479457039386034,0.006837719120085239,0.016351275146007538,0.005361589603126049,0.025060513988137245,0.06897260993719101,0.05982603505253792,0.0033007082529366016,0.03137144818902016
272,9.066666666666666,,,,insightface_bbox,0.6986674666404724,0.0,802.4397583007812,911.6962890625,2405.003662109375,0,0,1,0,0,0,0,0,0,1,0,1,0.04158778116106987,0.019798165187239647,0.22139430046081543,0.015054400078952312,0.007023587357252836,0.01666382886469364,0.00543244881555438,0.025796107947826385,0.0693407952785492,0.060456883162260056,0.0034189827274531126,0.03198900818824768
273,9.1,,,,insightface_bbox,0.6986674666404724,0.0,802.4397583007812,911.6962890625,2405.003662109375,0,0,1,0,0,0,0,0,0,1,0,1,0.04212513566017151,0.019808687269687653,0.23365548253059387,0.015133116394281387,0.006919701583683491,0.016641825437545776,0.005487104877829552,0.025420989841222763,0.068964883685112,0.06054717302322388,0.003473348915576935,0.03276636078953743
274,9.133333333333333,,,,insightface_bbox,0.6986674666404724,0.0,802.4397583007812,911.6962890625,2405.003662109375,0,0,1,0,0,0,0,0,0,1,0,1,0.04171682894229889,0.01933903619647026,0.23343971371650696,0.01478397473692894,0.006705033592879772,0.016311023384332657,0.005379197653383017,0.024250995367765427,0.06739753484725952,0.059056248515844345,0.0033837389200925827,0.03169822692871094
275,9.166666666666666,,,,insightface_bbox,0.6986674666404724,0.0,802.4397583007812,911.6962890625,2405.003662109375,0,0,1,0,0,0,0,0,0,1,0,1,0.03976986184716225,0.018254591152071953,0.21858501434326172,0.014037791639566422,0.0063282037153840065,0.015822116285562515,0.004840297158807516,0.023570537567138672,0.06528039276599884,0.05665623024106026,0.0034736287780106068,0.030970891937613487
276,9.2,,,,insightface_bbox,0.7328158020973206,0.0,802.4155883789062,929.0458984375,2361.060791015625,0,0,1,0,0,0,0,0,0,1,0,0,0.046775009483098984,0.021878868341445923,0.22178514301776886,0.01851198449730873,0.007397705689072609,0.01871088147163391,0.00820974726229906,0.02964666113257408,0.07027441263198853,0.0628134161233902,0.009567057713866234,0.04864054173231125
277,9.233333333333333,,,,insightface_bbox,0.7328158020973206,0.0,802.4155883789062,929.0458984375,2361.060791015625,0,0,1,0,0,0,0,0,0,1,0,0,0.045699942857027054,0.021257132291793823,0.21246151626110077,0.0180060938000679,0.007274465635418892,0.0183577723801136,0.008103913627564907,0.029652154073119164,0.07176835089921951,0.06444744020700455,0.008922819048166275,0.046536434441804886
278,9.266666666666667,,,,insightface_bbox,0.7328158020973206,0.0,802.4155883789062,929.0458984375,2361.060791015625,0,0,1,0,0,0,0,0,0,1,0,0,0.04553815722465515,0.02127617783844471,0.21040797233581543,0.01801477000117302,0.007261727005243301,0.018071958795189857,0.008469253778457642,0.029895983636379242,0.0723678320646286,0.06538662314414978,0.008586428128182888,0.04585849121212959
279,9.3,,,,insightface_bbox,0.7328158020973206,0.0,802.4155883789062,929.0458984375,2361.060791015625,0,0,1,0,0,0,0,0,0,1,0,0,0.04589312523603439,0.021085597574710846,0.21565847098827362,0.017975132912397385,0.007221161387860775,0.01833953708410263,0.008537082001566887,0.030097246170043945,0.07207222282886505,0.06633000820875168,0.008832454681396484,0.04568958282470703
280,9.333333333333334,,,,insightface_bbox,0.7328158020973206,0.0,802.4155883789062,929.0458984375,2361.060791015625,0,0,1,0,0,0,0,0,0,1,0,0,0.04512723162770271,0.02074354514479637,0.2154695838689804,0.01778309978544712,0.007160858251154423,0.018013538792729378,0.008405784144997597,0.029919825494289398,0.0724174976348877,0.06784236431121826,0.008716674521565437,0.045364998281002045
281,9.366666666666667,,,,insightface_bbox,0.7328158020973206,0.0,802.4155883789062,929.0458984375,2361.060791015625,0,0,1,0,0,0,0,0,0,1,0,0,0.04501599445939064,0.020672501996159554,0.21320688724517822,0.017740337178111076,0.007120666094124317,0.018007401376962662,0.008372279815375805,0.030151329934597015,0.07256466150283813,0.06858223676681519,0.008692599833011627,0.044992685317993164
282,9.4,,,,insightface_bbox,0.7332764267921448,0.0,796.648681640625,930.439697265625,2336.673095703125,0,0,1,0,0,0,0,0,0,1,0,0,0.042880695313215256,0.0202861949801445,0.16755634546279907,0.01689295656979084,0.007144850678741932,0.01732015423476696,0.007420165929943323,0.028977664187550545,0.07953456789255142,0.0681971088051796,0.0073433853685855865,0.04237349331378937
283,9.433333333333334,,,,insightface_bbox,0.7332764267921448,0.0,796.648681640625,930.439697265625,2336.673095703125,0,0,1,0,0,0,0,0,0,1,0,0,0.04170086979866028,0.02036125399172306,0.15731069445610046,0.01683628559112549,0.00713206734508276,0.017203545197844505,0.007375823333859444,0.028939248993992805,0.07783561199903488,0.06652610003948212,0.007255848031491041,0.041239965707063675
284,9.466666666666667,,,,insightface_bbox,0.7332764267921448,0.0,796.648681640625,930.439697265625,2336.673095703125,0,0,1,0,0,0,0,0,0,1,0,0,0.04154504835605621,0.020402593538165092,0.1546434462070465,0.016723401844501495,0.0071150572039186954,0.017054200172424316,0.007312694564461708,0.028751708567142487,0.07863980531692505,0.06681247055530548,0.006972529925405979,0.040499247610569
285,9.5,,,,insightface_bbox,0.7332764267921448,0.0,796.648681640625,930.439697265625,2336.673095703125,0,0,1,0,0,0,0,0,0,1,0,0,0.04084642976522446,0.02025366574525833,0.15085281431674957,0.016516726464033127,0.007077185902744532,0.016777029260993004,0.007282051257789135,0.028420694172382355,0.07741288840770721,0.0648670494556427,0.006633821874856949,0.039573900401592255
286,9.533333333333333,,,,insightface_bbox,0.7332764267921448,0.0,796.648681640625,930.439697265625,2336.673095703125,0,0,1,0,0,0,0,0,0,1,0,0,0.04074107110500336,0.020202558487653732,0.15010592341423035,0.016489244997501373,0.007036808878183365,0.016652999445796013,0.007293218746781349,0.028299083933234215,0.07705258578062057,0.06452669948339462,0.006597598548978567,0.039623767137527466
287,9.566666666666666,,,,insightface_bbox,0.7332764267921448,0.0,796.648681640625,930.439697265625,2336.673095703125,0,0,1,0,0,0,0,0,0,1,0,0,0.0395686961710453,0.019715148955583572,0.14407777786254883,0.016060935333371162,0.0069353305734694,0.016367129981517792,0.006953568197786808,0.02771042473614216,0.07681026309728622,0.0637945830821991,0.006044553592801094,0.03789841756224632
288,9.6,,,,insightface_bbox,0.7416739463806152,0.0,805.0462646484375,929.6289672851562,2333.302001953125,0,0,1,0,0,0,0,0,0,1,0,0,0.03849522024393082,0.019244752824306488,0.14680546522140503,0.01604359783232212,0.006776717025786638,0.016276422888040543,0.0067745172418653965,0.028628434985876083,0.07335758954286575,0.06523614376783371,0.007090482860803604,0.039063360542058945
289,9.633333333333333,,,,insightface_bbox,0.7416739463806152,0.0,805.0462646484375,929.6289672851562,2333.302001953125,0,0,1,0,0,0,0,0,0,1,0,0,0.037402763962745667,0.01871851086616516,0.14449086785316467,0.015369695611298084,0.006825679447501898,0.01595035009086132,0.006221904885023832,0.027340121567249298,0.0728287622332573,0.06383718550205231,0.005985788069665432,0.035390909761190414
290,9.666666666666666,,,,insightface_bbox,0.7416739463806152,0.0,805.0462646484375,929.6289672851562,2333.302001953125,0,0,1,0,0,0,0,0,0,1,0,0,0.03709741309285164,0.01863519661128521,0.14109614491462708,0.015197106637060642,0.006801708601415157,0.016012676060199738,0.006095783784985542,0.02707265503704548,0.0737595483660698,0.06520001590251923,0.005661116447299719,0.03477946296334267
291,9.7,,,,insightface_bbox,0.7416739463806152,0.0,805.0462646484375,929.6289672851562,2333.302001953125,0,0,1,0,0,0,0,0,0,1,0,0,0.036678869277238846,0.018742963671684265,0.13427603244781494,0.01512373797595501,0.006848873570561409,0.015865584835410118,0.006028105970472097,0.026558758690953255,0.07390676438808441,0.0646716058254242,0.00542851909995079,0.034050025045871735
292,9.733333333333333,,,,insightface_bbox,0.7416739463806152,0.0,805.0462646484375,929.6289672851562,2333.302001953125,0,0,1,0,0,0,0,0,0,1,0,0,0.0361337848007679,0.01866510696709156,0.12939511239528656,0.015058351680636406,0.006820990703999996,0.016192439943552017,0.005919854622334242,0.026429424062371254,0.07321853935718536,0.06337795406579971,0.005525222048163414,0.0336066372692585
293,9.766666666666667,,,,insightface_bbox,0.7416739463806152,0.0,805.0462646484375,929.6289672851562,2333.302001953125,0,0,1,0,0,0,0,0,0,1,0,0,0.036502812057733536,0.0188105758279562,0.13152462244033813,0.015186662785708904,0.006859163753688335,0.016397519037127495,0.005988043732941151,0.02663150243461132,0.07379510998725891,0.06413695216178894,0.005598919931799173,0.0340108759701252
294,9.8,,,,insightface_bbox,0.748481273651123,0.0,802.2667236328125,925.0836791992188,2320.572509765625,0,0,1,0,0,0,0,0,0,1,0,1,0.039606936275959015,0.01902484893798828,0.18564394116401672,0.015416137874126434,0.006840597838163376,0.017185553908348083,0.006043137516826391,0.026937678456306458,0.06893271952867508,0.06342959403991699,0.00655079772695899,0.03528377413749695
295,9.833333333333334,,,,insightface_bbox,0.748481273651123,0.0,802.2667236328125,925.0836791992188,2320.572509765625,0,0,1,0,0,0,0,0,0,1,0,1,0.04034409672021866,0.01927272602915764,0.18968868255615234,0.015601414255797863,0.006883537862449884,0.017304638400673866,0.006269015371799469,0.027114491909742355,0.06999917328357697,0.0641176626086235,0.006431621499359608,0.03560301288962364
296,9.866666666666667,,,,insightface_bbox,0.748481273651123,0.0,802.2667236328125,925.0836791992188,2320.572509765625,0,0,1,0,0,0,0,0,0,1,0,1,0.03980833664536476,0.019065704196691513,0.18563507497310638,0.01544712483882904,0.006770008243620396,0.016947217285633087,0.006186607759445906,0.02704113908112049,0.06959362328052521,0.06348202377557755,0.006233358755707741,0.03496811166405678
297,9.9,,,,insightface_bbox,0.748481273651123,0.0,802.2667236328125,925.0836791992188,2320.572509765625,0,0,1,0,0,0,0,0,0,1,0,1,0.039401426911354065,0.019055871292948723,0.18078869581222534,0.015421663410961628,0.006797256879508495,0.017039107158780098,0.006116539239883423,0.027120178565382957,0.06894474476575851,0.06356549263000488,0.006436291616410017,0.03497686982154846
298,9.933333333333334,,,,insightface_bbox,0.748481273651123,0.0,802.2667236328125,925.0836791992188,2320.572509765625,0,0,1,0,0,0,0,0,0,1,0,1,0.0394761860370636,0.019048376008868217,0.18387214839458466,0.015396430157124996,0.006818578112870455,0.017008356750011444,0.005998924374580383,0.027105996385216713,0.06868129968643188,0.06299598515033722,0.006373357959091663,0.03477330505847931
299,9.966666666666667,,,,insightface_bbox,0.748481273651123,0.0,802.2667236328125,925.0836791992188,2320.572509765625,0,0,1,0,0,0,0,0,0,1,0,1,0.040090274065732956,0.019265348091721535,0.1889244019985199,0.015516456216573715,0.0068344478495419025,0.017173144966363907,0.006099236663430929,0.027093295007944107,0.0689316838979721,0.06268725544214249,0.006474000867456198,0.03519367799162865
300,10.0,,,,insightface_bbox,0.7535960674285889,0.0,790.2925415039062,935.7323608398438,2317.966796875,0,0,1,0,0,0,0,0,0,1,0,1,0.036856263875961304,0.01853976771235466,0.12985052168369293,0.014338091015815735,0.006496249698102474,0.01486390084028244,0.005826842039823532,0.024934429675340652,0.07149315625429153,0.061681341379880905,0.004406487103551626,0.030777445062994957
301,10.033333333333333,,,,insightface_bbox,0.7535960674285889,0.0,790.2925415039062,935.7323608398438,2317.966796875,0,0,1,0,0,0,0,0,0,1,0,1,0.037126678973436356,0.018522823229432106,0.1311255544424057,0.014450803399085999,0.0064571271650493145,0.014833207242190838,0.00597059540450573,0.02494451031088829,0.07135028392076492,0.062198456376791,0.004408122971653938,0.03082098253071308
302,10.066666666666666,,,,insightface_bbox,0.7535960674285889,0.0,790.2925415039062,935.7323608398438,2317.966796875,0,0,1,0,0,0,0,0,0,1,0,1,0.03765489533543587,0.018648730590939522,0.13331098854541779,0.014564644545316696,0.006498012691736221,0.014854823239147663,0.006057628896087408,0.024895597249269485,0.0716000646352768,0.06244552880525589,0.004380319267511368,0.03084934502840042
303,10.1,,,,insightface_bbox,0.7535960674285889,0.0,790.2925415039062,935.7323608398438,2317.966796875,0,0,1,0,0,0,0,0,0,1,0,1,0.037994954735040665,0.018766455352306366,0.13345861434936523,0.014650443568825722,0.006465823855251074,0.014693427830934525,0.0061099473387002945,0.024703482165932655,0.07137048244476318,0.062139373272657394,0.004358119796961546,0.03076767362654209
304,10.133333333333333,,,,insightface_bbox,0.7535960674285889,0.0,790.2925415039062,935.7323608398438,2317.966796875,0,0,1,0,0,0,0,0,0,1,0,1,0.0375099778175354,0.018550438806414604,0.1342487931251526,0.0144377825781703,0.006431166082620621,0.014835458248853683,0.005820395890623331,0.0247335322201252,0.07109534740447998,0.06198015809059143,0.004404854029417038,0.03061225265264511
305,10.166666666666666,,,,insightface_bbox,0.7535960674285889,0.0,790.2925415039062,935.7323608398438,2317.966796875,0,0,1,0,0,0,0,0,0,1,0,1,0.03739812225103378,0.018533209338784218,0.132857084274292,0.014221005141735077,0.006385075859725475,0.015016552992165089,0.005594116635620594,0.024524841457605362,0.07066556811332703,0.06053759157657623,0.00445809680968523,0.030051760375499725
306,10.2,,,,insightface_bbox,0.7492198944091797,0.0,784.4423217773438,939.3590698242188,2318.48046875,0,0,1,0,0,0,0,0,0,1,0,1,0.0372079499065876,0.019110478460788727,0.12882739305496216,0.014627920463681221,0.006532639265060425,0.014734728261828423,0.005874156020581722,0.024528782814741135,0.07303420454263687,0.0623742900788784,0.004316198639571667,0.03128825128078461
307,10.233333333333333,,,,insightface_bbox,0.7492198944091797,0.0,784.4423217773438,939.3590698242188,2318.48046875,0,0,1,0,0,0,0,0,0,1,0,1,0.037315137684345245,0.019211120903491974,0.1310199648141861,0.014746067114174366,0.006539446767419577,0.015008523128926754,0.0058105988427996635,0.024878133088350296,0.07216087728738785,0.06325764209032059,0.004453341476619244,0.031190624460577965
308,10.266666666666667,,,,insightface_bbox,0.7492198944091797,0.0,784.4423217773438,939.3590698242188,2318.48046875,0,0,1,0,0,0,0,0,0,1,0,1,0.03701514005661011,0.01898806542158127,0.13156713545322418,0.01465759240090847,0.00651893112808466,0.014841905795037746,0.005803147796541452,0.025032982230186462,0.0720834732055664,0.06392385065555573,0.0043730176985263824,0.031183592975139618
309,10.3,,,,insightface_bbox,0.7492198944091797,0.0,784.4423217773438,939.3590698242188,2318.48046875,0,0,1,0,0,0,0,0,0,1,0,1,0.036834027618169785,0.01884818822145462,0.13199377059936523,0.014587902463972569,0.006488297134637833,0.01475667953491211,0.005731586366891861,0.02506300061941147,0.07233879715204239,0.0640176311135292,0.00430610915645957,0.030947977676987648
310,10.333333333333334,,,,insightface_bbox,0.7492198944091797,0.0,784.4423217773438,939.3590698242188,2318.48046875,0,0,1,0,0,0,0,0,0,1,0,1,0.036770373582839966,0.01903776451945305,0.12818202376365662,0.014536004513502121,0.006528098601847887,0.014980033040046692,0.0057453918270766735,0.0252386461943388,0.07279814034700394,0.06426066160202026,0.004283776972442865,0.030611496418714523
311,10.366666666666667,,,,insightface_bbox,0.7492198944091797,0.0,784.4423217773438,939.3590698242188,2318.48046875,0,0,1,0,0,0,0,0,0,1,0,1,0.036953154951334,0.019116470590233803,0.12621644139289856,0.014636226929724216,0.0065667834132909775,0.015351307578384876,0.005782425403594971,0.025469206273555756,0.07219208776950836,0.061570532619953156,0.004322796128690243,0.03013538382947445
312,10.4,,,,insightface_bbox,0.7507681846618652,0.0,811.6080322265625,938.74853515625,2316.72607421875,0,0,1,0,0,0,0,0,0,1,0,1,0.03802567720413208,0.02019370347261429,0.12464955449104309,0.0154409846290946,0.006582127418369055,0.015447035431861877,0.006136861629784107,0.02598002925515175,0.07638385891914368,0.06286709010601044,0.0043642050586640835,0.031150996685028076
313,10.433333333333334,,,,insightface_bbox,0.7507681846618652,0.0,811.6080322265625,938.74853515625,2316.72607421875,0,0,1,0,0,0,0,0,0,1,0,1,0.03782760724425316,0.02007744275033474,0.12318815290927887,0.015375153161585331,0.0066281817853450775,0.015728071331977844,0.006005519535392523,0.026122501119971275,0.07782323658466339,0.06273183226585388,0.004322942346334457,0.03058222308754921
314,10.466666666666667,,,,insightface_bbox,0.7507681846618652,0.0,811.6080322265625,938.74853515625,2316.72607421875,0,0,1,0,0,0,0,0,0,1,0,1,0.0385289341211319,0.020313745364546776,0.12513703107833862,0.015623397193849087,0.006777027156203985,0.016028612852096558,0.006256973836570978,0.02655523084104061,0.07892462611198425,0.063274085521698,0.004509963560849428,0.031347520649433136
315,10.5,,,,insightface_bbox,0.7507681846618652,0.0,811.6080322265625,938.74853515625,2316.72607421875,0,0,1,0,0,0,0,0,0,1,0,1,0.03856438770890236,0.02031278796494007,0.12431920319795609,0.01555817760527134,0.006783097051084042,0.016018187627196312,0.0062347957864403725,0.026407141238451004,0.07819755375385284,0.061943307518959045,0.004579194355756044,0.03133902698755264
316,10.533333333333333,,,,insightface_bbox,0.7507681846618652,0.0,811.6080322265625,938.74853515625,2316.72607421875,0,0,1,0,0,0,0,0,0,1,0,1,0.03878529742360115,0.020204707980155945,0.12319549918174744,0.015579840168356895,0.006760955788195133,0.015959441661834717,0.006213166750967503,0.0265563502907753,0.07769620418548584,0.06065097078680992,0.004620371386408806,0.031137818470597267
317,10.566666666666666,,,,insightface_bbox,0.7507681846618652,0.0,811.6080322265625,938.74853515625,2316.72607421875,0,0,1,0,0,0,0,0,0,1,0,1,0.03803787752985954,0.01986374333500862,0.12144338339567184,0.015333082526922226,0.006548692472279072,0.01551010087132454,0.006065232679247856,0.025983668863773346,0.07549389451742172,0.0586986243724823,0.004378429148346186,0.029768507927656174
318,10.6,,,,insightface_bbox,0.7427489757537842,0.0,814.8882446289062,932.9676513671875,2317.637451171875,0,0,1,0,0,0,0,0,0,1,0,1,0.03784899041056633,0.019090786576271057,0.1389121115207672,0.014335425570607185,0.00627543218433857,0.016186483204364777,0.00531905610114336,0.02527495101094246,0.06488242745399475,0.055470895022153854,0.0048205675557255745,0.028062831610441208
319,10.633333333333333,,,,insightface_bbox,0.7427489757537842,0.0,814.8882446289062,932.9676513671875,2317.637451171875,0,0,1,0,0,0,0,0,0,1,0,1,0.03826415538787842,0.019210373982787132,0.13606412708759308,0.014513062313199043,0.0063858637586236,0.01624986343085766,0.005510816350579262,0.025577357038855553,0.06599634140729904,0.05621716007590294,0.004835471510887146,0.02874492108821869
320,10.666666666666666,,,,insightface_bbox,0.7427489757537842,0.0,814.8882446289062,932.9676513671875,2317.637451171875,0,0,1,0,0,0,0,0,0,1,0,1,0.03910437226295471,0.01943926326930523,0.1407432109117508,0.014623609371483326,0.006321516819298267,0.016378747299313545,0.005601777229458094,0.02557871676981449,0.06676424294710159,0.05789767578244209,0.005025374703109264,0.029641546308994293
321,10.7,,,,insightface_bbox,0.7427489757537842,0.0,814.8882446289062,932.9676513671875,2317.637451171875,0,0,1,0,0,0,0,0,0,1,0,1,0.03925089165568352,0.01934492588043213,0.1392328292131424,0.014648535288870335,0.006423975341022015,0.01634439080953598,0.0056950924918055534,0.025853920727968216,0.06748690456151962,0.05873052775859833,0.005230677779763937,0.030321191996335983
322,10.733333333333333,,,,insightface_bbox,0.7427489757537842,0.0,814.8882446289062,932.9676513671875,2317.637451171875,0,0,1,0,0,0,0,0,0,1,0,1,0.03925064951181412,0.019339051097631454,0.13822591304779053,0.014659382402896881,0.006415103562176228,0.016376379877328873,0.005657557398080826,0.026042601093649864,0.06819014251232147,0.05973779037594795,0.005335768684744835,0.0305628664791584
323,10.766666666666667,,,,insightface_bbox,0.7427489757537842,0.0,814.8882446289062,932.9676513671875,2317.637451171875,0,0,1,0,0,0,0,0,0,1,0,1,0.03860172629356384,0.019142549484968185,0.1344701498746872,0.014536632224917412,0.00638748100027442,0.016072701662778854,0.005579635500907898,0.025656983256340027,0.06746906042098999,0.05947495996952057,0.005295749753713608,0.030682431533932686
324,10.8,,,,insightface_bbox,0.7388455867767334,0.0,788.552734375,936.2263793945312,2318.5927734375,0,0,1,0,0,0,0,0,0,1,0,1,0.03610847890377045,0.018654560670256615,0.1266029328107834,0.014540538191795349,0.006364565342664719,0.015135906636714935,0.0057623255997896194,0.025181524455547333,0.06863535195589066,0.05986792966723442,0.004605866502970457,0.030068274587392807
325,10.833333333333334,,,,insightface_bbox,0.7388455867767334,0.0,788.552734375,936.2263793945312,2318.5927734375,0,0,1,0,0,0,0,0,0,1,0,1,0.0358450710773468,0.018693868070840836,0.12612293660640717,0.014578534290194511,0.006397238466888666,0.014564319513738155,0.0058387406170368195,0.02501823380589485,0.06801272183656693,0.060247521847486496,0.004556756000965834,0.030051447451114655
326,10.866666666666667,,,,insightface_bbox,0.7388455867767334,0.0,788.552734375,936.2263793945312,2318.5927734375,0,0,1,0,0,0,0,0,0,1,0,1,0.03569384664297104,0.018515054136514664,0.12634313106536865,0.014500504359602928,0.006383045110851526,0.014451820403337479,0.0058298902586102486,0.024911219254136086,0.06811746954917908,0.06022533029317856,0.004477768670767546,0.029852043837308884
327,10.9,,,,insightface_bbox,0.7388455867767334,0.0,788.552734375,936.2263793945312,2318.5927734375,0,0,1,0,0,0,0,0,0,1,0,1,0.03592950850725174,0.018481921404600143,0.12471399456262589,0.014437041245400906,0.006382005289196968,0.014488441869616508,0.005789488088339567,0.024974390864372253,0.06876804679632187,0.060141101479530334,0.0044809612445533276,0.029850343242287636
328,10.933333333333334,,,,insightface_bbox,0.7388455867767334,0.0,788.552734375,936.2263793945312,2318.5927734375,0,0,1,0,0,0,0,0,0,1,0,1,0.03558875247836113,0.018337680026888847,0.12443941831588745,0.014354073442518711,0.006372720934450626,0.014578999020159245,0.005771196912974119,0.02495775930583477,0.06847056746482849,0.059991996735334396,0.004467698745429516,0.02980336733162403
