frame_idx,frame_time_in_ms,pitch,yaw,roll,face_alignment_method,face_detection_score,face_bbox_xmin,face_bbox_ymin,face_bbox_xmax,face_bbox_ymax,au_1,au_2,au_4,au_6,au_7,au_10,au_12,au_14,au_15,au_17,au_23,au_24,au_1_intensity,au_2_intensity,au_4_intensity,au_5_intensity,au_6_intensity,au_9_intensity,au_12_intensity,au_15_intensity,au_17_intensity,au_20_intensity,au_25_intensity,au_26_intensity
0,0.0,,,,insightface_bbox,0.6680431962013245,75.03892517089844,694.7498779296875,1033.8795166015625,2559.00634765625,0,0,0,0,0,0,0,0,0,1,0,0,0.04596644639968872,0.030194362625479698,0.07493363320827484,0.06864545494318008,0.007447952404618263,0.014453476294875145,0.011545415036380291,0.03522927686572075,0.12077198177576065,0.06351697444915771,0.0046157073229551315,0.026400819420814514
1,0.03333333333333333,,,,insightface_bbox,0.6680431962013245,75.03892517089844,694.7498779296875,1033.8795166015625,2559.00634765625,0,0,0,0,0,0,0,0,0,0,0,0,0.10066317021846771,0.0822082981467247,0.2328234314918518,0.2278328835964203,0.021839773282408714,0.0400419719517231,0.028753507882356644,0.06738574057817459,0.13000166416168213,0.09947892278432846,0.012959037907421589,0.06727129966020584
2,0.06666666666666667,,,,insightface_bbox,0.6680431962013245,75.03892517089844,694.7498779296875,1033.8795166015625,2559.00634765625,0,0,1,0,0,0,0,0,0,0,0,0,0.11318565160036087,0.08725649118423462,0.3443840444087982,0.23826129734516144,0.023812584578990936,0.04826131835579872,0.029392631724476814,0.08238177746534348,0.12418089807033539,0.11256837844848633,0.020650269463658333,0.086530402302742
3,0.1,,,,insightface_bbox,0.6680431962013245,75.03892517089844,694.7498779296875,1033.8795166015625,2559.00634765625,0,0,0,0,0,0,0,0,0,0,0,0,0.08585143089294434,0.06767338514328003,0.19294926524162292,0.15593725442886353,0.019412172958254814,0.037255171686410904,0.02234843373298645,0.07554801553487778,0.12254521995782852,0.11429048329591751,0.016839846968650818,0.07227786630392075
4,0.13333333333333333,,,,insightface_bbox,0.6680431962013245,75.03892517089844,694.7498779296875,1033.8795166015625,2559.00634765625,0,0,0,0,0,0,0,0,0,0,0,0,0.08201386034488678,0.0679464116692543,0.2149670571088791,0.15485185384750366,0.019515957683324814,0.038064636290073395,0.020802030339837074,0.07277829945087433,0.11593444645404816,0.11297731101512909,0.016442492604255676,0.07132497429847717
5,0.16666666666666666,,,,insightface_bbox,0.6680431962013245,75.03892517089844,694.7498779296875,1033.8795166015625,2559.00634765625,0,0,0,0,0,0,0,0,0,0,0,0,0.10175403952598572,0.08471344411373138,0.31050562858581543,0.2072613686323166,0.024499204009771347,0.04567708447575569,0.026011353358626366,0.07848837226629257,0.11966336518526077,0.11801031231880188,0.0181803647428751,0.07214429974555969
6,0.2,,,,insightface_bbox,0.7538268566131592,85.3782958984375,614.189208984375,1051.6041259765625,2484.156494140625,0,0,0,0,0,0,0,0,0,0,0,0,0.09089731425046921,0.08065281808376312,0.27025988698005676,0.20144301652908325,0.02209896221756935,0.03555263206362724,0.019083410501480103,0.07069142162799835,0.11117924004793167,0.10451485216617584,0.010568761266767979,0.056252073496580124
7,0.23333333333333334,,,,insightface_bbox,0.7538268566131592,85.3782958984375,614.189208984375,1051.6041259765625,2484.156494140625,0,0,0,0,0,0,0,0,0,0,0,0,0.07537581771612167,0.07175232470035553,0.25071507692337036,0.19131779670715332,0.02283657342195511,0.03664582967758179,0.018603486940264702,0.07684185355901718,0.10304591059684753,0.10871428996324539,0.012392629869282246,0.05675388127565384
8,0.26666666666666666,,,,insightface_bbox,0.7538268566131592,85.3782958984375,614.189208984375,1051.6041259765625,2484.156494140625,0,0,0,0,0,0,0,0,0,0,0,0,0.06803800165653229,0.0646761953830719,0.22262409329414368,0.17041027545928955,0.021246355026960373,0.035233594477176666,0.020008163526654243,0.07376793026924133,0.09927588701248169,0.10624457150697708,0.012264100834727287,0.05397031456232071
9,0.3,,,,insightface_bbox,0.7538268566131592,85.3782958984375,614.189208984375,1051.6041259765625,2484.156494140625,0,0,1,0,0,0,0,0,0,0,0,0,0.07284583896398544,0.0673384964466095,0.305530309677124,0.16683027148246765,0.023164790123701096,0.038446806371212006,0.020769894123077393,0.07795186340808868,0.10211993753910065,0.11372996866703033,0.0141379339620471,0.055437009781599045
10,0.3333333333333333,,,,insightface_bbox,0.7538268566131592,85.3782958984375,614.189208984375,1051.6041259765625,2484.156494140625,0,0,1,0,0,0,0,0,0,0,0,0,0.07169515639543533,0.06546932458877563,0.29701295495033264,0.15273889899253845,0.022534335032105446,0.03605849668383598,0.018633682280778885,0.07403261959552765,0.10348299145698547,0.11055180430412292,0.013259387575089931,0.054359156638383865
11,0.36666666666666664,,,,insightface_bbox,0.7538268566131592,85.3782958984375,614.189208984375,1051.6041259765625,2484.156494140625,0,0,0,0,0,0,0,0,0,0,0,0,0.0680646300315857,0.06026000529527664,0.27085912227630615,0.14245308935642242,0.02148190140724182,0.03668850660324097,0.017550652846693993,0.07259072363376617,0.10541436076164246,0.10841221362352371,0.01370218675583601,0.05450931936502457
12,0.4,,,,insightface_bbox,0.7418316006660461,99.40275573730469,577.7105712890625,1069.5028076171875,2448.747802734375,0,0,0,0,0,0,0,0,0,0,0,0,0.06684423238039017,0.06140685826539993,0.23091968894004822,0.1671406775712967,0.021770484745502472,0.03370308876037598,0.018831755965948105,0.07283958047628403,0.10308385640382767,0.11167766153812408,0.012323714792728424,0.05353998765349388
13,0.43333333333333335,,,,insightface_bbox,0.7418316006660461,99.40275573730469,577.7105712890625,1069.5028076171875,2448.747802734375,0,0,0,0,0,0,0,0,0,0,0,0,0.07371555268764496,0.06876181066036224,0.2849469780921936,0.17525675892829895,0.024450834840536118,0.040527068078517914,0.026796415448188782,0.07533727586269379,0.10333482176065445,0.12227782607078552,0.013380088843405247,0.06011897325515747
14,0.4666666666666667,,,,insightface_bbox,0.7418316006660461,99.40275573730469,577.7105712890625,1069.5028076171875,2448.747802734375,0,0,0,0,0,0,0,0,0,0,0,0,0.07362355291843414,0.07053881138563156,0.2638492286205292,0.18121525645256042,0.0256253182888031,0.03991762548685074,0.025554846972227097,0.07767505943775177,0.10449652373790741,0.1282132863998413,0.012896150350570679,0.05943036079406738
15,0.5,,,,insightface_bbox,0.7418316006660461,99.40275573730469,577.7105712890625,1069.5028076171875,2448.747802734375,0,0,0,0,0,0,0,0,0,0,0,0,0.06604154407978058,0.06370797753334045,0.23052838444709778,0.158362478017807,0.02312079817056656,0.03410337492823601,0.0197021272033453,0.07430808246135712,0.10593336820602417,0.12160621583461761,0.012088469229638577,0.05599883198738098
16,0.5333333333333333,,,,insightface_bbox,0.7418316006660461,99.40275573730469,577.7105712890625,1069.5028076171875,2448.747802734375,0,0,0,0,0,0,0,0,0,0,0,0,0.06505326181650162,0.06054586172103882,0.24959585070610046,0.14095674455165863,0.022427832707762718,0.03446609154343605,0.017138749361038208,0.07435599714517593,0.10725051909685135,0.11862865835428238,0.012363161891698837,0.05427456647157669
17,0.5666666666666667,,,,insightface_bbox,0.7418316006660461,99.40275573730469,577.7105712890625,1069.5028076171875,2448.747802734375,0,0,0,0,0,0,0,0,0,1,0,0,0.06187901645898819,0.05672646686434746,0.25556114315986633,0.12731337547302246,0.020844243466854095,0.03276654705405235,0.014687469229102135,0.0732123851776123,0.1062157154083252,0.11349066346883774,0.011205172166228294,0.05051348730921745
18,0.6,,,,insightface_bbox,0.7563334703445435,100.31903839111328,600.1990966796875,1059.6768798828125,2458.370849609375,0,0,1,0,0,0,0,0,0,0,0,0,0.07876524329185486,0.06931090354919434,0.3491935729980469,0.19955593347549438,0.027322299778461456,0.0451633520424366,0.02028571255505085,0.09589541703462601,0.12252416461706161,0.1282450258731842,0.012882770039141178,0.06473419070243835
19,0.6333333333333333,,,,insightface_bbox,0.7563334703445435,100.31903839111328,600.1990966796875,1059.6768798828125,2458.370849609375,0,0,1,0,0,0,0,0,0,0,0,0,0.08479468524456024,0.07115181535482407,0.36289647221565247,0.19639939069747925,0.027845241129398346,0.05056031048297882,0.02074231393635273,0.0839213952422142,0.11768896877765656,0.11209674179553986,0.015370585955679417,0.06693007051944733
20,0.6666666666666666,,,,insightface_bbox,0.7563334703445435,100.31903839111328,600.1990966796875,1059.6768798828125,2458.370849609375,0,0,0,0,0,0,0,0,0,0,0,0,0.08667010813951492,0.06940378993749619,0.2932487726211548,0.18161745369434357,0.025832723826169968,0.04959353059530258,0.017778022214770317,0.0738392174243927,0.11681030690670013,0.10210072994232178,0.018829137086868286,0.06463146954774857
21,0.7,,,,insightface_bbox,0.7563334703445435,100.31903839111328,600.1990966796875,1059.6768798828125,2458.370849609375,0,0,0,0,0,0,0,0,0,0,0,0,0.08864408731460571,0.07237929105758667,0.2844575047492981,0.19385842978954315,0.026940423995256424,0.050816453993320465,0.018373487517237663,0.07276216149330139,0.11650846153497696,0.10039806365966797,0.019542302936315536,0.0630657747387886
22,0.7333333333333333,,,,insightface_bbox,0.7563334703445435,100.31903839111328,600.1990966796875,1059.6768798828125,2458.370849609375,0,0,0,0,0,0,0,0,0,0,0,0,0.09140714257955551,0.07729946821928024,0.2820841670036316,0.20257636904716492,0.028325973078608513,0.05615215003490448,0.02087376080453396,0.07308466732501984,0.11828776448965073,0.10199490934610367,0.01858997717499733,0.06144516170024872
23,0.7666666666666667,,,,insightface_bbox,0.7563334703445435,100.31903839111328,600.1990966796875,1059.6768798828125,2458.370849609375,0,0,0,0,0,0,0,0,0,0,0,0,0.08655010163784027,0.07573308795690536,0.22869715094566345,0.2005406618118286,0.025176994502544403,0.05017354339361191,0.01916874572634697,0.06878965348005295,0.11404286324977875,0.09752535820007324,0.01813507452607155,0.056672073900699615
24,0.8,,,,insightface_bbox,0.72761470079422,115.78788757324219,610.1376953125,1080.093994140625,2568.132080078125,0,0,0,0,0,0,0,0,0,0,0,0,0.07439480721950531,0.06323841214179993,0.16414321959018707,0.17618131637573242,0.02023526281118393,0.03858881816267967,0.01582065038383007,0.061732809990644455,0.10597428679466248,0.08884205669164658,0.016107453033328056,0.05095517635345459
25,0.8333333333333334,,,,insightface_bbox,0.72761470079422,115.78788757324219,610.1376953125,1080.093994140625,2568.132080078125,0,0,0,0,0,0,0,0,0,0,0,0,0.06663332134485245,0.05178496241569519,0.13986855745315552,0.1447175145149231,0.01779484935104847,0.0346490778028965,0.013957632705569267,0.05788332223892212,0.10049312561750412,0.08440955728292465,0.015644419938325882,0.04801638796925545
26,0.8666666666666667,,,,insightface_bbox,0.72761470079422,115.78788757324219,610.1376953125,1080.093994140625,2568.132080078125,0,0,0,0,0,0,0,0,0,0,0,0,0.06446843594312668,0.04990774393081665,0.13334441184997559,0.15133817493915558,0.017286285758018494,0.0333336666226387,0.01337260939180851,0.0562971830368042,0.09626932442188263,0.08248639106750488,0.016470657661557198,0.04904864728450775
27,0.9,,,,insightface_bbox,0.72761470079422,115.78788757324219,610.1376953125,1080.093994140625,2568.132080078125,0,0,0,0,0,0,0,0,0,0,0,0,0.0634029433131218,0.048610832542181015,0.13078956305980682,0.15185299515724182,0.016965975984930992,0.03217650204896927,0.012899046763777733,0.055859167128801346,0.09448852390050888,0.08058580756187439,0.016968773677945137,0.04944823309779167
28,0.9333333333333333,,,,insightface_bbox,0.72761470079422,115.78788757324219,610.1376953125,1080.093994140625,2568.132080078125,0,0,0,0,0,0,0,0,0,0,0,0,0.05982409417629242,0.04529654607176781,0.13703511655330658,0.14709028601646423,0.016427190974354744,0.03214508295059204,0.012470832094550133,0.054059237241744995,0.08975435048341751,0.07778173685073853,0.017745455726981163,0.04967280477285385
29,0.9666666666666667,,,,insightface_bbox,0.72761470079422,115.78788757324219,610.1376953125,1080.093994140625,2568.132080078125,0,0,0,0,0,0,0,0,0,0,0,0,0.055835213512182236,0.042027972638607025,0.12420933693647385,0.13881011307239532,0.015548700466752052,0.030992064625024796,0.011652607470750809,0.05243684723973274,0.08815650641918182,0.07567794620990753,0.01660238578915596,0.04785158485174179
30,1.0,,,,insightface_bbox,0.7196102142333984,135.23683166503906,632.176025390625,1061.919921875,2589.516845703125,0,0,0,0,0,0,0,0,0,0,0,0,0.04534577578306198,0.03673316538333893,0.12179240584373474,0.10741977393627167,0.012887829914689064,0.028598181903362274,0.008687945082783699,0.03990037366747856,0.08016393333673477,0.06729358434677124,0.02131526917219162,0.04980286583304405
31,1.0333333333333334,,,,insightface_bbox,0.7196102142333984,135.23683166503906,632.176025390625,1061.919921875,2589.516845703125,0,0,0,0,0,0,0,0,0,0,0,0,0.04449673369526863,0.03686172142624855,0.1232011616230011,0.11025015264749527,0.013002214953303337,0.029024075716733932,0.00896731112152338,0.039858683943748474,0.07934196293354034,0.06814432889223099,0.023170147091150284,0.05229726433753967
32,1.0666666666666667,,,,insightface_bbox,0.7196102142333984,135.23683166503906,632.176025390625,1061.919921875,2589.516845703125,0,0,0,0,0,0,0,0,0,0,0,0,0.04282919317483902,0.03433000668883324,0.12012206017971039,0.09652140736579895,0.012406278401613235,0.028414994478225708,0.008179404772818089,0.0379427932202816,0.07845532894134521,0.0662996768951416,0.02291688323020935,0.04956643655896187
33,1.1,,,,insightface_bbox,0.7196102142333984,135.23683166503906,632.176025390625,1061.919921875,2589.516845703125,0,0,0,0,0,0,0,0,0,0,0,0,0.04166228324174881,0.03220483660697937,0.10570837557315826,0.08821532875299454,0.011809775605797768,0.027085665613412857,0.0076224105432629585,0.03715921565890312,0.07838326692581177,0.06566451489925385,0.021171383559703827,0.04636721685528755
34,1.1333333333333333,,,,insightface_bbox,0.7196102142333984,135.23683166503906,632.176025390625,1061.919921875,2589.516845703125,0,0,0,0,0,0,0,0,0,0,0,0,0.0391819141805172,0.029942186549305916,0.10164178162813187,0.07534133642911911,0.011105267331004143,0.026961209252476692,0.007114690728485584,0.03560478240251541,0.07705508172512054,0.06478454172611237,0.02139030024409294,0.04471708461642265
35,1.1666666666666667,,,,insightface_bbox,0.7196102142333984,135.23683166503906,632.176025390625,1061.919921875,2589.516845703125,0,0,0,0,0,0,0,0,0,0,0,0,0.039621010422706604,0.030396021902561188,0.10827533900737762,0.0744018629193306,0.011254742741584778,0.028774455189704895,0.007471233606338501,0.03572194278240204,0.077061228454113,0.0654313787817955,0.0233071967959404,0.04609717056155205
36,1.2,,,,insightface_bbox,0.7183366417884827,123.01570892333984,628.579833984375,1052.56005859375,2585.4140625,0,0,0,0,0,0,0,0,0,0,0,0,0.038591790944337845,0.029829781502485275,0.10238000750541687,0.06878913193941116,0.010949360206723213,0.026619546115398407,0.007062768097966909,0.035803258419036865,0.07878266274929047,0.06662551313638687,0.020016329362988472,0.04395570978522301
37,1.2333333333333334,,,,insightface_bbox,0.7183366417884827,123.01570892333984,628.579833984375,1052.56005859375,2585.4140625,0,0,0,0,0,0,0,0,0,0,0,0,0.04019685834646225,0.030774962157011032,0.10829591006040573,0.07248276472091675,0.011633630841970444,0.02833664044737816,0.007752555422484875,0.037216104567050934,0.08218419551849365,0.07013502717018127,0.020439397543668747,0.0452641025185585
38,1.2666666666666666,,,,insightface_bbox,0.7183366417884827,123.01570892333984,628.579833984375,1052.56005859375,2585.4140625,0,0,0,0,0,0,0,0,0,0,0,0,0.040140941739082336,0.02978663146495819,0.10058894008398056,0.07054826617240906,0.011186114512383938,0.027016643434762955,0.007612481247633696,0.03578348457813263,0.07979336380958557,0.06985782831907272,0.022575492039322853,0.045538391917943954
39,1.3,,,,insightface_bbox,0.7183366417884827,123.01570892333984,628.579833984375,1052.56005859375,2585.4140625,0,0,0,0,0,0,0,0,0,0,0,0,0.04204094782471657,0.03174541890621185,0.11572408676147461,0.07790210098028183,0.011817771941423416,0.028323261067271233,0.008299937471747398,0.037317365407943726,0.0807294100522995,0.07135628908872604,0.023401860147714615,0.0471491664648056
40,1.3333333333333333,,,,insightface_bbox,0.7183366417884827,123.01570892333984,628.579833984375,1052.56005859375,2585.4140625,0,0,0,0,0,0,0,0,0,0,0,0,0.040263667702674866,0.02975400537252426,0.10765750706195831,0.06906257569789886,0.011360129341483116,0.02760547399520874,0.007823359221220016,0.03573581203818321,0.08043414354324341,0.0695265382528305,0.021818578243255615,0.04476736858487129
41,1.3666666666666667,,,,insightface_bbox,0.7183366417884827,123.01570892333984,628.579833984375,1052.56005859375,2585.4140625,0,0,0,0,0,0,0,0,0,0,0,0,0.03715715929865837,0.027198631316423416,0.09772495925426483,0.05744943767786026,0.010246806778013706,0.026282137259840965,0.006674791220575571,0.032906726002693176,0.07752744853496552,0.06520630419254303,0.020497718825936317,0.040824003517627716
42,1.4,,,,insightface_bbox,0.7208431959152222,120.31102752685547,628.5379638671875,1047.5601806640625,2593.806884765625,0,0,0,0,0,0,0,0,0,0,0,0,0.03667595610022545,0.02744501829147339,0.10079323500394821,0.05916103348135948,0.01035584881901741,0.026662925258278847,0.006837732624262571,0.03209485113620758,0.07529620081186295,0.06314760446548462,0.020544279366731644,0.03929566964507103
43,1.4333333333333333,,,,insightface_bbox,0.7208431959152222,120.31102752685547,628.5379638671875,1047.5601806640625,2593.806884765625,0,0,0,0,0,0,0,0,0,0,0,0,0.034645043313503265,0.025490444153547287,0.09710116684436798,0.05279263108968735,0.009701832197606564,0.025398895144462585,0.006304040551185608,0.029866604134440422,0.0711788460612297,0.0602385550737381,0.020400995388627052,0.03850987181067467
44,1.4666666666666666,,,,insightface_bbox,0.7208431959152222,120.31102752685547,628.5379638671875,1047.5601806640625,2593.806884765625,0,0,0,0,0,0,0,0,0,0,0,0,0.035799749195575714,0.025806374847888947,0.10593545436859131,0.055052921175956726,0.010094867087900639,0.026517320424318314,0.006803914438933134,0.030879344791173935,0.0721641406416893,0.061540957540273666,0.021609308198094368,0.04044454172253609
45,1.5,,,,insightface_bbox,0.7208431959152222,120.31102752685547,628.5379638671875,1047.5601806640625,2593.806884765625,0,0,0,0,0,0,0,0,0,0,0,0,0.035225220024585724,0.02518448606133461,0.10929319262504578,0.054325222969055176,0.010485210455954075,0.02758307382464409,0.007015681359916925,0.03293488919734955,0.0762869343161583,0.06390255689620972,0.02241750806570053,0.04197339713573456
46,1.5333333333333334,,,,insightface_bbox,0.7208431959152222,120.31102752685547,628.5379638671875,1047.5601806640625,2593.806884765625,0,0,0,0,0,0,0,0,0,0,0,0,0.03530361130833626,0.02509528398513794,0.12904280424118042,0.052535802125930786,0.010987039655447006,0.028671205043792725,0.007315024267882109,0.03383960202336311,0.07810840755701065,0.06556743383407593,0.0247606560587883,0.04529675468802452
47,1.5666666666666667,,,,insightface_bbox,0.7208431959152222,120.31102752685547,628.5379638671875,1047.5601806640625,2593.806884765625,0,0,0,0,0,0,0,0,0,0,0,0,0.04099350795149803,0.030379490926861763,0.1579543948173523,0.08242684602737427,0.01419646106660366,0.033416010439395905,0.010366231203079224,0.038916245102882385,0.08441593497991562,0.07131175696849823,0.027467256411910057,0.05359083041548729
48,1.6,,,,insightface_bbox,0.7209545969963074,132.99774169921875,637.0625610351562,1065.2418212890625,2594.4951171875,0,0,0,0,0,0,0,0,0,0,0,0,0.050946664065122604,0.039069920778274536,0.1445951759815216,0.12265517562627792,0.018100984394550323,0.03975805267691612,0.015421927906572819,0.04734203964471817,0.09615449607372284,0.0831804871559143,0.027881640940904617,0.059660639613866806
49,1.6333333333333333,,,,insightface_bbox,0.7209545969963074,132.99774169921875,637.0625610351562,1065.2418212890625,2594.4951171875,0,0,0,0,0,0,0,0,0,0,0,0,0.051894411444664,0.03947366029024124,0.14624503254890442,0.11691097915172577,0.017234530299901962,0.03780815377831459,0.013745062984526157,0.04679078608751297,0.09871278703212738,0.08250945061445236,0.026837268844246864,0.056680940091609955
50,1.6666666666666667,,,,insightface_bbox,0.7209545969963074,132.99774169921875,637.0625610351562,1065.2418212890625,2594.4951171875,0,0,0,0,0,0,0,0,0,0,0,0,0.048900604248046875,0.03616979345679283,0.14442193508148193,0.09416934847831726,0.0156435277312994,0.03359267860651016,0.011579926125705242,0.044274818152189255,0.09623835980892181,0.0823410302400589,0.025851063430309296,0.05160035192966461
51,1.7,,,,insightface_bbox,0.7209545969963074,132.99774169921875,637.0625610351562,1065.2418212890625,2594.4951171875,0,0,0,0,0,0,0,0,0,0,0,0,0.05586955323815346,0.0405513271689415,0.20312607288360596,0.13098755478858948,0.017425069585442543,0.03538435697555542,0.015395632945001125,0.05092937871813774,0.08260256797075272,0.08363853394985199,0.03086487576365471,0.06261786818504333
52,1.7333333333333334,,,,insightface_bbox,0.7209545969963074,132.99774169921875,637.0625610351562,1065.2418212890625,2594.4951171875,0,0,1,0,0,0,0,0,0,0,0,0,0.056857600808143616,0.03758915886282921,0.24932347238063812,0.09336207807064056,0.01568131148815155,0.03193303942680359,0.0146334795281291,0.04764184728264809,0.08223254978656769,0.0826881006360054,0.027255188673734665,0.06388363242149353
53,1.7666666666666666,,,,insightface_bbox,0.7209545969963074,132.99774169921875,637.0625610351562,1065.2418212890625,2594.4951171875,0,0,1,0,0,0,0,0,0,0,0,0,0.07481667399406433,0.05274311080574989,0.3509003520011902,0.14454635977745056,0.02207912877202034,0.04116785153746605,0.022826192900538445,0.05702773109078407,0.09118418395519257,0.09195244312286377,0.03823648393154144,0.07603777945041656
54,1.8,,,,insightface_bbox,0.7173652052879333,80.83126831054688,574.9700317382812,1025.253173828125,2544.359130859375,0,0,0,0,0,0,0,0,0,0,0,0,0.059982780367136,0.04292706027626991,0.21425741910934448,0.10353638976812363,0.015509008429944515,0.031296659260988235,0.013802064582705498,0.05793556198477745,0.08924959599971771,0.08851462602615356,0.025721387937664986,0.06404703855514526
55,1.8333333333333333,,,,insightface_bbox,0.7173652052879333,80.83126831054688,574.9700317382812,1025.253173828125,2544.359130859375,0,0,1,0,0,0,0,0,0,0,0,0,0.06659627705812454,0.049228914082050323,0.2605927288532257,0.131795272231102,0.017718173563480377,0.0343904085457325,0.015776563435792923,0.060423433780670166,0.08863478153944016,0.08802565932273865,0.022797303274273872,0.0618424229323864
56,1.8666666666666667,,,,insightface_bbox,0.7173652052879333,80.83126831054688,574.9700317382812,1025.253173828125,2544.359130859375,0,0,1,0,0,0,0,0,0,0,0,0,0.07417479157447815,0.05500509962439537,0.35627585649490356,0.15133273601531982,0.019670963287353516,0.037754155695438385,0.01779310777783394,0.06233702600002289,0.08867289870977402,0.08730380237102509,0.02650393173098564,0.06483755260705948
57,1.9,,,,insightface_bbox,0.7173652052879333,80.83126831054688,574.9700317382812,1025.253173828125,2544.359130859375,0,0,1,0,0,0,0,0,0,0,0,0,0.07277198135852814,0.0492013618350029,0.2955513000488281,0.13343089818954468,0.017338648438453674,0.03364286571741104,0.01450481079518795,0.058288536965847015,0.0853920429944992,0.08311973512172699,0.02276737056672573,0.05955815315246582
58,1.9333333333333333,,,,insightface_bbox,0.7173652052879333,80.83126831054688,574.9700317382812,1025.253173828125,2544.359130859375,0,0,0,0,0,0,0,0,0,0,0,0,0.07424727082252502,0.04882252961397171,0.23146528005599976,0.13248859345912933,0.013888850808143616,0.027330489829182625,0.010075952857732773,0.05045409873127937,0.0803336426615715,0.07097580283880234,0.013936636038124561,0.0490599051117897
59,1.9666666666666666,,,,insightface_bbox,0.7173652052879333,80.83126831054688,574.9700317382812,1025.253173828125,2544.359130859375,0,0,0,0,0,0,0,0,0,0,0,0,0.07035228610038757,0.047401487827301025,0.1950584203004837,0.12549342215061188,0.013888580724596977,0.02488931454718113,0.01106975506991148,0.04975833371281624,0.08892951905727386,0.07408968359231949,0.012232186272740364,0.05010523274540901
60,2.0,,,,insightface_bbox,0.732717752456665,11.278960227966309,664.775390625,969.18994140625,2525.652587890625,0,0,0,0,0,0,0,0,0,0,0,0,0.05315529182553291,0.03425576165318489,0.09884057939052582,0.07564903050661087,0.010412917472422123,0.017260948196053505,0.007446678820997477,0.04193831980228424,0.09155132621526718,0.06806184351444244,0.006138191558420658,0.03668443113565445
61,2.033333333333333,,,,insightface_bbox,0.732717752456665,11.278960227966309,664.775390625,969.18994140625,2525.652587890625,0,0,0,0,0,0,0,0,0,0,0,0,0.050149105489254,0.03239479660987854,0.10529790073633194,0.06985457241535187,0.010689693503081799,0.018363390117883682,0.007930037565529346,0.041219573467969894,0.09436951577663422,0.06947262585163116,0.006521778181195259,0.03905103728175163
62,2.066666666666667,,,,insightface_bbox,0.732717752456665,11.278960227966309,664.775390625,969.18994140625,2525.652587890625,0,0,0,0,0,0,0,0,0,0,0,0,0.051998984068632126,0.03308802843093872,0.10677036643028259,0.07353830337524414,0.012168209999799728,0.020214863121509552,0.009415768086910248,0.04282490164041519,0.09740188717842102,0.07287093251943588,0.007475763093680143,0.04342198371887207
63,2.1,,,,insightface_bbox,0.732717752456665,11.278960227966309,664.775390625,969.18994140625,2525.652587890625,0,0,0,0,0,0,0,0,0,0,0,0,0.05395504832267761,0.03434060886502266,0.11396431177854538,0.07745683938264847,0.012607955373823643,0.02028491161763668,0.009749025106430054,0.04340655356645584,0.09573832154273987,0.07164742052555084,0.007551887538284063,0.04330373555421829
64,2.1333333333333333,,,,insightface_bbox,0.732717752456665,11.278960227966309,664.775390625,969.18994140625,2525.652587890625,0,0,0,0,0,0,0,0,0,0,0,0,0.050643716007471085,0.032158564776182175,0.10838733613491058,0.07042432576417923,0.011611557565629482,0.01867126300930977,0.008581487461924553,0.04162232577800751,0.09417254477739334,0.06853915750980377,0.00638502137735486,0.03948555886745453
65,2.1666666666666665,,,,insightface_bbox,0.732717752456665,11.278960227966309,664.775390625,969.18994140625,2525.652587890625,0,0,0,0,0,0,0,0,0,0,0,0,0.051322855055332184,0.03220979869365692,0.11269232630729675,0.06971532106399536,0.011348357424139977,0.018420947715640068,0.008267289958894253,0.04200128838419914,0.0957397073507309,0.06940352916717529,0.00631612678989768,0.03932829201221466
66,2.2,,,,insightface_bbox,0.7056897878646851,0.0,646.8408203125,964.8540649414062,2545.6669921875,0,0,0,0,0,0,0,0,0,1,0,0,0.04720737040042877,0.02918425016105175,0.1213768944144249,0.0638279914855957,0.010580741800367832,0.01724962331354618,0.007675657048821449,0.04200844094157219,0.09646143764257431,0.0709126740694046,0.005686562042683363,0.034068863838911057
67,2.2333333333333334,,,,insightface_bbox,0.7056897878646851,0.0,646.8408203125,964.8540649414062,2545.6669921875,0,0,0,0,0,0,0,0,0,0,0,0,0.04862729460000992,0.030494272708892822,0.1092524453997612,0.07389061152935028,0.010055326856672764,0.017392847687005997,0.00800840463489294,0.042231425642967224,0.09083610773086548,0.06962409615516663,0.005735576152801514,0.034204013645648956
68,2.2666666666666666,,,,insightface_bbox,0.7056897878646851,0.0,646.8408203125,964.8540649414062,2545.6669921875,0,0,0,0,0,0,0,0,0,0,0,0,0.05278359353542328,0.03343405947089195,0.09868838638067245,0.08444811403751373,0.009631340391933918,0.017070334404706955,0.007875468581914902,0.04008849710226059,0.0888688936829567,0.06987379491329193,0.0058975121937692165,0.03464074060320854
69,2.3,,,,insightface_bbox,0.7056897878646851,0.0,646.8408203125,964.8540649414062,2545.6669921875,0,0,0,0,0,0,0,0,0,0,0,0,0.04545122757554054,0.028094332665205002,0.08436442166566849,0.06473731994628906,0.009018037468194962,0.015518484637141228,0.006805236451327801,0.03634604811668396,0.08669233322143555,0.06683171540498734,0.005501807201653719,0.03133537620306015
70,2.3333333333333335,,,,insightface_bbox,0.7056897878646851,0.0,646.8408203125,964.8540649414062,2545.6669921875,0,0,0,0,0,0,0,0,0,0,0,0,0.04343489557504654,0.02710636891424656,0.0702255368232727,0.06305570900440216,0.008973520249128342,0.016206299886107445,0.006783223245292902,0.036510761827230453,0.08685304969549179,0.07286258041858673,0.005746639799326658,0.03357122093439102
71,2.3666666666666667,,,,insightface_bbox,0.7056897878646851,0.0,646.8408203125,964.8540649414062,2545.6669921875,0,0,0,0,0,0,0,0,0,0,0,0,0.05360938981175423,0.03349585831165314,0.09584076702594757,0.08341050148010254,0.010106447152793407,0.02034621499478817,0.008425102569162846,0.03975927457213402,0.0861053541302681,0.07479031383991241,0.007777998689562082,0.03867659345269203
72,2.4,,,,insightface_bbox,0.6947222352027893,61.81398010253906,641.6184692382812,1029.7547607421875,2592.75537109375,0,0,0,0,0,0,0,0,0,0,0,0,0.058621447533369064,0.035933468490839005,0.13064531981945038,0.0951748713850975,0.011345761828124523,0.024258142337203026,0.009996541775763035,0.04558594897389412,0.08520989120006561,0.07830137014389038,0.011499270796775818,0.04547879099845886
73,2.433333333333333,,,,insightface_bbox,0.6947222352027893,61.81398010253906,641.6184692382812,1029.7547607421875,2592.75537109375,0,0,0,0,0,0,0,0,0,0,0,0,0.053526557981967926,0.030047686770558357,0.17469307780265808,0.06621809303760529,0.010085288435220718,0.023020364344120026,0.008806862868368626,0.03781094402074814,0.07264774292707443,0.064999058842659,0.014400015585124493,0.03990020230412483
74,2.466666666666667,,,,insightface_bbox,0.6947222352027893,61.81398010253906,641.6184692382812,1029.7547607421875,2592.75537109375,0,0,0,0,0,0,0,0,0,0,0,0,0.043262891471385956,0.02416902408003807,0.14334598183631897,0.04526735842227936,0.00876600481569767,0.020125901326537132,0.007331904489547014,0.032959241420030594,0.06904338300228119,0.05998670682311058,0.01336614228785038,0.03669896721839905
75,2.5,,,,insightface_bbox,0.6947222352027893,61.81398010253906,641.6184692382812,1029.7547607421875,2592.75537109375,0,0,0,0,0,0,0,0,0,0,0,0,0.040050722658634186,0.023073792457580566,0.12699511647224426,0.042905453592538834,0.00883436668664217,0.020902195945382118,0.007593025453388691,0.03274933993816376,0.06956051290035248,0.060100845992565155,0.0148926405236125,0.03818581625819206
76,2.533333333333333,,,,insightface_bbox,0.6947222352027893,61.81398010253906,641.6184692382812,1029.7547607421875,2592.75537109375,0,0,0,0,0,0,0,0,0,0,0,0,0.038652900606393814,0.022714735940098763,0.11775016784667969,0.04291724041104317,0.009110575541853905,0.021230675280094147,0.007801024243235588,0.03296644985675812,0.0711010992527008,0.0617392398416996,0.01625102199614048,0.03854616731405258
77,2.566666666666667,,,,insightface_bbox,0.6947222352027893,61.81398010253906,641.6184692382812,1029.7547607421875,2592.75537109375,0,0,0,0,0,0,0,0,0,0,0,0,0.038912270218133926,0.023800145834684372,0.11250478029251099,0.04600375518202782,0.009341051802039146,0.021092668175697327,0.008119642734527588,0.03346485644578934,0.07222813367843628,0.06421463936567307,0.016629984602332115,0.039879731833934784
78,2.6,,,,insightface_bbox,0.7227156162261963,93.38240814208984,645.8651733398438,1048.7930908203125,2560.82861328125,0,0,0,0,0,0,0,0,0,0,0,0,0.03849923238158226,0.025331566110253334,0.10460466146469116,0.05190739408135414,0.009338843636214733,0.020043782889842987,0.006813491694629192,0.03611471876502037,0.0720994621515274,0.06166437640786171,0.01645907573401928,0.037869229912757874
79,2.6333333333333333,,,,insightface_bbox,0.7227156162261963,93.38240814208984,645.8651733398438,1048.7930908203125,2560.82861328125,0,0,0,0,0,0,0,0,0,0,0,0,0.037521038204431534,0.024908795952796936,0.08123599737882614,0.05041301250457764,0.008906652219593525,0.017921069636940956,0.006161813624203205,0.03471803665161133,0.07458974421024323,0.06037667766213417,0.015291642397642136,0.03591690585017204
80,2.6666666666666665,,,,insightface_bbox,0.7227156162261963,93.38240814208984,645.8651733398438,1048.7930908203125,2560.82861328125,0,0,0,0,0,0,0,0,0,0,0,0,0.03480568900704384,0.022325200960040092,0.07286445796489716,0.04419215768575668,0.008301137946546078,0.016772205010056496,0.005484640598297119,0.03264835476875305,0.07120976597070694,0.058262087404727936,0.016812290996313095,0.03531716763973236
81,2.7,,,,insightface_bbox,0.7227156162261963,93.38240814208984,645.8651733398438,1048.7930908203125,2560.82861328125,0,0,0,0,0,0,0,0,0,0,0,0,0.03670833259820938,0.023395584896206856,0.07854950428009033,0.04762144386768341,0.008776714093983173,0.017934706062078476,0.005888191983103752,0.034013357013463974,0.0728936418890953,0.06074019521474838,0.018125150352716446,0.03720270097255707
82,2.7333333333333334,,,,insightface_bbox,0.7227156162261963,93.38240814208984,645.8651733398438,1048.7930908203125,2560.82861328125,0,0,0,0,0,0,0,0,0,0,0,0,0.03540417551994324,0.02255796641111374,0.07790115475654602,0.042994771152734756,0.00822507031261921,0.017102845013141632,0.005497809499502182,0.03207660838961601,0.0713094100356102,0.05887020751833916,0.017161235213279724,0.03530703857541084
83,2.7666666666666666,,,,insightface_bbox,0.7227156162261963,93.38240814208984,645.8651733398438,1048.7930908203125,2560.82861328125,0,0,0,0,0,0,0,0,0,0,0,0,0.03454327583312988,0.021958304569125175,0.07339854538440704,0.04034390673041344,0.008194522000849247,0.016823768615722656,0.005472391378134489,0.030755676329135895,0.07102790474891663,0.05868986248970032,0.01698743738234043,0.03470224142074585
84,2.8,,,,insightface_bbox,0.7245153784751892,111.69342041015625,609.7826538085938,1063.1185302734375,2541.798095703125,0,0,0,0,0,0,0,0,0,0,0,0,0.035510726273059845,0.022829538211226463,0.07736402750015259,0.0435374490916729,0.008532027713954449,0.017661025747656822,0.005578109994530678,0.03216336667537689,0.07222927361726761,0.05918815732002258,0.01753389649093151,0.034829530864953995
85,2.8333333333333335,,,,insightface_bbox,0.7245153784751892,111.69342041015625,609.7826538085938,1063.1185302734375,2541.798095703125,0,0,0,0,0,0,0,0,0,0,0,0,0.034671563655138016,0.022299885749816895,0.07792200148105621,0.04306189715862274,0.008522650226950645,0.017660783603787422,0.005444779526442289,0.03206504508852959,0.07221916317939758,0.058909472078084946,0.016381651163101196,0.033940091729164124
86,2.8666666666666667,,,,insightface_bbox,0.7245153784751892,111.69342041015625,609.7826538085938,1063.1185302734375,2541.798095703125,0,0,0,0,0,0,0,0,0,0,0,0,0.03449799492955208,0.02223285101354122,0.07617347687482834,0.04260365664958954,0.008468609303236008,0.017309941351413727,0.005383721552789211,0.032230403274297714,0.07257895171642303,0.059192903339862823,0.016034657135605812,0.03390240669250488
87,2.9,,,,insightface_bbox,0.7245153784751892,111.69342041015625,609.7826538085938,1063.1185302734375,2541.798095703125,0,0,0,0,0,0,0,0,0,0,0,0,0.03450474143028259,0.02276291884481907,0.0772380605340004,0.04568444564938545,0.00858069583773613,0.017476968467235565,0.005546534433960915,0.03306042030453682,0.07255886495113373,0.059313371777534485,0.015545218251645565,0.03389550372958183
88,2.933333333333333,,,,insightface_bbox,0.7245153784751892,111.69342041015625,609.7826538085938,1063.1185302734375,2541.798095703125,0,0,0,0,0,0,0,0,0,0,0,0,0.03512360900640488,0.023198764771223068,0.07515699416399002,0.04711250215768814,0.008769077248871326,0.017902797088027,0.005714511964470148,0.03348630666732788,0.072223000228405,0.061035457998514175,0.016161130741238594,0.03450732305645943
89,2.966666666666667,,,,insightface_bbox,0.7245153784751892,111.69342041015625,609.7826538085938,1063.1185302734375,2541.798095703125,0,0,0,0,0,0,0,0,0,0,0,0,0.03576165810227394,0.023197654634714127,0.07401616871356964,0.04797089844942093,0.008949189446866512,0.01815243624150753,0.005805655848234892,0.03324441984295845,0.07269040495157242,0.06219283118844032,0.016384990885853767,0.03444699943065643
90,3.0,,,,insightface_bbox,0.7433139085769653,116.23555755615234,596.1463012695312,1067.390869140625,2556.533935546875,0,0,0,0,0,0,0,0,0,0,0,0,0.03831760585308075,0.0253448486328125,0.08044183999300003,0.05659496411681175,0.01005782000720501,0.019399233162403107,0.006334614008665085,0.03691038116812706,0.07688133418560028,0.06612111628055573,0.014209866523742676,0.03571460023522377
91,3.033333333333333,,,,insightface_bbox,0.7433139085769653,116.23555755615234,596.1463012695312,1067.390869140625,2556.533935546875,0,0,0,0,0,0,0,0,0,0,0,0,0.042420536279678345,0.028183285146951675,0.08709719777107239,0.0635116770863533,0.01063060574233532,0.0207595806568861,0.007107343524694443,0.03795702010393143,0.08138959109783173,0.0704064890742302,0.014879215508699417,0.0382719412446022
92,3.066666666666667,,,,insightface_bbox,0.7433139085769653,116.23555755615234,596.1463012695312,1067.390869140625,2556.533935546875,0,0,0,0,0,0,0,0,0,0,0,0,0.04109928011894226,0.02740715630352497,0.08843821287155151,0.05874055624008179,0.010098293423652649,0.020211685448884964,0.007006390951573849,0.03691631928086281,0.0815177783370018,0.07033344358205795,0.014650416560471058,0.037871669977903366
93,3.1,,,,insightface_bbox,0.7433139085769653,116.23555755615234,596.1463012695312,1067.390869140625,2556.533935546875,0,0,0,0,0,0,0,0,0,0,0,0,0.04445020109415054,0.02990642748773098,0.10419182479381561,0.06550505012273788,0.010706781409680843,0.021494805812835693,0.007587416097521782,0.037452805787324905,0.08072803914546967,0.07175131887197495,0.01612125337123871,0.03992382436990738
94,3.1333333333333333,,,,insightface_bbox,0.7433139085769653,116.23555755615234,596.1463012695312,1067.390869140625,2556.533935546875,0,0,0,0,0,0,0,0,0,0,0,0,0.04825893044471741,0.032118868082761765,0.11681105941534042,0.06942079216241837,0.01150677353143692,0.022620543837547302,0.00837219599634409,0.03813960403203964,0.08324791491031647,0.07318339496850967,0.015966832637786865,0.04141409695148468
95,3.1666666666666665,,,,insightface_bbox,0.7433139085769653,116.23555755615234,596.1463012695312,1067.390869140625,2556.533935546875,0,0,0,0,0,0,0,0,0,0,0,0,0.05258994176983833,0.03464756906032562,0.13616734743118286,0.0799783393740654,0.01300293393433094,0.024497706443071365,0.009725881740450859,0.040185168385505676,0.08545097708702087,0.07465659081935883,0.017228547483682632,0.04353868216276169
96,3.2,,,,insightface_bbox,0.7525136470794678,130.59893798828125,593.6822509765625,1075.108154296875,2553.114501953125,0,0,0,0,0,0,0,0,0,0,0,0,0.05809006839990616,0.04099668562412262,0.1719045490026474,0.09181670844554901,0.01697457954287529,0.03529684245586395,0.011950033716857433,0.045704953372478485,0.09391097724437714,0.08134806156158447,0.028932787477970123,0.0535958856344223
97,3.2333333333333334,,,,insightface_bbox,0.7525136470794678,130.59893798828125,593.6822509765625,1075.108154296875,2553.114501953125,0,0,0,0,0,0,0,0,0,0,0,0,0.05222974717617035,0.0369584895670414,0.1348067820072174,0.08321306854486465,0.014848186634480953,0.030725272372364998,0.010043238289654255,0.04143407940864563,0.0870944932103157,0.075281523168087,0.025011029094457626,0.04921748489141464
98,3.2666666666666666,,,,insightface_bbox,0.7525136470794678,130.59893798828125,593.6822509765625,1075.108154296875,2553.114501953125,0,0,0,0,0,0,0,0,0,0,0,0,0.04880814254283905,0.03469085693359375,0.11469133198261261,0.07668421417474747,0.013529234565794468,0.028222158551216125,0.008758867159485817,0.03921898454427719,0.08408333361148834,0.07305857539176941,0.023483723402023315,0.047018155455589294
99,3.3,,,,insightface_bbox,0.7525136470794678,130.59893798828125,593.6822509765625,1075.108154296875,2553.114501953125,0,0,0,0,0,0,0,0,0,0,0,0,0.046276405453681946,0.03306859731674194,0.10857787728309631,0.0709298774600029,0.013220436871051788,0.02766178548336029,0.007887410931289196,0.03967960923910141,0.08767025172710419,0.07472935318946838,0.01891288161277771,0.04159277305006981
100,3.3333333333333335,,,,insightface_bbox,0.7525136470794678,130.59893798828125,593.6822509765625,1075.108154296875,2553.114501953125,0,0,0,0,0,0,0,0,0,0,0,0,0.04488953948020935,0.031220540404319763,0.10934995114803314,0.07088421285152435,0.012825899757444859,0.02472052164375782,0.007573784328997135,0.039520133286714554,0.08538127690553665,0.0713944360613823,0.016922349110245705,0.040253959596157074
101,3.3666666666666667,,,,insightface_bbox,0.7525136470794678,130.59893798828125,593.6822509765625,1075.108154296875,2553.114501953125,0,0,0,0,0,0,0,0,0,0,0,0,0.04574766755104065,0.03103574365377426,0.11658750474452972,0.07311352342367172,0.012385936453938484,0.023367784917354584,0.0073463753797113895,0.040845368057489395,0.08483758568763733,0.0725640207529068,0.01639404334127903,0.04022015631198883
102,3.4,,,,insightface_bbox,0.7489263415336609,111.62870025634766,588.5785522460938,1062.5965576171875,2525.7578125,0,0,0,0,0,0,0,0,0,0,0,0,0.05074217543005943,0.034915611147880554,0.10859135538339615,0.08511775732040405,0.012002715840935707,0.02216334268450737,0.00722644105553627,0.04311114549636841,0.08112677186727524,0.07244184613227844,0.014668363146483898,0.03936481103301048
103,3.433333333333333,,,,insightface_bbox,0.7489263415336609,111.62870025634766,588.5785522460938,1062.5965576171875,2525.7578125,0,0,0,0,0,0,0,0,0,0,0,0,0.05244226008653641,0.035818591713905334,0.12085392326116562,0.08542627096176147,0.01279111485928297,0.023882368579506874,0.00793428998440504,0.04389740899205208,0.08632490038871765,0.07798493653535843,0.015608128160238266,0.04101782292127609
104,3.466666666666667,,,,insightface_bbox,0.7489263415336609,111.62870025634766,588.5785522460938,1062.5965576171875,2525.7578125,0,0,0,0,0,0,0,0,0,0,0,0,0.05268048867583275,0.03602688014507294,0.12378685921430588,0.08242970705032349,0.013189753517508507,0.024589242413640022,0.008834371343255043,0.04141053557395935,0.08754286915063858,0.07833711057901382,0.01577042043209076,0.04202669858932495
105,3.5,,,,insightface_bbox,0.7489263415336609,111.62870025634766,588.5785522460938,1062.5965576171875,2525.7578125,0,0,0,0,0,0,0,0,0,0,0,0,0.05566500127315521,0.03913119062781334,0.12837207317352295,0.08972518891096115,0.014021625742316246,0.025969818234443665,0.009551015682518482,0.041968293488025665,0.08920353651046753,0.0793180987238884,0.01571553759276867,0.04317355901002884
106,3.533333333333333,,,,insightface_bbox,0.7489263415336609,111.62870025634766,588.5785522460938,1062.5965576171875,2525.7578125,0,0,0,0,0,0,0,0,0,0,0,0,0.05360934138298035,0.03745165467262268,0.12531569600105286,0.08519455790519714,0.013455979526042938,0.025155862793326378,0.009106401354074478,0.04182439297437668,0.08925339579582214,0.07911033928394318,0.015253104269504547,0.04166051000356674
107,3.566666666666667,,,,insightface_bbox,0.7489263415336609,111.62870025634766,588.5785522460938,1062.5965576171875,2525.7578125,0,0,0,0,0,0,0,0,0,0,0,0,0.051328208297491074,0.03544330596923828,0.11564385145902634,0.0786740705370903,0.012634465470910072,0.023490503430366516,0.008171550929546356,0.041632819920778275,0.08859866112470627,0.07835637778043747,0.014657488092780113,0.040127307176589966
108,3.6,,,,insightface_bbox,0.7629421353340149,113.75627899169922,603.8521118164062,1065.824951171875,2537.8017578125,0,0,0,0,0,0,0,0,0,0,0,0,0.05128999799489975,0.0363977886736393,0.11209835112094879,0.07799497246742249,0.012429527938365936,0.023019064217805862,0.008076264522969723,0.04074808210134506,0.08820496499538422,0.07781946659088135,0.013599731959402561,0.039766985923051834
109,3.6333333333333333,,,,insightface_bbox,0.7629421353340149,113.75627899169922,603.8521118164062,1065.824951171875,2537.8017578125,0,0,0,0,0,0,0,0,0,0,0,0,0.052989792078733444,0.037870559841394424,0.12024850398302078,0.08501289784908295,0.013428669422864914,0.02452436089515686,0.00878183264285326,0.043833181262016296,0.09083061665296555,0.08038665354251862,0.014541774988174438,0.04166838526725769
110,3.6666666666666665,,,,insightface_bbox,0.7629421353340149,113.75627899169922,603.8521118164062,1065.824951171875,2537.8017578125,0,0,0,0,0,0,0,0,0,0,0,0,0.058683134615421295,0.04373794049024582,0.13686956465244293,0.1113048568367958,0.01599063351750374,0.0284128375351429,0.011315148323774338,0.05113031342625618,0.09231970459222794,0.08160814642906189,0.019273201003670692,0.048404790461063385
111,3.7,,,,insightface_bbox,0.7629421353340149,113.75627899169922,603.8521118164062,1065.824951171875,2537.8017578125,0,0,0,0,0,0,0,0,0,0,0,0,0.059433165937662125,0.04353079944849014,0.13932722806930542,0.11027417331933975,0.015803949907422066,0.028042176738381386,0.010941814631223679,0.05123906582593918,0.09279917925596237,0.08241733908653259,0.019203202798962593,0.04894888401031494
112,3.7333333333333334,,,,insightface_bbox,0.7629421353340149,113.75627899169922,603.8521118164062,1065.824951171875,2537.8017578125,0,0,0,0,0,0,0,0,0,0,0,0,0.06009705364704132,0.04343867301940918,0.143819198012352,0.1183447390794754,0.015344420447945595,0.026813121512532234,0.01002461090683937,0.0512562170624733,0.0890495553612709,0.07986655831336975,0.019530700519680977,0.049068521708250046
113,3.7666666666666666,,,,insightface_bbox,0.7629421353340149,113.75627899169922,603.8521118164062,1065.824951171875,2537.8017578125,0,0,0,0,0,0,0,0,0,0,0,0,0.057633738964796066,0.042379043996334076,0.1550258845090866,0.113510861992836,0.015655705705285072,0.027610909193754196,0.009918445721268654,0.05281500518321991,0.08843125402927399,0.08160845190286636,0.02119407244026661,0.050284244120121
114,3.8,,,,insightface_bbox,0.7386859655380249,115.16676330566406,587.753173828125,1067.63916015625,2560.167236328125,0,0,0,0,0,0,0,0,0,0,0,0,0.05427464097738266,0.03880831226706505,0.15331518650054932,0.09755012392997742,0.015004207380115986,0.02769179828464985,0.009723667986690998,0.05174504965543747,0.08620802313089371,0.08001475781202316,0.020953848958015442,0.04855341464281082
115,3.8333333333333335,,,,insightface_bbox,0.7386859655380249,115.16676330566406,587.753173828125,1067.63916015625,2560.167236328125,0,0,0,0,0,0,0,0,0,0,0,0,0.056197069585323334,0.04138510674238205,0.141007661819458,0.11299857497215271,0.015377674251794815,0.02816390059888363,0.010400987230241299,0.054070815443992615,0.08664512634277344,0.08198308944702148,0.025706257671117783,0.054014403373003006
116,3.8666666666666667,,,,insightface_bbox,0.7386859655380249,115.16676330566406,587.753173828125,1067.63916015625,2560.167236328125,0,0,0,0,0,0,0,0,0,0,0,0,0.053530219942331314,0.039195090532302856,0.12958523631095886,0.10736019164323807,0.014631099998950958,0.02562228962779045,0.00965503416955471,0.05334923416376114,0.08759225904941559,0.08012892305850983,0.020323509350419044,0.04855746775865555
117,3.9,,,,insightface_bbox,0.7386859655380249,115.16676330566406,587.753173828125,1067.63916015625,2560.167236328125,0,0,0,0,0,0,0,0,0,0,0,0,0.05423711985349655,0.04045575484633446,0.1255987286567688,0.10977237671613693,0.015201998874545097,0.02578210085630417,0.00988270714879036,0.051709726452827454,0.0894940048456192,0.07946828007698059,0.019270170480012894,0.04799816384911537
118,3.933333333333333,,,,insightface_bbox,0.7386859655380249,115.16676330566406,587.753173828125,1067.63916015625,2560.167236328125,0,0,0,0,0,0,0,0,0,0,0,0,0.046497952193021774,0.03440265357494354,0.10786671191453934,0.08657306432723999,0.01330527849495411,0.024752868339419365,0.008502215147018433,0.04483463242650032,0.08592351526021957,0.07572320103645325,0.017593134194612503,0.044608790427446365
119,3.966666666666667,,,,insightface_bbox,0.7386859655380249,115.16676330566406,587.753173828125,1067.63916015625,2560.167236328125,0,0,0,0,0,0,0,0,0,0,0,0,0.040077973157167435,0.028401659801602364,0.096494659781456,0.0678831934928894,0.011341908015310764,0.024613428860902786,0.007881184108555317,0.040074676275253296,0.08318810164928436,0.07397320866584778,0.018378550186753273,0.04281182587146759
120,4.0,,,,insightface_bbox,0.681836724281311,135.00546264648438,620.280029296875,1032.91845703125,2611.28857421875,0,0,0,0,0,0,0,0,0,0,0,0,0.036279644817113876,0.028433699160814285,0.1533508002758026,0.06812789291143417,0.010238909162580967,0.02395959384739399,0.006822878494858742,0.03341490030288696,0.07166406512260437,0.05946066603064537,0.01686924323439598,0.038882918655872345
121,4.033333333333333,,,,insightface_bbox,0.681836724281311,135.00546264648438,620.280029296875,1032.91845703125,2611.28857421875,0,0,1,0,0,0,0,0,0,0,0,0,0.03544297441840172,0.02508106827735901,0.21420396864414215,0.05838412791490555,0.010533446446061134,0.024988967925310135,0.007008946966379881,0.03294968605041504,0.07257503271102905,0.056297630071640015,0.020510025322437286,0.03899422660470009
122,4.066666666666666,,,,insightface_bbox,0.681836724281311,135.00546264648438,620.280029296875,1032.91845703125,2611.28857421875,0,0,0,0,0,0,0,0,0,0,0,0,0.030841922387480736,0.01967434585094452,0.15930302441120148,0.04311320185661316,0.009992885403335094,0.021434087306261063,0.006258387118577957,0.03077073208987713,0.0706855058670044,0.050508737564086914,0.018842127174139023,0.03488503769040108
123,4.1,,,,insightface_bbox,0.681836724281311,135.00546264648438,620.280029296875,1032.91845703125,2611.28857421875,0,0,0,0,0,0,0,0,0,0,0,0,0.03025868721306324,0.01936798170208931,0.1998952329158783,0.04184618964791298,0.011146321892738342,0.02641484886407852,0.007151283789426088,0.03198176249861717,0.07364130020141602,0.050501540303230286,0.020619381219148636,0.0354839563369751
124,4.133333333333334,,,,insightface_bbox,0.681836724281311,135.00546264648438,620.280029296875,1032.91845703125,2611.28857421875,0,0,0,0,0,0,0,0,0,0,0,0,0.031077245250344276,0.020053856074810028,0.18319427967071533,0.0403326153755188,0.010364647954702377,0.025453973561525345,0.007632761262357235,0.02988736890256405,0.07245099544525146,0.04709601402282715,0.02277982234954834,0.03711128607392311
125,4.166666666666667,,,,insightface_bbox,0.681836724281311,135.00546264648438,620.280029296875,1032.91845703125,2611.28857421875,0,0,0,0,0,0,0,0,0,0,0,0,0.03578260540962219,0.022912748157978058,0.1549539566040039,0.05376820266246796,0.01095651090145111,0.024658549576997757,0.009378181770443916,0.0327204205095768,0.08015619218349457,0.0515219010412693,0.020241934806108475,0.0387236513197422
126,4.2,,,,insightface_bbox,0.7063326835632324,136.74070739746094,764.3422241210938,999.9185791015625,2561.359130859375,0,0,0,0,0,0,0,0,0,0,0,0,0.03368082642555237,0.022826528176665306,0.09167388826608658,0.04461907595396042,0.011298145167529583,0.020732134580612183,0.008840655907988548,0.029074907302856445,0.06826090067625046,0.038982514292001724,0.018293486908078194,0.036963969469070435
127,4.233333333333333,,,,insightface_bbox,0.7063326835632324,136.74070739746094,764.3422241210938,999.9185791015625,2561.359130859375,0,0,0,0,0,0,0,0,0,0,0,0,0.035307638347148895,0.024477139115333557,0.12219573557376862,0.05321011319756508,0.01199863851070404,0.023068007081747055,0.009184876456856728,0.032818447798490524,0.07100063562393188,0.04248788207769394,0.019662825390696526,0.03811418637633324
128,4.266666666666667,,,,insightface_bbox,0.7063326835632324,136.74070739746094,764.3422241210938,999.9185791015625,2561.359130859375,0,0,0,0,0,0,0,0,0,0,0,0,0.03587428107857704,0.025456823408603668,0.10068636387586594,0.05811235308647156,0.010772758163511753,0.0215462613850832,0.008862598799169064,0.031183267012238503,0.07311441004276276,0.04623383656144142,0.01339956745505333,0.0362686887383461
129,4.3,,,,insightface_bbox,0.7063326835632324,136.74070739746094,764.3422241210938,999.9185791015625,2561.359130859375,0,0,0,0,0,0,0,0,0,0,0,0,0.041036587208509445,0.029109472408890724,0.11692818254232407,0.06304517388343811,0.012048891745507717,0.027577150613069534,0.009767506271600723,0.03361386060714722,0.07647468894720078,0.051571719348430634,0.015896247699856758,0.03647325932979584
130,4.333333333333333,,,,insightface_bbox,0.7063326835632324,136.74070739746094,764.3422241210938,999.9185791015625,2561.359130859375,0,0,0,0,0,0,0,0,0,0,0,0,0.03798258304595947,0.02572004497051239,0.1194411963224411,0.0516941100358963,0.010226677171885967,0.024255309253931046,0.008178649470210075,0.03115198388695717,0.07069679349660873,0.049036905169487,0.017646875232458115,0.03512941673398018
131,4.366666666666666,,,,insightface_bbox,0.7063326835632324,136.74070739746094,764.3422241210938,999.9185791015625,2561.359130859375,0,0,0,0,0,0,0,0,0,0,0,0,0.03389020264148712,0.02212611772119999,0.12832240760326385,0.035950303077697754,0.009856250137090683,0.023597611114382744,0.007063894998282194,0.029094498604536057,0.06722161173820496,0.04579245299100876,0.018647674471139908,0.03539815917611122
132,4.4,,,,insightface_bbox,0.6518213748931885,94.66374969482422,743.9763793945312,934.0202026367188,2570.059326171875,0,0,0,0,0,0,0,0,0,0,0,0,0.030059553682804108,0.019983727484941483,0.1216224730014801,0.031486399471759796,0.010200180113315582,0.024064552038908005,0.006072081625461578,0.030018363147974014,0.06428886950016022,0.044592373073101044,0.01932539977133274,0.03970932960510254
133,4.433333333333334,,,,insightface_bbox,0.6518213748931885,94.66374969482422,743.9763793945312,934.0202026367188,2570.059326171875,0,0,0,0,0,0,0,0,0,0,0,0,0.03009149618446827,0.02008000761270523,0.10862784087657928,0.03360423445701599,0.009923935867846012,0.021652625873684883,0.006236625369638205,0.029735606163740158,0.06513512134552002,0.04647006094455719,0.016841623932123184,0.03926112502813339
134,4.466666666666667,,,,insightface_bbox,0.6518213748931885,94.66374969482422,743.9763793945312,934.0202026367188,2570.059326171875,0,0,0,0,0,0,0,0,0,0,0,0,0.041831985116004944,0.02900831401348114,0.16658180952072144,0.06716079264879227,0.014163833111524582,0.029968377202749252,0.009950370527803898,0.04058953374624252,0.08080180734395981,0.06160859018564224,0.02398451790213585,0.05881308764219284
135,4.5,,,,insightface_bbox,0.6518213748931885,94.66374969482422,743.9763793945312,934.0202026367188,2570.059326171875,0,0,0,0,0,0,0,0,0,0,0,0,0.04390602558851242,0.029426494613289833,0.20200984179973602,0.06550491601228714,0.014281224459409714,0.029324831441044807,0.009746598079800606,0.040977593511343,0.08440311253070831,0.059512242674827576,0.020777834579348564,0.056068021804094315
136,4.533333333333333,,,,insightface_bbox,0.6518213748931885,94.66374969482422,743.9763793945312,934.0202026367188,2570.059326171875,0,0,0,0,0,0,0,0,0,0,0,0,0.04421530291438103,0.028896983712911606,0.17755009233951569,0.06440847367048264,0.014273748733103275,0.027293704450130463,0.009194213896989822,0.04174216091632843,0.08376329392194748,0.05979734659194946,0.018196895718574524,0.054074689745903015
137,4.566666666666666,,,,insightface_bbox,0.6518213748931885,94.66374969482422,743.9763793945312,934.0202026367188,2570.059326171875,0,0,0,0,0,0,0,0,0,0,0,0,0.0484604574739933,0.030502784997224808,0.21218475699424744,0.07309669256210327,0.015087365172803402,0.03032669425010681,0.009710932150483131,0.04015691578388214,0.07546879351139069,0.05775836855173111,0.022605860605835915,0.05495038256049156
138,4.6,,,,insightface_bbox,0.6484788656234741,63.53117752075195,673.441650390625,977.1966552734375,2586.08447265625,0,0,1,0,0,0,0,0,0,0,0,0,0.05027671903371811,0.028102807700634003,0.2263067662715912,0.056298986077308655,0.010553755797445774,0.02272367663681507,0.0077331578359007835,0.03618844598531723,0.07757178694009781,0.05480147525668144,0.013299576938152313,0.03773331642150879
139,4.633333333333334,,,,insightface_bbox,0.6484788656234741,63.53117752075195,673.441650390625,977.1966552734375,2586.08447265625,0,0,1,0,0,0,0,0,0,0,0,0,0.061971984803676605,0.03930825740098953,0.3408789038658142,0.10825112462043762,0.014791855588555336,0.02847248502075672,0.012432826682925224,0.04496071860194206,0.08087891340255737,0.0655013769865036,0.017800455912947655,0.05080295354127884
140,4.666666666666667,,,,insightface_bbox,0.6484788656234741,63.53117752075195,673.441650390625,977.1966552734375,2586.08447265625,0,0,1,0,0,0,0,0,0,0,0,0,0.06082543730735779,0.038765598088502884,0.3518712818622589,0.10701052099466324,0.015542042441666126,0.029242053627967834,0.012569124810397625,0.043942537158727646,0.08112780004739761,0.06750772893428802,0.01734336093068123,0.04891274869441986
141,4.7,,,,insightface_bbox,0.6484788656234741,63.53117752075195,673.441650390625,977.1966552734375,2586.08447265625,0,0,1,0,0,0,0,0,0,0,0,0,0.051362812519073486,0.03297385573387146,0.2648314833641052,0.0795273631811142,0.012711260467767715,0.025115743279457092,0.009042507968842983,0.03970281779766083,0.07549775391817093,0.06440304964780807,0.015191110782325268,0.0430978424847126
142,4.733333333333333,,,,insightface_bbox,0.6484788656234741,63.53117752075195,673.441650390625,977.1966552734375,2586.08447265625,0,0,1,0,0,0,0,0,0,0,0,0,0.053044721484184265,0.03458252549171448,0.2649252712726593,0.08101564645767212,0.012417720630764961,0.025772184133529663,0.00887145847082138,0.03929215669631958,0.07216034084558487,0.06420382112264633,0.017753466963768005,0.046270716935396194
143,4.766666666666667,,,,insightface_bbox,0.6484788656234741,63.53117752075195,673.441650390625,977.1966552734375,2586.08447265625,0,0,1,0,0,0,0,0,0,0,0,0,0.051871173083782196,0.03465339168906212,0.23007230460643768,0.08021288365125656,0.012367956340312958,0.026480330154299736,0.008985568769276142,0.03812749683856964,0.07118687778711319,0.06425946205854416,0.02061682567000389,0.04892513155937195
144,4.8,,,,insightface_bbox,0.6985905170440674,87.83574676513672,618.3121337890625,1020.109375,2548.2333984375,0,0,0,0,0,0,0,0,0,0,0,0,0.06129197031259537,0.04022795706987381,0.1923605054616928,0.11307886987924576,0.014960544183850288,0.02829880453646183,0.012977762147784233,0.04957076162099838,0.08293457329273224,0.07781428098678589,0.01691361702978611,0.053892653435468674
145,4.833333333333333,,,,insightface_bbox,0.6985905170440674,87.83574676513672,618.3121337890625,1020.109375,2548.2333984375,0,0,0,0,0,0,0,0,0,0,0,0,0.061817798763513565,0.04000713676214218,0.17998355627059937,0.10840076953172684,0.014664960093796253,0.028087859973311424,0.01290133036673069,0.04919791966676712,0.08396346122026443,0.07739119231700897,0.015855958685278893,0.05268876254558563
146,4.866666666666666,,,,insightface_bbox,0.6985905170440674,87.83574676513672,618.3121337890625,1020.109375,2548.2333984375,0,0,0,0,0,0,0,0,0,0,0,0,0.06137615069746971,0.039512187242507935,0.18436306715011597,0.10388316214084625,0.014493411406874657,0.0279268529266119,0.012615440413355827,0.0500117763876915,0.08539792895317078,0.0788281112909317,0.015797611325979233,0.05428303778171539
147,4.9,,,,insightface_bbox,0.6985905170440674,87.83574676513672,618.3121337890625,1020.109375,2548.2333984375,0,0,0,0,0,0,0,0,0,0,0,0,0.059092212468385696,0.03891562670469284,0.19980588555335999,0.09709372371435165,0.014778668992221355,0.02814142219722271,0.01288206409662962,0.04848474636673927,0.08524033427238464,0.07804998010396957,0.014306506142020226,0.05298381671309471
148,4.933333333333334,,,,insightface_bbox,0.6985905170440674,87.83574676513672,618.3121337890625,1020.109375,2548.2333984375,0,0,1,0,0,0,0,0,0,0,0,0,0.06313958019018173,0.04149410128593445,0.2683737277984619,0.10592314600944519,0.016309015452861786,0.031575776636600494,0.014762720093131065,0.05039457231760025,0.08635252714157104,0.07979066669940948,0.016868842765688896,0.05488525331020355
149,4.966666666666667,,,,insightface_bbox,0.6985905170440674,87.83574676513672,618.3121337890625,1020.109375,2548.2333984375,0,0,1,0,0,0,0,0,0,0,0,0,0.0633566603064537,0.042443811893463135,0.2782107889652252,0.10975740104913712,0.01632073149085045,0.03162844851613045,0.014561043120920658,0.049644529819488525,0.08525507152080536,0.07879012823104858,0.018664134666323662,0.0558495856821537
150,5.0,,,,insightface_bbox,0.7123497724533081,97.60247802734375,611.9588623046875,1019.83544921875,2562.20458984375,0,0,1,0,0,0,0,0,0,0,0,0,0.06337031722068787,0.044722288846969604,0.3151811361312866,0.13145811855793,0.017761828377842903,0.03687627613544464,0.015263861045241356,0.04817663133144379,0.08290913701057434,0.07816976308822632,0.02845608815550804,0.06029064953327179
151,5.033333333333333,,,,insightface_bbox,0.7123497724533081,97.60247802734375,611.9588623046875,1019.83544921875,2562.20458984375,0,0,1,0,0,0,0,0,0,0,0,0,0.06441275030374527,0.045842546969652176,0.3581978678703308,0.13069045543670654,0.01868305541574955,0.03883334994316101,0.0161153394728899,0.04874754697084427,0.08522547036409378,0.0793791264295578,0.03202133625745773,0.06355322897434235
152,5.066666666666666,,,,insightface_bbox,0.7123497724533081,97.60247802734375,611.9588623046875,1019.83544921875,2562.20458984375,0,0,1,0,0,0,0,0,0,0,0,0,0.056393347680568695,0.03868342190980911,0.30887570977211,0.09573110938072205,0.016844330355525017,0.0341632179915905,0.014886502176523209,0.04213136434555054,0.08301924914121628,0.0769774541258812,0.03002787008881569,0.06066754460334778
153,5.1,,,,insightface_bbox,0.7123497724533081,97.60247802734375,611.9588623046875,1019.83544921875,2562.20458984375,0,0,1,0,0,0,0,0,0,0,0,0,0.0534251406788826,0.03632841631770134,0.28487324714660645,0.08610346168279648,0.015649328008294106,0.032682355493307114,0.013652444817125797,0.038660675287246704,0.08037103712558746,0.07229577004909515,0.029210049659013748,0.058777906000614166
154,5.133333333333334,,,,insightface_bbox,0.7123497724533081,97.60247802734375,611.9588623046875,1019.83544921875,2562.20458984375,0,0,0,0,0,0,0,0,0,0,0,0,0.05251163989305496,0.036649711430072784,0.22999262809753418,0.09618237614631653,0.0159101951867342,0.031531475484371185,0.013773865066468716,0.0394655205309391,0.07980702817440033,0.07240603864192963,0.0292762853205204,0.060045886784791946
155,5.166666666666667,,,,insightface_bbox,0.7123497724533081,97.60247802734375,611.9588623046875,1019.83544921875,2562.20458984375,0,0,0,0,0,0,0,0,0,0,0,0,0.05296022444963455,0.038201358169317245,0.20540395379066467,0.10754139721393585,0.016706790775060654,0.03310994803905487,0.015327325090765953,0.04369397088885307,0.08210290968418121,0.07703977823257446,0.033402856439352036,0.06991306692361832
156,5.2,,,,insightface_bbox,0.6560927629470825,86.07275390625,641.7728271484375,1032.9556884765625,2593.830078125,0,0,0,0,0,0,0,0,0,0,0,0,0.06173690780997276,0.04566090181469917,0.17662307620048523,0.15627482533454895,0.017346732318401337,0.03459693863987923,0.018181022256612778,0.05358182638883591,0.08195045590400696,0.08932799100875854,0.029675453901290894,0.07398974895477295
157,5.233333333333333,,,,insightface_bbox,0.6560927629470825,86.07275390625,641.7728271484375,1032.9556884765625,2593.830078125,0,0,0,0,0,0,0,0,0,0,0,0,0.0603303387761116,0.0438140407204628,0.1811942607164383,0.1446288526058197,0.016848573461174965,0.034286271780729294,0.017598804086446762,0.05188724026083946,0.08224080502986908,0.0897030457854271,0.03215976804494858,0.0748092532157898
158,5.266666666666667,,,,insightface_bbox,0.6560927629470825,86.07275390625,641.7728271484375,1032.9556884765625,2593.830078125,0,0,0,0,0,0,0,0,0,0,0,0,0.05997399240732193,0.04369557648897171,0.16367106139659882,0.14586156606674194,0.01677888073027134,0.03396350517868996,0.017184654250741005,0.05194961279630661,0.0827464759349823,0.08934438973665237,0.029868928715586662,0.07394864410161972
159,5.3,,,,insightface_bbox,0.6560927629470825,86.07275390625,641.7728271484375,1032.9556884765625,2593.830078125,0,0,0,0,0,0,0,0,0,0,0,0,0.05925971269607544,0.04297821223735809,0.162332683801651,0.1407238095998764,0.016889279708266258,0.034930773079395294,0.017215438187122345,0.0515412837266922,0.08365081250667572,0.08897946774959564,0.029741963371634483,0.07215993106365204
160,5.333333333333333,,,,insightface_bbox,0.6560927629470825,86.07275390625,641.7728271484375,1032.9556884765625,2593.830078125,0,0,0,0,0,0,0,0,0,0,0,0,0.05999385938048363,0.0435338094830513,0.1631883680820465,0.1407494843006134,0.016925258561968803,0.03574559465050697,0.01688721776008606,0.05155762657523155,0.08379295468330383,0.08922985941171646,0.0289013534784317,0.07243455946445465
161,5.366666666666666,,,,insightface_bbox,0.6560927629470825,86.07275390625,641.7728271484375,1032.9556884765625,2593.830078125,0,0,0,0,0,0,0,0,0,0,0,0,0.05685197561979294,0.04108123108744621,0.14558197557926178,0.12712249159812927,0.015890521928668022,0.03307798504829407,0.015580054372549057,0.04877370595932007,0.08345846086740494,0.08863527327775955,0.026034461334347725,0.07028452306985855
162,5.4,,,,insightface_bbox,0.7022515535354614,87.42496490478516,628.7675170898438,1039.39892578125,2573.113037109375,0,0,0,0,0,0,0,0,0,0,0,0,0.05291379615664482,0.03718571364879608,0.13345439732074738,0.10306499153375626,0.013759535737335682,0.027899589389562607,0.012505913153290749,0.04410041868686676,0.08112658560276031,0.08460335433483124,0.023101110011339188,0.06438462436199188
163,5.433333333333334,,,,insightface_bbox,0.7022515535354614,87.42496490478516,628.7675170898438,1039.39892578125,2573.113037109375,0,0,0,0,0,0,0,0,0,0,0,0,0.05354120582342148,0.03778863698244095,0.1392236202955246,0.10539330542087555,0.014042556285858154,0.028486408293247223,0.012578640133142471,0.04334614425897598,0.08095285296440125,0.08343681693077087,0.0228118933737278,0.062390975654125214
164,5.466666666666667,,,,insightface_bbox,0.7022515535354614,87.42496490478516,628.7675170898438,1039.39892578125,2573.113037109375,0,0,0,0,0,0,0,0,0,0,0,0,0.05688564479351044,0.0407126359641552,0.1608199179172516,0.1119418814778328,0.014833016321063042,0.03092065267264843,0.01321176253259182,0.044209662824869156,0.0829983800649643,0.08306160569190979,0.023506125435233116,0.06164422631263733
165,5.5,,,,insightface_bbox,0.7022515535354614,87.42496490478516,628.7675170898438,1039.39892578125,2573.113037109375,0,0,0,0,0,0,0,0,0,0,0,0,0.057055264711380005,0.04129130765795708,0.18210677802562714,0.11089172959327698,0.015108998864889145,0.03218641132116318,0.013504326343536377,0.04548830911517143,0.08338414132595062,0.08390017598867416,0.02546767145395279,0.06176977604627609
166,5.533333333333333,,,,insightface_bbox,0.7022515535354614,87.42496490478516,628.7675170898438,1039.39892578125,2573.113037109375,0,0,0,0,0,0,0,0,0,0,0,0,0.055906206369400024,0.04012387618422508,0.17877721786499023,0.1076073944568634,0.014938002452254295,0.031291645020246506,0.013244998641312122,0.04469619691371918,0.08304533362388611,0.08298102766275406,0.025152305141091347,0.06085076183080673
167,5.566666666666666,,,,insightface_bbox,0.7022515535354614,87.42496490478516,628.7675170898438,1039.39892578125,2573.113037109375,0,0,0,0,0,0,0,0,0,0,0,0,0.058477528393268585,0.042041048407554626,0.18822070956230164,0.11454039067029953,0.015506230294704437,0.032453522086143494,0.013919654302299023,0.04569053277373314,0.08455871790647507,0.08328524231910706,0.02410106360912323,0.060806382447481155
168,5.6,,,,insightface_bbox,0.7129377126693726,94.74882507324219,632.2996215820312,1036.4583740234375,2570.6142578125,0,0,0,0,0,0,0,0,0,0,0,0,0.057685405015945435,0.04183230549097061,0.2011100947856903,0.10854654759168625,0.016448723152279854,0.03339865058660507,0.014636337757110596,0.045549217611551285,0.08688536286354065,0.08467957377433777,0.019248608499765396,0.06209640949964523
169,5.633333333333334,,,,insightface_bbox,0.7129377126693726,94.74882507324219,632.2996215820312,1036.4583740234375,2570.6142578125,0,0,0,0,0,0,0,0,0,0,0,0,0.05632099509239197,0.03952091932296753,0.1868402361869812,0.100119948387146,0.015860533341765404,0.03172959014773369,0.013828827999532223,0.044552281498909,0.08726359158754349,0.08351729065179825,0.01714520901441574,0.059319719672203064
170,5.666666666666667,,,,insightface_bbox,0.7129377126693726,94.74882507324219,632.2996215820312,1036.4583740234375,2570.6142578125,0,0,0,0,0,0,0,0,0,0,0,0,0.0558045469224453,0.038874879479408264,0.16935715079307556,0.09882664680480957,0.015476486645638943,0.030234675854444504,0.013306885026395321,0.04412556067109108,0.08640661090612411,0.08295091986656189,0.01652895286679268,0.058416273444890976
171,5.7,,,,insightface_bbox,0.7129377126693726,94.74882507324219,632.2996215820312,1036.4583740234375,2570.6142578125,0,0,0,0,0,0,0,0,0,0,0,0,0.05742646008729935,0.04047079384326935,0.18780675530433655,0.10506656765937805,0.015886012464761734,0.03076363541185856,0.013747266493737698,0.045062072575092316,0.08654110133647919,0.08325393497943878,0.017133139073848724,0.059494856745004654
172,5.733333333333333,,,,insightface_bbox,0.7129377126693726,94.74882507324219,632.2996215820312,1036.4583740234375,2570.6142578125,0,0,0,0,0,0,0,0,0,0,0,0,0.05658872053027153,0.03927682340145111,0.18368080258369446,0.09948374330997467,0.015620099380612373,0.030918266624212265,0.013457272201776505,0.04478319734334946,0.0870404839515686,0.08363077044487,0.01737801916897297,0.0583047978579998
173,5.766666666666667,,,,insightface_bbox,0.7129377126693726,94.74882507324219,632.2996215820312,1036.4583740234375,2570.6142578125,0,0,0,0,0,0,0,0,0,0,0,0,0.057942796498537064,0.04094644635915756,0.1820507049560547,0.10770882666110992,0.016640450805425644,0.033060986548662186,0.014470329508185387,0.04709331691265106,0.08950731158256531,0.08668562769889832,0.018066687509417534,0.06049574911594391
174,5.8,,,,insightface_bbox,0.7197209596633911,94.49227905273438,635.7177734375,1062.1287841796875,2559.42578125,0,0,1,0,0,0,0,0,0,0,0,0,0.05910162627696991,0.04002072289586067,0.22333303093910217,0.09756896644830704,0.014917994849383831,0.031558290123939514,0.013549651950597763,0.03926844149827957,0.08816885948181152,0.07866930216550827,0.017268551513552666,0.04742272198200226
175,5.833333333333333,,,,insightface_bbox,0.7197209596633911,94.49227905273438,635.7177734375,1062.1287841796875,2559.42578125,0,0,1,0,0,0,0,0,0,0,0,0,0.06146611273288727,0.04286002367734909,0.22311194241046906,0.10859281569719315,0.016234369948506355,0.03176651522517204,0.01474163681268692,0.04216883331537247,0.09337927401065826,0.08303451538085938,0.01812763139605522,0.05043376609683037
176,5.866666666666666,,,,insightface_bbox,0.7197209596633911,94.49227905273438,635.7177734375,1062.1287841796875,2559.42578125,0,0,0,0,0,0,0,0,0,0,0,0,0.06301190704107285,0.04544184356927872,0.20661957561969757,0.11833971738815308,0.01684807613492012,0.03244248405098915,0.015540438704192638,0.04318743571639061,0.09664437919855118,0.08535202592611313,0.018085496500134468,0.05197621509432793
177,5.9,,,,insightface_bbox,0.7197209596633911,94.49227905273438,635.7177734375,1062.1287841796875,2559.42578125,0,0,0,0,0,0,0,0,0,0,0,0,0.0653991773724556,0.047812122851610184,0.20655907690525055,0.12357725948095322,0.017333146184682846,0.032727330923080444,0.01606610044836998,0.04400360584259033,0.09996199607849121,0.086558498442173,0.01771959662437439,0.05184322968125343
178,5.933333333333334,,,,insightface_bbox,0.7197209596633911,94.49227905273438,635.7177734375,1062.1287841796875,2559.42578125,0,0,0,0,0,0,0,0,0,0,0,0,0.06541651487350464,0.04977644979953766,0.19030915200710297,0.13096590340137482,0.01732621155679226,0.03215250000357628,0.016037574037909508,0.044370926916599274,0.10013037919998169,0.08697248995304108,0.017314378172159195,0.05173448100686073
179,5.966666666666667,,,,insightface_bbox,0.7197209596633911,94.49227905273438,635.7177734375,1062.1287841796875,2559.42578125,0,0,0,0,0,0,0,0,0,0,0,0,0.06594614684581757,0.050375163555145264,0.1894475370645523,0.1330725997686386,0.017199549823999405,0.03145661950111389,0.01613004505634308,0.044134847819805145,0.09936317801475525,0.08709923177957535,0.017065994441509247,0.0519774928689003
180,6.0,,,,insightface_bbox,0.7031124234199524,97.68655395507812,610.8246459960938,1061.60693359375,2561.8193359375,0,0,0,0,0,0,0,0,0,0,0,0,0.06479009240865707,0.04876315966248512,0.16947226226329803,0.12836098670959473,0.016595622524619102,0.030179224908351898,0.015134893357753754,0.043389685451984406,0.09438212215900421,0.08406665921211243,0.017487892881035805,0.05347486585378647
181,6.033333333333333,,,,insightface_bbox,0.7031124234199524,97.68655395507812,610.8246459960938,1061.60693359375,2561.8193359375,0,0,0,0,0,0,0,0,0,0,0,0,0.06325531750917435,0.047277841717004776,0.18800851702690125,0.11724047362804413,0.016333317384123802,0.03036336787045002,0.014622184447944164,0.04266880825161934,0.09365610778331757,0.08108104765415192,0.01654566265642643,0.04972205311059952
182,6.066666666666666,,,,insightface_bbox,0.7031124234199524,97.68655395507812,610.8246459960938,1061.60693359375,2561.8193359375,0,0,0,0,0,0,0,0,0,0,0,0,0.06237144023180008,0.045883845537900925,0.1876222938299179,0.1131499707698822,0.016125500202178955,0.030378784984350204,0.014714007265865803,0.042525239288806915,0.09357060492038727,0.08082903176546097,0.01674937829375267,0.05001933127641678
183,6.1,,,,insightface_bbox,0.7031124234199524,97.68655395507812,610.8246459960938,1061.60693359375,2561.8193359375,0,0,0,0,0,0,0,0,0,0,0,0,0.06248929351568222,0.045674536377191544,0.19296005368232727,0.11229296028614044,0.016130222007632256,0.030314410105347633,0.014760999009013176,0.04230313375592232,0.09352985769510269,0.08048393577337265,0.017088359221816063,0.050211288034915924
184,6.133333333333334,,,,insightface_bbox,0.7031124234199524,97.68655395507812,610.8246459960938,1061.60693359375,2561.8193359375,0,0,0,0,0,0,0,0,0,0,0,0,0.062467560172080994,0.045692455023527145,0.19041664898395538,0.11178809404373169,0.01604223996400833,0.029894208535552025,0.014590093865990639,0.04223783314228058,0.09392659366130829,0.08043878525495529,0.016416030004620552,0.04970013350248337
185,6.166666666666667,,,,insightface_bbox,0.7031124234199524,97.68655395507812,610.8246459960938,1061.60693359375,2561.8193359375,0,0,0,0,0,0,0,0,0,0,0,0,0.06327646970748901,0.04645515978336334,0.19328701496124268,0.11428091675043106,0.016310077160596848,0.030039029195904732,0.014827685430645943,0.042659856379032135,0.09423424303531647,0.08077622205018997,0.016679871827363968,0.05040533095598221
186,6.2,,,,insightface_bbox,0.7256762981414795,98.92987060546875,618.7733154296875,1065.7408447265625,2540.208251953125,0,0,0,0,0,0,0,0,0,0,0,0,0.06624458730220795,0.05067408084869385,0.19889399409294128,0.12914738059043884,0.016893550753593445,0.03072490729391575,0.015632273629307747,0.04357289895415306,0.09800218790769577,0.08422263711690903,0.016123967245221138,0.05117442458868027
187,6.233333333333333,,,,insightface_bbox,0.7256762981414795,98.92987060546875,618.7733154296875,1065.7408447265625,2540.208251953125,0,0,0,0,0,0,0,0,0,0,0,0,0.06621170043945312,0.051715340465307236,0.18198412656784058,0.13479386270046234,0.016775818541646004,0.03103068470954895,0.015755008906126022,0.04473761096596718,0.09762334823608398,0.08510120958089828,0.01715901680290699,0.05106683820486069
188,6.266666666666667,,,,insightface_bbox,0.7256762981414795,98.92987060546875,618.7733154296875,1065.7408447265625,2540.208251953125,0,0,0,0,0,0,0,0,0,0,0,0,0.06827735900878906,0.05426371097564697,0.17725498974323273,0.1431463062763214,0.017606563866138458,0.032002709805965424,0.017025621607899666,0.04635918512940407,0.10181839764118195,0.08949790894985199,0.01776331290602684,0.05317021533846855
189,6.3,,,,insightface_bbox,0.7256762981414795,98.92987060546875,618.7733154296875,1065.7408447265625,2540.208251953125,0,0,0,0,0,0,0,0,0,0,0,0,0.068580761551857,0.05505695194005966,0.16376429796218872,0.14307738840579987,0.017436068505048752,0.03179832547903061,0.017123637720942497,0.04650546610355377,0.10357560217380524,0.09197348356246948,0.01769385114312172,0.05358218401670456
190,6.333333333333333,,,,insightface_bbox,0.7256762981414795,98.92987060546875,618.7733154296875,1065.7408447265625,2540.208251953125,0,0,0,0,0,0,0,0,0,0,0,0,0.07164691388607025,0.05760818347334862,0.1752222329378128,0.15166525542736053,0.018011296167969704,0.032659370452165604,0.018174681812524796,0.04743685573339462,0.10373623669147491,0.09267410635948181,0.018722299486398697,0.055345743894577026
191,6.366666666666666,,,,insightface_bbox,0.7256762981414795,98.92987060546875,618.7733154296875,1065.7408447265625,2540.208251953125,0,0,0,0,0,0,0,0,0,0,0,0,0.07252644747495651,0.058262307196855545,0.1740773320198059,0.1575443297624588,0.017746509984135628,0.0319378525018692,0.017897769808769226,0.04786413535475731,0.10255243629217148,0.09158392250537872,0.0175446979701519,0.053980503231287
192,6.4,,,,insightface_bbox,0.7355822920799255,93.15799713134766,620.6620483398438,1064.210693359375,2526.9423828125,0,0,0,0,0,0,0,0,0,0,0,0,0.08476118743419647,0.06900021433830261,0.230937659740448,0.1848083734512329,0.02076403796672821,0.0369686558842659,0.0217999629676342,0.0508083701133728,0.10998415946960449,0.0963716208934784,0.019793018698692322,0.05697151646018028
193,6.433333333333334,,,,insightface_bbox,0.7355822920799255,93.15799713134766,620.6620483398438,1064.210693359375,2526.9423828125,0,0,0,0,0,0,0,0,0,0,0,0,0.08204852044582367,0.06801054626703262,0.19699415564537048,0.18343549966812134,0.019522855058312416,0.03466771915555,0.019676346331834793,0.04935987666249275,0.10501758754253387,0.0948902815580368,0.01863229274749756,0.05486235022544861
194,6.466666666666667,,,,insightface_bbox,0.7355822920799255,93.15799713134766,620.6620483398438,1064.210693359375,2526.9423828125,0,0,0,0,0,0,0,0,0,0,0,0,0.08398960530757904,0.06882042437791824,0.1855209469795227,0.18983663618564606,0.019330758601427078,0.03423895686864853,0.019691068679094315,0.04927944764494896,0.10335826873779297,0.0955144464969635,0.018827112391591072,0.0560937263071537
195,6.5,,,,insightface_bbox,0.7355822920799255,93.15799713134766,620.6620483398438,1064.210693359375,2526.9423828125,0,0,0,0,0,0,0,0,0,0,0,0,0.08738625049591064,0.07226330041885376,0.18817460536956787,0.2037150263786316,0.020183924585580826,0.03560316562652588,0.02139861136674881,0.05105909705162048,0.10470926016569138,0.09924367815256119,0.02198845148086548,0.060845747590065
196,6.533333333333333,,,,insightface_bbox,0.7355822920799255,93.15799713134766,620.6620483398438,1064.210693359375,2526.9423828125,0,0,0,0,0,0,0,0,0,0,0,0,0.08655261248350143,0.07233057916164398,0.18668502569198608,0.2103860080242157,0.020481042563915253,0.036739323288202286,0.02177830971777439,0.05108330398797989,0.10251186788082123,0.09926058351993561,0.02436671406030655,0.06194595620036125
197,6.566666666666666,,,,insightface_bbox,0.7355822920799255,93.15799713134766,620.6620483398438,1064.210693359375,2526.9423828125,0,0,0,0,0,0,0,0,0,0,0,0,0.08373768627643585,0.07006638497114182,0.17903512716293335,0.2025572657585144,0.01993848942220211,0.036623407155275345,0.021196328103542328,0.04993602633476257,0.10237535834312439,0.09904690086841583,0.02336292713880539,0.06123235821723938
198,6.6,,,,insightface_bbox,0.7481714487075806,118.03076171875,616.5835571289062,1079.2181396484375,2511.05810546875,0,0,0,0,0,0,0,0,0,0,0,0,0.06983227282762527,0.056982968002557755,0.1481005698442459,0.1574048399925232,0.016801651567220688,0.02932881936430931,0.016085930168628693,0.046216320246458054,0.09613969922065735,0.08914603292942047,0.0202692449092865,0.055599842220544815
199,6.633333333333334,,,,insightface_bbox,0.7481714487075806,118.03076171875,616.5835571289062,1079.2181396484375,2511.05810546875,0,0,0,0,0,0,0,0,0,0,0,0,0.06433827430009842,0.05163464695215225,0.15294450521469116,0.13705329596996307,0.016428817063570023,0.028599200770258904,0.015568660572171211,0.044860102236270905,0.09805894643068314,0.08856862783432007,0.019867056980729103,0.05392031744122505
200,6.666666666666667,,,,insightface_bbox,0.7481714487075806,118.03076171875,616.5835571289062,1079.2181396484375,2511.05810546875,0,0,0,0,0,0,0,0,0,0,0,0,0.05757240206003189,0.04373779147863388,0.14763453602790833,0.11230486631393433,0.014565994963049889,0.027237718924880028,0.013303153216838837,0.04073213040828705,0.09489016234874725,0.08238259702920914,0.021070685237646103,0.050222404301166534
201,6.7,,,,insightface_bbox,0.7481714487075806,118.03076171875,616.5835571289062,1079.2181396484375,2511.05810546875,0,0,0,0,0,0,0,0,0,0,0,0,0.05621381476521492,0.0436222180724144,0.1712302267551422,0.11352191865444183,0.016076460480690002,0.03326265886425972,0.014831704087555408,0.04247751459479332,0.0973457396030426,0.08407635986804962,0.02630438655614853,0.05433844402432442
202,6.733333333333333,,,,insightface_bbox,0.7481714487075806,118.03076171875,616.5835571289062,1079.2181396484375,2511.05810546875,0,0,0,0,0,0,0,0,0,0,0,0,0.05560101941227913,0.0426713302731514,0.17669406533241272,0.10778431594371796,0.017022831365466118,0.038599222898483276,0.016084745526313782,0.04282364994287491,0.09998888522386551,0.08787371218204498,0.03231385350227356,0.06434290111064911
203,6.766666666666667,,,,insightface_bbox,0.7481714487075806,118.03076171875,616.5835571289062,1079.2181396484375,2511.05810546875,0,0,0,0,0,0,0,0,0,0,0,0,0.05495510995388031,0.042993128299713135,0.20665816962718964,0.10972284525632858,0.01829618215560913,0.044566117227077484,0.01793677546083927,0.04412110149860382,0.1033664420247078,0.09137987345457077,0.03666574880480766,0.07255323976278305
204,6.8,,,,insightface_bbox,0.7391930818557739,142.0580596923828,626.7794189453125,1059.654052734375,2535.87109375,0,0,0,0,0,0,0,0,0,0,0,0,0.06120305880904198,0.055640753358602524,0.2944956421852112,0.196574866771698,0.023189838975667953,0.04767768085002899,0.021092837676405907,0.052425567060709,0.09635341167449951,0.09564395993947983,0.047157224267721176,0.08827357739210129
205,6.833333333333333,,,,insightface_bbox,0.7391930818557739,142.0580596923828,626.7794189453125,1059.654052734375,2535.87109375,0,0,1,0,0,0,0,0,0,0,0,0,0.06183718144893646,0.05253404378890991,0.2981030344963074,0.1795903444290161,0.023710589855909348,0.051749616861343384,0.022254401817917824,0.05273621901869774,0.09924139827489853,0.09413182735443115,0.05340377986431122,0.09046274423599243
206,6.866666666666666,,,,insightface_bbox,0.7391930818557739,142.0580596923828,626.7794189453125,1059.654052734375,2535.87109375,0,0,1,0,0,0,0,0,0,0,0,0,0.06485632807016373,0.053326692432165146,0.38921278715133667,0.18368205428123474,0.02427474595606327,0.05290680378675461,0.024280451238155365,0.053965531289577484,0.09874697029590607,0.09016424417495728,0.058099545538425446,0.09373769909143448
207,6.9,,,,insightface_bbox,0.7391930818557739,142.0580596923828,626.7794189453125,1059.654052734375,2535.87109375,0,0,1,0,0,0,0,0,0,0,0,0,0.06320352852344513,0.048774465918540955,0.3951413929462433,0.1452166736125946,0.02164021134376526,0.0505407452583313,0.020585842430591583,0.05039702355861664,0.09632784873247147,0.08386235684156418,0.05143767222762108,0.0870056301355362
208,6.933333333333334,,,,insightface_bbox,0.7391930818557739,142.0580596923828,626.7794189453125,1059.654052734375,2535.87109375,0,0,1,0,0,0,0,0,0,0,0,0,0.05666501820087433,0.041369177401065826,0.3565269112586975,0.11171752214431763,0.0194285549223423,0.04834434390068054,0.01693553477525711,0.04757817089557648,0.09031977504491806,0.07961743324995041,0.04586661607027054,0.07744018733501434
209,6.966666666666667,,,,insightface_bbox,0.7391930818557739,142.0580596923828,626.7794189453125,1059.654052734375,2535.87109375,0,0,1,0,0,0,0,0,0,0,0,0,0.05736496299505234,0.042587608098983765,0.35461145639419556,0.11942952871322632,0.01985410414636135,0.04985076189041138,0.017405787482857704,0.04885566979646683,0.08984632045030594,0.08058511465787888,0.04620979726314545,0.0795275866985321
210,7.0,,,,insightface_bbox,0.7057603597640991,115.10657501220703,654.6568603515625,1039.0908203125,2580.30322265625,0,0,1,0,0,0,0,0,0,0,0,0,0.06303882598876953,0.04974754899740219,0.3392915725708008,0.15785527229309082,0.02234935760498047,0.05030779540538788,0.021863747388124466,0.054475683718919754,0.09150379151105881,0.08878248929977417,0.04276067018508911,0.07995880395174026
211,7.033333333333333,,,,insightface_bbox,0.7057603597640991,115.10657501220703,654.6568603515625,1039.0908203125,2580.30322265625,0,0,1,0,0,0,0,0,0,0,0,0,0.06519410014152527,0.05124259740114212,0.38221579790115356,0.16727285087108612,0.02281706966459751,0.051566269248723984,0.022627385333180428,0.054616451263427734,0.09395986795425415,0.08865367621183395,0.042216792702674866,0.08173812925815582
212,7.066666666666666,,,,insightface_bbox,0.7057603597640991,115.10657501220703,654.6568603515625,1039.0908203125,2580.30322265625,0,0,1,0,0,0,0,0,0,0,0,0,0.06592213362455368,0.052206236869096756,0.4246269166469574,0.17340077459812164,0.02400413528084755,0.05351221561431885,0.024319514632225037,0.057234857231378555,0.09548500925302505,0.09072761982679367,0.04657744988799095,0.08468835055828094
213,7.1,,,,insightface_bbox,0.7057603597640991,115.10657501220703,654.6568603515625,1039.0908203125,2580.30322265625,0,0,1,0,0,0,0,0,0,0,0,0,0.062166597694158554,0.04824228957295418,0.38980409502983093,0.1506403684616089,0.02229437232017517,0.0520150326192379,0.02268598973751068,0.05444177985191345,0.09162041544914246,0.08880328387022018,0.04734382778406143,0.08230477571487427
214,7.133333333333334,,,,insightface_bbox,0.7057603597640991,115.10657501220703,654.6568603515625,1039.0908203125,2580.30322265625,0,0,1,0,0,0,0,0,0,0,0,0,0.06313330680131912,0.04728974774479866,0.42238372564315796,0.13212887942790985,0.021725941449403763,0.05163976550102234,0.021459637209773064,0.053059909492731094,0.09220325946807861,0.0886366069316864,0.04599234089255333,0.07874681055545807
215,7.166666666666667,,,,insightface_bbox,0.7057603597640991,115.10657501220703,654.6568603515625,1039.0908203125,2580.30322265625,0,0,1,0,0,0,0,0,0,0,0,0,0.07587777078151703,0.058245643973350525,0.4238514304161072,0.1833343803882599,0.025681311264634132,0.057291701436042786,0.02856236882507801,0.0603204183280468,0.09689419716596603,0.09667885303497314,0.05272151902318001,0.08706875890493393
216,7.2,,,,insightface_bbox,0.7317994832992554,101.96136474609375,652.6683349609375,1048.343017578125,2550.749267578125,0,0,0,0,0,0,0,0,0,0,0,0,0.07667870074510574,0.05999349057674408,0.24318838119506836,0.17098145186901093,0.02111068181693554,0.04769856110215187,0.020734092220664024,0.05543426051735878,0.09985753148794174,0.09532041847705841,0.03702137991786003,0.07523371279239655
217,7.233333333333333,,,,insightface_bbox,0.7317994832992554,101.96136474609375,652.6683349609375,1048.343017578125,2550.749267578125,0,0,0,0,0,0,0,0,0,0,0,0,0.08114100992679596,0.06294738501310349,0.26790285110473633,0.17679186165332794,0.021942932158708572,0.05015663430094719,0.022427845746278763,0.056175000965595245,0.10052428394556046,0.09576848894357681,0.03857388347387314,0.07700275629758835
218,7.266666666666667,,,,insightface_bbox,0.7317994832992554,101.96136474609375,652.6683349609375,1048.343017578125,2550.749267578125,0,0,0,0,0,0,0,0,0,0,0,0,0.08239268511533737,0.06350372731685638,0.26382726430892944,0.18084599077701569,0.02190830372273922,0.05161608010530472,0.022377222776412964,0.056687675416469574,0.09938158094882965,0.09636513143777847,0.039965108036994934,0.07896682620048523
219,7.3,,,,insightface_bbox,0.7317994832992554,101.96136474609375,652.6683349609375,1048.343017578125,2550.749267578125,0,0,1,0,0,0,0,0,0,0,0,0,0.0812375620007515,0.061851076781749725,0.3091454803943634,0.17898985743522644,0.023380720987915993,0.05318285897374153,0.02351933717727661,0.05712036415934563,0.1009892076253891,0.09782959520816803,0.04264005273580551,0.08153815567493439
220,7.333333333333333,,,,insightface_bbox,0.7317994832992554,101.96136474609375,652.6683349609375,1048.343017578125,2550.749267578125,0,0,1,0,0,0,0,0,0,0,0,0,0.07566298544406891,0.05678768828511238,0.3208189904689789,0.16752490401268005,0.023076988756656647,0.05174988508224487,0.02274935133755207,0.05580125376582146,0.09762487560510635,0.09385722875595093,0.04358385503292084,0.07907874882221222
221,7.366666666666666,,,,insightface_bbox,0.7317994832992554,101.96136474609375,652.6683349609375,1048.343017578125,2550.749267578125,0,0,1,0,0,0,0,0,0,0,0,0,0.07362110167741776,0.05518827587366104,0.32483235001564026,0.16562935709953308,0.022913314402103424,0.051513876765966415,0.022603308781981468,0.05561612546443939,0.09610158205032349,0.09239102900028229,0.04361376166343689,0.07871779799461365
222,7.4,,,,insightface_bbox,0.7277244925498962,110.1450424194336,660.8818969726562,1047.0135498046875,2562.17236328125,0,0,1,0,0,0,0,0,0,0,0,0,0.08482887595891953,0.06622219830751419,0.43724358081817627,0.20449209213256836,0.026209358125925064,0.058696139603853226,0.0283947940915823,0.060008447617292404,0.09668371081352234,0.0934390053153038,0.04779534786939621,0.08637086302042007
223,7.433333333333334,,,,insightface_bbox,0.7277244925498962,110.1450424194336,660.8818969726562,1047.0135498046875,2562.17236328125,0,0,0,0,0,0,0,0,0,0,0,0,0.08918870240449905,0.07243554294109344,0.282707542181015,0.22404488921165466,0.021086618304252625,0.044320374727249146,0.019793018698692322,0.05206584557890892,0.08721169084310532,0.08194483816623688,0.027615860104560852,0.06752205640077591
224,7.466666666666667,,,,insightface_bbox,0.7277244925498962,110.1450424194336,660.8818969726562,1047.0135498046875,2562.17236328125,0,0,0,0,0,0,0,0,0,0,0,0,0.09098692238330841,0.070270836353302,0.26958131790161133,0.20894156396389008,0.021213706582784653,0.04417499527335167,0.020667817443609238,0.055994369089603424,0.09594456106424332,0.08932451903820038,0.028254518285393715,0.06695558875799179
225,7.5,,,,insightface_bbox,0.7277244925498962,110.1450424194336,660.8818969726562,1047.0135498046875,2562.17236328125,0,0,0,0,0,0,0,0,0,0,0,0,0.09039768576622009,0.06807276606559753,0.3189234137535095,0.21300935745239258,0.022818760946393013,0.04355929046869278,0.02418687753379345,0.056593600660562515,0.10070130974054337,0.09105205535888672,0.022051990032196045,0.06732544302940369
226,7.533333333333333,,,,insightface_bbox,0.7277244925498962,110.1450424194336,660.8818969726562,1047.0135498046875,2562.17236328125,0,0,1,0,0,0,0,0,0,0,0,0,0.08926443010568619,0.06816192716360092,0.3846191167831421,0.23138198256492615,0.025013593956828117,0.04803099483251572,0.027126144617795944,0.06053648144006729,0.10113058984279633,0.091031014919281,0.023440919816493988,0.068727508187294
227,7.566666666666666,,,,insightface_bbox,0.7277244925498962,110.1450424194336,660.8818969726562,1047.0135498046875,2562.17236328125,0,0,1,0,0,0,0,0,0,0,0,0,0.08548097312450409,0.06387001276016235,0.39674103260040283,0.2033475786447525,0.023698821663856506,0.04521602764725685,0.02544938586652279,0.05874359607696533,0.09852417558431625,0.08812706917524338,0.027045000344514847,0.06748855113983154
228,7.6,,,,insightface_bbox,0.712809145450592,80.81043243408203,680.789794921875,1023.885986328125,2512.229736328125,0,0,0,0,0,0,0,0,0,0,0,0,0.08030705899000168,0.060999128967523575,0.23691953718662262,0.18026918172836304,0.019135732203722,0.03963283821940422,0.01882079243659973,0.05134996399283409,0.09372546523809433,0.0839255154132843,0.029665159061551094,0.06446461379528046
229,7.633333333333334,,,,insightface_bbox,0.712809145450592,80.81043243408203,680.789794921875,1023.885986328125,2512.229736328125,0,0,1,0,0,0,0,0,0,0,0,0,0.08394893258810043,0.06757334619760513,0.3668820559978485,0.18933387100696564,0.021348102018237114,0.04654597118496895,0.019191229715943336,0.05425810441374779,0.09279648959636688,0.08342097699642181,0.0311899296939373,0.06399310380220413
230,7.666666666666667,,,,insightface_bbox,0.712809145450592,80.81043243408203,680.789794921875,1023.885986328125,2512.229736328125,0,0,1,0,0,0,0,0,0,0,0,0,0.09184933453798294,0.0722324401140213,0.30502644181251526,0.2203206568956375,0.021617228165268898,0.04700518772006035,0.021062923595309258,0.058058567345142365,0.09041637182235718,0.08992338180541992,0.03507215902209282,0.07331672310829163
231,7.7,,,,insightface_bbox,0.712809145450592,80.81043243408203,680.789794921875,1023.885986328125,2512.229736328125,0,0,1,0,0,0,0,0,0,0,0,0,0.09348734468221664,0.07168172299861908,0.3689601421356201,0.21354736387729645,0.02270330861210823,0.04921722784638405,0.02322067692875862,0.058892324566841125,0.09099826961755753,0.0934220403432846,0.039611753076314926,0.07708102464675903
232,7.733333333333333,,,,insightface_bbox,0.712809145450592,80.81043243408203,680.789794921875,1023.885986328125,2512.229736328125,0,0,1,0,0,0,0,0,0,0,0,0,0.09637817740440369,0.07206457853317261,0.3748747706413269,0.21423599123954773,0.022347403690218925,0.04752271622419357,0.023261502385139465,0.05770174786448479,0.0905829519033432,0.09299741685390472,0.03925321251153946,0.07769883424043655
233,7.766666666666667,,,,insightface_bbox,0.712809145450592,80.81043243408203,680.789794921875,1023.885986328125,2512.229736328125,0,0,1,0,0,0,0,0,0,0,0,0,0.09492989629507065,0.07047397643327713,0.2932230532169342,0.20919464528560638,0.020161477848887444,0.042774662375450134,0.020201493054628372,0.05537118762731552,0.08740279823541641,0.09063346683979034,0.03225326910614967,0.07456763833761215
234,7.8,,,,insightface_bbox,0.7436583042144775,88.57164764404297,631.8155517578125,1042.223388671875,2501.239990234375,0,0,1,0,0,0,0,0,0,0,0,0,0.10510179400444031,0.08075587451457977,0.31293749809265137,0.2572685480117798,0.020941466093063354,0.046318378299474716,0.02337999828159809,0.057712242007255554,0.0908576250076294,0.09547695517539978,0.03439905494451523,0.07874776422977448
235,7.833333333333333,,,,insightface_bbox,0.7436583042144775,88.57164764404297,631.8155517578125,1042.223388671875,2501.239990234375,0,0,1,0,0,0,0,0,0,0,0,0,0.10268188267946243,0.08328504860401154,0.3155265748500824,0.24997153878211975,0.021271873265504837,0.047234226018190384,0.023330364376306534,0.057761333882808685,0.0912664532661438,0.09856127947568893,0.03297741711139679,0.0833175778388977
236,7.866666666666666,,,,insightface_bbox,0.7436583042144775,88.57164764404297,631.8155517578125,1042.223388671875,2501.239990234375,0,0,1,0,0,0,0,0,0,0,0,0,0.1050950214266777,0.08404017239809036,0.33212006092071533,0.24372121691703796,0.022629080340266228,0.04818045347929001,0.025073690339922905,0.05960916727781296,0.09478840976953506,0.10163865238428116,0.031621601432561874,0.08300246298313141
237,7.9,,,,insightface_bbox,0.7436583042144775,88.57164764404297,631.8155517578125,1042.223388671875,2501.239990234375,0,0,1,0,0,0,0,0,0,0,0,0,0.10677996277809143,0.08547500520944595,0.40850457549095154,0.2630468010902405,0.024718482047319412,0.05114228278398514,0.027063554152846336,0.062236543744802475,0.09419850260019302,0.10124123841524124,0.03699256479740143,0.08346914499998093
238,7.933333333333334,,,,insightface_bbox,0.7436583042144775,88.57164764404297,631.8155517578125,1042.223388671875,2501.239990234375,0,0,1,0,0,0,0,0,0,0,0,0,0.10215751081705093,0.08430610597133636,0.40142470598220825,0.26675674319267273,0.02537226490676403,0.052245765924453735,0.027508698403835297,0.06388621032238007,0.0950736552476883,0.09861153364181519,0.041973717510700226,0.08156440407037735
239,7.966666666666667,,,,insightface_bbox,0.7436583042144775,88.57164764404297,631.8155517578125,1042.223388671875,2501.239990234375,0,0,1,0,0,0,0,0,0,0,0,0,0.09921901673078537,0.08076171576976776,0.39269861578941345,0.25222864747047424,0.025282472372055054,0.05111653730273247,0.027307678014039993,0.06396307796239853,0.0970616266131401,0.09917451441287994,0.04199035093188286,0.08028683066368103
240,8.0,,,,insightface_bbox,0.7335955500602722,92.1914291381836,610.3011474609375,1048.20361328125,2522.61474609375,0,0,1,0,0,0,0,0,0,0,0,0,0.09366386383771896,0.07518220692873001,0.35841184854507446,0.22111548483371735,0.023523345589637756,0.047099970281124115,0.024120021611452103,0.05921231955289841,0.09428375959396362,0.0952707827091217,0.03655809536576271,0.07265204191207886
241,8.033333333333333,,,,insightface_bbox,0.7335955500602722,92.1914291381836,610.3011474609375,1048.20361328125,2522.61474609375,0,0,1,0,0,0,0,0,0,0,0,0,0.09450709819793701,0.0745154321193695,0.3335567116737366,0.2177860140800476,0.023736990988254547,0.04720063880085945,0.024349920451641083,0.058683495968580246,0.09643089771270752,0.09616658836603165,0.0316973552107811,0.07133261114358902
242,8.066666666666666,,,,insightface_bbox,0.7335955500602722,92.1914291381836,610.3011474609375,1048.20361328125,2522.61474609375,0,0,1,0,0,0,0,0,0,0,0,0,0.09130243211984634,0.07092191278934479,0.3499099612236023,0.21033787727355957,0.023650946095585823,0.0460570752620697,0.023236630484461784,0.05838911235332489,0.09454242140054703,0.09375414997339249,0.02968587912619114,0.06841138005256653
243,8.1,,,,insightface_bbox,0.7335955500602722,92.1914291381836,610.3011474609375,1048.20361328125,2522.61474609375,0,0,1,0,0,0,0,0,0,0,0,0,0.08699514716863632,0.06779180467128754,0.32673174142837524,0.19984236359596252,0.023414187133312225,0.04471539705991745,0.022224564105272293,0.057607609778642654,0.09449984133243561,0.09289978444576263,0.027474163100123405,0.06574629992246628
244,8.133333333333333,,,,insightface_bbox,0.7335955500602722,92.1914291381836,610.3011474609375,1048.20361328125,2522.61474609375,0,0,1,0,0,0,0,0,0,0,0,0,0.08614826202392578,0.06759542971849442,0.3187754452228546,0.1975376307964325,0.023254139348864555,0.04355933144688606,0.021328477188944817,0.057719964534044266,0.09448236227035522,0.09325067698955536,0.02556476555764675,0.06485239416360855
245,8.166666666666666,,,,insightface_bbox,0.7335955500602722,92.1914291381836,610.3011474609375,1048.20361328125,2522.61474609375,0,0,1,0,0,0,0,0,0,0,0,0,0.08722962439060211,0.06928949803113937,0.3362081050872803,0.20962996780872345,0.024101248010993004,0.044952113181352615,0.022136328741908073,0.0594126433134079,0.09390106797218323,0.09363280236721039,0.02695787325501442,0.06552816927433014
246,8.2,,,,insightface_bbox,0.7327063083648682,93.81321716308594,599.1292724609375,1056.2802734375,2510.485107421875,0,0,1,0,0,0,0,0,0,0,0,0,0.09105022251605988,0.072005994617939,0.34157711267471313,0.20327958464622498,0.024450626224279404,0.050254371017217636,0.023808225989341736,0.057166993618011475,0.09665338695049286,0.0972856655716896,0.026599589735269547,0.06857411563396454
247,8.233333333333333,,,,insightface_bbox,0.7327063083648682,93.81321716308594,599.1292724609375,1056.2802734375,2510.485107421875,0,0,1,0,0,0,0,0,0,0,0,0,0.08576075732707977,0.06759384274482727,0.31376415491104126,0.1853543221950531,0.023426106199622154,0.04832106828689575,0.02255912497639656,0.05512699484825134,0.09633470326662064,0.09641911089420319,0.024674490094184875,0.0650281012058258
248,8.266666666666667,,,,insightface_bbox,0.7327063083648682,93.81321716308594,599.1292724609375,1056.2802734375,2510.485107421875,0,0,1,0,0,0,0,0,0,0,0,0,0.0869453102350235,0.06899268180131912,0.3108626902103424,0.19172587990760803,0.023942291736602783,0.04937174916267395,0.023579979315400124,0.05597871169447899,0.09805213660001755,0.09809760749340057,0.024443943053483963,0.06511381268501282
249,8.3,,,,insightface_bbox,0.7327063083648682,93.81321716308594,599.1292724609375,1056.2802734375,2510.485107421875,0,0,1,0,0,0,0,0,0,0,0,0,0.08956138789653778,0.07212837040424347,0.33987152576446533,0.1975100040435791,0.02537587657570839,0.05241386592388153,0.024682816118001938,0.05784287676215172,0.09982720017433167,0.09894001483917236,0.024513032287359238,0.06535553187131882
250,8.333333333333334,,,,insightface_bbox,0.7327063083648682,93.81321716308594,599.1292724609375,1056.2802734375,2510.485107421875,0,0,1,0,0,0,0,0,0,0,0,0,0.09115390479564667,0.0729704350233078,0.3697469234466553,0.2005642056465149,0.02645961567759514,0.054078999906778336,0.024494927376508713,0.05854947492480278,0.1014932319521904,0.09927216172218323,0.025235723704099655,0.06571880728006363
251,8.366666666666667,,,,insightface_bbox,0.7327063083648682,93.81321716308594,599.1292724609375,1056.2802734375,2510.485107421875,0,0,1,0,0,0,0,0,0,0,0,0,0.08789726346731186,0.06902536749839783,0.3466140031814575,0.1917078197002411,0.025263408198952675,0.051321644335985184,0.021670512855052948,0.05689028277993202,0.0978468507528305,0.09441822022199631,0.024320565164089203,0.061941735446453094
252,8.4,,,,insightface_bbox,0.720686674118042,96.03970336914062,586.8768310546875,1066.879150390625,2506.654052734375,0,0,1,0,0,0,0,0,0,0,0,0,0.07512713968753815,0.05798809602856636,0.32599833607673645,0.13206084072589874,0.022904496639966965,0.051544517278671265,0.020141934975981712,0.04832645505666733,0.09906596690416336,0.09418792277574539,0.01971321925520897,0.05496472120285034
253,8.433333333333334,,,,insightface_bbox,0.720686674118042,96.03970336914062,586.8768310546875,1066.879150390625,2506.654052734375,0,0,1,0,0,0,0,0,0,0,0,0,0.07780908793210983,0.061055466532707214,0.3181931972503662,0.1453048586845398,0.022200293838977814,0.0503411702811718,0.019233712926506996,0.048744648694992065,0.09717436134815216,0.09411333501338959,0.018551567569375038,0.054738327860832214
254,8.466666666666667,,,,insightface_bbox,0.720686674118042,96.03970336914062,586.8768310546875,1066.879150390625,2506.654052734375,0,0,1,0,0,0,0,0,0,0,0,0,0.08109606802463531,0.0625637024641037,0.35810306668281555,0.15469865500926971,0.022994332015514374,0.050414077937603,0.020940909162163734,0.049004457890987396,0.09876085817813873,0.0950411781668663,0.019216982647776604,0.0556635856628418
255,8.5,,,,insightface_bbox,0.720686674118042,96.03970336914062,586.8768310546875,1066.879150390625,2506.654052734375,0,0,1,0,0,0,0,0,0,0,0,0,0.08609437942504883,0.06437207758426666,0.37706050276756287,0.16939187049865723,0.023013567551970482,0.04719225689768791,0.021498888731002808,0.050391003489494324,0.10144609957933426,0.09929899871349335,0.017961466684937477,0.056384697556495667
256,8.533333333333333,,,,insightface_bbox,0.720686674118042,96.03970336914062,586.8768310546875,1066.879150390625,2506.654052734375,0,0,1,0,0,0,0,0,0,0,0,0,0.0919276773929596,0.06591446697711945,0.3731951117515564,0.17845243215560913,0.024544011801481247,0.050353504717350006,0.02321893721818924,0.051506366580724716,0.10665132850408554,0.10224539786577225,0.01893472485244274,0.05938960239291191
257,8.566666666666666,,,,insightface_bbox,0.720686674118042,96.03970336914062,586.8768310546875,1066.879150390625,2506.654052734375,0,0,1,0,0,0,0,0,0,0,0,0,0.09713229537010193,0.06929992884397507,0.37991687655448914,0.18521682918071747,0.026013648137450218,0.053283389657735825,0.024696944281458855,0.05253855511546135,0.1102062314748764,0.10375693440437317,0.019103825092315674,0.05932564288377762
258,8.6,,,,insightface_bbox,0.72425776720047,85.08119201660156,570.8465576171875,1045.9364013671875,2528.309326171875,0,0,1,0,0,0,0,0,0,0,0,0,0.10173975676298141,0.0765087753534317,0.4543938636779785,0.22435086965560913,0.028927605599164963,0.05938602611422539,0.02483009360730648,0.06125226244330406,0.1056961789727211,0.09708341211080551,0.02257440984249115,0.056958626955747604
259,8.633333333333333,,,,insightface_bbox,0.72425776720047,85.08119201660156,570.8465576171875,1045.9364013671875,2528.309326171875,0,0,1,0,0,0,0,0,0,0,0,0,0.10012012720108032,0.07701081037521362,0.40155649185180664,0.23596975207328796,0.028768794611096382,0.05973483622074127,0.0239145178347826,0.06304989010095596,0.10355468839406967,0.09822604060173035,0.02268664538860321,0.05841715261340141
260,8.666666666666666,,,,insightface_bbox,0.72425776720047,85.08119201660156,570.8465576171875,1045.9364013671875,2528.309326171875,0,0,1,0,0,0,0,0,0,0,0,0,0.10121066123247147,0.07657451927661896,0.42554977536201477,0.23189666867256165,0.028978006914258003,0.05952657014131546,0.02392994612455368,0.06366788595914841,0.10259062796831131,0.09709838032722473,0.023410700261592865,0.05907456576824188
261,8.7,,,,insightface_bbox,0.72425776720047,85.08119201660156,570.8465576171875,1045.9364013671875,2528.309326171875,0,0,1,0,0,0,0,0,0,0,0,0,0.09681950509548187,0.07104016095399857,0.43294739723205566,0.20215433835983276,0.02757662907242775,0.05825253203511238,0.022463645786046982,0.062135130167007446,0.10181716084480286,0.09709388017654419,0.02386169135570526,0.05850812792778015
262,8.733333333333333,,,,insightface_bbox,0.72425776720047,85.08119201660156,570.8465576171875,1045.9364013671875,2528.309326171875,0,0,1,0,0,0,0,0,0,0,0,0,0.09613882750272751,0.06941592693328857,0.4638814926147461,0.1956081986427307,0.027110828086733818,0.05648431181907654,0.02213183417916298,0.06202135980129242,0.10454666614532471,0.0959232747554779,0.022816376760601997,0.05820116400718689
263,8.766666666666667,,,,insightface_bbox,0.72425776720047,85.08119201660156,570.8465576171875,1045.9364013671875,2528.309326171875,0,0,1,0,0,0,0,0,0,0,0,0,0.10111016035079956,0.07491111010313034,0.5512836575508118,0.20504169166088104,0.028660567477345467,0.05988065525889397,0.02396313101053238,0.06282781809568405,0.10813206434249878,0.09820856153964996,0.023262906819581985,0.061492957174777985
264,8.8,,,,insightface_bbox,0.7317107915878296,64.06730651855469,580.2146606445312,1031.025634765625,2556.183837890625,0,0,1,0,0,0,0,0,0,0,0,0,0.11123952269554138,0.0787411779165268,0.4602976143360138,0.21132159233093262,0.025934314355254173,0.051678549498319626,0.023571375757455826,0.05967308580875397,0.11008027195930481,0.09971809387207031,0.018959548324346542,0.0621364451944828
265,8.833333333333334,,,,insightface_bbox,0.7317107915878296,64.06730651855469,580.2146606445312,1031.025634765625,2556.183837890625,0,0,1,0,0,0,0,0,0,0,0,0,0.10553619265556335,0.07536296546459198,0.47138237953186035,0.21354542672634125,0.025707857683300972,0.04808744415640831,0.02385471761226654,0.05825481563806534,0.10701723396778107,0.09557928889989853,0.01810833439230919,0.060701556503772736
266,8.866666666666667,,,,insightface_bbox,0.7317107915878296,64.06730651855469,580.2146606445312,1031.025634765625,2556.183837890625,0,0,1,0,0,0,0,0,0,0,0,0,0.10885652154684067,0.07517655938863754,0.5143330097198486,0.22041566669940948,0.028696678578853607,0.054920077323913574,0.02806122414767742,0.06024761125445366,0.10579186677932739,0.0977509543299675,0.019837545230984688,0.06431898474693298
267,8.9,,,,insightface_bbox,0.7317107915878296,64.06730651855469,580.2146606445312,1031.025634765625,2556.183837890625,0,0,1,0,0,0,0,0,0,0,0,0,0.10635234415531158,0.07484623044729233,0.4881329834461212,0.21633325517177582,0.027114637196063995,0.04949193447828293,0.026172634214162827,0.059274401515722275,0.10282972455024719,0.096189945936203,0.018938269466161728,0.06078075245022774
268,8.933333333333334,,,,insightface_bbox,0.7317107915878296,64.06730651855469,580.2146606445312,1031.025634765625,2556.183837890625,0,0,1,0,0,0,0,0,0,0,0,0,0.11082041263580322,0.0791306421160698,0.5093525052070618,0.22891703248023987,0.02887323684990406,0.052085671573877335,0.028072509914636612,0.06173853576183319,0.10847178101539612,0.0992993712425232,0.01885751076042652,0.06228890269994736
269,8.966666666666667,,,,insightface_bbox,0.7317107915878296,64.06730651855469,580.2146606445312,1031.025634765625,2556.183837890625,0,0,1,0,0,0,0,0,0,0,0,0,0.10673026740550995,0.07696086168289185,0.4522821009159088,0.2206091582775116,0.026982121169567108,0.05055239051580429,0.02568187192082405,0.060452815145254135,0.105555459856987,0.09817328304052353,0.017942393198609352,0.05922401323914528
270,9.0,,,,insightface_bbox,0.7152938842773438,65.67008972167969,544.4700317382812,1021.2393798828125,2532.103759765625,0,0,1,0,0,0,0,0,0,0,0,0,0.09799379110336304,0.07874787598848343,0.7228735685348511,0.24730591475963593,0.03297124803066254,0.060514070093631744,0.028420448303222656,0.06527652591466904,0.10247469693422318,0.09501311928033829,0.025665316730737686,0.0605769045650959
271,9.033333333333333,,,,insightface_bbox,0.7152938842773438,65.67008972167969,544.4700317382812,1021.2393798828125,2532.103759765625,0,0,1,0,0,0,0,0,0,0,0,0,0.09520815312862396,0.07630112767219543,0.7147359251976013,0.2377305030822754,0.032413218170404434,0.059822987765073776,0.028353746980428696,0.06516149640083313,0.10238082706928253,0.09495698660612106,0.025351906195282936,0.05983990058302879
272,9.066666666666666,,,,insightface_bbox,0.7152938842773438,65.67008972167969,544.4700317382812,1021.2393798828125,2532.103759765625,0,0,1,0,0,0,0,0,0,0,0,0,0.09777311980724335,0.07971841096878052,0.7212105989456177,0.25119760632514954,0.032992757856845856,0.06042448431253433,0.029663797467947006,0.06659987568855286,0.10353788733482361,0.09754159301519394,0.02499246783554554,0.061656653881073
273,9.1,,,,insightface_bbox,0.7152938842773438,65.67008972167969,544.4700317382812,1021.2393798828125,2532.103759765625,0,0,1,0,0,0,0,0,0,0,0,0,0.09895564615726471,0.08134745806455612,0.7341682314872742,0.2657408118247986,0.03362402319908142,0.06223144009709358,0.030680207535624504,0.06822549551725388,0.10288418084383011,0.09859681129455566,0.025798249989748,0.063332200050354
274,9.133333333333333,,,,insightface_bbox,0.7152938842773438,65.67008972167969,544.4700317382812,1021.2393798828125,2532.103759765625,0,0,1,0,0,0,0,0,0,0,0,0,0.09990143775939941,0.0832083448767662,0.7831936478614807,0.2727218270301819,0.03456574305891991,0.06291013956069946,0.03192193806171417,0.0677540972828865,0.10355785489082336,0.09789840131998062,0.026125438511371613,0.06324996054172516
