frame_idx,frame_time_in_ms,pitch,yaw,roll,face_alignment_method,face_detection_score,face_bbox_xmin,face_bbox_ymin,face_bbox_xmax,face_bbox_ymax,au_1,au_2,au_4,au_6,au_7,au_10,au_12,au_14,au_15,au_17,au_23,au_24,au_1_intensity,au_2_intensity,au_4_intensity,au_5_intensity,au_6_intensity,au_9_intensity,au_12_intensity,au_15_intensity,au_17_intensity,au_20_intensity,au_25_intensity,au_26_intensity
0,0.0,,,,insightface_bbox,0.7225724458694458,939.5272216796875,821.077880859375,1924.2315673828125,2559.520263671875,0,0,0,0,0,0,0,0,0,1,0,0,0.04736046865582466,0.02533494308590889,0.06266416609287262,0.022697392851114273,0.010492555797100067,0.020042888820171356,0.02037316933274269,0.03375785052776337,0.09580862522125244,0.08837150037288666,0.011813405901193619,0.04909544810652733
1,0.03333333333333333,,,,insightface_bbox,0.7225724458694458,939.5272216796875,821.077880859375,1924.2315673828125,2559.520263671875,0,0,0,0,0,0,0,0,0,1,0,0,0.05273823440074921,0.02843712456524372,0.06546399742364883,0.025528745725750923,0.01329871080815792,0.023328645154833794,0.024814628064632416,0.03336868807673454,0.09592731297016144,0.09805069118738174,0.013544716872274876,0.05519581958651543
2,0.06666666666666667,,,,insightface_bbox,0.7225724458694458,939.5272216796875,821.077880859375,1924.2315673828125,2559.520263671875,0,0,0,0,0,0,0,0,0,0,0,0,0.06263425946235657,0.035051360726356506,0.0558902882039547,0.033579904586076736,0.016327427700161934,0.026979971677064896,0.028786910697817802,0.042591214179992676,0.09426264464855194,0.10829898715019226,0.021542947739362717,0.07084814459085464
3,0.1,,,,insightface_bbox,0.7225724458694458,939.5272216796875,821.077880859375,1924.2315673828125,2559.520263671875,0,0,0,0,0,0,0,0,0,0,0,0,0.06273697316646576,0.03475562483072281,0.053113631904125214,0.030739501118659973,0.015491044148802757,0.025775374844670296,0.027149386703968048,0.04013245552778244,0.09403734654188156,0.1136469766497612,0.01804736815392971,0.06526223570108414
4,0.13333333333333333,,,,insightface_bbox,0.7225724458694458,939.5272216796875,821.077880859375,1924.2315673828125,2559.520263671875,0,0,0,0,0,0,0,0,0,0,0,0,0.05453848838806152,0.03168516606092453,0.04752056673169136,0.028657427057623863,0.013376493938267231,0.02300487831234932,0.022758617997169495,0.03784871846437454,0.08547709137201309,0.10045167058706284,0.014775661751627922,0.060555100440979004
5,0.16666666666666666,,,,insightface_bbox,0.7225724458694458,939.5272216796875,821.077880859375,1924.2315673828125,2559.520263671875,0,0,0,0,0,0,0,0,0,0,0,0,0.05788247287273407,0.03492388129234314,0.04731990769505501,0.03406403958797455,0.01454797200858593,0.024353813380002975,0.027271155267953873,0.04178750514984131,0.08686310052871704,0.101486936211586,0.017294634133577347,0.06720883399248123
6,0.2,,,,insightface_bbox,0.7298523783683777,932.1253051757812,770.414794921875,1909.7333984375,2496.980224609375,0,0,0,0,0,0,0,0,0,0,0,0,0.057438284158706665,0.03788210079073906,0.045155495405197144,0.03674532100558281,0.016225522384047508,0.026720143854618073,0.03510994091629982,0.04648850858211517,0.09006395190954208,0.1107947826385498,0.027341637760400772,0.0869871973991394
7,0.23333333333333334,,,,insightface_bbox,0.7298523783683777,932.1253051757812,770.414794921875,1909.7333984375,2496.980224609375,0,0,0,0,0,0,0,0,0,0,0,0,0.05723045766353607,0.039096198976039886,0.043234970420598984,0.04002610221505165,0.01764230616390705,0.028482839465141296,0.0356026291847229,0.0498117096722126,0.0912216454744339,0.11296413838863373,0.03093252144753933,0.08673795312643051
8,0.26666666666666666,,,,insightface_bbox,0.7298523783683777,932.1253051757812,770.414794921875,1909.7333984375,2496.980224609375,0,0,0,0,0,0,0,0,0,0,0,0,0.0559275820851326,0.039470843970775604,0.04310053214430809,0.041489407420158386,0.016648249700665474,0.02894088439643383,0.03407623991370201,0.05241163820028305,0.08652865886688232,0.11655253171920776,0.035064104944467545,0.09093056619167328
9,0.3,,,,insightface_bbox,0.7298523783683777,932.1253051757812,770.414794921875,1909.7333984375,2496.980224609375,0,0,0,0,0,0,0,0,0,0,0,0,0.05418715998530388,0.036774516105651855,0.0391463004052639,0.039662960916757584,0.015926145017147064,0.02657933533191681,0.0315898098051548,0.04702894389629364,0.08393437415361404,0.10686056315898895,0.03240397572517395,0.09020647406578064
10,0.3333333333333333,,,,insightface_bbox,0.7298523783683777,932.1253051757812,770.414794921875,1909.7333984375,2496.980224609375,0,0,0,0,0,0,0,0,0,0,0,0,0.05561373755335808,0.03585657477378845,0.037675004452466965,0.03597588837146759,0.01426243968307972,0.025824440643191338,0.027237340807914734,0.044880032539367676,0.07952173054218292,0.10535795986652374,0.03656979650259018,0.09749254584312439
11,0.36666666666666664,,,,insightface_bbox,0.7298523783683777,932.1253051757812,770.414794921875,1909.7333984375,2496.980224609375,0,0,0,0,0,0,0,0,0,0,0,0,0.059400126338005066,0.0379704013466835,0.04054823890328407,0.040032580494880676,0.014947904273867607,0.027364078909158707,0.029698755592107773,0.04834534972906113,0.0833364948630333,0.1107867956161499,0.03816722705960274,0.10108333826065063
12,0.4,,,,insightface_bbox,0.7093014717102051,897.8231201171875,772.265869140625,1894.885009765625,2467.39111328125,0,0,0,0,0,0,0,0,0,0,0,0,0.07489669322967529,0.04536963254213333,0.04730143025517464,0.04896190017461777,0.015833891928195953,0.033270981162786484,0.027085408568382263,0.05139181390404701,0.09179455041885376,0.12000106275081635,0.04664771258831024,0.10024458169937134
13,0.43333333333333335,,,,insightface_bbox,0.7093014717102051,897.8231201171875,772.265869140625,1894.885009765625,2467.39111328125,0,0,0,0,0,0,0,0,0,0,0,0,0.08059211075305939,0.0495518334209919,0.04734237492084503,0.05668697878718376,0.01715456321835518,0.03472328558564186,0.02990752086043358,0.05486656352877617,0.09783916920423508,0.12725862860679626,0.043757688254117966,0.10293924063444138
14,0.4666666666666667,,,,insightface_bbox,0.7093014717102051,897.8231201171875,772.265869140625,1894.885009765625,2467.39111328125,0,0,0,0,0,0,0,0,0,0,0,0,0.08695223927497864,0.05519990622997284,0.053267478942871094,0.06285315006971359,0.017680926248431206,0.03860326111316681,0.034283965826034546,0.05930501967668533,0.09928598254919052,0.13608546555042267,0.05533697456121445,0.11662889271974564
15,0.5,,,,insightface_bbox,0.7093014717102051,897.8231201171875,772.265869140625,1894.885009765625,2467.39111328125,0,0,0,0,0,0,0,0,0,0,0,0,0.08203458786010742,0.050067830830812454,0.04900725558400154,0.057345740497112274,0.01588435098528862,0.035361841320991516,0.02978077158331871,0.05493704229593277,0.09771876782178879,0.131130650639534,0.05002124607563019,0.10596272349357605
16,0.5333333333333333,,,,insightface_bbox,0.7093014717102051,897.8231201171875,772.265869140625,1894.885009765625,2467.39111328125,0,0,0,0,0,0,0,0,0,0,0,0,0.08068706840276718,0.04879317432641983,0.0480794683098793,0.05559750646352768,0.015476471744477749,0.03481531888246536,0.02853497490286827,0.05417001247406006,0.09752775728702545,0.12825390696525574,0.048909541219472885,0.10442088544368744
17,0.5666666666666667,,,,insightface_bbox,0.7093014717102051,897.8231201171875,772.265869140625,1894.885009765625,2467.39111328125,0,0,0,0,0,0,0,0,0,0,0,0,0.0774092823266983,0.04643554985523224,0.04643695056438446,0.051931966096162796,0.014961427077651024,0.03351803123950958,0.026615049690008163,0.0529276542365551,0.09498036652803421,0.12144014984369278,0.047474443912506104,0.10185511410236359
18,0.6,,,,insightface_bbox,0.7141338586807251,932.9021606445312,790.6734008789062,1889.3013916015625,2472.01904296875,0,0,0,0,0,0,0,0,0,0,0,0,0.06377837806940079,0.04265531525015831,0.04503403604030609,0.038014933466911316,0.016535378992557526,0.029897185042500496,0.03252028673887253,0.03981494903564453,0.06936049461364746,0.08445020765066147,0.06580950319766998,0.11544360220432281
19,0.6333333333333333,,,,insightface_bbox,0.7141338586807251,932.9021606445312,790.6734008789062,1889.3013916015625,2472.01904296875,0,0,0,0,0,0,0,0,0,0,0,0,0.06372197717428207,0.043103139847517014,0.043087124824523926,0.0393979586660862,0.018474766984581947,0.03144930303096771,0.03717717528343201,0.040356140583753586,0.06790877133607864,0.0777091532945633,0.0785568431019783,0.12801724672317505
20,0.6666666666666666,,,,insightface_bbox,0.7141338586807251,932.9021606445312,790.6734008789062,1889.3013916015625,2472.01904296875,0,0,0,0,0,0,0,0,0,0,0,0,0.06362171471118927,0.04282846674323082,0.04317773878574371,0.04103965684771538,0.01878727599978447,0.03223733603954315,0.04140487313270569,0.041071727871894836,0.07440260052680969,0.08138218522071838,0.07789644598960876,0.13634081184864044
21,0.7,,,,insightface_bbox,0.7141338586807251,932.9021606445312,790.6734008789062,1889.3013916015625,2472.01904296875,0,0,0,0,0,0,0,0,0,0,0,0,0.06180408596992493,0.04165054112672806,0.04360930994153023,0.03874471038579941,0.01842408813536167,0.03212819993495941,0.04057532548904419,0.04012100771069527,0.0724780336022377,0.07833001017570496,0.0833195373415947,0.1362539529800415
22,0.7333333333333333,,,,insightface_bbox,0.7141338586807251,932.9021606445312,790.6734008789062,1889.3013916015625,2472.01904296875,0,0,0,0,0,0,0,0,0,0,0,0,0.06458236277103424,0.04381265491247177,0.04685297980904579,0.040886588394641876,0.01868284121155739,0.03408519923686981,0.04166340455412865,0.042922474443912506,0.07690639048814774,0.08187026530504227,0.08776506781578064,0.139220729470253
23,0.7666666666666667,,,,insightface_bbox,0.7141338586807251,932.9021606445312,790.6734008789062,1889.3013916015625,2472.01904296875,0,0,0,0,0,0,0,0,0,0,0,0,0.0676497295498848,0.04525892809033394,0.05217168852686882,0.0447726771235466,0.018733205273747444,0.03627777472138405,0.04148726910352707,0.04677794501185417,0.08361881971359253,0.08736156672239304,0.08901585638523102,0.14024265110492706
24,0.8,,,,insightface_bbox,0.7368099093437195,903.4525756835938,805.480224609375,1884.7103271484375,2507.902099609375,0,0,0,0,0,0,0,0,0,0,0,0,0.11477362364530563,0.0888669416308403,0.0817941203713417,0.11569629609584808,0.0258185975253582,0.058218471705913544,0.074266217648983,0.08206810802221298,0.11275307834148407,0.1339253932237625,0.11999902129173279,0.17053475975990295
25,0.8333333333333334,,,,insightface_bbox,0.7368099093437195,903.4525756835938,805.480224609375,1884.7103271484375,2507.902099609375,0,0,0,0,0,0,0,0,0,0,0,0,0.11077097058296204,0.08541061729192734,0.07888206839561462,0.11386417597532272,0.023340076208114624,0.05750416964292526,0.06263361126184464,0.07842020690441132,0.1103411316871643,0.13034887611865997,0.12231401354074478,0.17504416406154633
26,0.8666666666666667,,,,insightface_bbox,0.7368099093437195,903.4525756835938,805.480224609375,1884.7103271484375,2507.902099609375,0,0,0,0,0,0,0,0,0,0,0,0,0.10452494770288467,0.07957059144973755,0.07580087333917618,0.10329451411962509,0.022253282368183136,0.056893475353717804,0.05967419221997261,0.07440655678510666,0.10511524230241776,0.12599071860313416,0.1216985285282135,0.1687057912349701
27,0.9,,,,insightface_bbox,0.7368099093437195,903.4525756835938,805.480224609375,1884.7103271484375,2507.902099609375,0,0,0,0,0,0,0,0,0,0,0,0,0.10230602324008942,0.07708855718374252,0.07326731085777283,0.10040266811847687,0.02184556983411312,0.05510434880852699,0.056894201785326004,0.07307226955890656,0.10238728672266006,0.12373652309179306,0.11771176755428314,0.16353337466716766
28,0.9333333333333333,,,,insightface_bbox,0.7368099093437195,903.4525756835938,805.480224609375,1884.7103271484375,2507.902099609375,0,0,0,0,0,0,0,0,0,0,0,0,0.09709449112415314,0.0727548748254776,0.07050065696239471,0.09502260386943817,0.02138405665755272,0.053505752235651016,0.05543261393904686,0.07262924313545227,0.10122201591730118,0.12336108088493347,0.11613041907548904,0.1621508002281189
29,0.9666666666666667,,,,insightface_bbox,0.7368099093437195,903.4525756835938,805.480224609375,1884.7103271484375,2507.902099609375,0,0,0,0,0,0,0,0,0,0,0,0,0.09438558667898178,0.07085006684064865,0.06649298965930939,0.09145178645849228,0.021158430725336075,0.05190420523285866,0.054324761033058167,0.07170773297548294,0.09875372797250748,0.12191693484783173,0.11354014277458191,0.1601213812828064
30,1.0,,,,insightface_bbox,0.7308430671691895,896.5227661132812,807.8684692382812,1876.33203125,2548.224853515625,0,0,0,0,0,0,0,0,0,0,0,0,0.08827993273735046,0.06707058846950531,0.061474449932575226,0.08699584007263184,0.021009521558880806,0.05069006234407425,0.05388873815536499,0.06795002520084381,0.09546792507171631,0.11600133776664734,0.11180219054222107,0.15782609581947327
31,1.0333333333333334,,,,insightface_bbox,0.7308430671691895,896.5227661132812,807.8684692382812,1876.33203125,2548.224853515625,0,0,0,0,0,0,0,0,0,0,0,0,0.08977264165878296,0.06525901705026627,0.06473296880722046,0.085365429520607,0.020392442122101784,0.05063030496239662,0.04863990098237991,0.06659910082817078,0.0951106920838356,0.11678579449653625,0.10739531368017197,0.1490936279296875
32,1.0666666666666667,,,,insightface_bbox,0.7308430671691895,896.5227661132812,807.8684692382812,1876.33203125,2548.224853515625,0,0,0,0,0,0,0,0,0,0,0,0,0.08725762367248535,0.0634395182132721,0.0636056661605835,0.08299235254526138,0.020225990563631058,0.05004849657416344,0.047528915107250214,0.06580875813961029,0.09785563498735428,0.11811959743499756,0.1063595712184906,0.15024098753929138
33,1.1,,,,insightface_bbox,0.7308430671691895,896.5227661132812,807.8684692382812,1876.33203125,2548.224853515625,0,0,0,0,0,0,0,0,0,0,0,0,0.08834128081798553,0.06370749324560165,0.0637388750910759,0.08311300724744797,0.02006610855460167,0.05017780512571335,0.045945193618535995,0.06365536153316498,0.0980582982301712,0.11674104630947113,0.1055261492729187,0.15289483964443207
34,1.1333333333333333,,,,insightface_bbox,0.7308430671691895,896.5227661132812,807.8684692382812,1876.33203125,2548.224853515625,0,0,0,0,0,0,0,0,0,0,0,0,0.08909101784229279,0.06386429816484451,0.06436486542224884,0.08246879279613495,0.0203236173838377,0.05017984285950661,0.04600301384925842,0.06376206874847412,0.09984038770198822,0.11813810467720032,0.10379742085933685,0.1526648998260498
35,1.1666666666666667,,,,insightface_bbox,0.7308430671691895,896.5227661132812,807.8684692382812,1876.33203125,2548.224853515625,0,0,0,0,0,0,0,0,0,0,0,0,0.0917707085609436,0.06586718559265137,0.06755989044904709,0.08584322035312653,0.02066933736205101,0.050971172749996185,0.04710765182971954,0.06529010087251663,0.10274075716733932,0.12028348445892334,0.10478939861059189,0.15640300512313843
36,1.2,,,,insightface_bbox,0.7390048503875732,894.6583251953125,801.2063598632812,1884.9755859375,2551.568603515625,0,0,0,0,0,0,0,0,0,0,0,0,0.10288724303245544,0.07357767224311829,0.07729602605104446,0.099721759557724,0.023509303107857704,0.07049767673015594,0.060748159885406494,0.08494426310062408,0.12217563390731812,0.14966073632240295,0.12456966936588287,0.16090640425682068
37,1.2333333333333334,,,,insightface_bbox,0.7390048503875732,894.6583251953125,801.2063598632812,1884.9755859375,2551.568603515625,0,0,0,0,0,0,0,0,0,0,0,0,0.1115574762225151,0.0829983800649643,0.08276258409023285,0.12046261131763458,0.024538878351449966,0.07369017601013184,0.06534413993358612,0.09493210166692734,0.12919868528842926,0.16057640314102173,0.13258711993694305,0.16544821858406067
38,1.2666666666666666,,,,insightface_bbox,0.7390048503875732,894.6583251953125,801.2063598632812,1884.9755859375,2551.568603515625,0,0,0,0,0,0,0,0,0,0,0,0,0.11146210134029388,0.08079729974269867,0.08520462363958359,0.11826314777135849,0.024528611451387405,0.07603506743907928,0.06357261538505554,0.09712372720241547,0.1336984485387802,0.16087964177131653,0.1268065720796585,0.16070684790611267
39,1.3,,,,insightface_bbox,0.7390048503875732,894.6583251953125,801.2063598632812,1884.9755859375,2551.568603515625,0,0,0,0,0,0,0,0,0,0,0,0,0.11221251636743546,0.07932349294424057,0.08368059247732162,0.11324842274188995,0.02402864210307598,0.07596097141504288,0.06196095794439316,0.09596307575702667,0.1360497623682022,0.16103960573673248,0.12214970588684082,0.15862348675727844
40,1.3333333333333333,,,,insightface_bbox,0.7390048503875732,894.6583251953125,801.2063598632812,1884.9755859375,2551.568603515625,0,0,0,0,0,0,0,0,0,0,0,0,0.1144581139087677,0.08090227842330933,0.08612298965454102,0.11734939366579056,0.024114837870001793,0.07749520987272263,0.06193508207798004,0.09707885980606079,0.13531097769737244,0.16127757728099823,0.1265794038772583,0.16032853722572327
41,1.3666666666666667,,,,insightface_bbox,0.7390048503875732,894.6583251953125,801.2063598632812,1884.9755859375,2551.568603515625,0,0,0,0,0,0,0,0,0,0,0,0,0.11107813566923141,0.07844223082065582,0.08357233554124832,0.11212866753339767,0.02365773729979992,0.07496623694896698,0.05881635472178459,0.092485211789608,0.1312674582004547,0.15659716725349426,0.12425624579191208,0.15484513342380524
42,1.4,,,,insightface_bbox,0.7199640870094299,901.812255859375,768.0344848632812,1886.8367919921875,2573.946533203125,0,0,0,0,0,0,0,0,0,0,0,0,0.10183010995388031,0.07341355830430984,0.07465504854917526,0.09926968067884445,0.024682406336069107,0.06675799190998077,0.05787518620491028,0.08110064268112183,0.12720488011837006,0.13571949303150177,0.123501256108284,0.1620703935623169
43,1.4333333333333333,,,,insightface_bbox,0.7199640870094299,901.812255859375,768.0344848632812,1886.8367919921875,2573.946533203125,0,0,0,0,0,0,0,0,0,0,0,0,0.1062261238694191,0.07544831186532974,0.08086475729942322,0.10254871100187302,0.02471758797764778,0.07006729394197464,0.05702485144138336,0.08117657154798508,0.1281595677137375,0.13392801582813263,0.12567345798015594,0.16951963305473328
44,1.4666666666666666,,,,insightface_bbox,0.7199640870094299,901.812255859375,768.0344848632812,1886.8367919921875,2573.946533203125,0,0,0,0,0,0,0,0,0,0,0,0,0.10030066967010498,0.06873496621847153,0.07996359467506409,0.09207077324390411,0.024001767858862877,0.06808531284332275,0.05235002189874649,0.07919688522815704,0.127825066447258,0.12984807789325714,0.115463986992836,0.16466963291168213
45,1.5,,,,insightface_bbox,0.7199640870094299,901.812255859375,768.0344848632812,1886.8367919921875,2573.946533203125,0,0,0,0,0,0,0,0,0,0,0,0,0.10037238895893097,0.06893087923526764,0.08090634644031525,0.0936526507139206,0.02371525764465332,0.06688125431537628,0.050055231899023056,0.07959841191768646,0.12461614608764648,0.1302359402179718,0.1140732616186142,0.163142591714859
46,1.5333333333333334,,,,insightface_bbox,0.7199640870094299,901.812255859375,768.0344848632812,1886.8367919921875,2573.946533203125,0,0,0,0,0,0,0,0,0,0,0,0,0.09519556164741516,0.06734083592891693,0.07775630056858063,0.09314258396625519,0.022933639585971832,0.06497777253389359,0.04766370356082916,0.07969944179058075,0.12185877561569214,0.13071788847446442,0.11862653493881226,0.16536545753479004
47,1.5666666666666667,,,,insightface_bbox,0.7199640870094299,901.812255859375,768.0344848632812,1886.8367919921875,2573.946533203125,0,0,0,0,0,0,0,0,0,0,0,0,0.09562210738658905,0.06639017909765244,0.07732861489057541,0.08739824593067169,0.022173985838890076,0.06568098813295364,0.04635686054825783,0.07955174148082733,0.12231648713350296,0.13167704641819,0.11626054346561432,0.16529648005962372
48,1.6,,,,insightface_bbox,0.6954957246780396,896.0101928710938,791.6206665039062,1873.4749755859375,2570.1318359375,0,0,0,0,0,0,0,0,0,0,0,0,0.09064461290836334,0.0626056045293808,0.07575272768735886,0.07686718553304672,0.019374892115592957,0.05729545280337334,0.04469555616378784,0.0675327256321907,0.10466489940881729,0.11383043229579926,0.12644493579864502,0.17717181146144867
49,1.6333333333333333,,,,insightface_bbox,0.6954957246780396,896.0101928710938,791.6206665039062,1873.4749755859375,2570.1318359375,0,0,0,0,0,0,0,0,0,0,0,0,0.09167923778295517,0.06316633522510529,0.07822798192501068,0.07892610132694244,0.01984630897641182,0.057769451290369034,0.047382570803165436,0.06871648132801056,0.10663804411888123,0.11777505278587341,0.12296253442764282,0.18108555674552917
50,1.6666666666666667,,,,insightface_bbox,0.6954957246780396,896.0101928710938,791.6206665039062,1873.4749755859375,2570.1318359375,0,0,0,0,0,0,0,0,0,0,0,0,0.0700952410697937,0.045960456132888794,0.0582890622317791,0.04936300218105316,0.018214205279946327,0.043327078223228455,0.039559077471494675,0.052731145173311234,0.09641410410404205,0.09799142181873322,0.07751813530921936,0.15086093544960022
51,1.7,,,,insightface_bbox,0.6954957246780396,896.0101928710938,791.6206665039062,1873.4749755859375,2570.1318359375,0,0,0,0,0,0,0,0,0,0,0,0,0.056180648505687714,0.03468591347336769,0.04659952223300934,0.033442988991737366,0.015134419314563274,0.03436494618654251,0.03074774704873562,0.04204798489809036,0.08328133821487427,0.08290207386016846,0.07932781428098679,0.1449078768491745
52,1.7333333333333334,,,,insightface_bbox,0.6954957246780396,896.0101928710938,791.6206665039062,1873.4749755859375,2570.1318359375,0,0,0,0,0,0,0,0,0,0,0,0,0.04842659831047058,0.03162151202559471,0.03742758929729462,0.028121240437030792,0.013732695952057838,0.029612742364406586,0.02724101021885872,0.038580507040023804,0.07570617645978928,0.0765819177031517,0.05854591354727745,0.11672365665435791
53,1.7666666666666666,,,,insightface_bbox,0.6954957246780396,896.0101928710938,791.6206665039062,1873.4749755859375,2570.1318359375,0,0,0,0,0,0,0,0,0,0,0,0,0.05188897252082825,0.03409121558070183,0.0399981290102005,0.033201634883880615,0.014841059222817421,0.03337970748543739,0.027402739971876144,0.0438678115606308,0.08156903088092804,0.08040513098239899,0.07293044030666351,0.1254352331161499
54,1.8,,,,insightface_bbox,0.7177590131759644,959.986083984375,815.24609375,1907.7813720703125,2485.583740234375,0,0,0,0,0,0,0,0,0,0,0,0,0.05261009931564331,0.03575754538178444,0.0368100069463253,0.03952805697917938,0.015650920569896698,0.03414921090006828,0.03276786580681801,0.049485158175230026,0.07631097733974457,0.0788939893245697,0.0954035222530365,0.12569589912891388
55,1.8333333333333333,,,,insightface_bbox,0.7177590131759644,959.986083984375,815.24609375,1907.7813720703125,2485.583740234375,0,0,0,0,0,0,0,0,0,0,0,0,0.051823150366544724,0.035090114921331406,0.037938158959150314,0.0377688854932785,0.0154700493440032,0.033343344926834106,0.03030972369015217,0.048055633902549744,0.0772516280412674,0.07906082272529602,0.10030151158571243,0.1298966109752655
56,1.8666666666666667,,,,insightface_bbox,0.7177590131759644,959.986083984375,815.24609375,1907.7813720703125,2485.583740234375,0,0,0,0,0,0,0,0,0,0,0,0,0.051061682403087616,0.03467684984207153,0.03699151426553726,0.038120657205581665,0.015070920810103416,0.03297911956906319,0.029269540682435036,0.04897581785917282,0.07916359603404999,0.07989452034235,0.1042545735836029,0.1292828619480133
57,1.9,,,,insightface_bbox,0.7177590131759644,959.986083984375,815.24609375,1907.7813720703125,2485.583740234375,0,0,0,0,0,0,0,0,0,0,0,0,0.05017605051398277,0.033413365483284,0.037836771458387375,0.03951415419578552,0.014022552408277988,0.03212179243564606,0.0274079367518425,0.049985457211732864,0.0830666720867157,0.08142782747745514,0.09429678320884705,0.1259889006614685
58,1.9333333333333333,,,,insightface_bbox,0.7177590131759644,959.986083984375,815.24609375,1907.7813720703125,2485.583740234375,0,0,0,0,0,0,0,0,0,0,0,0,0.05496549978852272,0.03564365953207016,0.041962284594774246,0.033828817307949066,0.011916671879589558,0.028159547597169876,0.02169843018054962,0.03840082511305809,0.0735943391919136,0.0757913663983345,0.06950908154249191,0.11846505105495453
59,1.9666666666666666,,,,insightface_bbox,0.7177590131759644,959.986083984375,815.24609375,1907.7813720703125,2485.583740234375,0,0,0,0,0,0,0,0,0,0,0,0,0.04597404971718788,0.02799868769943714,0.04293645918369293,0.027917057275772095,0.008821710012853146,0.02454189397394657,0.015011169947683811,0.03813933953642845,0.07714572548866272,0.07880204170942307,0.06681741029024124,0.12434550374746323
60,2.0,,,,insightface_bbox,0.6771079897880554,1003.01025390625,813.791748046875,1966.2071533203125,2522.760498046875,0,0,0,0,0,0,0,0,0,0,0,0,0.057273585349321365,0.04366062581539154,0.05025486648082733,0.04500582814216614,0.011900515295565128,0.033305369317531586,0.022177845239639282,0.05266784131526947,0.08144951611757278,0.09395866096019745,0.09114951640367508,0.1558401882648468
61,2.033333333333333,,,,insightface_bbox,0.6771079897880554,1003.01025390625,813.791748046875,1966.2071533203125,2522.760498046875,0,0,0,0,0,0,0,0,0,0,0,0,0.05358321964740753,0.04172148555517197,0.05229464918375015,0.04605298489332199,0.010237142443656921,0.030498404055833817,0.019155310466885567,0.05385465919971466,0.08627928048372269,0.09275675565004349,0.08578881621360779,0.15993094444274902
62,2.066666666666667,,,,insightface_bbox,0.6771079897880554,1003.01025390625,813.791748046875,1966.2071533203125,2522.760498046875,0,0,0,0,0,0,0,0,0,0,0,0,0.058708034455776215,0.04368618130683899,0.05792248621582985,0.05010677129030228,0.011877181008458138,0.03259263560175896,0.02645152062177658,0.06188158318400383,0.10065748542547226,0.10538914799690247,0.08657436072826385,0.17014291882514954
63,2.1,,,,insightface_bbox,0.6771079897880554,1003.01025390625,813.791748046875,1966.2071533203125,2522.760498046875,0,0,0,0,0,0,0,0,0,0,0,0,0.057148296386003494,0.042381905019283295,0.056462086737155914,0.04647041857242584,0.012255959212779999,0.03145499527454376,0.027784423902630806,0.0596303716301918,0.10042327642440796,0.10231483727693558,0.08351446688175201,0.17026063799858093
64,2.1333333333333333,,,,insightface_bbox,0.6771079897880554,1003.01025390625,813.791748046875,1966.2071533203125,2522.760498046875,0,0,0,0,0,0,0,0,0,0,0,0,0.0523422434926033,0.03918331861495972,0.051211267709732056,0.039935626089572906,0.011040368117392063,0.02816096320748329,0.023270072415471077,0.05466904863715172,0.09395752102136612,0.09676874428987503,0.07113499194383621,0.1607707291841507
65,2.1666666666666665,,,,insightface_bbox,0.6771079897880554,1003.01025390625,813.791748046875,1966.2071533203125,2522.760498046875,0,0,0,0,0,0,0,0,0,0,0,0,0.046756450086832047,0.033739976584911346,0.04723377898335457,0.032630205154418945,0.009714432060718536,0.025909513235092163,0.018352681770920753,0.048712342977523804,0.08738444745540619,0.08679065108299255,0.06753743439912796,0.1485462635755539
66,2.2,,,,insightface_bbox,0.6562562584877014,1002.156982421875,826.0575561523438,1967.5025634765625,2533.4921875,0,0,0,0,0,0,0,0,0,0,0,0,0.05270400643348694,0.03934837505221367,0.05197356641292572,0.04416541010141373,0.01002989336848259,0.029261507093906403,0.017105836421251297,0.052925679832696915,0.08570466190576553,0.08935719728469849,0.07997409999370575,0.15922345221042633
67,2.2333333333333334,,,,insightface_bbox,0.6562562584877014,1002.156982421875,826.0575561523438,1967.5025634765625,2533.4921875,0,0,0,0,0,0,0,0,0,0,0,0,0.0632166787981987,0.047831661999225616,0.06043996661901474,0.05906398966908455,0.01186838187277317,0.03552422672510147,0.020561253651976585,0.05697007477283478,0.09134914726018906,0.09439025819301605,0.09892596304416656,0.17318540811538696
68,2.2666666666666666,,,,insightface_bbox,0.6562562584877014,1002.156982421875,826.0575561523438,1967.5025634765625,2533.4921875,0,0,0,0,0,0,0,0,0,0,0,0,0.05877360701560974,0.041034627705812454,0.05746948719024658,0.04246562719345093,0.011127777397632599,0.03394642472267151,0.01906834915280342,0.04502631351351738,0.08125245571136475,0.07755755633115768,0.09385120868682861,0.14944076538085938
69,2.3,,,,insightface_bbox,0.6562562584877014,1002.156982421875,826.0575561523438,1967.5025634765625,2533.4921875,0,0,0,0,0,0,0,0,0,0,0,0,0.053632933646440506,0.03646206855773926,0.05280466377735138,0.035452838987112045,0.010201310738921165,0.030438147485256195,0.0176725871860981,0.04118794575333595,0.07843776792287827,0.07284991443157196,0.08127754926681519,0.13036464154720306
70,2.3333333333333335,,,,insightface_bbox,0.6562562584877014,1002.156982421875,826.0575561523438,1967.5025634765625,2533.4921875,0,0,0,0,0,0,0,0,0,0,0,0,0.05216418206691742,0.035754695534706116,0.0478006973862648,0.036019086837768555,0.009896446019411087,0.028798211365938187,0.01800340600311756,0.041340120136737823,0.0808134526014328,0.07366418093442917,0.0739172026515007,0.12301239371299744
71,2.3666666666666667,,,,insightface_bbox,0.6562562584877014,1002.156982421875,826.0575561523438,1967.5025634765625,2533.4921875,0,0,0,0,0,0,0,0,0,0,0,0,0.050702694803476334,0.035160865634679794,0.04720853269100189,0.03667416423559189,0.009408131241798401,0.028678927570581436,0.019946929067373276,0.04315243661403656,0.08504076302051544,0.0765189379453659,0.07218754291534424,0.13000251352787018
72,2.4,,,,insightface_bbox,0.6963684558868408,962.2178955078125,785.7635498046875,1913.8125,2589.303466796875,0,0,0,0,0,0,0,0,0,0,0,0,0.050823867321014404,0.032437149435281754,0.038085587322711945,0.03697460517287254,0.009386402554810047,0.025088198482990265,0.021347790956497192,0.04091949760913849,0.08225584030151367,0.07704441994428635,0.07139919698238373,0.14250007271766663
73,2.433333333333333,,,,insightface_bbox,0.6963684558868408,962.2178955078125,785.7635498046875,1913.8125,2589.303466796875,0,0,0,0,0,0,0,0,0,0,0,0,0.0468682125210762,0.029597163200378418,0.03621423989534378,0.03171290457248688,0.008824772201478481,0.02433970756828785,0.02074015885591507,0.035976823419332504,0.0746089518070221,0.0703759416937828,0.06786061823368073,0.1259881556034088
74,2.466666666666667,,,,insightface_bbox,0.6963684558868408,962.2178955078125,785.7635498046875,1913.8125,2589.303466796875,0,0,0,0,0,0,0,0,0,0,0,0,0.04659265652298927,0.03007565625011921,0.03852470964193344,0.03174974024295807,0.009144940413534641,0.0249246247112751,0.02252555452287197,0.036269888281822205,0.07472869008779526,0.06993173807859421,0.07057785242795944,0.13257724046707153
75,2.5,,,,insightface_bbox,0.6963684558868408,962.2178955078125,785.7635498046875,1913.8125,2589.303466796875,0,0,0,0,0,0,0,0,0,0,0,0,0.045197807252407074,0.029192080721259117,0.04048078879714012,0.029865305870771408,0.009248048067092896,0.025006521493196487,0.02262437716126442,0.03604131191968918,0.07257039099931717,0.06953226029872894,0.07389499247074127,0.13243643939495087
76,2.533333333333333,,,,insightface_bbox,0.6963684558868408,962.2178955078125,785.7635498046875,1913.8125,2589.303466796875,0,0,0,0,0,0,0,0,0,0,0,0,0.041929952800273895,0.026604032143950462,0.038258686661720276,0.025783825665712357,0.008966372348368168,0.023938428610563278,0.019928785040974617,0.034070104360580444,0.0688566192984581,0.0668201744556427,0.07222690433263779,0.12023236602544785
77,2.566666666666667,,,,insightface_bbox,0.6963684558868408,962.2178955078125,785.7635498046875,1913.8125,2589.303466796875,0,0,0,0,0,0,0,0,0,0,0,0,0.03954223543405533,0.024168886244297028,0.036877602338790894,0.022085903212428093,0.008511979132890701,0.023009823635220528,0.01628921553492546,0.03242246434092522,0.06759686768054962,0.06554386764764786,0.06788737326860428,0.10827072709798813
78,2.6,,,,insightface_bbox,0.7422993779182434,942.0106811523438,818.6111450195312,1899.3238525390625,2527.79052734375,0,0,0,0,0,0,0,0,0,0,0,0,0.044215619564056396,0.027797983959317207,0.04154127463698387,0.024967163801193237,0.009213050827383995,0.029514815658330917,0.016130812466144562,0.034683480858802795,0.07222792506217957,0.07165198028087616,0.08787877857685089,0.11996135860681534
79,2.6333333333333333,,,,insightface_bbox,0.7422993779182434,942.0106811523438,818.6111450195312,1899.3238525390625,2527.79052734375,0,0,0,0,0,0,0,0,0,0,0,0,0.047434188425540924,0.029792534187436104,0.048023104667663574,0.027189822867512703,0.009748796932399273,0.03317677974700928,0.01565719209611416,0.035626720637083054,0.07633434981107712,0.07308181375265121,0.09772122651338577,0.12780994176864624
80,2.6666666666666665,,,,insightface_bbox,0.7422993779182434,942.0106811523438,818.6111450195312,1899.3238525390625,2527.79052734375,0,0,0,0,0,0,0,0,0,0,0,0,0.050167717039585114,0.03013082966208458,0.04388701915740967,0.024209925904870033,0.011350534856319427,0.03590776026248932,0.016686707735061646,0.03460294008255005,0.07195261865854263,0.07272056490182877,0.09832266718149185,0.13243368268013
81,2.7,,,,insightface_bbox,0.7422993779182434,942.0106811523438,818.6111450195312,1899.3238525390625,2527.79052734375,0,0,0,0,0,0,0,0,0,0,0,0,0.050953157246112823,0.03024616837501526,0.04485071450471878,0.02402784302830696,0.011896751821041107,0.036391135305166245,0.016785508021712303,0.034117624163627625,0.06970080733299255,0.07056593894958496,0.10046704858541489,0.13041231036186218
82,2.7333333333333334,,,,insightface_bbox,0.7422993779182434,942.0106811523438,818.6111450195312,1899.3238525390625,2527.79052734375,0,0,0,0,0,0,0,0,0,0,0,0,0.05166923627257347,0.0301484577357769,0.04379778727889061,0.023579441010951996,0.012089809402823448,0.035082969814538956,0.017028259113430977,0.033289819955825806,0.06922963261604309,0.06971745938062668,0.09672868251800537,0.1278916895389557
83,2.7666666666666666,,,,insightface_bbox,0.7422993779182434,942.0106811523438,818.6111450195312,1899.3238525390625,2527.79052734375,0,0,0,0,0,0,0,0,0,0,0,0,0.05155278742313385,0.03030959703028202,0.0435040183365345,0.023907791823148727,0.012266341596841812,0.03417668491601944,0.018107153475284576,0.0330212339758873,0.06896819174289703,0.07005241513252258,0.09494119882583618,0.12842504680156708
84,2.8,,,,insightface_bbox,0.7301204204559326,900.9400634765625,810.5785522460938,1893.534423828125,2502.358154296875,0,0,0,0,0,0,0,0,0,0,0,0,0.07272295653820038,0.03993555158376694,0.056819550693035126,0.042272500693798065,0.014734447002410889,0.04242226108908653,0.02046203427016735,0.05710291862487793,0.1131119653582573,0.11841912567615509,0.07208963483572006,0.12456615269184113
85,2.8333333333333335,,,,insightface_bbox,0.7301204204559326,900.9400634765625,810.5785522460938,1893.534423828125,2502.358154296875,0,0,0,0,0,0,0,0,0,0,0,0,0.07122921943664551,0.03960704803466797,0.05577818304300308,0.04232795909047127,0.01541585847735405,0.04316292330622673,0.021713804453611374,0.05804436281323433,0.11410179734230042,0.11780720204114914,0.07420818507671356,0.12745778262615204
86,2.8666666666666667,,,,insightface_bbox,0.7301204204559326,900.9400634765625,810.5785522460938,1893.534423828125,2502.358154296875,0,0,0,0,0,0,0,0,0,0,0,0,0.07185688614845276,0.04033096879720688,0.0561884380877018,0.04354652389883995,0.01551892701536417,0.043652165681123734,0.0222630575299263,0.05860959738492966,0.11476381123065948,0.1192050576210022,0.07536201179027557,0.1285063922405243
87,2.9,,,,insightface_bbox,0.7301204204559326,900.9400634765625,810.5785522460938,1893.534423828125,2502.358154296875,0,0,0,0,0,0,0,0,0,0,0,0,0.07051082700490952,0.03945630416274071,0.05612190067768097,0.042200930416584015,0.015097454190254211,0.042607225477695465,0.021381162106990814,0.057965412735939026,0.11353293061256409,0.11713714152574539,0.07495225965976715,0.12712018191814423
88,2.933333333333333,,,,insightface_bbox,0.7301204204559326,900.9400634765625,810.5785522460938,1893.534423828125,2502.358154296875,0,0,0,0,0,0,0,0,0,0,0,0,0.06769420206546783,0.038081247359514236,0.05478307977318764,0.04087807983160019,0.014806306920945644,0.04127010703086853,0.020715199410915375,0.05672350153326988,0.11187274008989334,0.11355239897966385,0.07347607612609863,0.12504470348358154
89,2.966666666666667,,,,insightface_bbox,0.7301204204559326,900.9400634765625,810.5785522460938,1893.534423828125,2502.358154296875,0,0,0,0,0,0,0,0,0,0,0,0,0.06599913537502289,0.03798168897628784,0.053046345710754395,0.04131029546260834,0.014919726178050041,0.03986898064613342,0.02091624215245247,0.05649536848068237,0.10936596244573593,0.11264413595199585,0.07374273985624313,0.12539911270141602
90,3.0,,,,insightface_bbox,0.7166755199432373,905.0205078125,813.1165161132812,1883.0406494140625,2502.677734375,0,0,0,0,0,0,0,0,0,0,0,0,0.0607062466442585,0.0374654084444046,0.05096537619829178,0.03192715719342232,0.01423665415495634,0.03803357854485512,0.025531943887472153,0.04066856577992439,0.0810249000787735,0.08558127284049988,0.08019505441188812,0.12888583540916443
91,3.033333333333333,,,,insightface_bbox,0.7166755199432373,905.0205078125,813.1165161132812,1883.0406494140625,2502.677734375,0,0,0,0,0,0,0,0,0,0,0,0,0.060325026512145996,0.03736010938882828,0.04894019663333893,0.03238489851355553,0.013965247198939323,0.03605911135673523,0.024775853380560875,0.03949347883462906,0.0799890011548996,0.08496072143316269,0.07821839302778244,0.1287083625793457
92,3.066666666666667,,,,insightface_bbox,0.7166755199432373,905.0205078125,813.1165161132812,1883.0406494140625,2502.677734375,0,0,0,0,0,0,0,0,0,0,0,0,0.05794700235128403,0.035828813910484314,0.0465090237557888,0.03053107298910618,0.013753341510891914,0.034572768956422806,0.024396032094955444,0.0379190668463707,0.07774567604064941,0.08291132748126984,0.0776795744895935,0.12950336933135986
93,3.1,,,,insightface_bbox,0.7166755199432373,905.0205078125,813.1165161132812,1883.0406494140625,2502.677734375,0,0,0,0,0,0,0,0,0,0,0,0,0.05793476849794388,0.03588952496647835,0.04622592777013779,0.030397694557905197,0.013623688369989395,0.03456098213791847,0.024016018956899643,0.037650350481271744,0.07808835059404373,0.08358769118785858,0.07642526179552078,0.12916859984397888
94,3.1333333333333333,,,,insightface_bbox,0.7166755199432373,905.0205078125,813.1165161132812,1883.0406494140625,2502.677734375,0,0,0,0,0,0,0,0,0,0,0,0,0.06113184243440628,0.0382019579410553,0.048773106187582016,0.03279731422662735,0.014148741960525513,0.036912184208631516,0.026006652042269707,0.04000619053840637,0.08187000453472137,0.08848287165164948,0.08391179144382477,0.1365974098443985
95,3.1666666666666665,,,,insightface_bbox,0.7166755199432373,905.0205078125,813.1165161132812,1883.0406494140625,2502.677734375,0,0,0,0,0,0,0,0,0,0,0,0,0.06977054476737976,0.043464306741952896,0.053268082439899445,0.03921631723642349,0.015481248497962952,0.04256538674235344,0.030013125389814377,0.045279256999492645,0.09082444757223129,0.10305958986282349,0.09617199003696442,0.1509469598531723
96,3.2,,,,insightface_bbox,0.710708737373352,907.554443359375,782.8587646484375,1870.0953369140625,2529.368408203125,0,0,0,0,0,0,0,0,0,0,0,0,0.07462457567453384,0.04591357707977295,0.053198039531707764,0.03267805278301239,0.015553202480077744,0.045762281864881516,0.02689429000020027,0.039056893438100815,0.07781907171010971,0.08284716308116913,0.11293569207191467,0.15291035175323486
97,3.2333333333333334,,,,insightface_bbox,0.710708737373352,907.554443359375,782.8587646484375,1870.0953369140625,2529.368408203125,0,0,0,0,0,0,0,0,0,0,0,0,0.07546386867761612,0.046073853969573975,0.05616861954331398,0.03320995345711708,0.015769341960549355,0.048964973539114,0.026488909497857094,0.03864792734384537,0.07982545346021652,0.08385032415390015,0.11149942874908447,0.15224187076091766
98,3.2666666666666666,,,,insightface_bbox,0.710708737373352,907.554443359375,782.8587646484375,1870.0953369140625,2529.368408203125,0,0,0,0,0,0,0,0,0,0,0,0,0.0747600719332695,0.0453803725540638,0.058571718633174896,0.032607197761535645,0.015532897785305977,0.05037183314561844,0.02579229138791561,0.038604430854320526,0.08183345198631287,0.08210179209709167,0.11069982498884201,0.14611884951591492
99,3.3,,,,insightface_bbox,0.710708737373352,907.554443359375,782.8587646484375,1870.0953369140625,2529.368408203125,0,0,0,0,0,0,0,0,0,0,0,0,0.05916476622223854,0.03571820631623268,0.0451933890581131,0.02630513347685337,0.013722055591642857,0.04091300815343857,0.020452629774808884,0.03419837728142738,0.07406546175479889,0.07297300547361374,0.09039546549320221,0.1248239278793335
100,3.3333333333333335,,,,insightface_bbox,0.710708737373352,907.554443359375,782.8587646484375,1870.0953369140625,2529.368408203125,0,0,0,0,0,0,0,0,0,0,0,0,0.0477156825363636,0.028938455507159233,0.03675828129053116,0.022553138434886932,0.012135753408074379,0.03123524785041809,0.01686275191605091,0.030641427263617516,0.06731951981782913,0.06589784473180771,0.07049398869276047,0.10982903838157654
101,3.3666666666666667,,,,insightface_bbox,0.710708737373352,907.554443359375,782.8587646484375,1870.0953369140625,2529.368408203125,0,0,0,0,0,0,0,0,0,0,0,0,0.0448743961751461,0.02658502198755741,0.03336690366268158,0.020636925473809242,0.0109034962952137,0.026661016047000885,0.014116642065346241,0.02868223562836647,0.06462656706571579,0.06332457065582275,0.06301704049110413,0.10579243302345276
102,3.4,,,,insightface_bbox,0.7185009717941284,913.8739624023438,800.0203247070312,1882.6982421875,2481.341552734375,0,0,0,0,0,0,0,0,0,0,0,0,0.05452179163694382,0.03356821835041046,0.03636055439710617,0.027019858360290527,0.012552510015666485,0.031459420919418335,0.02064340189099312,0.03705025091767311,0.07910431921482086,0.08229836821556091,0.061386119574308395,0.11346910893917084
103,3.433333333333333,,,,insightface_bbox,0.7185009717941284,913.8739624023438,800.0203247070312,1882.6982421875,2481.341552734375,0,0,0,0,0,0,0,0,0,0,0,0,0.056185681372880936,0.03544693440198898,0.03711237758398056,0.03012933023273945,0.013253158889710903,0.03292350471019745,0.023429252207279205,0.03892805054783821,0.08039698004722595,0.0850561112165451,0.06633713096380234,0.11653796583414078
104,3.466666666666667,,,,insightface_bbox,0.7185009717941284,913.8739624023438,800.0203247070312,1882.6982421875,2481.341552734375,0,0,0,0,0,0,0,0,0,0,0,0,0.06502874195575714,0.04165024310350418,0.041947443038225174,0.03410539776086807,0.014687169343233109,0.03809395432472229,0.027255767956376076,0.04111456125974655,0.08315522223711014,0.08950013667345047,0.07927437126636505,0.1267080456018448
105,3.5,,,,insightface_bbox,0.7185009717941284,913.8739624023438,800.0203247070312,1882.6982421875,2481.341552734375,0,0,0,0,0,0,0,0,0,0,0,0,0.06691920757293701,0.04327520355582237,0.04191318526864052,0.03559929132461548,0.015036312863230705,0.03817138448357582,0.028574492782354355,0.041519105434417725,0.08355266600847244,0.09172052890062332,0.08258792757987976,0.1305614411830902
106,3.533333333333333,,,,insightface_bbox,0.7185009717941284,913.8739624023438,800.0203247070312,1882.6982421875,2481.341552734375,0,0,0,0,0,0,0,0,0,0,0,0,0.06687269359827042,0.04277856647968292,0.04191996157169342,0.03611588105559349,0.015157804824411869,0.03839070722460747,0.029190875589847565,0.042361535131931305,0.0855022594332695,0.09294973313808441,0.0813353955745697,0.13207843899726868
107,3.566666666666667,,,,insightface_bbox,0.7185009717941284,913.8739624023438,800.0203247070312,1882.6982421875,2481.341552734375,0,0,0,0,0,0,0,0,0,0,0,0,0.0655410885810852,0.04104363173246384,0.04237779974937439,0.03504868969321251,0.01500549167394638,0.03774419054389,0.027889467775821686,0.041793886572122574,0.08701003342866898,0.09338553994894028,0.07560029625892639,0.1283595860004425
108,3.6,,,,insightface_bbox,0.7031921148300171,913.9110717773438,797.2030639648438,1887.1031494140625,2476.060546875,0,0,0,0,0,0,0,0,0,0,0,0,0.0647490918636322,0.03991241753101349,0.04410037770867348,0.034608032554388046,0.015188540332019329,0.037362318485975266,0.029521238058805466,0.04229387268424034,0.08937884122133255,0.09505531936883926,0.07690025120973587,0.13285839557647705
109,3.6333333333333333,,,,insightface_bbox,0.7031921148300171,913.9110717773438,797.2030639648438,1887.1031494140625,2476.060546875,0,0,0,0,0,0,0,0,0,0,0,0,0.06451524794101715,0.040060438215732574,0.04429943487048149,0.034397199749946594,0.014933081343770027,0.0362103097140789,0.029062023386359215,0.040652547031641006,0.08799473941326141,0.09358824789524078,0.07391773164272308,0.12903273105621338
110,3.6666666666666665,,,,insightface_bbox,0.7031921148300171,913.9110717773438,797.2030639648438,1887.1031494140625,2476.060546875,0,0,0,0,0,0,0,0,0,0,0,0,0.06860245764255524,0.042647089809179306,0.046207983046770096,0.0366145484149456,0.015076853334903717,0.038907796144485474,0.030319537967443466,0.04158516228199005,0.0887703001499176,0.0956830382347107,0.0810614600777626,0.1342335194349289
111,3.7,,,,insightface_bbox,0.7031921148300171,913.9110717773438,797.2030639648438,1887.1031494140625,2476.060546875,0,0,0,0,0,0,0,0,0,0,0,0,0.07029437273740768,0.043469324707984924,0.04838938266038895,0.03715498000383377,0.015172179788351059,0.042007286101579666,0.03011220134794712,0.041723061352968216,0.0879814550280571,0.0950922891497612,0.09428224712610245,0.14080339670181274
112,3.7333333333333334,,,,insightface_bbox,0.7031921148300171,913.9110717773438,797.2030639648438,1887.1031494140625,2476.060546875,0,0,0,0,0,0,0,0,0,0,0,0,0.07219076156616211,0.04510052129626274,0.04923754185438156,0.039061494171619415,0.015356263145804405,0.04223629832267761,0.031057462096214294,0.0426880344748497,0.08802343159914017,0.09724754840135574,0.09293238818645477,0.1398245096206665
113,3.7666666666666666,,,,insightface_bbox,0.7031921148300171,913.9110717773438,797.2030639648438,1887.1031494140625,2476.060546875,0,0,0,0,0,0,0,0,0,0,0,0,0.07876217365264893,0.04822293296456337,0.055951379239559174,0.040838684886693954,0.016339201480150223,0.04882533848285675,0.03275343403220177,0.044992897659540176,0.09268438816070557,0.10114158689975739,0.10642234981060028,0.1536659300327301
114,3.8,,,,insightface_bbox,0.722669243812561,907.5514526367188,793.464111328125,1889.153076171875,2513.67626953125,0,0,0,0,0,0,0,0,0,0,0,0,0.08138462901115417,0.04915464296936989,0.06159304082393646,0.04601359739899635,0.016261251643300056,0.045206841081380844,0.029825016856193542,0.04754631221294403,0.09962563216686249,0.10865311324596405,0.08857812732458115,0.1468333899974823
115,3.8333333333333335,,,,insightface_bbox,0.722669243812561,907.5514526367188,793.464111328125,1889.153076171875,2513.67626953125,0,0,0,0,0,0,0,0,0,0,0,0,0.07615765929222107,0.04617047309875488,0.06002456322312355,0.043439123779535294,0.015346142463386059,0.04309637472033501,0.027080874890089035,0.046320319175720215,0.09512117505073547,0.10266053676605225,0.08826286345720291,0.1395680159330368
116,3.8666666666666667,,,,insightface_bbox,0.722669243812561,907.5514526367188,793.464111328125,1889.153076171875,2513.67626953125,0,0,0,0,0,0,0,0,0,0,0,0,0.07994424551725388,0.0476904958486557,0.0607517808675766,0.04576900601387024,0.01546500064432621,0.044391606003046036,0.02690240554511547,0.048022378236055374,0.09762874245643616,0.10569683462381363,0.09130141139030457,0.14388637244701385
117,3.9,,,,insightface_bbox,0.722669243812561,907.5514526367188,793.464111328125,1889.153076171875,2513.67626953125,0,0,0,0,0,0,0,0,0,0,0,0,0.07885211706161499,0.04644344747066498,0.05811082571744919,0.04230419173836708,0.015266728587448597,0.04565408453345299,0.02723696641623974,0.04770759493112564,0.09399586170911789,0.1030755490064621,0.09737052023410797,0.14345461130142212
118,3.933333333333333,,,,insightface_bbox,0.722669243812561,907.5514526367188,793.464111328125,1889.153076171875,2513.67626953125,0,0,0,0,0,0,0,0,0,0,0,0,0.07767395675182343,0.04652531445026398,0.05698123946785927,0.04312561824917793,0.015278155915439129,0.04189390316605568,0.028356825932860374,0.04663671925663948,0.08850526064634323,0.09256604313850403,0.0908401682972908,0.13173623383045197
119,3.966666666666667,,,,insightface_bbox,0.722669243812561,907.5514526367188,793.464111328125,1889.153076171875,2513.67626953125,0,0,0,0,0,0,0,0,0,0,0,0,0.0681556686758995,0.04143817350268364,0.04457281529903412,0.041500065475702286,0.01640104129910469,0.04267580807209015,0.028659209609031677,0.0485239140689373,0.09707310795783997,0.09937328100204468,0.08603085577487946,0.12479664385318756
120,4.0,,,,insightface_bbox,0.7152755856513977,900.829345703125,807.3690185546875,1880.72412109375,2550.23046875,0,0,0,0,0,0,0,0,0,0,0,0,0.05678369849920273,0.03521423041820526,0.04330741614103317,0.032821621745824814,0.01457558199763298,0.047690048813819885,0.028217889368534088,0.041756413877010345,0.09208203852176666,0.0891168862581253,0.0820842832326889,0.11943724751472473
121,4.033333333333333,,,,insightface_bbox,0.7152755856513977,900.829345703125,807.3690185546875,1880.72412109375,2550.23046875,0,0,0,0,0,0,0,0,0,0,0,0,0.06758268922567368,0.04495460167527199,0.04470677673816681,0.0487930104136467,0.017487019300460815,0.05225902795791626,0.03402223438024521,0.05288926512002945,0.10472501814365387,0.10842503607273102,0.07777239382266998,0.125754252076149
122,4.066666666666666,,,,insightface_bbox,0.7152755856513977,900.829345703125,807.3690185546875,1880.72412109375,2550.23046875,0,0,0,0,0,0,0,0,0,0,0,0,0.07933968305587769,0.05753691866993904,0.05461446940898895,0.06908991932868958,0.017828961834311485,0.05418511480093002,0.0417579747736454,0.06311231851577759,0.10946910083293915,0.1123451367020607,0.08737511932849884,0.13481783866882324
123,4.1,,,,insightface_bbox,0.7152755856513977,900.829345703125,807.3690185546875,1880.72412109375,2550.23046875,0,0,0,0,0,0,0,0,0,0,0,0,0.0733785480260849,0.05274291709065437,0.05008912831544876,0.061583612114191055,0.017237579450011253,0.050207991153001785,0.04127895087003708,0.06052450090646744,0.10346237570047379,0.10715024173259735,0.07058405876159668,0.1236802190542221
124,4.133333333333334,,,,insightface_bbox,0.7152755856513977,900.829345703125,807.3690185546875,1880.72412109375,2550.23046875,0,0,0,0,0,0,0,0,0,0,0,0,0.07810250669717789,0.05953416973352432,0.05061004310846329,0.07455763220787048,0.018273750320076942,0.05194598436355591,0.0514679029583931,0.06939312070608139,0.11423918604850769,0.12156125158071518,0.0697980746626854,0.13034066557884216
125,4.166666666666667,,,,insightface_bbox,0.7152755856513977,900.829345703125,807.3690185546875,1880.72412109375,2550.23046875,0,0,0,0,0,0,0,0,0,0,0,0,0.07392394542694092,0.05748346447944641,0.04617788642644882,0.07198198139667511,0.01841089501976967,0.04823479801416397,0.05254700779914856,0.07076849043369293,0.1181407943367958,0.12167118489742279,0.058012254536151886,0.12303461134433746
126,4.2,,,,insightface_bbox,0.7046018838882446,930.0565185546875,880.8655395507812,1894.20947265625,2582.72314453125,0,0,0,0,0,0,0,0,0,0,0,0,0.07059009373188019,0.05305255204439163,0.06268854439258575,0.06069444119930267,0.015295496210455894,0.04083136469125748,0.03980978578329086,0.07037094980478287,0.11992429196834564,0.0985230952501297,0.044059958308935165,0.10609613358974457
127,4.233333333333333,,,,insightface_bbox,0.7046018838882446,930.0565185546875,880.8655395507812,1894.20947265625,2582.72314453125,0,0,0,0,0,0,0,0,0,0,0,0,0.06623220443725586,0.047593023627996445,0.0645255446434021,0.05060693621635437,0.01382767129689455,0.037674106657505035,0.03672315180301666,0.06503434479236603,0.11644697934389114,0.09241825342178345,0.04721446335315704,0.1060163825750351
128,4.266666666666667,,,,insightface_bbox,0.7046018838882446,930.0565185546875,880.8655395507812,1894.20947265625,2582.72314453125,0,0,0,0,0,0,0,0,0,0,0,0,0.059457868337631226,0.043385401368141174,0.05379080772399902,0.04501563310623169,0.012573675252497196,0.03604668751358986,0.030443688854575157,0.059433192014694214,0.11262655258178711,0.08734475076198578,0.051257308572530746,0.11665794253349304
129,4.3,,,,insightface_bbox,0.7046018838882446,930.0565185546875,880.8655395507812,1894.20947265625,2582.72314453125,0,0,0,0,0,0,0,0,0,0,0,0,0.05478591471910477,0.03892803192138672,0.04483643174171448,0.0381491556763649,0.011558192782104015,0.03146770969033241,0.024934548884630203,0.05340985208749771,0.09676575660705566,0.08207076787948608,0.05632242560386658,0.11474369466304779
130,4.333333333333333,,,,insightface_bbox,0.7046018838882446,930.0565185546875,880.8655395507812,1894.20947265625,2582.72314453125,0,0,0,0,0,0,0,0,0,0,0,0,0.05906020104885101,0.04119807481765747,0.045420099049806595,0.03769747167825699,0.011614613234996796,0.030458969995379448,0.023654203861951828,0.054747097194194794,0.09518568217754364,0.08138901740312576,0.056269824504852295,0.11447194963693619
131,4.366666666666666,,,,insightface_bbox,0.7046018838882446,930.0565185546875,880.8655395507812,1894.20947265625,2582.72314453125,0,0,0,0,0,0,0,0,0,0,0,0,0.05966732278466225,0.04032588005065918,0.04703185707330704,0.033110495656728745,0.0106937475502491,0.027742071077227592,0.022128071635961533,0.05121970176696777,0.09326997399330139,0.08184424787759781,0.04523703455924988,0.0958947017788887
132,4.4,,,,insightface_bbox,0.6892225742340088,956.4058837890625,822.4563598632812,1920.6041259765625,2566.163818359375,0,0,0,0,0,0,0,0,0,0,0,0,0.050962895154953,0.03363802284002304,0.04369532689452171,0.02852155640721321,0.009694317355751991,0.025038551539182663,0.01774667575955391,0.04811079055070877,0.08972959220409393,0.07642544060945511,0.04114523530006409,0.08683066815137863
133,4.433333333333334,,,,insightface_bbox,0.6892225742340088,956.4058837890625,822.4563598632812,1920.6041259765625,2566.163818359375,0,0,0,0,0,0,0,0,0,0,0,0,0.04814108461141586,0.030839141458272934,0.04462234675884247,0.026172136887907982,0.00893832091242075,0.023319557309150696,0.015187500976026058,0.043155476450920105,0.08447800576686859,0.07281685620546341,0.03765542805194855,0.08130431175231934
134,4.466666666666667,,,,insightface_bbox,0.6892225742340088,956.4058837890625,822.4563598632812,1920.6041259765625,2566.163818359375,0,0,0,0,0,0,0,0,0,0,0,0,0.0554313063621521,0.03369118273258209,0.05123430863022804,0.02802245132625103,0.008856049738824368,0.023518811911344528,0.014749797061085701,0.04045528918504715,0.08604803681373596,0.07982680201530457,0.03580353409051895,0.08810519427061081
135,4.5,,,,insightface_bbox,0.6892225742340088,956.4058837890625,822.4563598632812,1920.6041259765625,2566.163818359375,0,0,0,0,0,0,0,0,0,0,0,0,0.052515532821416855,0.03067757748067379,0.05218234658241272,0.02520143613219261,0.007819147780537605,0.02241690084338188,0.012885374017059803,0.03862379491329193,0.0850653201341629,0.08022046089172363,0.0384330190718174,0.09204331785440445
136,4.533333333333333,,,,insightface_bbox,0.6892225742340088,956.4058837890625,822.4563598632812,1920.6041259765625,2566.163818359375,0,0,0,0,0,0,0,0,0,0,0,0,0.046545907855033875,0.02779969945549965,0.051367130130529404,0.024129513651132584,0.007786605507135391,0.02304542064666748,0.01291212160140276,0.03648189455270767,0.08277109265327454,0.07759556919336319,0.04165780544281006,0.09102810174226761
137,4.566666666666666,,,,insightface_bbox,0.6892225742340088,956.4058837890625,822.4563598632812,1920.6041259765625,2566.163818359375,0,0,0,0,0,0,0,0,0,0,0,0,0.042737144976854324,0.025969214737415314,0.03684316202998161,0.022358618676662445,0.008101132698357105,0.022516991943120956,0.013184735551476479,0.03510386124253273,0.07943916320800781,0.07675698399543762,0.03839317709207535,0.08337139338254929
138,4.6,,,,insightface_bbox,0.6894786953926086,965.717529296875,791.80615234375,1925.08349609375,2517.394287109375,0,0,0,0,0,0,0,0,0,0,0,0,0.04292653501033783,0.026870116591453552,0.039171088486909866,0.022691814228892326,0.009117200039327145,0.02237035147845745,0.013832413591444492,0.034469518810510635,0.07811419665813446,0.07243965566158295,0.03508755564689636,0.07945600897073746
139,4.633333333333334,,,,insightface_bbox,0.6894786953926086,965.717529296875,791.80615234375,1925.08349609375,2517.394287109375,0,0,0,0,0,0,0,0,0,0,0,0,0.045056410133838654,0.02791777066886425,0.04126337915658951,0.024647729471325874,0.009789430536329746,0.022211624309420586,0.014681193046271801,0.03636002168059349,0.07966545224189758,0.07018394768238068,0.03664115071296692,0.08316893875598907
140,4.666666666666667,,,,insightface_bbox,0.6894786953926086,965.717529296875,791.80615234375,1925.08349609375,2517.394287109375,0,0,0,0,0,0,0,0,0,0,0,0,0.047361139208078384,0.030085835605859756,0.04137768968939781,0.02908509597182274,0.010710974223911762,0.023355767130851746,0.017479460686445236,0.03823307901620865,0.07979073375463486,0.07231796532869339,0.040025435388088226,0.09040258079767227
141,4.7,,,,insightface_bbox,0.6894786953926086,965.717529296875,791.80615234375,1925.08349609375,2517.394287109375,0,0,0,0,0,0,0,0,0,0,0,0,0.05011363327503204,0.032199710607528687,0.04306403547525406,0.03315743803977966,0.01137385331094265,0.026266023516654968,0.019879799336194992,0.041665710508823395,0.08226630091667175,0.07748422026634216,0.05072437971830368,0.10144595801830292
142,4.733333333333333,,,,insightface_bbox,0.6894786953926086,965.717529296875,791.80615234375,1925.08349609375,2517.394287109375,0,0,0,0,0,0,0,0,0,0,0,0,0.04652548208832741,0.029187791049480438,0.04104343801736832,0.030128788203001022,0.012294157408177853,0.027611106634140015,0.020789599046111107,0.04279250279068947,0.082134909927845,0.07648446410894394,0.05850294232368469,0.10040704160928726
143,4.766666666666667,,,,insightface_bbox,0.6894786953926086,965.717529296875,791.80615234375,1925.08349609375,2517.394287109375,0,0,0,0,0,0,0,0,0,0,0,0,0.045060835778713226,0.028205009177327156,0.041854601353406906,0.027223369106650352,0.011847983114421368,0.028600895777344704,0.019394319504499435,0.03820056468248367,0.07417228817939758,0.06947741657495499,0.07049710303544998,0.10579556226730347
144,4.8,,,,insightface_bbox,0.7331522703170776,937.3134155273438,805.7201538085938,1905.362548828125,2525.063232421875,0,0,0,0,0,0,0,0,0,0,0,0,0.04262479394674301,0.0276329405605793,0.03845852240920067,0.02626655623316765,0.012738114222884178,0.030652306973934174,0.017457805573940277,0.040841639041900635,0.08288905024528503,0.07701772451400757,0.06476384401321411,0.10686229169368744
145,4.833333333333333,,,,insightface_bbox,0.7331522703170776,937.3134155273438,805.7201538085938,1905.362548828125,2525.063232421875,0,0,0,0,0,0,0,0,0,0,0,0,0.04270549863576889,0.02758336253464222,0.03854478523135185,0.026581645011901855,0.012399399653077126,0.030273374170064926,0.01786697842180729,0.04078017920255661,0.08287960290908813,0.07750065624713898,0.06600845605134964,0.10923183709383011
146,4.866666666666666,,,,insightface_bbox,0.7331522703170776,937.3134155273438,805.7201538085938,1905.362548828125,2525.063232421875,0,0,0,0,0,0,0,0,0,0,0,0,0.04340995475649834,0.027926694601774216,0.03889276087284088,0.026539189741015434,0.012714797630906105,0.031748171895742416,0.018488939851522446,0.040926579385995865,0.08246376365423203,0.07734165340662003,0.06886695325374603,0.1116531491279602
147,4.9,,,,insightface_bbox,0.7331522703170776,937.3134155273438,805.7201538085938,1905.362548828125,2525.063232421875,0,0,0,0,0,0,0,0,0,0,0,0,0.04256695881485939,0.027319151908159256,0.03774358332157135,0.02571387030184269,0.012343766167759895,0.029987547546625137,0.018675919622182846,0.03941451013088226,0.08045430481433868,0.07526741921901703,0.06560465693473816,0.10712006688117981
148,4.933333333333334,,,,insightface_bbox,0.7331522703170776,937.3134155273438,805.7201538085938,1905.362548828125,2525.063232421875,0,0,0,0,0,0,0,0,0,0,0,0,0.04490988701581955,0.02891501784324646,0.03874804824590683,0.026855669915676117,0.012312023900449276,0.031364817172288895,0.01881428435444832,0.0415673702955246,0.083747498691082,0.07887005060911179,0.07250146567821503,0.11047445982694626
149,4.966666666666667,,,,insightface_bbox,0.7331522703170776,937.3134155273438,805.7201538085938,1905.362548828125,2525.063232421875,0,0,0,0,0,0,0,0,0,0,0,0,0.046800293028354645,0.030054837465286255,0.03960564732551575,0.02792895771563053,0.012561003677546978,0.03326072171330452,0.019265083596110344,0.04314544051885605,0.08573871850967407,0.08050493150949478,0.07539822161197662,0.11464038491249084
150,5.0,,,,insightface_bbox,0.7323285937309265,921.7222900390625,811.4026489257812,1903.00634765625,2504.64697265625,0,0,0,0,0,0,0,0,0,0,0,0,0.05911020562052727,0.039054401218891144,0.044541675597429276,0.04144268110394478,0.016340289264917374,0.03748372942209244,0.03574904426932335,0.04804733395576477,0.08635006099939346,0.08866600692272186,0.0780901089310646,0.13355697691440582
151,5.033333333333333,,,,insightface_bbox,0.7323285937309265,921.7222900390625,811.4026489257812,1903.00634765625,2504.64697265625,0,0,0,0,0,0,0,0,0,0,0,0,0.06031647324562073,0.04031098634004593,0.04580610990524292,0.041968971490859985,0.01599997840821743,0.03875613212585449,0.036208376288414,0.049164410680532455,0.08797280490398407,0.0904628336429596,0.07896500825881958,0.13186399638652802
152,5.066666666666666,,,,insightface_bbox,0.7323285937309265,921.7222900390625,811.4026489257812,1903.00634765625,2504.64697265625,0,0,0,0,0,0,0,0,0,0,0,0,0.05851229280233383,0.03938973695039749,0.04526994749903679,0.042250122874975204,0.01548838708549738,0.03711977228522301,0.03495458513498306,0.04988277330994606,0.0867333635687828,0.08817649632692337,0.07348670810461044,0.12930218875408173
153,5.1,,,,insightface_bbox,0.7323285937309265,921.7222900390625,811.4026489257812,1903.00634765625,2504.64697265625,0,0,0,0,0,0,0,0,0,0,0,0,0.059198953211307526,0.0395444817841053,0.04608512669801712,0.042081236839294434,0.0149745624512434,0.03926675766706467,0.03454537317156792,0.05005767196416855,0.08847881853580475,0.08993165194988251,0.08005674183368683,0.13700097799301147
154,5.133333333333334,,,,insightface_bbox,0.7323285937309265,921.7222900390625,811.4026489257812,1903.00634765625,2504.64697265625,0,0,0,0,0,0,0,0,0,0,0,0,0.06640811264514923,0.04474327713251114,0.055325623601675034,0.04926326125860214,0.015963630750775337,0.04660707339644432,0.03986526280641556,0.054448097944259644,0.09610991925001144,0.0960521474480629,0.09967894107103348,0.15664251148700714
155,5.166666666666667,,,,insightface_bbox,0.7323285937309265,921.7222900390625,811.4026489257812,1903.00634765625,2504.64697265625,0,0,0,0,0,0,0,0,0,0,0,0,0.07918494939804077,0.05424331873655319,0.07320860028266907,0.06024862825870514,0.016630537807941437,0.057348739355802536,0.04458291083574295,0.0643884688615799,0.11239547282457352,0.1059611588716507,0.11376247555017471,0.17063742876052856
156,5.2,,,,insightface_bbox,0.712091326713562,929.5797729492188,811.2820434570312,1899.5308837890625,2587.575927734375,0,0,0,0,0,0,0,0,0,0,0,0,0.054040294140577316,0.0363738127052784,0.05262201279401779,0.036962129175662994,0.013861865736544132,0.04309499263763428,0.032511137425899506,0.04888153821229935,0.09267973899841309,0.0873364806175232,0.0940174013376236,0.13892030715942383
157,5.233333333333333,,,,insightface_bbox,0.712091326713562,929.5797729492188,811.2820434570312,1899.5308837890625,2587.575927734375,0,0,0,0,0,0,0,0,0,0,0,0,0.056390874087810516,0.037026021629571915,0.05449369549751282,0.0369485542178154,0.013200557790696621,0.04324077069759369,0.031741708517074585,0.047689080238342285,0.0910763069987297,0.08735387772321701,0.0969286561012268,0.13839030265808105
158,5.266666666666667,,,,insightface_bbox,0.712091326713562,929.5797729492188,811.2820434570312,1899.5308837890625,2587.575927734375,0,0,0,0,0,0,0,0,0,0,0,0,0.05358509346842766,0.035564735531806946,0.051906704902648926,0.035275623202323914,0.01315084844827652,0.04208154231309891,0.03039204701781273,0.04644276201725006,0.088780976831913,0.08515813946723938,0.09911466389894485,0.13759376108646393
159,5.3,,,,insightface_bbox,0.712091326713562,929.5797729492188,811.2820434570312,1899.5308837890625,2587.575927734375,0,0,0,0,0,0,0,0,0,0,0,0,0.05353055149316788,0.03608411177992821,0.05158992484211922,0.03652360662817955,0.01360174361616373,0.043468624353408813,0.0314885638654232,0.048548340797424316,0.09208662807941437,0.08810419589281082,0.11306866258382797,0.1505216807126999
160,5.333333333333333,,,,insightface_bbox,0.712091326713562,929.5797729492188,811.2820434570312,1899.5308837890625,2587.575927734375,0,0,0,0,0,0,0,0,0,0,0,0,0.05298259109258652,0.036272741854190826,0.048185184597969055,0.03779241442680359,0.014055677689611912,0.0424371100962162,0.03340814262628555,0.048886869102716446,0.09188566356897354,0.08826866000890732,0.11853955686092377,0.15679249167442322
161,5.366666666666666,,,,insightface_bbox,0.712091326713562,929.5797729492188,811.2820434570312,1899.5308837890625,2587.575927734375,0,0,0,0,0,0,0,0,0,0,0,0,0.05118396133184433,0.03475885093212128,0.045432206243276596,0.03637265786528587,0.014339386485517025,0.04092048481106758,0.03265654295682907,0.04788174480199814,0.08834625780582428,0.08595819771289825,0.1180170327425003,0.1506783366203308
162,5.4,,,,insightface_bbox,0.7212920188903809,936.7210693359375,804.5723266601562,1901.6134033203125,2546.11572265625,0,0,0,0,0,0,0,0,0,0,0,0,0.053008195012807846,0.034941062331199646,0.04917658120393753,0.03315623104572296,0.01261214166879654,0.03394969180226326,0.025231413543224335,0.043322980403900146,0.07855923473834991,0.08038822561502457,0.09362559020519257,0.13053296506404877
163,5.433333333333334,,,,insightface_bbox,0.7212920188903809,936.7210693359375,804.5723266601562,1901.6134033203125,2546.11572265625,0,0,0,0,0,0,0,0,0,0,0,0,0.050527408719062805,0.033136602491140366,0.04578278213739395,0.03104679100215435,0.012330632656812668,0.03250426799058914,0.022935524582862854,0.041085634380578995,0.07419106364250183,0.07555241137742996,0.09447096288204193,0.1232219934463501
164,5.466666666666667,,,,insightface_bbox,0.7212920188903809,936.7210693359375,804.5723266601562,1901.6134033203125,2546.11572265625,0,0,0,0,0,0,0,0,0,0,0,0,0.04936402663588524,0.03299912065267563,0.0434102863073349,0.03191245347261429,0.012812139466404915,0.03332296013832092,0.02377449721097946,0.04213441535830498,0.07343132048845291,0.07547181099653244,0.11124947667121887,0.12925943732261658
165,5.5,,,,insightface_bbox,0.7212920188903809,936.7210693359375,804.5723266601562,1901.6134033203125,2546.11572265625,0,0,0,0,0,0,0,0,0,0,0,0,0.04815850406885147,0.031811732798814774,0.0412977896630764,0.03060334548354149,0.01252101268619299,0.03275599703192711,0.02335304021835327,0.04113001748919487,0.07328404486179352,0.07506270706653595,0.11533999443054199,0.13147452473640442
166,5.533333333333333,,,,insightface_bbox,0.7212920188903809,936.7210693359375,804.5723266601562,1901.6134033203125,2546.11572265625,0,0,0,0,0,0,0,0,0,0,0,0,0.04764963313937187,0.031144000589847565,0.04088877886533737,0.02945474162697792,0.012162528000772,0.032234083861112595,0.022334709763526917,0.0398755818605423,0.0726839005947113,0.0738222599029541,0.11580251157283783,0.1311042308807373
167,5.566666666666666,,,,insightface_bbox,0.7212920188903809,936.7210693359375,804.5723266601562,1901.6134033203125,2546.11572265625,0,0,0,0,0,0,0,0,0,0,0,0,0.048502761870622635,0.03220862150192261,0.04210502281785011,0.03073023445904255,0.012373710051178932,0.032310161739587784,0.022457703948020935,0.04098515212535858,0.07215002924203873,0.07407829910516739,0.12373198568820953,0.13672703504562378
168,5.6,,,,insightface_bbox,0.7428464889526367,925.819091796875,815.732666015625,1902.3817138671875,2528.826904296875,0,0,0,0,0,0,0,0,0,0,0,0,0.05732257664203644,0.039361461997032166,0.04530546814203262,0.03881692513823509,0.015066714957356453,0.037406567484140396,0.03642427548766136,0.04621097445487976,0.07807835191488266,0.08003536611795425,0.11580905318260193,0.15030138194561005
169,5.633333333333334,,,,insightface_bbox,0.7428464889526367,925.819091796875,815.732666015625,1902.3817138671875,2528.826904296875,0,0,0,0,0,0,0,0,0,0,0,0,0.05623051896691322,0.03876963257789612,0.04481842368841171,0.03821539133787155,0.014992001466453075,0.037680137902498245,0.035158783197402954,0.04681126028299332,0.07790759950876236,0.07902546972036362,0.12053344398736954,0.15239916741847992
170,5.666666666666667,,,,insightface_bbox,0.7428464889526367,925.819091796875,815.732666015625,1902.3817138671875,2528.826904296875,0,0,0,0,0,0,0,0,0,0,0,0,0.05660966783761978,0.03918858617544174,0.04522314295172691,0.03898225352168083,0.015039714053273201,0.038105059415102005,0.03595227748155594,0.0473099909722805,0.07799848914146423,0.0798531025648117,0.12276206910610199,0.1538221389055252
171,5.7,,,,insightface_bbox,0.7428464889526367,925.819091796875,815.732666015625,1902.3817138671875,2528.826904296875,0,0,0,0,0,0,0,0,0,0,0,0,0.05790217965841293,0.03966899961233139,0.04617365449666977,0.03865107148885727,0.01522236131131649,0.03833969309926033,0.03667038306593895,0.04706701636314392,0.0785801112651825,0.08070201426744461,0.12215881049633026,0.1548803746700287
172,5.733333333333333,,,,insightface_bbox,0.7428464889526367,925.819091796875,815.732666015625,1902.3817138671875,2528.826904296875,0,0,0,0,0,0,0,0,0,0,0,0,0.05862222611904144,0.03960069641470909,0.04773574322462082,0.03761637210845947,0.015244065783917904,0.038829293102025986,0.03616796061396599,0.04599770903587341,0.0788734182715416,0.08033996820449829,0.12818050384521484,0.15654078125953674
173,5.766666666666667,,,,insightface_bbox,0.7428464889526367,925.819091796875,815.732666015625,1902.3817138671875,2528.826904296875,0,0,0,0,0,0,0,0,0,0,0,0,0.058251988142728806,0.038670044392347336,0.04747767373919487,0.03645974397659302,0.015335611999034882,0.0384388342499733,0.03646770119667053,0.04515718296170235,0.08002609759569168,0.08093500137329102,0.1303444653749466,0.15491308271884918
174,5.8,,,,insightface_bbox,0.7435742020606995,914.7445678710938,808.34326171875,1893.99951171875,2528.3583984375,0,0,0,0,0,0,0,0,0,0,0,0,0.06033892184495926,0.04067481309175491,0.04732321575284004,0.039984360337257385,0.01599268615245819,0.03781795874238014,0.039642080664634705,0.04784548655152321,0.08065982162952423,0.08185755461454391,0.1250023990869522,0.15262052416801453
175,5.833333333333333,,,,insightface_bbox,0.7435742020606995,914.7445678710938,808.34326171875,1893.99951171875,2528.3583984375,0,0,0,0,0,0,0,0,0,0,0,0,0.06678576022386551,0.04536572843790054,0.050037022680044174,0.04428970068693161,0.01688401773571968,0.04058534651994705,0.04652462899684906,0.05139770358800888,0.08460628986358643,0.08771971613168716,0.13400328159332275,0.1599103808403015
176,5.866666666666666,,,,insightface_bbox,0.7435742020606995,914.7445678710938,808.34326171875,1893.99951171875,2528.3583984375,0,0,0,0,0,0,0,0,0,0,0,0,0.06903630495071411,0.04684005677700043,0.05193304270505905,0.04566222056746483,0.01670181378722191,0.04150112718343735,0.04707615077495575,0.051880184561014175,0.08563067018985748,0.08828052133321762,0.1347498595714569,0.16102445125579834
177,5.9,,,,insightface_bbox,0.7435742020606995,914.7445678710938,808.34326171875,1893.99951171875,2528.3583984375,0,0,0,0,0,0,0,0,0,0,0,0,0.06643739342689514,0.04530895873904228,0.04959686100482941,0.04509342834353447,0.017324434593319893,0.04077490046620369,0.0470961257815361,0.050503380596637726,0.08412489295005798,0.08645042777061462,0.12782680988311768,0.15568840503692627
178,5.933333333333334,,,,insightface_bbox,0.7435742020606995,914.7445678710938,808.34326171875,1893.99951171875,2528.3583984375,0,0,0,0,0,0,0,0,0,0,0,0,0.06619226932525635,0.045022718608379364,0.04748392850160599,0.0445706844329834,0.017551058903336525,0.04004926234483719,0.04666020721197128,0.04936404898762703,0.08198004215955734,0.0850023403763771,0.12206882238388062,0.1507921665906906
179,5.966666666666667,,,,insightface_bbox,0.7435742020606995,914.7445678710938,808.34326171875,1893.99951171875,2528.3583984375,0,0,0,0,0,0,0,0,0,0,0,0,0.06340683996677399,0.04334397241473198,0.04573042690753937,0.043171267956495285,0.01751144975423813,0.03909788280725479,0.04531257599592209,0.048026252537965775,0.08009032905101776,0.0830824077129364,0.12033247202634811,0.14732195436954498
180,6.0,,,,insightface_bbox,0.7428811192512512,913.9782104492188,823.3558959960938,1896.6888427734375,2528.610107421875,0,0,0,0,0,0,0,0,0,0,0,0,0.0694531500339508,0.04872152581810951,0.04854529723525047,0.05467960238456726,0.018774528056383133,0.04139019548892975,0.04802756756544113,0.05517546832561493,0.08792538195848465,0.09492821246385574,0.10323382169008255,0.14783263206481934
181,6.033333333333333,,,,insightface_bbox,0.7428811192512512,913.9782104492188,823.3558959960938,1896.6888427734375,2528.610107421875,0,0,0,0,0,0,0,0,0,0,0,0,0.0663616955280304,0.045870862901210785,0.04726042598485947,0.04976537823677063,0.01798262447118759,0.03988173231482506,0.04498977214097977,0.05212879925966263,0.08473894745111465,0.08970826119184494,0.10177943855524063,0.14398029446601868
182,6.066666666666666,,,,insightface_bbox,0.7428811192512512,913.9782104492188,823.3558959960938,1896.6888427734375,2528.610107421875,0,0,0,0,0,0,0,0,0,0,0,0,0.06379140168428421,0.04380565509200096,0.046236347407102585,0.0465141236782074,0.017305385321378708,0.03865405544638634,0.04228547215461731,0.049938593059778214,0.0818084329366684,0.08654803782701492,0.10206181555986404,0.14089561998844147
183,6.1,,,,insightface_bbox,0.7428811192512512,913.9782104492188,823.3558959960938,1896.6888427734375,2528.610107421875,0,0,0,0,0,0,0,0,0,0,0,0,0.06444501876831055,0.04411749169230461,0.046328138560056686,0.047048699110746384,0.017468299716711044,0.03893565759062767,0.04237673804163933,0.050266116857528687,0.08253522962331772,0.08693113178014755,0.1015511155128479,0.14146073162555695
184,6.133333333333334,,,,insightface_bbox,0.7428811192512512,913.9782104492188,823.3558959960938,1896.6888427734375,2528.610107421875,0,0,0,0,0,0,0,0,0,0,0,0,0.06440317630767822,0.043994221836328506,0.04620341584086418,0.04697020724415779,0.017532214522361755,0.038741134107112885,0.04221376031637192,0.05007390305399895,0.08224103599786758,0.08690189570188522,0.10120433568954468,0.1407257318496704
185,6.166666666666667,,,,insightface_bbox,0.7428811192512512,913.9782104492188,823.3558959960938,1896.6888427734375,2528.610107421875,0,0,0,0,0,0,0,0,0,0,0,0,0.06366186589002609,0.043366312980651855,0.045805931091308594,0.04606251418590546,0.017314139753580093,0.03819461911916733,0.04149792343378067,0.04914514720439911,0.08097358793020248,0.08593253791332245,0.09918981045484543,0.13844354450702667
186,6.2,,,,insightface_bbox,0.7514909505844116,917.4562377929688,821.2081909179688,1901.532470703125,2515.505126953125,0,0,0,0,0,0,0,0,0,0,0,0,0.06588786840438843,0.045661114156246185,0.046656396239995956,0.05130897834897041,0.01828484982252121,0.0400790199637413,0.04523761197924614,0.05306359380483627,0.08629553020000458,0.09234216064214706,0.10137517750263214,0.14289629459381104
187,6.233333333333333,,,,insightface_bbox,0.7514909505844116,917.4562377929688,821.2081909179688,1901.532470703125,2515.505126953125,0,0,0,0,0,0,0,0,0,0,0,0,0.06502488255500793,0.04520481452345848,0.04653511196374893,0.05251608043909073,0.018554562702775,0.040193282067775726,0.04633179306983948,0.05357816815376282,0.0871838703751564,0.09435392916202545,0.09848826378583908,0.13949565589427948
188,6.266666666666667,,,,insightface_bbox,0.7514909505844116,917.4562377929688,821.2081909179688,1901.532470703125,2515.505126953125,0,0,0,0,0,0,0,0,0,0,0,0,0.06679666042327881,0.046709299087524414,0.047265250235795975,0.05396230146288872,0.01928282342851162,0.040962789207696915,0.04833249747753143,0.05485896021127701,0.08755811303853989,0.09669768810272217,0.10108442604541779,0.1435175985097885
189,6.3,,,,insightface_bbox,0.7514909505844116,917.4562377929688,821.2081909179688,1901.532470703125,2515.505126953125,0,0,0,0,0,0,0,0,0,0,0,0,0.06677684187889099,0.046250853687524796,0.048193518072366714,0.05325552076101303,0.01873566210269928,0.040700316429138184,0.04689106345176697,0.054370492696762085,0.0855017751455307,0.09584926068782806,0.10336807370185852,0.14249703288078308
190,6.333333333333333,,,,insightface_bbox,0.7514909505844116,917.4562377929688,821.2081909179688,1901.532470703125,2515.505126953125,0,0,0,0,0,0,0,0,0,0,0,0,0.06664984673261642,0.046345166862010956,0.0478084422647953,0.05381327122449875,0.019091079011559486,0.040918122977018356,0.04836994782090187,0.05446817725896835,0.08603662252426147,0.09678259491920471,0.10253951698541641,0.14287126064300537
191,6.366666666666666,,,,insightface_bbox,0.7514909505844116,917.4562377929688,821.2081909179688,1901.532470703125,2515.505126953125,0,0,0,0,0,0,0,0,0,0,0,0,0.0644482970237732,0.044658925384283066,0.04745888710021973,0.0520099513232708,0.018611637875437737,0.0400983951985836,0.04655219987034798,0.05336902290582657,0.08483682572841644,0.09470895677804947,0.09838961064815521,0.13747543096542358
192,6.4,,,,insightface_bbox,0.7278831005096436,901.5408325195312,816.3849487304688,1893.5126953125,2507.15283203125,0,0,0,0,0,0,0,0,0,0,0,0,0.06485269218683243,0.0431516207754612,0.045246485620737076,0.04740587994456291,0.015382792800664902,0.03765232861042023,0.035237133502960205,0.05216607451438904,0.08756767958402634,0.10420724749565125,0.09580443799495697,0.12882457673549652
193,6.433333333333334,,,,insightface_bbox,0.7278831005096436,901.5408325195312,816.3849487304688,1893.5126953125,2507.15283203125,0,0,0,0,0,0,0,0,0,0,0,0,0.06670032441616058,0.04426220431923866,0.04630327969789505,0.04852794110774994,0.015378523617982864,0.0379159078001976,0.035188063979148865,0.05273795872926712,0.0890144407749176,0.1053810864686966,0.09755648672580719,0.1310163289308548
194,6.466666666666667,,,,insightface_bbox,0.7278831005096436,901.5408325195312,816.3849487304688,1893.5126953125,2507.15283203125,0,0,0,0,0,0,0,0,0,0,0,0,0.06803376972675323,0.044485464692115784,0.04689033702015877,0.04976056516170502,0.014882965013384819,0.03780870884656906,0.03266368806362152,0.05298636481165886,0.08854419738054276,0.10407017171382904,0.10357145220041275,0.13398481905460358
195,6.5,,,,insightface_bbox,0.7278831005096436,901.5408325195312,816.3849487304688,1893.5126953125,2507.15283203125,0,0,0,0,0,0,0,0,0,0,0,0,0.0716477632522583,0.04676181823015213,0.048708342015743256,0.05329545587301254,0.015226935967803001,0.03935199975967407,0.03257027268409729,0.05571689084172249,0.0906294584274292,0.10615476220846176,0.11180978268384933,0.13773873448371887
196,6.533333333333333,,,,insightface_bbox,0.7278831005096436,901.5408325195312,816.3849487304688,1893.5126953125,2507.15283203125,0,0,0,0,0,0,0,0,0,0,0,0,0.07290887832641602,0.046400681138038635,0.0512414388358593,0.05235323682427406,0.014655995182693005,0.03937987983226776,0.029716892167925835,0.055704306811094284,0.08974187076091766,0.10359916090965271,0.11953643709421158,0.13725236058235168
197,6.566666666666666,,,,insightface_bbox,0.7278831005096436,901.5408325195312,816.3849487304688,1893.5126953125,2507.15283203125,0,0,0,0,0,0,0,0,0,0,0,0,0.07107135653495789,0.044625382870435715,0.05045662820339203,0.04901838302612305,0.014869781211018562,0.03891024738550186,0.029647093266248703,0.055139265954494476,0.09005187451839447,0.10326378792524338,0.11912994086742401,0.13708442449569702
198,6.6,,,,insightface_bbox,0.736396074295044,898.5926513671875,817.8370361328125,1887.3009033203125,2510.695068359375,0,0,0,0,0,0,0,0,0,0,0,0,0.08305935561656952,0.05491199344396591,0.058268677443265915,0.06011180952191353,0.017434751614928246,0.04492189735174179,0.03955359011888504,0.060256123542785645,0.08946174383163452,0.1106165423989296,0.13343176245689392,0.150215283036232
199,6.633333333333334,,,,insightface_bbox,0.736396074295044,898.5926513671875,817.8370361328125,1887.3009033203125,2510.695068359375,0,0,0,0,0,0,0,0,0,0,0,0,0.08198966085910797,0.05365892872214317,0.05761062726378441,0.05586386099457741,0.017522936686873436,0.0440274216234684,0.03781341388821602,0.059526342898607254,0.09215652197599411,0.11199361085891724,0.1291189193725586,0.14707885682582855
200,6.666666666666667,,,,insightface_bbox,0.736396074295044,898.5926513671875,817.8370361328125,1887.3009033203125,2510.695068359375,0,0,0,0,0,0,0,0,0,0,0,0,0.08992928266525269,0.0609036460518837,0.060425080358982086,0.06212278828024864,0.020139439031481743,0.04913695529103279,0.04784614220261574,0.0647197812795639,0.09700414538383484,0.12163235992193222,0.15554428100585938,0.16923922300338745
201,6.7,,,,insightface_bbox,0.736396074295044,898.5926513671875,817.8370361328125,1887.3009033203125,2510.695068359375,0,0,0,0,0,0,0,0,0,0,0,0,0.08526507019996643,0.05899183452129364,0.05801332741975784,0.06226230412721634,0.0210887398570776,0.05176844447851181,0.049702130258083344,0.06610894203186035,0.09837044775485992,0.12178678810596466,0.1791161149740219,0.17946290969848633
202,6.733333333333333,,,,insightface_bbox,0.736396074295044,898.5926513671875,817.8370361328125,1887.3009033203125,2510.695068359375,0,0,0,0,0,0,0,0,0,0,0,0,0.08623623102903366,0.05959551781415939,0.05530008673667908,0.06235796585679054,0.02114112675189972,0.05295385420322418,0.051304593682289124,0.06643454730510712,0.09827402234077454,0.12082144618034363,0.18504422903060913,0.18618294596672058
203,6.766666666666667,,,,insightface_bbox,0.736396074295044,898.5926513671875,817.8370361328125,1887.3009033203125,2510.695068359375,0,0,0,0,0,0,0,0,0,0,0,0,0.08562669157981873,0.060718175023794174,0.05387628450989723,0.06427013128995895,0.021535605192184448,0.05389389395713806,0.05300311744213104,0.06816814839839935,0.10037031769752502,0.12364064157009125,0.19246496260166168,0.19188305735588074
204,6.8,,,,insightface_bbox,0.7439780235290527,890.3193969726562,836.41796875,1868.5836181640625,2527.259765625,0,0,0,0,0,0,0,0,0,0,0,0,0.08363962918519974,0.06106024608016014,0.06131192296743393,0.07176977396011353,0.02108152210712433,0.0531967356801033,0.051982052624225616,0.062045373022556305,0.09464181214570999,0.10786693543195724,0.1678168624639511,0.1911853402853012
205,6.833333333333333,,,,insightface_bbox,0.7439780235290527,890.3193969726562,836.41796875,1868.5836181640625,2527.259765625,0,0,0,0,0,0,0,0,0,0,0,0,0.09478625655174255,0.06869392842054367,0.0655958279967308,0.0795687660574913,0.022434934973716736,0.0607384517788887,0.05880865454673767,0.0645003393292427,0.09922203421592712,0.1134921982884407,0.19412241876125336,0.21441049873828888
206,6.866666666666666,,,,insightface_bbox,0.7439780235290527,890.3193969726562,836.41796875,1868.5836181640625,2527.259765625,0,0,0,0,0,0,0,0,0,0,0,0,0.10332806408405304,0.07805860042572021,0.07121327519416809,0.0968649685382843,0.022838806733489037,0.07396534830331802,0.06734920293092728,0.07160165160894394,0.10497330874204636,0.1273544728755951,0.21974754333496094,0.2183459997177124
207,6.9,,,,insightface_bbox,0.7439780235290527,890.3193969726562,836.41796875,1868.5836181640625,2527.259765625,0,0,0,0,0,0,0,0,0,0,0,0,0.09803472459316254,0.07397675514221191,0.06760083884000778,0.09125455468893051,0.021247919648885727,0.0726439580321312,0.06500520557165146,0.07018846273422241,0.10671524703502655,0.12454881519079208,0.22019043564796448,0.21707139909267426
208,6.933333333333334,,,,insightface_bbox,0.7439780235290527,890.3193969726562,836.41796875,1868.5836181640625,2527.259765625,0,0,0,0,0,0,0,0,0,0,0,0,0.08867709338665009,0.06598957628011703,0.05789409950375557,0.07891998440027237,0.019876353442668915,0.06269446015357971,0.05370868742465973,0.06253238767385483,0.09777568280696869,0.11411182582378387,0.19268327951431274,0.20107489824295044
209,6.966666666666667,,,,insightface_bbox,0.7439780235290527,890.3193969726562,836.41796875,1868.5836181640625,2527.259765625,0,0,0,0,0,0,0,0,0,0,0,0,0.07920911908149719,0.06112665683031082,0.05277552455663681,0.07389301061630249,0.019342295825481415,0.05769633501768112,0.048652760684490204,0.05953779071569443,0.09402430057525635,0.10951967537403107,0.17023998498916626,0.18856102228164673
210,7.0,,,,insightface_bbox,0.7361618280410767,922.3355102539062,802.4764404296875,1888.4981689453125,2552.1103515625,0,0,0,0,0,0,0,0,0,0,0,0,0.07608141750097275,0.05484599992632866,0.05673045292496681,0.05741554871201515,0.019523985683918,0.05767224356532097,0.053069520741701126,0.05656503513455391,0.09859709441661835,0.09801265597343445,0.18003353476524353,0.18994583189487457
211,7.033333333333333,,,,insightface_bbox,0.7361618280410767,922.3355102539062,802.4764404296875,1888.4981689453125,2552.1103515625,0,0,0,0,0,0,0,0,0,0,0,0,0.07152246683835983,0.050858274102211,0.051662877202034,0.054456621408462524,0.01949097402393818,0.05284613370895386,0.05220116674900055,0.05524428188800812,0.09886983782052994,0.09609659016132355,0.17472444474697113,0.18725521862506866
212,7.066666666666666,,,,insightface_bbox,0.7361618280410767,922.3355102539062,802.4764404296875,1888.4981689453125,2552.1103515625,0,0,0,0,0,0,0,0,0,0,0,0,0.06945563107728958,0.049025122076272964,0.05329087749123573,0.05162409693002701,0.019229033961892128,0.05157138407230377,0.04666677862405777,0.054312463849782944,0.09731955081224442,0.0926721915602684,0.17453047633171082,0.19209058582782745
213,7.1,,,,insightface_bbox,0.7361618280410767,922.3355102539062,802.4764404296875,1888.4981689453125,2552.1103515625,0,0,0,0,0,0,0,0,0,0,0,0,0.0636107549071312,0.04369402676820755,0.04925737529993057,0.04469340667128563,0.016712049022316933,0.046106234192848206,0.03645085543394089,0.04933641850948334,0.09261420369148254,0.088223397731781,0.16018745303153992,0.17833514511585236
214,7.133333333333334,,,,insightface_bbox,0.7361618280410767,922.3355102539062,802.4764404296875,1888.4981689453125,2552.1103515625,0,0,0,0,0,0,0,0,0,0,0,0,0.058320872485637665,0.04017114266753197,0.04770329222083092,0.04061904549598694,0.015183314681053162,0.040113627910614014,0.029975976794958115,0.04408620297908783,0.0812239944934845,0.07658932358026505,0.15467646718025208,0.17278501391410828
215,7.166666666666667,,,,insightface_bbox,0.7361618280410767,922.3355102539062,802.4764404296875,1888.4981689453125,2552.1103515625,0,0,0,0,0,0,0,0,0,0,0,0,0.054953839629888535,0.03784973919391632,0.0461358018219471,0.03777070716023445,0.014190372079610825,0.037355829030275345,0.027186263352632523,0.04138418287038803,0.07684636116027832,0.07256797701120377,0.15079377591609955,0.17352692782878876
216,7.2,,,,insightface_bbox,0.742353081703186,921.3176879882812,822.277587890625,1895.7730712890625,2532.709228515625,0,0,0,0,0,0,0,0,0,0,0,0,0.05735011771321297,0.0412585586309433,0.047846801578998566,0.04264412447810173,0.01756434142589569,0.043143220245838165,0.03601221367716789,0.04886355996131897,0.08754396438598633,0.08322194963693619,0.15009811520576477,0.1703350991010666
217,7.233333333333333,,,,insightface_bbox,0.742353081703186,921.3176879882812,822.277587890625,1895.7730712890625,2532.709228515625,0,0,0,0,0,0,0,0,0,0,0,0,0.06225888058543205,0.046298183500766754,0.050776027143001556,0.050057217478752136,0.0185830220580101,0.04677383601665497,0.040543343871831894,0.05375988781452179,0.09328212589025497,0.09279756247997284,0.1622242033481598,0.18094608187675476
218,7.266666666666667,,,,insightface_bbox,0.742353081703186,921.3176879882812,822.277587890625,1895.7730712890625,2532.709228515625,0,0,0,0,0,0,0,0,0,0,0,0,0.06469020247459412,0.047842055559158325,0.052476271986961365,0.051752083003520966,0.018975304439663887,0.04762967675924301,0.0453648678958416,0.05595713108778,0.09409008920192719,0.09493376314640045,0.1768692135810852,0.18874502182006836
219,7.3,,,,insightface_bbox,0.742353081703186,921.3176879882812,822.277587890625,1895.7730712890625,2532.709228515625,0,0,0,0,0,0,0,0,0,0,0,0,0.06664949655532837,0.048374492675065994,0.052148230373859406,0.05055002495646477,0.019620714709162712,0.04857886582612991,0.04899068921804428,0.05611102655529976,0.09266633540391922,0.09530771523714066,0.1873771697282791,0.19163402915000916
220,7.333333333333333,,,,insightface_bbox,0.742353081703186,921.3176879882812,822.277587890625,1895.7730712890625,2532.709228515625,0,0,0,0,0,0,0,0,0,0,0,0,0.07355368137359619,0.05308299511671066,0.055932410061359406,0.055250879377126694,0.019911501556634903,0.05342666059732437,0.05506749451160431,0.05967683345079422,0.09639309346675873,0.1015760600566864,0.2066294550895691,0.2015712559223175
221,7.366666666666666,,,,insightface_bbox,0.742353081703186,921.3176879882812,822.277587890625,1895.7730712890625,2532.709228515625,0,0,0,0,0,0,0,0,0,0,0,0,0.07899194955825806,0.05693318322300911,0.057783037424087524,0.06105820834636688,0.02040012553334236,0.05693785473704338,0.05944307520985603,0.06308258324861526,0.10019665956497192,0.10787875205278397,0.21318303048610687,0.20615434646606445
222,7.4,,,,insightface_bbox,0.7346007823944092,919.0877075195312,800.7901000976562,1895.771728515625,2543.93212890625,0,0,0,0,0,0,0,0,0,0,0,0,0.08172793686389923,0.058323707431554794,0.05880372226238251,0.06559820473194122,0.020367270335555077,0.05883000046014786,0.058222696185112,0.0623018704354763,0.10137315839529037,0.1088290736079216,0.19233977794647217,0.20045563578605652
223,7.433333333333334,,,,insightface_bbox,0.7346007823944092,919.0877075195312,800.7901000976562,1895.771728515625,2543.93212890625,0,0,0,0,0,0,0,0,0,0,0,0,0.05833351984620094,0.04286107420921326,0.043649956583976746,0.04811910539865494,0.019048605114221573,0.04305865988135338,0.05029191076755524,0.05651883780956268,0.09378626197576523,0.09735555946826935,0.1420191079378128,0.17882181704044342
224,7.466666666666667,,,,insightface_bbox,0.7346007823944092,919.0877075195312,800.7901000976562,1895.771728515625,2543.93212890625,0,0,0,0,0,0,0,0,0,0,0,0,0.05699204280972481,0.040361545979976654,0.0452040433883667,0.046301115304231644,0.013929242268204689,0.03512363135814667,0.02547316998243332,0.046843308955430984,0.07700026035308838,0.08402533084154129,0.08454523980617523,0.1322118043899536
225,7.5,,,,insightface_bbox,0.7346007823944092,919.0877075195312,800.7901000976562,1895.771728515625,2543.93212890625,0,0,0,0,0,0,0,0,0,0,0,0,0.061313070356845856,0.042938120663166046,0.04510711133480072,0.04889164865016937,0.013417160138487816,0.03730711340904236,0.025426344946026802,0.054698169231414795,0.08112753927707672,0.0941515788435936,0.09798873960971832,0.137038916349411
226,7.533333333333333,,,,insightface_bbox,0.7346007823944092,919.0877075195312,800.7901000976562,1895.771728515625,2543.93212890625,0,0,0,0,0,0,0,0,0,0,0,0,0.07321276515722275,0.05165553838014603,0.05217282101511955,0.062147632241249084,0.013616207055747509,0.04147616773843765,0.029277855530381203,0.06396625936031342,0.09040024876594543,0.11323237419128418,0.11090248078107834,0.15514357388019562
227,7.566666666666666,,,,insightface_bbox,0.7346007823944092,919.0877075195312,800.7901000976562,1895.771728515625,2543.93212890625,0,0,0,0,0,0,0,0,0,0,0,0,0.0721626803278923,0.049891915172338486,0.04665009304881096,0.056727588176727295,0.015281816944479942,0.040169451385736465,0.03241126984357834,0.06304050981998444,0.09504184126853943,0.10815676301717758,0.09714782238006592,0.1543157398700714
228,7.6,,,,insightface_bbox,0.6989508867263794,952.6492309570312,788.0787353515625,1923.0294189453125,2512.05810546875,0,0,0,0,0,0,0,0,0,0,0,0,0.06295953691005707,0.04548800736665726,0.04574745148420334,0.05083422735333443,0.015666469931602478,0.03997469320893288,0.030017849057912827,0.056728847324848175,0.08652046322822571,0.08932799100875854,0.1370215117931366,0.16684558987617493
229,7.633333333333334,,,,insightface_bbox,0.6989508867263794,952.6492309570312,788.0787353515625,1923.0294189453125,2512.05810546875,0,0,0,0,0,0,0,0,0,0,0,0,0.05039021745324135,0.035434164106845856,0.04120746999979019,0.03504440560936928,0.014726310968399048,0.033425383269786835,0.023789960891008377,0.0430731326341629,0.0746503546833992,0.07383505254983902,0.12358888238668442,0.14981946349143982
230,7.666666666666667,,,,insightface_bbox,0.6989508867263794,952.6492309570312,788.0787353515625,1923.0294189453125,2512.05810546875,0,0,0,0,0,0,0,0,0,0,0,0,0.054736822843551636,0.03826569393277168,0.046234164386987686,0.03727889806032181,0.015794819220900536,0.0369618684053421,0.026706255972385406,0.04777338728308678,0.08002616465091705,0.08017171919345856,0.13634854555130005,0.15314704179763794
231,7.7,,,,insightface_bbox,0.6989508867263794,952.6492309570312,788.0787353515625,1923.0294189453125,2512.05810546875,0,0,0,0,0,0,0,0,0,0,0,0,0.060452841222286224,0.042935751378536224,0.04939235374331474,0.04543250426650047,0.017995411530137062,0.041291896253824234,0.0349571630358696,0.05480341613292694,0.08838392049074173,0.09144119173288345,0.1423792839050293,0.1697176694869995
232,7.733333333333333,,,,insightface_bbox,0.6989508867263794,952.6492309570312,788.0787353515625,1923.0294189453125,2512.05810546875,0,0,0,0,0,0,0,0,0,0,0,0,0.05972110480070114,0.041597530245780945,0.047848377376794815,0.04449429363012314,0.018918432295322418,0.040712907910346985,0.03718983009457588,0.05489472299814224,0.09105588495731354,0.09220827370882034,0.1371351182460785,0.16315957903862
233,7.766666666666667,,,,insightface_bbox,0.6989508867263794,952.6492309570312,788.0787353515625,1923.0294189453125,2512.05810546875,0,0,0,0,0,0,0,0,0,0,0,0,0.058235734701156616,0.03957517445087433,0.047300130128860474,0.04122310131788254,0.01865575648844242,0.03993018716573715,0.03643638268113136,0.05369454622268677,0.08925393223762512,0.08987930417060852,0.13694432377815247,0.1576346904039383
234,7.8,,,,insightface_bbox,0.740817666053772,924.7891235351562,820.7828979492188,1912.2366943359375,2503.25048828125,0,0,0,0,0,0,0,0,0,0,0,0,0.06102257966995239,0.04440706968307495,0.04807068407535553,0.05518972873687744,0.017987053841352463,0.0410776361823082,0.03553161397576332,0.05814624950289726,0.08544549345970154,0.10027503967285156,0.11495105177164078,0.13632355630397797
235,7.833333333333333,,,,insightface_bbox,0.740817666053772,924.7891235351562,820.7828979492188,1912.2366943359375,2503.25048828125,0,0,0,0,0,0,0,0,0,0,0,0,0.05587437003850937,0.04016665741801262,0.04558614641427994,0.046700913459062576,0.01737229712307453,0.0385936014354229,0.03445536643266678,0.05461820960044861,0.08101272583007812,0.094266876578331,0.11229128390550613,0.13176816701889038
236,7.866666666666666,,,,insightface_bbox,0.740817666053772,924.7891235351562,820.7828979492188,1912.2366943359375,2503.25048828125,0,0,0,0,0,0,0,0,0,0,0,0,0.05699295550584793,0.04080744460225105,0.04540592059493065,0.04726201295852661,0.016581038013100624,0.038011692464351654,0.03220604360103607,0.05502281337976456,0.0818915069103241,0.09657933562994003,0.10762426257133484,0.1293845772743225
237,7.9,,,,insightface_bbox,0.740817666053772,924.7891235351562,820.7828979492188,1912.2366943359375,2503.25048828125,0,0,0,0,0,0,0,0,0,0,0,0,0.06505745649337769,0.04653080552816391,0.05198489874601364,0.05447455495595932,0.016680967062711716,0.04043107479810715,0.03270018473267555,0.05869270861148834,0.0840906947851181,0.09976541996002197,0.11377912759780884,0.13462844491004944
238,7.933333333333334,,,,insightface_bbox,0.740817666053772,924.7891235351562,820.7828979492188,1912.2366943359375,2503.25048828125,0,0,0,0,0,0,0,0,0,0,0,0,0.07040330767631531,0.04989195987582207,0.05558859929442406,0.05700502172112465,0.016155656427145004,0.040728408843278885,0.03072356805205345,0.05678297579288483,0.0816301628947258,0.09876014292240143,0.11145064234733582,0.13101299107074738
239,7.966666666666667,,,,insightface_bbox,0.740817666053772,924.7891235351562,820.7828979492188,1912.2366943359375,2503.25048828125,0,0,0,0,0,0,0,0,0,0,0,0,0.07394134998321533,0.05198315531015396,0.057568520307540894,0.06042502820491791,0.016392111778259277,0.04150237888097763,0.030795345082879066,0.056489452719688416,0.0809665322303772,0.0996120274066925,0.11059277504682541,0.13139556348323822
240,8.0,,,,insightface_bbox,0.7280791997909546,912.5067138671875,795.0162963867188,1901.595703125,2509.715087890625,0,0,0,0,0,0,0,0,0,0,0,0,0.07588425278663635,0.053247079253196716,0.057736948132514954,0.06282728910446167,0.016069773584604263,0.04203643649816513,0.03266403079032898,0.05782300606369972,0.07997068762779236,0.1037357822060585,0.1069113239645958,0.13173110783100128
241,8.033333333333333,,,,insightface_bbox,0.7280791997909546,912.5067138671875,795.0162963867188,1901.595703125,2509.715087890625,0,0,0,0,0,0,0,0,0,0,0,0,0.07226486504077911,0.04936227947473526,0.054857175797224045,0.05725909024477005,0.014469311572611332,0.038718849420547485,0.02781885862350464,0.05317468196153641,0.07706655561923981,0.09849406778812408,0.09728328138589859,0.12015154957771301
242,8.066666666666666,,,,insightface_bbox,0.7280791997909546,912.5067138671875,795.0162963867188,1901.595703125,2509.715087890625,0,0,0,0,0,0,0,0,0,0,0,0,0.06879288703203201,0.0461578406393528,0.05386563390493393,0.05279029160737991,0.013730097562074661,0.036998555064201355,0.026101840659976006,0.05081532523036003,0.07556750625371933,0.09532910585403442,0.0932026356458664,0.11877813190221786
243,8.1,,,,insightface_bbox,0.7280791997909546,912.5067138671875,795.0162963867188,1901.595703125,2509.715087890625,0,0,0,0,0,0,0,0,0,0,0,0,0.07085240632295609,0.04718936234712601,0.05539950355887413,0.05316103994846344,0.013799445703625679,0.03742456063628197,0.026344094425439835,0.05101225525140762,0.0768386498093605,0.09668733179569244,0.0921468585729599,0.11957456171512604
244,8.133333333333333,,,,insightface_bbox,0.7280791997909546,912.5067138671875,795.0162963867188,1901.595703125,2509.715087890625,0,0,0,0,0,0,0,0,0,0,0,0,0.07021599262952805,0.04745608568191528,0.055321235209703445,0.05278272181749344,0.013673203065991402,0.036993108689785004,0.026069199666380882,0.05128767341375351,0.07858070731163025,0.09900413453578949,0.09063996374607086,0.1206265389919281
245,8.166666666666666,,,,insightface_bbox,0.7280791997909546,912.5067138671875,795.0162963867188,1901.595703125,2509.715087890625,0,0,0,0,0,0,0,0,0,0,0,0,0.07295316457748413,0.050506591796875,0.05805470421910286,0.057950910180807114,0.013885590247809887,0.03840480372309685,0.027286550030112267,0.05442095547914505,0.08256158977746964,0.10338251292705536,0.09315755218267441,0.12671099603176117
246,8.2,,,,insightface_bbox,0.7352345585823059,912.4715576171875,808.9361572265625,1906.801513671875,2509.995361328125,0,0,0,0,0,0,0,0,0,0,0,0,0.060712847858667374,0.0392836295068264,0.05045926570892334,0.040036704391241074,0.011329240165650845,0.03313277289271355,0.020325500518083572,0.04593844711780548,0.08072637021541595,0.09590721130371094,0.08263882994651794,0.11321570724248886
247,8.233333333333333,,,,insightface_bbox,0.7352345585823059,912.4715576171875,808.9361572265625,1906.801513671875,2509.995361328125,0,0,0,0,0,0,0,0,0,0,0,0,0.06031746417284012,0.03946106135845184,0.04819021373987198,0.041338805109262466,0.010998080484569073,0.032330222427845,0.019525626674294472,0.04568988457322121,0.08253990858793259,0.1005377471446991,0.0763920322060585,0.1117018312215805
248,8.266666666666667,,,,insightface_bbox,0.7352345585823059,912.4715576171875,808.9361572265625,1906.801513671875,2509.995361328125,0,0,0,0,0,0,0,0,0,0,0,0,0.05723590403795242,0.03748009353876114,0.044487982988357544,0.03931993618607521,0.010651041753590107,0.031005462631583214,0.019058531150221825,0.044355764985084534,0.08256972581148148,0.10069720447063446,0.06866608560085297,0.10582809150218964
249,8.3,,,,insightface_bbox,0.7352345585823059,912.4715576171875,808.9361572265625,1906.801513671875,2509.995361328125,0,0,0,0,0,0,0,0,0,0,0,0,0.055997006595134735,0.0363311730325222,0.0434977225959301,0.03626479208469391,0.010302048176527023,0.030268236994743347,0.0187669824808836,0.04245683550834656,0.08224713802337646,0.09874588996171951,0.06634420901536942,0.1033172681927681
250,8.333333333333334,,,,insightface_bbox,0.7352345585823059,912.4715576171875,808.9361572265625,1906.801513671875,2509.995361328125,0,0,0,0,0,0,0,0,0,0,0,0,0.05464724451303482,0.03511291742324829,0.0434044785797596,0.034231577068567276,0.010072392411530018,0.029706710949540138,0.018193533644080162,0.04108285903930664,0.08323822915554047,0.09900457412004471,0.06391043961048126,0.1014103889465332
251,8.366666666666667,,,,insightface_bbox,0.7352345585823059,912.4715576171875,808.9361572265625,1906.801513671875,2509.995361328125,0,0,0,0,0,0,0,0,0,0,0,0,0.056256819516420364,0.03519057855010033,0.04507800191640854,0.032640501856803894,0.01016656868159771,0.030278440564870834,0.018140720203518867,0.039761681109666824,0.0813891813158989,0.09527872502803802,0.07106560468673706,0.10441997647285461
252,8.4,,,,insightface_bbox,0.7262937426567078,908.0052490234375,802.0809326171875,1893.0235595703125,2493.192626953125,0,0,0,0,0,0,0,0,0,0,0,0,0.06919784098863602,0.04911775141954422,0.056565698236227036,0.05183887481689453,0.013007640838623047,0.03671440854668617,0.02600841596722603,0.05278349295258522,0.08312180638313293,0.10620331764221191,0.0770229920744896,0.12251026183366776
253,8.433333333333334,,,,insightface_bbox,0.7262937426567078,908.0052490234375,802.0809326171875,1893.0235595703125,2493.192626953125,0,0,0,0,0,0,0,0,0,0,0,0,0.06484335660934448,0.04589540511369705,0.054198071360588074,0.04896166920661926,0.011972161009907722,0.034455105662345886,0.023942213505506516,0.04956097900867462,0.07925231754779816,0.1017419844865799,0.07153654843568802,0.11695500463247299
254,8.466666666666667,,,,insightface_bbox,0.7262937426567078,908.0052490234375,802.0809326171875,1893.0235595703125,2493.192626953125,0,0,0,0,0,0,0,0,0,0,0,0,0.06128769740462303,0.041953906416893005,0.05293937027454376,0.042894378304481506,0.011517558246850967,0.03277076780796051,0.021837159991264343,0.04643600806593895,0.07605145871639252,0.09487107396125793,0.0655212253332138,0.11048462986946106
255,8.5,,,,insightface_bbox,0.7262937426567078,908.0052490234375,802.0809326171875,1893.0235595703125,2493.192626953125,0,0,0,0,0,0,0,0,0,0,0,0,0.05921390652656555,0.04049807786941528,0.05133913457393646,0.038985781371593475,0.011911243200302124,0.03235010802745819,0.021366609260439873,0.0439307875931263,0.0720900371670723,0.08594248443841934,0.07422376424074173,0.11688084900379181
256,8.533333333333333,,,,insightface_bbox,0.7262937426567078,908.0052490234375,802.0809326171875,1893.0235595703125,2493.192626953125,0,0,0,0,0,0,0,0,0,0,0,0,0.05777056887745857,0.03838362544775009,0.04790026694536209,0.03571991249918938,0.011418833397328854,0.03186536207795143,0.020527400076389313,0.04170747473835945,0.07206815481185913,0.08456984162330627,0.06123552471399307,0.10900868475437164
257,8.566666666666666,,,,insightface_bbox,0.7262937426567078,908.0052490234375,802.0809326171875,1893.0235595703125,2493.192626953125,0,0,0,0,0,0,0,0,0,0,0,0,0.056520067155361176,0.037874408066272736,0.04503241926431656,0.03501365706324577,0.01160426251590252,0.03154889866709709,0.020396996289491653,0.04060475528240204,0.06948222219944,0.08244726061820984,0.06538939476013184,0.10918328166007996
258,8.6,,,,insightface_bbox,0.7450249791145325,927.4083251953125,792.0528564453125,1901.12841796875,2538.1015625,0,0,0,0,0,0,0,0,0,0,0,0,0.05011545494198799,0.03316406533122063,0.041493117809295654,0.027525410056114197,0.012186404317617416,0.0288517028093338,0.021303946152329445,0.03452335670590401,0.06035055220127106,0.06875688582658768,0.08698116987943649,0.11497774720191956
259,8.633333333333333,,,,insightface_bbox,0.7450249791145325,927.4083251953125,792.0528564453125,1901.12841796875,2538.1015625,0,0,0,0,0,0,0,0,0,0,0,0,0.05073362588882446,0.03354356810450554,0.042930975556373596,0.02819827012717724,0.012648498639464378,0.030782360583543777,0.02236815355718136,0.03585724160075188,0.06197698041796684,0.06967517733573914,0.09879468381404877,0.12499765306711197
260,8.666666666666666,,,,insightface_bbox,0.7450249791145325,927.4083251953125,792.0528564453125,1901.12841796875,2538.1015625,0,0,0,0,0,0,0,0,0,0,0,0,0.04874264821410179,0.03163928538560867,0.04133491963148117,0.025947555899620056,0.01243344135582447,0.030498476698994637,0.0206674262881279,0.034792836755514145,0.061355624347925186,0.06704383343458176,0.10051366686820984,0.12035165727138519
261,8.7,,,,insightface_bbox,0.7450249791145325,927.4083251953125,792.0528564453125,1901.12841796875,2538.1015625,0,0,0,0,0,0,0,0,0,0,0,0,0.049779411405324936,0.03129320219159126,0.03963557630777359,0.024378590285778046,0.01205754280090332,0.029665453359484673,0.019689440727233887,0.033466633409261703,0.05997433513402939,0.0664631575345993,0.10881922394037247,0.12341354787349701
262,8.733333333333333,,,,insightface_bbox,0.7450249791145325,927.4083251953125,792.0528564453125,1901.12841796875,2538.1015625,0,0,0,0,0,0,0,0,0,0,0,0,0.05322999879717827,0.03326351195573807,0.04248436167836189,0.025736860930919647,0.012772354297339916,0.032245904207229614,0.019827991724014282,0.0344524122774601,0.0607190877199173,0.0663660317659378,0.11116638779640198,0.13218513131141663
263,8.766666666666667,,,,insightface_bbox,0.7450249791145325,927.4083251953125,792.0528564453125,1901.12841796875,2538.1015625,0,0,0,0,0,0,0,0,0,0,0,0,0.053215332329273224,0.033271122723817825,0.04318688437342644,0.025725962594151497,0.012587989680469036,0.031098416075110435,0.018473558127880096,0.03301847726106644,0.0588301382958889,0.06329649686813354,0.10119128227233887,0.12990212440490723
264,8.8,,,,insightface_bbox,0.7396461963653564,942.9022827148438,789.3640747070312,1905.5142822265625,2580.746826171875,0,0,0,0,0,0,0,0,0,0,0,0,0.05274679511785507,0.03530874475836754,0.044259000569581985,0.03176162764430046,0.013651879504323006,0.03142140060663223,0.019918207079172134,0.03431905433535576,0.06009357050061226,0.062092870473861694,0.08170922100543976,0.12844286859035492
265,8.833333333333334,,,,insightface_bbox,0.7396461963653564,942.9022827148438,789.3640747070312,1905.5142822265625,2580.746826171875,0,0,0,0,0,0,0,0,0,0,0,0,0.05507533997297287,0.03592612221837044,0.04898079112172127,0.0330166295170784,0.013388833962380886,0.03298146277666092,0.019985217601060867,0.03499621897935867,0.06590455025434494,0.06609977036714554,0.07776878774166107,0.12236864119768143
266,8.866666666666667,,,,insightface_bbox,0.7396461963653564,942.9022827148438,789.3640747070312,1905.5142822265625,2580.746826171875,0,0,0,0,0,0,0,0,0,0,0,0,0.058617524802684784,0.03772972151637077,0.053353190422058105,0.034792691469192505,0.013249478302896023,0.03572864085435867,0.019192762672901154,0.037070054560899734,0.07048339396715164,0.06892231851816177,0.0943852961063385,0.12608925998210907
267,8.9,,,,insightface_bbox,0.7396461963653564,942.9022827148438,789.3640747070312,1905.5142822265625,2580.746826171875,0,0,0,0,0,0,0,0,0,0,0,0,0.060096919536590576,0.03868257999420166,0.057824015617370605,0.03493911027908325,0.012833595275878906,0.03436805307865143,0.017573924735188484,0.03735194355249405,0.06882405281066895,0.06754378974437714,0.09040412306785583,0.12134912610054016
268,8.933333333333334,,,,insightface_bbox,0.7396461963653564,942.9022827148438,789.3640747070312,1905.5142822265625,2580.746826171875,0,0,0,0,0,0,0,0,0,0,0,0,0.05536437779664993,0.03581073880195618,0.05130346119403839,0.032564837485551834,0.012490772642195225,0.032302021980285645,0.016937127336859703,0.03463323414325714,0.0634424090385437,0.06454835087060928,0.07926147431135178,0.11383701860904694
269,8.966666666666667,,,,insightface_bbox,0.7396461963653564,942.9022827148438,789.3640747070312,1905.5142822265625,2580.746826171875,0,0,0,0,0,0,0,0,0,0,0,0,0.05140103027224541,0.033465951681137085,0.0451103039085865,0.03104349598288536,0.012355942279100418,0.03009042702615261,0.0168430395424366,0.03318566083908081,0.060241952538490295,0.06321893632411957,0.0755835771560669,0.1119828075170517
270,9.0,,,,insightface_bbox,0.7299035787582397,940.8433227539062,783.6505737304688,1904.0626220703125,2518.176513671875,0,0,0,0,0,0,0,0,0,0,0,0,0.04783716797828674,0.031031595543026924,0.040560588240623474,0.028396662324666977,0.011812354438006878,0.027402207255363464,0.015507115051150322,0.031640730798244476,0.056791722774505615,0.06262660026550293,0.06626656651496887,0.10390804708003998
271,9.033333333333333,,,,insightface_bbox,0.7299035787582397,940.8433227539062,783.6505737304688,1904.0626220703125,2518.176513671875,0,0,0,0,0,0,0,0,0,0,0,0,0.04954371228814125,0.031830668449401855,0.04289963096380234,0.02913179248571396,0.011723767966032028,0.02833637222647667,0.015628967434167862,0.03256992995738983,0.05745160952210426,0.06414944678544998,0.07046801596879959,0.10576388239860535
272,9.066666666666666,,,,insightface_bbox,0.7299035787582397,940.8433227539062,783.6505737304688,1904.0626220703125,2518.176513671875,0,0,0,0,0,0,0,0,0,0,0,0,0.047809481620788574,0.030997954308986664,0.04207230731844902,0.028577055782079697,0.01185083668678999,0.028175069019198418,0.01578417606651783,0.03312560170888901,0.0580681711435318,0.06449897587299347,0.0703655332326889,0.10615548491477966
273,9.1,,,,insightface_bbox,0.7299035787582397,940.8433227539062,783.6505737304688,1904.0626220703125,2518.176513671875,0,0,0,0,0,0,0,0,0,0,0,0,0.04742757976055145,0.031091652810573578,0.0408504456281662,0.028981316834688187,0.012249164283275604,0.028152313083410263,0.016566984355449677,0.03354528173804283,0.05872173234820366,0.06532253324985504,0.06890880316495895,0.10642838478088379
274,9.133333333333333,,,,insightface_bbox,0.7299035787582397,940.8433227539062,783.6505737304688,1904.0626220703125,2518.176513671875,0,0,0,0,0,0,0,0,0,0,0,0,0.04648449271917343,0.0308518186211586,0.03868510201573372,0.02916232869029045,0.012571737170219421,0.02809077687561512,0.017716649919748306,0.034310489892959595,0.05962073430418968,0.06586766242980957,0.06587125360965729,0.10537242889404297
