frame_idx,frame_time_in_ms,pitch,yaw,roll,face_alignment_method,face_detection_score,face_bbox_xmin,face_bbox_ymin,face_bbox_xmax,face_bbox_ymax,au_1,au_2,au_4,au_6,au_7,au_10,au_12,au_14,au_15,au_17,au_23,au_24,au_1_intensity,au_2_intensity,au_4_intensity,au_5_intensity,au_6_intensity,au_9_intensity,au_12_intensity,au_15_intensity,au_17_intensity,au_20_intensity,au_25_intensity,au_26_intensity
0,0.0,,,,insightface_bbox,0.683850884437561,0.0,706.5237426757812,685.414306640625,2403.607421875,1,0,1,0,0,0,0,0,0,1,0,0,0.06831832975149155,0.03107680194079876,0.8393767476081848,0.02284274250268936,0.008044663816690445,0.020282290875911713,0.006804310251027346,0.034209243953228,0.07067446410655975,0.051722247153520584,0.021278278902173042,0.03908218443393707
1,0.03333333333333333,,,,insightface_bbox,0.683850884437561,0.0,706.5237426757812,685.414306640625,2403.607421875,0,0,1,0,0,0,0,0,0,1,0,0,0.05734911561012268,0.03314489126205444,0.7130798697471619,0.030776511877775192,0.010651507414877415,0.022754069417715073,0.009503569453954697,0.04354074224829674,0.08635297417640686,0.055559009313583374,0.0318349227309227,0.04919276386499405
2,0.06666666666666667,,,,insightface_bbox,0.683850884437561,0.0,706.5237426757812,685.414306640625,2403.607421875,0,0,1,0,0,0,0,0,0,1,0,0,0.05752509459853172,0.03656764328479767,0.5684651136398315,0.0416191965341568,0.012004513293504715,0.026341306045651436,0.011532646603882313,0.050308745354413986,0.0806175246834755,0.05768314749002457,0.06221313029527664,0.07162214070558548
3,0.1,,,,insightface_bbox,0.683850884437561,0.0,706.5237426757812,685.414306640625,2403.607421875,0,0,1,0,0,0,0,0,0,1,0,0,0.05316256731748581,0.03502789884805679,0.5475043058395386,0.038539256900548935,0.01147831603884697,0.024681081995368004,0.012116055935621262,0.048767853528261185,0.07735142111778259,0.05672892555594444,0.06131162866950035,0.07297056913375854
4,0.13333333333333333,,,,insightface_bbox,0.683850884437561,0.0,706.5237426757812,685.414306640625,2403.607421875,0,0,1,0,0,0,0,0,0,1,0,0,0.055203862488269806,0.03735489398241043,0.5392746925354004,0.043168820440769196,0.012354439124464989,0.026516955345869064,0.013101819902658463,0.05122927576303482,0.07738308608531952,0.05915707349777222,0.06798572838306427,0.07836755365133286
5,0.16666666666666666,,,,insightface_bbox,0.683850884437561,0.0,706.5237426757812,685.414306640625,2403.607421875,0,0,1,0,0,0,0,0,0,1,0,0,0.05424950271844864,0.03794784098863602,0.5281103849411011,0.044378623366355896,0.01321496069431305,0.027233507484197617,0.014702635817229748,0.05419280752539635,0.08125291019678116,0.06240122765302658,0.07400327175855637,0.08563371002674103
6,0.2,,,,insightface_bbox,0.6835752129554749,0.0,672.0621948242188,692.517822265625,2415.82763671875,0,0,1,0,0,0,0,0,0,0,0,0,0.05822848901152611,0.04352899268269539,0.571785032749176,0.05785411223769188,0.014322049915790558,0.030180111527442932,0.017546191811561584,0.05239945277571678,0.07859579473733902,0.06339839845895767,0.08974133431911469,0.10229553282260895
7,0.23333333333333334,,,,insightface_bbox,0.6835752129554749,0.0,672.0621948242188,692.517822265625,2415.82763671875,0,0,1,0,0,0,0,0,0,0,0,0,0.05832601711153984,0.04483744502067566,0.5712243318557739,0.06326484680175781,0.013915373012423515,0.030609261244535446,0.01741161197423935,0.04932628571987152,0.07528053969144821,0.06246185302734375,0.10198347270488739,0.1084340438246727
8,0.26666666666666666,,,,insightface_bbox,0.6835752129554749,0.0,672.0621948242188,692.517822265625,2415.82763671875,0,0,1,0,0,0,0,0,0,0,0,0,0.058938488364219666,0.045234449207782745,0.5752767324447632,0.06382201611995697,0.013968050479888916,0.03111918643116951,0.017589397728443146,0.04947847127914429,0.07519664615392685,0.06275925040245056,0.10704590380191803,0.1132112666964531
9,0.3,,,,insightface_bbox,0.6835752129554749,0.0,672.0621948242188,692.517822265625,2415.82763671875,0,0,1,0,0,0,0,0,0,0,0,0,0.05884198099374771,0.04506613686680794,0.5734875202178955,0.06361766904592514,0.01398385502398014,0.03108680434525013,0.017659591510891914,0.049283452332019806,0.07541978359222412,0.06258346885442734,0.10664160549640656,0.11252865940332413
10,0.3333333333333333,,,,insightface_bbox,0.6835752129554749,0.0,672.0621948242188,692.517822265625,2415.82763671875,0,0,1,0,0,0,0,0,0,0,0,0,0.058949604630470276,0.04523150250315666,0.5664446353912354,0.06179177016019821,0.013872495852410793,0.031039126217365265,0.018059024587273598,0.04903635010123253,0.07648930698633194,0.06393944472074509,0.1075272336602211,0.11215963959693909
11,0.36666666666666664,,,,insightface_bbox,0.6835752129554749,0.0,672.0621948242188,692.517822265625,2415.82763671875,0,0,1,0,0,0,0,0,0,0,0,0,0.058578312397003174,0.04510116204619408,0.5534300804138184,0.06036607548594475,0.013610380701720715,0.030529294162988663,0.01819397509098053,0.049795251339673996,0.07717187702655792,0.06597708910703659,0.10772736370563507,0.11433778703212738
12,0.4,,,,insightface_bbox,0.6793614029884338,0.0,638.2421264648438,707.8855590820312,2427.244140625,0,0,1,0,0,0,0,0,0,0,0,0,0.058273978531360626,0.04249360412359238,0.5017545223236084,0.05716682970523834,0.012290929444134235,0.029854224994778633,0.01431603915989399,0.04851215332746506,0.0779537558555603,0.05993015691637993,0.08886884897947311,0.10633033514022827
13,0.43333333333333335,,,,insightface_bbox,0.6793614029884338,0.0,638.2421264648438,707.8855590820312,2427.244140625,0,0,1,0,0,0,0,0,0,0,0,0,0.05479886755347252,0.04069371148943901,0.4715954661369324,0.0540318638086319,0.01252194307744503,0.02987164631485939,0.015450575388967991,0.048038825392723083,0.0776936486363411,0.05991274118423462,0.08543316274881363,0.101241834461689
14,0.4666666666666667,,,,insightface_bbox,0.6793614029884338,0.0,638.2421264648438,707.8855590820312,2427.244140625,0,0,1,0,0,0,0,0,0,0,0,0,0.05345938354730606,0.03972749784588814,0.4577840566635132,0.05227646976709366,0.012391392141580582,0.02937927469611168,0.015455187298357487,0.04691268876194954,0.0756097063422203,0.05861487239599228,0.08187630027532578,0.09646670520305634
15,0.5,,,,insightface_bbox,0.6793614029884338,0.0,638.2421264648438,707.8855590820312,2427.244140625,0,0,1,0,0,0,0,0,0,0,0,0,0.05260408669710159,0.039727143943309784,0.45794546604156494,0.053013842552900314,0.012426949106156826,0.029653504490852356,0.01572573184967041,0.047061122953891754,0.07583430409431458,0.05939725041389465,0.08790158480405807,0.10072265565395355
16,0.5333333333333333,,,,insightface_bbox,0.6793614029884338,0.0,638.2421264648438,707.8855590820312,2427.244140625,0,0,1,0,0,0,0,0,0,0,0,0,0.052458252757787704,0.04001237824559212,0.45699119567871094,0.05336365848779678,0.012615938670933247,0.029819149523973465,0.01652580313384533,0.04742979630827904,0.0758076012134552,0.060379695147275925,0.08791187405586243,0.10036309063434601
17,0.5666666666666667,,,,insightface_bbox,0.6793614029884338,0.0,638.2421264648438,707.8855590820312,2427.244140625,0,0,1,0,0,0,0,0,0,0,0,0,0.053573183715343475,0.04094738885760307,0.4561748504638672,0.05461243540048599,0.012800438329577446,0.030127961188554764,0.016651099547743797,0.047415174543857574,0.07544494420289993,0.06007571145892143,0.08921666443347931,0.10137487202882767
18,0.6,,,,insightface_bbox,0.6551587581634521,0.0,648.1692504882812,724.6724853515625,2417.1123046875,0,0,1,0,0,0,0,0,0,0,0,0,0.05538782477378845,0.042749837040901184,0.49362891912460327,0.05785326659679413,0.012983004562556744,0.030563529580831528,0.017110168933868408,0.046107783913612366,0.07307258248329163,0.058525580912828445,0.09481583535671234,0.10395550727844238
19,0.6333333333333333,,,,insightface_bbox,0.6551587581634521,0.0,648.1692504882812,724.6724853515625,2417.1123046875,0,0,1,0,0,0,0,0,0,0,0,0,0.055163972079753876,0.04233256354928017,0.4903554916381836,0.05676913633942604,0.012957736849784851,0.030680077150464058,0.017321256920695305,0.04630494490265846,0.07346023619174957,0.05860332399606705,0.0932304710149765,0.10246337205171585
20,0.6666666666666666,,,,insightface_bbox,0.6551587581634521,0.0,648.1692504882812,724.6724853515625,2417.1123046875,0,0,1,0,0,0,0,0,0,0,0,0,0.053674619644880295,0.04118241369724274,0.4932059645652771,0.05595987290143967,0.012898525223135948,0.03065246343612671,0.01715589314699173,0.04635554552078247,0.07363541424274445,0.05793203413486481,0.09338665753602982,0.10157973319292068
21,0.7,,,,insightface_bbox,0.6551587581634521,0.0,648.1692504882812,724.6724853515625,2417.1123046875,0,0,1,0,0,0,0,0,0,0,0,0,0.05402643233537674,0.0412735678255558,0.4877117872238159,0.05597776174545288,0.013231469318270683,0.0314660407602787,0.017331771552562714,0.047044187784194946,0.07569500803947449,0.059287719428539276,0.09264107793569565,0.10143327713012695
22,0.7333333333333333,,,,insightface_bbox,0.6551587581634521,0.0,648.1692504882812,724.6724853515625,2417.1123046875,0,0,1,0,0,0,0,0,0,0,0,0,0.05381156504154205,0.04101650416851044,0.4815709590911865,0.0555289164185524,0.013092558830976486,0.031245507299900055,0.017322055995464325,0.04721526429057121,0.07523074001073837,0.059150636196136475,0.09237481653690338,0.10203436017036438
23,0.7666666666666667,,,,insightface_bbox,0.6551587581634521,0.0,648.1692504882812,724.6724853515625,2417.1123046875,0,0,1,0,0,0,0,0,0,0,0,0,0.05362992733716965,0.04172868654131889,0.5127527713775635,0.057100117206573486,0.013095777481794357,0.031332582235336304,0.017773859202861786,0.046869516372680664,0.07360184192657471,0.05803760513663292,0.10133378952741623,0.1042436882853508
24,0.8,,,,insightface_bbox,0.6595574617385864,0.0,638.9906616210938,730.600830078125,2414.053466796875,0,0,1,0,0,0,0,0,0,0,0,0,0.05739143490791321,0.044272080063819885,0.4645097851753235,0.058841392397880554,0.013855334371328354,0.03254838287830353,0.020609034225344658,0.04952744022011757,0.07860003411769867,0.06347411125898361,0.09427223354578018,0.11224232614040375
25,0.8333333333333334,,,,insightface_bbox,0.6595574617385864,0.0,638.9906616210938,730.600830078125,2414.053466796875,0,0,1,0,0,0,0,0,0,0,0,0,0.05369667708873749,0.041178636252880096,0.42216116189956665,0.053741708397865295,0.013056555762887001,0.03037841059267521,0.018750326707959175,0.04683470353484154,0.07603295892477036,0.06222352758049965,0.08857834339141846,0.10246821492910385
26,0.8666666666666667,,,,insightface_bbox,0.6595574617385864,0.0,638.9906616210938,730.600830078125,2414.053466796875,0,0,1,0,0,0,0,0,0,0,0,0,0.05284252017736435,0.04045238345861435,0.4278676509857178,0.05367198586463928,0.012917060405015945,0.029842479154467583,0.018773099407553673,0.04680599644780159,0.07565009593963623,0.062202733010053635,0.08498810976743698,0.10000075399875641
27,0.9,,,,insightface_bbox,0.6595574617385864,0.0,638.9906616210938,730.600830078125,2414.053466796875,0,0,1,0,0,0,0,0,0,0,0,0,0.05199157074093819,0.03960128128528595,0.39570969343185425,0.053358398377895355,0.012752619571983814,0.029421236366033554,0.0187243539839983,0.04747004806995392,0.0762820690870285,0.06337127834558487,0.08099281042814255,0.09949596226215363
28,0.9333333333333333,,,,insightface_bbox,0.6595574617385864,0.0,638.9906616210938,730.600830078125,2414.053466796875,0,0,1,0,0,0,0,0,0,0,0,0,0.05178163945674896,0.03916775435209274,0.3556409180164337,0.05392919480800629,0.012116163969039917,0.028082385659217834,0.018047161400318146,0.04550280049443245,0.07576963305473328,0.0627608522772789,0.07306127995252609,0.09581904113292694
29,0.9666666666666667,,,,insightface_bbox,0.6595574617385864,0.0,638.9906616210938,730.600830078125,2414.053466796875,0,0,1,0,0,0,0,0,0,0,0,0,0.05135655775666237,0.039201751351356506,0.35348576307296753,0.055055882781744,0.01212149765342474,0.02819385565817356,0.01827983930706978,0.04540443420410156,0.07570525258779526,0.06190064549446106,0.07255133986473083,0.09562550485134125
30,1.0,,,,insightface_bbox,0.6564407348632812,0.0,674.7957153320312,731.3137817382812,2396.257080078125,0,0,1,0,0,0,0,0,0,0,0,0,0.049921128898859024,0.03885064274072647,0.3289547860622406,0.05422722548246384,0.011939742602407932,0.027721112594008446,0.01732064038515091,0.044529467821121216,0.07388804852962494,0.061865903437137604,0.07676980644464493,0.09790904074907303
31,1.0333333333333334,,,,insightface_bbox,0.6564407348632812,0.0,674.7957153320312,731.3137817382812,2396.257080078125,0,0,1,0,0,0,0,0,0,0,0,0,0.04941105842590332,0.03861694782972336,0.3039543926715851,0.05509978160262108,0.012266937643289566,0.02753405272960663,0.017778612673282623,0.043679554015398026,0.07249163091182709,0.06027635931968689,0.07473690807819366,0.0962715595960617
32,1.0666666666666667,,,,insightface_bbox,0.6564407348632812,0.0,674.7957153320312,731.3137817382812,2396.257080078125,0,0,1,0,0,0,0,0,0,0,0,0,0.050908397883176804,0.04025137051939964,0.2936016321182251,0.058519765734672546,0.01259077899158001,0.027871819213032722,0.01766126975417137,0.04484102502465248,0.07279844582080841,0.061496809124946594,0.07615319639444351,0.09987647831439972
33,1.1,,,,insightface_bbox,0.6564407348632812,0.0,674.7957153320312,731.3137817382812,2396.257080078125,0,0,1,0,0,0,0,0,0,0,0,0,0.05176698416471481,0.040968116372823715,0.2932029366493225,0.060989562422037125,0.012610390782356262,0.027690419927239418,0.017690371721982956,0.04386522248387337,0.07150300592184067,0.05900637060403824,0.07711001485586166,0.09966561198234558
34,1.1333333333333333,,,,insightface_bbox,0.6564407348632812,0.0,674.7957153320312,731.3137817382812,2396.257080078125,0,0,1,0,0,0,0,0,0,0,0,0,0.054101865738630295,0.043001703917980194,0.3067934215068817,0.06660278886556625,0.012591677717864513,0.027324475347995758,0.017357081174850464,0.043302521109580994,0.07088581472635269,0.058575939387083054,0.07934971153736115,0.1042340025305748
35,1.1666666666666667,,,,insightface_bbox,0.6564407348632812,0.0,674.7957153320312,731.3137817382812,2396.257080078125,0,0,1,0,0,0,0,0,0,0,0,0,0.05692180618643761,0.045697636902332306,0.3289174437522888,0.07471577078104019,0.012608272954821587,0.027769289910793304,0.017445789650082588,0.04329662770032883,0.07034894824028015,0.05798424035310745,0.08401834219694138,0.10842372477054596
36,1.2,,,,insightface_bbox,0.6252715587615967,0.0,637.212646484375,740.8689575195312,2479.068603515625,0,0,1,0,0,0,0,0,0,0,0,0,0.05800698325037956,0.04794091358780861,0.29273268580436707,0.08031241595745087,0.01138612162321806,0.026156388223171234,0.014544375240802765,0.041318830102682114,0.06837383657693863,0.0566774420440197,0.07441375404596329,0.09281708300113678
37,1.2333333333333334,,,,insightface_bbox,0.6252715587615967,0.0,637.212646484375,740.8689575195312,2479.068603515625,0,0,1,0,0,0,0,0,0,0,0,0,0.059045013040304184,0.04717326909303665,0.30257463455200195,0.07884424924850464,0.011440802365541458,0.027518965303897858,0.01649642363190651,0.041708819568157196,0.07055522501468658,0.055925026535987854,0.07480823248624802,0.08788646757602692
38,1.2666666666666666,,,,insightface_bbox,0.6252715587615967,0.0,637.212646484375,740.8689575195312,2479.068603515625,0,0,1,0,0,0,0,0,0,0,0,0,0.05597921460866928,0.04369303584098816,0.2672193646430969,0.0679306611418724,0.01140696369111538,0.027492588385939598,0.016273388639092445,0.0417938269674778,0.0733688622713089,0.05682603269815445,0.06598293036222458,0.08319960534572601
39,1.3,,,,insightface_bbox,0.6252715587615967,0.0,637.212646484375,740.8689575195312,2479.068603515625,0,0,1,0,0,0,0,0,0,0,0,0,0.055432483553886414,0.042717959731817245,0.26609542965888977,0.06481391191482544,0.011483291164040565,0.02759946882724762,0.016286581754684448,0.04189370572566986,0.07633358985185623,0.058350399136543274,0.062092140316963196,0.07987015694379807
40,1.3333333333333333,,,,insightface_bbox,0.6252715587615967,0.0,637.212646484375,740.8689575195312,2479.068603515625,0,0,1,0,0,0,0,0,0,0,0,0,0.054076045751571655,0.04073197394609451,0.25851356983184814,0.05924072489142418,0.011381052434444427,0.02686207741498947,0.015788333490490913,0.041034996509552,0.07681859284639359,0.058211036026477814,0.05758499726653099,0.07422913610935211
41,1.3666666666666667,,,,insightface_bbox,0.6252715587615967,0.0,637.212646484375,740.8689575195312,2479.068603515625,0,0,1,0,0,0,0,0,0,0,0,0,0.05234174802899361,0.03954290971159935,0.22532197833061218,0.05473718419671059,0.011714396998286247,0.026310637593269348,0.01568758860230446,0.04230843484401703,0.07786393910646439,0.06086403876543045,0.05470025911927223,0.07415984570980072
42,1.4,,,,insightface_bbox,0.6291806101799011,0.0,633.2196044921875,739.615478515625,2386.262939453125,0,0,1,0,0,0,0,0,0,0,0,0,0.04938051104545593,0.037436433136463165,0.21936701238155365,0.04933834820985794,0.011591970920562744,0.02588636800646782,0.015478738583624363,0.042316656559705734,0.07472085952758789,0.05989851430058479,0.046951618045568466,0.06500457227230072
43,1.4333333333333333,,,,insightface_bbox,0.6291806101799011,0.0,633.2196044921875,739.615478515625,2386.262939453125,0,0,1,0,0,0,0,0,0,0,0,0,0.050775740295648575,0.03778380900621414,0.2073226273059845,0.050893429666757584,0.01093241572380066,0.02456616424024105,0.014293989166617393,0.041013963520526886,0.07330577075481415,0.05794689059257507,0.046713314950466156,0.06321436166763306
44,1.4666666666666666,,,,insightface_bbox,0.6291806101799011,0.0,633.2196044921875,739.615478515625,2386.262939453125,0,0,1,0,0,0,0,0,0,0,0,0,0.052445732057094574,0.039172809571027756,0.2197704017162323,0.05386309698224068,0.011154571548104286,0.0256764255464077,0.015142442658543587,0.041792210191488266,0.07317425310611725,0.0589166060090065,0.05210326611995697,0.06615354120731354
45,1.5,,,,insightface_bbox,0.6291806101799011,0.0,633.2196044921875,739.615478515625,2386.262939453125,0,0,1,0,0,0,0,0,0,0,0,0,0.05279280245304108,0.03955357149243355,0.2188161015510559,0.05593497306108475,0.011036980897188187,0.02557479776442051,0.014787580817937851,0.04088427126407623,0.071297787129879,0.056356027722358704,0.05438138544559479,0.06706537306308746
46,1.5333333333333334,,,,insightface_bbox,0.6291806101799011,0.0,633.2196044921875,739.615478515625,2386.262939453125,0,0,1,0,0,0,0,0,0,0,0,0,0.0535222664475441,0.040703993290662766,0.21272054314613342,0.05807238817214966,0.01095927320420742,0.025247089564800262,0.014499854296445847,0.03975868970155716,0.06903361529111862,0.054078493267297745,0.054308343678712845,0.06687320023775101
47,1.5666666666666667,,,,insightface_bbox,0.6291806101799011,0.0,633.2196044921875,739.615478515625,2386.262939453125,0,0,1,0,0,0,0,0,0,0,0,0,0.05362845957279205,0.04162626340985298,0.21078549325466156,0.06070496141910553,0.010717270895838737,0.025244059041142464,0.01433071680366993,0.03929866477847099,0.0676184892654419,0.053573135286569595,0.05691026151180267,0.06739829480648041
48,1.6,,,,insightface_bbox,0.6343464255332947,0.0,624.903076171875,750.2300415039062,2502.1669921875,0,0,1,0,0,0,0,0,0,0,0,0,0.055757418274879456,0.04405111074447632,0.22170530259609222,0.06760020554065704,0.01108521781861782,0.02678101882338524,0.015250654891133308,0.040539778769016266,0.06966336071491241,0.05544605106115341,0.06376215815544128,0.0718374252319336
49,1.6333333333333333,,,,insightface_bbox,0.6343464255332947,0.0,624.903076171875,750.2300415039062,2502.1669921875,0,0,1,0,0,0,0,0,0,0,0,0,0.054717544466257095,0.04360534995794296,0.21771585941314697,0.06785382330417633,0.010879680514335632,0.026233375072479248,0.015293452888727188,0.04060337319970131,0.06960226595401764,0.055009372532367706,0.0636410117149353,0.07221675664186478
50,1.6666666666666667,,,,insightface_bbox,0.6343464255332947,0.0,624.903076171875,750.2300415039062,2502.1669921875,0,0,1,0,0,0,0,0,0,0,0,0,0.05456307902932167,0.043248455971479416,0.2473895400762558,0.06871147453784943,0.010872425511479378,0.02680601365864277,0.015690086409449577,0.04036983102560043,0.0686284750699997,0.05391475185751915,0.06591645628213882,0.07105378806591034
51,1.7,,,,insightface_bbox,0.6343464255332947,0.0,624.903076171875,750.2300415039062,2502.1669921875,0,0,1,0,0,0,0,0,0,0,0,0,0.054172951728105545,0.04269298166036606,0.24880759418010712,0.06643494963645935,0.010965011082589626,0.027011429890990257,0.015898605808615685,0.040767569094896317,0.06901692599058151,0.054417721927165985,0.06512616574764252,0.070309117436409
52,1.7333333333333334,,,,insightface_bbox,0.6343464255332947,0.0,624.903076171875,750.2300415039062,2502.1669921875,0,0,1,0,0,0,0,0,0,0,0,0,0.05224127694964409,0.041140876710414886,0.2254973202943802,0.06263136863708496,0.010888872668147087,0.02590371109545231,0.01516954880207777,0.04052168130874634,0.0686919242143631,0.054014068096876144,0.05903460457921028,0.06714970618486404
53,1.7666666666666666,,,,insightface_bbox,0.6343464255332947,0.0,624.903076171875,750.2300415039062,2502.1669921875,0,0,1,0,0,0,0,0,0,0,0,0,0.053415898233652115,0.04200945049524307,0.22640563547611237,0.06461936980485916,0.011122187599539757,0.02676108479499817,0.01564389280974865,0.04204448312520981,0.07113004475831985,0.05628576502203941,0.0625685602426529,0.07105261832475662
54,1.8,,,,insightface_bbox,0.6524615287780762,0.0,651.922119140625,732.99560546875,2398.6171875,0,0,1,0,0,0,0,0,0,0,0,0,0.05035942420363426,0.037986524403095245,0.2190972864627838,0.05581294745206833,0.010253215208649635,0.02713303081691265,0.01724916510283947,0.04015102609992027,0.07387909293174744,0.056224845349788666,0.06673289835453033,0.07444605976343155
55,1.8333333333333333,,,,insightface_bbox,0.6524615287780762,0.0,651.922119140625,732.99560546875,2398.6171875,0,0,1,0,0,0,0,0,0,0,0,0,0.05134504660964012,0.038454681634902954,0.21402372419834137,0.05543650686740875,0.010619261302053928,0.027863813564181328,0.017637411132454872,0.0416141003370285,0.07658176869153976,0.05859799683094025,0.06476859748363495,0.07618270069360733
56,1.8666666666666667,,,,insightface_bbox,0.6524615287780762,0.0,651.922119140625,732.99560546875,2398.6171875,0,0,1,0,0,0,0,0,0,0,0,0,0.05165848508477211,0.038791246712207794,0.21396136283874512,0.05609412491321564,0.010808986611664295,0.02822234481573105,0.018007710576057434,0.04252972453832626,0.07793202251195908,0.06056135147809982,0.06426408141851425,0.07787501811981201
57,1.9,,,,insightface_bbox,0.6524615287780762,0.0,651.922119140625,732.99560546875,2398.6171875,0,0,1,0,0,0,0,0,0,0,0,0,0.05110619217157364,0.038507282733917236,0.21481618285179138,0.055831629782915115,0.010978578589856625,0.0281047523021698,0.01803027093410492,0.04276570305228233,0.0780617743730545,0.06015585735440254,0.06456178426742554,0.07564131915569305
58,1.9333333333333333,,,,insightface_bbox,0.6524615287780762,0.0,651.922119140625,732.99560546875,2398.6171875,0,0,1,0,0,0,0,0,0,0,0,0,0.04870068281888962,0.03735310956835747,0.21110355854034424,0.05283888056874275,0.011115135625004768,0.027757415547966957,0.0178229920566082,0.042361997067928314,0.07555334270000458,0.05864670127630234,0.06398900598287582,0.07329826056957245
59,1.9666666666666666,,,,insightface_bbox,0.6524615287780762,0.0,651.922119140625,732.99560546875,2398.6171875,0,0,1,0,0,0,0,0,0,0,0,0,0.049350861459970474,0.03775842487812042,0.21843677759170532,0.053387150168418884,0.011267377063632011,0.028028802946209908,0.018133841454982758,0.04303019493818283,0.07670300453901291,0.05955319106578827,0.0650852620601654,0.07350227981805801
60,2.0,,,,insightface_bbox,0.6271921396255493,0.0,629.7548217773438,734.8802490234375,2497.12939453125,0,0,1,0,0,0,0,0,0,0,0,0,0.04937686771154404,0.03897611424326897,0.2095271795988083,0.05354426056146622,0.01053931750357151,0.028152354061603546,0.016133351251482964,0.04254058003425598,0.07368702441453934,0.05893104523420334,0.08107195794582367,0.08208543807268143
61,2.033333333333333,,,,insightface_bbox,0.6271921396255493,0.0,629.7548217773438,734.8802490234375,2497.12939453125,0,0,1,0,0,0,0,0,0,0,0,0,0.04929681122303009,0.039243653416633606,0.20857082307338715,0.055917780846357346,0.01059899851679802,0.02847146987915039,0.01743333227932453,0.04384893178939819,0.07588385790586472,0.06041537597775459,0.08658170700073242,0.08757428079843521
62,2.066666666666667,,,,insightface_bbox,0.6271921396255493,0.0,629.7548217773438,734.8802490234375,2497.12939453125,0,0,1,0,0,0,0,0,0,0,0,0,0.05137139558792114,0.041517965495586395,0.22742807865142822,0.06267116963863373,0.010876999236643314,0.0292421355843544,0.018284179270267487,0.044602423906326294,0.076559878885746,0.06050235778093338,0.0945751816034317,0.0957004725933075
63,2.1,,,,insightface_bbox,0.6271921396255493,0.0,629.7548217773438,734.8802490234375,2497.12939453125,0,0,1,0,0,0,0,0,0,0,0,0,0.05094579607248306,0.04127093032002449,0.2292822301387787,0.06257221102714539,0.010913940146565437,0.029386237263679504,0.018246935680508614,0.04444202780723572,0.07695882767438889,0.06048286333680153,0.09541656821966171,0.09650569409132004
64,2.1333333333333333,,,,insightface_bbox,0.6271921396255493,0.0,629.7548217773438,734.8802490234375,2497.12939453125,0,0,1,0,0,0,0,0,0,0,0,0,0.05207601189613342,0.04188154265284538,0.23916491866111755,0.06310103088617325,0.01171321514993906,0.03078537806868553,0.02028898522257805,0.047121576964855194,0.07940099388360977,0.06223973631858826,0.09971261769533157,0.09785522520542145
65,2.1666666666666665,,,,insightface_bbox,0.6271921396255493,0.0,629.7548217773438,734.8802490234375,2497.12939453125,0,0,1,0,0,0,0,0,0,0,0,0,0.05223004147410393,0.04210589826107025,0.24831518530845642,0.06320814043283463,0.0120595283806324,0.0314050018787384,0.02081986889243126,0.049692556262016296,0.08068101108074188,0.06358665227890015,0.10482341051101685,0.10133670270442963
66,2.2,,,,insightface_bbox,0.6413111686706543,0.0,656.4710693359375,733.7566528320312,2379.385986328125,0,0,1,0,0,0,0,0,0,0,0,0,0.047650691121816635,0.036636948585510254,0.1903506964445114,0.051773801445961,0.01104334183037281,0.027604101225733757,0.01833479106426239,0.0447700135409832,0.07780088484287262,0.06152801215648651,0.06290213763713837,0.07773327827453613
67,2.2333333333333334,,,,insightface_bbox,0.6413111686706543,0.0,656.4710693359375,733.7566528320312,2379.385986328125,0,0,1,0,0,0,0,0,0,0,0,0,0.04859928414225578,0.036995839327573776,0.20662793517112732,0.05305956304073334,0.011045943014323711,0.028102099895477295,0.018626831471920013,0.04498675465583801,0.07739805430173874,0.06214136630296707,0.06369072198867798,0.0766545832157135
68,2.2666666666666666,,,,insightface_bbox,0.6413111686706543,0.0,656.4710693359375,733.7566528320312,2379.385986328125,0,0,1,0,0,0,0,0,0,0,0,0,0.04944225773215294,0.037696078419685364,0.2085919976234436,0.05293426662683487,0.011112094856798649,0.02746560424566269,0.018108323216438293,0.042496077716350555,0.07527420669794083,0.06032766401767731,0.059827812016010284,0.07318703830242157
69,2.3,,,,insightface_bbox,0.6413111686706543,0.0,656.4710693359375,733.7566528320312,2379.385986328125,0,0,1,0,0,0,0,0,0,0,0,0,0.05076378211379051,0.0388856902718544,0.2103901505470276,0.05483332648873329,0.012127026915550232,0.02874438837170601,0.018646789714694023,0.04476510360836983,0.07707317918539047,0.061953723430633545,0.06368578225374222,0.07695028185844421
70,2.3333333333333335,,,,insightface_bbox,0.6413111686706543,0.0,656.4710693359375,733.7566528320312,2379.385986328125,0,0,1,0,0,0,0,0,0,0,0,0,0.048742782324552536,0.03760718181729317,0.2187080979347229,0.05111846700310707,0.012388445436954498,0.028716903179883957,0.01862335577607155,0.04503154754638672,0.07642544060945511,0.06185847893357277,0.06481790542602539,0.07662126421928406
71,2.3666666666666667,,,,insightface_bbox,0.6413111686706543,0.0,656.4710693359375,733.7566528320312,2379.385986328125,0,0,1,0,0,0,0,0,0,0,0,0,0.048127539455890656,0.03711524233222008,0.22619593143463135,0.04988223314285278,0.012299702502787113,0.028575576841831207,0.018565911799669266,0.0446171835064888,0.0764274075627327,0.061469268053770065,0.06458987295627594,0.07538657635450363
72,2.4,,,,insightface_bbox,0.6396081447601318,0.0,623.9174194335938,718.1431884765625,2468.896484375,0,0,1,0,0,0,0,0,0,0,0,0,0.04943836107850075,0.038384418934583664,0.21867765486240387,0.05018436908721924,0.012124367989599705,0.029210824519395828,0.017833732068538666,0.04657305032014847,0.0753958448767662,0.060005903244018555,0.08959382027387619,0.0882674902677536
73,2.433333333333333,,,,insightface_bbox,0.6396081447601318,0.0,623.9174194335938,718.1431884765625,2468.896484375,0,0,1,0,0,0,0,0,0,0,0,0,0.04944704473018646,0.03812351077795029,0.21539726853370667,0.049208834767341614,0.012262200936675072,0.029346177354454994,0.01755061000585556,0.04609351605176926,0.0753314346075058,0.05993165448307991,0.08758782595396042,0.08636758476495743
74,2.466666666666667,,,,insightface_bbox,0.6396081447601318,0.0,623.9174194335938,718.1431884765625,2468.896484375,0,0,1,0,0,0,0,0,0,0,0,0,0.05047451704740524,0.03843352571129799,0.22998781502246857,0.05026905983686447,0.01219354197382927,0.02944699488580227,0.017640143632888794,0.04645942151546478,0.07496190071105957,0.05984215438365936,0.08862842619419098,0.08688744157552719
75,2.5,,,,insightface_bbox,0.6396081447601318,0.0,623.9174194335938,718.1431884765625,2468.896484375,0,0,1,0,0,0,0,0,0,0,0,0,0.05132348835468292,0.039581239223480225,0.22393256425857544,0.0534234344959259,0.011911253444850445,0.02916518971323967,0.01706583984196186,0.04503035545349121,0.07411596924066544,0.060055624693632126,0.09000995755195618,0.08995552361011505
76,2.533333333333333,,,,insightface_bbox,0.6396081447601318,0.0,623.9174194335938,718.1431884765625,2468.896484375,0,0,1,0,0,0,0,0,0,0,0,0,0.04931290075182915,0.03865667060017586,0.20854465663433075,0.05144323408603668,0.011156784370541573,0.028557563200592995,0.017240528017282486,0.04281826317310333,0.07355040311813354,0.05985978618264198,0.08880215883255005,0.08982734382152557
77,2.566666666666667,,,,insightface_bbox,0.6396081447601318,0.0,623.9174194335938,718.1431884765625,2468.896484375,0,0,1,0,0,0,0,0,0,0,0,0,0.0492912232875824,0.03912251070141792,0.21525295078754425,0.05225574970245361,0.011400589719414711,0.02923520654439926,0.01749342679977417,0.044622305780649185,0.0750182643532753,0.060802288353443146,0.09207819402217865,0.08973447978496552
78,2.6,,,,insightface_bbox,0.6501084566116333,0.0,655.0661010742188,708.547607421875,2386.57470703125,0,0,1,0,0,0,0,0,0,0,0,0,0.049464136362075806,0.03921668604016304,0.1996840238571167,0.0517854280769825,0.011674463748931885,0.028427766636013985,0.01744602993130684,0.04450834542512894,0.074132539331913,0.0601695254445076,0.09071499854326248,0.09204192459583282
79,2.6333333333333333,,,,insightface_bbox,0.6501084566116333,0.0,655.0661010742188,708.547607421875,2386.57470703125,0,0,1,0,0,0,0,0,0,0,0,0,0.04728668928146362,0.03736327588558197,0.18712875247001648,0.04818951338529587,0.011327758431434631,0.02798558957874775,0.016696210950613022,0.04392779991030693,0.07427158951759338,0.05831010267138481,0.09203656017780304,0.0890732854604721
80,2.6666666666666665,,,,insightface_bbox,0.6501084566116333,0.0,655.0661010742188,708.547607421875,2386.57470703125,0,0,1,0,0,0,0,0,0,0,0,0,0.04662143066525459,0.03714434430003166,0.1836780309677124,0.048458926379680634,0.011127459816634655,0.028088100254535675,0.016842711716890335,0.04398403689265251,0.07542170584201813,0.05944391340017319,0.09345565736293793,0.09080550074577332
81,2.7,,,,insightface_bbox,0.6501084566116333,0.0,655.0661010742188,708.547607421875,2386.57470703125,0,0,1,0,0,0,0,0,0,0,0,0,0.04669687896966934,0.037498440593481064,0.1935533583164215,0.05036225542426109,0.011201425455510616,0.029367826879024506,0.018582994118332863,0.04646845906972885,0.07752992957830429,0.06245443969964981,0.10161015391349792,0.099630206823349
82,2.7333333333333334,,,,insightface_bbox,0.6501084566116333,0.0,655.0661010742188,708.547607421875,2386.57470703125,0,0,1,0,0,0,0,0,0,0,0,0,0.04798905551433563,0.038941849023103714,0.21191248297691345,0.05434836819767952,0.011200950480997562,0.03008570522069931,0.019413260743021965,0.0466243140399456,0.07753581553697586,0.061858709901571274,0.10867153108119965,0.10524226725101471
83,2.7666666666666666,,,,insightface_bbox,0.6501084566116333,0.0,655.0661010742188,708.547607421875,2386.57470703125,0,0,1,0,0,0,0,0,0,0,0,0,0.04966380074620247,0.0399637445807457,0.23088930547237396,0.055858857929706573,0.011542070657014847,0.031175361946225166,0.021111104637384415,0.04772418737411499,0.07825452834367752,0.06273872405290604,0.11539766192436218,0.10914179682731628
84,2.8,,,,insightface_bbox,0.6678226590156555,0.0,658.8109130859375,733.2340698242188,2384.318359375,0,0,1,0,0,0,0,0,0,0,0,0,0.046907853335142136,0.036583781242370605,0.18980854749679565,0.0515044666826725,0.011359592899680138,0.029408421367406845,0.019233155995607376,0.04771498590707779,0.07639139145612717,0.06313922256231308,0.06920486688613892,0.08011217415332794
85,2.8333333333333335,,,,insightface_bbox,0.6678226590156555,0.0,658.8109130859375,733.2340698242188,2384.318359375,0,0,1,0,0,0,0,0,0,0,0,0,0.04531041160225868,0.03515573963522911,0.18156859278678894,0.048573244363069534,0.010959446430206299,0.028698759153485298,0.019431138411164284,0.04736745357513428,0.07597213983535767,0.06311348080635071,0.06400755792856216,0.07592709362506866
86,2.8666666666666667,,,,insightface_bbox,0.6678226590156555,0.0,658.8109130859375,733.2340698242188,2384.318359375,0,0,1,0,0,0,0,0,0,0,0,0,0.04613063856959343,0.03556906431913376,0.18311746418476105,0.049367524683475494,0.010867739096283913,0.028296254575252533,0.019542142748832703,0.04739949852228165,0.07721354812383652,0.06477728486061096,0.06038401648402214,0.07271906733512878
87,2.9,,,,insightface_bbox,0.6678226590156555,0.0,658.8109130859375,733.2340698242188,2384.318359375,0,0,1,0,0,0,0,0,0,0,0,0,0.046478696167469025,0.03602875769138336,0.17633265256881714,0.049787964671850204,0.011132527142763138,0.02847879007458687,0.0194015521556139,0.04726221412420273,0.07703638076782227,0.06451099365949631,0.061621010303497314,0.07395826280117035
88,2.933333333333333,,,,insightface_bbox,0.6678226590156555,0.0,658.8109130859375,733.2340698242188,2384.318359375,0,0,1,0,0,0,0,0,0,0,0,0,0.04914183169603348,0.03845905140042305,0.1940731406211853,0.05340181663632393,0.011980626732110977,0.030788619071245193,0.02176830545067787,0.054095666855573654,0.08158843219280243,0.06829608976840973,0.07627788186073303,0.0863741934299469
89,2.966666666666667,,,,insightface_bbox,0.6678226590156555,0.0,658.8109130859375,733.2340698242188,2384.318359375,0,0,1,0,0,0,0,0,0,0,0,0,0.05049748718738556,0.039687398821115494,0.20547449588775635,0.05604185909032822,0.012717059813439846,0.03204071521759033,0.02360987663269043,0.0534057691693306,0.08164792507886887,0.06644567847251892,0.0850706547498703,0.08949263393878937
90,3.0,,,,insightface_bbox,0.6328499913215637,0.0,658.4324951171875,726.19140625,2374.053955078125,0,0,1,0,0,0,0,0,0,0,0,0,0.05312518775463104,0.042759254574775696,0.21281422674655914,0.06501340866088867,0.013347303494811058,0.032750505954027176,0.022476699203252792,0.058233678340911865,0.0826265811920166,0.06639763712882996,0.1062082052230835,0.10064812004566193
91,3.033333333333333,,,,insightface_bbox,0.6328499913215637,0.0,658.4324951171875,726.19140625,2374.053955078125,0,0,1,0,0,0,0,0,0,0,0,0,0.05571381747722626,0.044293612241744995,0.228984072804451,0.06842208653688431,0.012837007641792297,0.03239665552973747,0.021670818328857422,0.054585862904787064,0.08118225634098053,0.06529892981052399,0.10522418469190598,0.10062750428915024
92,3.066666666666667,,,,insightface_bbox,0.6328499913215637,0.0,658.4324951171875,726.19140625,2374.053955078125,0,0,1,0,0,0,0,0,0,0,0,0,0.05422709509730339,0.043197255581617355,0.21181070804595947,0.06535447388887405,0.012277316302061081,0.03153230622410774,0.020791098475456238,0.052294306457042694,0.08017401397228241,0.06433682143688202,0.09986987709999084,0.09874283522367477
93,3.1,,,,insightface_bbox,0.6328499913215637,0.0,658.4324951171875,726.19140625,2374.053955078125,0,0,1,0,0,0,0,0,0,0,0,0,0.05413515120744705,0.042949412018060684,0.2143099308013916,0.06504557281732559,0.012284992262721062,0.031457364559173584,0.02095334418118,0.051915157586336136,0.08024010062217712,0.06408347189426422,0.09833353757858276,0.09747891873121262
94,3.1333333333333333,,,,insightface_bbox,0.6328499913215637,0.0,658.4324951171875,726.19140625,2374.053955078125,0,0,1,0,0,0,0,0,0,0,0,0,0.05457548797130585,0.043129757046699524,0.21238481998443604,0.06626485288143158,0.012165218591690063,0.030920477584004402,0.020002786070108414,0.049555741250514984,0.07819123566150665,0.06195170804858208,0.09790592640638351,0.09581266343593597
95,3.1666666666666665,,,,insightface_bbox,0.6328499913215637,0.0,658.4324951171875,726.19140625,2374.053955078125,0,0,1,0,0,0,0,0,0,0,0,0,0.05371183156967163,0.04269078001379967,0.20978310704231262,0.06617053598165512,0.01208692230284214,0.03105301409959793,0.020401645451784134,0.04994872957468033,0.07927872240543365,0.06284497678279877,0.10084779560565948,0.09623907506465912
96,3.2,,,,insightface_bbox,0.6248558163642883,0.0,649.7742919921875,737.7159423828125,2385.585205078125,0,0,0,0,0,0,0,0,0,0,0,0,0.047634560614824295,0.037216052412986755,0.15535353124141693,0.05384048819541931,0.011244840919971466,0.02596309408545494,0.017945386469364166,0.04199017211794853,0.07266399264335632,0.05784761533141136,0.04763622581958771,0.06467697024345398
97,3.2333333333333334,,,,insightface_bbox,0.6248558163642883,0.0,649.7742919921875,737.7159423828125,2385.585205078125,0,0,0,0,0,0,0,0,0,0,0,0,0.04887000098824501,0.03797241300344467,0.16293473541736603,0.05485332012176514,0.01121299434453249,0.026332810521125793,0.01825704798102379,0.0427011176943779,0.07340316474437714,0.05884954333305359,0.049600280821323395,0.0660899356007576
98,3.2666666666666666,,,,insightface_bbox,0.6248558163642883,0.0,649.7742919921875,737.7159423828125,2385.585205078125,0,0,0,0,0,0,0,0,0,0,0,0,0.049472376704216,0.038577716797590256,0.1603390872478485,0.05501290783286095,0.011277072131633759,0.02661190740764141,0.017804523929953575,0.04226728528738022,0.07188951969146729,0.05840972065925598,0.050833892077207565,0.06604495644569397
99,3.3,,,,insightface_bbox,0.6248558163642883,0.0,649.7742919921875,737.7159423828125,2385.585205078125,0,0,0,0,0,0,0,0,0,0,0,0,0.04930649325251579,0.03837980702519417,0.1572950780391693,0.05470108240842819,0.011081178672611713,0.026400543749332428,0.01742861419916153,0.04209680110216141,0.07249213010072708,0.05929920822381973,0.05080220848321915,0.06665988266468048
100,3.3333333333333335,,,,insightface_bbox,0.6248558163642883,0.0,649.7742919921875,737.7159423828125,2385.585205078125,0,0,0,0,0,0,0,0,0,0,0,0,0.0495094396173954,0.038694918155670166,0.15788677334785461,0.05541813373565674,0.01112338900566101,0.026347627863287926,0.017207756638526917,0.041815079748630524,0.07179810851812363,0.058658529072999954,0.051520735025405884,0.06718623638153076
101,3.3666666666666667,,,,insightface_bbox,0.6248558163642883,0.0,649.7742919921875,737.7159423828125,2385.585205078125,0,0,0,0,0,0,0,0,0,0,0,0,0.04944881424307823,0.03823382407426834,0.16405081748962402,0.05504604056477547,0.011113089509308338,0.026527421548962593,0.017705043777823448,0.04184504598379135,0.0722007006406784,0.058966659009456635,0.05257248133420944,0.06745453178882599
102,3.4,,,,insightface_bbox,0.6711784601211548,0.0,656.4015502929688,717.4163208007812,2420.542236328125,0,0,0,0,0,0,0,0,0,0,0,0,0.04786189645528793,0.038615576922893524,0.1747332364320755,0.055736199021339417,0.010081378743052483,0.027795877307653427,0.017700444906949997,0.042323239147663116,0.07760784775018692,0.060151100158691406,0.08877366781234741,0.09247362613677979
103,3.433333333333333,,,,insightface_bbox,0.6711784601211548,0.0,656.4015502929688,717.4163208007812,2420.542236328125,0,0,0,0,0,0,0,0,0,0,0,0,0.0471661202609539,0.03799128532409668,0.16870960593223572,0.052974265068769455,0.010195724666118622,0.02762851119041443,0.017543591558933258,0.04210265353322029,0.07679623365402222,0.06041691079735756,0.088119275867939,0.09176097810268402
104,3.466666666666667,,,,insightface_bbox,0.6711784601211548,0.0,656.4015502929688,717.4163208007812,2420.542236328125,0,0,0,0,0,0,0,0,0,0,0,0,0.04723183810710907,0.0375770702958107,0.16098670661449432,0.051328931003808975,0.010452423244714737,0.027703016996383667,0.01797536388039589,0.04278408735990524,0.0769166499376297,0.06157929077744484,0.08487533032894135,0.08962637931108475
105,3.5,,,,insightface_bbox,0.6711784601211548,0.0,656.4015502929688,717.4163208007812,2420.542236328125,0,0,0,0,0,0,0,0,0,0,0,0,0.04551634564995766,0.036182280629873276,0.15596917271614075,0.048457734286785126,0.010401759296655655,0.02734347991645336,0.017756149172782898,0.04297434911131859,0.07715147733688354,0.0614519864320755,0.08298448473215103,0.08632154017686844
106,3.533333333333333,,,,insightface_bbox,0.6711784601211548,0.0,656.4015502929688,717.4163208007812,2420.542236328125,0,0,0,0,0,0,0,0,0,0,0,0,0.04539748653769493,0.03596177324652672,0.15388934314250946,0.04761384427547455,0.01016267016530037,0.026777666062116623,0.017261382192373276,0.04128742590546608,0.07609396427869797,0.06024181842803955,0.07886064052581787,0.08329472690820694
107,3.566666666666667,,,,insightface_bbox,0.6711784601211548,0.0,656.4015502929688,717.4163208007812,2420.542236328125,0,0,0,0,0,0,0,0,0,0,0,0,0.04524067044258118,0.03559276834130287,0.1582251489162445,0.045791760087013245,0.010226556099951267,0.026663176715373993,0.017014671117067337,0.040354400873184204,0.07460978627204895,0.0592137947678566,0.07670214772224426,0.0817808136343956
108,3.6,,,,insightface_bbox,0.6489728689193726,0.0,637.072265625,730.5361938476562,2413.422119140625,0,0,1,0,0,0,0,0,0,0,0,0,0.04934440925717354,0.03695205599069595,0.1800319403409958,0.04928361624479294,0.011410676874220371,0.027533387765288353,0.018093042075634003,0.042141932994127274,0.07539775967597961,0.06340499222278595,0.054147202521562576,0.06946301460266113
109,3.6333333333333333,,,,insightface_bbox,0.6489728689193726,0.0,637.072265625,730.5361938476562,2413.422119140625,0,0,1,0,0,0,0,0,0,0,0,0,0.04823887348175049,0.036138299852609634,0.1750519871711731,0.048037752509117126,0.011256799101829529,0.026993822306394577,0.017626579850912094,0.04290275648236275,0.07501310855150223,0.06332021951675415,0.052204810082912445,0.06902481615543365
110,3.6666666666666665,,,,insightface_bbox,0.6489728689193726,0.0,637.072265625,730.5361938476562,2413.422119140625,0,0,1,0,0,0,0,0,0,0,0,0,0.047849755734205246,0.03580636531114578,0.17386707663536072,0.048356860876083374,0.011127707548439503,0.027007048949599266,0.017663417384028435,0.04314960539340973,0.0762585699558258,0.06370995193719864,0.05417598783969879,0.07038120925426483
111,3.7,,,,insightface_bbox,0.6489728689193726,0.0,637.072265625,730.5361938476562,2413.422119140625,0,0,1,0,0,0,0,0,0,0,0,0,0.048533856868743896,0.03597056120634079,0.17488440871238708,0.04904394596815109,0.011098337359726429,0.02702564001083374,0.01796915754675865,0.04368104040622711,0.07803504168987274,0.06541331112384796,0.052687548100948334,0.07029066979885101
112,3.7333333333333334,,,,insightface_bbox,0.6489728689193726,0.0,637.072265625,730.5361938476562,2413.422119140625,0,0,1,0,0,0,0,0,0,0,0,0,0.048582401126623154,0.03594672679901123,0.17297960817813873,0.04870908334851265,0.011075981892645359,0.026913544163107872,0.018085021525621414,0.04319825768470764,0.07746894657611847,0.06486441195011139,0.05011656880378723,0.06840930879116058
113,3.7666666666666666,,,,insightface_bbox,0.6489728689193726,0.0,637.072265625,730.5361938476562,2413.422119140625,0,0,1,0,0,0,0,0,0,0,0,0,0.04793885722756386,0.036125387996435165,0.16425512731075287,0.04858602583408356,0.011165875941514969,0.027121786028146744,0.018109356984496117,0.04389408975839615,0.07676129788160324,0.06463801115751266,0.051684748381376266,0.0694233775138855
114,3.8,,,,insightface_bbox,0.6574038863182068,0.0,660.1701049804688,722.0154418945312,2378.33203125,0,0,1,0,0,0,0,0,0,0,0,0,0.046950019896030426,0.035290494561195374,0.16221734881401062,0.047521889209747314,0.01111044641584158,0.02818673476576805,0.019054457545280457,0.04581831395626068,0.08315794914960861,0.06839335709810257,0.06750703603029251,0.07888714969158173
115,3.8333333333333335,,,,insightface_bbox,0.6574038863182068,0.0,660.1701049804688,722.0154418945312,2378.33203125,0,0,0,0,0,0,0,0,0,0,0,0,0.04806330427527428,0.03675958886742592,0.1539759486913681,0.05159818008542061,0.011419452726840973,0.02877793274819851,0.01990724541246891,0.04692110791802406,0.08319386839866638,0.06843305379152298,0.07408435642719269,0.0837552398443222
116,3.8666666666666667,,,,insightface_bbox,0.6574038863182068,0.0,660.1701049804688,722.0154418945312,2378.33203125,0,0,0,0,0,0,0,0,0,0,0,0,0.049879852682352066,0.03837541118264198,0.16516268253326416,0.0552123486995697,0.011867117136716843,0.02941015176475048,0.02080533280968666,0.047255076467990875,0.08324377238750458,0.06700751185417175,0.07732611149549484,0.08497811108827591
117,3.9,,,,insightface_bbox,0.6574038863182068,0.0,660.1701049804688,722.0154418945312,2378.33203125,0,0,0,0,0,0,0,0,0,0,0,0,0.04990263283252716,0.038466598838567734,0.16453802585601807,0.05540263652801514,0.011781146749854088,0.029312362894415855,0.020352426916360855,0.04695052653551102,0.08282722532749176,0.0667538195848465,0.07938743382692337,0.08755233883857727
118,3.933333333333333,,,,insightface_bbox,0.6574038863182068,0.0,660.1701049804688,722.0154418945312,2378.33203125,0,0,0,0,0,0,0,0,0,0,0,0,0.05069337040185928,0.039169974625110626,0.1744467318058014,0.05768812447786331,0.011880515143275261,0.029822571203112602,0.02052951417863369,0.04724154248833656,0.08277112245559692,0.06691665947437286,0.08052804321050644,0.08854880183935165
119,3.966666666666667,,,,insightface_bbox,0.6574038863182068,0.0,660.1701049804688,722.0154418945312,2378.33203125,0,0,0,0,0,0,0,0,0,0,0,0,0.050728023052215576,0.039275433868169785,0.17225056886672974,0.057839713990688324,0.011922415345907211,0.030058354139328003,0.020967276766896248,0.04828851670026779,0.08416509628295898,0.06820043921470642,0.08257653564214706,0.09092330932617188
120,4.0,,,,insightface_bbox,0.6581915616989136,0.0,666.5073852539062,726.0535278320312,2389.51171875,0,0,0,0,0,0,0,0,0,0,0,0,0.04905985668301582,0.03822953253984451,0.15149077773094177,0.05413946136832237,0.01133800856769085,0.028756603598594666,0.01954108662903309,0.04595161974430084,0.08051260560750961,0.06508833169937134,0.07266557216644287,0.08382383733987808
121,4.033333333333333,,,,insightface_bbox,0.6581915616989136,0.0,666.5073852539062,726.0535278320312,2389.51171875,0,0,0,0,0,0,0,0,0,0,0,0,0.046514276415109634,0.03543812036514282,0.14094248414039612,0.0486396960914135,0.010759152472019196,0.027679970487952232,0.019348792731761932,0.04484480246901512,0.08219099044799805,0.06622983515262604,0.06676904857158661,0.0797753632068634
122,4.066666666666666,,,,insightface_bbox,0.6581915616989136,0.0,666.5073852539062,726.0535278320312,2389.51171875,0,0,0,0,0,0,0,0,0,0,0,0,0.04538755491375923,0.03461480513215065,0.14212223887443542,0.0470852255821228,0.010305264964699745,0.027403375133872032,0.018617844209074974,0.044961825013160706,0.0845545083284378,0.06810088455677032,0.06852491945028305,0.08015795797109604
123,4.1,,,,insightface_bbox,0.6581915616989136,0.0,666.5073852539062,726.0535278320312,2389.51171875,0,0,0,0,0,0,0,0,0,0,0,0,0.04512874782085419,0.03438133746385574,0.14763745665550232,0.04602658003568649,0.010153968818485737,0.027094146236777306,0.01836428791284561,0.04420287907123566,0.08300752192735672,0.0663021132349968,0.06596312671899796,0.07649415731430054
124,4.133333333333334,,,,insightface_bbox,0.6581915616989136,0.0,666.5073852539062,726.0535278320312,2389.51171875,0,0,0,0,0,0,0,0,0,0,0,0,0.04630393907427788,0.03504529967904091,0.15243056416511536,0.04679400846362114,0.01027657464146614,0.02733062021434307,0.018510444089770317,0.04389602318406105,0.08278816193342209,0.06609712541103363,0.06454580277204514,0.07598574459552765
125,4.166666666666667,,,,insightface_bbox,0.6581915616989136,0.0,666.5073852539062,726.0535278320312,2389.51171875,0,0,0,0,0,0,0,0,0,0,0,0,0.04563773423433304,0.034624192863702774,0.14330825209617615,0.04599443078041077,0.010267456993460655,0.027207711711525917,0.018841473385691643,0.04390564560890198,0.082148976624012,0.06664473563432693,0.06518185883760452,0.07618696242570877
126,4.2,,,,insightface_bbox,0.6427626013755798,0.0,641.0289306640625,725.4246215820312,2405.50537109375,0,0,0,0,0,0,0,0,0,0,0,0,0.04401693493127823,0.03310737386345863,0.1417241096496582,0.04318327084183693,0.01037813164293766,0.026809917762875557,0.018178490921854973,0.04463527351617813,0.08234968781471252,0.0670309066772461,0.05872214213013649,0.07265375554561615
127,4.233333333333333,,,,insightface_bbox,0.6427626013755798,0.0,641.0289306640625,725.4246215820312,2405.50537109375,0,0,0,0,0,0,0,0,0,0,0,0,0.044736869633197784,0.03350115567445755,0.13931436836719513,0.04500940069556236,0.010289550758898258,0.026373323053121567,0.017265452072024345,0.043948978185653687,0.08195706456899643,0.0662599503993988,0.056085843592882156,0.06983142346143723
128,4.266666666666667,,,,insightface_bbox,0.6427626013755798,0.0,641.0289306640625,725.4246215820312,2405.50537109375,0,0,1,0,0,0,0,0,0,0,0,0,0.04544343426823616,0.03370755910873413,0.1641184687614441,0.04361101984977722,0.010881916619837284,0.026856880635023117,0.016578558832406998,0.04421108961105347,0.08137893676757812,0.06602068990468979,0.05362406000494957,0.06518130004405975
129,4.3,,,,insightface_bbox,0.6427626013755798,0.0,641.0289306640625,725.4246215820312,2405.50537109375,0,0,1,0,0,0,0,0,0,0,0,0,0.04414370656013489,0.03290767967700958,0.15634697675704956,0.04107489809393883,0.011326582171022892,0.027700506150722504,0.01687789522111416,0.04595261439681053,0.07972177118062973,0.0656936913728714,0.0616004653275013,0.06857620924711227
130,4.333333333333333,,,,insightface_bbox,0.6427626013755798,0.0,641.0289306640625,725.4246215820312,2405.50537109375,0,0,1,0,0,0,0,0,0,0,0,0,0.045044463127851486,0.03343559056520462,0.16693948209285736,0.04075856879353523,0.01171892136335373,0.02795640006661415,0.017357172444462776,0.0462389700114727,0.07883496582508087,0.06485995650291443,0.061491709202528,0.07063816487789154
131,4.366666666666666,,,,insightface_bbox,0.6427626013755798,0.0,641.0289306640625,725.4246215820312,2405.50537109375,0,0,1,0,0,0,0,0,0,0,0,0,0.04563172161579132,0.033773329108953476,0.18646247684955597,0.041362155228853226,0.011728816665709019,0.028292015194892883,0.017384015023708344,0.04605872929096222,0.07949606329202652,0.06360679864883423,0.06208486109972,0.0703682079911232
132,4.4,,,,insightface_bbox,0.6269793510437012,0.0,622.9285888671875,727.4299926757812,2475.492431640625,0,0,1,0,0,0,0,0,0,0,0,0,0.046381570398807526,0.03478269279003143,0.17372101545333862,0.04228997603058815,0.01077756192535162,0.02641437202692032,0.015634264796972275,0.04409291595220566,0.08077920973300934,0.061846159398555756,0.06706365197896957,0.07149171829223633
133,4.433333333333334,,,,insightface_bbox,0.6269793510437012,0.0,622.9285888671875,727.4299926757812,2475.492431640625,0,0,1,0,0,0,0,0,0,0,0,0,0.04629334807395935,0.034637462347745895,0.1740024834871292,0.04168042913079262,0.010786017403006554,0.026660596951842308,0.015789180994033813,0.04340823367238045,0.07953770458698273,0.06125254929065704,0.07022154331207275,0.07189249247312546
134,4.466666666666667,,,,insightface_bbox,0.6269793510437012,0.0,622.9285888671875,727.4299926757812,2475.492431640625,0,0,1,0,0,0,0,0,0,0,0,0,0.0455651730298996,0.0343971811234951,0.16126155853271484,0.04160315543413162,0.010611047968268394,0.026480117812752724,0.016008809208869934,0.04380395635962486,0.07805170118808746,0.061006974428892136,0.07092681527137756,0.07266529649496078
135,4.5,,,,insightface_bbox,0.6269793510437012,0.0,622.9285888671875,727.4299926757812,2475.492431640625,0,0,1,0,0,0,0,0,0,0,0,0,0.04487849026918411,0.03470803052186966,0.16110427677631378,0.0436556302011013,0.010942069813609123,0.027257809415459633,0.018000464886426926,0.04663030803203583,0.07764030992984772,0.0614984855055809,0.07208241522312164,0.07553549110889435
136,4.533333333333333,,,,insightface_bbox,0.6269793510437012,0.0,622.9285888671875,727.4299926757812,2475.492431640625,0,0,1,0,0,0,0,0,0,0,0,0,0.04807692766189575,0.03809409588575363,0.18176598846912384,0.05241364240646362,0.011360982432961464,0.02905893884599209,0.01949138194322586,0.04927700757980347,0.08054275065660477,0.06434208899736404,0.08801093697547913,0.08875076472759247
137,4.566666666666666,,,,insightface_bbox,0.6269793510437012,0.0,622.9285888671875,727.4299926757812,2475.492431640625,0,0,1,0,0,0,0,0,0,0,0,0,0.049467265605926514,0.039838701486587524,0.19673481583595276,0.0560065396130085,0.011697439476847649,0.03058316558599472,0.02051384374499321,0.051220133900642395,0.08158418536186218,0.06523621082305908,0.10030825436115265,0.09895194321870804
138,4.6,,,,insightface_bbox,0.6516406536102295,0.0,656.2015991210938,717.8192138671875,2361.093017578125,0,0,1,0,0,0,0,0,0,0,0,0,0.04764389619231224,0.03759352117776871,0.1731041669845581,0.05049136281013489,0.011949243023991585,0.029689932242035866,0.020903972908854485,0.05371185392141342,0.08259807527065277,0.06812874972820282,0.08931581676006317,0.09234227240085602
139,4.633333333333334,,,,insightface_bbox,0.6516406536102295,0.0,656.2015991210938,717.8192138671875,2361.093017578125,0,0,1,0,0,0,0,0,0,0,0,0,0.048087507486343384,0.03697439655661583,0.18451577425003052,0.05063066631555557,0.011358036659657955,0.02843167632818222,0.01809711754322052,0.04986118525266647,0.08101987838745117,0.06485342234373093,0.07558194547891617,0.08019760996103287
140,4.666666666666667,,,,insightface_bbox,0.6516406536102295,0.0,656.2015991210938,717.8192138671875,2361.093017578125,0,0,1,0,0,0,0,0,0,0,0,0,0.04725377634167671,0.036581289023160934,0.17804911732673645,0.04999959468841553,0.011340499855577946,0.028416529297828674,0.018486011773347855,0.04965414106845856,0.08152064681053162,0.06552690267562866,0.07513847202062607,0.08064888417720795
141,4.7,,,,insightface_bbox,0.6516406536102295,0.0,656.2015991210938,717.8192138671875,2361.093017578125,0,0,1,0,0,0,0,0,0,0,0,0,0.04841617867350578,0.03711416944861412,0.17082907259464264,0.049879834055900574,0.01154855266213417,0.02866939827799797,0.01920500211417675,0.050654828548431396,0.08202113211154938,0.0664684996008873,0.08078248053789139,0.08544168621301651
142,4.733333333333333,,,,insightface_bbox,0.6516406536102295,0.0,656.2015991210938,717.8192138671875,2361.093017578125,0,0,0,0,0,0,0,0,0,0,0,0,0.04810188338160515,0.037660740315914154,0.17051076889038086,0.05026274174451828,0.011644727550446987,0.028811393305659294,0.01930585503578186,0.050561171025037766,0.07980414479970932,0.06514237821102142,0.08631919324398041,0.08972276002168655
143,4.766666666666667,,,,insightface_bbox,0.6516406536102295,0.0,656.2015991210938,717.8192138671875,2361.093017578125,0,0,0,0,0,0,0,0,0,0,0,0,0.048013582825660706,0.037451136857271194,0.16862379014492035,0.04975685477256775,0.011599505320191383,0.02872440591454506,0.019275974482297897,0.050165630877017975,0.07971615344285965,0.06510438024997711,0.08417195826768875,0.08912703394889832
144,4.8,,,,insightface_bbox,0.6404122114181519,0.0,656.3603515625,711.2337036132812,2374.627685546875,0,0,1,0,0,0,0,0,0,0,0,0,0.04793437197804451,0.03553297743201256,0.17217428982257843,0.04734762758016586,0.011034838855266571,0.027499841526150703,0.016865530982613564,0.04705212265253067,0.08157439529895782,0.06505978107452393,0.06821901351213455,0.07696649432182312
145,4.833333333333333,,,,insightface_bbox,0.6404122114181519,0.0,656.3603515625,711.2337036132812,2374.627685546875,0,0,1,0,0,0,0,0,0,0,0,0,0.04398898035287857,0.032502681016922,0.1566966027021408,0.04122456535696983,0.010109443217515945,0.025027886033058167,0.014371909201145172,0.04239678010344505,0.07786346971988678,0.060171786695718765,0.05703281611204147,0.06426665186882019
146,4.866666666666666,,,,insightface_bbox,0.6404122114181519,0.0,656.3603515625,711.2337036132812,2374.627685546875,0,0,1,0,0,0,0,0,0,0,0,0,0.043329715728759766,0.031757697463035583,0.16015109419822693,0.04008589684963226,0.009945821948349476,0.02452508546411991,0.013854222372174263,0.041442133486270905,0.07816760241985321,0.059208519756793976,0.05623380094766617,0.06258096545934677
147,4.9,,,,insightface_bbox,0.6404122114181519,0.0,656.3603515625,711.2337036132812,2374.627685546875,0,0,1,0,0,0,0,0,0,0,0,0,0.04357770085334778,0.03188404068350792,0.16639681160449982,0.039949268102645874,0.010083109140396118,0.024742206558585167,0.013830662705004215,0.04179932177066803,0.07912658900022507,0.05951308086514473,0.05544408783316612,0.06153157353401184
148,4.933333333333334,,,,insightface_bbox,0.6404122114181519,0.0,656.3603515625,711.2337036132812,2374.627685546875,0,0,1,0,0,0,0,0,0,0,0,0,0.04506963491439819,0.03326870873570442,0.17260657250881195,0.04269145056605339,0.01034325547516346,0.025884784758090973,0.014954720623791218,0.04319300875067711,0.0803532749414444,0.061548907309770584,0.0592559389770031,0.06545694172382355
149,4.966666666666667,,,,insightface_bbox,0.6404122114181519,0.0,656.3603515625,711.2337036132812,2374.627685546875,0,0,1,0,0,0,0,0,0,0,0,0,0.04523113742470741,0.03317445144057274,0.16502352058887482,0.04250596463680267,0.010259345173835754,0.025808237493038177,0.014995770528912544,0.043101124465465546,0.07987048476934433,0.06158485636115074,0.06005629897117615,0.06689570099115372
150,5.0,,,,insightface_bbox,0.6671208143234253,0.0,662.8021850585938,706.5795288085938,2409.134765625,0,0,0,0,0,0,0,0,0,0,0,0,0.041144341230392456,0.03221719712018967,0.13785381615161896,0.03961842507123947,0.009985515847802162,0.025175943970680237,0.016644636169075966,0.0413995161652565,0.07249711453914642,0.05941958725452423,0.08578314632177353,0.08878227323293686
151,5.033333333333333,,,,insightface_bbox,0.6671208143234253,0.0,662.8021850585938,706.5795288085938,2409.134765625,0,0,0,0,0,0,0,0,0,0,0,0,0.04159922897815704,0.032658275216817856,0.1412385106086731,0.040466658771038055,0.009841476567089558,0.025105832144618034,0.01606113277375698,0.04065781459212303,0.07373086363077164,0.059801939874887466,0.08382253348827362,0.08861340582370758
152,5.066666666666666,,,,insightface_bbox,0.6671208143234253,0.0,662.8021850585938,706.5795288085938,2409.134765625,0,0,0,0,0,0,0,0,0,0,0,0,0.04118582233786583,0.03254009038209915,0.1399015486240387,0.040317509323358536,0.009941997937858105,0.025077786296606064,0.01575484499335289,0.04129588231444359,0.0738820731639862,0.05994134023785591,0.08405183255672455,0.0885782465338707
153,5.1,,,,insightface_bbox,0.6671208143234253,0.0,662.8021850585938,706.5795288085938,2409.134765625,0,0,0,0,0,0,0,0,0,0,0,0,0.04075977951288223,0.032182857394218445,0.13601627945899963,0.03959376737475395,0.0098722530528903,0.024934321641921997,0.015625111758708954,0.04105677455663681,0.07323557883501053,0.05926426500082016,0.0820610299706459,0.08756940066814423
154,5.133333333333334,,,,insightface_bbox,0.6671208143234253,0.0,662.8021850585938,706.5795288085938,2409.134765625,0,0,0,0,0,0,0,0,0,0,0,0,0.04091862589120865,0.03228206932544708,0.13673539459705353,0.04038616269826889,0.00999147817492485,0.025249149650335312,0.01646612584590912,0.04152094945311546,0.07277584075927734,0.05904461815953255,0.07888700067996979,0.08310945332050323
155,5.166666666666667,,,,insightface_bbox,0.6671208143234253,0.0,662.8021850585938,706.5795288085938,2409.134765625,0,0,0,0,0,0,0,0,0,0,0,0,0.040720902383327484,0.03152773901820183,0.13292363286018372,0.03901539370417595,0.009805059060454369,0.024718549102544785,0.016520226374268532,0.0419577993452549,0.0721060037612915,0.05851289629936218,0.07373179495334625,0.07833188772201538
156,5.2,,,,insightface_bbox,0.6573318839073181,0.0,656.8627319335938,727.88720703125,2384.126953125,0,0,1,0,0,0,0,0,0,0,0,0,0.0486384741961956,0.036769069731235504,0.16048619151115417,0.04909006878733635,0.011598208919167519,0.02847486175596714,0.01871175318956375,0.04711410403251648,0.08169316500425339,0.06580163538455963,0.06655088812112808,0.07924684882164001
157,5.233333333333333,,,,insightface_bbox,0.6573318839073181,0.0,656.8627319335938,727.88720703125,2384.126953125,0,0,0,0,0,0,0,0,0,0,0,0,0.04835710674524307,0.03635360300540924,0.15292125940322876,0.048783980309963226,0.011584373190999031,0.028183860704302788,0.018414506688714027,0.048341307789087296,0.0822930857539177,0.06669062376022339,0.065488800406456,0.07890103757381439
158,5.266666666666667,,,,insightface_bbox,0.6573318839073181,0.0,656.8627319335938,727.88720703125,2384.126953125,0,0,0,0,0,0,0,0,0,0,0,0,0.04808732867240906,0.03599819168448448,0.15173158049583435,0.04831593483686447,0.01164117082953453,0.028466099873185158,0.01880325935781002,0.04933362454175949,0.08399365842342377,0.06814772635698318,0.06753475964069366,0.08050718903541565
159,5.3,,,,insightface_bbox,0.6573318839073181,0.0,656.8627319335938,727.88720703125,2384.126953125,0,0,1,0,0,0,0,0,0,0,0,0,0.04805644974112511,0.03562678396701813,0.15980276465415955,0.04778478667140007,0.011522067710757256,0.028655335307121277,0.018732458353042603,0.049727924168109894,0.085161492228508,0.06909008324146271,0.06826777011156082,0.07898327708244324
160,5.333333333333333,,,,insightface_bbox,0.6573318839073181,0.0,656.8627319335938,727.88720703125,2384.126953125,0,0,1,0,0,0,0,0,0,0,0,0,0.048600248992443085,0.036134231835603714,0.16370230913162231,0.04869160056114197,0.011642285622656345,0.028939908370375633,0.01860717125236988,0.05027444660663605,0.08524324744939804,0.06991507112979889,0.06902389973402023,0.08094868063926697
161,5.366666666666666,,,,insightface_bbox,0.6573318839073181,0.0,656.8627319335938,727.88720703125,2384.126953125,0,0,1,0,0,0,0,0,0,0,0,0,0.04783716797828674,0.03531549870967865,0.16348525881767273,0.0469515286386013,0.011107053607702255,0.027818923816084862,0.01752559281885624,0.04689500480890274,0.08397381752729416,0.06766780465841293,0.06399472802877426,0.07766962796449661
162,5.4,,,,insightface_bbox,0.6500917673110962,0.0,643.9420166015625,730.6453857421875,2453.511474609375,0,0,1,0,0,0,0,0,0,0,0,0,0.04919964075088501,0.036140359938144684,0.154852032661438,0.049371156841516495,0.010524868965148926,0.026886165142059326,0.01686016283929348,0.0437009297311306,0.08368254452943802,0.06651661545038223,0.06098301708698273,0.07640258967876434
163,5.433333333333334,,,,insightface_bbox,0.6500917673110962,0.0,643.9420166015625,730.6453857421875,2453.511474609375,0,0,1,0,0,0,0,0,0,0,0,0,0.047798529267311096,0.0343962199985981,0.16271060705184937,0.04473845660686493,0.010253850370645523,0.026057664304971695,0.016244279220700264,0.0421893410384655,0.08398211747407913,0.0668630376458168,0.05305510386824608,0.07080426067113876
164,5.466666666666667,,,,insightface_bbox,0.6500917673110962,0.0,643.9420166015625,730.6453857421875,2453.511474609375,0,0,1,0,0,0,0,0,0,0,0,0,0.046113599091768265,0.032889194786548615,0.15344850718975067,0.04164643958210945,0.009971797466278076,0.0248632300645113,0.014513380825519562,0.04047475755214691,0.0833495557308197,0.06537330150604248,0.047155313193798065,0.06438013911247253
165,5.5,,,,insightface_bbox,0.6500917673110962,0.0,643.9420166015625,730.6453857421875,2453.511474609375,0,0,1,0,0,0,0,0,0,0,0,0,0.046093881130218506,0.032747820019721985,0.15598873794078827,0.04115377366542816,0.009940351359546185,0.024477072060108185,0.01387654710561037,0.03962146118283272,0.08282501995563507,0.06432852149009705,0.045608676970005035,0.06259917467832565
166,5.533333333333333,,,,insightface_bbox,0.6500917673110962,0.0,643.9420166015625,730.6453857421875,2453.511474609375,0,0,1,0,0,0,0,0,0,0,0,0,0.04553038999438286,0.03247689828276634,0.15226754546165466,0.04119525104761124,0.009739698842167854,0.02426282688975334,0.013849787414073944,0.03883969411253929,0.08235833793878555,0.06397809088230133,0.045493535697460175,0.06224179267883301
167,5.566666666666666,,,,insightface_bbox,0.6500917673110962,0.0,643.9420166015625,730.6453857421875,2453.511474609375,0,0,1,0,0,0,0,0,0,0,0,0,0.046102553606033325,0.033168986439704895,0.1565709412097931,0.04239483177661896,0.010032810270786285,0.025562860071659088,0.015045278705656528,0.04151162505149841,0.08418966829776764,0.06651658564805984,0.051255740225315094,0.06659586727619171
168,5.6,,,,insightface_bbox,0.6718945503234863,0.0,650.1723022460938,721.6427612304688,2415.3740234375,0,0,1,0,0,0,0,0,0,0,0,0,0.04774937033653259,0.03690223768353462,0.16820253431797028,0.0500892698764801,0.011347094550728798,0.028841674327850342,0.02010970562696457,0.0471140593290329,0.08110102266073227,0.06559496372938156,0.07812611758708954,0.09018176048994064
169,5.633333333333334,,,,insightface_bbox,0.6718945503234863,0.0,650.1723022460938,721.6427612304688,2415.3740234375,0,0,0,0,0,0,0,0,0,0,0,0,0.04733341187238693,0.036976493895053864,0.1603708416223526,0.04982292652130127,0.010882878676056862,0.028318092226982117,0.018831275403499603,0.04538515582680702,0.07773324102163315,0.062084123492240906,0.08237563818693161,0.08925560861825943
170,5.666666666666667,,,,insightface_bbox,0.6718945503234863,0.0,650.1723022460938,721.6427612304688,2415.3740234375,0,0,0,0,0,0,0,0,0,0,0,0,0.04682574421167374,0.03723881393671036,0.16133278608322144,0.05158788710832596,0.011274700984358788,0.02881983481347561,0.019604170694947243,0.048386942595243454,0.07898108661174774,0.06326175481081009,0.08401677757501602,0.09061609208583832
171,5.7,,,,insightface_bbox,0.6718945503234863,0.0,650.1723022460938,721.6427612304688,2415.3740234375,0,0,0,0,0,0,0,0,0,0,0,0,0.04704810306429863,0.03736840561032295,0.16512444615364075,0.052578654140233994,0.011256638914346695,0.028456153348088264,0.019407903775572777,0.04771501198410988,0.07776911556720734,0.06223079562187195,0.0828256756067276,0.09003712981939316
172,5.733333333333333,,,,insightface_bbox,0.6718945503234863,0.0,650.1723022460938,721.6427612304688,2415.3740234375,0,0,0,0,0,0,0,0,0,0,0,0,0.04781896620988846,0.03794952481985092,0.1687665432691574,0.05433116480708122,0.011311516165733337,0.02871181070804596,0.01991250552237034,0.047846369445323944,0.07903218269348145,0.06262481957674026,0.08419859409332275,0.09004852175712585
173,5.766666666666667,,,,insightface_bbox,0.6718945503234863,0.0,650.1723022460938,721.6427612304688,2415.3740234375,0,0,0,0,0,0,0,0,0,0,0,0,0.047403641045093536,0.037381671369075775,0.16468168795108795,0.053066447377204895,0.011496070772409439,0.028757475316524506,0.02008667401969433,0.04869670420885086,0.0792463943362236,0.06304669380187988,0.08303283900022507,0.0884987860918045
174,5.8,,,,insightface_bbox,0.6638503670692444,0.0,652.70361328125,723.27099609375,2414.466796875,0,0,0,0,0,0,0,0,0,0,0,0,0.04691341891884804,0.03753219172358513,0.1611388474702835,0.053093865513801575,0.011552788317203522,0.028655797243118286,0.02014060690999031,0.049226313829422,0.07837778329849243,0.06328171491622925,0.08406251668930054,0.08979491889476776
175,5.833333333333333,,,,insightface_bbox,0.6638503670692444,0.0,652.70361328125,723.27099609375,2414.466796875,0,0,0,0,0,0,0,0,0,0,0,0,0.04743456840515137,0.03763071820139885,0.1630190908908844,0.0534512884914875,0.011385206133127213,0.028749432414770126,0.01975886896252632,0.04824454337358475,0.078999362885952,0.06327399611473083,0.0866670235991478,0.09035225957632065
176,5.866666666666666,,,,insightface_bbox,0.6638503670692444,0.0,652.70361328125,723.27099609375,2414.466796875,0,0,0,0,0,0,0,0,0,0,0,0,0.045544981956481934,0.035670164972543716,0.14927393198013306,0.048821885138750076,0.011030902154743671,0.027819767594337463,0.01903512515127659,0.04681544005870819,0.07995530962944031,0.06392403692007065,0.07968024909496307,0.08542831242084503
177,5.9,,,,insightface_bbox,0.6638503670692444,0.0,652.70361328125,723.27099609375,2414.466796875,0,0,0,0,0,0,0,0,0,0,0,0,0.04660634323954582,0.03676560893654823,0.15718433260917664,0.05129784345626831,0.011227601207792759,0.02825816348195076,0.01920609548687935,0.04655890539288521,0.07930491864681244,0.062838613986969,0.08265902101993561,0.08661850541830063
178,5.933333333333334,,,,insightface_bbox,0.6638503670692444,0.0,652.70361328125,723.27099609375,2414.466796875,0,0,0,0,0,0,0,0,0,0,0,0,0.04705670475959778,0.037327252328395844,0.16226477921009064,0.052835043519735336,0.011262408457696438,0.028204448521137238,0.019109051674604416,0.04674655944108963,0.07965640723705292,0.06317638605833054,0.08718080073595047,0.09126654267311096
179,5.966666666666667,,,,insightface_bbox,0.6638503670692444,0.0,652.70361328125,723.27099609375,2414.466796875,0,0,0,0,0,0,0,0,0,0,0,0,0.047187574207782745,0.037817154079675674,0.16706319153308868,0.05457581952214241,0.011242958717048168,0.028292417526245117,0.019195497035980225,0.04799176752567291,0.08016153424978256,0.06331449002027512,0.08836247771978378,0.09233255684375763
180,6.0,,,,insightface_bbox,0.6351240873336792,0.0,642.408203125,734.461669921875,2450.2958984375,0,0,0,0,0,0,0,0,0,0,0,0,0.04302622750401497,0.0329647958278656,0.13016535341739655,0.04541812464594841,0.010530935600399971,0.025197595357894897,0.016666671261191368,0.04446267709136009,0.07819339632987976,0.06216905638575554,0.05092497915029526,0.06492339819669724
181,6.033333333333333,,,,insightface_bbox,0.6351240873336792,0.0,642.408203125,734.461669921875,2450.2958984375,0,0,0,0,0,0,0,0,0,0,0,0,0.04509285092353821,0.034441977739334106,0.13718581199645996,0.04825272411108017,0.010648496448993683,0.025670750066637993,0.017134638503193855,0.04438839480280876,0.07866616547107697,0.06218626722693443,0.05153432860970497,0.06583741307258606
182,6.066666666666666,,,,insightface_bbox,0.6351240873336792,0.0,642.408203125,734.461669921875,2450.2958984375,0,0,0,0,0,0,0,0,0,0,0,0,0.04275812208652496,0.03218703716993332,0.1292550265789032,0.043797560036182404,0.010939919389784336,0.02561265416443348,0.017157696187496185,0.04695214703679085,0.08069872856140137,0.0654585137963295,0.048071570694446564,0.06378647685050964
183,6.1,,,,insightface_bbox,0.6351240873336792,0.0,642.408203125,734.461669921875,2450.2958984375,0,0,0,0,0,0,0,0,0,0,0,0,0.042213499546051025,0.03165126591920853,0.13026162981987,0.04254169017076492,0.010747026652097702,0.02517799846827984,0.01656859926879406,0.0463680736720562,0.07887637615203857,0.06503051519393921,0.04696390777826309,0.0614246129989624
184,6.133333333333334,,,,insightface_bbox,0.6351240873336792,0.0,642.408203125,734.461669921875,2450.2958984375,0,0,0,0,0,0,0,0,0,0,0,0,0.042407963424921036,0.031862448900938034,0.1366141140460968,0.04413476213812828,0.010685223154723644,0.02555302530527115,0.016925469040870667,0.048428405076265335,0.0839618518948555,0.06727983057498932,0.05039890110492706,0.06458999216556549
185,6.166666666666667,,,,insightface_bbox,0.6351240873336792,0.0,642.408203125,734.461669921875,2450.2958984375,0,0,1,0,0,0,0,0,0,0,0,0,0.04348886013031006,0.031873803585767746,0.14675967395305634,0.04334412142634392,0.010954857803881168,0.02624787576496601,0.016167432069778442,0.04788188263773918,0.08574150502681732,0.06748232990503311,0.05181233957409859,0.06529757380485535
186,6.2,,,,insightface_bbox,0.6391488313674927,0.0,636.6525268554688,740.1851196289062,2442.177978515625,0,0,1,0,0,0,0,0,0,0,0,0,0.043132636696100235,0.032963238656520844,0.138696551322937,0.04316624999046326,0.01106209959834814,0.024994492530822754,0.014787987805902958,0.0441792756319046,0.07586861401796341,0.06280134618282318,0.043138280510902405,0.06054723635315895
187,6.233333333333333,,,,insightface_bbox,0.6391488313674927,0.0,636.6525268554688,740.1851196289062,2442.177978515625,0,0,0,0,0,0,0,0,0,0,0,0,0.04533589631319046,0.034580014646053314,0.14594164490699768,0.046895142644643784,0.011450047604739666,0.02649618685245514,0.01618998497724533,0.04619527980685234,0.07648111134767532,0.06414926797151566,0.05037873238325119,0.06746309995651245
188,6.266666666666667,,,,insightface_bbox,0.6391488313674927,0.0,636.6525268554688,740.1851196289062,2442.177978515625,0,0,0,0,0,0,0,0,0,0,0,0,0.044792696833610535,0.034054793417453766,0.140745609998703,0.04538525640964508,0.011308189481496811,0.025985555723309517,0.015769319608807564,0.045307740569114685,0.07391658425331116,0.06293502449989319,0.04703545570373535,0.06405086815357208
189,6.3,,,,insightface_bbox,0.6391488313674927,0.0,636.6525268554688,740.1851196289062,2442.177978515625,0,0,0,0,0,0,0,0,0,0,0,0,0.0446491539478302,0.03404196351766586,0.14139802753925323,0.045982539653778076,0.011356497183442116,0.02605624310672283,0.01603279635310173,0.04589962959289551,0.07450532168149948,0.06314343959093094,0.047726187855005264,0.06439146399497986
190,6.333333333333333,,,,insightface_bbox,0.6391488313674927,0.0,636.6525268554688,740.1851196289062,2442.177978515625,0,0,0,0,0,0,0,0,0,0,0,0,0.04512367397546768,0.03482593595981598,0.1415156126022339,0.047388240694999695,0.011769484728574753,0.02666626311838627,0.016894850879907608,0.047421712428331375,0.07620112597942352,0.06501227617263794,0.051222048699855804,0.06868036091327667
191,6.366666666666666,,,,insightface_bbox,0.6391488313674927,0.0,636.6525268554688,740.1851196289062,2442.177978515625,0,0,0,0,0,0,0,0,0,0,0,0,0.04378381744027138,0.03358364477753639,0.13509505987167358,0.04524049907922745,0.011498006992042065,0.02632826380431652,0.01729101687669754,0.0479840449988842,0.07725155353546143,0.0661015436053276,0.05130239203572273,0.0687558576464653
192,6.4,,,,insightface_bbox,0.6783829927444458,0.0,652.5405883789062,724.0435791015625,2393.579833984375,0,0,0,0,0,0,0,0,0,0,0,0,0.04850787669420242,0.03809341415762901,0.16630245745182037,0.05419222265481949,0.01241370476782322,0.03029470145702362,0.021072866395115852,0.05432065948843956,0.08272704482078552,0.06730764359235764,0.09136620163917542,0.09282446652650833
193,6.433333333333334,,,,insightface_bbox,0.6783829927444458,0.0,652.5405883789062,724.0435791015625,2393.579833984375,0,0,0,0,0,0,0,0,0,0,0,0,0.0467405766248703,0.03725695237517357,0.16651348769664764,0.05357945337891579,0.01171862706542015,0.02882573939859867,0.018357189372181892,0.052007175981998444,0.0789026990532875,0.06350667774677277,0.08743342757225037,0.08923554420471191
194,6.466666666666667,,,,insightface_bbox,0.6783829927444458,0.0,652.5405883789062,724.0435791015625,2393.579833984375,0,0,0,0,0,0,0,0,0,0,0,0,0.0457812063395977,0.03661148622632027,0.16459999978542328,0.051962923258543015,0.011691571213304996,0.028310613706707954,0.017897726967930794,0.05256272852420807,0.07776115834712982,0.06271663308143616,0.08562147617340088,0.08616053313016891
195,6.5,,,,insightface_bbox,0.6783829927444458,0.0,652.5405883789062,724.0435791015625,2393.579833984375,0,0,0,0,0,0,0,0,0,0,0,0,0.04639621078968048,0.03735337406396866,0.17031297087669373,0.05404164642095566,0.011760826222598553,0.028862807899713516,0.01804698258638382,0.052847009152173996,0.07877020537853241,0.0630560964345932,0.09163032472133636,0.08920959383249283
196,6.533333333333333,,,,insightface_bbox,0.6783829927444458,0.0,652.5405883789062,724.0435791015625,2393.579833984375,0,0,0,0,0,0,0,0,0,0,0,0,0.04653341695666313,0.03737728297710419,0.16765183210372925,0.053861744701862335,0.011675813235342503,0.028975754976272583,0.01836446486413479,0.051603637635707855,0.07977370917797089,0.06401732563972473,0.0902346670627594,0.0898783802986145
197,6.566666666666666,,,,insightface_bbox,0.6783829927444458,0.0,652.5405883789062,724.0435791015625,2393.579833984375,0,0,0,0,0,0,0,0,0,0,0,0,0.04886326193809509,0.038220908492803574,0.160410076379776,0.0536428801715374,0.011533289216458797,0.028840268030762672,0.017453690990805626,0.04867734760046005,0.08247401565313339,0.06524658203125,0.08771557360887527,0.08854560554027557
198,6.6,,,,insightface_bbox,0.6307525634765625,0.0,614.8156127929688,721.4814453125,2466.701416015625,0,0,1,0,0,0,0,0,0,0,0,0,0.044148821383714676,0.03263876959681511,0.1465943306684494,0.043477971106767654,0.010147476568818092,0.025550808757543564,0.0156061677262187,0.042950768023729324,0.08433520048856735,0.0654749646782875,0.05317151919007301,0.06639308482408524
199,6.633333333333334,,,,insightface_bbox,0.6307525634765625,0.0,614.8156127929688,721.4814453125,2466.701416015625,0,0,0,0,0,0,0,0,0,0,0,0,0.04606445133686066,0.0353977233171463,0.1488029807806015,0.04948319494724274,0.010682502761483192,0.027210373431444168,0.01717783696949482,0.04472380876541138,0.08397975564002991,0.06541013717651367,0.06606100499629974,0.0764816552400589
200,6.666666666666667,,,,insightface_bbox,0.6307525634765625,0.0,614.8156127929688,721.4814453125,2466.701416015625,0,0,0,0,0,0,0,0,0,0,0,0,0.04623372480273247,0.03639470413327217,0.15407373011112213,0.0532788410782814,0.010963361710309982,0.02715511992573738,0.01766434870660305,0.04717845842242241,0.08311963081359863,0.06396069377660751,0.07358313351869583,0.08256696909666061
201,6.7,,,,insightface_bbox,0.6307525634765625,0.0,614.8156127929688,721.4814453125,2466.701416015625,0,0,0,0,0,0,0,0,0,0,0,0,0.04671920835971832,0.03721918538212776,0.17114929854869843,0.05417867749929428,0.011802619323134422,0.028029292821884155,0.018563495948910713,0.051526498049497604,0.08117733895778656,0.062193095684051514,0.08186857402324677,0.08535341918468475
202,6.733333333333333,,,,insightface_bbox,0.6307525634765625,0.0,614.8156127929688,721.4814453125,2466.701416015625,0,0,0,0,0,0,0,0,0,0,0,0,0.04536060616374016,0.03605934977531433,0.16651073098182678,0.05081702396273613,0.011531956493854523,0.027349811047315598,0.018241621553897858,0.05049877241253853,0.07973197847604752,0.06060744822025299,0.07916002720594406,0.0814204066991806
203,6.766666666666667,,,,insightface_bbox,0.6307525634765625,0.0,614.8156127929688,721.4814453125,2466.701416015625,0,0,0,0,0,0,0,0,0,0,0,0,0.04528040438890457,0.03570996969938278,0.16173778474330902,0.049846429377794266,0.011432753875851631,0.027065107598900795,0.018256403505802155,0.04981901869177818,0.07843426614999771,0.0601610466837883,0.07654272764921188,0.0797964334487915
204,6.8,,,,insightface_bbox,0.6349371075630188,0.0,648.5432739257812,740.3544921875,2391.71630859375,0,0,0,0,0,0,0,0,0,0,0,0,0.04594764858484268,0.03594126179814339,0.14425304532051086,0.05182136595249176,0.010865521617233753,0.02583831362426281,0.017635593190789223,0.04406571015715599,0.07306540012359619,0.05631605163216591,0.05588005855679512,0.06598274409770966
205,6.833333333333333,,,,insightface_bbox,0.6349371075630188,0.0,648.5432739257812,740.3544921875,2391.71630859375,0,0,0,0,0,0,0,0,0,0,0,0,0.047409530729055405,0.03647025302052498,0.15463846921920776,0.052557770162820816,0.010848106816411018,0.02624249830842018,0.018212448805570602,0.04353184998035431,0.07363718748092651,0.05685743689537048,0.05633175000548363,0.06653780490159988
206,6.866666666666666,,,,insightface_bbox,0.6349371075630188,0.0,648.5432739257812,740.3544921875,2391.71630859375,0,0,0,0,0,0,0,0,0,0,0,0,0.04742950573563576,0.0363934300839901,0.15936899185180664,0.05273997783660889,0.010838083922863007,0.026203975081443787,0.018113771453499794,0.04373070225119591,0.07428620010614395,0.05710668861865997,0.05586715415120125,0.06654193997383118
207,6.9,,,,insightface_bbox,0.6349371075630188,0.0,648.5432739257812,740.3544921875,2391.71630859375,0,0,0,0,0,0,0,0,0,0,0,0,0.04545198380947113,0.034671105444431305,0.1466703563928604,0.0501527264714241,0.010315640829503536,0.02483116276562214,0.017211273312568665,0.04221491888165474,0.07516917586326599,0.05723299831151962,0.0508209653198719,0.06311812251806259
208,6.933333333333334,,,,insightface_bbox,0.6349371075630188,0.0,648.5432739257812,740.3544921875,2391.71630859375,0,0,0,0,0,0,0,0,0,0,0,0,0.044730063527822495,0.03399178013205528,0.15084238350391388,0.04995878040790558,0.010089868679642677,0.024370772764086723,0.016681689769029617,0.0414787195622921,0.07537698745727539,0.05745312571525574,0.048817578703165054,0.06211026757955551
209,6.966666666666667,,,,insightface_bbox,0.6349371075630188,0.0,648.5432739257812,740.3544921875,2391.71630859375,0,0,0,0,0,0,0,0,0,0,0,0,0.0453304797410965,0.03466108813881874,0.15280234813690186,0.05052797868847847,0.010077737271785736,0.02484714612364769,0.01692432537674904,0.04158424213528633,0.0753004401922226,0.05847446992993355,0.05152374505996704,0.06503327190876007
210,7.0,,,,insightface_bbox,0.6557721495628357,0.0,649.4844360351562,730.126953125,2413.19677734375,0,0,1,0,0,0,0,0,0,0,0,0,0.046814508736133575,0.03643293306231499,0.179488867521286,0.053002916276454926,0.010885064490139484,0.026373060420155525,0.017738543450832367,0.04414884373545647,0.08130259811878204,0.06109044700860977,0.06356476992368698,0.07561911642551422
211,7.033333333333333,,,,insightface_bbox,0.6557721495628357,0.0,649.4844360351562,730.126953125,2413.19677734375,0,0,1,0,0,0,0,0,0,0,0,0,0.04762999340891838,0.03721027076244354,0.19706866145133972,0.05530652403831482,0.011879462748765945,0.027996273711323738,0.01935463584959507,0.04787064716219902,0.08166220784187317,0.0630178153514862,0.0716572254896164,0.08129812777042389
212,7.066666666666666,,,,insightface_bbox,0.6557721495628357,0.0,649.4844360351562,730.126953125,2413.19677734375,0,0,1,0,0,0,0,0,0,0,0,0,0.04743058234453201,0.0370301753282547,0.2013077735900879,0.05569017678499222,0.011868409812450409,0.028380930423736572,0.019642924889922142,0.04832124710083008,0.0820748507976532,0.06408340483903885,0.0723329484462738,0.08274178951978683
213,7.1,,,,insightface_bbox,0.6557721495628357,0.0,649.4844360351562,730.126953125,2413.19677734375,0,0,1,0,0,0,0,0,0,0,0,0,0.04711354523897171,0.03668953478336334,0.20299792289733887,0.055607784539461136,0.01173628494143486,0.027994375675916672,0.018952040001749992,0.0476764440536499,0.08180578052997589,0.06296795606613159,0.07294698804616928,0.08208370208740234
214,7.133333333333334,,,,insightface_bbox,0.6557721495628357,0.0,649.4844360351562,730.126953125,2413.19677734375,0,0,1,0,0,0,0,0,0,0,0,0,0.04741676151752472,0.036850906908512115,0.201730877161026,0.05538612976670265,0.01165374368429184,0.02792031317949295,0.018742136657238007,0.04728857800364494,0.08041922748088837,0.06233532726764679,0.07318786531686783,0.0822129175066948
215,7.166666666666667,,,,insightface_bbox,0.6557721495628357,0.0,649.4844360351562,730.126953125,2413.19677734375,0,0,1,0,0,0,0,0,0,0,0,0,0.046957846730947495,0.03636251762509346,0.19644641876220703,0.05442234128713608,0.011487651616334915,0.027562662959098816,0.018601136282086372,0.04672964662313461,0.07991498708724976,0.06228521093726158,0.06883446872234344,0.07978759706020355
216,7.2,,,,insightface_bbox,0.6396037936210632,0.0,655.0311889648438,724.4037475585938,2358.2978515625,0,0,0,0,0,0,0,0,0,0,0,0,0.04440218582749367,0.03476452827453613,0.149514302611351,0.05062275379896164,0.010344968177378178,0.02529687061905861,0.01663830876350403,0.04334922507405281,0.07734717428684235,0.05952783301472664,0.05680594593286514,0.06961627304553986
217,7.233333333333333,,,,insightface_bbox,0.6396037936210632,0.0,655.0311889648438,724.4037475585938,2358.2978515625,0,0,0,0,0,0,0,0,0,0,0,0,0.04579845070838928,0.035534072667360306,0.15515896677970886,0.05372662469744682,0.01029284205287695,0.02565913274884224,0.01654999516904354,0.04369582608342171,0.07762467861175537,0.06026364490389824,0.057480648159980774,0.0706426128745079
218,7.266666666666667,,,,insightface_bbox,0.6396037936210632,0.0,655.0311889648438,724.4037475585938,2358.2978515625,0,0,0,0,0,0,0,0,0,0,0,0,0.04761602729558945,0.036401111632585526,0.17278669774532318,0.055837105959653854,0.010304838418960571,0.025587880983948708,0.016762468963861465,0.04228393733501434,0.07689075917005539,0.05970441550016403,0.05305550619959831,0.06937919557094574
219,7.3,,,,insightface_bbox,0.6396037936210632,0.0,655.0311889648438,724.4037475585938,2358.2978515625,0,0,0,0,0,0,0,0,0,0,0,0,0.04781864956021309,0.036371055990457535,0.1744578629732132,0.055210791528224945,0.010470811277627945,0.02602495439350605,0.017469976097345352,0.043535348027944565,0.07917656004428864,0.0617375448346138,0.05350545421242714,0.07011336088180542
220,7.333333333333333,,,,insightface_bbox,0.6396037936210632,0.0,655.0311889648438,724.4037475585938,2358.2978515625,0,0,0,0,0,0,0,0,0,0,0,0,0.047133803367614746,0.036042336374521255,0.17935745418071747,0.05423577129840851,0.011125363409519196,0.027222178876399994,0.019361238926649094,0.047558244317770004,0.08214057236909866,0.06426441669464111,0.058023907244205475,0.07245515286922455
221,7.366666666666666,,,,insightface_bbox,0.6396037936210632,0.0,655.0311889648438,724.4037475585938,2358.2978515625,0,0,0,0,0,0,0,0,0,0,0,0,0.04580201581120491,0.03529520332813263,0.16633787751197815,0.05307342857122421,0.010854391381144524,0.02632511779665947,0.01880924589931965,0.04609277471899986,0.0801004022359848,0.06292679160833359,0.055410973727703094,0.06981579959392548
222,7.4,,,,insightface_bbox,0.6606504321098328,0.0,652.4437255859375,726.0957641601562,2361.1669921875,0,0,1,0,0,0,0,0,0,0,0,0,0.04559902474284172,0.035753753036260605,0.1847798228263855,0.05414406210184097,0.01123549323529005,0.027450017631053925,0.01832139492034912,0.048524919897317886,0.08383004367351532,0.06520268321037292,0.07088388502597809,0.0822778046131134
223,7.433333333333334,,,,insightface_bbox,0.6606504321098328,0.0,652.4437255859375,726.0957641601562,2361.1669921875,0,0,1,0,0,0,0,0,0,0,0,0,0.047054387629032135,0.03713297098875046,0.19522404670715332,0.05685119330883026,0.01162311527878046,0.028190329670906067,0.01898457482457161,0.04955330863595009,0.08437913656234741,0.06561781466007233,0.07443011552095413,0.08606420457363129
224,7.466666666666667,,,,insightface_bbox,0.6606504321098328,0.0,652.4437255859375,726.0957641601562,2361.1669921875,0,0,1,0,0,0,0,0,0,0,0,0,0.048086121678352356,0.037826210260391235,0.20008575916290283,0.05813693255186081,0.011580274440348148,0.028531132265925407,0.019642775878310204,0.04873976856470108,0.08429479598999023,0.06578537821769714,0.07360591739416122,0.08718317747116089
225,7.5,,,,insightface_bbox,0.6606504321098328,0.0,652.4437255859375,726.0957641601562,2361.1669921875,0,0,1,0,0,0,0,0,0,0,0,0,0.04701510816812515,0.03739483281970024,0.19366753101348877,0.056948378682136536,0.011658911593258381,0.02860073186457157,0.019257834181189537,0.05021204054355621,0.08349865674972534,0.06576742976903915,0.07778681814670563,0.08943020552396774
226,7.533333333333333,,,,insightface_bbox,0.6606504321098328,0.0,652.4437255859375,726.0957641601562,2361.1669921875,0,0,1,0,0,0,0,0,0,0,0,0,0.047424666583538055,0.03750532492995262,0.20215299725532532,0.05713694542646408,0.012041693553328514,0.029255738481879234,0.01957935281097889,0.052790265530347824,0.08434697985649109,0.06672756373882294,0.08200573921203613,0.09092417359352112
227,7.566666666666666,,,,insightface_bbox,0.6606504321098328,0.0,652.4437255859375,726.0957641601562,2361.1669921875,0,0,1,0,0,0,0,0,0,0,0,0,0.048132672905921936,0.03814384713768959,0.2034648060798645,0.05821786820888519,0.012342873029410839,0.029882268980145454,0.020099662244319916,0.0541887991130352,0.08492763340473175,0.06718269735574722,0.08472757041454315,0.09197752177715302
228,7.6,,,,insightface_bbox,0.6338049173355103,0.0,664.5038452148438,739.2357177734375,2341.829833984375,0,0,0,0,0,0,0,0,0,0,0,0,0.046698156744241714,0.03688717260956764,0.16533061861991882,0.05499692261219025,0.011631418019533157,0.028009433299303055,0.020288871601223946,0.04953265190124512,0.08080548048019409,0.06345181912183762,0.06733202934265137,0.0765470489859581
229,7.633333333333334,,,,insightface_bbox,0.6338049173355103,0.0,664.5038452148438,739.2357177734375,2341.829833984375,0,0,0,0,0,0,0,0,0,0,0,0,0.04758542776107788,0.03682897239923477,0.16867753863334656,0.054757893085479736,0.011215636506676674,0.02711993083357811,0.018962690606713295,0.047572143375873566,0.0805094987154007,0.06226673722267151,0.06446971744298935,0.07473567873239517
230,7.666666666666667,,,,insightface_bbox,0.6338049173355103,0.0,664.5038452148438,739.2357177734375,2341.829833984375,0,0,0,0,0,0,0,0,0,0,0,0,0.04843158647418022,0.037184182554483414,0.17638416588306427,0.05518145486712456,0.01167229749262333,0.027870550751686096,0.020311787724494934,0.04995500296354294,0.08350902795791626,0.06538496166467667,0.06602973490953445,0.07702075690031052
231,7.7,,,,insightface_bbox,0.6338049173355103,0.0,664.5038452148438,739.2357177734375,2341.829833984375,0,0,0,0,0,0,0,0,0,0,0,0,0.04924510046839714,0.0382315032184124,0.17948804795742035,0.056849267333745956,0.012205589562654495,0.028579939156770706,0.021410053595900536,0.05182987451553345,0.08403418958187103,0.06660307198762894,0.0687185525894165,0.07993096113204956
232,7.733333333333333,,,,insightface_bbox,0.6338049173355103,0.0,664.5038452148438,739.2357177734375,2341.829833984375,0,0,0,0,0,0,0,0,0,0,0,0,0.04888974875211716,0.037847086787223816,0.17456389963626862,0.056537091732025146,0.011989133432507515,0.02782144397497177,0.020054999738931656,0.0501866415143013,0.08349505066871643,0.0658794641494751,0.06740276515483856,0.07860781252384186
233,7.766666666666667,,,,insightface_bbox,0.6338049173355103,0.0,664.5038452148438,739.2357177734375,2341.829833984375,0,0,0,0,0,0,0,0,0,0,0,0,0.05093172937631607,0.039748664945364,0.18717703223228455,0.06055144965648651,0.011929025873541832,0.027825890108942986,0.01946023292839527,0.04807458817958832,0.08038701117038727,0.0635751262307167,0.06871557235717773,0.0816429853439331
234,7.8,,,,insightface_bbox,0.6413960456848145,0.0,640.9225463867188,739.70263671875,2422.683349609375,0,0,0,0,0,0,0,0,0,0,0,0,0.05289577692747116,0.04164959862828255,0.18830223381519318,0.06591108441352844,0.012602786533534527,0.028732864186167717,0.0207118708640337,0.051388777792453766,0.08687983453273773,0.06776728481054306,0.07841648161411285,0.09159944951534271
235,7.833333333333333,,,,insightface_bbox,0.6413960456848145,0.0,640.9225463867188,739.70263671875,2422.683349609375,0,0,0,0,0,0,0,0,0,0,0,0,0.05173496529459953,0.040775496512651443,0.18205183744430542,0.06635332107543945,0.012799246236681938,0.02919086441397667,0.020472921431064606,0.05240063741803169,0.08645030856132507,0.06729438155889511,0.08043870329856873,0.08970880508422852
236,7.866666666666666,,,,insightface_bbox,0.6413960456848145,0.0,640.9225463867188,739.70263671875,2422.683349609375,0,0,0,0,0,0,0,0,0,0,0,0,0.04992008954286575,0.03738949075341225,0.1604599505662918,0.05713905766606331,0.01258569024503231,0.02786114439368248,0.018436092883348465,0.05058884248137474,0.08393736183643341,0.06520780920982361,0.06829381734132767,0.07458354532718658
237,7.9,,,,insightface_bbox,0.6413960456848145,0.0,640.9225463867188,739.70263671875,2422.683349609375,0,0,0,0,0,0,0,0,0,0,0,0,0.04988781362771988,0.03626397252082825,0.14944352209568024,0.05467443913221359,0.012756047770380974,0.028316278010606766,0.018921446055173874,0.0510682575404644,0.08899197727441788,0.06885823607444763,0.06834030151367188,0.07286573201417923
238,7.933333333333334,,,,insightface_bbox,0.6413960456848145,0.0,640.9225463867188,739.70263671875,2422.683349609375,0,0,0,0,0,0,0,0,0,0,0,0,0.05320014804601669,0.03842443600296974,0.17311784625053406,0.059879887849092484,0.013425828889012337,0.029482470825314522,0.01977958157658577,0.05228660628199577,0.09050370752811432,0.06984416395425797,0.07642996311187744,0.07667222619056702
239,7.966666666666667,,,,insightface_bbox,0.6413960456848145,0.0,640.9225463867188,739.70263671875,2422.683349609375,0,0,0,0,0,0,0,0,0,0,0,0,0.05342267453670502,0.03876636177301407,0.1810600459575653,0.06071892008185387,0.01327090710401535,0.02974609285593033,0.019771195948123932,0.05027365684509277,0.0888989120721817,0.06784233450889587,0.07983613014221191,0.07800687104463577
240,8.0,,,,insightface_bbox,0.6077369451522827,0.17537154257297516,645.0709838867188,738.3836059570312,2448.916259765625,0,0,0,0,0,0,0,0,0,0,0,0,0.05170389637351036,0.038581911474466324,0.19296017289161682,0.05466067045927048,0.011001404374837875,0.02830614522099495,0.017218414694070816,0.042284198105335236,0.07777900993824005,0.05812419205904007,0.0906762108206749,0.07808350771665573
241,8.033333333333333,,,,insightface_bbox,0.6077369451522827,0.17537154257297516,645.0709838867188,738.3836059570312,2448.916259765625,0,0,0,0,0,0,0,0,0,0,0,0,0.04915756732225418,0.03590158745646477,0.1746538132429123,0.0500723198056221,0.010388917289674282,0.027141060680150986,0.015394049696624279,0.04046325013041496,0.08023965358734131,0.058311641216278076,0.08215413987636566,0.0689653754234314
242,8.066666666666666,,,,insightface_bbox,0.6077369451522827,0.17537154257297516,645.0709838867188,738.3836059570312,2448.916259765625,0,0,0,0,0,0,0,0,0,0,0,0,0.0498528778553009,0.03647544980049133,0.17783792316913605,0.05059518665075302,0.010840997099876404,0.028270293027162552,0.016759587451815605,0.04256003350019455,0.08228664100170135,0.06008896231651306,0.08395268023014069,0.06847124546766281
243,8.1,,,,insightface_bbox,0.6077369451522827,0.17537154257297516,645.0709838867188,738.3836059570312,2448.916259765625,0,0,0,0,0,0,0,0,0,0,0,0,0.049165479838848114,0.036065638065338135,0.17820954322814941,0.04931589588522911,0.011250084266066551,0.028746651485562325,0.0178216602653265,0.04369153082370758,0.08188420534133911,0.06060938537120819,0.08772498369216919,0.06933900713920593
244,8.133333333333333,,,,insightface_bbox,0.6077369451522827,0.17537154257297516,645.0709838867188,738.3836059570312,2448.916259765625,0,0,0,0,0,0,0,0,0,0,0,0,0.0487794391810894,0.03650655969977379,0.17604084312915802,0.04951214790344238,0.011577757075428963,0.02891436032950878,0.0188935287296772,0.04372692108154297,0.08086145669221878,0.05982141196727753,0.08854842931032181,0.0717068538069725
245,8.166666666666666,,,,insightface_bbox,0.6077369451522827,0.17537154257297516,645.0709838867188,738.3836059570312,2448.916259765625,0,0,0,0,0,0,0,0,0,0,0,0,0.049548253417015076,0.03642982989549637,0.17344683408737183,0.048455990850925446,0.011913170106709003,0.030069155618548393,0.020763710141181946,0.04494268447160721,0.08371055871248245,0.0631658062338829,0.1028301939368248,0.08167105913162231
246,8.2,,,,insightface_bbox,0.6574991941452026,0.0,661.0151977539062,720.208251953125,2380.955810546875,0,0,0,0,0,0,0,0,0,0,0,0,0.0454101637005806,0.032920509576797485,0.15783362090587616,0.04273736849427223,0.010687205940485,0.0271301232278347,0.018102576956152916,0.04236742481589317,0.08276751637458801,0.06347572803497314,0.07640793174505234,0.07342980057001114
247,8.233333333333333,,,,insightface_bbox,0.6574991941452026,0.0,661.0151977539062,720.208251953125,2380.955810546875,0,0,1,0,0,0,0,0,0,0,0,0,0.04445774108171463,0.03186821565032005,0.16163401305675507,0.04038816690444946,0.010808353312313557,0.027188032865524292,0.017488500103354454,0.041747987270355225,0.08275330811738968,0.06336662173271179,0.0744478702545166,0.07025452703237534
248,8.266666666666667,,,,insightface_bbox,0.6574991941452026,0.0,661.0151977539062,720.208251953125,2380.955810546875,0,0,1,0,0,0,0,0,0,0,0,0,0.04509926214814186,0.03226751089096069,0.1737803965806961,0.04100814461708069,0.011037137359380722,0.027673879638314247,0.017661329358816147,0.04227083921432495,0.08237972855567932,0.06279407441616058,0.07729483395814896,0.07093468308448792
249,8.3,,,,insightface_bbox,0.6574991941452026,0.0,661.0151977539062,720.208251953125,2380.955810546875,0,0,1,0,0,0,0,0,0,0,0,0,0.045418210327625275,0.03271942585706711,0.17159895598888397,0.04177158325910568,0.011182799004018307,0.02796592004597187,0.0181292574852705,0.04266953468322754,0.08214998245239258,0.06269776821136475,0.07699400186538696,0.0711374431848526
250,8.333333333333334,,,,insightface_bbox,0.6574991941452026,0.0,661.0151977539062,720.208251953125,2380.955810546875,0,0,1,0,0,0,0,0,0,0,0,0,0.045885078608989716,0.03303360939025879,0.17698433995246887,0.04157578572630882,0.01147531159222126,0.028291426599025726,0.01840142346918583,0.04264412447810173,0.08025851100683212,0.06159158796072006,0.07658874988555908,0.06968501210212708
251,8.366666666666667,,,,insightface_bbox,0.6574991941452026,0.0,661.0151977539062,720.208251953125,2380.955810546875,0,0,1,0,0,0,0,0,0,0,0,0,0.04654042795300484,0.03346232324838638,0.17639756202697754,0.04246816039085388,0.011751491576433182,0.02850775606930256,0.018281539902091026,0.04318639636039734,0.08001276105642319,0.06134027987718582,0.07588367909193039,0.06976087391376495
252,8.4,,,,insightface_bbox,0.6564988493919373,0.0,675.8470458984375,724.6910400390625,2363.466796875,0,0,0,0,0,0,0,0,0,0,0,0,0.047811198979616165,0.0343981608748436,0.1740400791168213,0.044762901961803436,0.011718553490936756,0.028287485241889954,0.017915356904268265,0.042665667831897736,0.0815856084227562,0.06175054609775543,0.07089991122484207,0.06761982291936874
253,8.433333333333334,,,,insightface_bbox,0.6564988493919373,0.0,675.8470458984375,724.6910400390625,2363.466796875,0,0,1,0,0,0,0,0,0,0,0,0,0.04819363355636597,0.034285083413124084,0.17734387516975403,0.044077202677726746,0.01182310376316309,0.02841666340827942,0.01851612515747547,0.04237060993909836,0.07904435694217682,0.06009292230010033,0.0678165853023529,0.06586139649152756
254,8.466666666666667,,,,insightface_bbox,0.6564988493919373,0.0,675.8470458984375,724.6910400390625,2363.466796875,0,0,1,0,0,0,0,0,0,0,0,0,0.04964188113808632,0.03536670282483101,0.18877241015434265,0.045817796140909195,0.012014699168503284,0.029127372428774834,0.018362021073698997,0.04237040504813194,0.07832640409469604,0.05931158363819122,0.06614749133586884,0.06565003097057343
255,8.5,,,,insightface_bbox,0.6564988493919373,0.0,675.8470458984375,724.6910400390625,2363.466796875,0,0,0,0,0,0,0,0,0,0,0,0,0.04913491755723953,0.03519834205508232,0.1743408739566803,0.04605816304683685,0.012187367305159569,0.028929347172379494,0.018200701102614403,0.041716355830430984,0.07754819840192795,0.05890267342329025,0.06139887124300003,0.06311027705669403
256,8.533333333333333,,,,insightface_bbox,0.6564988493919373,0.0,675.8470458984375,724.6910400390625,2363.466796875,0,0,0,0,0,0,0,0,0,0,0,0,0.048060085624456406,0.03474048897624016,0.16417668759822845,0.045909345149993896,0.01223081350326538,0.02904658392071724,0.019111212342977524,0.042804256081581116,0.07874299585819244,0.0602726973593235,0.0615072064101696,0.06376732885837555
257,8.566666666666666,,,,insightface_bbox,0.6564988493919373,0.0,675.8470458984375,724.6910400390625,2363.466796875,0,0,0,0,0,0,0,0,0,0,0,0,0.0455792061984539,0.03315962105989456,0.15018440783023834,0.04396659880876541,0.0121061522513628,0.02833486720919609,0.01929694600403309,0.04293176904320717,0.07993988692760468,0.06145887449383736,0.05845342203974724,0.0626523494720459
258,8.6,,,,insightface_bbox,0.6309270262718201,0.0,658.4885864257812,748.1596069335938,2395.921875,0,0,1,0,0,0,0,0,0,0,0,0,0.04761822894215584,0.03332307189702988,0.19065144658088684,0.04776725545525551,0.011135254986584187,0.023969557136297226,0.014798137359321117,0.038687556982040405,0.07970339804887772,0.05631868168711662,0.03527211397886276,0.05053501948714256
259,8.633333333333333,,,,insightface_bbox,0.6309270262718201,0.0,658.4885864257812,748.1596069335938,2395.921875,0,0,1,0,0,0,0,0,0,0,0,0,0.048069342970848083,0.03388211503624916,0.18995025753974915,0.05022086203098297,0.011313647031784058,0.024522826075553894,0.015026773326098919,0.0396382212638855,0.0795825868844986,0.05687229335308075,0.03745190426707268,0.05081983283162117
260,8.666666666666666,,,,insightface_bbox,0.6309270262718201,0.0,658.4885864257812,748.1596069335938,2395.921875,0,0,1,0,0,0,0,0,0,0,0,0,0.04822834953665733,0.033685214817523956,0.19156479835510254,0.04999593645334244,0.011350026354193687,0.02448551543056965,0.014921809546649456,0.03924485668540001,0.07937800884246826,0.05620938539505005,0.037783704698085785,0.05054926127195358
261,8.7,,,,insightface_bbox,0.6309270262718201,0.0,658.4885864257812,748.1596069335938,2395.921875,0,0,1,0,0,0,0,0,0,0,0,0,0.048749759793281555,0.03398687019944191,0.2009076178073883,0.05022507905960083,0.011585282161831856,0.024653004482388496,0.014591175131499767,0.03929070755839348,0.07879242300987244,0.05596865713596344,0.04159043729305267,0.051817916333675385
262,8.733333333333333,,,,insightface_bbox,0.6309270262718201,0.0,658.4885864257812,748.1596069335938,2395.921875,0,0,1,0,0,0,0,0,0,0,0,0,0.05074045807123184,0.03537572920322418,0.204631507396698,0.05202006548643112,0.012619522400200367,0.02572338655591011,0.01524118147790432,0.04190634936094284,0.07855893671512604,0.057690273970365524,0.04435945674777031,0.05533251166343689
263,8.766666666666667,,,,insightface_bbox,0.6309270262718201,0.0,658.4885864257812,748.1596069335938,2395.921875,0,0,1,0,0,0,0,0,0,0,0,0,0.05030696094036102,0.03515640273690224,0.20321166515350342,0.05128878727555275,0.012561099603772163,0.024657391011714935,0.014684529975056648,0.04217792674899101,0.07742735743522644,0.056959785521030426,0.041192345321178436,0.05504422262310982
264,8.8,,,,insightface_bbox,0.6499847769737244,0.0,637.3544921875,731.9270629882812,2426.60107421875,0,0,0,0,0,0,0,0,0,0,0,0,0.048737719655036926,0.034562647342681885,0.1834009438753128,0.045770175755023956,0.012060537934303284,0.02825711853802204,0.017706114798784256,0.04107876121997833,0.07949355989694595,0.05839529633522034,0.061136506497859955,0.06332722306251526
265,8.833333333333334,,,,insightface_bbox,0.6499847769737244,0.0,637.3544921875,731.9270629882812,2426.60107421875,0,0,0,0,0,0,0,0,0,0,0,0,0.049780938774347305,0.03508809208869934,0.18679308891296387,0.046499840915203094,0.012231778353452682,0.028892820701003075,0.01835016906261444,0.04202635958790779,0.07955323904752731,0.05888613313436508,0.06398244202136993,0.06558869779109955
266,8.866666666666667,,,,insightface_bbox,0.6499847769737244,0.0,637.3544921875,731.9270629882812,2426.60107421875,0,0,0,0,0,0,0,0,0,0,0,0,0.050327084958553314,0.03561083599925041,0.19553856551647186,0.047714173793792725,0.012391367927193642,0.029342014342546463,0.01859719678759575,0.04232111573219299,0.0809011459350586,0.05870703235268593,0.06583632528781891,0.06611171364784241
267,8.9,,,,insightface_bbox,0.6499847769737244,0.0,637.3544921875,731.9270629882812,2426.60107421875,0,0,1,0,0,0,0,0,0,0,0,0,0.05122692883014679,0.03619565814733505,0.20308136940002441,0.04859878122806549,0.012491034343838692,0.02964426949620247,0.018742136657238007,0.04230371117591858,0.08178955316543579,0.058898232877254486,0.06817516684532166,0.0668153315782547
268,8.933333333333334,,,,insightface_bbox,0.6499847769737244,0.0,637.3544921875,731.9270629882812,2426.60107421875,0,0,1,0,0,0,0,0,0,0,0,0,0.04957450553774834,0.03535146266222,0.19532597064971924,0.046170275658369064,0.012411294505000114,0.029278617352247238,0.01946757361292839,0.04335467144846916,0.08190245181322098,0.060389194637537,0.06810987740755081,0.06578637659549713
269,8.966666666666667,,,,insightface_bbox,0.6499847769737244,0.0,637.3544921875,731.9270629882812,2426.60107421875,0,0,1,0,0,0,0,0,0,0,0,0,0.049615174531936646,0.03573193773627281,0.2025635689496994,0.04661374166607857,0.012798113748431206,0.029313139617443085,0.019196929410099983,0.04357949271798134,0.08171685039997101,0.060076385736465454,0.06983739882707596,0.06693567335605621
270,9.0,,,,insightface_bbox,0.646757185459137,0.0,652.0067749023438,722.4248657226562,2385.86181640625,0,0,1,0,0,0,0,0,0,0,0,0,0.053322818130254745,0.037891924381256104,0.23591144382953644,0.05640514940023422,0.012942296452820301,0.027458660304546356,0.017100319266319275,0.044539567083120346,0.0831502303481102,0.06199592351913452,0.06295636296272278,0.0688939318060875
271,9.033333333333333,,,,insightface_bbox,0.646757185459137,0.0,652.0067749023438,722.4248657226562,2385.86181640625,0,0,1,0,0,0,0,0,0,0,0,0,0.05367371439933777,0.03771024942398071,0.2395612895488739,0.05640065670013428,0.0127202607691288,0.027516668662428856,0.017116235569119453,0.04468671232461929,0.08460890501737595,0.06295529752969742,0.06323122978210449,0.06851537525653839
272,9.066666666666666,,,,insightface_bbox,0.646757185459137,0.0,652.0067749023438,722.4248657226562,2385.86181640625,0,0,1,0,0,0,0,0,0,0,0,0,0.052336812019348145,0.03648550063371658,0.23521405458450317,0.05549059063196182,0.012159636244177818,0.027092989534139633,0.016440508887171745,0.04325207695364952,0.08490744233131409,0.0634363442659378,0.06491942703723907,0.07008759677410126
273,9.1,,,,insightface_bbox,0.646757185459137,0.0,652.0067749023438,722.4248657226562,2385.86181640625,0,0,1,0,0,0,0,0,0,0,0,0,0.05298321694135666,0.036585062742233276,0.23183993995189667,0.05665983632206917,0.012049074284732342,0.02753298357129097,0.01664789579808712,0.043718963861465454,0.08766590803861618,0.06538163870573044,0.06613311171531677,0.07173088937997818
274,9.133333333333333,,,,insightface_bbox,0.646757185459137,0.0,652.0067749023438,722.4248657226562,2385.86181640625,0,0,1,0,0,0,0,0,0,0,0,0,0.05319477990269661,0.03713469207286835,0.22958295047283173,0.05793009698390961,0.012030609883368015,0.027525998651981354,0.016604939475655556,0.043130308389663696,0.08638066053390503,0.06478917598724365,0.06271417438983917,0.07235787063837051
275,9.166666666666666,,,,insightface_bbox,0.646757185459137,0.0,652.0067749023438,722.4248657226562,2385.86181640625,0,0,1,0,0,0,0,0,0,0,0,0,0.05398228392004967,0.038008835166692734,0.22905544936656952,0.05999767780303955,0.011972458101809025,0.02750200778245926,0.01669050008058548,0.042970895767211914,0.08668266236782074,0.065676748752594,0.06119438260793686,0.0772041603922844
276,9.2,,,,insightface_bbox,0.6225321888923645,0.0,628.0831298828125,736.7928466796875,2467.91455078125,0,0,1,0,0,0,0,0,0,0,0,0,0.05384475737810135,0.03741515800356865,0.23127952218055725,0.05832793563604355,0.011731691658496857,0.027306264266371727,0.01662547141313553,0.0418749675154686,0.0886700302362442,0.06634899228811264,0.06077554076910019,0.07826485484838486
277,9.233333333333333,,,,insightface_bbox,0.6225321888923645,0.0,628.0831298828125,736.7928466796875,2467.91455078125,0,0,1,0,0,0,0,0,0,0,0,0,0.053850822150707245,0.03942176699638367,0.22812721133232117,0.062027812004089355,0.011187455616891384,0.02627539448440075,0.015709780156612396,0.04152493551373482,0.08415975421667099,0.06362854689359665,0.06701984256505966,0.08484315127134323
278,9.266666666666667,,,,insightface_bbox,0.6225321888923645,0.0,628.0831298828125,736.7928466796875,2467.91455078125,0,0,0,0,0,0,0,0,0,0,0,0,0.05506966635584831,0.04216957464814186,0.20956240594387054,0.06632879376411438,0.011540214531123638,0.02661941759288311,0.016483720391988754,0.043042927980422974,0.08494976907968521,0.06443419307470322,0.07290361076593399,0.09288355708122253
279,9.3,,,,insightface_bbox,0.6225321888923645,0.0,628.0831298828125,736.7928466796875,2467.91455078125,0,0,1,0,0,0,0,0,0,0,0,0,0.05571693927049637,0.04275307059288025,0.22421163320541382,0.06760246306657791,0.01218205876648426,0.027584198862314224,0.01782095804810524,0.045068033039569855,0.08565899729728699,0.06562083214521408,0.07848770171403885,0.09701910614967346
280,9.333333333333334,,,,insightface_bbox,0.6225321888923645,0.0,628.0831298828125,736.7928466796875,2467.91455078125,0,0,1,0,0,0,0,0,0,0,0,0,0.05307956784963608,0.040032919496297836,0.21924613416194916,0.06383547186851501,0.012501358054578304,0.027258405461907387,0.01890496537089348,0.04658946394920349,0.08514522016048431,0.06667819619178772,0.07089384645223618,0.0881500244140625
281,9.366666666666667,,,,insightface_bbox,0.6225321888923645,0.0,628.0831298828125,736.7928466796875,2467.91455078125,0,0,1,0,0,0,0,0,0,0,0,0,0.05202927067875862,0.039726339280605316,0.2512153685092926,0.06064368039369583,0.013553118333220482,0.03002576343715191,0.021017536520957947,0.05274761840701103,0.08970484882593155,0.06954105198383331,0.08468441665172577,0.09584452956914902
282,9.4,,,,insightface_bbox,0.6444776654243469,0.0,658.410400390625,712.3482666015625,2378.404052734375,0,0,1,0,0,0,0,0,0,0,0,0,0.047507911920547485,0.03745938464999199,0.23294681310653687,0.05130607634782791,0.012338272295892239,0.029928524047136307,0.019787080585956573,0.049130674451589584,0.0870267003774643,0.0706307590007782,0.09559693932533264,0.10438220202922821
283,9.433333333333334,,,,insightface_bbox,0.6444776654243469,0.0,658.410400390625,712.3482666015625,2378.404052734375,0,0,1,0,0,0,0,0,0,0,0,0,0.04870174452662468,0.038150180131196976,0.22235079109668732,0.053863756358623505,0.012589948251843452,0.030540883541107178,0.020683536306023598,0.05096999555826187,0.09095906466245651,0.07291539758443832,0.09677621722221375,0.10442391037940979
284,9.466666666666667,,,,insightface_bbox,0.6444776654243469,0.0,658.410400390625,712.3482666015625,2378.404052734375,0,0,1,0,0,0,0,0,0,0,0,0,0.04856694117188454,0.03774304687976837,0.20722107589244843,0.05441369488835335,0.012374194338917732,0.029630068689584732,0.01969979703426361,0.04973996430635452,0.09030603617429733,0.07238195091485977,0.09193335473537445,0.10053835064172745
285,9.5,,,,insightface_bbox,0.6444776654243469,0.0,658.410400390625,712.3482666015625,2378.404052734375,0,0,1,0,0,0,0,0,0,0,0,0,0.049156803637742996,0.0378766693174839,0.1988060027360916,0.055585917085409164,0.01251189224421978,0.029576534405350685,0.019736995920538902,0.04972444847226143,0.09144854545593262,0.07222755253314972,0.09461220353841782,0.09991602599620819
286,9.533333333333333,,,,insightface_bbox,0.6444776654243469,0.0,658.410400390625,712.3482666015625,2378.404052734375,0,0,0,0,0,0,0,0,0,0,0,0,0.0507122240960598,0.038893863558769226,0.1902805119752884,0.05944688245654106,0.01237817294895649,0.029392089694738388,0.01905125565826893,0.048850733786821365,0.09095906466245651,0.07249380648136139,0.09439439326524734,0.10286463797092438
287,9.566666666666666,,,,insightface_bbox,0.6444776654243469,0.0,658.410400390625,712.3482666015625,2378.404052734375,0,0,1,0,0,0,0,0,0,0,0,0,0.04936829209327698,0.03753963112831116,0.19576960802078247,0.05758111923933029,0.012152442708611488,0.028958410024642944,0.018035102635622025,0.04732060432434082,0.0913974791765213,0.07093150913715363,0.0863473117351532,0.09562208503484726
288,9.6,,,,insightface_bbox,0.6749648451805115,0.0,660.0928344726562,719.6016235351562,2375.27978515625,0,0,1,0,0,0,0,0,0,0,0,0,0.05338685214519501,0.042198434472084045,0.208231583237648,0.06384003907442093,0.01379379816353321,0.032810039818286896,0.02266143634915352,0.05538208410143852,0.09644235670566559,0.0774637758731842,0.09777061641216278,0.1069914922118187
289,9.633333333333333,,,,insightface_bbox,0.6749648451805115,0.0,660.0928344726562,719.6016235351562,2375.27978515625,0,0,1,0,0,0,0,0,0,0,0,0,0.051896464079618454,0.04083197936415672,0.2079838365316391,0.061454907059669495,0.013777594082057476,0.03238905593752861,0.02244049496948719,0.05571655184030533,0.09931638091802597,0.0795813500881195,0.09180358052253723,0.10267962515354156
290,9.666666666666666,,,,insightface_bbox,0.6749648451805115,0.0,660.0928344726562,719.6016235351562,2375.27978515625,0,0,1,0,0,0,0,0,0,0,0,0,0.05237772315740585,0.0411943756043911,0.20808325707912445,0.061716243624687195,0.013829538598656654,0.03264988958835602,0.022205859422683716,0.055157773196697235,0.0991198793053627,0.07962307333946228,0.09011383354663849,0.10178396105766296
291,9.7,,,,insightface_bbox,0.6749648451805115,0.0,660.0928344726562,719.6016235351562,2375.27978515625,0,0,1,0,0,0,0,0,0,0,0,0,0.05179188400506973,0.04074777662754059,0.20649704337120056,0.06061021238565445,0.013706918805837631,0.032277438789606094,0.02210978791117668,0.05430217087268829,0.09856254607439041,0.07883399724960327,0.08828837424516678,0.10075318813323975
292,9.733333333333333,,,,insightface_bbox,0.6749648451805115,0.0,660.0928344726562,719.6016235351562,2375.27978515625,0,0,1,0,0,0,0,0,0,0,0,0,0.05220869928598404,0.041114211082458496,0.20967185497283936,0.06199898570775986,0.013723033480346203,0.03255729749798775,0.022153254598379135,0.05432140454649925,0.09812582284212112,0.07907566428184509,0.0915084183216095,0.10149206221103668
293,9.766666666666667,,,,insightface_bbox,0.6749648451805115,0.0,660.0928344726562,719.6016235351562,2375.27978515625,0,0,0,0,0,0,0,0,0,0,0,0,0.05022980272769928,0.039545901119709015,0.1977561116218567,0.05985555052757263,0.013654079288244247,0.031965356320142746,0.02203213982284069,0.054554663598537445,0.09776471555233002,0.07749103009700775,0.09201252460479736,0.10102517157793045
294,9.8,,,,insightface_bbox,0.6630635261535645,0.0,654.9049682617188,726.0872192382812,2358.51123046875,0,0,1,0,0,0,0,0,0,0,0,0,0.05083576217293739,0.03823382407426834,0.19813820719718933,0.06127341091632843,0.01164422370493412,0.028666585683822632,0.019352782517671585,0.04919116199016571,0.08773081749677658,0.0697321742773056,0.06835908442735672,0.0884433463215828
295,9.833333333333334,,,,insightface_bbox,0.6630635261535645,0.0,654.9049682617188,726.0872192382812,2358.51123046875,0,0,1,0,0,0,0,0,0,0,0,0,0.0489741750061512,0.03586781397461891,0.19773879647254944,0.05708703771233559,0.011334830895066261,0.02779010310769081,0.01805817522108555,0.046413835138082504,0.08449167013168335,0.06775683164596558,0.06022848188877106,0.08023080229759216
296,9.866666666666667,,,,insightface_bbox,0.6630635261535645,0.0,654.9049682617188,726.0872192382812,2358.51123046875,0,0,1,0,0,0,0,0,0,0,0,0,0.04676800221204758,0.03436748683452606,0.18032270669937134,0.053038690239191055,0.011012835428118706,0.026756413280963898,0.0168602354824543,0.045210473239421844,0.08260542154312134,0.066609688103199,0.05773520469665527,0.07714448869228363
297,9.9,,,,insightface_bbox,0.6630635261535645,0.0,654.9049682617188,726.0872192382812,2358.51123046875,0,0,0,0,0,0,0,0,0,0,0,0,0.046995483338832855,0.034447044134140015,0.17446763813495636,0.0528278611600399,0.010996107012033463,0.026997890323400497,0.017176009714603424,0.04571959748864174,0.08329851925373077,0.06760407984256744,0.058634765446186066,0.07802822440862656
298,9.933333333333334,,,,insightface_bbox,0.6630635261535645,0.0,654.9049682617188,726.0872192382812,2358.51123046875,0,0,1,0,0,0,0,0,0,0,0,0,0.05014517158269882,0.03733202442526817,0.1942964494228363,0.059264011681079865,0.01181846484541893,0.028816595673561096,0.01964791677892208,0.04897834360599518,0.08552846312522888,0.06970058381557465,0.06381618976593018,0.08545101433992386
299,9.966666666666667,,,,insightface_bbox,0.6630635261535645,0.0,654.9049682617188,726.0872192382812,2358.51123046875,0,0,1,0,0,0,0,0,0,0,0,0,0.04980531334877014,0.037559572607278824,0.18443001806735992,0.05842386931180954,0.012322007678449154,0.029290039092302322,0.020366506651043892,0.04988642409443855,0.08731704205274582,0.07216260582208633,0.06593184173107147,0.08801352977752686
300,10.0,,,,insightface_bbox,0.672890305519104,0.0,651.7200927734375,717.1491088867188,2370.878662109375,0,0,1,0,0,0,0,0,0,0,0,0,0.04581788554787636,0.03474556654691696,0.2349466234445572,0.05066688358783722,0.0109840277582407,0.02729017287492752,0.018974604085087776,0.045610662549734116,0.08292139321565628,0.06652406603097916,0.07257458567619324,0.08749980479478836
301,10.033333333333333,,,,insightface_bbox,0.672890305519104,0.0,651.7200927734375,717.1491088867188,2370.878662109375,0,0,1,0,0,0,0,0,0,0,0,0,0.04611991345882416,0.034734681248664856,0.2311217039823532,0.05084378272294998,0.0108681945130229,0.026979537680745125,0.01832461729645729,0.04470834136009216,0.08252690732479095,0.06613446027040482,0.07147955149412155,0.08654871582984924
302,10.066666666666666,,,,insightface_bbox,0.672890305519104,0.0,651.7200927734375,717.1491088867188,2370.878662109375,0,0,1,0,0,0,0,0,0,0,0,0,0.04865970090031624,0.036362018436193466,0.24723975360393524,0.05565720796585083,0.011085471138358116,0.027439186349511147,0.01916595920920372,0.046337395906448364,0.08292998373508453,0.06711670756340027,0.07459409534931183,0.08864253759384155
303,10.1,,,,insightface_bbox,0.672890305519104,0.0,651.7200927734375,717.1491088867188,2370.878662109375,0,0,1,0,0,0,0,0,0,0,0,0,0.04914359003305435,0.03646206855773926,0.242555171251297,0.054954249411821365,0.011349745094776154,0.028054213151335716,0.02091970108449459,0.04776398092508316,0.08368269354104996,0.06786840409040451,0.07382343709468842,0.08772104233503342
304,10.133333333333333,,,,insightface_bbox,0.672890305519104,0.0,651.7200927734375,717.1491088867188,2370.878662109375,0,0,1,0,0,0,0,0,0,0,0,0,0.049379102885723114,0.0362229123711586,0.2333056777715683,0.05297292023897171,0.011436186730861664,0.02817661687731743,0.02137097343802452,0.04696399345993996,0.08319936692714691,0.06789889931678772,0.071815624833107,0.08601497858762741
305,10.166666666666666,,,,insightface_bbox,0.672890305519104,0.0,651.7200927734375,717.1491088867188,2370.878662109375,0,0,1,0,0,0,0,0,0,0,0,0,0.049013201147317886,0.03576495498418808,0.22064486145973206,0.050660666078329086,0.011485761031508446,0.028138715773820877,0.02188797853887081,0.04719299077987671,0.08305588364601135,0.06730378419160843,0.07239098846912384,0.08398117125034332
306,10.2,,,,insightface_bbox,0.6558959484100342,0.0,650.331298828125,721.7827758789062,2358.0458984375,0,0,1,0,0,0,0,0,0,0,0,0,0.050412751734256744,0.03755057603120804,0.24356506764888763,0.05530141666531563,0.012178505770862103,0.029219496995210648,0.022418081760406494,0.04980655759572983,0.08409105241298676,0.06838712096214294,0.07974230498075485,0.08922968804836273
307,10.233333333333333,,,,insightface_bbox,0.6558959484100342,0.0,650.331298828125,721.7827758789062,2358.0458984375,0,0,1,0,0,0,0,0,0,0,0,0,0.04899133741855621,0.03600650280714035,0.21748028695583344,0.05108021944761276,0.011599092744290829,0.02816355600953102,0.022503837943077087,0.04838765040040016,0.08528788387775421,0.06837264448404312,0.07466237992048264,0.08718938380479813
308,10.266666666666667,,,,insightface_bbox,0.6558959484100342,0.0,650.331298828125,721.7827758789062,2358.0458984375,0,0,1,0,0,0,0,0,0,0,0,0,0.04890171438455582,0.035376012325286865,0.20876772701740265,0.05004814267158508,0.011138677597045898,0.027232861146330833,0.020606178790330887,0.04600294679403305,0.08310887217521667,0.0667014792561531,0.06621114164590836,0.08017697930335999
309,10.3,,,,insightface_bbox,0.6558959484100342,0.0,650.331298828125,721.7827758789062,2358.0458984375,0,0,1,0,0,0,0,0,0,0,0,0,0.04822363704442978,0.03451011702418327,0.20968586206436157,0.048787206411361694,0.01105190347880125,0.027090031653642654,0.020236561074852943,0.045085158199071884,0.08465246111154556,0.0666864812374115,0.0630103349685669,0.07596796751022339
310,10.333333333333334,,,,insightface_bbox,0.6558959484100342,0.0,650.331298828125,721.7827758789062,2358.0458984375,0,0,1,0,0,0,0,0,0,0,0,0,0.048244133591651917,0.03468897193670273,0.21525530517101288,0.048801809549331665,0.011033778078854084,0.027513116598129272,0.0210573710501194,0.045345306396484375,0.08391045778989792,0.06620161235332489,0.06676100939512253,0.0784117802977562
311,10.366666666666667,,,,insightface_bbox,0.6558959484100342,0.0,650.331298828125,721.7827758789062,2358.0458984375,0,0,1,0,0,0,0,0,0,0,0,0,0.048070866614580154,0.034393712878227234,0.21744582056999207,0.0480189323425293,0.010885406285524368,0.0274814460426569,0.02068573795258999,0.04421399533748627,0.0838804841041565,0.06560098379850388,0.06571982055902481,0.0761752650141716
312,10.4,,,,insightface_bbox,0.6599187850952148,0.0,651.061279296875,726.5990600585938,2384.21875,0,0,1,0,0,0,0,0,0,0,0,0,0.05033665895462036,0.03584596887230873,0.22074973583221436,0.049493830651044846,0.01060168631374836,0.027345582842826843,0.020409472286701202,0.044049859046936035,0.08305561542510986,0.06552678346633911,0.07074171304702759,0.08057128638029099
313,10.433333333333334,,,,insightface_bbox,0.6599187850952148,0.0,651.061279296875,726.5990600585938,2384.21875,0,0,1,0,0,0,0,0,0,0,0,0,0.0502973236143589,0.03595511615276337,0.22461770474910736,0.05023115128278732,0.0105725834146142,0.02762361243367195,0.02045527473092079,0.04517430439591408,0.0851035937666893,0.06725064665079117,0.07729736715555191,0.0848904550075531
314,10.466666666666667,,,,insightface_bbox,0.6599187850952148,0.0,651.061279296875,726.5990600585938,2384.21875,0,0,1,0,0,0,0,0,0,0,0,0,0.05059005320072174,0.03612988442182541,0.22840730845928192,0.050862934440374374,0.010409388691186905,0.0275336354970932,0.019902566447854042,0.04431404545903206,0.08577124029397964,0.06650563329458237,0.07819920033216476,0.08648491650819778
315,10.5,,,,insightface_bbox,0.6599187850952148,0.0,651.061279296875,726.5990600585938,2384.21875,0,0,1,0,0,0,0,0,0,0,0,0,0.05135546624660492,0.03696078062057495,0.22834953665733337,0.05218624323606491,0.010573998093605042,0.02791747823357582,0.019806401804089546,0.04482956603169441,0.08560137450695038,0.06682021170854568,0.07748796790838242,0.08825889974832535
316,10.533333333333333,,,,insightface_bbox,0.6599187850952148,0.0,651.061279296875,726.5990600585938,2384.21875,0,0,1,0,0,0,0,0,0,0,0,0,0.051755402237176895,0.03743871673941612,0.22861845791339874,0.05328226089477539,0.010783210396766663,0.028216715902090073,0.019845327362418175,0.0457380935549736,0.08721067011356354,0.0681297779083252,0.0798565149307251,0.09057272225618362
317,10.566666666666666,,,,insightface_bbox,0.6599187850952148,0.0,651.061279296875,726.5990600585938,2384.21875,0,0,1,0,0,0,0,0,0,0,0,0,0.05112992599606514,0.036990970373153687,0.22522130608558655,0.05258101224899292,0.010736645199358463,0.028132086619734764,0.020184816792607307,0.04553065076470375,0.0874071717262268,0.06826461851596832,0.07916046679019928,0.08924507349729538
318,10.6,,,,insightface_bbox,0.6770516633987427,0.0,648.0679931640625,723.9403076171875,2386.748291015625,0,0,1,0,0,0,0,0,0,0,0,0,0.05006168410181999,0.037455201148986816,0.23851868510246277,0.05464757978916168,0.0110939284786582,0.02823779359459877,0.020811129361391068,0.04797135293483734,0.08612823486328125,0.06805829703807831,0.08106640726327896,0.09370244294404984
319,10.633333333333333,,,,insightface_bbox,0.6770516633987427,0.0,648.0679931640625,723.9403076171875,2386.748291015625,0,0,1,0,0,0,0,0,0,0,0,0,0.04916200041770935,0.036550410091876984,0.21929267048835754,0.05276145413517952,0.010670864954590797,0.027387097477912903,0.020768068730831146,0.04621867462992668,0.08690238744020462,0.06868407875299454,0.07306139171123505,0.08986011892557144
320,10.666666666666666,,,,insightface_bbox,0.6770516633987427,0.0,648.0679931640625,723.9403076171875,2386.748291015625,0,0,1,0,0,0,0,0,0,0,0,0,0.04974376782774925,0.036147475242614746,0.21656198799610138,0.051897935569286346,0.010599805973470211,0.027454299852252007,0.021054062992334366,0.04522314295172691,0.08748239278793335,0.06881213933229446,0.07190991938114166,0.08757562935352325
321,10.7,,,,insightface_bbox,0.6770516633987427,0.0,648.0679931640625,723.9403076171875,2386.748291015625,0,0,1,0,0,0,0,0,0,0,0,0,0.04794646427035332,0.034045398235321045,0.20010726153850555,0.04807679355144501,0.01023450680077076,0.026646209880709648,0.02063731849193573,0.04314609244465828,0.08750276267528534,0.06800001859664917,0.06709608435630798,0.08041150122880936
322,10.733333333333333,,,,insightface_bbox,0.6770516633987427,0.0,648.0679931640625,723.9403076171875,2386.748291015625,0,0,1,0,0,0,0,0,0,0,0,0,0.048274926841259,0.034053537994623184,0.1974840760231018,0.04742182418704033,0.010395567864179611,0.02650548703968525,0.020589204505085945,0.04289358854293823,0.08523349463939667,0.06726149469614029,0.05789325386285782,0.0744406059384346
323,10.766666666666667,,,,insightface_bbox,0.6770516633987427,0.0,648.0679931640625,723.9403076171875,2386.748291015625,0,0,1,0,0,0,0,0,0,0,0,0,0.04872285574674606,0.03493833541870117,0.19073069095611572,0.04919905588030815,0.01047421433031559,0.026283081620931625,0.020272351801395416,0.043055225163698196,0.08465032279491425,0.06437171995639801,0.056475929915905,0.07193145155906677
324,10.8,,,,insightface_bbox,0.6788110733032227,0.0,652.8966674804688,723.2581787109375,2384.838134765625,0,0,1,0,0,0,0,0,0,0,0,0,0.05048173666000366,0.035656772553920746,0.22169075906276703,0.05330941081047058,0.011127517558634281,0.026615707203745842,0.019480282440781593,0.044469866901636124,0.08623020350933075,0.06726428121328354,0.05424019694328308,0.07223346084356308
325,10.833333333333334,,,,insightface_bbox,0.6788110733032227,0.0,652.8966674804688,723.2581787109375,2384.838134765625,0,0,1,0,0,0,0,0,0,0,0,0,0.04962984099984169,0.035435356199741364,0.2399177998304367,0.05264289677143097,0.011306582018733025,0.026726720854640007,0.018574126064777374,0.044311512261629105,0.08473636209964752,0.06542586535215378,0.0573994517326355,0.07231595367193222
326,10.866666666666667,,,,insightface_bbox,0.6788110733032227,0.0,652.8966674804688,723.2581787109375,2384.838134765625,0,0,1,0,0,0,0,0,0,0,0,0,0.04969335347414017,0.0355944000184536,0.23948532342910767,0.053003840148448944,0.011481329798698425,0.02700651064515114,0.01866937428712845,0.044254086911678314,0.08468306809663773,0.06556040048599243,0.058287933468818665,0.0731273964047432
327,10.9,,,,insightface_bbox,0.6788110733032227,0.0,652.8966674804688,723.2581787109375,2384.838134765625,0,0,1,0,0,0,0,0,0,0,0,0,0.049041904509067535,0.03473259136080742,0.22162480652332306,0.052041202783584595,0.011321642436087132,0.026642533019185066,0.018631594255566597,0.044771112501621246,0.08620333671569824,0.06717836856842041,0.05670350044965744,0.07295028120279312
328,10.933333333333334,,,,insightface_bbox,0.6788110733032227,0.0,652.8966674804688,723.2581787109375,2384.838134765625,0,0,1,0,0,0,0,0,0,0,0,0,0.048257626593112946,0.03386494889855385,0.2192821204662323,0.04983663931488991,0.011158409528434277,0.0260288305580616,0.017932534217834473,0.04381876066327095,0.08485019207000732,0.06638011336326599,0.05404249206185341,0.07126025855541229
329,10.966666666666667,,,,insightface_bbox,0.6788110733032227,0.0,652.8966674804688,723.2581787109375,2384.838134765625,0,0,1,0,0,0,0,0,0,0,0,0,0.04782967269420624,0.0336105041205883,0.21910153329372406,0.05012205243110657,0.011562641710042953,0.026389840990304947,0.018757374957203865,0.045482832938432693,0.08580010384321213,0.06793276220560074,0.05786586180329323,0.07502339780330658
330,11.0,,,,insightface_bbox,0.6594023704528809,0.0,644.3431396484375,728.8784790039062,2374.341796875,0,0,1,0,0,0,0,0,0,0,0,0,0.04992682859301567,0.03621365502476692,0.2006557732820511,0.054220087826251984,0.012049991637468338,0.02532118558883667,0.01826796866953373,0.04740798473358154,0.07284662872552872,0.059130486100912094,0.05829993635416031,0.07754684239625931
331,11.033333333333333,,,,insightface_bbox,0.6594023704528809,0.0,644.3431396484375,728.8784790039062,2374.341796875,0,0,1,0,0,0,0,0,0,0,0,0,0.049514323472976685,0.03571024164557457,0.20329274237155914,0.05389295890927315,0.011779168620705605,0.025189517065882683,0.018449991941452026,0.04859692603349686,0.07753752917051315,0.061604440212249756,0.058003783226013184,0.07730571925640106
332,11.066666666666666,,,,insightface_bbox,0.6594023704528809,0.0,644.3431396484375,728.8784790039062,2374.341796875,0,0,1,0,0,0,0,0,0,0,0,0,0.04866958409547806,0.03532802313566208,0.20476923882961273,0.05314268171787262,0.011767715215682983,0.025284115225076675,0.018519503995776176,0.048916079103946686,0.07804573327302933,0.061852358281612396,0.05773544684052467,0.07769380509853363
