frame_idx,frame_time_in_ms,pitch,yaw,roll,face_alignment_method,face_detection_score,face_bbox_xmin,face_bbox_ymin,face_bbox_xmax,face_bbox_ymax,au_1,au_2,au_4,au_6,au_7,au_10,au_12,au_14,au_15,au_17,au_23,au_24,au_1_intensity,au_2_intensity,au_4_intensity,au_5_intensity,au_6_intensity,au_9_intensity,au_12_intensity,au_15_intensity,au_17_intensity,au_20_intensity,au_25_intensity,au_26_intensity
0,0.0,,,,insightface_bbox,0.6007155179977417,0.0,582.2288208007812,778.7321166992188,2307.39794921875,0,0,1,0,0,0,0,0,0,1,0,0,0.05766485258936882,0.036200422793626785,0.3561747372150421,0.055273257195949554,0.009484784677624702,0.020046677440404892,0.010380003601312637,0.04997667670249939,0.06858523935079575,0.06306922435760498,0.01863468438386917,0.05225047469139099
1,0.03333333333333333,,,,insightface_bbox,0.6007155179977417,0.0,582.2288208007812,778.7321166992188,2307.39794921875,0,0,1,0,0,0,0,0,0,0,0,0,0.05155714601278305,0.03459684178233147,0.4651812016963959,0.05706729367375374,0.010449090041220188,0.02439078874886036,0.013970368541777134,0.05888846144080162,0.06493130326271057,0.06752243638038635,0.03425535187125206,0.06458555161952972
2,0.06666666666666667,,,,insightface_bbox,0.6007155179977417,0.0,582.2288208007812,778.7321166992188,2307.39794921875,0,0,1,0,0,0,0,0,0,0,0,0,0.05019933730363846,0.03155310079455376,0.45476967096328735,0.048270776867866516,0.009772738441824913,0.023850688710808754,0.012927875854074955,0.041463952511548996,0.06317731738090515,0.05671515688300133,0.0368187241256237,0.06899311393499374
3,0.1,,,,insightface_bbox,0.6007155179977417,0.0,582.2288208007812,778.7321166992188,2307.39794921875,0,0,1,0,0,0,0,0,0,0,0,0,0.049881383776664734,0.030567139387130737,0.44621390104293823,0.045820023864507675,0.009816684760153294,0.02337508648633957,0.013747937977313995,0.04111417010426521,0.06351562589406967,0.05721651390194893,0.03992580622434616,0.07488564401865005
4,0.13333333333333333,,,,insightface_bbox,0.6007155179977417,0.0,582.2288208007812,778.7321166992188,2307.39794921875,0,0,1,0,0,0,0,0,0,0,0,0,0.050335753709077835,0.03008989803493023,0.3777274191379547,0.044259652495384216,0.009305110201239586,0.022312264889478683,0.012824490666389465,0.04108874499797821,0.06374184787273407,0.059088315814733505,0.0351976603269577,0.0718131884932518
5,0.16666666666666666,,,,insightface_bbox,0.6007155179977417,0.0,582.2288208007812,778.7321166992188,2307.39794921875,0,0,1,0,0,0,0,0,0,0,0,0,0.05399071052670479,0.03219705447554588,0.3884996771812439,0.04987116903066635,0.009460169821977615,0.023356342688202858,0.014003888703882694,0.042290836572647095,0.06511133909225464,0.06083901599049568,0.0396214984357357,0.07506284862756729
6,0.2,,,,insightface_bbox,0.6089077591896057,0.0,536.5711059570312,771.7147827148438,2360.28759765625,0,0,1,0,0,0,0,0,0,0,0,0,0.052605777978897095,0.03359977528452873,0.36969083547592163,0.05582760274410248,0.010299770161509514,0.02509501948952675,0.016330841928720474,0.04113262891769409,0.06619840860366821,0.061397481709718704,0.04324052482843399,0.0805002823472023
7,0.23333333333333334,,,,insightface_bbox,0.6089077591896057,0.0,536.5711059570312,771.7147827148438,2360.28759765625,0,0,1,0,0,0,0,0,0,0,0,0,0.05563419312238693,0.03599735349416733,0.37851279973983765,0.061643995344638824,0.01065044291317463,0.025819184258580208,0.01696879044175148,0.04374031350016594,0.06755490601062775,0.06347033381462097,0.049656931310892105,0.0871158018708229
8,0.26666666666666666,,,,insightface_bbox,0.6089077591896057,0.0,536.5711059570312,771.7147827148438,2360.28759765625,0,0,1,0,0,0,0,0,0,0,0,0,0.05587247759103775,0.03636769577860832,0.3816894292831421,0.0631764829158783,0.01073066983371973,0.02611522749066353,0.01725616678595543,0.044647909700870514,0.06806238740682602,0.06434877961874008,0.05043002963066101,0.08824174106121063
9,0.3,,,,insightface_bbox,0.6089077591896057,0.0,536.5711059570312,771.7147827148438,2360.28759765625,0,0,1,0,0,0,0,0,0,0,0,0,0.05564563348889351,0.03592591732740402,0.37837547063827515,0.06187770515680313,0.010851886123418808,0.02598663978278637,0.017143994569778442,0.044749028980731964,0.06827184557914734,0.06435340642929077,0.050504282116889954,0.08823450654745102
10,0.3333333333333333,,,,insightface_bbox,0.6089077591896057,0.0,536.5711059570312,771.7147827148438,2360.28759765625,0,0,1,0,0,0,0,0,0,0,0,0,0.05417883023619652,0.03453563526272774,0.38965854048728943,0.05895393341779709,0.010705049149692059,0.0256654042750597,0.017079414799809456,0.04387517273426056,0.0671013593673706,0.06296834349632263,0.05169167369604111,0.08629108965396881
11,0.36666666666666664,,,,insightface_bbox,0.6089077591896057,0.0,536.5711059570312,771.7147827148438,2360.28759765625,0,0,1,0,0,0,0,0,0,0,0,0,0.053049977868795395,0.03453333303332329,0.38538235425949097,0.059797484427690506,0.010543265379965305,0.027192942798137665,0.01712573878467083,0.04142032936215401,0.06521855294704437,0.06153661385178566,0.0491052120923996,0.08076190203428268
12,0.4,,,,insightface_bbox,0.6253224611282349,0.0,598.4866333007812,767.52587890625,2383.204345703125,0,0,1,0,0,0,0,0,0,0,0,0,0.05341672897338867,0.03365912288427353,0.3983765244483948,0.05850242078304291,0.010021468624472618,0.027559567242860794,0.016462581232190132,0.04110301285982132,0.06584373116493225,0.0614263191819191,0.04733390361070633,0.07503259927034378
13,0.43333333333333335,,,,insightface_bbox,0.6253224611282349,0.0,598.4866333007812,767.52587890625,2383.204345703125,0,0,1,0,0,0,0,0,0,0,0,0,0.04974106699228287,0.031924281269311905,0.3964337706565857,0.05435597896575928,0.009839031845331192,0.027442974969744682,0.016503574326634407,0.04087962582707405,0.06637724488973618,0.06110086664557457,0.047709871083498,0.07432913780212402
14,0.4666666666666667,,,,insightface_bbox,0.6253224611282349,0.0,598.4866333007812,767.52587890625,2383.204345703125,0,0,1,0,0,0,0,0,0,0,0,0,0.04487866163253784,0.028942542150616646,0.3880271017551422,0.04673132672905922,0.008920865133404732,0.024229519069194794,0.015081563964486122,0.0393349714577198,0.064373679459095,0.05714704841375351,0.04387727007269859,0.06885885447263718
15,0.5,,,,insightface_bbox,0.6253224611282349,0.0,598.4866333007812,767.52587890625,2383.204345703125,0,0,1,0,0,0,0,0,0,0,0,0,0.04571160674095154,0.030130159109830856,0.41402968764305115,0.04995688796043396,0.009493646211922169,0.026310913264751434,0.01711934246122837,0.04185713827610016,0.06559431552886963,0.058436211198568344,0.05112934857606888,0.07259499281644821
16,0.5333333333333333,,,,insightface_bbox,0.6253224611282349,0.0,598.4866333007812,767.52587890625,2383.204345703125,0,0,1,0,0,0,0,0,0,0,0,0,0.0453864187002182,0.03036564029753208,0.42493826150894165,0.05151244252920151,0.00998977106064558,0.027943171560764313,0.018680747598409653,0.04374383017420769,0.06736431270837784,0.05899244546890259,0.05474144592881203,0.07446819543838501
17,0.5666666666666667,,,,insightface_bbox,0.6253224611282349,0.0,598.4866333007812,767.52587890625,2383.204345703125,0,0,1,0,0,0,0,0,0,0,0,0,0.04572106525301933,0.030849168077111244,0.44195178151130676,0.053290754556655884,0.010202302597463131,0.028779583051800728,0.019374212250113487,0.04376796633005142,0.06811170279979706,0.05874265357851982,0.056458331644535065,0.07443766295909882
18,0.6,,,,insightface_bbox,0.6351060271263123,0.0,584.6115112304688,788.1060791015625,2379.478271484375,0,0,1,0,0,0,0,0,0,0,0,0,0.05216294899582863,0.036784615367650986,0.33180761337280273,0.06658092141151428,0.01096244528889656,0.02870606631040573,0.02026989869773388,0.04613209515810013,0.07167235016822815,0.0642969161272049,0.05219362676143646,0.08757609128952026
19,0.6333333333333333,,,,insightface_bbox,0.6351060271263123,0.0,584.6115112304688,788.1060791015625,2379.478271484375,0,0,1,0,0,0,0,0,0,0,0,0,0.05251174420118332,0.03754030540585518,0.3509773313999176,0.07015369832515717,0.01149776577949524,0.02990950271487236,0.021307000890374184,0.04687348008155823,0.07165908068418503,0.06383253633975983,0.056814275681972504,0.0894269049167633
20,0.6666666666666666,,,,insightface_bbox,0.6351060271263123,0.0,584.6115112304688,788.1060791015625,2379.478271484375,0,0,1,0,0,0,0,0,0,0,0,0,0.05245666950941086,0.03787941485643387,0.37282902002334595,0.07111945003271103,0.01178496889770031,0.03067484311759472,0.022100210189819336,0.04632829129695892,0.07058761268854141,0.0634637400507927,0.060503557324409485,0.09031535685062408
21,0.7,,,,insightface_bbox,0.6351060271263123,0.0,584.6115112304688,788.1060791015625,2379.478271484375,0,0,1,0,0,0,0,0,0,0,0,0,0.05195444077253342,0.03726085275411606,0.35861489176750183,0.06836444139480591,0.0115331020206213,0.030077654868364334,0.021512866020202637,0.045390598475933075,0.07013165950775146,0.06317974627017975,0.057449821382761,0.08825244009494781
22,0.7333333333333333,,,,insightface_bbox,0.6351060271263123,0.0,584.6115112304688,788.1060791015625,2379.478271484375,0,0,1,0,0,0,0,0,0,0,0,0,0.051851771771907806,0.036742087453603745,0.3389164209365845,0.06617716699838638,0.011062425561249256,0.028704924508929253,0.020100492984056473,0.043808989226818085,0.06950316578149796,0.06213656812906265,0.052607957273721695,0.08556406944990158
23,0.7666666666666667,,,,insightface_bbox,0.6351060271263123,0.0,584.6115112304688,788.1060791015625,2379.478271484375,0,0,1,0,0,0,0,0,0,0,0,0,0.05267283320426941,0.03694514185190201,0.34988075494766235,0.06639111042022705,0.011057073250412941,0.029620209708809853,0.0204547680914402,0.045130155980587006,0.07061644643545151,0.0625728890299797,0.05804447829723358,0.08862863481044769
24,0.8,,,,insightface_bbox,0.5894379615783691,0.0,593.3675537109375,792.7281494140625,2365.382568359375,0,0,1,0,0,0,0,0,0,0,0,0,0.044346295297145844,0.030982812866568565,0.40310296416282654,0.05433260649442673,0.010934507474303246,0.030008219182491302,0.020924994722008705,0.04615047574043274,0.06993407011032104,0.061201728880405426,0.06221626326441765,0.08292622119188309
25,0.8333333333333334,,,,insightface_bbox,0.5894379615783691,0.0,593.3675537109375,792.7281494140625,2365.382568359375,0,0,1,0,0,0,0,0,0,0,0,0,0.04403558000922203,0.03090478666126728,0.4170738458633423,0.053497958928346634,0.010922559536993504,0.02982836589217186,0.02085164561867714,0.0453919917345047,0.07037293910980225,0.06112804636359215,0.06001684442162514,0.0817655473947525
26,0.8666666666666667,,,,insightface_bbox,0.5894379615783691,0.0,593.3675537109375,792.7281494140625,2365.382568359375,0,0,1,0,0,0,0,0,0,0,0,0,0.04481196776032448,0.031524211168289185,0.454470157623291,0.05488786846399307,0.011265027336776257,0.030878102406859398,0.021843817085027695,0.04690483957529068,0.07116395980119705,0.061677075922489166,0.06227647513151169,0.08307430893182755
27,0.9,,,,insightface_bbox,0.5894379615783691,0.0,593.3675537109375,792.7281494140625,2365.382568359375,0,0,1,0,0,0,0,0,0,0,0,0,0.04531499370932579,0.031728070229291916,0.46157771348953247,0.05450783297419548,0.01130346767604351,0.030692409723997116,0.02183012291789055,0.04619698226451874,0.07168693840503693,0.061373282223939896,0.061985619366168976,0.08278277516365051
28,0.9333333333333333,,,,insightface_bbox,0.5894379615783691,0.0,593.3675537109375,792.7281494140625,2365.382568359375,0,0,1,0,0,0,0,0,0,0,0,0,0.04744882136583328,0.03396736830472946,0.45993801951408386,0.06026889756321907,0.012682256288826466,0.03365383297204971,0.024019598960876465,0.04815293103456497,0.07561269402503967,0.06414419412612915,0.06350889801979065,0.08695696294307709
29,0.9666666666666667,,,,insightface_bbox,0.5894379615783691,0.0,593.3675537109375,792.7281494140625,2365.382568359375,0,0,1,0,0,0,0,0,0,0,0,0,0.05109928920865059,0.03620114177465439,0.44744637608528137,0.06754661351442337,0.012573973275721073,0.034387245774269104,0.024766085669398308,0.04794897511601448,0.07494905591011047,0.06411551684141159,0.06617457419633865,0.08899752050638199
30,1.0,,,,insightface_bbox,0.6144956946372986,0.0,602.3220825195312,794.6903686523438,2359.28515625,0,0,1,0,0,0,0,0,0,0,0,0,0.04765266925096512,0.0317426398396492,0.44037890434265137,0.05516771599650383,0.010754234157502651,0.031194603070616722,0.020359378308057785,0.04471998289227486,0.0705181211233139,0.06430144608020782,0.055292367935180664,0.07643914967775345
31,1.0333333333333334,,,,insightface_bbox,0.6144956946372986,0.0,602.3220825195312,794.6903686523438,2359.28515625,0,0,1,0,0,0,0,0,0,0,0,0,0.05118396133184433,0.03461122885346413,0.46949684619903564,0.0633813887834549,0.011923590674996376,0.033265210688114166,0.023107415065169334,0.04811154305934906,0.07397546619176865,0.06845662742853165,0.061500973999500275,0.08446267992258072
32,1.0666666666666667,,,,insightface_bbox,0.6144956946372986,0.0,602.3220825195312,794.6903686523438,2359.28515625,0,0,1,0,0,0,0,0,0,0,0,0,0.05407806113362312,0.036382146179676056,0.4939068555831909,0.06765250116586685,0.013186177238821983,0.036108750849962234,0.026924535632133484,0.050559643656015396,0.0772494375705719,0.07209628075361252,0.0740300789475441,0.09491608291864395
33,1.1,,,,insightface_bbox,0.6144956946372986,0.0,602.3220825195312,794.6903686523438,2359.28515625,0,0,1,0,0,0,0,0,0,0,0,0,0.05520610511302948,0.037004053592681885,0.5009217858314514,0.07061601430177689,0.01312355324625969,0.03711448609828949,0.02839919552206993,0.05056709051132202,0.0776318609714508,0.0727045014500618,0.08150501549243927,0.09777197241783142
34,1.1333333333333333,,,,insightface_bbox,0.6144956946372986,0.0,602.3220825195312,794.6903686523438,2359.28515625,0,0,1,0,0,0,0,0,0,0,0,0,0.05651574581861496,0.0379302091896534,0.48575159907341003,0.07343007624149323,0.01334447879344225,0.03774499520659447,0.03018670529127121,0.0500682070851326,0.078609399497509,0.07310331612825394,0.08033084869384766,0.0977533608675003
35,1.1666666666666667,,,,insightface_bbox,0.6144956946372986,0.0,602.3220825195312,794.6903686523438,2359.28515625,0,0,1,0,0,0,0,0,0,0,0,0,0.058066803961992264,0.039940256625413895,0.5097402334213257,0.07621597498655319,0.013730972073972225,0.03937492519617081,0.03195761889219284,0.049529023468494415,0.07859273254871368,0.07230226695537567,0.0833887904882431,0.1007450670003891
36,1.2,,,,insightface_bbox,0.6613991260528564,0.0,589.1720581054688,796.9368896484375,2430.82177734375,0,0,1,0,0,0,0,0,0,0,0,0,0.06452672928571701,0.046554747968912125,0.4835156202316284,0.09381677210330963,0.013576043769717216,0.03864813223481178,0.03136346489191055,0.04984379559755325,0.07704494893550873,0.07122292369604111,0.08278568089008331,0.10728973150253296
37,1.2333333333333334,,,,insightface_bbox,0.6613991260528564,0.0,589.1720581054688,796.9368896484375,2430.82177734375,0,0,1,0,0,0,0,0,0,0,0,0,0.06777679175138474,0.049046147614717484,0.4695442318916321,0.10185625404119492,0.013794629834592342,0.038682226091623306,0.03185705840587616,0.04897776246070862,0.07634015381336212,0.0700165182352066,0.08590049296617508,0.10912224650382996
38,1.2666666666666666,,,,insightface_bbox,0.6613991260528564,0.0,589.1720581054688,796.9368896484375,2430.82177734375,0,0,1,0,0,0,0,0,0,0,0,0,0.07505293935537338,0.05461210012435913,0.45729202032089233,0.12360648810863495,0.01478166226297617,0.03964037448167801,0.033655885607004166,0.050515178591012955,0.07871351391077042,0.0711522176861763,0.09906254708766937,0.12736110389232635
39,1.3,,,,insightface_bbox,0.6613991260528564,0.0,589.1720581054688,796.9368896484375,2430.82177734375,0,0,1,0,0,0,0,0,0,0,0,0,0.08732838928699493,0.0626772791147232,0.4428756535053253,0.14711296558380127,0.015383231453597546,0.03863079473376274,0.03259729966521263,0.05041562765836716,0.07738828659057617,0.06958658993244171,0.09745953977108002,0.13550397753715515
40,1.3333333333333333,,,,insightface_bbox,0.6613991260528564,0.0,589.1720581054688,796.9368896484375,2430.82177734375,0,0,1,0,0,0,0,0,0,0,0,0,0.0949506089091301,0.06525195389986038,0.43020087480545044,0.1541590839624405,0.015953829512000084,0.03925120830535889,0.03294626995921135,0.05229776352643967,0.08201393485069275,0.06917253136634827,0.09331710636615753,0.13450708985328674
41,1.3666666666666667,,,,insightface_bbox,0.6613991260528564,0.0,589.1720581054688,796.9368896484375,2430.82177734375,0,0,1,0,0,0,0,0,0,0,0,0,0.0908508151769638,0.06345164030790329,0.47052547335624695,0.1498573124408722,0.01734347827732563,0.03976192697882652,0.033608194440603256,0.052874043583869934,0.08447740226984024,0.06869490444660187,0.08751432597637177,0.1328817903995514
42,1.4,,,,insightface_bbox,0.6292858123779297,0.0,586.0977783203125,777.7982788085938,2366.9541015625,0,0,1,0,0,0,0,0,0,0,0,0,0.06848055124282837,0.04565257579088211,0.4479670822620392,0.08321080356836319,0.012327664531767368,0.03459428623318672,0.024027623236179352,0.043273307383060455,0.07473588734865189,0.06220671534538269,0.07127617299556732,0.09536664187908173
43,1.4333333333333333,,,,insightface_bbox,0.6292858123779297,0.0,586.0977783203125,777.7982788085938,2366.9541015625,0,0,1,0,0,0,0,0,0,0,0,0,0.0647740513086319,0.044112466275691986,0.4630662798881531,0.07995755225419998,0.01243694219738245,0.03469780832529068,0.024896377697587013,0.042091213166713715,0.07443846762180328,0.06139393150806427,0.07009425014257431,0.09165764600038528
44,1.4666666666666666,,,,insightface_bbox,0.6292858123779297,0.0,586.0977783203125,777.7982788085938,2366.9541015625,0,0,1,0,0,0,0,0,0,0,0,0,0.06441565603017807,0.043391577899456024,0.460904985666275,0.0788690447807312,0.012379869818687439,0.03548217564821243,0.026123370975255966,0.04320581257343292,0.07622040808200836,0.06336310505867004,0.07409796118736267,0.09340004622936249
45,1.5,,,,insightface_bbox,0.6292858123779297,0.0,586.0977783203125,777.7982788085938,2366.9541015625,0,0,1,0,0,0,0,0,0,0,0,0,0.06433575600385666,0.04364164546132088,0.5038023591041565,0.080741286277771,0.012769907712936401,0.03738214448094368,0.028858311474323273,0.044177357107400894,0.07696978002786636,0.06478404998779297,0.08173057436943054,0.09725410491228104
46,1.5333333333333334,,,,insightface_bbox,0.6292858123779297,0.0,586.0977783203125,777.7982788085938,2366.9541015625,0,0,1,0,0,0,0,0,0,0,0,0,0.06638740003108978,0.04601201042532921,0.5163388252258301,0.08914581686258316,0.013155892491340637,0.039732176810503006,0.03130219131708145,0.04513659328222275,0.07828229665756226,0.0662178099155426,0.09818612039089203,0.10764270275831223
47,1.5666666666666667,,,,insightface_bbox,0.6292858123779297,0.0,586.0977783203125,777.7982788085938,2366.9541015625,0,0,1,0,0,0,0,0,0,0,0,0,0.07459044456481934,0.051420897245407104,0.555868923664093,0.10468855500221252,0.013792406767606735,0.04237375408411026,0.03430803492665291,0.04663870111107826,0.07794461399316788,0.06829208135604858,0.1123075783252716,0.12140300869941711
48,1.6,,,,insightface_bbox,0.6557407975196838,0.0,555.0235595703125,796.6365356445312,2449.258056640625,0,0,1,0,0,0,0,0,0,0,0,0,0.09590056538581848,0.06630285829305649,0.5075348019599915,0.1519775688648224,0.016925733536481857,0.043843165040016174,0.03757800534367561,0.05228307843208313,0.08571848273277283,0.07154781371355057,0.10598933696746826,0.14107616245746613
49,1.6333333333333333,,,,insightface_bbox,0.6557407975196838,0.0,555.0235595703125,796.6365356445312,2449.258056640625,0,0,1,0,0,0,0,0,0,0,0,0,0.10414078086614609,0.07152921706438065,0.526181697845459,0.16727523505687714,0.01809771917760372,0.046566471457481384,0.04178493842482567,0.055568888783454895,0.08962332457304001,0.07757106423377991,0.1176668033003807,0.15393663942813873
50,1.6666666666666667,,,,insightface_bbox,0.6557407975196838,0.0,555.0235595703125,796.6365356445312,2449.258056640625,0,0,1,0,0,0,0,0,0,0,0,0,0.100701704621315,0.07009339332580566,0.5531029105186462,0.16459187865257263,0.019503559917211533,0.048975422978401184,0.043497294187545776,0.057024046778678894,0.09311538934707642,0.07743247598409653,0.12566769123077393,0.14967305958271027
51,1.7,,,,insightface_bbox,0.6557407975196838,0.0,555.0235595703125,796.6365356445312,2449.258056640625,0,0,1,0,0,0,0,0,0,0,0,0,0.10069408267736435,0.07005839794874191,0.5421282052993774,0.16515769064426422,0.019303690642118454,0.048415765166282654,0.04389354959130287,0.057119227945804596,0.09283293038606644,0.0775069147348404,0.12307756394147873,0.14859411120414734
52,1.7333333333333334,,,,insightface_bbox,0.6557407975196838,0.0,555.0235595703125,796.6365356445312,2449.258056640625,0,0,1,0,0,0,0,0,0,0,0,0,0.097413569688797,0.06757903099060059,0.5091527104377747,0.15904851257801056,0.018397647887468338,0.046572938561439514,0.04199434071779251,0.05594576150178909,0.09060674160718918,0.07565191388130188,0.11469648778438568,0.1441284716129303
53,1.7666666666666666,,,,insightface_bbox,0.6557407975196838,0.0,555.0235595703125,796.6365356445312,2449.258056640625,0,0,1,0,0,0,0,0,0,0,0,0,0.09788279235363007,0.0674721822142601,0.4965174198150635,0.16106462478637695,0.018011612817645073,0.046488311141729355,0.042060334235429764,0.05656018480658531,0.09062540531158447,0.07698731124401093,0.11444723606109619,0.14505831897258759
54,1.8,,,,insightface_bbox,0.643238365650177,0.0,595.1104736328125,769.3099365234375,2344.266845703125,0,0,1,0,0,0,0,0,0,0,0,0,0.06966105848550797,0.04675678536295891,0.4920012056827545,0.09195820987224579,0.012230707332491875,0.03688476234674454,0.028302481397986412,0.04332391917705536,0.07450801879167557,0.06321489065885544,0.08507970720529556,0.10261677950620651
55,1.8333333333333333,,,,insightface_bbox,0.643238365650177,0.0,595.1104736328125,769.3099365234375,2344.266845703125,0,0,1,0,0,0,0,0,0,0,0,0,0.07000450044870377,0.046909257769584656,0.4842236638069153,0.09103551506996155,0.012548975646495819,0.03689427673816681,0.02826896496117115,0.04343815892934799,0.07628074288368225,0.06242986023426056,0.0804099515080452,0.10179483890533447
56,1.8666666666666667,,,,insightface_bbox,0.643238365650177,0.0,595.1104736328125,769.3099365234375,2344.266845703125,0,0,1,0,0,0,0,0,0,0,0,0,0.06883162260055542,0.046064406633377075,0.5032397508621216,0.08725091814994812,0.012526124715805054,0.03746278956532478,0.026872485876083374,0.04258819296956062,0.07662481814622879,0.0607135146856308,0.08064967393875122,0.09835958480834961
57,1.9,,,,insightface_bbox,0.643238365650177,0.0,595.1104736328125,769.3099365234375,2344.266845703125,0,0,1,0,0,0,0,0,0,0,0,0,0.06957507133483887,0.0465242974460125,0.5115533471107483,0.08709380030632019,0.012792307883501053,0.03798096626996994,0.02664296142756939,0.04243261367082596,0.07728897780179977,0.059563517570495605,0.08268411457538605,0.10088681429624557
58,1.9333333333333333,,,,insightface_bbox,0.643238365650177,0.0,595.1104736328125,769.3099365234375,2344.266845703125,0,0,1,0,0,0,0,0,0,0,0,0,0.07114773988723755,0.04827369377017021,0.5439481735229492,0.09006930887699127,0.013149180449545383,0.03956834226846695,0.02701897919178009,0.04266001284122467,0.07936646044254303,0.05938059836626053,0.08822302520275116,0.1036718413233757
59,1.9666666666666666,,,,insightface_bbox,0.643238365650177,0.0,595.1104736328125,769.3099365234375,2344.266845703125,0,0,1,0,0,0,0,0,0,0,0,0,0.07214389741420746,0.04929676651954651,0.5421835780143738,0.0922197550535202,0.013278470374643803,0.03949733078479767,0.026917945593595505,0.042571645230054855,0.07899580895900726,0.05888849124312401,0.0876658707857132,0.10388816893100739
60,2.0,,,,insightface_bbox,0.6524572968482971,0.0,574.5584106445312,786.50390625,2434.197509765625,0,0,1,0,0,0,0,0,0,0,0,0,0.07148748636245728,0.048427335917949677,0.5224560499191284,0.09543189406394958,0.013706260360777378,0.03962056338787079,0.031070221215486526,0.04615740850567818,0.07735541462898254,0.06620674580335617,0.08399598300457001,0.10377100855112076
61,2.033333333333333,,,,insightface_bbox,0.6524572968482971,0.0,574.5584106445312,786.50390625,2434.197509765625,0,0,1,0,0,0,0,0,0,0,0,0,0.06740374863147736,0.044959019869565964,0.5201570391654968,0.08771133422851562,0.013335171155631542,0.04043947160243988,0.0329168476164341,0.04700767248868942,0.08002451807260513,0.06925708800554276,0.08003273606300354,0.10331793129444122
62,2.066666666666667,,,,insightface_bbox,0.6524572968482971,0.0,574.5584106445312,786.50390625,2434.197509765625,0,0,1,0,0,0,0,0,0,0,0,0,0.06744958460330963,0.04549327492713928,0.6037870645523071,0.08708763867616653,0.014269575476646423,0.04359838366508484,0.03891092538833618,0.04659932479262352,0.0851595401763916,0.07216786593198776,0.08692392706871033,0.10154419392347336
63,2.1,,,,insightface_bbox,0.6524572968482971,0.0,574.5584106445312,786.50390625,2434.197509765625,0,0,1,0,0,0,0,0,0,0,0,0,0.06549909710884094,0.04370005801320076,0.5941630005836487,0.08352872729301453,0.013790806755423546,0.04209594801068306,0.03677867725491524,0.0462382473051548,0.0845537930727005,0.07224757969379425,0.08076391369104385,0.09592752158641815
64,2.1333333333333333,,,,insightface_bbox,0.6524572968482971,0.0,574.5584106445312,786.50390625,2434.197509765625,0,0,1,0,0,0,0,0,0,0,0,0,0.06254357844591141,0.04191145673394203,0.5641638040542603,0.08077076822519302,0.01389540359377861,0.041890278458595276,0.039212971925735474,0.04603630304336548,0.08109379559755325,0.0712168887257576,0.07798922806978226,0.09311110526323318
65,2.1666666666666665,,,,insightface_bbox,0.6524572968482971,0.0,574.5584106445312,786.50390625,2434.197509765625,0,0,1,0,0,0,0,0,0,0,0,0,0.06079890578985214,0.040695369243621826,0.5757677555084229,0.0784212052822113,0.013933130539953709,0.04211581498384476,0.03868858516216278,0.0462946854531765,0.08039972931146622,0.07154496014118195,0.07732350379228592,0.0916530042886734
66,2.2,,,,insightface_bbox,0.6025365591049194,0.0,531.426513671875,789.4410400390625,2351.226318359375,0,0,1,0,0,0,0,0,0,0,0,0,0.06324329227209091,0.042771607637405396,0.5607389211654663,0.08496612310409546,0.01342785358428955,0.04136111959815025,0.0372704453766346,0.04793272167444229,0.07915880531072617,0.0726252868771553,0.07876809686422348,0.09254327416419983
67,2.2333333333333334,,,,insightface_bbox,0.6025365591049194,0.0,531.426513671875,789.4410400390625,2351.226318359375,0,0,1,0,0,0,0,0,0,0,0,0,0.06468386948108673,0.04407816380262375,0.5152949094772339,0.0856824591755867,0.013019535690546036,0.03936924412846565,0.03428872302174568,0.045779258012771606,0.07868547737598419,0.06832442432641983,0.07436641305685043,0.09176546335220337
68,2.2666666666666666,,,,insightface_bbox,0.6025365591049194,0.0,531.426513671875,789.4410400390625,2351.226318359375,0,0,1,0,0,0,0,0,0,0,0,0,0.07224289327859879,0.04791328310966492,0.4556124806404114,0.09208913147449493,0.01271718181669712,0.03706135228276253,0.027924971655011177,0.04346013814210892,0.07756006717681885,0.06440768390893936,0.07235100120306015,0.09749028086662292
69,2.3,,,,insightface_bbox,0.6025365591049194,0.0,531.426513671875,789.4410400390625,2351.226318359375,0,0,1,0,0,0,0,0,0,0,0,0,0.07677200436592102,0.050476375967264175,0.47092440724372864,0.09823085367679596,0.013596550561487675,0.0380111038684845,0.0278615802526474,0.04459455981850624,0.08030728995800018,0.06545986980199814,0.07508978992700577,0.10119449347257614
70,2.3333333333333335,,,,insightface_bbox,0.6025365591049194,0.0,531.426513671875,789.4410400390625,2351.226318359375,0,0,1,0,0,0,0,0,0,0,0,0,0.07878236472606659,0.0512143149971962,0.5041035413742065,0.09882837533950806,0.014181341044604778,0.039128657430410385,0.02852816879749298,0.045072976499795914,0.08151494711637497,0.06582372635602951,0.07753344625234604,0.10273944586515427
71,2.3666666666666667,,,,insightface_bbox,0.6025365591049194,0.0,531.426513671875,789.4410400390625,2351.226318359375,0,0,1,0,0,0,0,0,0,0,0,0,0.07743310183286667,0.05061909928917885,0.497648686170578,0.09605330228805542,0.01359710656106472,0.038050949573516846,0.028017323464155197,0.04371016472578049,0.07992574572563171,0.06416255235671997,0.07636542618274689,0.10150933265686035
72,2.4,,,,insightface_bbox,0.664128303527832,0.0,586.6552124023438,772.8702392578125,2431.216552734375,0,0,1,0,0,0,0,0,0,0,0,0,0.07000502943992615,0.046401821076869965,0.471720814704895,0.08729647845029831,0.012027113698422909,0.03452407568693161,0.02315753698348999,0.04153546318411827,0.07524554431438446,0.0573260672390461,0.0667540654540062,0.09285754710435867
73,2.433333333333333,,,,insightface_bbox,0.664128303527832,0.0,586.6552124023438,772.8702392578125,2431.216552734375,0,0,1,0,0,0,0,0,0,0,0,0,0.0704682469367981,0.0458175353705883,0.49258720874786377,0.08496864140033722,0.011540072970092297,0.034136321395635605,0.021632371470332146,0.041199926286935806,0.07535825669765472,0.058017320930957794,0.062303103506565094,0.08718468993902206
74,2.466666666666667,,,,insightface_bbox,0.664128303527832,0.0,586.6552124023438,772.8702392578125,2431.216552734375,0,0,1,0,0,0,0,0,0,0,0,0,0.06614724546670914,0.04296017438173294,0.4734988510608673,0.07547751814126968,0.010887225158512592,0.032574836164712906,0.020213067531585693,0.039696432650089264,0.07435879111289978,0.057063307613134384,0.055209022015333176,0.08188804984092712
75,2.5,,,,insightface_bbox,0.664128303527832,0.0,586.6552124023438,772.8702392578125,2431.216552734375,0,0,1,0,0,0,0,0,0,0,0,0,0.06966224312782288,0.04490680620074272,0.4530978798866272,0.08020930737257004,0.010968820191919804,0.03266745060682297,0.020290691405534744,0.040747929364442825,0.07582037895917892,0.057787828147411346,0.06264612078666687,0.08942773938179016
76,2.533333333333333,,,,insightface_bbox,0.664128303527832,0.0,586.6552124023438,772.8702392578125,2431.216552734375,0,0,1,0,0,0,0,0,0,0,0,0,0.06947562098503113,0.046122223138809204,0.462394118309021,0.08544560521841049,0.01172104012221098,0.034495119005441666,0.023176535964012146,0.04142115265130997,0.07721920311450958,0.05757017433643341,0.0763527974486351,0.09994357824325562
77,2.566666666666667,,,,insightface_bbox,0.664128303527832,0.0,586.6552124023438,772.8702392578125,2431.216552734375,0,0,1,0,0,0,0,0,0,0,0,0,0.06803669035434723,0.044462721794843674,0.46995624899864197,0.07993696630001068,0.011697757057845592,0.034562718123197556,0.02368154190480709,0.04269974306225777,0.0776623785495758,0.059031546115875244,0.0715031772851944,0.09065358340740204
78,2.6,,,,insightface_bbox,0.6060159206390381,0.0,524.1343383789062,778.8486328125,2369.94677734375,0,0,1,0,0,0,0,0,0,0,0,0,0.06435026228427887,0.043227605521678925,0.5418326258659363,0.08695859462022781,0.014891117811203003,0.04041237756609917,0.029715148732066154,0.04794381186366081,0.08094120025634766,0.06915314495563507,0.07885494083166122,0.09666528552770615
79,2.6333333333333333,,,,insightface_bbox,0.6060159206390381,0.0,524.1343383789062,778.8486328125,2369.94677734375,0,0,1,0,0,0,0,0,0,0,0,0,0.0657847672700882,0.04452599585056305,0.5355601906776428,0.09070272743701935,0.015201904810965061,0.041033051908016205,0.0312478169798851,0.05028068646788597,0.08161384612321854,0.07210423052310944,0.08272024989128113,0.10319511592388153
80,2.6666666666666665,,,,insightface_bbox,0.6060159206390381,0.0,524.1343383789062,778.8486328125,2369.94677734375,0,0,1,0,0,0,0,0,0,0,0,0,0.06373191624879837,0.04363038018345833,0.4870280623435974,0.08972271531820297,0.014947009272873402,0.03962009400129318,0.03133424371480942,0.04936332255601883,0.08037377893924713,0.07055877894163132,0.0794057622551918,0.10179562866687775
81,2.7,,,,insightface_bbox,0.6060159206390381,0.0,524.1343383789062,778.8486328125,2369.94677734375,0,0,1,0,0,0,0,0,0,0,0,0,0.06493570655584335,0.04545191302895546,0.46532315015792847,0.09367097169160843,0.015201462432742119,0.039468973875045776,0.0340421237051487,0.04917921870946884,0.07961216568946838,0.0697864517569542,0.07638543099164963,0.10016857087612152
82,2.7333333333333334,,,,insightface_bbox,0.6060159206390381,0.0,524.1343383789062,778.8486328125,2369.94677734375,0,0,1,0,0,0,0,0,0,0,0,0,0.06252079457044601,0.04413550719618797,0.49014776945114136,0.08941688388586044,0.015698537230491638,0.04076335206627846,0.036581479012966156,0.05000724643468857,0.0792664960026741,0.07049912959337234,0.07606048882007599,0.09699827432632446
83,2.7666666666666666,,,,insightface_bbox,0.6060159206390381,0.0,524.1343383789062,778.8486328125,2369.94677734375,0,0,1,0,0,0,0,0,0,0,0,0,0.06295506656169891,0.04425707831978798,0.5294851660728455,0.0885404646396637,0.016135212033987045,0.0423024520277977,0.040073711425065994,0.050933752208948135,0.08102063089609146,0.07108558714389801,0.08116792887449265,0.09865425527095795
84,2.8,,,,insightface_bbox,0.6088029742240906,0.0,509.9287109375,829.6611328125,2329.219970703125,0,0,1,0,0,0,0,0,0,0,0,0,0.0929141417145729,0.0651157796382904,0.5897002816200256,0.15788611769676208,0.020258601754903793,0.04849259555339813,0.04132242500782013,0.0605412982404232,0.09155523031949997,0.07853604853153229,0.10513470321893692,0.13041460514068604
85,2.8333333333333335,,,,insightface_bbox,0.6088029742240906,0.0,509.9287109375,829.6611328125,2329.219970703125,0,0,1,0,0,0,0,0,0,0,0,0,0.09323839098215103,0.06603902578353882,0.6210922598838806,0.16186213493347168,0.021018384024500847,0.049520447850227356,0.04251870512962341,0.06013055890798569,0.09149008244276047,0.07871702313423157,0.10711690783500671,0.13134174048900604
86,2.8666666666666667,,,,insightface_bbox,0.6088029742240906,0.0,509.9287109375,829.6611328125,2329.219970703125,0,0,1,0,0,0,0,0,0,0,0,0,0.09664721041917801,0.06793244928121567,0.5622574687004089,0.16383348405361176,0.020366283133625984,0.0478372648358345,0.039680395275354385,0.05926769971847534,0.09107005596160889,0.07694319635629654,0.10291013866662979,0.13679638504981995
87,2.9,,,,insightface_bbox,0.6088029742240906,0.0,509.9287109375,829.6611328125,2329.219970703125,0,0,1,0,0,0,0,0,0,0,0,0,0.092495396733284,0.06525195389986038,0.5319340229034424,0.15525174140930176,0.02077648416161537,0.04731068015098572,0.0409301221370697,0.05924854427576065,0.09288890659809113,0.07781195640563965,0.10513567924499512,0.14128477871418
88,2.933333333333333,,,,insightface_bbox,0.6088029742240906,0.0,509.9287109375,829.6611328125,2329.219970703125,0,0,1,0,0,0,0,0,0,0,0,0,0.08347266167402267,0.05954071134328842,0.5235583782196045,0.13911066949367523,0.020482121035456657,0.047008004039525986,0.04057582467794418,0.058317989110946655,0.09220162034034729,0.07663572579622269,0.10495041310787201,0.13545873761177063
89,2.966666666666667,,,,insightface_bbox,0.6088029742240906,0.0,509.9287109375,829.6611328125,2329.219970703125,0,0,1,0,0,0,0,0,0,0,0,0,0.08556483685970306,0.05989343300461769,0.5690447092056274,0.138838991522789,0.021027766168117523,0.04957183822989464,0.043514467775821686,0.06033104658126831,0.09353794902563095,0.08009862899780273,0.11112122982740402,0.1347038894891739
90,3.0,,,,insightface_bbox,0.6064910292625427,0.0,498.2136535644531,839.986328125,2343.972900390625,0,0,1,0,0,0,0,0,0,0,0,0,0.06542953103780746,0.04676511138677597,0.5115752816200256,0.09235196560621262,0.01768220216035843,0.043034929782152176,0.03958659619092941,0.05142813175916672,0.08412367105484009,0.07274571806192398,0.07987108826637268,0.10147915035486221
91,3.033333333333333,,,,insightface_bbox,0.6064910292625427,0.0,498.2136535644531,839.986328125,2343.972900390625,0,0,1,0,0,0,0,0,0,0,0,0,0.07031955569982529,0.051254499703645706,0.5270083546638489,0.10564890503883362,0.018593300133943558,0.04452519491314888,0.0415802076458931,0.052946433424949646,0.08751661330461502,0.0743832066655159,0.08441141992807388,0.10787778347730637
92,3.066666666666667,,,,insightface_bbox,0.6064910292625427,0.0,498.2136535644531,839.986328125,2343.972900390625,0,0,1,0,0,0,0,0,0,0,0,0,0.06918095052242279,0.05012964829802513,0.52573561668396,0.10216398537158966,0.018477866426110268,0.04369274526834488,0.040643371641635895,0.0530141219496727,0.08798134326934814,0.07543513178825378,0.08158896863460541,0.10955725610256195
93,3.1,,,,insightface_bbox,0.6064910292625427,0.0,498.2136535644531,839.986328125,2343.972900390625,0,0,1,0,0,0,0,0,0,0,0,0,0.06840391457080841,0.04905814304947853,0.5143553614616394,0.09896264970302582,0.018218377605080605,0.043558090925216675,0.04038562625646591,0.05304649472236633,0.0872863233089447,0.07497654855251312,0.08396212756633759,0.11004756391048431
94,3.1333333333333333,,,,insightface_bbox,0.6064910292625427,0.0,498.2136535644531,839.986328125,2343.972900390625,0,0,1,0,0,0,0,0,0,0,0,0,0.07040509581565857,0.05096965283155441,0.5323809385299683,0.10565699636936188,0.018687555566430092,0.04424647241830826,0.04012007638812065,0.05391184985637665,0.08845764398574829,0.07417929172515869,0.08362708985805511,0.10782402008771896
95,3.1666666666666665,,,,insightface_bbox,0.6064910292625427,0.0,498.2136535644531,839.986328125,2343.972900390625,0,0,1,0,0,0,0,0,0,0,0,0,0.07140251994132996,0.05103014409542084,0.5145557522773743,0.10858795791864395,0.018799293786287308,0.04417944326996803,0.03911420330405235,0.05474957823753357,0.08912736177444458,0.07458025217056274,0.08556865155696869,0.11024467647075653
96,3.2,,,,insightface_bbox,0.6240842342376709,0.0,589.2671508789062,789.24267578125,2354.818115234375,0,0,1,0,0,0,0,0,0,0,0,0,0.05242089182138443,0.03442106768488884,0.5642174482345581,0.06109790503978729,0.013189878314733505,0.03855228051543236,0.031148234382271767,0.04371902346611023,0.07947677373886108,0.06457512825727463,0.06863225996494293,0.08284234255552292
97,3.2333333333333334,,,,insightface_bbox,0.6240842342376709,0.0,589.2671508789062,789.24267578125,2354.818115234375,0,0,1,0,0,0,0,0,0,0,0,0,0.056244466453790665,0.03715381771326065,0.5603044033050537,0.06768172234296799,0.013354235328733921,0.038995902985334396,0.03135745972394943,0.04422561079263687,0.08087413012981415,0.06575923413038254,0.07018119841814041,0.08503903448581696
98,3.2666666666666666,,,,insightface_bbox,0.6240842342376709,0.0,589.2671508789062,789.24267578125,2354.818115234375,0,0,1,0,0,0,0,0,0,0,0,0,0.06205185875296593,0.0400504544377327,0.5247830152511597,0.0724579468369484,0.013199009001255035,0.03816593065857887,0.029571417719125748,0.04287729039788246,0.08027146756649017,0.06539511680603027,0.06552769988775253,0.08657793700695038
99,3.3,,,,insightface_bbox,0.6240842342376709,0.0,589.2671508789062,789.24267578125,2354.818115234375,0,0,1,0,0,0,0,0,0,0,0,0,0.06416675448417664,0.041497714817523956,0.5161978006362915,0.07588732242584229,0.01314833015203476,0.03801266849040985,0.029329529032111168,0.0425039567053318,0.07845408469438553,0.06376693397760391,0.06737221032381058,0.0870734453201294
100,3.3333333333333335,,,,insightface_bbox,0.6240842342376709,0.0,589.2671508789062,789.24267578125,2354.818115234375,0,0,1,0,0,0,0,0,0,0,0,0,0.06577832996845245,0.042982067912817,0.53835129737854,0.0810297504067421,0.013268711045384407,0.03924565762281418,0.030945323407649994,0.04351033270359039,0.07825099676847458,0.06475710868835449,0.07424361258745193,0.09225625544786453
101,3.3666666666666667,,,,insightface_bbox,0.6240842342376709,0.0,589.2671508789062,789.24267578125,2354.818115234375,0,0,1,0,0,0,0,0,0,0,0,0,0.06525450199842453,0.04281848669052124,0.5286681056022644,0.07955629378557205,0.01331053115427494,0.039036400616168976,0.03082270547747612,0.0432833693921566,0.07906175404787064,0.06484689563512802,0.07312856614589691,0.09083527326583862
102,3.4,,,,insightface_bbox,0.6580607295036316,0.0,588.9907836914062,789.7239990234375,2373.6201171875,0,0,1,0,0,0,0,0,0,0,0,0,0.06057088077068329,0.04011089354753494,0.5762578248977661,0.07752588391304016,0.014302296563982964,0.042573217302560806,0.03730865567922592,0.0456777960062027,0.07911238074302673,0.06775157153606415,0.08289032429456711,0.0964193344116211
103,3.433333333333333,,,,insightface_bbox,0.6580607295036316,0.0,588.9907836914062,789.7239990234375,2373.6201171875,0,0,1,0,0,0,0,0,0,0,0,0,0.06112038344144821,0.04062498360872269,0.5748103260993958,0.07772375643253326,0.014376100152730942,0.041877806186676025,0.03564504534006119,0.046222612261772156,0.07945127785205841,0.06832648813724518,0.07950662076473236,0.09399396181106567
104,3.466666666666667,,,,insightface_bbox,0.6580607295036316,0.0,588.9907836914062,789.7239990234375,2373.6201171875,0,0,1,0,0,0,0,0,0,0,0,0,0.05962483957409859,0.03915628418326378,0.5555976033210754,0.07351319491863251,0.01449095644056797,0.04129946976900101,0.03419964015483856,0.04540477693080902,0.07903292775154114,0.06731217354536057,0.07879596948623657,0.09222698211669922
105,3.5,,,,insightface_bbox,0.6580607295036316,0.0,588.9907836914062,789.7239990234375,2373.6201171875,0,0,1,0,0,0,0,0,0,0,0,0,0.06024187430739403,0.04111131280660629,0.5685098767280579,0.08018676936626434,0.014793099835515022,0.041300565004348755,0.03483135998249054,0.04590229690074921,0.0780220776796341,0.06709542870521545,0.08265116065740585,0.09134810417890549
106,3.533333333333333,,,,insightface_bbox,0.6580607295036316,0.0,588.9907836914062,789.7239990234375,2373.6201171875,0,0,1,0,0,0,0,0,0,0,0,0,0.06623575836420059,0.04522472620010376,0.5712184906005859,0.08971955627202988,0.015288219787180424,0.04127116501331329,0.03269430994987488,0.04590574651956558,0.07973067462444305,0.06763846427202225,0.08430531620979309,0.09922347962856293
107,3.566666666666667,,,,insightface_bbox,0.6580607295036316,0.0,588.9907836914062,789.7239990234375,2373.6201171875,0,0,1,0,0,0,0,0,0,0,0,0,0.0682237297296524,0.04612801969051361,0.5516977310180664,0.09094450622797012,0.015322044491767883,0.040723346173763275,0.03149138391017914,0.046156272292137146,0.08003462105989456,0.06711417436599731,0.08535341918468475,0.10192905366420746
108,3.6,,,,insightface_bbox,0.6400396227836609,0.0,584.9765625,788.9539184570312,2362.357666015625,0,0,1,0,0,0,0,0,0,0,0,0,0.06651129573583603,0.04697271063923836,0.5339590907096863,0.10063671320676804,0.0171723123639822,0.042883165180683136,0.036982182413339615,0.049075353890657425,0.08059025555849075,0.06768140196800232,0.08445891737937927,0.10385787487030029
109,3.6333333333333333,,,,insightface_bbox,0.6400396227836609,0.0,584.9765625,788.9539184570312,2362.357666015625,0,0,1,0,0,0,0,0,0,0,0,0,0.06159515678882599,0.04373640567064285,0.49069836735725403,0.09317714720964432,0.01672695390880108,0.04137543961405754,0.037010639905929565,0.048383284360170364,0.07817471027374268,0.06695488840341568,0.07831938564777374,0.09712568670511246
110,3.6666666666666665,,,,insightface_bbox,0.6400396227836609,0.0,584.9765625,788.9539184570312,2362.357666015625,0,0,1,0,0,0,0,0,0,0,0,0,0.06165009364485741,0.044345516711473465,0.49045300483703613,0.09442496299743652,0.017303699627518654,0.0420340932905674,0.037855543196201324,0.050300247967243195,0.07806970179080963,0.06784600019454956,0.08104221522808075,0.09696029126644135
111,3.7,,,,insightface_bbox,0.6400396227836609,0.0,584.9765625,788.9539184570312,2362.357666015625,0,0,1,0,0,0,0,0,0,0,0,0,0.062331922352313995,0.045021843165159225,0.4939675033092499,0.09630656242370605,0.017818206921219826,0.043088190257549286,0.03987056761980057,0.051810652017593384,0.08003184199333191,0.06954233348369598,0.08169423788785934,0.09980645030736923
112,3.7333333333333334,,,,insightface_bbox,0.6400396227836609,0.0,584.9765625,788.9539184570312,2362.357666015625,0,0,1,0,0,0,0,0,0,0,0,0,0.06309119611978531,0.04521438479423523,0.5062398910522461,0.09667345136404037,0.017990589141845703,0.04288298636674881,0.0392729789018631,0.05211248993873596,0.08063159137964249,0.07009029388427734,0.0794338583946228,0.10008595883846283
113,3.7666666666666666,,,,insightface_bbox,0.6400396227836609,0.0,584.9765625,788.9539184570312,2362.357666015625,0,0,1,0,0,0,0,0,0,0,0,0,0.061546556651592255,0.04389691352844238,0.4792615473270416,0.09307268261909485,0.01823524385690689,0.04245607182383537,0.0396709181368351,0.05158980190753937,0.08033853769302368,0.06912005692720413,0.07847528904676437,0.09981237351894379
114,3.8,,,,insightface_bbox,0.6219084858894348,0.0,548.0835571289062,788.7975463867188,2349.004638671875,0,0,1,0,0,0,0,0,0,0,0,0,0.05663379654288292,0.038782380521297455,0.5237740874290466,0.0748407393693924,0.015914233401417732,0.039863795042037964,0.03452998027205467,0.045245587825775146,0.07847271114587784,0.06479454040527344,0.07162897288799286,0.08717439323663712
115,3.8333333333333335,,,,insightface_bbox,0.6219084858894348,0.0,548.0835571289062,788.7975463867188,2349.004638671875,0,0,1,0,0,0,0,0,0,0,0,0,0.05441102385520935,0.03648506850004196,0.520459771156311,0.06870927661657333,0.015052368864417076,0.04008341208100319,0.03603307157754898,0.04481590539216995,0.07824193686246872,0.0646509975194931,0.07143044471740723,0.08702923357486725
116,3.8666666666666667,,,,insightface_bbox,0.6219084858894348,0.0,548.0835571289062,788.7975463867188,2349.004638671875,0,0,1,0,0,0,0,0,0,0,0,0,0.054956529289484024,0.036670468747615814,0.5570356845855713,0.06983739882707596,0.01460530050098896,0.04145173728466034,0.03746138513088226,0.046220533549785614,0.07979556918144226,0.06637325137853622,0.0732746422290802,0.08732408285140991
117,3.9,,,,insightface_bbox,0.6219084858894348,0.0,548.0835571289062,788.7975463867188,2349.004638671875,0,0,1,0,0,0,0,0,0,0,0,0,0.05640651285648346,0.0377589650452137,0.5671513676643372,0.07353761792182922,0.01529709529131651,0.04331892356276512,0.041737150400877,0.04793679341673851,0.08049926906824112,0.06792914867401123,0.07915917038917542,0.09068693220615387
118,3.933333333333333,,,,insightface_bbox,0.6219084858894348,0.0,548.0835571289062,788.7975463867188,2349.004638671875,0,0,1,0,0,0,0,0,0,0,0,0,0.05689337104558945,0.038245439529418945,0.5359124541282654,0.0747789740562439,0.015545876696705818,0.0432746559381485,0.04167018085718155,0.04825393855571747,0.08049533516168594,0.06732449680566788,0.07742258906364441,0.09076680988073349
119,3.966666666666667,,,,insightface_bbox,0.6219084858894348,0.0,548.0835571289062,788.7975463867188,2349.004638671875,0,0,1,0,0,0,0,0,0,0,0,0,0.059172626584768295,0.04047425836324692,0.4941280484199524,0.08027684688568115,0.015896020457148552,0.04260597750544548,0.0409877672791481,0.04873710870742798,0.08135608583688736,0.06781192123889923,0.07296803593635559,0.09067724645137787
120,4.0,,,,insightface_bbox,0.6229042410850525,0.0,523.72900390625,825.5008544921875,2359.99169921875,0,0,1,0,0,0,0,0,0,0,0,0,0.09198585152626038,0.0639745444059372,0.5969318747520447,0.16027845442295074,0.02254297025501728,0.051373984664678574,0.04629319906234741,0.061480648815631866,0.09512567520141602,0.07948166877031326,0.11898288130760193,0.13859660923480988
121,4.033333333333333,,,,insightface_bbox,0.6229042410850525,0.0,523.72900390625,825.5008544921875,2359.99169921875,0,0,1,0,0,0,0,0,0,0,0,0,0.09245903044939041,0.0645221695303917,0.5975282788276672,0.16330912709236145,0.02322537451982498,0.05150369554758072,0.048109520226716995,0.061295948922634125,0.09520537406206131,0.07901839166879654,0.11613781750202179,0.13814300298690796
122,4.066666666666666,,,,insightface_bbox,0.6229042410850525,0.0,523.72900390625,825.5008544921875,2359.99169921875,0,0,1,0,0,0,0,0,0,0,0,0,0.09725029766559601,0.06727861613035202,0.5771241188049316,0.16660116612911224,0.021899983286857605,0.04917103052139282,0.044838786125183105,0.05827620252966881,0.09454961121082306,0.0768020749092102,0.10814298689365387,0.13893747329711914
123,4.1,,,,insightface_bbox,0.6229042410850525,0.0,523.72900390625,825.5008544921875,2359.99169921875,0,0,1,0,0,0,0,0,0,0,0,0,0.10224248468875885,0.06995107233524323,0.56971275806427,0.1737874448299408,0.021552154794335365,0.04882972687482834,0.04372412711381912,0.05702584981918335,0.09560222923755646,0.0769399106502533,0.11077732592821121,0.14345747232437134
124,4.133333333333334,,,,insightface_bbox,0.6229042410850525,0.0,523.72900390625,825.5008544921875,2359.99169921875,0,0,1,0,0,0,0,0,0,0,0,0,0.10221175849437714,0.0698709636926651,0.5566824674606323,0.17432036995887756,0.021552901715040207,0.04847082868218422,0.04411563649773598,0.057774946093559265,0.09596677124500275,0.07772736996412277,0.10845910757780075,0.14490759372711182
125,4.166666666666667,,,,insightface_bbox,0.6229042410850525,0.0,523.72900390625,825.5008544921875,2359.99169921875,0,0,1,0,0,0,0,0,0,0,0,0,0.09068843722343445,0.06320364028215408,0.5356239676475525,0.15228702127933502,0.021380523219704628,0.04760387912392616,0.04403112828731537,0.05763325095176697,0.09501110762357712,0.077887162566185,0.10368772596120834,0.13744376599788666
126,4.2,,,,insightface_bbox,0.6180320978164673,0.0,580.5059814453125,787.7572021484375,2376.146484375,0,0,1,0,0,0,0,0,0,0,0,0,0.061356667429208755,0.0421903133392334,0.5133604407310486,0.08485115319490433,0.01639273390173912,0.04149460792541504,0.03645998612046242,0.0468924418091774,0.07992792129516602,0.0656735971570015,0.07805486023426056,0.09459219872951508
127,4.233333333333333,,,,insightface_bbox,0.6180320978164673,0.0,580.5059814453125,787.7572021484375,2376.146484375,0,0,1,0,0,0,0,0,0,0,0,0,0.06642669439315796,0.0450051911175251,0.5278917551040649,0.09488747268915176,0.016145752742886543,0.041417643427848816,0.03344574570655823,0.0465686060488224,0.08159784972667694,0.0643250048160553,0.0755666047334671,0.09623700380325317
128,4.266666666666667,,,,insightface_bbox,0.6180320978164673,0.0,580.5059814453125,787.7572021484375,2376.146484375,0,0,1,0,0,0,0,0,0,0,0,0,0.07806767523288727,0.05182432010769844,0.5979855060577393,0.11411063373088837,0.01668574847280979,0.043417610228061676,0.03330827131867409,0.04915865510702133,0.0868268758058548,0.07041303813457489,0.08545646071434021,0.10763000696897507
129,4.3,,,,insightface_bbox,0.6180320978164673,0.0,580.5059814453125,787.7572021484375,2376.146484375,0,0,1,0,0,0,0,0,0,0,0,0,0.07161184400320053,0.04677301645278931,0.5258130431175232,0.09578824043273926,0.015624548308551311,0.03979342430830002,0.029082147404551506,0.04645597189664841,0.08507643640041351,0.06896582245826721,0.071846142411232,0.1012536808848381
130,4.333333333333333,,,,insightface_bbox,0.6180320978164673,0.0,580.5059814453125,787.7572021484375,2376.146484375,0,0,1,0,0,0,0,0,0,0,0,0,0.06877506524324417,0.04524204134941101,0.4953022599220276,0.09166760742664337,0.01558916736394167,0.038965217769145966,0.028458867222070694,0.04509653523564339,0.08471176773309708,0.06775593757629395,0.06169159337878227,0.09591332077980042
131,4.366666666666666,,,,insightface_bbox,0.6180320978164673,0.0,580.5059814453125,787.7572021484375,2376.146484375,0,0,1,0,0,0,0,0,0,0,0,0,0.06837383657693863,0.04490470513701439,0.5053876638412476,0.08975087106227875,0.015566219575703144,0.03906341642141342,0.028536785393953323,0.04475926607847214,0.0842900201678276,0.06727820634841919,0.06027733534574509,0.09501390159130096
132,4.4,,,,insightface_bbox,0.6562023162841797,0.0,570.623291015625,780.4483032226562,2430.108642578125,0,0,1,0,0,0,0,0,0,0,0,0,0.07744186371564865,0.05225873738527298,0.4698089063167572,0.11387982964515686,0.01624966785311699,0.03833109512925148,0.030337560921907425,0.04802308231592178,0.08604574203491211,0.07022368162870407,0.05729793757200241,0.10075810551643372
133,4.433333333333334,,,,insightface_bbox,0.6562023162841797,0.0,570.623291015625,780.4483032226562,2430.108642578125,0,0,1,0,0,0,0,0,0,0,0,0,0.08069596439599991,0.05376024171710014,0.4691755771636963,0.1172163337469101,0.016315551474690437,0.03881557285785675,0.031224535778164864,0.04805731773376465,0.08624176681041718,0.07094348967075348,0.06024663895368576,0.10475765913724899
134,4.466666666666667,,,,insightface_bbox,0.6562023162841797,0.0,570.623291015625,780.4483032226562,2430.108642578125,0,0,1,0,0,0,0,0,0,0,0,0,0.08696062862873077,0.056968241930007935,0.48361706733703613,0.12519775331020355,0.017109869047999382,0.04122771695256233,0.03434392809867859,0.050911400467157364,0.0899127796292305,0.07428738474845886,0.06802206486463547,0.11305087059736252
135,4.5,,,,insightface_bbox,0.6562023162841797,0.0,570.623291015625,780.4483032226562,2430.108642578125,0,0,1,0,0,0,0,0,0,0,0,0,0.06592272222042084,0.043981000781059265,0.4680612087249756,0.0890340730547905,0.01684749871492386,0.04127813130617142,0.03338027372956276,0.0474267303943634,0.08348871022462845,0.06970097124576569,0.06922976672649384,0.09985160827636719
136,4.533333333333333,,,,insightface_bbox,0.6562023162841797,0.0,570.623291015625,780.4483032226562,2430.108642578125,0,0,1,0,0,0,0,0,0,0,0,0,0.057426534593105316,0.037661489099264145,0.40111851692199707,0.07002630084753036,0.016094336286187172,0.0386367030441761,0.03084130585193634,0.04526121914386749,0.07929271459579468,0.0658581405878067,0.058337531983852386,0.08668485283851624
137,4.566666666666666,,,,insightface_bbox,0.6562023162841797,0.0,570.623291015625,780.4483032226562,2430.108642578125,0,0,1,0,0,0,0,0,0,0,0,0,0.05494406446814537,0.037638019770383835,0.41718238592147827,0.07186262309551239,0.01700357347726822,0.039375726133584976,0.03219147026538849,0.048423927277326584,0.07784717530012131,0.06649017333984375,0.05860649794340134,0.08550526201725006
138,4.6,,,,insightface_bbox,0.6287334561347961,0.0,522.7147827148438,829.2013549804688,2355.068115234375,0,0,1,0,0,0,0,0,0,0,0,0,0.08515875041484833,0.06106950342655182,0.5754407644271851,0.14154167473316193,0.023046143352985382,0.04903744161128998,0.04870899021625519,0.06350032240152359,0.09229018539190292,0.08111289143562317,0.08712249994277954,0.12251860648393631
139,4.633333333333334,,,,insightface_bbox,0.6287334561347961,0.0,522.7147827148438,829.2013549804688,2355.068115234375,0,0,1,0,0,0,0,0,0,0,0,0,0.08954063057899475,0.06185547262430191,0.5255968570709229,0.1449129283428192,0.020596953108906746,0.04645011946558952,0.0433175303041935,0.059491634368896484,0.09057925641536713,0.0772150382399559,0.08065497875213623,0.11740174144506454
140,4.666666666666667,,,,insightface_bbox,0.6287334561347961,0.0,522.7147827148438,829.2013549804688,2355.068115234375,0,0,1,0,0,0,0,0,0,0,0,0,0.08959612250328064,0.061669543385505676,0.5181386470794678,0.14299805462360382,0.020643003284931183,0.046777062118053436,0.043397873640060425,0.05977822095155716,0.09176686406135559,0.07803473621606827,0.08168661594390869,0.11764533072710037
141,4.7,,,,insightface_bbox,0.6287334561347961,0.0,522.7147827148438,829.2013549804688,2355.068115234375,0,0,1,0,0,0,0,0,0,0,0,0,0.08515096455812454,0.059854257851839066,0.5286991000175476,0.14025187492370605,0.021305998787283897,0.04798291251063347,0.0459514856338501,0.06202877312898636,0.09130282700061798,0.08000758290290833,0.08738399296998978,0.1211731806397438
142,4.733333333333333,,,,insightface_bbox,0.6287334561347961,0.0,522.7147827148438,829.2013549804688,2355.068115234375,0,0,1,0,0,0,0,0,0,0,0,0,0.08521847426891327,0.061266422271728516,0.5472825765609741,0.1450677514076233,0.021992355585098267,0.0487578883767128,0.04784282296895981,0.062213048338890076,0.0926169902086258,0.08004986494779587,0.08824165165424347,0.12121059745550156
143,4.766666666666667,,,,insightface_bbox,0.6287334561347961,0.0,522.7147827148438,829.2013549804688,2355.068115234375,0,0,1,0,0,0,0,0,0,0,0,0,0.08426141738891602,0.06066828593611717,0.5407775640487671,0.14259591698646545,0.021743670105934143,0.048288628458976746,0.04717293754220009,0.061889104545116425,0.09219058603048325,0.07975072413682938,0.08758851885795593,0.12033537030220032
144,4.8,,,,insightface_bbox,0.6167879700660706,0.0,525.1671142578125,830.2059936523438,2348.330078125,0,0,1,0,0,0,0,0,0,0,0,0,0.07592513412237167,0.052034229040145874,0.44775158166885376,0.11311942338943481,0.01869533397257328,0.04272165149450302,0.03739830479025841,0.05514095723628998,0.08628344535827637,0.07465175539255142,0.07174882292747498,0.10136274993419647
145,4.833333333333333,,,,insightface_bbox,0.6167879700660706,0.0,525.1671142578125,830.2059936523438,2348.330078125,0,0,1,0,0,0,0,0,0,0,0,0,0.07888265699148178,0.053184036165475845,0.40673887729644775,0.11406058073043823,0.017807958647608757,0.041532695293426514,0.03481157496571541,0.05466126650571823,0.09034249186515808,0.0737529993057251,0.06236497685313225,0.09535147994756699
146,4.866666666666666,,,,insightface_bbox,0.6167879700660706,0.0,525.1671142578125,830.2059936523438,2348.330078125,0,0,1,0,0,0,0,0,0,0,0,0,0.08134924620389938,0.05569976195693016,0.40854328870773315,0.12091024965047836,0.017704421654343605,0.04102754592895508,0.03497905284166336,0.054628536105155945,0.08948928117752075,0.07337441295385361,0.06118187680840492,0.09630087018013
147,4.9,,,,insightface_bbox,0.6167879700660706,0.0,525.1671142578125,830.2059936523438,2348.330078125,0,0,1,0,0,0,0,0,0,0,0,0,0.08465080708265305,0.05796834081411362,0.42969271540641785,0.1277369111776352,0.018388673663139343,0.041816577315330505,0.03627227991819382,0.05545005202293396,0.09080595523118973,0.0739295706152916,0.06194351240992546,0.1001933291554451
148,4.933333333333334,,,,insightface_bbox,0.6167879700660706,0.0,525.1671142578125,830.2059936523438,2348.330078125,0,0,1,0,0,0,0,0,0,0,0,0,0.082635298371315,0.05648842081427574,0.4103921055793762,0.12328794598579407,0.018357502296566963,0.041611164808273315,0.03608894720673561,0.05496254190802574,0.09092539548873901,0.07401259243488312,0.060968972742557526,0.09921981394290924
149,4.966666666666667,,,,insightface_bbox,0.6167879700660706,0.0,525.1671142578125,830.2059936523438,2348.330078125,0,0,1,0,0,0,0,0,0,0,0,0,0.08097381889820099,0.05521182715892792,0.4020305275917053,0.11955861002206802,0.01812455803155899,0.041890718042850494,0.0359056182205677,0.05479881539940834,0.09049679338932037,0.07346485555171967,0.06172824278473854,0.09820179641246796
150,5.0,,,,insightface_bbox,0.6305177211761475,0.0,603.203125,794.5872192382812,2354.76025390625,0,0,1,0,0,0,0,0,0,0,0,0,0.05388002470135689,0.03499633073806763,0.34793195128440857,0.0647004097700119,0.01428421214222908,0.03542134538292885,0.027492526918649673,0.04313728213310242,0.08207985013723373,0.06610123068094254,0.045090507715940475,0.07924572378396988
151,5.033333333333333,,,,insightface_bbox,0.6305177211761475,0.0,603.203125,794.5872192382812,2354.76025390625,0,0,1,0,0,0,0,0,0,0,0,0,0.0546896792948246,0.035997696220874786,0.32395246624946594,0.06616144627332687,0.014354255981743336,0.03528561443090439,0.026992784813046455,0.0427832156419754,0.08346283435821533,0.0661083236336708,0.04386501386761665,0.07827168703079224
152,5.066666666666666,,,,insightface_bbox,0.6305177211761475,0.0,603.203125,794.5872192382812,2354.76025390625,0,0,1,0,0,0,0,0,0,0,0,0,0.054892320185899734,0.0358099564909935,0.3243052363395691,0.06538939476013184,0.014369367621839046,0.03570510074496269,0.026881691068410873,0.04213559627532959,0.08398184180259705,0.06612721085548401,0.04331720620393753,0.07805792987346649
153,5.1,,,,insightface_bbox,0.6305177211761475,0.0,603.203125,794.5872192382812,2354.76025390625,0,0,1,0,0,0,0,0,0,0,0,0,0.05365588515996933,0.034666407853364944,0.3110859990119934,0.062259674072265625,0.013966482132673264,0.034940205514431,0.026182740926742554,0.04092719778418541,0.0831041932106018,0.06500637531280518,0.041477661579847336,0.07543279230594635
154,5.133333333333334,,,,insightface_bbox,0.6305177211761475,0.0,603.203125,794.5872192382812,2354.76025390625,0,0,1,0,0,0,0,0,0,0,0,0,0.05236062407493591,0.03403370827436447,0.2951706647872925,0.060939423739910126,0.014220605604350567,0.0349135622382164,0.027371179312467575,0.041078485548496246,0.08354521542787552,0.06537573039531708,0.042658742517232895,0.07679713517427444
155,5.166666666666667,,,,insightface_bbox,0.6305177211761475,0.0,603.203125,794.5872192382812,2354.76025390625,0,0,1,0,0,0,0,0,0,0,0,0,0.05485246330499649,0.036402005702257156,0.3053007125854492,0.06778056919574738,0.014812475070357323,0.035859785974025726,0.029965637251734734,0.0435357391834259,0.08337690681219101,0.06678526103496552,0.04562754184007645,0.08114862442016602
156,5.2,,,,insightface_bbox,0.6263045072555542,0.0,550.620361328125,832.078369140625,2360.78564453125,0,0,1,0,0,0,0,0,0,0,0,0,0.0871228277683258,0.06260613352060318,0.4911966919898987,0.1417589783668518,0.01980522647500038,0.04534151405096054,0.04302447661757469,0.05950453132390976,0.09272217005491257,0.07768581062555313,0.07043874263763428,0.11047183722257614
157,5.233333333333333,,,,insightface_bbox,0.6263045072555542,0.0,550.620361328125,832.078369140625,2360.78564453125,0,0,1,0,0,0,0,0,0,0,0,0,0.08533947169780731,0.06197590008378029,0.4866718053817749,0.13988777995109558,0.018930183723568916,0.04502171650528908,0.040873732417821884,0.057409726083278656,0.09045574069023132,0.07243884354829788,0.06994383782148361,0.10586054623126984
158,5.266666666666667,,,,insightface_bbox,0.6263045072555542,0.0,550.620361328125,832.078369140625,2360.78564453125,0,0,1,0,0,0,0,0,0,0,0,0,0.08425706624984741,0.06130112335085869,0.48845046758651733,0.13793469965457916,0.01917877420783043,0.04536937177181244,0.04144713282585144,0.0569676011800766,0.09064061939716339,0.07223013043403625,0.06854348629713058,0.103460893034935
159,5.3,,,,insightface_bbox,0.6263045072555542,0.0,550.620361328125,832.078369140625,2360.78564453125,0,0,1,0,0,0,0,0,0,0,0,0,0.08427631109952927,0.06143208220601082,0.5300650596618652,0.13876770436763763,0.019580617547035217,0.046016596257686615,0.041720811277627945,0.05610864609479904,0.08988970518112183,0.07141775637865067,0.0694771260023117,0.10286112129688263
160,5.333333333333333,,,,insightface_bbox,0.6263045072555542,0.0,550.620361328125,832.078369140625,2360.78564453125,0,0,1,0,0,0,0,0,0,0,0,0,0.08638422191143036,0.06217602267861366,0.5098227262496948,0.1394021213054657,0.019053969532251358,0.04519730061292648,0.04005248844623566,0.05588877946138382,0.09109091013669968,0.07228076457977295,0.0681086927652359,0.10499458014965057
161,5.366666666666666,,,,insightface_bbox,0.6263045072555542,0.0,550.620361328125,832.078369140625,2360.78564453125,0,0,1,0,0,0,0,0,0,0,0,0,0.08455970138311386,0.06040535494685173,0.5074483752250671,0.13268356025218964,0.01926141232252121,0.04495152086019516,0.03973069787025452,0.05542495846748352,0.09302534908056259,0.0722881332039833,0.06915213167667389,0.10553926974534988
162,5.4,,,,insightface_bbox,0.6298242807388306,0.0,584.9580078125,786.2171630859375,2410.826904296875,0,0,1,0,0,0,0,0,0,0,0,0,0.05429251119494438,0.03422018513083458,0.3648999035358429,0.05853526294231415,0.011865977197885513,0.03225119039416313,0.023740706965327263,0.0381605289876461,0.07972760498523712,0.059526484459638596,0.04236309975385666,0.07302442193031311
163,5.433333333333334,,,,insightface_bbox,0.6298242807388306,0.0,584.9580078125,786.2171630859375,2410.826904296875,0,0,1,0,0,0,0,0,0,0,0,0,0.054784029722213745,0.034337759017944336,0.35064247250556946,0.05919770151376724,0.01186894066631794,0.031594015657901764,0.022258786484599113,0.03749522939324379,0.07915100455284119,0.0579063780605793,0.041101764887571335,0.07143780589103699
164,5.466666666666667,,,,insightface_bbox,0.6298242807388306,0.0,584.9580078125,786.2171630859375,2410.826904296875,0,0,1,0,0,0,0,0,0,0,0,0,0.05630432069301605,0.03522385284304619,0.3823253810405731,0.062326379120349884,0.012700087390840054,0.033293746411800385,0.022827405482530594,0.037865862250328064,0.0783868283033371,0.05697245895862579,0.044520944356918335,0.07337772101163864
165,5.5,,,,insightface_bbox,0.6298242807388306,0.0,584.9580078125,786.2171630859375,2410.826904296875,0,0,1,0,0,0,0,0,0,0,0,0,0.05670047923922539,0.035687390714883804,0.3915421962738037,0.0639219582080841,0.012744096107780933,0.0333717055618763,0.022176235914230347,0.037732865661382675,0.07904957979917526,0.05740055814385414,0.04479627683758736,0.07246549427509308
166,5.533333333333333,,,,insightface_bbox,0.6298242807388306,0.0,584.9580078125,786.2171630859375,2410.826904296875,0,0,1,0,0,0,0,0,0,0,0,0,0.05544338375329971,0.03443554788827896,0.3930439054965973,0.059783514589071274,0.012293245643377304,0.03263198211789131,0.021620577201247215,0.0366072878241539,0.07648729532957077,0.05611388012766838,0.04396047070622444,0.07194101810455322
167,5.566666666666666,,,,insightface_bbox,0.6298242807388306,0.0,584.9580078125,786.2171630859375,2410.826904296875,0,0,1,0,0,0,0,0,0,0,0,0,0.053947944194078445,0.0333695262670517,0.363785982131958,0.05781210586428642,0.012105806730687618,0.031910281628370285,0.02177216112613678,0.03622843325138092,0.07725118845701218,0.0560794435441494,0.044165849685668945,0.07286090403795242
168,5.6,,,,insightface_bbox,0.629509687423706,0.0,598.7672729492188,792.3236083984375,2388.288330078125,0,0,1,0,0,0,0,0,0,0,0,0,0.052094317972660065,0.03379778191447258,0.3588661253452301,0.05799692124128342,0.012690727598965168,0.032665934413671494,0.02512967959046364,0.03714801371097565,0.07791312038898468,0.05764422565698624,0.04581645131111145,0.07344194501638412
169,5.633333333333334,,,,insightface_bbox,0.629509687423706,0.0,598.7672729492188,792.3236083984375,2388.288330078125,0,0,1,0,0,0,0,0,0,0,0,0,0.05376208946108818,0.03562992811203003,0.3597942590713501,0.06233148276805878,0.012751881033182144,0.03322746604681015,0.026129528880119324,0.038499247282743454,0.07782579958438873,0.058508433401584625,0.04658108204603195,0.07492406666278839
170,5.666666666666667,,,,insightface_bbox,0.629509687423706,0.0,598.7672729492188,792.3236083984375,2388.288330078125,0,0,1,0,0,0,0,0,0,0,0,0,0.05279116332530975,0.034121207892894745,0.35542988777160645,0.05809102952480316,0.012136111967265606,0.03263840079307556,0.02651994861662388,0.03746583312749863,0.07772590219974518,0.05883748084306717,0.045414797961711884,0.07489317655563354
171,5.7,,,,insightface_bbox,0.629509687423706,0.0,598.7672729492188,792.3236083984375,2388.288330078125,0,0,1,0,0,0,0,0,0,0,0,0,0.05442778766155243,0.03531777113676071,0.354175865650177,0.06081847473978996,0.012456574477255344,0.03372000902891159,0.028767509385943413,0.03915315121412277,0.07837545871734619,0.06144619733095169,0.047028254717588425,0.07734927535057068
172,5.733333333333333,,,,insightface_bbox,0.629509687423706,0.0,598.7672729492188,792.3236083984375,2388.288330078125,0,0,1,0,0,0,0,0,0,0,0,0,0.054922305047512054,0.035517554730176926,0.34959569573402405,0.0621725395321846,0.012252526357769966,0.034073542803525925,0.029256513342261314,0.03994235396385193,0.07876657694578171,0.06258175522089005,0.04901392012834549,0.07858903706073761
173,5.766666666666667,,,,insightface_bbox,0.629509687423706,0.0,598.7672729492188,792.3236083984375,2388.288330078125,0,0,1,0,0,0,0,0,0,0,0,0,0.05385961756110191,0.03488203138113022,0.3472900986671448,0.060636311769485474,0.012025529518723488,0.03369099274277687,0.02831234410405159,0.03924071788787842,0.07824898511171341,0.061874642968177795,0.04923258721828461,0.07834666222333908
174,5.8,,,,insightface_bbox,0.6314748525619507,0.0,596.2467041015625,794.23291015625,2378.27783203125,0,0,1,0,0,0,0,0,0,0,0,0,0.0547134168446064,0.03550856187939644,0.3441564440727234,0.06192242354154587,0.012074458412826061,0.03337117284536362,0.027773596346378326,0.04001055657863617,0.0781402662396431,0.06250233203172684,0.04658037796616554,0.07773476839065552
175,5.833333333333333,,,,insightface_bbox,0.6314748525619507,0.0,596.2467041015625,794.23291015625,2378.27783203125,0,0,1,0,0,0,0,0,0,0,0,0,0.054698552936315536,0.03547396510839462,0.33680927753448486,0.061570387333631516,0.012006695382297039,0.03292069956660271,0.026897847652435303,0.038817793130874634,0.07845401018857956,0.06113552302122116,0.04489685967564583,0.07580140233039856
176,5.866666666666666,,,,insightface_bbox,0.6314748525619507,0.0,596.2467041015625,794.23291015625,2378.27783203125,0,0,1,0,0,0,0,0,0,0,0,0,0.06062023341655731,0.04025820642709732,0.3809487521648407,0.07350770384073257,0.012945597060024738,0.03581874445080757,0.02838185802102089,0.041582703590393066,0.08029795438051224,0.06198932230472565,0.05189742147922516,0.08171923458576202
177,5.9,,,,insightface_bbox,0.6314748525619507,0.0,596.2467041015625,794.23291015625,2378.27783203125,0,0,1,0,0,0,0,0,0,0,0,0,0.05918768793344498,0.03943045437335968,0.3719622492790222,0.07175654917955399,0.012827981263399124,0.0354335755109787,0.028217945247888565,0.040972284972667694,0.07891387492418289,0.06133253872394562,0.05233775079250336,0.08099688589572906
178,5.933333333333334,,,,insightface_bbox,0.6314748525619507,0.0,596.2467041015625,794.23291015625,2378.27783203125,0,0,1,0,0,0,0,0,0,0,0,0,0.057244084775447845,0.03754744678735733,0.3650483787059784,0.06655280292034149,0.012362921610474586,0.03428531438112259,0.02789769507944584,0.039667122066020966,0.07931839674711227,0.06264452636241913,0.05033737048506737,0.08024197816848755
179,5.966666666666667,,,,insightface_bbox,0.6314748525619507,0.0,596.2467041015625,794.23291015625,2378.27783203125,0,0,1,0,0,0,0,0,0,0,0,0,0.05636049062013626,0.036652158945798874,0.3698853850364685,0.06465961784124374,0.01231373380869627,0.03432232141494751,0.028583448380231857,0.03928123041987419,0.07844727486371994,0.06278762966394424,0.05121174827218056,0.08015306293964386
180,6.0,,,,insightface_bbox,0.6462364196777344,0.0,586.4471435546875,792.3987426757812,2385.627685546875,0,0,1,0,0,0,0,0,0,0,0,0,0.06421463936567307,0.043292395770549774,0.47809872031211853,0.08629149198532104,0.01556019764393568,0.040988754481077194,0.03229348361492157,0.04852542281150818,0.08018538355827332,0.06623052060604095,0.06694449484348297,0.08942840993404388
181,6.033333333333333,,,,insightface_bbox,0.6462364196777344,0.0,586.4471435546875,792.3987426757812,2385.627685546875,0,0,1,0,0,0,0,0,0,0,0,0,0.06182396411895752,0.04196109250187874,0.4514286518096924,0.08268643170595169,0.015068533830344677,0.0400954931974411,0.03147512301802635,0.048697009682655334,0.08024623990058899,0.06619765609502792,0.06166301295161247,0.08788828551769257
182,6.066666666666666,,,,insightface_bbox,0.6462364196777344,0.0,586.4471435546875,792.3987426757812,2385.627685546875,0,0,1,0,0,0,0,0,0,0,0,0,0.06768445670604706,0.04655793681740761,0.4331924021244049,0.09684689342975616,0.0159305352717638,0.04060312360525131,0.03066089190542698,0.050407350063323975,0.08165554702281952,0.06590975821018219,0.06521108746528625,0.09342369437217712
183,6.1,,,,insightface_bbox,0.6462364196777344,0.0,586.4471435546875,792.3987426757812,2385.627685546875,0,0,1,0,0,0,0,0,0,0,0,0,0.07028019428253174,0.04859412461519241,0.4625056982040405,0.10535129904747009,0.01667642593383789,0.04163439944386482,0.03172348439693451,0.05092872679233551,0.08348401635885239,0.06724055111408234,0.0685630813241005,0.09658817946910858
184,6.133333333333334,,,,insightface_bbox,0.6462364196777344,0.0,586.4471435546875,792.3987426757812,2385.627685546875,0,0,1,0,0,0,0,0,0,0,0,0,0.07601235806941986,0.052190572023391724,0.46703413128852844,0.11438336223363876,0.017117967829108238,0.041945260018110275,0.03276735544204712,0.049883365631103516,0.08717283606529236,0.06696727126836777,0.07181822508573532,0.1034265011548996
185,6.166666666666667,,,,insightface_bbox,0.6462364196777344,0.0,586.4471435546875,792.3987426757812,2385.627685546875,0,0,1,0,0,0,0,0,0,0,0,0,0.07273153215646744,0.04894793778657913,0.47554105520248413,0.10365661978721619,0.016361529007554054,0.040899474173784256,0.031052399426698685,0.04720868542790413,0.08507603406906128,0.06470811367034912,0.07052913308143616,0.09682036936283112
186,6.2,,,,insightface_bbox,0.6589999198913574,0.0,596.6879272460938,791.0136108398438,2394.5986328125,0,0,1,0,0,0,0,0,0,0,0,0,0.06189568340778351,0.04121524095535278,0.38050469756126404,0.07637015730142593,0.013605832122266293,0.03608672693371773,0.026633182540535927,0.04060152918100357,0.07840754091739655,0.05873653665184975,0.0569714680314064,0.08490696549415588
187,6.233333333333333,,,,insightface_bbox,0.6589999198913574,0.0,596.6879272460938,791.0136108398438,2394.5986328125,0,0,1,0,0,0,0,0,0,0,0,0,0.06255953758955002,0.042036253958940506,0.3785046935081482,0.08130434900522232,0.014532804489135742,0.03706652671098709,0.0284188874065876,0.04509551078081131,0.07945966720581055,0.062317393720149994,0.05359988287091255,0.0854099690914154
188,6.266666666666667,,,,insightface_bbox,0.6589999198913574,0.0,596.6879272460938,791.0136108398438,2394.5986328125,0,0,1,0,0,0,0,0,0,0,0,0,0.060617294162511826,0.040651701390743256,0.37024036049842834,0.07829538732767105,0.014447835274040699,0.036725763231515884,0.02743925154209137,0.04382973909378052,0.07810436934232712,0.06114158034324646,0.054212987422943115,0.08195944130420685
189,6.3,,,,insightface_bbox,0.6589999198913574,0.0,596.6879272460938,791.0136108398438,2394.5986328125,0,0,1,0,0,0,0,0,0,0,0,0,0.05884203314781189,0.039374422281980515,0.3656063675880432,0.07428944855928421,0.014302154071629047,0.03658188134431839,0.027056867256760597,0.04300873726606369,0.07780826091766357,0.06080695986747742,0.05500286817550659,0.0818445086479187
190,6.333333333333333,,,,insightface_bbox,0.6589999198913574,0.0,596.6879272460938,791.0136108398438,2394.5986328125,0,0,1,0,0,0,0,0,0,0,0,0,0.06016866862773895,0.039995331317186356,0.36796703934669495,0.07576172798871994,0.014831078238785267,0.0377274751663208,0.029499974101781845,0.0443173386156559,0.08083915710449219,0.06366006284952164,0.05728626996278763,0.08800417184829712
191,6.366666666666666,,,,insightface_bbox,0.6589999198913574,0.0,596.6879272460938,791.0136108398438,2394.5986328125,0,0,1,0,0,0,0,0,0,0,0,0,0.05996162071824074,0.03979666531085968,0.38119953870773315,0.07589946687221527,0.014782884158194065,0.03834695369005203,0.03191254660487175,0.04463120549917221,0.0816260278224945,0.06544646620750427,0.06309060752391815,0.09393806755542755
192,6.4,,,,insightface_bbox,0.6404555439949036,0.0,604.5631103515625,787.960205078125,2357.92529296875,0,0,1,0,0,0,0,0,0,0,0,0,0.04359661042690277,0.027115613222122192,0.41866961121559143,0.04326377436518669,0.010545378550887108,0.032364945858716965,0.02442767843604088,0.03387974202632904,0.07080645859241486,0.05442593991756439,0.050953209400177,0.07201825827360153
193,6.433333333333334,,,,insightface_bbox,0.6404555439949036,0.0,604.5631103515625,787.960205078125,2357.92529296875,0,0,1,0,0,0,0,0,0,0,0,0,0.04126870632171631,0.024911656975746155,0.38870903849601746,0.03708093240857124,0.009524719789624214,0.029839199036359787,0.02191946655511856,0.02963593602180481,0.06880748271942139,0.051273513585329056,0.04584693908691406,0.06592079997062683
194,6.466666666666667,,,,insightface_bbox,0.6404555439949036,0.0,604.5631103515625,787.960205078125,2357.92529296875,0,0,1,0,0,0,0,0,0,0,0,0,0.040975674986839294,0.02444044128060341,0.4024477005004883,0.03592608869075775,0.009514480829238892,0.02950524538755417,0.022418219596147537,0.028873158618807793,0.06919722259044647,0.05122608691453934,0.0462665930390358,0.06722278147935867
195,6.5,,,,insightface_bbox,0.6404555439949036,0.0,604.5631103515625,787.960205078125,2357.92529296875,0,0,1,0,0,0,0,0,0,0,0,0,0.041850365698337555,0.025125853717327118,0.4461881220340729,0.03683571517467499,0.010028231889009476,0.03114323318004608,0.022989407181739807,0.02911118045449257,0.06971532106399536,0.05068192631006241,0.04807711020112038,0.06537142395973206
196,6.533333333333333,,,,insightface_bbox,0.6404555439949036,0.0,604.5631103515625,787.960205078125,2357.92529296875,0,0,1,0,0,0,0,0,0,0,0,0,0.04326211288571358,0.02668355591595173,0.4599999785423279,0.0413944385945797,0.010470347478985786,0.03265850618481636,0.02341999113559723,0.030444061383605003,0.06943483650684357,0.05074143409729004,0.053305767476558685,0.06831395626068115
197,6.566666666666666,,,,insightface_bbox,0.6404555439949036,0.0,604.5631103515625,787.960205078125,2357.92529296875,0,0,1,0,0,0,0,0,0,0,0,0,0.05587126687169075,0.03677871450781822,0.41524872183799744,0.06682837754487991,0.010779818519949913,0.032171621918678284,0.0222731102257967,0.03595355153083801,0.07175978273153305,0.05441487208008766,0.053393371403217316,0.07872329652309418
198,6.6,,,,insightface_bbox,0.6625931262969971,0.0,594.9148559570312,786.0992431640625,2404.510009765625,0,0,1,0,0,0,0,0,0,0,0,0,0.0635046511888504,0.043274037539958954,0.3903461992740631,0.083549365401268,0.013603433035314083,0.037229474633932114,0.02864743024110794,0.04317241162061691,0.07843504846096039,0.06277267634868622,0.0662175640463829,0.09290477633476257
199,6.633333333333334,,,,insightface_bbox,0.6625931262969971,0.0,594.9148559570312,786.0992431640625,2404.510009765625,0,0,1,0,0,0,0,0,0,0,0,0,0.058246929198503494,0.038761742413043976,0.36815255880355835,0.07179830968379974,0.01291712000966072,0.03631213307380676,0.029779992997646332,0.04154549911618233,0.07997819036245346,0.06507834792137146,0.06049426272511482,0.09184455871582031
200,6.666666666666667,,,,insightface_bbox,0.6625931262969971,0.0,594.9148559570312,786.0992431640625,2404.510009765625,0,0,1,0,0,0,0,0,0,0,0,0,0.0527711883187294,0.03470528498291969,0.41460472345352173,0.06136784702539444,0.0138175617903471,0.03892797976732254,0.0343751385807991,0.04091757908463478,0.08139681071043015,0.064902164041996,0.06700412929058075,0.08843332529067993
201,6.7,,,,insightface_bbox,0.6625931262969971,0.0,594.9148559570312,786.0992431640625,2404.510009765625,0,0,1,0,0,0,0,0,0,0,0,0,0.04959002509713173,0.031501635909080505,0.38711729645729065,0.05224963650107384,0.012706950306892395,0.037027232348918915,0.03128679469227791,0.03930937126278877,0.08265844732522964,0.06448628008365631,0.060016416013240814,0.0814923569560051
202,6.733333333333333,,,,insightface_bbox,0.6625931262969971,0.0,594.9148559570312,786.0992431640625,2404.510009765625,0,0,1,0,0,0,0,0,0,0,0,0,0.05038810521364212,0.03192654997110367,0.36974436044692993,0.0534268319606781,0.012758038938045502,0.036934882402420044,0.03228561952710152,0.04033762961626053,0.08482100069522858,0.06585519015789032,0.06136946752667427,0.0870809555053711
203,6.766666666666667,,,,insightface_bbox,0.6625931262969971,0.0,594.9148559570312,786.0992431640625,2404.510009765625,0,0,1,0,0,0,0,0,0,0,0,0,0.050490837544202805,0.03215575963258743,0.36879241466522217,0.053982846438884735,0.012737860903143883,0.03712695837020874,0.033348243683576584,0.040488388389348984,0.08568570017814636,0.06720323860645294,0.06312239915132523,0.08850492537021637
204,6.8,,,,insightface_bbox,0.617171585559845,0.0,537.5281372070312,829.5371704101562,2347.27197265625,0,0,1,0,0,0,0,0,0,0,0,0,0.0773690715432167,0.052076555788517,0.8226335048675537,0.10661891102790833,0.02183721214532852,0.05472330003976822,0.046710819005966187,0.04832926392555237,0.09413114190101624,0.06983687728643417,0.09811989217996597,0.10233060270547867
205,6.833333333333333,,,,insightface_bbox,0.617171585559845,0.0,537.5281372070312,829.5371704101562,2347.27197265625,0,0,1,0,0,0,0,0,0,0,0,0,0.08065935969352722,0.05444847419857979,0.8147766590118408,0.11480972170829773,0.02219289541244507,0.054905004799366,0.04653025418519974,0.050693247467279434,0.09456197917461395,0.07141131162643433,0.09650599211454391,0.10321533679962158
206,6.866666666666666,,,,insightface_bbox,0.617171585559845,0.0,537.5281372070312,829.5371704101562,2347.27197265625,0,0,1,0,0,0,0,0,0,0,0,0,0.08155151456594467,0.0551929846405983,0.8402589559555054,0.11793433129787445,0.02275722287595272,0.05624521151185036,0.04722081869840622,0.05174233764410019,0.09528018534183502,0.07153459638357162,0.09704600274562836,0.10127309709787369
207,6.9,,,,insightface_bbox,0.617171585559845,0.0,537.5281372070312,829.5371704101562,2347.27197265625,0,0,1,0,0,0,0,0,0,0,0,0,0.08482366800308228,0.057704679667949677,0.8550799489021301,0.1267981231212616,0.02324911765754223,0.05700935050845146,0.04887565225362778,0.053030531853437424,0.09637533873319626,0.07308432459831238,0.1042555570602417,0.10705482214689255
208,6.933333333333334,,,,insightface_bbox,0.617171585559845,0.0,537.5281372070312,829.5371704101562,2347.27197265625,0,0,1,0,0,0,0,0,0,0,0,0,0.08965764939785004,0.060745719820261,0.8684525489807129,0.13408274948596954,0.022809209302067757,0.05645423382520676,0.04723677039146423,0.052519794553518295,0.09689293801784515,0.07244469225406647,0.10354581475257874,0.10923274606466293
209,6.966666666666667,,,,insightface_bbox,0.617171585559845,0.0,537.5281372070312,829.5371704101562,2347.27197265625,0,0,1,0,0,0,0,0,0,0,0,0,0.10272826254367828,0.06934455037117004,0.8080788850784302,0.16628271341323853,0.022019769996404648,0.05480760335922241,0.046244777739048004,0.05329502746462822,0.09553620219230652,0.07291004806756973,0.10028047859668732,0.11394383013248444
210,7.0,,,,insightface_bbox,0.6127554774284363,0.0,499.7950744628906,834.925537109375,2383.8330078125,0,0,1,0,0,0,0,0,0,0,0,0,0.07515155524015427,0.0487789586186409,0.6152809262275696,0.0958418995141983,0.016672756522893906,0.042284734547138214,0.032390255481004715,0.044028982520103455,0.0849226862192154,0.06705059111118317,0.06253238767385483,0.0834348201751709
211,7.033333333333333,,,,insightface_bbox,0.6127554774284363,0.0,499.7950744628906,834.925537109375,2383.8330078125,0,0,1,0,0,0,0,0,0,0,0,0,0.0725908875465393,0.04721580073237419,0.6132761240005493,0.09272313117980957,0.017407506704330444,0.04185982793569565,0.03331444039940834,0.04404802620410919,0.08475618064403534,0.06786572933197021,0.0608905628323555,0.08221450448036194
212,7.066666666666666,,,,insightface_bbox,0.6127554774284363,0.0,499.7950744628906,834.925537109375,2383.8330078125,0,0,1,0,0,0,0,0,0,0,0,0,0.07406124472618103,0.04747144132852554,0.6148919463157654,0.09239441901445389,0.017557533457875252,0.04187754914164543,0.03346171975135803,0.04404347017407417,0.08707340061664581,0.06852008402347565,0.06227254122495651,0.08367258310317993
213,7.1,,,,insightface_bbox,0.6127554774284363,0.0,499.7950744628906,834.925537109375,2383.8330078125,0,0,1,0,0,0,0,0,0,0,0,0,0.07679294794797897,0.049003250896930695,0.6148468255996704,0.09728549420833588,0.01817787066102028,0.043149661272764206,0.03497392311692238,0.04633842408657074,0.08971896767616272,0.07031139731407166,0.0651896744966507,0.08532003313302994
214,7.133333333333334,,,,insightface_bbox,0.6127554774284363,0.0,499.7950744628906,834.925537109375,2383.8330078125,0,0,1,0,0,0,0,0,0,0,0,0,0.07501442730426788,0.048147495836019516,0.6188098192214966,0.09509406983852386,0.01793629862368107,0.042861826717853546,0.03442157432436943,0.04516815394163132,0.08833155781030655,0.06918967515230179,0.06526733934879303,0.08483726531267166
215,7.166666666666667,,,,insightface_bbox,0.6127554774284363,0.0,499.7950744628906,834.925537109375,2383.8330078125,0,0,1,0,0,0,0,0,0,0,0,0,0.07563762366771698,0.04854220151901245,0.6232520937919617,0.09634397178888321,0.018746687099337578,0.04385682940483093,0.035792890936136246,0.046128541231155396,0.08990161865949631,0.07086672633886337,0.0655657947063446,0.08656279742717743
216,7.2,,,,insightface_bbox,0.6353391408920288,0.0,520.6571655273438,825.9334716796875,2313.050048828125,0,0,1,0,0,0,0,0,0,0,0,0,0.08272843062877655,0.05709148198366165,0.6960163116455078,0.13162797689437866,0.020662449300289154,0.05031152814626694,0.043835271149873734,0.052099309861660004,0.0912405401468277,0.0715615376830101,0.09068935364484787,0.10365105420351028
217,7.233333333333333,,,,insightface_bbox,0.6353391408920288,0.0,520.6571655273438,825.9334716796875,2313.050048828125,0,0,1,0,0,0,0,0,0,0,0,0,0.09106796979904175,0.06244273856282234,0.7321369647979736,0.1479451209306717,0.021066123619675636,0.05167759954929352,0.044433481991291046,0.0529739186167717,0.09164561331272125,0.07155676186084747,0.0968334898352623,0.10755179822444916
218,7.266666666666667,,,,insightface_bbox,0.6353391408920288,0.0,520.6571655273438,825.9334716796875,2313.050048828125,0,0,1,0,0,0,0,0,0,0,0,0,0.09674982726573944,0.06611385941505432,0.6940421462059021,0.1559416651725769,0.019411593675613403,0.049969252198934555,0.039655063301324844,0.051910970360040665,0.09062391519546509,0.07254921644926071,0.09966760128736496,0.11729927361011505
219,7.3,,,,insightface_bbox,0.6353391408920288,0.0,520.6571655273438,825.9334716796875,2313.050048828125,0,0,1,0,0,0,0,0,0,0,0,0,0.09354803711175919,0.06416243314743042,0.6409173011779785,0.14800496399402618,0.01810375787317753,0.0464026965200901,0.03558238968253136,0.04989127814769745,0.08765675127506256,0.07062554359436035,0.08791942149400711,0.11085645854473114
220,7.333333333333333,,,,insightface_bbox,0.6353391408920288,0.0,520.6571655273438,825.9334716796875,2313.050048828125,0,0,1,0,0,0,0,0,0,0,0,0,0.08170079439878464,0.05638172850012779,0.6468730568885803,0.12593089044094086,0.01888912357389927,0.04642027989029884,0.03637734055519104,0.04941215366125107,0.08757129311561584,0.07008597254753113,0.0856730192899704,0.10140258073806763
221,7.366666666666666,,,,insightface_bbox,0.6353391408920288,0.0,520.6571655273438,825.9334716796875,2313.050048828125,0,0,1,0,0,0,0,0,0,0,0,0,0.08324264734983444,0.05729248747229576,0.7292160987854004,0.12692582607269287,0.020261341705918312,0.049595460295677185,0.039695002138614655,0.051229327917099,0.09113431721925735,0.07050976902246475,0.09502728283405304,0.10244227200746536
222,7.4,,,,insightface_bbox,0.6362136602401733,0.0,536.5136108398438,824.728271484375,2345.060546875,0,0,1,0,0,0,0,0,0,0,0,0,0.06915301829576492,0.04760731756687164,0.5442959666252136,0.09962612390518188,0.01748000830411911,0.04366425424814224,0.039936043322086334,0.05145607516169548,0.08979320526123047,0.07485990226268768,0.07623716443777084,0.10096021741628647
223,7.433333333333334,,,,insightface_bbox,0.6362136602401733,0.0,536.5136108398438,824.728271484375,2345.060546875,0,0,1,0,0,0,0,0,0,0,0,0,0.07067500799894333,0.04807252064347267,0.5493595004081726,0.09904778748750687,0.01774008572101593,0.04370135813951492,0.04021100699901581,0.050806138664484024,0.09111839532852173,0.07590851932764053,0.0732586607336998,0.10112610459327698
224,7.466666666666667,,,,insightface_bbox,0.6362136602401733,0.0,536.5136108398438,824.728271484375,2345.060546875,0,0,1,0,0,0,0,0,0,0,0,0,0.06982578337192535,0.04760655760765076,0.5496331453323364,0.0965254008769989,0.01751166582107544,0.042833346873521805,0.039112385362386703,0.05079983174800873,0.09071128070354462,0.0760774239897728,0.06951235979795456,0.09983956813812256
225,7.5,,,,insightface_bbox,0.6362136602401733,0.0,536.5136108398438,824.728271484375,2345.060546875,0,0,1,0,0,0,0,0,0,0,0,0,0.07230338454246521,0.049133989959955215,0.5272842645645142,0.10074154287576675,0.016845151782035828,0.04214230552315712,0.03798815980553627,0.0506850890815258,0.09097667038440704,0.0774267315864563,0.0682290568947792,0.10085207223892212
226,7.533333333333333,,,,insightface_bbox,0.6362136602401733,0.0,536.5136108398438,824.728271484375,2345.060546875,0,0,1,0,0,0,0,0,0,0,0,0,0.07111002504825592,0.04805046319961548,0.5197053551673889,0.0962279811501503,0.016312822699546814,0.041854701936244965,0.038224056363105774,0.050203654915094376,0.09109309315681458,0.0773419514298439,0.06420285999774933,0.09545064717531204
227,7.566666666666666,,,,insightface_bbox,0.6362136602401733,0.0,536.5136108398438,824.728271484375,2345.060546875,0,0,1,0,0,0,0,0,0,0,0,0,0.07081957161426544,0.04781630262732506,0.5150326490402222,0.0957825630903244,0.016382858157157898,0.041885171085596085,0.03838745504617691,0.05082271248102188,0.09162048995494843,0.07811771333217621,0.06587602943181992,0.09624641388654709
228,7.6,,,,insightface_bbox,0.6068282127380371,0.0,536.9797973632812,825.9207153320312,2345.201171875,0,0,1,0,0,0,0,0,0,0,0,0,0.05730118602514267,0.03757980465888977,0.484229177236557,0.06660937517881393,0.015246884897351265,0.0394081175327301,0.03580828011035919,0.04541177302598953,0.08639474213123322,0.07139130681753159,0.06441396474838257,0.08916644752025604
229,7.633333333333334,,,,insightface_bbox,0.6068282127380371,0.0,536.9797973632812,825.9207153320312,2345.201171875,0,0,1,0,0,0,0,0,0,0,0,0,0.05846606567502022,0.03879184648394585,0.4667971730232239,0.07024282962083817,0.01482884306460619,0.03915739059448242,0.03550697863101959,0.04672540724277496,0.08495402336120605,0.07165628671646118,0.061225175857543945,0.08698663115501404
230,7.666666666666667,,,,insightface_bbox,0.6068282127380371,0.0,536.9797973632812,825.9207153320312,2345.201171875,0,0,1,0,0,0,0,0,0,0,0,0,0.05773730203509331,0.03848107159137726,0.46992745995521545,0.06877561658620834,0.014679511077702045,0.03875092417001724,0.03454414755105972,0.04559116065502167,0.08361901342868805,0.0699678510427475,0.061844877898693085,0.08680679649114609
231,7.7,,,,insightface_bbox,0.6068282127380371,0.0,536.9797973632812,825.9207153320312,2345.201171875,0,0,1,0,0,0,0,0,0,0,0,0,0.05706441029906273,0.03781912103295326,0.49311840534210205,0.06714673340320587,0.014671619050204754,0.038896363228559494,0.033664751797914505,0.04416724666953087,0.08248665928840637,0.06690187007188797,0.06524038314819336,0.08750788867473602
232,7.733333333333333,,,,insightface_bbox,0.6068282127380371,0.0,536.9797973632812,825.9207153320312,2345.201171875,0,0,1,0,0,0,0,0,0,0,0,0,0.05842543765902519,0.038565486669540405,0.5028773546218872,0.06937005370855331,0.015158439055085182,0.04011254757642746,0.034723006188869476,0.04490029439330101,0.0848110169172287,0.0690421462059021,0.06835305690765381,0.09135761111974716
233,7.766666666666667,,,,insightface_bbox,0.6068282127380371,0.0,536.9797973632812,825.9207153320312,2345.201171875,0,0,1,0,0,0,0,0,0,0,0,0,0.0611221082508564,0.04033137485384941,0.4974992275238037,0.07322156429290771,0.015039271675050259,0.03968747332692146,0.03483660891652107,0.04413290321826935,0.08706320077180862,0.07011270523071289,0.06612801551818848,0.09279544651508331
234,7.8,,,,insightface_bbox,0.6344617605209351,0.0,585.8232421875,788.737060546875,2379.9677734375,0,0,1,0,0,0,0,0,0,0,0,0,0.06633702665567398,0.04437271133065224,0.5083720684051514,0.08136794716119766,0.014194650575518608,0.03890567645430565,0.03228875249624252,0.04252023249864578,0.08529731631278992,0.07012704759836197,0.06672756373882294,0.09573568403720856
235,7.833333333333333,,,,insightface_bbox,0.6344617605209351,0.0,585.8232421875,788.737060546875,2379.9677734375,0,0,1,0,0,0,0,0,0,0,0,0,0.060872841626405716,0.041392892599105835,0.4633564054965973,0.07676339149475098,0.013852502219378948,0.03795820474624634,0.03124488703906536,0.04263073951005936,0.0860532745718956,0.06833461672067642,0.06353641301393509,0.09004109352827072
236,7.866666666666666,,,,insightface_bbox,0.6344617605209351,0.0,585.8232421875,788.737060546875,2379.9677734375,0,0,1,0,0,0,0,0,0,0,0,0,0.06434980779886246,0.04321849346160889,0.47297292947769165,0.08136440068483353,0.015019514597952366,0.040965210646390915,0.034190669655799866,0.044972218573093414,0.09342896938323975,0.07330425828695297,0.07624693214893341,0.09744371473789215
237,7.9,,,,insightface_bbox,0.6344617605209351,0.0,585.8232421875,788.737060546875,2379.9677734375,0,0,1,0,0,0,0,0,0,0,0,0,0.06693444401025772,0.044203102588653564,0.562933623790741,0.08103720098733902,0.014881430193781853,0.04171021655201912,0.0338473878800869,0.04264095798134804,0.09276806563138962,0.06989514827728271,0.0861218199133873,0.09376613795757294
238,7.933333333333334,,,,insightface_bbox,0.6344617605209351,0.0,585.8232421875,788.737060546875,2379.9677734375,0,0,1,0,0,0,0,0,0,0,0,0,0.07439020276069641,0.048207223415374756,0.6389627456665039,0.09067594259977341,0.016631051898002625,0.046307262033224106,0.03783543035387993,0.04534391313791275,0.09616430103778839,0.07212813198566437,0.101374551653862,0.09956103563308716
239,7.966666666666667,,,,insightface_bbox,0.6344617605209351,0.0,585.8232421875,788.737060546875,2379.9677734375,0,0,1,0,0,0,0,0,0,0,0,0,0.0756186917424202,0.0488412082195282,0.6264874935150146,0.09447884559631348,0.015283865854144096,0.04437495023012161,0.03468356654047966,0.044473797082901,0.09445405751466751,0.07150845229625702,0.09311042726039886,0.0953415110707283
240,8.0,,,,insightface_bbox,0.6407375335693359,0.0,601.1092529296875,796.1731567382812,2394.453125,0,0,1,0,0,0,0,0,0,0,0,0,0.07448481023311615,0.04877161234617233,0.631751298904419,0.09524647891521454,0.014065157622098923,0.04294035583734512,0.032900258898735046,0.043131694197654724,0.08975346386432648,0.0698147788643837,0.09506772458553314,0.09785085916519165
241,8.033333333333333,,,,insightface_bbox,0.6407375335693359,0.0,601.1092529296875,796.1731567382812,2394.453125,0,0,1,0,0,0,0,0,0,0,0,0,0.06784594058990479,0.04388035833835602,0.6224173307418823,0.08463524281978607,0.013288317248225212,0.04022175818681717,0.029135866090655327,0.04059281572699547,0.08694788813591003,0.06527772545814514,0.08668915927410126,0.09134337306022644
242,8.066666666666666,,,,insightface_bbox,0.6407375335693359,0.0,601.1092529296875,796.1731567382812,2394.453125,0,0,1,0,0,0,0,0,0,0,0,0,0.06227192282676697,0.04038234055042267,0.6242703199386597,0.07437880337238312,0.012762293219566345,0.03827855363488197,0.02668963000178337,0.03938008472323418,0.08057260513305664,0.06296884268522263,0.07956884056329727,0.08526746183633804
243,8.1,,,,insightface_bbox,0.6407375335693359,0.0,601.1092529296875,796.1731567382812,2394.453125,0,0,1,0,0,0,0,0,0,0,0,0,0.060325853526592255,0.03884963318705559,0.610625147819519,0.06943957507610321,0.0120311938226223,0.03660813719034195,0.024662155658006668,0.03704268857836723,0.07824384421110153,0.0604739785194397,0.07284132391214371,0.08133494108915329
244,8.133333333333333,,,,insightface_bbox,0.6407375335693359,0.0,601.1092529296875,796.1731567382812,2394.453125,0,0,1,0,0,0,0,0,0,0,0,0,0.05511046200990677,0.03584511950612068,0.552533745765686,0.061365365982055664,0.010334061458706856,0.032316870987415314,0.020643100142478943,0.03371574729681015,0.07233553379774094,0.056638043373823166,0.0575137659907341,0.07207834720611572
245,8.166666666666666,,,,insightface_bbox,0.6407375335693359,0.0,601.1092529296875,796.1731567382812,2394.453125,0,0,1,0,0,0,0,0,0,0,0,0,0.053605545312166214,0.03453221917152405,0.5093919634819031,0.05951964110136032,0.009024973027408123,0.029305221512913704,0.01864413172006607,0.031001495197415352,0.06778044998645782,0.05487166345119476,0.05043969303369522,0.06976526230573654
246,8.2,,,,insightface_bbox,0.6099289655685425,0.0,596.65087890625,800.8644409179688,2353.318603515625,0,0,1,0,0,0,0,0,0,0,0,0,0.05159744992852211,0.03335528448224068,0.48879143595695496,0.05625481158494949,0.00988540705293417,0.030113454908132553,0.020354939624667168,0.033393606543540955,0.07099182903766632,0.05697590112686157,0.052298251539468765,0.07152676582336426
247,8.233333333333333,,,,insightface_bbox,0.6099289655685425,0.0,596.65087890625,800.8644409179688,2353.318603515625,0,0,1,0,0,0,0,0,0,0,0,0,0.049842096865177155,0.032182492315769196,0.4734909236431122,0.054277557879686356,0.009641043841838837,0.028604041785001755,0.018592311069369316,0.03196146711707115,0.06927476823329926,0.054177068173885345,0.05141863971948624,0.07041933387517929
248,8.266666666666667,,,,insightface_bbox,0.6099289655685425,0.0,596.65087890625,800.8644409179688,2353.318603515625,0,0,1,0,0,0,0,0,0,0,0,0,0.05132380127906799,0.03320101648569107,0.5142291784286499,0.056106291711330414,0.010111276991665363,0.02998216263949871,0.01985762268304825,0.032073795795440674,0.07008868455886841,0.05372888594865799,0.05549020320177078,0.07206331193447113
249,8.3,,,,insightface_bbox,0.6099289655685425,0.0,596.65087890625,800.8644409179688,2353.318603515625,0,0,1,0,0,0,0,0,0,0,0,0,0.05273278430104256,0.033775776624679565,0.5067956447601318,0.05689460039138794,0.010002180933952332,0.030119378119707108,0.019990477710962296,0.032423555850982666,0.06986475735902786,0.054151855409145355,0.05415976792573929,0.07148220390081406
250,8.333333333333334,,,,insightface_bbox,0.6099289655685425,0.0,596.65087890625,800.8644409179688,2353.318603515625,0,0,1,0,0,0,0,0,0,0,0,0,0.051092393696308136,0.03253534063696861,0.49282968044281006,0.053532689809799194,0.009254220873117447,0.028705507516860962,0.018331192433834076,0.030976545065641403,0.06713438034057617,0.05233626812696457,0.051805347204208374,0.0683826133608818
251,8.366666666666667,,,,insightface_bbox,0.6099289655685425,0.0,596.65087890625,800.8644409179688,2353.318603515625,0,0,1,0,0,0,0,0,0,0,0,0,0.05240461975336075,0.03297397866845131,0.5050108432769775,0.054057758301496506,0.009553894400596619,0.02933574467897415,0.019095830619335175,0.03149162232875824,0.06848321855068207,0.05287940800189972,0.05253910273313522,0.06903873383998871
252,8.4,,,,insightface_bbox,0.6146622896194458,0.0,607.2992553710938,794.9205322265625,2339.363525390625,0,0,1,0,0,0,0,0,0,0,0,0,0.05321561545133591,0.033159039914608,0.46224385499954224,0.05478036403656006,0.00938500091433525,0.028888095170259476,0.01841161958873272,0.03166374936699867,0.06806408613920212,0.052448250353336334,0.05142461508512497,0.06969569623470306
253,8.433333333333334,,,,insightface_bbox,0.6146622896194458,0.0,607.2992553710938,794.9205322265625,2339.363525390625,0,0,1,0,0,0,0,0,0,0,0,0,0.05559276416897774,0.035028114914894104,0.4914851784706116,0.05961840972304344,0.00921220425516367,0.029023323208093643,0.018185332417488098,0.03186590597033501,0.06677253544330597,0.05169525742530823,0.05177650600671768,0.06863921880722046
254,8.466666666666667,,,,insightface_bbox,0.6146622896194458,0.0,607.2992553710938,794.9205322265625,2339.363525390625,0,0,1,0,0,0,0,0,0,0,0,0,0.05530752241611481,0.03493838384747505,0.4834577739238739,0.05839724838733673,0.009038634598255157,0.028813347220420837,0.01786891557276249,0.031224887818098068,0.06520769000053406,0.05034749209880829,0.05492906644940376,0.07104778289794922
255,8.5,,,,insightface_bbox,0.6146622896194458,0.0,607.2992553710938,794.9205322265625,2339.363525390625,0,0,1,0,0,0,0,0,0,0,0,0,0.05348354950547218,0.03362306207418442,0.48036158084869385,0.05364725738763809,0.008835800923407078,0.028032446280121803,0.01728324592113495,0.029725374653935432,0.0630498081445694,0.04758789762854576,0.054862916469573975,0.0693492442369461
256,8.533333333333333,,,,insightface_bbox,0.6146622896194458,0.0,607.2992553710938,794.9205322265625,2339.363525390625,0,0,1,0,0,0,0,0,0,0,0,0,0.05506504699587822,0.034647516906261444,0.47523730993270874,0.05576785281300545,0.008830532431602478,0.02793000638484955,0.016490433365106583,0.030175091698765755,0.06292691081762314,0.046722009778022766,0.05561743304133415,0.07043754309415817
257,8.566666666666666,,,,insightface_bbox,0.6146622896194458,0.0,607.2992553710938,794.9205322265625,2339.363525390625,0,0,1,0,0,0,0,0,0,0,0,0,0.05346883460879326,0.0333622545003891,0.45651775598526,0.05257594957947731,0.008615386672317982,0.027166521176695824,0.015139189548790455,0.0293283574283123,0.06122026965022087,0.0451943464577198,0.054636187851428986,0.06988558918237686
258,8.6,,,,insightface_bbox,0.6250046491622925,0.0,608.7158813476562,808.9728393554688,2357.4658203125,0,0,1,0,0,0,0,0,0,0,0,0,0.06411829590797424,0.04281136393547058,0.5622477531433105,0.08408474922180176,0.012550558894872665,0.03833537548780441,0.0263272263109684,0.040882356464862823,0.07681436836719513,0.05997125431895256,0.092428058385849,0.0943189263343811
259,8.633333333333333,,,,insightface_bbox,0.6250046491622925,0.0,608.7158813476562,808.9728393554688,2357.4658203125,0,0,1,0,0,0,0,0,0,0,0,0,0.06416524201631546,0.0430111363530159,0.5502082109451294,0.0859522819519043,0.012771455571055412,0.038129717111587524,0.026209456846117973,0.041680388152599335,0.07763342559337616,0.06000991538167,0.0876392051577568,0.09630449116230011
260,8.666666666666666,,,,insightface_bbox,0.6250046491622925,0.0,608.7158813476562,808.9728393554688,2357.4658203125,0,0,1,0,0,0,0,0,0,0,0,0,0.06420581787824631,0.04273779317736626,0.5560492277145386,0.08444540947675705,0.012423503212630749,0.03739817813038826,0.025288507342338562,0.04109885171055794,0.07695912569761276,0.05977165699005127,0.0859496146440506,0.09606391936540604
261,8.7,,,,insightface_bbox,0.6250046491622925,0.0,608.7158813476562,808.9728393554688,2357.4658203125,0,0,1,0,0,0,0,0,0,0,0,0,0.062032345682382584,0.04056506231427193,0.564448893070221,0.07760660350322723,0.012234839610755444,0.036699328571558,0.024802234023809433,0.039954181760549545,0.07635270059108734,0.05855467915534973,0.08123363554477692,0.09205496311187744
262,8.733333333333333,,,,insightface_bbox,0.6250046491622925,0.0,608.7158813476562,808.9728393554688,2357.4658203125,0,0,1,0,0,0,0,0,0,0,0,0,0.0627017468214035,0.04078324884176254,0.5641351342201233,0.0782177671790123,0.01206006109714508,0.03653797507286072,0.025086140260100365,0.03996221721172333,0.07584118098020554,0.06017014756798744,0.07983958721160889,0.09344904124736786
263,8.766666666666667,,,,insightface_bbox,0.6250046491622925,0.0,608.7158813476562,808.9728393554688,2357.4658203125,0,0,1,0,0,0,0,0,0,0,0,0,0.06200999766588211,0.04026702046394348,0.5322144031524658,0.0769195407629013,0.011386257596313953,0.03484335169196129,0.022935066372156143,0.03924500569701195,0.07401920109987259,0.05892215669155121,0.07459034025669098,0.09243525564670563
264,8.8,,,,insightface_bbox,0.6222897171974182,0.0,583.0306396484375,842.7562866210938,2383.044677734375,0,0,1,0,0,0,0,0,0,0,0,0,0.06905481219291687,0.045996274799108505,0.5463426113128662,0.101374551653862,0.018127158284187317,0.044120244681835175,0.03850222006440163,0.04666999354958534,0.0857471227645874,0.06913259625434875,0.10970601439476013,0.1395089030265808
265,8.833333333333334,,,,insightface_bbox,0.6222897171974182,0.0,583.0306396484375,842.7562866210938,2383.044677734375,0,0,1,0,0,0,0,0,0,0,0,0,0.07069174945354462,0.04757985472679138,0.5534023642539978,0.10767798125743866,0.01916314661502838,0.04593208059668541,0.04106244444847107,0.04847940802574158,0.08757781237363815,0.07142701745033264,0.11596698313951492,0.14617863297462463
266,8.866666666666667,,,,insightface_bbox,0.6222897171974182,0.0,583.0306396484375,842.7562866210938,2383.044677734375,0,0,1,0,0,0,0,0,0,0,0,0,0.07150078564882278,0.047879163175821304,0.5188899040222168,0.10672685503959656,0.017851563170552254,0.04412262141704559,0.0377885140478611,0.046104274690151215,0.08701981604099274,0.06866221129894257,0.11119501292705536,0.13860630989074707
267,8.9,,,,insightface_bbox,0.6222897171974182,0.0,583.0306396484375,842.7562866210938,2383.044677734375,0,0,1,0,0,0,0,0,0,0,0,0,0.07064839452505112,0.04720478877425194,0.5135459303855896,0.10458872467279434,0.01797194965183735,0.04444479942321777,0.03752340003848076,0.0463433712720871,0.08761031925678253,0.06870704144239426,0.11466283351182938,0.139948770403862
268,8.933333333333334,,,,insightface_bbox,0.6222897171974182,0.0,583.0306396484375,842.7562866210938,2383.044677734375,0,0,1,0,0,0,0,0,0,0,0,0,0.07051550596952438,0.046749938279390335,0.5276139974594116,0.10379908978939056,0.019084442406892776,0.045629821717739105,0.03960204869508743,0.047805532813072205,0.0887860506772995,0.07068666070699692,0.12191887944936752,0.1479402333498001
269,8.966666666666667,,,,insightface_bbox,0.6222897171974182,0.0,583.0306396484375,842.7562866210938,2383.044677734375,0,0,1,0,0,0,0,0,0,0,0,0,0.06887688487768173,0.04572804644703865,0.5661135911941528,0.10127487778663635,0.019448423758149147,0.04613381624221802,0.039968810975551605,0.04718400910496712,0.08694486320018768,0.06931629031896591,0.1224166601896286,0.14387838542461395
270,9.0,,,,insightface_bbox,0.5867202877998352,0.0,588.292236328125,799.7718505859375,2357.107666015625,0,0,1,0,0,0,0,0,0,0,0,0,0.061580680310726166,0.03963632881641388,0.5623111724853516,0.07446837425231934,0.011935093440115452,0.03559767082333565,0.024423062801361084,0.04049775004386902,0.07619014382362366,0.059814877808094025,0.07412968575954437,0.09613725543022156
271,9.033333333333333,,,,insightface_bbox,0.5867202877998352,0.0,588.292236328125,799.7718505859375,2357.107666015625,0,0,1,0,0,0,0,0,0,0,0,0,0.06011497974395752,0.03813471272587776,0.5494306087493896,0.07021830230951309,0.01131340954452753,0.03428448364138603,0.023073792457580566,0.037879716604948044,0.07483308017253876,0.0574401319026947,0.07138752192258835,0.09024856984615326
272,9.066666666666666,,,,insightface_bbox,0.5867202877998352,0.0,588.292236328125,799.7718505859375,2357.107666015625,0,0,1,0,0,0,0,0,0,0,0,0,0.06481589376926422,0.04197021946310997,0.5722670555114746,0.08280901610851288,0.012206925079226494,0.03615815192461014,0.025773772969841957,0.0395699143409729,0.07677844911813736,0.05898828059434891,0.0796705037355423,0.09575171768665314
273,9.1,,,,insightface_bbox,0.5867202877998352,0.0,588.292236328125,799.7718505859375,2357.107666015625,0,0,1,0,0,0,0,0,0,0,0,0,0.06907887756824493,0.044735200703144073,0.6110885143280029,0.09419651329517365,0.012826791033148766,0.03815248981118202,0.028324496001005173,0.0423329658806324,0.07779517769813538,0.061669234186410904,0.08541345596313477,0.09930749237537384
274,9.133333333333333,,,,insightface_bbox,0.5867202877998352,0.0,588.292236328125,799.7718505859375,2357.107666015625,0,0,1,0,0,0,0,0,0,0,0,0,0.07239294052124023,0.047247789800167084,0.6072567701339722,0.10174179077148438,0.013009503483772278,0.03857724368572235,0.029102500528097153,0.042017657309770584,0.07659727334976196,0.06232769042253494,0.08485770970582962,0.09883888065814972
275,9.166666666666666,,,,insightface_bbox,0.5867202877998352,0.0,588.292236328125,799.7718505859375,2357.107666015625,0,0,1,0,0,0,0,0,0,0,0,0,0.0718279778957367,0.04627715051174164,0.587263822555542,0.0983184427022934,0.01259926799684763,0.03799714893102646,0.027683895081281662,0.041341666132211685,0.07640580832958221,0.062024250626564026,0.08188006281852722,0.09718228876590729
276,9.2,,,,insightface_bbox,0.6786850690841675,0.0,606.154296875,796.3831176757812,2415.322509765625,0,0,1,0,0,0,0,0,0,0,0,0,0.06367751210927963,0.041859593242406845,0.5551964640617371,0.08271710574626923,0.009945442900061607,0.03229164704680443,0.02170429565012455,0.03398590534925461,0.0677478089928627,0.05414615571498871,0.06623703241348267,0.08331672102212906
277,9.233333333333333,,,,insightface_bbox,0.6786850690841675,0.0,606.154296875,796.3831176757812,2415.322509765625,0,0,1,0,0,0,0,0,0,0,0,0,0.06960730254650116,0.04417578876018524,0.5615125894546509,0.09063488990068436,0.011388029903173447,0.035266440361738205,0.02453536167740822,0.03659476339817047,0.07261446863412857,0.057713769376277924,0.07344024628400803,0.09525598585605621
278,9.266666666666667,,,,insightface_bbox,0.6786850690841675,0.0,606.154296875,796.3831176757812,2415.322509765625,0,0,1,0,0,0,0,0,0,0,0,0,0.06593305617570877,0.04173215851187706,0.5270882844924927,0.07875974476337433,0.012328539974987507,0.03588952496647835,0.026228897273540497,0.03812176361680031,0.07669375091791153,0.0602874681353569,0.07117727398872375,0.09631457924842834
279,9.3,,,,insightface_bbox,0.6786850690841675,0.0,606.154296875,796.3831176757812,2415.322509765625,0,0,1,0,0,0,0,0,0,0,0,0,0.06853793561458588,0.043654557317495346,0.5237236022949219,0.08555368334054947,0.012876772321760654,0.03694021701812744,0.027691379189491272,0.04001099616289139,0.08016935735940933,0.06363017112016678,0.06788459420204163,0.09609365463256836
280,9.333333333333334,,,,insightface_bbox,0.6786850690841675,0.0,606.154296875,796.3831176757812,2415.322509765625,0,0,1,0,0,0,0,0,0,0,0,0,0.062467314302921295,0.039417825639247894,0.5135289430618286,0.07302576303482056,0.012733595445752144,0.037052664905786514,0.028642134740948677,0.037727974355220795,0.08100349456071854,0.06324657052755356,0.07033929228782654,0.0965576320886612
281,9.366666666666667,,,,insightface_bbox,0.6786850690841675,0.0,606.154296875,796.3831176757812,2415.322509765625,0,0,1,0,0,0,0,0,0,0,0,0,0.06176954135298729,0.041397083550691605,0.5525469779968262,0.08129671961069107,0.014913704246282578,0.04105493053793907,0.034990616142749786,0.0447411872446537,0.08209910243749619,0.07011184841394424,0.07828013598918915,0.09973552823066711
282,9.4,,,,insightface_bbox,0.5792845487594604,0.0,528.4454345703125,833.7050170898438,2350.052978515625,0,0,1,0,0,0,0,0,0,0,0,0,0.09112142771482468,0.059026625007390976,0.7571240663528442,0.13720645010471344,0.019405700266361237,0.04716814309358597,0.037062086164951324,0.04596008360385895,0.0810011774301529,0.06416509300470352,0.08326895534992218,0.10012272745370865
283,9.433333333333334,,,,insightface_bbox,0.5792845487594604,0.0,528.4454345703125,833.7050170898438,2350.052978515625,0,0,1,0,0,0,0,0,0,0,0,0,0.09248699247837067,0.06008318066596985,0.7088780999183655,0.14034287631511688,0.018989689648151398,0.04482600837945938,0.035862211138010025,0.04625046253204346,0.08116526901721954,0.06572551280260086,0.0764937624335289,0.10174992680549622
284,9.466666666666667,,,,insightface_bbox,0.5792845487594604,0.0,528.4454345703125,833.7050170898438,2350.052978515625,0,0,1,0,0,0,0,0,0,0,0,0,0.0898706465959549,0.058476537466049194,0.7188892960548401,0.13395220041275024,0.019619140774011612,0.04589720070362091,0.038405802100896835,0.045914553105831146,0.0835634395480156,0.06573070585727692,0.08452284336090088,0.10643628239631653
285,9.5,,,,insightface_bbox,0.5792845487594604,0.0,528.4454345703125,833.7050170898438,2350.052978515625,0,0,1,0,0,0,0,0,0,0,0,0,0.0908236876130104,0.05866383761167526,0.7115026712417603,0.1316186487674713,0.019067831337451935,0.04608652740716934,0.03840344399213791,0.045877471566200256,0.08397959917783737,0.06642082333564758,0.08523397892713547,0.1070493757724762
286,9.533333333333333,,,,insightface_bbox,0.5792845487594604,0.0,528.4454345703125,833.7050170898438,2350.052978515625,0,0,1,0,0,0,0,0,0,0,0,0,0.0951671227812767,0.06163035333156586,0.6589204668998718,0.13644467294216156,0.017557775601744652,0.043349772691726685,0.03457964211702347,0.045117639005184174,0.08517314493656158,0.06650331616401672,0.07908895611763,0.10475459694862366
287,9.566666666666666,,,,insightface_bbox,0.5792845487594604,0.0,528.4454345703125,833.7050170898438,2350.052978515625,0,0,1,0,0,0,0,0,0,0,0,0,0.08580546081066132,0.05522141233086586,0.5130053758621216,0.12130469083786011,0.016415085643529892,0.03906475007534027,0.031584303826093674,0.04399149864912033,0.08537967503070831,0.0663231760263443,0.06326384097337723,0.10074657201766968
288,9.6,,,,insightface_bbox,0.6249725222587585,0.0,504.2301025390625,830.2335205078125,2333.753173828125,0,0,1,0,0,0,0,0,0,0,0,0,0.09305313974618912,0.06034711003303528,0.6795872449874878,0.14129261672496796,0.02099066786468029,0.049489691853523254,0.0408027358353138,0.05120237171649933,0.08856896311044693,0.07094945758581161,0.10028693825006485,0.11985591053962708
289,9.633333333333333,,,,insightface_bbox,0.6249725222587585,0.0,504.2301025390625,830.2335205078125,2333.753173828125,0,0,1,0,0,0,0,0,0,0,0,0,0.09453105926513672,0.0628255158662796,0.6164206266403198,0.1526181399822235,0.019650718197226524,0.047059252858161926,0.038113463670015335,0.051634181290864944,0.08693129569292068,0.06978369504213333,0.09060472249984741,0.11524361371994019
290,9.666666666666666,,,,insightface_bbox,0.6249725222587585,0.0,504.2301025390625,830.2335205078125,2333.753173828125,0,0,1,0,0,0,0,0,0,0,0,0,0.09468178451061249,0.06305966526269913,0.6100267767906189,0.15363973379135132,0.01946202665567398,0.04658482223749161,0.037213053554296494,0.05147524178028107,0.08701471984386444,0.0696672797203064,0.08851002901792526,0.11451344937086105
291,9.7,,,,insightface_bbox,0.6249725222587585,0.0,504.2301025390625,830.2335205078125,2333.753173828125,0,0,1,0,0,0,0,0,0,0,0,0,0.0933365672826767,0.06200757622718811,0.6090192794799805,0.15075615048408508,0.019595280289649963,0.046942636370658875,0.03784850239753723,0.051827237010002136,0.08692096173763275,0.0702713131904602,0.08879945427179337,0.11410414427518845
292,9.733333333333333,,,,insightface_bbox,0.6249725222587585,0.0,504.2301025390625,830.2335205078125,2333.753173828125,0,0,1,0,0,0,0,0,0,0,0,0,0.09294282644987106,0.061517808586359024,0.614905834197998,0.14967474341392517,0.02002714015543461,0.04723404347896576,0.03809622675180435,0.05178459733724594,0.08793741464614868,0.07015158236026764,0.08909648656845093,0.11318507790565491
293,9.766666666666667,,,,insightface_bbox,0.6249725222587585,0.0,504.2301025390625,830.2335205078125,2333.753173828125,0,0,1,0,0,0,0,0,0,0,0,0,0.09384828805923462,0.06092105433344841,0.7409878969192505,0.14367862045764923,0.021892540156841278,0.05213622376322746,0.04270630329847336,0.05149535462260246,0.09012960642576218,0.07136889547109604,0.10428005456924438,0.11512507498264313
294,9.8,,,,insightface_bbox,0.6081776022911072,0.0,540.5094604492188,824.431396484375,2322.920654296875,0,0,1,0,0,0,0,0,0,0,0,0,0.0753563791513443,0.052493881434202194,0.5291032195091248,0.11691108345985413,0.017667070031166077,0.042281653732061386,0.03699871152639389,0.04947559908032417,0.08763346821069717,0.07038703560829163,0.06950565427541733,0.09785085916519165
295,9.833333333333334,,,,insightface_bbox,0.6081776022911072,0.0,540.5094604492188,824.431396484375,2322.920654296875,0,0,1,0,0,0,0,0,0,0,0,0,0.07461540400981903,0.051419734954833984,0.5493325591087341,0.11349496245384216,0.01871294341981411,0.04406220465898514,0.03964827209711075,0.05092459172010422,0.09103503078222275,0.07276304811239243,0.07369422167539597,0.099210724234581
296,9.866666666666667,,,,insightface_bbox,0.6081776022911072,0.0,540.5094604492188,824.431396484375,2322.920654296875,0,0,1,0,0,0,0,0,0,0,0,0,0.07451211661100388,0.05109519138932228,0.5689973831176758,0.11246144026517868,0.018841607496142387,0.04419751092791557,0.04023025929927826,0.050657130777835846,0.09193094074726105,0.07350079715251923,0.0722980797290802,0.09801596403121948
297,9.9,,,,insightface_bbox,0.6081776022911072,0.0,540.5094604492188,824.431396484375,2322.920654296875,0,0,1,0,0,0,0,0,0,0,0,0,0.07444154471158981,0.05111709237098694,0.5610431432723999,0.11172375082969666,0.01881880685687065,0.044634412974119186,0.04052992910146713,0.05087827146053314,0.09213729202747345,0.07392013072967529,0.07236464321613312,0.09819415211677551
298,9.933333333333334,,,,insightface_bbox,0.6081776022911072,0.0,540.5094604492188,824.431396484375,2322.920654296875,0,0,1,0,0,0,0,0,0,0,0,0,0.07311888039112091,0.05054432153701782,0.5518332719802856,0.10973449051380157,0.018196195363998413,0.04316108673810959,0.03891442343592644,0.04998765140771866,0.09021998196840286,0.07260310649871826,0.06694430857896805,0.09496192634105682
299,9.966666666666667,,,,insightface_bbox,0.6081776022911072,0.0,540.5094604492188,824.431396484375,2322.920654296875,0,0,1,0,0,0,0,0,0,0,0,0,0.07251295447349548,0.050499968230724335,0.524868905544281,0.10932429879903793,0.017138341441750526,0.041052792221307755,0.03688935190439224,0.04928790032863617,0.08755459636449814,0.0709071159362793,0.062286000698804855,0.09279878437519073
300,10.0,,,,insightface_bbox,0.6224477887153625,0.0,555.4769897460938,787.3709106445312,2353.977294921875,0,0,1,0,0,0,0,0,0,0,0,0,0.042725980281829834,0.02804056741297245,0.4594433903694153,0.04650050401687622,0.009890022687613964,0.02895224466919899,0.018381914123892784,0.03211401402950287,0.06934323906898499,0.05283511430025101,0.04630257934331894,0.06725412607192993
301,10.033333333333333,,,,insightface_bbox,0.6224477887153625,0.0,555.4769897460938,787.3709106445312,2353.977294921875,0,0,1,0,0,0,0,0,0,0,0,0,0.0424300879240036,0.027535047382116318,0.4686307907104492,0.04519594833254814,0.010048238560557365,0.028986623510718346,0.01883881539106369,0.031515564769506454,0.06957772374153137,0.05288175493478775,0.04650583863258362,0.06713277101516724
302,10.066666666666666,,,,insightface_bbox,0.6224477887153625,0.0,555.4769897460938,787.3709106445312,2353.977294921875,0,0,1,0,0,0,0,0,0,0,0,0,0.04023834690451622,0.026032906025648117,0.4592115879058838,0.04125535860657692,0.009938799776136875,0.02846013568341732,0.018138598650693893,0.02951999008655548,0.06876921653747559,0.051548849791288376,0.04635493457317352,0.06554578244686127
303,10.1,,,,insightface_bbox,0.6224477887153625,0.0,555.4769897460938,787.3709106445312,2353.977294921875,0,0,1,0,0,0,0,0,0,0,0,0,0.039017464965581894,0.02532830834388733,0.4387127161026001,0.039875030517578125,0.009211499243974686,0.02660619094967842,0.01681932434439659,0.028923766687512398,0.06631674617528915,0.05057477205991745,0.042044784873723984,0.06253327429294586
304,10.133333333333333,,,,insightface_bbox,0.6224477887153625,0.0,555.4769897460938,787.3709106445312,2353.977294921875,0,0,1,0,0,0,0,0,0,0,0,0,0.03973342105746269,0.025853343307971954,0.4345082640647888,0.04075159132480621,0.009339203126728535,0.026870105415582657,0.017403999343514442,0.029460955411195755,0.06740736216306686,0.051613062620162964,0.04294896498322487,0.06432822346687317
305,10.166666666666666,,,,insightface_bbox,0.6224477887153625,0.0,555.4769897460938,787.3709106445312,2353.977294921875,0,0,1,0,0,0,0,0,0,0,0,0,0.03953782469034195,0.025858860462903976,0.43233755230903625,0.040347687900066376,0.009051386266946793,0.026283394545316696,0.017062824219465256,0.028673630207777023,0.06682837754487991,0.05092598497867584,0.04069871827960014,0.06147201731801033
306,10.2,,,,insightface_bbox,0.6220705509185791,0.0,527.7792358398438,827.6849365234375,2338.20068359375,0,0,1,0,0,0,0,0,0,0,0,0,0.06601305305957794,0.047659315168857574,0.6584464907646179,0.0995379313826561,0.020333945751190186,0.04634661227464676,0.04404328390955925,0.053677890449762344,0.09168953448534012,0.0743950828909874,0.07757513225078583,0.09989328682422638
307,10.233333333333333,,,,insightface_bbox,0.6220705509185791,0.0,527.7792358398438,827.6849365234375,2338.20068359375,0,0,1,0,0,0,0,0,0,0,0,0,0.06609320640563965,0.04761539399623871,0.6358778476715088,0.10084712505340576,0.020752452313899994,0.046930767595767975,0.04521060362458229,0.05509266257286072,0.09223795682191849,0.07595348358154297,0.08028140664100647,0.10302244126796722
308,10.266666666666667,,,,insightface_bbox,0.6220705509185791,0.0,527.7792358398438,827.6849365234375,2338.20068359375,0,0,1,0,0,0,0,0,0,0,0,0,0.0677984356880188,0.04862953722476959,0.6247457265853882,0.10417236387729645,0.02046193927526474,0.04723844677209854,0.045204900205135345,0.05522604659199715,0.09279557317495346,0.07678083330392838,0.08483010530471802,0.10698400437831879
309,10.3,,,,insightface_bbox,0.6220705509185791,0.0,527.7792358398438,827.6849365234375,2338.20068359375,0,0,1,0,0,0,0,0,0,0,0,0,0.06888881325721741,0.049658291041851044,0.6172780990600586,0.10846644639968872,0.02060556970536709,0.047718346118927,0.04581868276000023,0.055532943457365036,0.09291190654039383,0.07725013792514801,0.08937924355268478,0.11043790727853775
310,10.333333333333334,,,,insightface_bbox,0.6220705509185791,0.0,527.7792358398438,827.6849365234375,2338.20068359375,0,0,1,0,0,0,0,0,0,0,0,0,0.06878483295440674,0.04887629672884941,0.593567967414856,0.10535378009080887,0.019703932106494904,0.046978261321783066,0.04447932913899422,0.05457751825451851,0.09249071776866913,0.07720422744750977,0.08840792626142502,0.10880908370018005
311,10.366666666666667,,,,insightface_bbox,0.6220705509185791,0.0,527.7792358398438,827.6849365234375,2338.20068359375,0,0,1,0,0,0,0,0,0,0,0,0,0.0709870234131813,0.05063076317310333,0.6056811213493347,0.11126257479190826,0.020290885120630264,0.047869764268398285,0.04586869478225708,0.055987268686294556,0.0935223251581192,0.0785280168056488,0.09301818907260895,0.1136261373758316
312,10.4,,,,insightface_bbox,0.6356185674667358,0.0,497.47430419921875,841.1824951171875,2333.9921875,0,0,1,0,0,0,0,0,0,0,0,0,0.07825959473848343,0.05230330675840378,0.6496703028678894,0.11008176952600479,0.0183179322630167,0.045067887753248215,0.037022218108177185,0.046415481716394424,0.08664395660161972,0.06972572207450867,0.07605624198913574,0.10247802734375
313,10.433333333333334,,,,insightface_bbox,0.6356185674667358,0.0,497.47430419921875,841.1824951171875,2333.9921875,0,0,1,0,0,0,0,0,0,0,0,0,0.07874329388141632,0.05255933851003647,0.6769689917564392,0.11120420694351196,0.019089173525571823,0.04635077342391014,0.03886018320918083,0.0476517491042614,0.08821021020412445,0.07071956247091293,0.0769595205783844,0.10270041227340698
314,10.466666666666667,,,,insightface_bbox,0.6356185674667358,0.0,497.47430419921875,841.1824951171875,2333.9921875,0,0,1,0,0,0,0,0,0,0,0,0,0.07778295874595642,0.05189715325832367,0.6745364665985107,0.11042070388793945,0.019272945821285248,0.0463157519698143,0.038573283702135086,0.048259515315294266,0.08794791996479034,0.07032445073127747,0.07676234841346741,0.10254448652267456
315,10.5,,,,insightface_bbox,0.6356185674667358,0.0,497.47430419921875,841.1824951171875,2333.9921875,0,0,1,0,0,0,0,0,0,0,0,0,0.0783471092581749,0.05347050353884697,0.7152194976806641,0.11607739329338074,0.019706524908542633,0.04797699302434921,0.03925444185733795,0.05002721771597862,0.08891094475984573,0.071288101375103,0.08552362024784088,0.10769053548574448
316,10.533333333333333,,,,insightface_bbox,0.6356185674667358,0.0,497.47430419921875,841.1824951171875,2333.9921875,0,0,1,0,0,0,0,0,0,0,0,0,0.07898041605949402,0.053725384175777435,0.6947116851806641,0.11644004285335541,0.01971355639398098,0.04786628484725952,0.03886901214718819,0.05085938051342964,0.09019099175930023,0.07176338881254196,0.08510623127222061,0.10810376703739166
317,10.566666666666666,,,,insightface_bbox,0.6356185674667358,0.0,497.47430419921875,841.1824951171875,2333.9921875,0,0,1,0,0,0,0,0,0,0,0,0,0.07775384932756424,0.052550457417964935,0.6730815172195435,0.113558828830719,0.01916690543293953,0.04663528501987457,0.037727583199739456,0.04969973489642143,0.08918657898902893,0.07119684666395187,0.08198308944702148,0.10690680146217346
318,10.6,,,,insightface_bbox,0.6280978918075562,0.0,528.1992797851562,826.6702880859375,2347.67138671875,0,0,1,0,0,0,0,0,0,0,0,0,0.0665367990732193,0.04733426123857498,0.5049760937690735,0.09806656092405319,0.017331384122371674,0.04159391298890114,0.04032887518405914,0.05394415557384491,0.09138448536396027,0.07821410149335861,0.06236973777413368,0.09805457293987274
319,10.633333333333333,,,,insightface_bbox,0.6280978918075562,0.0,528.1992797851562,826.6702880859375,2347.67138671875,0,0,1,0,0,0,0,0,0,0,0,0,0.06680078059434891,0.04731934890151024,0.4992685914039612,0.09754854440689087,0.01724482886493206,0.04111306369304657,0.03935306519269943,0.053583476692438126,0.09147993475198746,0.07815699279308319,0.06209000200033188,0.09816208481788635
320,10.666666666666666,,,,insightface_bbox,0.6280978918075562,0.0,528.1992797851562,826.6702880859375,2347.67138671875,0,0,1,0,0,0,0,0,0,0,0,0,0.06677413731813431,0.04739938676357269,0.48307034373283386,0.0981353372335434,0.017119750380516052,0.04125393182039261,0.039678312838077545,0.05424707755446434,0.09218716621398926,0.07970239967107773,0.06400246918201447,0.10072457790374756
321,10.7,,,,insightface_bbox,0.6280978918075562,0.0,528.1992797851562,826.6702880859375,2347.67138671875,0,0,1,0,0,0,0,0,0,0,0,0,0.0683654397726059,0.04864956811070442,0.5124307870864868,0.10343403369188309,0.018057996407151222,0.043366964906454086,0.041885074228048325,0.05389537289738655,0.09316065162420273,0.08034419268369675,0.07610639929771423,0.10879337042570114
322,10.733333333333333,,,,insightface_bbox,0.6280978918075562,0.0,528.1992797851562,826.6702880859375,2347.67138671875,0,0,1,0,0,0,0,0,0,0,0,0,0.07320673763751984,0.0521024614572525,0.5538332462310791,0.11644056439399719,0.0191825982183218,0.047025166451931,0.04624117538332939,0.05539150908589363,0.09432065486907959,0.08132719993591309,0.0935019850730896,0.1166776716709137
323,10.766666666666667,,,,insightface_bbox,0.6280978918075562,0.0,528.1992797851562,826.6702880859375,2347.67138671875,0,0,1,0,0,0,0,0,0,0,0,0,0.07560405135154724,0.05370645970106125,0.6406948566436768,0.12248216569423676,0.019688740372657776,0.04968586936593056,0.04796256124973297,0.055928345769643784,0.09499699622392654,0.08312620967626572,0.10403755307197571,0.11986681073904037
324,10.8,,,,insightface_bbox,0.6234629154205322,0.0,526.9198608398438,844.6082153320312,2372.52783203125,0,0,1,0,0,0,0,0,0,0,0,0,0.07507804036140442,0.050851576030254364,0.7542151808738708,0.0992131307721138,0.01982368901371956,0.046601682901382446,0.0395711287856102,0.04228705167770386,0.0861104428768158,0.06624925881624222,0.08065676689147949,0.10025110095739365
325,10.833333333333334,,,,insightface_bbox,0.6234629154205322,0.0,526.9198608398438,844.6082153320312,2372.52783203125,0,0,1,0,0,0,0,0,0,0,0,0,0.07429643720388412,0.050608277320861816,0.7505207657814026,0.09867838025093079,0.01932838372886181,0.04611806571483612,0.0384603776037693,0.04198411479592323,0.08477997779846191,0.06635414063930511,0.08065774291753769,0.10126149654388428
326,10.866666666666667,,,,insightface_bbox,0.6234629154205322,0.0,526.9198608398438,844.6082153320312,2372.52783203125,0,0,1,0,0,0,0,0,0,0,0,0,0.07483627647161484,0.05092646926641464,0.7437151074409485,0.10041411221027374,0.019370466470718384,0.045651018619537354,0.037989791482686996,0.0419028177857399,0.08440513163805008,0.06559514999389648,0.07961978018283844,0.10208585858345032
327,10.9,,,,insightface_bbox,0.6234629154205322,0.0,526.9198608398438,844.6082153320312,2372.52783203125,0,0,1,0,0,0,0,0,0,0,0,0,0.07286703586578369,0.04951782897114754,0.7303195595741272,0.0979209691286087,0.01904939115047455,0.04438101500272751,0.036811280995607376,0.04123879596590996,0.08338167518377304,0.06397472321987152,0.0778769999742508,0.10120554268360138
328,10.933333333333334,,,,insightface_bbox,0.6234629154205322,0.0,526.9198608398438,844.6082153320312,2372.52783203125,0,0,1,0,0,0,0,0,0,0,0,0,0.07367736101150513,0.04993663728237152,0.7637644410133362,0.09951949119567871,0.019063429906964302,0.04525557532906532,0.0367344506084919,0.041099995374679565,0.0825154110789299,0.06307462602853775,0.08058712631464005,0.10249316692352295
329,10.966666666666667,,,,insightface_bbox,0.6234629154205322,0.0,526.9198608398438,844.6082153320312,2372.52783203125,0,0,1,0,0,0,0,0,0,0,0,0,0.07397869974374771,0.050295375287532806,0.8027148842811584,0.10038875043392181,0.019676681607961655,0.046422429382801056,0.03854529187083244,0.04145146161317825,0.0839366614818573,0.06304650753736496,0.08201570063829422,0.10217786580324173
330,11.0,,,,insightface_bbox,0.6133460998535156,0.0,513.8662719726562,840.757568359375,2364.498046875,0,0,1,0,0,0,0,0,0,0,0,0,0.07366310060024261,0.050656531006097794,0.7027287483215332,0.10018457472324371,0.017104031518101692,0.04248175397515297,0.03399119898676872,0.04129219055175781,0.079378642141819,0.06329142302274704,0.07485821098089218,0.09593669325113297
331,11.033333333333333,,,,insightface_bbox,0.6133460998535156,0.0,513.8662719726562,840.757568359375,2364.498046875,0,0,1,0,0,0,0,0,0,0,0,0,0.07402762025594711,0.0503157302737236,0.6871691346168518,0.09964904189109802,0.016809606924653053,0.041837286204099655,0.03288403898477554,0.041817907243967056,0.07950867712497711,0.0636671930551529,0.07469941675662994,0.09829403460025787
332,11.066666666666666,,,,insightface_bbox,0.6133460998535156,0.0,513.8662719726562,840.757568359375,2364.498046875,0,0,1,0,0,0,0,0,0,0,0,0,0.07306066155433655,0.04912176728248596,0.69972163438797,0.09560323506593704,0.01738305762410164,0.04257480800151825,0.03447248786687851,0.04251277446746826,0.08119828253984451,0.06537696719169617,0.07626613974571228,0.10070551186800003
