frame_idx,frame_time_in_ms,pitch,yaw,roll,face_alignment_method,face_detection_score,face_bbox_xmin,face_bbox_ymin,face_bbox_xmax,face_bbox_ymax,au_1,au_2,au_4,au_6,au_7,au_10,au_12,au_14,au_15,au_17,au_23,au_24,au_1_intensity,au_2_intensity,au_4_intensity,au_5_intensity,au_6_intensity,au_9_intensity,au_12_intensity,au_15_intensity,au_17_intensity,au_20_intensity,au_25_intensity,au_26_intensity
0,0.0,,,,insightface_bbox,0.6772844195365906,1213.3341064453125,1254.8004150390625,2064.0,2824.034912109375,1,0,1,0,0,0,0,0,0,1,0,0,0.0906234160065651,0.041305962949991226,1.245092749595642,0.026126492768526077,0.01723843812942505,0.028898175805807114,0.009358611889183521,0.03161169961094856,0.0687025934457779,0.06618662923574448,0.040285348892211914,0.06384196877479553
1,0.03333333333333333,,,,insightface_bbox,0.6772844195365906,1213.3341064453125,1254.8004150390625,2064.0,2824.034912109375,1,0,1,0,0,0,0,0,0,1,0,1,0.086053766310215,0.044415801763534546,1.2125427722930908,0.026448234915733337,0.018888190388679504,0.028421515598893166,0.008925303816795349,0.037017736583948135,0.07208448648452759,0.05806439369916916,0.02619255520403385,0.056361399590969086
2,0.06666666666666667,,,,insightface_bbox,0.6772844195365906,1213.3341064453125,1254.8004150390625,2064.0,2824.034912109375,1,0,1,0,0,0,0,0,0,1,0,1,0.09356771409511566,0.05573635920882225,0.9960997700691223,0.03003104403614998,0.02142067812383175,0.029836539179086685,0.009863903746008873,0.04577181860804558,0.08606888353824615,0.06766147166490555,0.020346272736787796,0.05619712546467781
3,0.1,,,,insightface_bbox,0.6772844195365906,1213.3341064453125,1254.8004150390625,2064.0,2824.034912109375,1,0,1,0,0,0,0,0,0,1,0,1,0.09044229239225388,0.05816710740327835,1.0261508226394653,0.031163915991783142,0.02246003970503807,0.030874688178300858,0.010084420442581177,0.04673845320940018,0.09055516868829727,0.07325488328933716,0.020042898133397102,0.059013769030570984
4,0.13333333333333333,,,,insightface_bbox,0.6772844195365906,1213.3341064453125,1254.8004150390625,2064.0,2824.034912109375,1,0,1,0,0,0,0,0,0,1,0,1,0.08915688842535019,0.056309472769498825,1.0333225727081299,0.030608870089054108,0.022111449390649796,0.03039425238966942,0.010157836601138115,0.044306449592113495,0.0844772458076477,0.07034026086330414,0.02035721205174923,0.06026679649949074
5,0.16666666666666666,,,,insightface_bbox,0.6772844195365906,1213.3341064453125,1254.8004150390625,2064.0,2824.034912109375,1,0,1,0,0,0,0,0,0,1,0,1,0.09195945411920547,0.05779366195201874,1.019888997077942,0.031149491667747498,0.022310815751552582,0.03098965622484684,0.010301101952791214,0.04524287208914757,0.08953694254159927,0.07218436151742935,0.019646592438220978,0.06029513478279114
6,0.2,,,,insightface_bbox,0.6177403926849365,1219.1343994140625,1170.10546875,2064.0,2840.26904296875,1,0,1,0,0,0,0,0,0,1,0,1,0.08866376429796219,0.053604431450366974,1.0586906671524048,0.03228119760751724,0.024000603705644608,0.03315495699644089,0.01034548506140709,0.05190437659621239,0.09988538920879364,0.08358365297317505,0.021325238049030304,0.06420993059873581
7,0.23333333333333334,,,,insightface_bbox,0.6177403926849365,1219.1343994140625,1170.10546875,2064.0,2840.26904296875,1,0,1,0,0,0,0,0,0,1,0,1,0.08988125622272491,0.058358706533908844,1.023758053779602,0.03388497233390808,0.023879224434494972,0.03378353640437126,0.010779926553368568,0.05168286710977554,0.1017036885023117,0.0852242261171341,0.021247074007987976,0.06643957644701004
8,0.26666666666666666,,,,insightface_bbox,0.6177403926849365,1219.1343994140625,1170.10546875,2064.0,2840.26904296875,1,0,1,0,0,0,0,0,0,1,0,1,0.08870704472064972,0.05738562345504761,1.0172346830368042,0.033497780561447144,0.023843172937631607,0.033551719039678574,0.010644130408763885,0.051251620054244995,0.10086924582719803,0.08444605767726898,0.021128972992300987,0.06631222367286682
9,0.3,,,,insightface_bbox,0.6177403926849365,1219.1343994140625,1170.10546875,2064.0,2840.26904296875,1,0,1,0,0,0,0,0,0,1,0,1,0.08730080723762512,0.05594523623585701,0.9909005165100098,0.03336559236049652,0.023956965655088425,0.03382948786020279,0.010691188275814056,0.05177677422761917,0.10159086436033249,0.08507013320922852,0.02115270309150219,0.0658642128109932
10,0.3333333333333333,,,,insightface_bbox,0.6177403926849365,1219.1343994140625,1170.10546875,2064.0,2840.26904296875,1,0,1,0,0,0,0,0,0,1,0,1,0.08580372482538223,0.05463103950023651,0.9985316395759583,0.03212343528866768,0.024048317223787308,0.03292080760002136,0.010398383252322674,0.0492420494556427,0.09898428618907928,0.08258669078350067,0.019893256947398186,0.06300633400678635
11,0.36666666666666664,,,,insightface_bbox,0.6177403926849365,1219.1343994140625,1170.10546875,2064.0,2840.26904296875,1,0,1,0,0,0,0,0,0,1,0,1,0.08941148221492767,0.05627894774079323,0.9916590452194214,0.03297252580523491,0.02453841269016266,0.033291757106781006,0.010719056241214275,0.050330787897109985,0.10130494087934494,0.08197428286075592,0.019114743918180466,0.06221678853034973
12,0.4,,,,insightface_bbox,0.6439646482467651,1218.765380859375,1177.6624755859375,2064.0,2841.611083984375,1,0,1,0,0,0,0,0,0,1,0,1,0.08990015089511871,0.05829606205224991,1.010810136795044,0.034743037074804306,0.025350093841552734,0.034347571432590485,0.01152582373470068,0.04915459454059601,0.09861517697572708,0.0778602883219719,0.02105785347521305,0.06599603593349457
13,0.43333333333333335,,,,insightface_bbox,0.6439646482467651,1218.765380859375,1177.6624755859375,2064.0,2841.611083984375,1,0,1,0,0,0,0,0,0,1,0,1,0.08888937532901764,0.05874348431825638,0.9645751118659973,0.03470199927687645,0.025636164471507072,0.03431548923254013,0.01162214670330286,0.046742185950279236,0.09718061983585358,0.07693257927894592,0.020422477275133133,0.06772159039974213
14,0.4666666666666667,,,,insightface_bbox,0.6439646482467651,1218.765380859375,1177.6624755859375,2064.0,2841.611083984375,1,0,1,0,0,0,0,0,0,1,0,1,0.08735588192939758,0.060172244906425476,0.9511622786521912,0.03537636250257492,0.026136916130781174,0.03490268439054489,0.012133144773542881,0.04829962179064751,0.09507174789905548,0.0781814306974411,0.020955761894583702,0.06836505234241486
15,0.5,,,,insightface_bbox,0.6439646482467651,1218.765380859375,1177.6624755859375,2064.0,2841.611083984375,1,0,1,0,0,0,0,0,0,1,0,1,0.08634752035140991,0.058813974261283875,0.90263831615448,0.03479009121656418,0.025100402534008026,0.03386352211236954,0.011854313313961029,0.048082850873470306,0.09343501925468445,0.0772416815161705,0.019938092678785324,0.0662183091044426
16,0.5333333333333333,,,,insightface_bbox,0.6439646482467651,1218.765380859375,1177.6624755859375,2064.0,2841.611083984375,1,0,1,0,0,0,0,0,0,1,0,1,0.08756022155284882,0.05950649082660675,0.9113514423370361,0.035092324018478394,0.024815451353788376,0.03412061557173729,0.012011533603072166,0.04868079721927643,0.0946754515171051,0.07859084755182266,0.020160168409347534,0.0667508915066719
17,0.5666666666666667,,,,insightface_bbox,0.6439646482467651,1218.765380859375,1177.6624755859375,2064.0,2841.611083984375,1,0,1,0,0,0,0,0,0,1,0,1,0.08830223977565765,0.05987086892127991,0.9037256836891174,0.03485231101512909,0.02452526055276394,0.03389264643192291,0.011879881843924522,0.04755426198244095,0.09338781237602234,0.0762510597705841,0.02001773566007614,0.0673469826579094
18,0.6,,,,insightface_bbox,0.6081937551498413,1215.298583984375,1172.7408447265625,2064.0,2838.643310546875,1,0,1,0,0,0,0,0,0,1,0,1,0.08421659469604492,0.05721670016646385,0.8498590588569641,0.034404464066028595,0.023335624486207962,0.03278884291648865,0.011764563620090485,0.04742923751473427,0.09464391320943832,0.08046157658100128,0.020938463509082794,0.07027336210012436
19,0.6333333333333333,,,,insightface_bbox,0.6081937551498413,1215.298583984375,1172.7408447265625,2064.0,2838.643310546875,1,0,1,0,0,0,0,0,0,1,0,1,0.08474159985780716,0.0582442469894886,0.8549960851669312,0.03380976989865303,0.023047171533107758,0.03231579437851906,0.011490138247609138,0.04502076283097267,0.09076568484306335,0.07399267703294754,0.019228121265769005,0.06658189743757248
20,0.6666666666666666,,,,insightface_bbox,0.6081937551498413,1215.298583984375,1172.7408447265625,2064.0,2838.643310546875,1,0,1,0,0,0,0,0,0,1,0,1,0.08830748498439789,0.06074000149965286,0.8874166011810303,0.035199813544750214,0.02355204150080681,0.033784158527851105,0.01202862523496151,0.04728367179632187,0.09474631398916245,0.07839839160442352,0.020318519324064255,0.06968729943037033
21,0.7,,,,insightface_bbox,0.6081937551498413,1215.298583984375,1172.7408447265625,2064.0,2838.643310546875,1,0,1,0,0,0,0,0,0,1,0,1,0.08650477230548859,0.059062205255031586,0.9002473950386047,0.03511080890893936,0.023612165823578835,0.03400871902704239,0.012392884120345116,0.04853321611881256,0.09623648226261139,0.07859453558921814,0.02013028785586357,0.0688537061214447
22,0.7333333333333333,,,,insightface_bbox,0.6081937551498413,1215.298583984375,1172.7408447265625,2064.0,2838.643310546875,1,0,1,0,0,0,0,0,0,1,0,1,0.08596697449684143,0.05889945477247238,0.8872995376586914,0.03453449532389641,0.02338678017258644,0.03356766328215599,0.012192510068416595,0.04704231768846512,0.09419158101081848,0.07619152963161469,0.019444121047854424,0.06770496070384979
23,0.7666666666666667,,,,insightface_bbox,0.6081937551498413,1215.298583984375,1172.7408447265625,2064.0,2838.643310546875,1,0,1,0,0,0,0,0,0,1,0,1,0.08613565564155579,0.05870717763900757,0.8666768074035645,0.03490952402353287,0.023210495710372925,0.0334751270711422,0.012156663462519646,0.04856205731630325,0.09766080975532532,0.0798172876238823,0.019173072651028633,0.06848593056201935
24,0.8,,,,insightface_bbox,0.6021437644958496,1213.7286376953125,1151.44970703125,2064.0,2836.3955078125,1,0,1,0,0,0,0,0,0,1,0,1,0.08708474040031433,0.05853939801454544,0.7622676491737366,0.03531208634376526,0.021770259365439415,0.03198046237230301,0.012347858399152756,0.0483490489423275,0.0914866030216217,0.07656983286142349,0.019123826175928116,0.06577281653881073
25,0.8333333333333334,,,,insightface_bbox,0.6021437644958496,1213.7286376953125,1151.44970703125,2064.0,2836.3955078125,1,0,1,0,0,0,0,0,0,1,0,0,0.08468958735466003,0.05623908340930939,0.7125662565231323,0.03440466150641441,0.021244831383228302,0.03138016164302826,0.011641288176178932,0.04677136242389679,0.08399361371994019,0.07187008857727051,0.01964014396071434,0.06277941167354584
26,0.8666666666666667,,,,insightface_bbox,0.6021437644958496,1213.7286376953125,1151.44970703125,2064.0,2836.3955078125,1,0,1,0,0,0,0,0,0,1,0,0,0.08104774355888367,0.05284229665994644,0.6666279435157776,0.03425899147987366,0.02066972106695175,0.03029530681669712,0.011742656119167805,0.0484708696603775,0.08568976074457169,0.07346203178167343,0.018322311341762543,0.06013285368680954
27,0.9,,,,insightface_bbox,0.6021437644958496,1213.7286376953125,1151.44970703125,2064.0,2836.3955078125,1,0,1,0,0,0,0,0,0,1,0,0,0.08055627346038818,0.05275337025523186,0.6740924715995789,0.03425869718194008,0.020894484594464302,0.03058013506233692,0.01190774142742157,0.04800457879900932,0.0851219892501831,0.07279803603887558,0.018667731434106827,0.06000480055809021
28,0.9333333333333333,,,,insightface_bbox,0.6021437644958496,1213.7286376953125,1151.44970703125,2064.0,2836.3955078125,0,0,1,0,0,0,0,0,0,1,0,0,0.08091920614242554,0.052278369665145874,0.6703171133995056,0.034736983478069305,0.021096253767609596,0.030239589512348175,0.012132111936807632,0.047770142555236816,0.08485762774944305,0.07160551100969315,0.019142867997288704,0.061136823147535324
29,0.9666666666666667,,,,insightface_bbox,0.6021437644958496,1213.7286376953125,1151.44970703125,2064.0,2836.3955078125,0,0,1,0,0,0,0,0,0,1,0,0,0.08212178200483322,0.052433233708143234,0.6766684055328369,0.03583453223109245,0.021967647597193718,0.030990244820713997,0.012901967391371727,0.05118543654680252,0.08953384310007095,0.07539907097816467,0.020082762464880943,0.06213890761137009
30,1.0,,,,insightface_bbox,0.6439223885536194,1210.3885498046875,1156.7470703125,2064.0,2818.35595703125,0,0,1,0,0,0,0,0,0,1,0,0,0.07855287194252014,0.05025375261902809,0.7009885311126709,0.03439982235431671,0.02194211073219776,0.03098342753946781,0.012573059648275375,0.05049240589141846,0.09548059105873108,0.0776672512292862,0.019351191818714142,0.064369797706604
31,1.0333333333333334,,,,insightface_bbox,0.6439223885536194,1210.3885498046875,1156.7470703125,2064.0,2818.35595703125,0,0,1,0,0,0,0,0,0,1,0,0,0.07997654378414154,0.05174155905842781,0.6959834694862366,0.03505323454737663,0.021575836464762688,0.03077194280922413,0.012682214379310608,0.05023479834198952,0.0932505652308464,0.07673182338476181,0.01841820776462555,0.06248759105801582
32,1.0666666666666667,,,,insightface_bbox,0.6439223885536194,1210.3885498046875,1156.7470703125,2064.0,2818.35595703125,0,0,1,0,0,0,0,0,0,1,0,0,0.08152087032794952,0.05331934988498688,0.7226569056510925,0.03502904623746872,0.021539930254220963,0.031599272042512894,0.012818606570363045,0.0487346388399601,0.09009765088558197,0.07341337949037552,0.018829690292477608,0.0621001198887825
33,1.1,,,,insightface_bbox,0.6439223885536194,1210.3885498046875,1156.7470703125,2064.0,2818.35595703125,0,0,1,0,0,0,0,0,0,1,0,0,0.0834486335515976,0.054640546441078186,0.7384402751922607,0.03655529022216797,0.02239200472831726,0.0329102985560894,0.013776524923741817,0.0508299320936203,0.09112849086523056,0.07407505810260773,0.0197456032037735,0.06322664767503738
34,1.1333333333333333,,,,insightface_bbox,0.6439223885536194,1210.3885498046875,1156.7470703125,2064.0,2818.35595703125,0,0,1,0,0,0,0,0,0,1,0,0,0.08633913099765778,0.056066807359457016,0.7636687159538269,0.03782039135694504,0.022761773318052292,0.03398941457271576,0.014237364754080772,0.05361216515302658,0.0943254679441452,0.07707403600215912,0.020085396245121956,0.06429833173751831
35,1.1666666666666667,,,,insightface_bbox,0.6439223885536194,1210.3885498046875,1156.7470703125,2064.0,2818.35595703125,0,0,1,0,0,0,0,0,0,1,0,0,0.08601658791303635,0.05561457574367523,0.7502496242523193,0.03781556338071823,0.022832974791526794,0.03364678844809532,0.01451045460999012,0.055894635617733,0.09986376762390137,0.08002590388059616,0.019637038931250572,0.06448088586330414
36,1.2,,,,insightface_bbox,0.5850205421447754,1203.2757568359375,1141.4339599609375,2064.0,2873.076416015625,0,0,1,0,0,0,0,0,0,1,0,1,0.0899340882897377,0.057803522795438766,0.7557179927825928,0.04054534435272217,0.024152308702468872,0.03461502864956856,0.01717604324221611,0.05637829750776291,0.10089967399835587,0.08303177356719971,0.019872935488820076,0.0664387047290802
37,1.2333333333333334,,,,insightface_bbox,0.5850205421447754,1203.2757568359375,1141.4339599609375,2064.0,2873.076416015625,0,0,1,0,0,0,0,0,0,1,0,0,0.08646473288536072,0.05709228664636612,0.7237955331802368,0.03867800533771515,0.022725088521838188,0.0337924025952816,0.015392016619443893,0.05262618511915207,0.09544893354177475,0.08009784668684006,0.019376806914806366,0.06498420238494873
38,1.2666666666666666,,,,insightface_bbox,0.5850205421447754,1203.2757568359375,1141.4339599609375,2064.0,2873.076416015625,0,0,1,0,0,0,0,0,0,1,0,1,0.08742204308509827,0.05786166340112686,0.7661234736442566,0.039401404559612274,0.023229606449604034,0.03447353467345238,0.015728294849395752,0.053845033049583435,0.0999564602971077,0.08363430202007294,0.01944035105407238,0.06640895456075668
39,1.3,,,,insightface_bbox,0.5850205421447754,1203.2757568359375,1141.4339599609375,2064.0,2873.076416015625,0,0,1,0,0,0,0,0,0,1,0,1,0.08797458559274673,0.056676533073186874,0.7624220848083496,0.038611188530921936,0.02269073575735092,0.03380415588617325,0.014769845642149448,0.05205731466412544,0.09947523474693298,0.08185572177171707,0.0200626403093338,0.06759301573038101
40,1.3333333333333333,,,,insightface_bbox,0.5850205421447754,1203.2757568359375,1141.4339599609375,2064.0,2873.076416015625,0,0,1,0,0,0,0,0,0,1,0,1,0.08766200393438339,0.05444832518696785,0.7651327848434448,0.037660613656044006,0.02244175225496292,0.033565446734428406,0.014720297418534756,0.05277226120233536,0.09801813215017319,0.08083593100309372,0.019413989037275314,0.06532172858715057
41,1.3666666666666667,,,,insightface_bbox,0.5850205421447754,1203.2757568359375,1141.4339599609375,2064.0,2873.076416015625,0,0,1,0,0,0,0,0,0,1,0,1,0.09306978434324265,0.05693785473704338,0.8107051849365234,0.03758038952946663,0.02298630028963089,0.034571848809719086,0.014912229962646961,0.05283847823739052,0.09924979507923126,0.08002691715955734,0.01880396530032158,0.06361503899097443
42,1.4,,,,insightface_bbox,0.5586299896240234,1198.231689453125,1123.490966796875,2064.0,2843.510498046875,0,0,1,0,0,0,0,0,0,1,0,1,0.08577413111925125,0.056982316076755524,0.809822142124176,0.03767888993024826,0.02294006198644638,0.033681098371744156,0.01475801132619381,0.051761724054813385,0.0952182412147522,0.07639434188604355,0.018707629293203354,0.06463968753814697
43,1.4333333333333333,,,,insightface_bbox,0.5586299896240234,1198.231689453125,1123.490966796875,2064.0,2843.510498046875,1,0,1,0,0,0,0,0,0,1,0,1,0.08732829242944717,0.05759086459875107,0.7920536398887634,0.037948109209537506,0.0224904902279377,0.03341784328222275,0.014958675019443035,0.05134487897157669,0.09535861015319824,0.07840913534164429,0.018392283469438553,0.06526193767786026
44,1.4666666666666666,,,,insightface_bbox,0.5586299896240234,1198.231689453125,1123.490966796875,2064.0,2843.510498046875,1,0,1,0,0,0,0,0,0,1,0,1,0.08775214850902557,0.05761440098285675,0.7944753766059875,0.037063244730234146,0.022141605615615845,0.032652847468853,0.014665118418633938,0.04999810829758644,0.097577765583992,0.07792510837316513,0.017020080238580704,0.0637502446770668
45,1.5,,,,insightface_bbox,0.5586299896240234,1198.231689453125,1123.490966796875,2064.0,2843.510498046875,1,0,1,0,0,0,0,0,0,1,0,1,0.08030423521995544,0.055326588451862335,0.7582218050956726,0.0345299132168293,0.02042788825929165,0.030473915860056877,0.013772627338767052,0.04935251548886299,0.09604021161794662,0.07542301714420319,0.014402110129594803,0.061534758657217026
46,1.5333333333333334,,,,insightface_bbox,0.5586299896240234,1198.231689453125,1123.490966796875,2064.0,2843.510498046875,1,0,1,0,0,0,0,0,0,1,0,1,0.07640688866376877,0.04994621127843857,0.6883517503738403,0.0315350741147995,0.018900495022535324,0.02921804040670395,0.011873859912157059,0.051065802574157715,0.09857755154371262,0.07611425966024399,0.012671836651861668,0.05957258865237236
47,1.5666666666666667,,,,insightface_bbox,0.5586299896240234,1198.231689453125,1123.490966796875,2064.0,2843.510498046875,0,0,1,0,0,0,0,0,0,1,0,1,0.0732579156756401,0.04612263664603233,0.6688317656517029,0.03067699447274208,0.01806495524942875,0.028240254148840904,0.01159390527755022,0.05434800311923027,0.10164773464202881,0.0790879875421524,0.011902469210326672,0.05694515258073807
48,1.6,,,,insightface_bbox,0.5855823159217834,1195.98046875,1125.06640625,2064.0,2892.314697265625,0,0,1,0,0,0,0,0,0,1,0,1,0.07681339234113693,0.04750674590468407,0.7033255696296692,0.03301990404725075,0.019419679418206215,0.029682770371437073,0.013138847425580025,0.056234728544950485,0.10375000536441803,0.08757301419973373,0.012873612344264984,0.05794713646173477
49,1.6333333333333333,,,,insightface_bbox,0.5855823159217834,1195.98046875,1125.06640625,2064.0,2892.314697265625,0,0,1,0,0,0,0,0,0,1,0,1,0.07937629520893097,0.049828171730041504,0.6825976967811584,0.03281188756227493,0.019596600905060768,0.029918678104877472,0.013007819652557373,0.05419222265481949,0.10230795294046402,0.08553162962198257,0.012859867885708809,0.059518665075302124
50,1.6666666666666667,,,,insightface_bbox,0.5855823159217834,1195.98046875,1125.06640625,2064.0,2892.314697265625,0,0,1,0,0,0,0,0,0,1,0,1,0.08216627687215805,0.051703646779060364,0.6635382175445557,0.03256234526634216,0.019625496119260788,0.029682165011763573,0.012732353992760181,0.052326712757349014,0.09789247810840607,0.0809771940112114,0.012657754123210907,0.05924510955810547
51,1.7,,,,insightface_bbox,0.5855823159217834,1195.98046875,1125.06640625,2064.0,2892.314697265625,0,0,1,0,0,0,0,0,0,1,0,1,0.08284907042980194,0.05317157134413719,0.6568716764450073,0.0328579917550087,0.02021937444806099,0.029555190354585648,0.013046281412243843,0.05087762698531151,0.09406232833862305,0.07819966971874237,0.012902919203042984,0.05937466770410538
52,1.7333333333333334,,,,insightface_bbox,0.5855823159217834,1195.98046875,1125.06640625,2064.0,2892.314697265625,0,0,1,0,0,0,0,0,0,1,0,1,0.08506826311349869,0.05474402755498886,0.677209734916687,0.03325580805540085,0.020439181476831436,0.029776209965348244,0.013135310262441635,0.050396569073200226,0.09505751729011536,0.07739260792732239,0.013158926740288734,0.060060884803533554
53,1.7666666666666666,,,,insightface_bbox,0.5855823159217834,1195.98046875,1125.06640625,2064.0,2892.314697265625,0,0,1,0,0,0,0,0,0,1,0,1,0.08561834692955017,0.05520784109830856,0.6781849265098572,0.033807530999183655,0.02089814469218254,0.03033248707652092,0.013325998559594154,0.0501912385225296,0.09649819880723953,0.07872023433446884,0.014021532610058784,0.06259947270154953
54,1.8,,,,insightface_bbox,0.6043832302093506,1187.0887451171875,1133.3519287109375,2064.0,2825.095703125,0,0,1,0,0,0,0,0,0,1,0,0,0.09351331740617752,0.05838010832667351,0.6869179606437683,0.03743641451001167,0.021604526787996292,0.03146067261695862,0.016999410465359688,0.05271127074956894,0.09028874337673187,0.07844461500644684,0.013556031510233879,0.05888766050338745
55,1.8333333333333333,,,,insightface_bbox,0.6043832302093506,1187.0887451171875,1133.3519287109375,2064.0,2825.095703125,0,0,1,0,0,0,0,0,0,1,0,1,0.08886435627937317,0.05563592538237572,0.6508663892745972,0.03725873678922653,0.02089814469218254,0.030977647751569748,0.017400015145540237,0.05341987684369087,0.092115618288517,0.0804574191570282,0.012718245387077332,0.05766882002353668
56,1.8666666666666667,,,,insightface_bbox,0.6043832302093506,1187.0887451171875,1133.3519287109375,2064.0,2825.095703125,0,0,1,0,0,0,0,0,0,1,0,1,0.0869828388094902,0.05510830134153366,0.6797646880149841,0.03720521554350853,0.021098598837852478,0.030941879376769066,0.01789511740207672,0.05321402847766876,0.0938832014799118,0.0841701403260231,0.012612884864211082,0.05737399309873581
57,1.9,,,,insightface_bbox,0.6043832302093506,1187.0887451171875,1133.3519287109375,2064.0,2825.095703125,0,0,1,0,0,0,0,0,0,1,0,1,0.0810539722442627,0.051715508103370667,0.6453590393066406,0.0355507954955101,0.019749177619814873,0.029212942346930504,0.015892010182142258,0.05195044353604317,0.09198816120624542,0.08278132975101471,0.01212858036160469,0.055196475237607956
58,1.9333333333333333,,,,insightface_bbox,0.6043832302093506,1187.0887451171875,1133.3519287109375,2064.0,2825.095703125,0,0,1,0,0,0,0,0,0,1,0,1,0.0791582390666008,0.05009211227297783,0.6369625329971313,0.034388504922389984,0.018775595352053642,0.02813340350985527,0.014564228244125843,0.05055193230509758,0.09177367389202118,0.08310157805681229,0.011510951444506645,0.05384518951177597
59,1.9666666666666666,,,,insightface_bbox,0.6043832302093506,1187.0887451171875,1133.3519287109375,2064.0,2825.095703125,0,0,1,0,0,0,0,0,0,1,0,1,0.0799996554851532,0.05060576647520065,0.6327527761459351,0.035084716975688934,0.01928572915494442,0.028605209663510323,0.015335298143327236,0.0518016591668129,0.09418130666017532,0.08638669550418854,0.011513559147715569,0.05423711985349655
60,2.0,,,,insightface_bbox,0.6013420820236206,1197.7769775390625,1099.3709716796875,2064.0,2903.711669921875,0,0,1,0,0,0,0,0,0,1,0,1,0.07532443106174469,0.04912211745977402,0.6300325393676758,0.03531157225370407,0.020605316385626793,0.030973682180047035,0.014643855392932892,0.056505221873521805,0.09848079085350037,0.09617485105991364,0.014478016644716263,0.0597502626478672
61,2.033333333333333,,,,insightface_bbox,0.6013420820236206,1197.7769775390625,1099.3709716796875,2064.0,2903.711669921875,0,0,1,0,0,0,0,0,0,1,0,1,0.08047037571668625,0.052698783576488495,0.6439979076385498,0.03498740494251251,0.02164611965417862,0.03145116567611694,0.013647492974996567,0.05440794304013252,0.09900153428316116,0.08675087988376617,0.01489353273063898,0.06268521398305893
62,2.066666666666667,,,,insightface_bbox,0.6013420820236206,1197.7769775390625,1099.3709716796875,2064.0,2903.711669921875,0,0,1,0,0,0,0,0,0,1,0,1,0.0894227921962738,0.05948185548186302,0.6783670783042908,0.0379941463470459,0.0227651447057724,0.032807834446430206,0.015309659764170647,0.05359894037246704,0.09510652720928192,0.08210387825965881,0.016181163489818573,0.06678520143032074
63,2.1,,,,insightface_bbox,0.6013420820236206,1197.7769775390625,1099.3709716796875,2064.0,2903.711669921875,0,0,1,0,0,0,0,0,0,1,0,1,0.09054436534643173,0.05997656285762787,0.6834269165992737,0.03819543495774269,0.022875584661960602,0.032917313277721405,0.015580100007355213,0.05339130759239197,0.0948774442076683,0.08056820929050446,0.01611642725765705,0.06675513088703156
64,2.1333333333333333,,,,insightface_bbox,0.6013420820236206,1197.7769775390625,1099.3709716796875,2064.0,2903.711669921875,0,0,1,0,0,0,0,0,0,1,0,1,0.09335850179195404,0.06164422631263733,0.6929879784584045,0.03823745995759964,0.02288455329835415,0.03322817385196686,0.015157798305153847,0.052925754338502884,0.09570234268903732,0.08060372620820999,0.01630355976521969,0.06836184859275818
65,2.1666666666666665,,,,insightface_bbox,0.6013420820236206,1197.7769775390625,1099.3709716796875,2064.0,2903.711669921875,0,0,1,0,0,0,0,0,0,1,0,1,0.09174032509326935,0.061039943248033524,0.6839056015014648,0.037579912692308426,0.02247045747935772,0.032497137784957886,0.014367113821208477,0.05206333100795746,0.09383917599916458,0.07869632542133331,0.01604447513818741,0.06819190084934235
66,2.2,,,,insightface_bbox,0.5847811102867126,1184.665283203125,1130.614501953125,2064.0,2792.19189453125,1,0,1,0,0,0,0,0,0,1,0,0,0.104067362844944,0.06425076723098755,0.6904476284980774,0.03913894668221474,0.02122112363576889,0.03327186405658722,0.018135298043489456,0.05214392766356468,0.08586683869361877,0.07917875051498413,0.01410918403416872,0.06340803951025009
67,2.2333333333333334,,,,insightface_bbox,0.5847811102867126,1184.665283203125,1130.614501953125,2064.0,2792.19189453125,1,0,1,0,0,0,0,0,0,1,0,0,0.10380728542804718,0.0621848925948143,0.6746696829795837,0.038792695850133896,0.021006878465414047,0.033099863678216934,0.017768792808055878,0.05379535257816315,0.0912797600030899,0.08169635385274887,0.013777270913124084,0.06353243440389633
68,2.2666666666666666,,,,insightface_bbox,0.5847811102867126,1184.665283203125,1130.614501953125,2064.0,2792.19189453125,0,0,1,0,0,0,0,0,0,1,0,1,0.09623098373413086,0.058197103440761566,0.7238673567771912,0.037665680050849915,0.02084498479962349,0.032651033252477646,0.020009133964776993,0.05055360496044159,0.08729417622089386,0.08506722748279572,0.011963621713221073,0.05745336785912514
69,2.3,,,,insightface_bbox,0.5847811102867126,1184.665283203125,1130.614501953125,2064.0,2792.19189453125,1,0,1,0,0,0,0,0,0,1,0,1,0.09254245460033417,0.05660577118396759,0.7196366190910339,0.03534461930394173,0.01949184015393257,0.030682824552059174,0.01683742366731167,0.04860004410147667,0.08604645729064941,0.08336767554283142,0.010490510612726212,0.05315408855676651
70,2.3333333333333335,,,,insightface_bbox,0.5847811102867126,1184.665283203125,1130.614501953125,2064.0,2792.19189453125,1,0,1,0,0,0,0,0,0,1,0,1,0.09327106177806854,0.05656932294368744,0.7233569622039795,0.03489326313138008,0.01967756077647209,0.030301079154014587,0.016079984605312347,0.04698489233851433,0.08451539278030396,0.07966156303882599,0.010801946744322777,0.052988115698099136
71,2.3666666666666667,,,,insightface_bbox,0.5847811102867126,1184.665283203125,1130.614501953125,2064.0,2792.19189453125,1,0,1,0,0,0,0,0,0,1,0,1,0.09457723796367645,0.057106927037239075,0.7144542932510376,0.034711677581071854,0.01934029348194599,0.029870346188545227,0.01532701961696148,0.046421442180871964,0.08409791439771652,0.07698424160480499,0.011114247143268585,0.05409543216228485
72,2.4,,,,insightface_bbox,0.5805395245552063,1198.361328125,1128.34814453125,2064.0,2888.213134765625,1,0,1,0,0,0,0,0,0,1,0,1,0.08453163504600525,0.05261039361357689,0.8114439249038696,0.03899943083524704,0.022213861346244812,0.03412042185664177,0.015795959159731865,0.056778982281684875,0.09924528002738953,0.08833491057157516,0.018354633823037148,0.06525134295225143
73,2.433333333333333,,,,insightface_bbox,0.5805395245552063,1198.361328125,1128.34814453125,2064.0,2888.213134765625,1,0,1,0,0,0,0,0,0,1,0,1,0.08126877248287201,0.0508694127202034,0.8029994368553162,0.037981364876031876,0.021850818768143654,0.03407149389386177,0.015174857340753078,0.05728071182966232,0.09793877601623535,0.08880989253520966,0.01859799027442932,0.06399192661046982
74,2.466666666666667,,,,insightface_bbox,0.5805395245552063,1198.361328125,1128.34814453125,2064.0,2888.213134765625,1,0,1,0,0,0,0,0,0,1,0,1,0.0821254774928093,0.050423480570316315,0.8065604567527771,0.037865038961172104,0.02135593071579933,0.03392060101032257,0.015154194086790085,0.05845204368233681,0.09809984266757965,0.09058737754821777,0.018213920295238495,0.0632229894399643
75,2.5,,,,insightface_bbox,0.5805395245552063,1198.361328125,1128.34814453125,2064.0,2888.213134765625,1,0,1,0,0,0,0,0,0,1,0,1,0.07850188761949539,0.048608072102069855,0.7584083676338196,0.03592044487595558,0.020360827445983887,0.032343946397304535,0.014064481481909752,0.05790945887565613,0.09716051816940308,0.09021154046058655,0.015576080419123173,0.05835865065455437
76,2.533333333333333,,,,insightface_bbox,0.5805395245552063,1198.361328125,1128.34814453125,2064.0,2888.213134765625,0,0,1,0,0,0,0,0,0,1,0,1,0.08206307142972946,0.053068600594997406,0.7532644867897034,0.03661220893263817,0.021030161529779434,0.03157880902290344,0.014101647771894932,0.054632581770420074,0.09492263197898865,0.0824526697397232,0.015223346650600433,0.06180894374847412
77,2.566666666666667,,,,insightface_bbox,0.5805395245552063,1198.361328125,1128.34814453125,2064.0,2888.213134765625,0,0,1,0,0,0,0,0,0,1,0,1,0.086441770195961,0.0577814057469368,0.8108461499214172,0.03921308368444443,0.022923212498426437,0.03340443968772888,0.015885885804891586,0.05612560361623764,0.09724867343902588,0.08296740055084229,0.016558563336730003,0.06447046995162964
78,2.6,,,,insightface_bbox,0.5812740921974182,1183.850341796875,1124.9854736328125,2064.0,2812.507568359375,1,0,1,0,0,0,0,0,0,1,0,1,0.09611979126930237,0.06149839609861374,0.8720858097076416,0.03655523434281349,0.021395329385995865,0.03312601149082184,0.016584033146500587,0.049589626491069794,0.07785827666521072,0.07212837040424347,0.01466759480535984,0.05591121315956116
79,2.6333333333333333,,,,insightface_bbox,0.5812740921974182,1183.850341796875,1124.9854736328125,2064.0,2812.507568359375,1,0,1,0,0,0,0,0,0,1,0,1,0.09829607605934143,0.06217513978481293,0.9118826389312744,0.03825798258185387,0.022612247616052628,0.03503251075744629,0.0162003543227911,0.05096058547496796,0.07875564694404602,0.07131249457597733,0.017583072185516357,0.06000646948814392
80,2.6666666666666665,,,,insightface_bbox,0.5812740921974182,1183.850341796875,1124.9854736328125,2064.0,2812.507568359375,1,0,1,0,0,0,0,0,0,1,0,1,0.09375686943531036,0.06023253872990608,0.8962220549583435,0.036837007850408554,0.021595299243927002,0.033294592052698135,0.015009352006018162,0.04897746443748474,0.07687743753194809,0.06900881230831146,0.016432462260127068,0.05918972194194794
81,2.7,,,,insightface_bbox,0.5812740921974182,1183.850341796875,1124.9854736328125,2064.0,2812.507568359375,1,0,1,0,0,0,0,0,0,1,0,0,0.09569147229194641,0.06256823241710663,0.8413538932800293,0.03743375465273857,0.022288700565695763,0.03399672359228134,0.016983916983008385,0.04756172001361847,0.07429098337888718,0.07102841138839722,0.015949157997965813,0.05897616595029831
82,2.7333333333333334,,,,insightface_bbox,0.5812740921974182,1183.850341796875,1124.9854736328125,2064.0,2812.507568359375,1,0,1,0,0,0,0,0,0,1,0,1,0.09592506289482117,0.06339448690414429,0.8287605047225952,0.03726663440465927,0.02024655044078827,0.03303457424044609,0.016568930819630623,0.050207920372486115,0.08343807607889175,0.08007380366325378,0.013172613456845284,0.05805487185716629
83,2.7666666666666666,,,,insightface_bbox,0.5812740921974182,1183.850341796875,1124.9854736328125,2064.0,2812.507568359375,1,0,1,0,0,0,0,0,0,1,0,1,0.09000744670629501,0.059437476098537445,0.6822854280471802,0.036928486078977585,0.019636554643511772,0.031712256371974945,0.015561861917376518,0.05299922078847885,0.08369259536266327,0.0814473032951355,0.01204343605786562,0.05822698026895523
84,2.8,,,,insightface_bbox,0.5784121155738831,1149.2659912109375,1122.008544921875,2064.0,2798.38330078125,1,0,1,0,0,0,0,0,0,1,0,0,0.09007249772548676,0.06096658110618591,0.26957929134368896,0.03565724566578865,0.014722621068358421,0.02883007377386093,0.015135275200009346,0.05249100923538208,0.09286037087440491,0.08963599056005478,0.014781133271753788,0.05625944957137108
85,2.8333333333333335,,,,insightface_bbox,0.5784121155738831,1149.2659912109375,1122.008544921875,2064.0,2798.38330078125,0,0,1,0,0,0,0,0,0,1,0,0,0.08694495260715485,0.058853037655353546,0.26152998208999634,0.03450276702642441,0.014267758466303349,0.027833150699734688,0.014186426065862179,0.04898405075073242,0.08986189216375351,0.08472757041454315,0.014932477846741676,0.05625912919640541
86,2.8666666666666667,,,,insightface_bbox,0.5784121155738831,1149.2659912109375,1122.008544921875,2064.0,2798.38330078125,0,0,1,0,0,0,0,0,0,0,0,0,0.0947548896074295,0.0564938485622406,0.3462936282157898,0.03648881986737251,0.01551767997443676,0.03282871097326279,0.019769325852394104,0.04619176685810089,0.08756998181343079,0.0888889953494072,0.023358061909675598,0.0693797692656517
87,2.9,,,,insightface_bbox,0.5784121155738831,1149.2659912109375,1122.008544921875,2064.0,2798.38330078125,0,0,1,0,0,0,0,0,0,0,0,0,0.10306409746408463,0.06216522306203842,0.4452672004699707,0.03988225758075714,0.018672646954655647,0.040202733129262924,0.02983924001455307,0.044665805995464325,0.08226252347230911,0.09245078265666962,0.03254115208983421,0.07381580770015717
88,2.933333333333333,,,,insightface_bbox,0.5784121155738831,1149.2659912109375,1122.008544921875,2064.0,2798.38330078125,1,0,1,0,0,0,0,0,0,0,0,0,0.09383346885442734,0.06065848469734192,0.3440597355365753,0.036377616226673126,0.015398873947560787,0.031207671388983727,0.021738624200224876,0.04357409477233887,0.08153370022773743,0.08504359424114227,0.019236179068684578,0.06304951012134552
89,2.966666666666667,,,,insightface_bbox,0.5784121155738831,1149.2659912109375,1122.008544921875,2064.0,2798.38330078125,1,0,1,0,0,0,0,0,0,1,0,0,0.09427300840616226,0.06623544543981552,0.24296818673610687,0.03755468130111694,0.014082396402955055,0.02702305093407631,0.014727739617228508,0.05198146402835846,0.0925101712346077,0.08604719489812851,0.01526635978370905,0.059093549847602844
90,3.0,,,,insightface_bbox,0.5981507897377014,1146.676513671875,1118.3487548828125,2064.0,2802.79248046875,1,0,1,0,0,0,0,0,0,0,0,0,0.09640529751777649,0.07847599685192108,0.29755327105522156,0.04401117563247681,0.015519097447395325,0.0349012166261673,0.020043039694428444,0.05524970218539238,0.09901762008666992,0.1080045998096466,0.021298635751008987,0.06334179639816284
91,3.033333333333333,,,,insightface_bbox,0.5981507897377014,1146.676513671875,1118.3487548828125,2064.0,2802.79248046875,1,0,1,0,0,0,0,0,0,0,0,0,0.09823071956634521,0.0751013457775116,0.2991505265235901,0.04394706338644028,0.01638849824666977,0.03570004925131798,0.020738404244184494,0.057725414633750916,0.10282524675130844,0.11101934313774109,0.02193761058151722,0.06523275375366211
92,3.066666666666667,,,,insightface_bbox,0.5981507897377014,1146.676513671875,1118.3487548828125,2064.0,2802.79248046875,1,0,1,0,0,0,0,0,0,1,0,0,0.09652392566204071,0.07191455364227295,0.28945860266685486,0.04180849343538284,0.015697188675403595,0.03264138475060463,0.01776949316263199,0.05769086629152298,0.10386858880519867,0.10845459252595901,0.01883843168616295,0.06288222223520279
93,3.1,,,,insightface_bbox,0.5981507897377014,1146.676513671875,1118.3487548828125,2064.0,2802.79248046875,1,0,1,0,0,0,0,0,0,1,0,0,0.09539235383272171,0.0696481317281723,0.2814595103263855,0.04037659242749214,0.015339228324592113,0.03138351812958717,0.017026489600539207,0.05631549656391144,0.10311286896467209,0.1055743470788002,0.017364539206027985,0.06128469482064247
94,3.1333333333333333,,,,insightface_bbox,0.5981507897377014,1146.676513671875,1118.3487548828125,2064.0,2802.79248046875,1,0,1,0,0,0,0,0,0,1,0,0,0.09367294609546661,0.06689273566007614,0.270971417427063,0.039353735744953156,0.01516573317348957,0.030320066958665848,0.01623881608247757,0.056348830461502075,0.10458163917064667,0.10515785217285156,0.016316978260874748,0.060443952679634094
95,3.1666666666666665,,,,insightface_bbox,0.5981507897377014,1146.676513671875,1118.3487548828125,2064.0,2802.79248046875,1,0,1,0,0,0,0,0,0,1,0,0,0.09054537862539291,0.0627504512667656,0.25158581137657166,0.037373654544353485,0.01475844718515873,0.028754789382219315,0.01546532940119505,0.05481887236237526,0.10179831832647324,0.1004854217171669,0.01482299156486988,0.05868808925151825
96,3.2,,,,insightface_bbox,0.5753171443939209,1140.458251953125,1113.734375,2064.0,2827.611083984375,1,0,1,0,0,0,0,0,0,0,0,0,0.09542369097471237,0.075182244181633,0.29084038734436035,0.04109177738428116,0.015474624931812286,0.035400740802288055,0.016737451776862144,0.05466023460030556,0.09484061598777771,0.11101178824901581,0.024713529273867607,0.06366582214832306
97,3.2333333333333334,,,,insightface_bbox,0.5753171443939209,1140.458251953125,1113.734375,2064.0,2827.611083984375,0,0,1,0,0,0,0,0,0,1,0,0,0.08603444695472717,0.06156421825289726,0.2788180708885193,0.035231541842222214,0.013936868868768215,0.032076530158519745,0.014297292567789555,0.046600401401519775,0.08888766914606094,0.09636972099542618,0.02083180472254753,0.05728713795542717
98,3.2666666666666666,,,,insightface_bbox,0.5753171443939209,1140.458251953125,1113.734375,2064.0,2827.611083984375,0,0,1,0,0,0,0,0,0,1,0,0,0.08219807595014572,0.05703603848814964,0.27453047037124634,0.03243647888302803,0.01317194476723671,0.03022809699177742,0.013104112818837166,0.04296634718775749,0.08640750497579575,0.0889258161187172,0.019403424113988876,0.055047497153282166
99,3.3,,,,insightface_bbox,0.5753171443939209,1140.458251953125,1113.734375,2064.0,2827.611083984375,0,0,1,0,0,0,0,0,0,1,0,0,0.08324167132377625,0.05716957524418831,0.2802298665046692,0.03292865306138992,0.013478483073413372,0.030616896227002144,0.013175088912248611,0.04373029246926308,0.08822272717952728,0.09164642542600632,0.01928158849477768,0.05536014586687088
100,3.3333333333333335,,,,insightface_bbox,0.5753171443939209,1140.458251953125,1113.734375,2064.0,2827.611083984375,0,0,1,0,0,0,0,0,0,0,0,0,0.0845727026462555,0.059971194714307785,0.30002883076667786,0.03613094985485077,0.01495988480746746,0.03404705598950386,0.01578502357006073,0.046642005443573,0.08695007860660553,0.09704014658927917,0.02379499562084675,0.05892971530556679
101,3.3666666666666667,,,,insightface_bbox,0.5753171443939209,1140.458251953125,1113.734375,2064.0,2827.611083984375,0,0,1,0,0,0,0,0,0,0,0,0,0.08900327980518341,0.0671072006225586,0.29652076959609985,0.04111885651946068,0.016566049307584763,0.03713790699839592,0.018593089655041695,0.05217301845550537,0.08654187619686127,0.10361354798078537,0.029140174388885498,0.062110647559165955
102,3.4,,,,insightface_bbox,0.592692494392395,1152.57470703125,1111.5208740234375,2064.0,2841.70751953125,0,0,1,0,0,0,0,0,0,1,0,0,0.08828651905059814,0.056513480842113495,0.25012993812561035,0.03443513810634613,0.013711611740291119,0.02664322778582573,0.012835273519158363,0.050314806401729584,0.09650691598653793,0.08782827109098434,0.014492162503302097,0.057797472923994064
103,3.433333333333333,,,,insightface_bbox,0.592692494392395,1152.57470703125,1111.5208740234375,2064.0,2841.70751953125,0,0,1,0,0,0,0,0,0,1,0,0,0.08738219738006592,0.05438780412077904,0.26169824600219727,0.03324131667613983,0.013314502313733101,0.02669668197631836,0.012898974120616913,0.04814297333359718,0.09249445050954819,0.08491624146699905,0.014767717570066452,0.058196939527988434
104,3.466666666666667,,,,insightface_bbox,0.592692494392395,1152.57470703125,1111.5208740234375,2064.0,2841.70751953125,0,0,1,0,0,0,0,0,0,1,0,0,0.09084853529930115,0.05735068768262863,0.34470435976982117,0.0345195010304451,0.014776812866330147,0.031143764033913612,0.0184452123939991,0.03928035497665405,0.07895559072494507,0.0821925699710846,0.02022681012749672,0.06146515905857086
105,3.5,,,,insightface_bbox,0.592692494392395,1152.57470703125,1111.5208740234375,2064.0,2841.70751953125,0,0,1,0,0,0,0,0,0,0,0,0,0.1105961799621582,0.06482833623886108,0.48221275210380554,0.040607865899801254,0.021204322576522827,0.041397590190172195,0.029220229014754295,0.041509974747896194,0.08314430713653564,0.08863219618797302,0.0332920104265213,0.07494606077671051
106,3.533333333333333,,,,insightface_bbox,0.592692494392395,1152.57470703125,1111.5208740234375,2064.0,2841.70751953125,0,0,1,0,0,0,0,0,0,0,0,0,0.13244754076004028,0.07535064220428467,0.6840808391571045,0.045990556478500366,0.02955160290002823,0.054349083453416824,0.042395398020744324,0.04550602287054062,0.08378171175718307,0.09657113254070282,0.04911186173558235,0.08843410760164261
107,3.566666666666667,,,,insightface_bbox,0.592692494392395,1152.57470703125,1111.5208740234375,2064.0,2841.70751953125,0,0,1,0,0,0,0,0,0,1,0,0,0.1299825757741928,0.07260512560606003,0.6854413747787476,0.04351257532835007,0.028349848464131355,0.05207429081201553,0.038177378475666046,0.04370957985520363,0.08410513401031494,0.09318387508392334,0.044295333325862885,0.08532803505659103
108,3.6,,,,insightface_bbox,0.5676038861274719,1179.6787109375,1128.44970703125,2064.0,2836.197998046875,1,0,1,0,0,0,0,0,0,1,0,0,0.1083570271730423,0.06378993391990662,0.7951661348342896,0.040682725608348846,0.02442414127290249,0.044344425201416016,0.024487560614943504,0.04866447672247887,0.08317327499389648,0.08611060678958893,0.025402920320630074,0.06906040012836456
109,3.6333333333333333,,,,insightface_bbox,0.5676038861274719,1179.6787109375,1128.44970703125,2064.0,2836.197998046875,1,0,1,0,0,0,0,0,0,1,0,0,0.1053871288895607,0.06357758492231369,0.738974928855896,0.03986281156539917,0.023173093795776367,0.04123646020889282,0.024494614452123642,0.047488078474998474,0.08176055550575256,0.08388032019138336,0.02222546376287937,0.06650418788194656
110,3.6666666666666665,,,,insightface_bbox,0.5676038861274719,1179.6787109375,1128.44970703125,2064.0,2836.197998046875,1,0,1,0,0,0,0,0,0,1,0,0,0.10513684153556824,0.06412973254919052,0.771521806716919,0.03968174755573273,0.02339136227965355,0.04294458031654358,0.025807077065110207,0.046920180320739746,0.08013953268527985,0.08395299315452576,0.02367289923131466,0.06802427768707275
111,3.7,,,,insightface_bbox,0.5676038861274719,1179.6787109375,1128.44970703125,2064.0,2836.197998046875,1,0,1,0,0,0,0,0,0,1,0,0,0.10570554435253143,0.06456135958433151,0.7926564812660217,0.039819709956645966,0.023746725171804428,0.04268959164619446,0.02498546987771988,0.04743548482656479,0.08122342824935913,0.08482871949672699,0.02204158902168274,0.06724346429109573
112,3.7333333333333334,,,,insightface_bbox,0.5676038861274719,1179.6787109375,1128.44970703125,2064.0,2836.197998046875,1,0,1,0,0,0,0,0,0,1,0,0,0.10900026559829712,0.06535617262125015,0.8118100166320801,0.04145277664065361,0.02471521683037281,0.043800994753837585,0.02462065778672695,0.0489063560962677,0.08144810795783997,0.08660312741994858,0.023284798488020897,0.06946980208158493
113,3.7666666666666666,,,,insightface_bbox,0.5676038861274719,1179.6787109375,1128.44970703125,2064.0,2836.197998046875,1,0,1,0,0,0,0,0,0,1,0,0,0.10471494495868683,0.06435032188892365,0.8193120360374451,0.041182633489370346,0.024722842499613762,0.04323394596576691,0.024434423074126244,0.04795805364847183,0.07935644686222076,0.08398967981338501,0.02243630960583687,0.0668892189860344
114,3.8,,,,insightface_bbox,0.5836055874824524,1150.4361572265625,1121.8740234375,2064.0,2795.106201171875,0,0,1,0,0,0,0,0,0,1,0,0,0.10374142974615097,0.06171266734600067,0.4943115711212158,0.038681261241436005,0.02168039046227932,0.0393899604678154,0.03052956983447075,0.041534047573804855,0.08439186960458755,0.0877537950873375,0.026154961436986923,0.0681457370519638
115,3.8333333333333335,,,,insightface_bbox,0.5836055874824524,1150.4361572265625,1121.8740234375,2064.0,2795.106201171875,0,0,1,0,0,0,0,0,0,1,0,0,0.08976717293262482,0.057423561811447144,0.3960422873497009,0.03450801223516464,0.016675885766744614,0.032143834978342056,0.023007158190011978,0.03924299776554108,0.0815705955028534,0.08458174765110016,0.019203970208764076,0.059419386088848114
116,3.8666666666666667,,,,insightface_bbox,0.5836055874824524,1150.4361572265625,1121.8740234375,2064.0,2795.106201171875,0,0,1,0,0,0,0,0,0,1,0,0,0.08251065015792847,0.05211015045642853,0.30829983949661255,0.03053874522447586,0.013546288013458252,0.026759129017591476,0.014616227708756924,0.041271649301052094,0.08670077472925186,0.08179772645235062,0.013728947378695011,0.05491769313812256
117,3.9,,,,insightface_bbox,0.5836055874824524,1150.4361572265625,1121.8740234375,2064.0,2795.106201171875,0,0,1,0,0,0,0,0,0,1,0,0,0.0785268023610115,0.050471894443035126,0.26443615555763245,0.029756300151348114,0.012741034850478172,0.024752764031291008,0.012270846404135227,0.04427724331617355,0.09067916125059128,0.08277862519025803,0.011665214784443378,0.052166201174259186
118,3.933333333333333,,,,insightface_bbox,0.5836055874824524,1150.4361572265625,1121.8740234375,2064.0,2795.106201171875,0,0,1,0,0,0,0,0,0,1,0,0,0.07962774485349655,0.05071968585252762,0.29646825790405273,0.02970399335026741,0.013131869956851006,0.025960739701986313,0.012941563501954079,0.04282534494996071,0.08945747464895248,0.08166366815567017,0.012575995177030563,0.054204367101192474
119,3.966666666666667,,,,insightface_bbox,0.5836055874824524,1150.4361572265625,1121.8740234375,2064.0,2795.106201171875,0,0,1,0,0,0,0,0,0,1,0,0,0.07771532237529755,0.05010012537240982,0.325255811214447,0.029276423156261444,0.013502977788448334,0.02682037465274334,0.014283851720392704,0.04084768146276474,0.08423791080713272,0.07987798750400543,0.013429729267954826,0.052798159420490265
120,4.0,,,,insightface_bbox,0.605947732925415,1148.24560546875,1131.23876953125,2064.0,2805.878173828125,0,0,1,0,0,0,0,0,0,1,0,0,0.08087211847305298,0.05235271528363228,0.3923943340778351,0.031735073775053024,0.015830107033252716,0.030838865786790848,0.018950894474983215,0.03918337821960449,0.07979437708854675,0.08135375380516052,0.01701396144926548,0.05384102091193199
121,4.033333333333333,,,,insightface_bbox,0.605947732925415,1148.24560546875,1131.23876953125,2064.0,2805.878173828125,0,0,1,0,0,0,0,0,0,1,0,0,0.09320859611034393,0.059207990765571594,0.5057761073112488,0.035809945315122604,0.019622530788183212,0.03724845498800278,0.02557547576725483,0.04071621596813202,0.08554811775684357,0.08549042791128159,0.023003676906228065,0.06141550466418266
122,4.066666666666666,,,,insightface_bbox,0.605947732925415,1148.24560546875,1131.23876953125,2064.0,2805.878173828125,0,0,1,0,0,0,0,0,0,1,0,0,0.10022671520709991,0.059045225381851196,0.5654494762420654,0.03548590466380119,0.020827876403927803,0.03873761370778084,0.02521475777029991,0.04026379808783531,0.08859842270612717,0.0837986096739769,0.022779129445552826,0.06436873972415924
123,4.1,,,,insightface_bbox,0.605947732925415,1148.24560546875,1131.23876953125,2064.0,2805.878173828125,0,0,1,0,0,0,0,0,0,1,0,0,0.10651996731758118,0.060193732380867004,0.6183059811592102,0.03624650090932846,0.02196701243519783,0.04165288060903549,0.026547949761152267,0.039978496730327606,0.08804528415203094,0.0845542624592781,0.02609175071120262,0.06976834684610367
124,4.133333333333334,,,,insightface_bbox,0.605947732925415,1148.24560546875,1131.23876953125,2064.0,2805.878173828125,0,0,1,0,0,0,0,0,0,1,0,0,0.10330340266227722,0.05740821361541748,0.607271671295166,0.03630758076906204,0.022427525371313095,0.04211707040667534,0.027065442875027657,0.04056404531002045,0.08698834478855133,0.08540713042020798,0.02699551172554493,0.07013265788555145
125,4.166666666666667,,,,insightface_bbox,0.605947732925415,1148.24560546875,1131.23876953125,2064.0,2805.878173828125,0,0,1,0,0,0,0,0,0,1,0,0,0.10797655582427979,0.05981098487973213,0.6358394026756287,0.03773583099246025,0.024733074009418488,0.045797258615493774,0.030146703124046326,0.043452125042676926,0.09000248461961746,0.08804335445165634,0.028980355709791183,0.06951911747455597
126,4.2,,,,insightface_bbox,0.5966705083847046,1173.53173828125,1147.72216796875,2064.0,2814.492431640625,0,0,1,0,0,0,0,0,0,1,0,0,0.1139434278011322,0.06353946030139923,0.7736930847167969,0.04336955025792122,0.028475817292928696,0.054000187665224075,0.04055684804916382,0.04881628230214119,0.08723543584346771,0.09078918397426605,0.04292227327823639,0.07923778146505356
127,4.233333333333333,,,,insightface_bbox,0.5966705083847046,1173.53173828125,1147.72216796875,2064.0,2814.492431640625,0,0,1,0,0,0,0,0,0,1,0,0,0.10835167020559311,0.05702283978462219,0.7523691058158875,0.04009644687175751,0.025434371083974838,0.04923965781927109,0.032527729868888855,0.04426918923854828,0.08158235251903534,0.08723212778568268,0.04002399742603302,0.07917451858520508
128,4.266666666666667,,,,insightface_bbox,0.5966705083847046,1173.53173828125,1147.72216796875,2064.0,2814.492431640625,1,0,1,0,0,0,0,0,0,1,0,0,0.13113445043563843,0.0703793540596962,0.9612817764282227,0.04207316413521767,0.02868781052529812,0.05846349895000458,0.03148574382066727,0.04379470273852348,0.08612948656082153,0.09427755326032639,0.04954654723405838,0.08819074928760529
129,4.3,,,,insightface_bbox,0.5966705083847046,1173.53173828125,1147.72216796875,2064.0,2814.492431640625,1,0,1,0,0,0,0,0,0,1,0,1,0.11757039278745651,0.06666793674230576,0.8236386775970459,0.03562063351273537,0.02026648074388504,0.04113612696528435,0.01860412210226059,0.04285309091210365,0.10052604973316193,0.0939251184463501,0.018634403124451637,0.06805583089590073
130,4.333333333333333,,,,insightface_bbox,0.5966705083847046,1173.53173828125,1147.72216796875,2064.0,2814.492431640625,1,0,1,0,0,0,0,0,0,1,0,1,0.10292638093233109,0.05763297900557518,0.7874370217323303,0.030809253454208374,0.018389355391263962,0.036290984600782394,0.01547362469136715,0.03740416467189789,0.08519359678030014,0.07980833947658539,0.015388154424726963,0.062446970492601395
131,4.366666666666666,,,,insightface_bbox,0.5966705083847046,1173.53173828125,1147.72216796875,2064.0,2814.492431640625,1,0,1,0,0,0,0,0,0,1,0,1,0.11018408834934235,0.06292974948883057,0.8669096231460571,0.032259825617074966,0.01967541128396988,0.03921527415513992,0.017137199640274048,0.038328271359205246,0.08902844786643982,0.08111365139484406,0.015536382794380188,0.06242520734667778
132,4.4,,,,insightface_bbox,0.618255078792572,1200.010009765625,1141.26123046875,2064.0,2924.2724609375,1,0,1,0,0,0,0,0,0,1,0,1,0.0812695100903511,0.05400370433926582,0.8398463726043701,0.036419209092855453,0.02161812223494053,0.03323095664381981,0.012453801929950714,0.055397674441337585,0.09764350205659866,0.0896502286195755,0.016308387741446495,0.061046961694955826
133,4.433333333333334,,,,insightface_bbox,0.618255078792572,1200.010009765625,1141.26123046875,2064.0,2924.2724609375,1,0,1,0,0,0,0,0,0,1,0,1,0.07858693599700928,0.05247686803340912,0.824550449848175,0.03612561151385307,0.0217735655605793,0.033044904470443726,0.012458720244467258,0.05624093860387802,0.09730511903762817,0.09014631807804108,0.016101673245429993,0.06035444140434265
134,4.466666666666667,,,,insightface_bbox,0.618255078792572,1200.010009765625,1141.26123046875,2064.0,2924.2724609375,1,0,1,0,0,0,0,0,0,1,0,1,0.07963697612285614,0.051401536911726,0.8218855261802673,0.03682142496109009,0.021925240755081177,0.03324725478887558,0.012731287628412247,0.05865833908319473,0.10466086864471436,0.09449848532676697,0.015790598466992378,0.06242574006319046
135,4.5,,,,insightface_bbox,0.618255078792572,1200.010009765625,1141.26123046875,2064.0,2924.2724609375,1,0,1,0,0,0,0,0,0,1,0,1,0.09750556945800781,0.0640091598033905,1.032469630241394,0.04441874101758003,0.026598885655403137,0.03911606967449188,0.01860898546874523,0.06095079332590103,0.11233018338680267,0.10061796009540558,0.022083472460508347,0.07667748630046844
136,4.533333333333333,,,,insightface_bbox,0.618255078792572,1200.010009765625,1141.26123046875,2064.0,2924.2724609375,1,0,1,0,0,0,0,0,0,1,0,1,0.09423300623893738,0.062323085963726044,1.094905138015747,0.0413932278752327,0.026291126385331154,0.038004592061042786,0.018310468643903732,0.06015300005674362,0.11460617929697037,0.09331463277339935,0.01926935836672783,0.07194393128156662
137,4.566666666666666,,,,insightface_bbox,0.618255078792572,1200.010009765625,1141.26123046875,2064.0,2924.2724609375,1,0,1,0,0,0,0,0,0,1,0,1,0.091425821185112,0.05816540867090225,1.046119213104248,0.040070563554763794,0.025448817759752274,0.037802089005708694,0.018156636506319046,0.061340801417827606,0.11094584316015244,0.09116899967193604,0.01830202341079712,0.07034772634506226
138,4.6,,,,insightface_bbox,0.5760087370872498,1146.4825439453125,1121.861572265625,2064.0,2798.510498046875,1,0,1,0,0,0,0,0,0,1,0,0,0.10549653321504593,0.08977297693490982,0.6715107560157776,0.04771209880709648,0.029475245624780655,0.058021172881126404,0.04747697710990906,0.05287668853998184,0.08883685618638992,0.11712072789669037,0.03070903941988945,0.06615160405635834
139,4.633333333333334,,,,insightface_bbox,0.5760087370872498,1146.4825439453125,1121.861572265625,2064.0,2798.510498046875,1,0,1,0,0,0,0,0,0,1,0,0,0.12485720962285995,0.09987705945968628,0.7892014980316162,0.05390406399965286,0.03785579279065132,0.06664520502090454,0.06085798516869545,0.056032534688711166,0.09180666506290436,0.1235634833574295,0.04294762387871742,0.07632036507129669
140,4.666666666666667,,,,insightface_bbox,0.5760087370872498,1146.4825439453125,1121.861572265625,2064.0,2798.510498046875,1,0,1,0,0,0,0,0,0,1,0,0,0.14277295768260956,0.11251870542764664,0.8829879760742188,0.05728532373905182,0.04294468089938164,0.06869560480117798,0.0660925880074501,0.057595014572143555,0.09139082580804825,0.12039507925510406,0.04931778460741043,0.08043202757835388
141,4.7,,,,insightface_bbox,0.5760087370872498,1146.4825439453125,1121.861572265625,2064.0,2798.510498046875,1,0,1,0,0,0,0,0,0,1,0,0,0.1310528963804245,0.10563838481903076,0.816260814666748,0.05551276355981827,0.040935732424259186,0.06570939719676971,0.06515531986951828,0.056763943284749985,0.08857779204845428,0.11966291815042496,0.04447758197784424,0.07592448592185974
142,4.733333333333333,,,,insightface_bbox,0.5760087370872498,1146.4825439453125,1121.861572265625,2064.0,2798.510498046875,1,0,1,0,0,0,0,0,0,1,0,0,0.11318520456552505,0.09438309073448181,0.7341975569725037,0.053720396012067795,0.0357402078807354,0.06307786703109741,0.0605025552213192,0.05747329816222191,0.08917375653982162,0.12289100885391235,0.0398215614259243,0.07258529961109161
143,4.766666666666667,,,,insightface_bbox,0.5760087370872498,1146.4825439453125,1121.861572265625,2064.0,2798.510498046875,1,0,1,0,0,0,0,0,0,1,0,0,0.10364360362291336,0.08548907190561295,0.6346112489700317,0.04972653463482857,0.03066074475646019,0.05577240511775017,0.05135612189769745,0.05518301576375961,0.08655593544244766,0.11874068528413773,0.0349944606423378,0.06967737525701523
144,4.8,,,,insightface_bbox,0.598331093788147,1146.71142578125,1128.5430908203125,2064.0,2809.419921875,1,0,1,0,0,0,0,0,0,1,0,0,0.1150338426232338,0.08939101547002792,0.7598969340324402,0.05235390365123749,0.035047173500061035,0.06345492601394653,0.0582648366689682,0.05737093836069107,0.09056074917316437,0.12706294655799866,0.041845064610242844,0.0759473517537117
145,4.833333333333333,,,,insightface_bbox,0.598331093788147,1146.71142578125,1128.5430908203125,2064.0,2809.419921875,1,0,1,0,0,0,0,0,0,1,0,0,0.1252596378326416,0.10190355777740479,0.8109334111213684,0.05741644278168678,0.04083580523729324,0.07182305306196213,0.07127141952514648,0.06025155633687973,0.09023190289735794,0.13231760263442993,0.05221259221434593,0.08145661652088165
146,4.866666666666666,,,,insightface_bbox,0.598331093788147,1146.71142578125,1128.5430908203125,2064.0,2809.419921875,1,0,1,0,0,0,0,0,0,0,0,0,0.13477136194705963,0.1128639429807663,0.8282610774040222,0.061245135962963104,0.04470738768577576,0.07184556871652603,0.07735781371593475,0.061802830547094345,0.08703619986772537,0.13183963298797607,0.057852961122989655,0.08574053645133972
147,4.9,,,,insightface_bbox,0.598331093788147,1146.71142578125,1128.5430908203125,2064.0,2809.419921875,1,0,1,0,0,0,0,0,0,0,0,0,0.1374731957912445,0.11352577805519104,0.840701162815094,0.061239246279001236,0.044570863246917725,0.07155235856771469,0.0787685438990593,0.06082431972026825,0.08792039752006531,0.13150957226753235,0.05645785480737686,0.0852695032954216
148,4.933333333333334,,,,insightface_bbox,0.598331093788147,1146.71142578125,1128.5430908203125,2064.0,2809.419921875,1,0,1,0,0,0,0,0,0,0,0,0,0.1348872035741806,0.11380792409181595,0.8788546919822693,0.06404764205217361,0.0459534227848053,0.07203619182109833,0.08693680167198181,0.06306710839271545,0.09192219376564026,0.1377483457326889,0.05737472325563431,0.08494832366704941
149,4.966666666666667,,,,insightface_bbox,0.598331093788147,1146.71142578125,1128.5430908203125,2064.0,2809.419921875,1,0,1,0,0,0,0,0,0,0,0,0,0.14229363203048706,0.11561378836631775,0.9543916583061218,0.0659574419260025,0.04987368360161781,0.0785265788435936,0.09426122903823853,0.06567257642745972,0.09446774423122406,0.1400054395198822,0.06501922011375427,0.09110066294670105
150,5.0,,,,insightface_bbox,0.6029172539710999,1148.7135009765625,1122.6795654296875,2064.0,2845.884765625,1,0,1,0,0,0,0,0,0,0,0,0,0.12696345150470734,0.1036873534321785,0.8422222137451172,0.056467145681381226,0.0407850407063961,0.0695832148194313,0.07183632254600525,0.05811457335948944,0.08765223622322083,0.12345203757286072,0.050439074635505676,0.08025173842906952
151,5.033333333333333,,,,insightface_bbox,0.6029172539710999,1148.7135009765625,1122.6795654296875,2064.0,2845.884765625,1,0,1,0,0,0,0,0,0,0,0,0,0.14780771732330322,0.12532947957515717,0.8700770139694214,0.0629253014922142,0.04236942529678345,0.06957945227622986,0.0789271742105484,0.06133560091257095,0.09359798580408096,0.12882308661937714,0.05581144243478775,0.08779886364936829
152,5.066666666666666,,,,insightface_bbox,0.6029172539710999,1148.7135009765625,1122.6795654296875,2064.0,2845.884765625,1,0,1,0,0,0,0,0,0,1,0,0,0.15342620015144348,0.13216468691825867,0.9140748977661133,0.06370020657777786,0.04097290337085724,0.07069690525531769,0.07598480582237244,0.062241725623607635,0.10056257247924805,0.1307511031627655,0.051402606070041656,0.08751411736011505
153,5.1,,,,insightface_bbox,0.6029172539710999,1148.7135009765625,1122.6795654296875,2064.0,2845.884765625,1,0,1,0,0,0,0,0,0,0,0,0,0.1503830850124359,0.1270587295293808,0.8978335857391357,0.06512797623872757,0.04346654564142227,0.07054315507411957,0.08201424032449722,0.06315940618515015,0.09796436876058578,0.13135260343551636,0.05511591583490372,0.0886053517460823
154,5.133333333333334,,,,insightface_bbox,0.6029172539710999,1148.7135009765625,1122.6795654296875,2064.0,2845.884765625,1,0,1,0,0,0,0,0,0,1,0,0,0.1339852660894394,0.10848671197891235,0.9267476797103882,0.060322750359773636,0.04459483548998833,0.07189258188009262,0.08002579212188721,0.06135767698287964,0.09235306084156036,0.12552088499069214,0.05314401537179947,0.08397546410560608
155,5.166666666666667,,,,insightface_bbox,0.6029172539710999,1148.7135009765625,1122.6795654296875,2064.0,2845.884765625,1,0,1,0,0,0,0,0,0,1,0,0,0.10986220091581345,0.0909896194934845,0.7889283895492554,0.05173122510313988,0.033845577389001846,0.06032363325357437,0.058246929198503494,0.05418562889099121,0.08709412813186646,0.11516869813203812,0.03926842659711838,0.07503493130207062
156,5.2,,,,insightface_bbox,0.5943924188613892,1150.4111328125,1126.451904296875,2064.0,2816.386962890625,1,0,1,0,0,0,0,0,0,1,0,0,0.08702768385410309,0.06864422559738159,0.5583589673042297,0.04344157129526138,0.023289430886507034,0.04377502202987671,0.039393335580825806,0.04964912682771683,0.07699259370565414,0.1054442822933197,0.02773110568523407,0.06406519562005997
157,5.233333333333333,,,,insightface_bbox,0.5943924188613892,1150.4111328125,1126.451904296875,2064.0,2816.386962890625,1,0,1,0,0,0,0,0,0,0,0,0,0.0859956294298172,0.0722995474934578,0.5470832586288452,0.04391978681087494,0.02310599945485592,0.04316812753677368,0.03816114366054535,0.04986121505498886,0.0763017013669014,0.10232649743556976,0.027305591851472855,0.06307604908943176
158,5.266666666666667,,,,insightface_bbox,0.5943924188613892,1150.4111328125,1126.451904296875,2064.0,2816.386962890625,1,0,1,0,0,0,0,0,0,0,0,0,0.08785341680049896,0.07018941640853882,0.5481314063072205,0.043991729617118835,0.023150093853473663,0.043469980359077454,0.03889873996376991,0.04969039931893349,0.07841697335243225,0.10373387485742569,0.028611553832888603,0.06566716730594635
159,5.3,,,,insightface_bbox,0.5943924188613892,1150.4111328125,1126.451904296875,2064.0,2816.386962890625,1,0,1,0,0,0,0,0,0,1,0,0,0.08823645114898682,0.06972568482160568,0.5311751961708069,0.04438795521855354,0.02252892404794693,0.04229217395186424,0.03768657147884369,0.050451863557100296,0.08146368712186813,0.10653189569711685,0.02995835430920124,0.06964157521724701
160,5.333333333333333,,,,insightface_bbox,0.5943924188613892,1150.4111328125,1126.451904296875,2064.0,2816.386962890625,1,0,1,0,0,0,0,0,0,1,0,0,0.09080595523118973,0.07114081084728241,0.4648998975753784,0.0433085635304451,0.020552203059196472,0.03951052203774452,0.032996371388435364,0.052643440663814545,0.08864835649728775,0.11184549331665039,0.027094684541225433,0.07215196639299393
161,5.366666666666666,,,,insightface_bbox,0.5943924188613892,1150.4111328125,1126.451904296875,2064.0,2816.386962890625,1,0,1,0,0,0,0,0,0,1,0,0,0.09428460896015167,0.07199236750602722,0.42874279618263245,0.04358596354722977,0.019723689183592796,0.038582026958465576,0.030642833560705185,0.05409407988190651,0.09235347807407379,0.11378774046897888,0.027527017518877983,0.07394625246524811
162,5.4,,,,insightface_bbox,0.5946198105812073,1140.14599609375,1100.8875732421875,2064.0,2875.71533203125,0,0,1,0,0,0,0,0,0,0,0,0,0.10073735564947128,0.07855138927698135,0.4777190089225769,0.05357685685157776,0.027965441346168518,0.04830320179462433,0.04877394065260887,0.05243595689535141,0.08237869292497635,0.1069994866847992,0.032865166664123535,0.06870100647211075
163,5.433333333333334,,,,insightface_bbox,0.5946198105812073,1140.14599609375,1100.8875732421875,2064.0,2875.71533203125,0,0,1,0,0,0,0,0,0,0,0,0,0.1062455028295517,0.08225719630718231,0.5137497782707214,0.05081738904118538,0.027901677414774895,0.05122574418783188,0.05093812569975853,0.04858957603573799,0.0843370109796524,0.10631643980741501,0.03662753477692604,0.0729818269610405
164,5.466666666666667,,,,insightface_bbox,0.5946198105812073,1140.14599609375,1100.8875732421875,2064.0,2875.71533203125,0,0,1,0,0,0,0,0,0,0,0,0,0.12742508947849274,0.09623809903860092,0.6910040378570557,0.05978114902973175,0.04072665795683861,0.07006598263978958,0.08495689183473587,0.05552525073289871,0.09290184080600739,0.12112884223461151,0.06761200726032257,0.09296654164791107
165,5.5,,,,insightface_bbox,0.5946198105812073,1140.14599609375,1100.8875732421875,2064.0,2875.71533203125,0,0,1,0,0,0,0,0,0,0,0,0,0.12716414034366608,0.09397736936807632,0.7310891151428223,0.05838271975517273,0.03923904895782471,0.06901365518569946,0.08128581941127777,0.054949529469013214,0.08742287009954453,0.11478549987077713,0.07513473182916641,0.09451926499605179
166,5.533333333333333,,,,insightface_bbox,0.5946198105812073,1140.14599609375,1100.8875732421875,2064.0,2875.71533203125,0,0,1,0,0,0,0,0,0,0,0,0,0.1279885172843933,0.09440961480140686,0.7340158224105835,0.05873936414718628,0.03954014182090759,0.06913065165281296,0.08152538537979126,0.05555269867181778,0.08816345036029816,0.11556752026081085,0.07507825642824173,0.09465868771076202
167,5.566666666666666,,,,insightface_bbox,0.5946198105812073,1140.14599609375,1100.8875732421875,2064.0,2875.71533203125,0,0,1,0,0,0,0,0,0,0,0,0,0.1259048879146576,0.09588103741407394,0.7042625546455383,0.05782262235879898,0.03769633173942566,0.06858253479003906,0.08222846686840057,0.05369490385055542,0.09243416786193848,0.11652589589357376,0.06935453414916992,0.09169630706310272
168,5.6,,,,insightface_bbox,0.6019222140312195,1180.606689453125,1158.852294921875,2064.0,2847.32421875,0,0,1,0,0,0,0,0,0,1,0,0,0.08858099579811096,0.06295084953308105,0.9577411413192749,0.0408419668674469,0.025897778570652008,0.0422646664083004,0.026119006797671318,0.050513528287410736,0.07417222112417221,0.08578985929489136,0.02480234019458294,0.07107095420360565
169,5.633333333333334,,,,insightface_bbox,0.6019222140312195,1180.606689453125,1158.852294921875,2064.0,2847.32421875,0,0,1,0,0,0,0,0,0,1,0,0,0.09702425450086594,0.06758198142051697,0.9967383146286011,0.04515547677874565,0.029467325657606125,0.047190651297569275,0.030103780329227448,0.05525767430663109,0.08034588396549225,0.09286949038505554,0.030035778880119324,0.07883954793214798
170,5.666666666666667,,,,insightface_bbox,0.6019222140312195,1180.606689453125,1158.852294921875,2064.0,2847.32421875,0,0,1,0,0,0,0,0,0,1,0,0,0.10663978010416031,0.07275282591581345,0.9402778744697571,0.04935009405016899,0.030951175838708878,0.04884123057126999,0.03467340022325516,0.05869550257921219,0.08603493869304657,0.10173250734806061,0.030823973938822746,0.08353197574615479
171,5.7,,,,insightface_bbox,0.6019222140312195,1180.606689453125,1158.852294921875,2064.0,2847.32421875,0,0,1,0,0,0,0,0,0,1,0,0,0.1073935329914093,0.07207834720611572,0.8747697472572327,0.04980058968067169,0.030460242182016373,0.047814808785915375,0.034564629197120667,0.059361547231674194,0.08561120182275772,0.10370694845914841,0.030522624030709267,0.08640645444393158
172,5.733333333333333,,,,insightface_bbox,0.6019222140312195,1180.606689453125,1158.852294921875,2064.0,2847.32421875,0,0,1,0,0,0,0,0,0,1,0,0,0.1087542176246643,0.07233624160289764,0.8107333183288574,0.048986244946718216,0.02807866968214512,0.04549252241849899,0.031186074018478394,0.06178097799420357,0.08777736127376556,0.10237592458724976,0.027727000415325165,0.08464322239160538
173,5.766666666666667,,,,insightface_bbox,0.6019222140312195,1180.606689453125,1158.852294921875,2064.0,2847.32421875,0,0,1,0,0,0,0,0,0,1,0,0,0.10553708672523499,0.07053197920322418,0.7687138915061951,0.04739927500486374,0.02667529322206974,0.043540265411138535,0.028103966265916824,0.0614219531416893,0.08716761320829391,0.10020805895328522,0.025857355445623398,0.08231350034475327
174,5.8,,,,insightface_bbox,0.5868747234344482,1180.47998046875,1137.3197021484375,2064.0,2830.5703125,1,0,1,0,0,0,0,0,0,1,0,0,0.11808277666568756,0.07604292035102844,0.7961094975471497,0.05202983319759369,0.029697995632886887,0.04856051877140999,0.03453515097498894,0.05873612314462662,0.0888524129986763,0.10235847532749176,0.03604099154472351,0.09421132504940033
175,5.833333333333333,,,,insightface_bbox,0.5868747234344482,1180.47998046875,1137.3197021484375,2064.0,2830.5703125,1,0,1,0,0,0,0,0,0,1,0,0,0.11653885990381241,0.07593230158090591,0.8316644430160522,0.05098428204655647,0.03015608713030815,0.049641575664281845,0.03497965261340141,0.05504843220114708,0.0865757018327713,0.10022949427366257,0.036455173045396805,0.09128250181674957
176,5.866666666666666,,,,insightface_bbox,0.5868747234344482,1180.47998046875,1137.3197021484375,2064.0,2830.5703125,1,0,1,0,0,0,0,0,0,1,0,0,0.11919628083705902,0.07819078862667084,0.8663492798805237,0.04991964250802994,0.030004281550645828,0.051025018095970154,0.03647032380104065,0.05245666950941086,0.08579850196838379,0.09803234040737152,0.03905779868364334,0.08995305746793747
177,5.9,,,,insightface_bbox,0.5868747234344482,1180.47998046875,1137.3197021484375,2064.0,2830.5703125,0,0,1,0,0,0,0,0,0,1,0,0,0.10964906215667725,0.0704994946718216,0.7572490572929382,0.04657513648271561,0.027077188715338707,0.04571430757641792,0.032775335013866425,0.05110795050859451,0.08177858591079712,0.09320367127656937,0.03558238968253136,0.08546490967273712
178,5.933333333333334,,,,insightface_bbox,0.5868747234344482,1180.47998046875,1137.3197021484375,2064.0,2830.5703125,0,0,1,0,0,0,0,0,0,1,0,0,0.10662316530942917,0.06720083206892014,0.6974382400512695,0.04546385630965233,0.025762224569916725,0.04365713149309158,0.028966538608074188,0.05257191136479378,0.0831199362874031,0.09461168944835663,0.03411836549639702,0.08644938468933105
179,5.966666666666667,,,,insightface_bbox,0.5868747234344482,1180.47998046875,1137.3197021484375,2064.0,2830.5703125,0,0,1,0,0,0,0,0,0,1,0,0,0.1066511794924736,0.06566810607910156,0.6437616944313049,0.04575106501579285,0.025018151849508286,0.042653825134038925,0.027611183002591133,0.054834336042404175,0.0848679319024086,0.09648599475622177,0.03393520787358284,0.08913154900074005
180,6.0,,,,insightface_bbox,0.5986332297325134,1176.1617431640625,1131.695068359375,2064.0,2850.4912109375,0,0,1,0,0,0,0,0,0,0,0,0,0.11017527431249619,0.06829586625099182,0.550276517868042,0.045447319746017456,0.02395384944975376,0.04190129041671753,0.03483811020851135,0.05260716751217842,0.09172587841749191,0.09575377404689789,0.03466447442770004,0.08753855526447296
181,6.033333333333333,,,,insightface_bbox,0.5986332297325134,1176.1617431640625,1131.695068359375,2064.0,2850.4912109375,0,0,1,0,0,0,0,0,0,1,0,0,0.11249256134033203,0.07048017531633377,0.6357009410858154,0.04564767703413963,0.025745753198862076,0.043773967772722244,0.038804516196250916,0.0524207204580307,0.0924517810344696,0.09195181727409363,0.032017648220062256,0.07971081137657166
182,6.066666666666666,,,,insightface_bbox,0.5986332297325134,1176.1617431640625,1131.695068359375,2064.0,2850.4912109375,0,0,1,0,0,0,0,0,0,1,0,0,0.12565213441848755,0.07688722014427185,0.7938871383666992,0.05115864798426628,0.032700520008802414,0.05435331165790558,0.05341937392950058,0.05338098108768463,0.09444786608219147,0.09620235860347748,0.043277885764837265,0.08472297340631485
183,6.1,,,,insightface_bbox,0.5986332297325134,1176.1617431640625,1131.695068359375,2064.0,2850.4912109375,0,0,1,0,0,0,0,0,0,0,0,0,0.13621841371059418,0.0809854120016098,0.8020489811897278,0.05573819950222969,0.03522368520498276,0.05907309055328369,0.05831782519817352,0.0558134950697422,0.0967705175280571,0.10253976285457611,0.054445862770080566,0.09587831050157547
184,6.133333333333334,,,,insightface_bbox,0.5986332297325134,1176.1617431640625,1131.695068359375,2064.0,2850.4912109375,0,0,1,0,0,0,0,0,0,0,0,0,0.12243054062128067,0.07152185589075089,0.6684838533401489,0.049703486263751984,0.028562059625983238,0.05085474252700806,0.044221535325050354,0.050209224224090576,0.09217389672994614,0.09733784943819046,0.044751591980457306,0.08908084034919739
185,6.166666666666667,,,,insightface_bbox,0.5986332297325134,1176.1617431640625,1131.695068359375,2064.0,2850.4912109375,0,0,1,0,0,0,0,0,0,0,0,0,0.1227639764547348,0.06885603070259094,0.7142268419265747,0.04852670803666115,0.02964123897254467,0.05538487806916237,0.045672185719013214,0.049981117248535156,0.08707638829946518,0.09627117216587067,0.056866712868213654,0.09114028513431549
186,6.2,,,,insightface_bbox,0.6075537800788879,1178.42578125,1116.4532470703125,2064.0,2859.853759765625,1,0,1,0,0,0,0,0,0,1,0,0,0.11410318315029144,0.06693019717931747,0.8905692100524902,0.0471961572766304,0.029425937682390213,0.04999791830778122,0.03263477981090546,0.0525677390396595,0.08545289933681488,0.10159024596214294,0.03530710190534592,0.083346888422966
187,6.233333333333333,,,,insightface_bbox,0.6075537800788879,1178.42578125,1116.4532470703125,2064.0,2859.853759765625,1,0,1,0,0,0,0,0,0,1,0,0,0.11370178312063217,0.06859791278839111,0.9010987877845764,0.04633411392569542,0.029690580442547798,0.05017884448170662,0.032189447432756424,0.05019824951887131,0.08076834678649902,0.09245303273200989,0.036487869918346405,0.08269159495830536
188,6.266666666666667,,,,insightface_bbox,0.6075537800788879,1178.42578125,1116.4532470703125,2064.0,2859.853759765625,1,0,1,0,0,0,0,0,0,1,0,0,0.1090034544467926,0.06693023443222046,0.8944907784461975,0.04397948086261749,0.028681378811597824,0.047686897218227386,0.031113995239138603,0.04685136675834656,0.07707107067108154,0.08552268892526627,0.033904779702425,0.07768497616052628
189,6.3,,,,insightface_bbox,0.6075537800788879,1178.42578125,1116.4532470703125,2064.0,2859.853759765625,1,0,1,0,0,0,0,0,0,1,0,0,0.10508626699447632,0.06540931016206741,0.9141676425933838,0.042784433811903,0.02882501482963562,0.04775642603635788,0.030802162364125252,0.04542731121182442,0.07349292188882828,0.0839521661400795,0.035649146884679794,0.07774597406387329
190,6.333333333333333,,,,insightface_bbox,0.6075537800788879,1178.42578125,1116.4532470703125,2064.0,2859.853759765625,1,0,1,0,0,0,0,0,0,1,0,0,0.10563291609287262,0.0661051794886589,0.9698700904846191,0.04352258890867233,0.030038898810744286,0.04942823201417923,0.03142182156443596,0.04721357673406601,0.07579687982797623,0.08705291897058487,0.03452952206134796,0.0772731676697731
191,6.366666666666666,,,,insightface_bbox,0.6075537800788879,1178.42578125,1116.4532470703125,2064.0,2859.853759765625,1,0,1,0,0,0,0,0,0,1,0,0,0.10749675333499908,0.06808207929134369,0.8457279801368713,0.043352581560611725,0.026300430297851562,0.04434222728013992,0.031117934733629227,0.04597003012895584,0.07722026109695435,0.08657212555408478,0.03073243610560894,0.07616499066352844
192,6.4,,,,insightface_bbox,0.5855550765991211,1170.4547119140625,1107.4444580078125,2064.0,2823.87109375,0,0,1,0,0,0,0,0,0,1,0,0,0.09906690567731857,0.06222154200077057,0.3195059299468994,0.043728943914175034,0.01820034720003605,0.033763352781534195,0.020875127986073494,0.06683844327926636,0.11025938391685486,0.11827342212200165,0.023662835359573364,0.07522593438625336
193,6.433333333333334,,,,insightface_bbox,0.5855550765991211,1170.4547119140625,1107.4444580078125,2064.0,2823.87109375,0,0,1,0,0,0,0,0,0,1,0,0,0.10165363550186157,0.06916266679763794,0.3322746157646179,0.04810652136802673,0.01846933551132679,0.03444238007068634,0.02363709919154644,0.06442848592996597,0.11280262470245361,0.12663574516773224,0.024082772433757782,0.07556135952472687
194,6.466666666666667,,,,insightface_bbox,0.5855550765991211,1170.4547119140625,1107.4444580078125,2064.0,2823.87109375,0,0,1,0,0,0,0,0,0,1,0,0,0.1010727807879448,0.07112209498882294,0.3309853672981262,0.04839526116847992,0.018283085897564888,0.033998940140008926,0.02403770573437214,0.06306874752044678,0.11250480264425278,0.12414480745792389,0.02367202378809452,0.07417012006044388
195,6.5,,,,insightface_bbox,0.5855550765991211,1170.4547119140625,1107.4444580078125,2064.0,2823.87109375,0,0,1,0,0,0,0,0,0,1,0,0,0.1034335047006607,0.07010480016469955,0.3390469551086426,0.04722429811954498,0.018008215352892876,0.03336838632822037,0.022108394652605057,0.06183377653360367,0.11258527636528015,0.12193842232227325,0.021414363756775856,0.0727638378739357
196,6.533333333333333,,,,insightface_bbox,0.5855550765991211,1170.4547119140625,1107.4444580078125,2064.0,2823.87109375,0,0,1,0,0,0,0,0,0,1,0,0,0.10309521853923798,0.06802093982696533,0.31909364461898804,0.045185185968875885,0.017970480024814606,0.03297707438468933,0.020519699901342392,0.06336050480604172,0.11231952160596848,0.12074975669384003,0.021002192050218582,0.07094625383615494
197,6.566666666666666,,,,insightface_bbox,0.5855550765991211,1170.4547119140625,1107.4444580078125,2064.0,2823.87109375,0,0,1,0,0,0,0,0,0,1,0,0,0.10906001925468445,0.06326530128717422,0.3528447449207306,0.04315542057156563,0.018706757575273514,0.03638717532157898,0.021351894363760948,0.059196196496486664,0.11381299048662186,0.11930397152900696,0.028869325295090675,0.07756227999925613
198,6.6,,,,insightface_bbox,0.5785782933235168,1181.8994140625,1097.5906982421875,2064.0,2876.372314453125,0,0,1,0,0,0,0,0,0,1,0,0,0.10554109513759613,0.06396042555570602,0.7503204345703125,0.0424073226749897,0.022656448185443878,0.03972721844911575,0.025501050055027008,0.04889266565442085,0.08461839705705643,0.0952518880367279,0.02687094360589981,0.076106496155262
199,6.633333333333334,,,,insightface_bbox,0.5785782933235168,1181.8994140625,1097.5906982421875,2064.0,2876.372314453125,0,0,1,0,0,0,0,0,0,1,0,0,0.1055530533194542,0.06697089225053787,0.6539314389228821,0.046429648995399475,0.022791806608438492,0.0407065749168396,0.0260978564620018,0.05326300486922264,0.08538736402988434,0.09352776408195496,0.03228364512324333,0.08336392045021057
200,6.666666666666667,,,,insightface_bbox,0.5785782933235168,1181.8994140625,1097.5906982421875,2064.0,2876.372314453125,0,0,1,0,0,0,0,0,0,1,0,0,0.10715662688016891,0.07242757827043533,0.5718616247177124,0.04727388918399811,0.021075567230582237,0.03826281428337097,0.02340594492852688,0.05556453764438629,0.09091304242610931,0.09001564979553223,0.031892336905002594,0.08434073626995087
201,6.7,,,,insightface_bbox,0.5785782933235168,1181.8994140625,1097.5906982421875,2064.0,2876.372314453125,0,0,1,0,0,0,0,0,0,1,0,0,0.1025925949215889,0.07080695778131485,0.504982590675354,0.044807303696870804,0.019446466118097305,0.03595384210348129,0.01988965831696987,0.05114614963531494,0.08847479522228241,0.07964149117469788,0.030356014147400856,0.08050040155649185
202,6.733333333333333,,,,insightface_bbox,0.5785782933235168,1181.8994140625,1097.5906982421875,2064.0,2876.372314453125,0,0,1,0,0,0,0,0,0,1,0,0,0.10706736147403717,0.07376065105199814,0.5294065475463867,0.0464610680937767,0.02060054987668991,0.03774161636829376,0.02059742994606495,0.05195797234773636,0.08964690566062927,0.08084162324666977,0.03479217737913132,0.0835149809718132
203,6.766666666666667,,,,insightface_bbox,0.5785782933235168,1181.8994140625,1097.5906982421875,2064.0,2876.372314453125,0,0,1,0,0,0,0,0,0,1,0,0,0.11089646816253662,0.07598862051963806,0.5614084601402283,0.04738092049956322,0.021649233996868134,0.03904730826616287,0.021671580150723457,0.05094281956553459,0.09020118415355682,0.08120289444923401,0.03629770129919052,0.0841529369354248
204,6.8,,,,insightface_bbox,0.6094827651977539,1171.649169921875,1138.380859375,2064.0,2804.93115234375,0,0,1,0,0,0,0,0,0,1,0,0,0.0994691550731659,0.06448561698198318,0.32142043113708496,0.04720982536673546,0.018954847007989883,0.034341827034950256,0.024802422150969505,0.07037726789712906,0.12117072939872742,0.11365997791290283,0.025508103892207146,0.07612108439207077
205,6.833333333333333,,,,insightface_bbox,0.6094827651977539,1171.649169921875,1138.380859375,2064.0,2804.93115234375,0,0,1,0,0,0,0,0,0,1,0,0,0.09533841162919998,0.06307319551706314,0.30765798687934875,0.044893886893987656,0.017887568101286888,0.03279150277376175,0.022440016269683838,0.06880317628383636,0.11684659123420715,0.1128716915845871,0.0229228213429451,0.07389717549085617
206,6.866666666666666,,,,insightface_bbox,0.6094827651977539,1171.649169921875,1138.380859375,2064.0,2804.93115234375,0,0,1,0,0,0,0,0,0,1,0,0,0.09975428879261017,0.06588650494813919,0.3312167227268219,0.04634862765669823,0.018631886690855026,0.03448344022035599,0.024245010688900948,0.06969185918569565,0.11784850805997849,0.11424027383327484,0.025144407525658607,0.07762031257152557
207,6.9,,,,insightface_bbox,0.6094827651977539,1171.649169921875,1138.380859375,2064.0,2804.93115234375,0,0,1,0,0,0,0,0,0,1,0,0,0.10173089057207108,0.06821442395448685,0.35742753744125366,0.047420453280210495,0.018452050164341927,0.03421584516763687,0.025420691817998886,0.06716373562812805,0.11346713453531265,0.10521364212036133,0.022187955677509308,0.07352279126644135
208,6.933333333333334,,,,insightface_bbox,0.6094827651977539,1171.649169921875,1138.380859375,2064.0,2804.93115234375,0,0,1,0,0,0,0,0,0,1,0,0,0.09103997051715851,0.05960343778133392,0.3333066701889038,0.0385487899184227,0.015091103501617908,0.028288045898079872,0.016498368233442307,0.05438074842095375,0.10345470905303955,0.09150528907775879,0.013802537694573402,0.05908280611038208
209,6.966666666666667,,,,insightface_bbox,0.6094827651977539,1171.649169921875,1138.380859375,2064.0,2804.93115234375,0,0,1,0,0,0,0,0,0,1,0,0,0.09069561213254929,0.05877745896577835,0.322863906621933,0.03812457621097565,0.015063535422086716,0.0283384807407856,0.016498124226927757,0.05271141976118088,0.10278964042663574,0.09180579334497452,0.014423532411456108,0.05933000147342682
210,7.0,,,,insightface_bbox,0.6132947206497192,1180.8651123046875,1129.0244140625,2064.0,2824.882568359375,0,0,1,0,0,0,0,0,0,1,0,0,0.10164296627044678,0.06341055035591125,0.6884973645210266,0.04236804321408272,0.0202622190117836,0.033745650202035904,0.018428299576044083,0.057665400207042694,0.0867965817451477,0.09146612137556076,0.020462248474359512,0.08160684257745743
211,7.033333333333333,,,,insightface_bbox,0.6132947206497192,1180.8651123046875,1129.0244140625,2064.0,2824.882568359375,0,0,1,0,0,0,0,0,0,1,0,0,0.1022091805934906,0.06465843319892883,0.6907287836074829,0.04339617118239403,0.02055564895272255,0.03467187657952309,0.019187748432159424,0.05842772126197815,0.08713960647583008,0.09126865863800049,0.02121996320784092,0.08242742717266083
212,7.066666666666666,,,,insightface_bbox,0.6132947206497192,1180.8651123046875,1129.0244140625,2064.0,2824.882568359375,0,0,1,0,0,0,0,0,0,1,0,0,0.1059780865907669,0.06580705940723419,0.6926827430725098,0.04452597349882126,0.021086227148771286,0.035686176270246506,0.019760737195611,0.05857756361365318,0.08733689039945602,0.09226631373167038,0.023116955533623695,0.08606613427400589
213,7.1,,,,insightface_bbox,0.6132947206497192,1180.8651123046875,1129.0244140625,2064.0,2824.882568359375,0,0,1,0,0,0,0,0,0,1,0,0,0.10794290155172348,0.06639957427978516,0.7124919295310974,0.04485711455345154,0.02092297002673149,0.03627592325210571,0.01969488523900509,0.05871729925274849,0.08792579919099808,0.09038674831390381,0.024678602814674377,0.08607231080532074
214,7.133333333333334,,,,insightface_bbox,0.6132947206497192,1180.8651123046875,1129.0244140625,2064.0,2824.882568359375,0,0,1,0,0,0,0,0,0,1,0,0,0.10651569068431854,0.06611394882202148,0.6921380162239075,0.044469088315963745,0.020603328943252563,0.03556695953011513,0.01947834901511669,0.05801237374544144,0.08696882426738739,0.09085184335708618,0.024441488087177277,0.0863468274474144
215,7.166666666666667,,,,insightface_bbox,0.6132947206497192,1180.8651123046875,1129.0244140625,2064.0,2824.882568359375,0,0,1,0,0,0,0,0,0,1,0,0,0.09626369923353195,0.061954714357852936,0.6223763823509216,0.04126580059528351,0.018742980435490608,0.03197820112109184,0.017023276537656784,0.0560457669198513,0.08506160229444504,0.08625716716051102,0.01811925321817398,0.07649768143892288
216,7.2,,,,insightface_bbox,0.5979546904563904,1152.886474609375,1121.326171875,2064.0,2787.355712890625,0,0,1,0,0,0,0,0,0,1,0,0,0.09612902253866196,0.06532031297683716,0.3686957061290741,0.04237193241715431,0.017076987773180008,0.03276735544204712,0.0201778095215559,0.06388510763645172,0.10897822678089142,0.10108520090579987,0.01685107871890068,0.062101319432258606
217,7.233333333333333,,,,insightface_bbox,0.5979546904563904,1152.886474609375,1121.326171875,2064.0,2787.355712890625,0,0,1,0,0,0,0,0,0,1,0,0,0.0989261195063591,0.06508833169937134,0.37064698338508606,0.04351547360420227,0.017206521704792976,0.032691385596990585,0.020155973732471466,0.06096253544092178,0.10866183787584305,0.09919215738773346,0.0187844205647707,0.06572937965393066
218,7.266666666666667,,,,insightface_bbox,0.5979546904563904,1152.886474609375,1121.326171875,2064.0,2787.355712890625,0,0,1,0,0,0,0,0,0,1,0,0,0.09757958352565765,0.061015937477350235,0.37558525800704956,0.04192355275154114,0.016537392511963844,0.032049428671598434,0.01947683095932007,0.0563705638051033,0.10381399840116501,0.09197346866130829,0.019856508821249008,0.06661492586135864
219,7.3,,,,insightface_bbox,0.5979546904563904,1152.886474609375,1121.326171875,2064.0,2787.355712890625,0,0,1,0,0,0,0,0,0,1,0,0,0.10350353270769119,0.06543970108032227,0.3863731622695923,0.045768097043037415,0.01833748072385788,0.03532549738883972,0.024174703285098076,0.061570994555950165,0.10322962701320648,0.09475794434547424,0.024136316031217575,0.0723276436328888
220,7.333333333333333,,,,insightface_bbox,0.5979546904563904,1152.886474609375,1121.326171875,2064.0,2787.355712890625,0,0,1,0,0,0,0,0,0,1,0,0,0.10353077203035355,0.07084117829799652,0.3890444338321686,0.04962451756000519,0.019000733271241188,0.03458527475595474,0.026273075491189957,0.06742043048143387,0.10143233835697174,0.09331168234348297,0.020230554044246674,0.0696154534816742
221,7.366666666666666,,,,insightface_bbox,0.5979546904563904,1152.886474609375,1121.326171875,2064.0,2787.355712890625,0,0,1,0,0,0,0,0,0,1,0,0,0.10359882563352585,0.06860984861850739,0.3832641541957855,0.04704210162162781,0.018236510455608368,0.033225275576114655,0.02400134690105915,0.06631540507078171,0.10406271368265152,0.09475448727607727,0.018482545390725136,0.07034316658973694
222,7.4,,,,insightface_bbox,0.5689750909805298,1146.205322265625,1107.11767578125,2064.0,2795.99853515625,0,0,1,0,0,0,0,0,0,0,0,0,0.10234302282333374,0.08752576261758804,0.3783408999443054,0.04990936815738678,0.018024351447820663,0.04018532112240791,0.0258906539529562,0.054457977414131165,0.09661199152469635,0.11052712053060532,0.033106479793787,0.07656785845756531
223,7.433333333333334,,,,insightface_bbox,0.5689750909805298,1146.205322265625,1107.11767578125,2064.0,2795.99853515625,0,0,1,0,0,0,0,0,0,0,0,0,0.10226576775312424,0.08221947401762009,0.4051986038684845,0.050370149314403534,0.01883990876376629,0.04087837412953377,0.02668019011616707,0.055557698011398315,0.0964372307062149,0.11141671985387802,0.03225259855389595,0.07568751275539398
224,7.466666666666667,,,,insightface_bbox,0.5689750909805298,1146.205322265625,1107.11767578125,2064.0,2795.99853515625,0,0,1,0,0,0,0,0,0,0,0,0,0.09925508499145508,0.07878943532705307,0.3826165795326233,0.04765922203660011,0.017510700970888138,0.03845815733075142,0.02293778769671917,0.054886337369680405,0.09805464744567871,0.11232369393110275,0.02854849211871624,0.07423213124275208
225,7.5,,,,insightface_bbox,0.5689750909805298,1146.205322265625,1107.11767578125,2064.0,2795.99853515625,0,0,1,0,0,0,0,0,0,0,0,0,0.10115502774715424,0.08060567826032639,0.39181244373321533,0.04983200877904892,0.018362203612923622,0.04022974520921707,0.025427239015698433,0.05674570053815842,0.0975162610411644,0.11235405504703522,0.031893108040094376,0.07501427829265594
226,7.533333333333333,,,,insightface_bbox,0.5689750909805298,1146.205322265625,1107.11767578125,2064.0,2795.99853515625,0,0,1,0,0,0,0,0,0,0,0,0,0.09822424501180649,0.07998405396938324,0.30863186717033386,0.04812692105770111,0.01715962029993534,0.03765496239066124,0.022387966513633728,0.05903523787856102,0.10421343147754669,0.1217845007777214,0.03594597429037094,0.08131122589111328
227,7.566666666666666,,,,insightface_bbox,0.5689750909805298,1146.205322265625,1107.11767578125,2064.0,2795.99853515625,0,0,1,0,0,0,0,0,0,0,0,0,0.10089756548404694,0.08423637598752975,0.3067393898963928,0.0487452931702137,0.017370423302054405,0.03825906664133072,0.02297183685004711,0.05801409110426903,0.09938917309045792,0.11791418492794037,0.03831327334046364,0.08156248927116394
228,7.6,,,,insightface_bbox,0.5791590809822083,1137.4818115234375,1027.82861328125,2064.0,2792.67138671875,0,0,1,0,0,0,0,0,0,0,0,0,0.086093008518219,0.07326751202344894,0.25000715255737305,0.03458067402243614,0.012262159958481789,0.027936257421970367,0.016459835693240166,0.04214868322014809,0.08067219704389572,0.07534555345773697,0.018515044823288918,0.057178206741809845
229,7.633333333333334,,,,insightface_bbox,0.5791590809822083,1137.4818115234375,1027.82861328125,2064.0,2792.67138671875,0,0,1,0,0,0,0,0,0,0,0,0,0.08747956901788712,0.07288067042827606,0.24338451027870178,0.0371299646794796,0.013744285330176353,0.02970840036869049,0.01870029978454113,0.043381281197071075,0.07818322628736496,0.07805489003658295,0.020340224727988243,0.05678029730916023
230,7.666666666666667,,,,insightface_bbox,0.5791590809822083,1137.4818115234375,1027.82861328125,2064.0,2792.67138671875,0,0,1,0,0,0,0,0,0,0,0,0,0.08552321046590805,0.07108111679553986,0.27898767590522766,0.03883912414312363,0.0153134074062109,0.032586149871349335,0.022126518189907074,0.045888788998126984,0.07964134216308594,0.085002101957798,0.022530484944581985,0.05849263072013855
231,7.7,,,,insightface_bbox,0.5791590809822083,1137.4818115234375,1027.82861328125,2064.0,2792.67138671875,0,0,1,0,0,0,0,0,0,0,0,0,0.09297864139080048,0.07639100402593613,0.3183310627937317,0.04124412313103676,0.016575537621974945,0.035864491015672684,0.026043515652418137,0.04830398038029671,0.08320409059524536,0.08880685269832611,0.024188965559005737,0.06335516273975372
232,7.733333333333333,,,,insightface_bbox,0.5791590809822083,1137.4818115234375,1027.82861328125,2064.0,2792.67138671875,0,0,1,0,0,0,0,0,0,0,0,0,0.09602592140436172,0.07771943509578705,0.3281450569629669,0.04213523492217064,0.0172131210565567,0.03723137825727463,0.02874165028333664,0.0483463779091835,0.0848192572593689,0.08775120973587036,0.0254110898822546,0.06652353703975677
233,7.766666666666667,,,,insightface_bbox,0.5791590809822083,1137.4818115234375,1027.82861328125,2064.0,2792.67138671875,0,0,1,0,0,0,0,0,0,0,0,0,0.09209226816892624,0.07128940522670746,0.31529438495635986,0.04010680317878723,0.016619926318526268,0.03513377532362938,0.025913704186677933,0.04663980007171631,0.08448636531829834,0.08336775749921799,0.023210100829601288,0.06357154250144958
234,7.8,,,,insightface_bbox,0.5815770626068115,1187.4068603515625,1125.8145751953125,2064.0,2815.865234375,0,0,1,0,0,0,0,0,0,1,0,0,0.0921408161520958,0.059479329735040665,0.6678791046142578,0.04004005715250969,0.019178610295057297,0.03305906057357788,0.01882973313331604,0.05499790981411934,0.08119580149650574,0.0812046080827713,0.020645473152399063,0.07173259556293488
235,7.833333333333333,,,,insightface_bbox,0.5815770626068115,1187.4068603515625,1125.8145751953125,2064.0,2815.865234375,0,0,1,0,0,0,0,0,0,1,0,0,0.09675230085849762,0.060798969119787216,0.6474575996398926,0.04290050268173218,0.020296696573495865,0.03467842563986778,0.02044660970568657,0.0598696805536747,0.08761372417211533,0.0869525671005249,0.022492293268442154,0.07743007689714432
236,7.866666666666666,,,,insightface_bbox,0.5815770626068115,1187.4068603515625,1125.8145751953125,2064.0,2815.865234375,0,0,1,0,0,0,0,0,0,1,0,0,0.0981832966208458,0.06368047744035721,0.5769307613372803,0.04350416362285614,0.019424162805080414,0.03285855054855347,0.01931242272257805,0.05774369835853577,0.09039923548698425,0.08682289719581604,0.019937532022595406,0.07329326868057251
237,7.9,,,,insightface_bbox,0.5815770626068115,1187.4068603515625,1125.8145751953125,2064.0,2815.865234375,0,0,1,0,0,0,0,0,0,1,0,0,0.08956725895404816,0.059539783746004105,0.4854191839694977,0.04033619910478592,0.018544482067227364,0.03249741718173027,0.017683103680610657,0.04888377711176872,0.08567702770233154,0.0744401142001152,0.02570321410894394,0.07330749928951263
238,7.933333333333334,,,,insightface_bbox,0.5815770626068115,1187.4068603515625,1125.8145751953125,2064.0,2815.865234375,0,0,1,0,0,0,0,0,0,0,0,0,0.09473144263029099,0.06393299996852875,0.47683316469192505,0.04205431044101715,0.018910078331828117,0.0341547429561615,0.019246332347393036,0.04937664046883583,0.08743657916784286,0.0772177204489708,0.029760602861642838,0.07866129279136658
239,7.966666666666667,,,,insightface_bbox,0.5815770626068115,1187.4068603515625,1125.8145751953125,2064.0,2815.865234375,0,0,1,0,0,0,0,0,0,0,0,0,0.09690166264772415,0.06656235456466675,0.455815851688385,0.04311375692486763,0.018774384632706642,0.03497542440891266,0.019911151379346848,0.050140321254730225,0.08939787745475769,0.08127312362194061,0.030849579721689224,0.08108016848564148
240,8.0,,,,insightface_bbox,0.6238305568695068,1142.52978515625,1106.1781005859375,2064.0,2845.45703125,0,0,1,0,0,0,0,0,0,0,0,0,0.09535379707813263,0.0698271244764328,0.2933099567890167,0.03452705219388008,0.013776713982224464,0.028945783153176308,0.014360489323735237,0.04478287696838379,0.09112019091844559,0.07481216639280319,0.018081089481711388,0.061660200357437134
241,8.033333333333333,,,,insightface_bbox,0.6238305568695068,1142.52978515625,1106.1781005859375,2064.0,2845.45703125,0,0,1,0,0,0,0,0,0,0,0,0,0.09759410470724106,0.07118423283100128,0.3165234327316284,0.03423106297850609,0.013492835685610771,0.02920103445649147,0.014381179586052895,0.04426296055316925,0.08975204080343246,0.07062259316444397,0.019480504095554352,0.0637638121843338
242,8.066666666666666,,,,insightface_bbox,0.6238305568695068,1142.52978515625,1106.1781005859375,2064.0,2845.45703125,0,0,1,0,0,0,0,0,0,0,0,0,0.09924490004777908,0.07284669578075409,0.3234540820121765,0.03617849200963974,0.013832169584929943,0.029120374470949173,0.014307193458080292,0.04388255998492241,0.0895233079791069,0.07025043666362762,0.020249972119927406,0.06407713890075684
243,8.1,,,,insightface_bbox,0.6238305568695068,1142.52978515625,1106.1781005859375,2064.0,2845.45703125,0,0,1,0,0,0,0,0,0,0,0,0,0.09688153117895126,0.06960010528564453,0.3194068670272827,0.03667104244232178,0.013928414322435856,0.029306039214134216,0.015216797590255737,0.04432136192917824,0.08856841921806335,0.06883569806814194,0.020438428968191147,0.06317657232284546
244,8.133333333333333,,,,insightface_bbox,0.6238305568695068,1142.52978515625,1106.1781005859375,2064.0,2845.45703125,0,0,1,0,0,0,0,0,0,0,0,0,0.1035323292016983,0.07391269505023956,0.3645423650741577,0.0372469387948513,0.013971969485282898,0.03073308989405632,0.01625330001115799,0.04408545419573784,0.08928018808364868,0.0675022080540657,0.022884665057063103,0.06576335430145264
245,8.166666666666666,,,,insightface_bbox,0.6238305568695068,1142.52978515625,1106.1781005859375,2064.0,2845.45703125,0,0,1,0,0,0,0,0,0,0,0,0,0.11088478565216064,0.0777512714266777,0.3853488266468048,0.04394706338644028,0.01642422378063202,0.03515089675784111,0.021402917802333832,0.05009106919169426,0.10135531425476074,0.0797758400440216,0.02776212804019451,0.07510452717542648
246,8.2,,,,insightface_bbox,0.6005566120147705,1185.3824462890625,1125.9317626953125,2064.0,2786.604736328125,0,0,1,0,0,0,0,0,0,0,0,0,0.09666483849287033,0.060207657516002655,0.3771568536758423,0.04734499379992485,0.020907893776893616,0.03799639269709587,0.024707432836294174,0.06295052915811539,0.1065102219581604,0.09908550977706909,0.033016055822372437,0.06585904210805893
247,8.233333333333333,,,,insightface_bbox,0.6005566120147705,1185.3824462890625,1125.9317626953125,2064.0,2786.604736328125,0,0,1,0,0,0,0,0,0,0,0,0,0.09766347706317902,0.05972952023148537,0.39876148104667664,0.04643343761563301,0.020466262474656105,0.03723456710577011,0.02430718205869198,0.06097635254263878,0.10692186653614044,0.09665939211845398,0.03071749582886696,0.06558573246002197
248,8.266666666666667,,,,insightface_bbox,0.6005566120147705,1185.3824462890625,1125.9317626953125,2064.0,2786.604736328125,0,0,1,0,0,0,0,0,0,1,0,0,0.09435956180095673,0.05752629041671753,0.3986746668815613,0.04476470500230789,0.019400373101234436,0.036010511219501495,0.02255384624004364,0.05931711941957474,0.10571582615375519,0.09476925432682037,0.028697576373815536,0.06490616500377655
249,8.3,,,,insightface_bbox,0.6005566120147705,1185.3824462890625,1125.9317626953125,2064.0,2786.604736328125,0,0,1,0,0,0,0,0,0,1,0,0,0.09459520876407623,0.05692800134420395,0.4037831723690033,0.04468797892332077,0.019338684156537056,0.035808905959129333,0.022149261087179184,0.059436555951833725,0.1062401831150055,0.0943169891834259,0.029266711324453354,0.0658123791217804
250,8.333333333333334,,,,insightface_bbox,0.6005566120147705,1185.3824462890625,1125.9317626953125,2064.0,2786.604736328125,0,0,1,0,0,0,0,0,0,1,0,0,0.09559304267168045,0.0577516183257103,0.4135649800300598,0.04512650892138481,0.019566785544157028,0.03549536317586899,0.02252497710287571,0.05975079536437988,0.10740075260400772,0.09351275116205215,0.028109923005104065,0.06562855839729309
251,8.366666666666667,,,,insightface_bbox,0.6005566120147705,1185.3824462890625,1125.9317626953125,2064.0,2786.604736328125,0,0,1,0,0,0,0,0,0,1,0,0,0.09641124308109283,0.057180676609277725,0.40755540132522583,0.045420270413160324,0.02012466825544834,0.0358201339840889,0.02326137199997902,0.061459947377443314,0.10866661369800568,0.09396010637283325,0.028023196384310722,0.06583313643932343
252,8.4,,,,insightface_bbox,0.5925840139389038,1183.7138671875,1123.288818359375,2064.0,2784.616943359375,0,0,1,0,0,0,0,0,0,0,0,0,0.0950879156589508,0.058950215578079224,0.3809235692024231,0.04340043663978577,0.019417233765125275,0.035314664244651794,0.020382817834615707,0.05785228684544563,0.10207264125347137,0.09305443614721298,0.028908520936965942,0.06447259336709976
253,8.433333333333334,,,,insightface_bbox,0.5925840139389038,1183.7138671875,1123.288818359375,2064.0,2784.616943359375,0,0,1,0,0,0,0,0,0,0,0,0,0.0941731408238411,0.05942879244685173,0.3524981737136841,0.043379396200180054,0.019590962678194046,0.035415295511484146,0.02057613804936409,0.05679180845618248,0.10063409060239792,0.09494875371456146,0.030459200963377953,0.06530021131038666
254,8.466666666666667,,,,insightface_bbox,0.5925840139389038,1183.7138671875,1123.288818359375,2064.0,2784.616943359375,0,0,1,0,0,0,0,0,0,0,0,0,0.0933375284075737,0.06071680039167404,0.33256396651268005,0.04265956953167915,0.01885262131690979,0.03415615111589432,0.019636712968349457,0.05554795637726784,0.10001304745674133,0.09418369084596634,0.027567343786358833,0.06338395923376083
255,8.5,,,,insightface_bbox,0.5925840139389038,1183.7138671875,1123.288818359375,2064.0,2784.616943359375,0,0,1,0,0,0,0,0,0,0,0,0,0.09344678372144699,0.06131131201982498,0.33148881793022156,0.04281018674373627,0.018765665590763092,0.03449871391057968,0.020103279501199722,0.05476915091276169,0.10045372694730759,0.09396472573280334,0.028737466782331467,0.06299176812171936
256,8.533333333333333,,,,insightface_bbox,0.5925840139389038,1183.7138671875,1123.288818359375,2064.0,2784.616943359375,0,0,1,0,0,0,0,0,0,0,0,0,0.09288277477025986,0.06060964614152908,0.33887726068496704,0.04241502285003662,0.01829841546714306,0.03460191935300827,0.019499575719237328,0.05405528470873833,0.09938173741102219,0.0938788652420044,0.03021400235593319,0.06388348340988159
257,8.566666666666666,,,,insightface_bbox,0.5925840139389038,1183.7138671875,1123.288818359375,2064.0,2784.616943359375,0,0,1,0,0,0,0,0,0,0,0,0,0.09128394722938538,0.0588495209813118,0.33290421962738037,0.04174709692597389,0.01833965815603733,0.03399498015642166,0.019391730427742004,0.053669605404138565,0.09913304448127747,0.09417430311441422,0.029853712767362595,0.06359093636274338
258,8.6,,,,insightface_bbox,0.6180026531219482,1183.0867919921875,1131.185546875,2064.0,2813.855224609375,0,0,1,0,0,0,0,0,0,0,0,0,0.08670584857463837,0.0524836964905262,0.34300655126571655,0.038768358528614044,0.017695721238851547,0.032581932842731476,0.017156025394797325,0.05169464647769928,0.09593575447797775,0.08767067641019821,0.02734685316681862,0.06063651293516159
259,8.633333333333333,,,,insightface_bbox,0.6180026531219482,1183.0867919921875,1131.185546875,2064.0,2813.855224609375,0,0,1,0,0,0,0,0,0,0,0,0,0.08970246464014053,0.054164621978998184,0.35416650772094727,0.040572717785835266,0.018370788544416428,0.03400219976902008,0.018906835466623306,0.05422937870025635,0.09935654699802399,0.0922045186161995,0.028856338933110237,0.06350136548280716
260,8.666666666666666,,,,insightface_bbox,0.6180026531219482,1183.0867919921875,1131.185546875,2064.0,2813.855224609375,0,0,1,0,0,0,0,0,0,0,0,0,0.08973187208175659,0.05371826887130737,0.366330623626709,0.04049275442957878,0.018578747287392616,0.03371687978506088,0.019140776246786118,0.053701288998126984,0.09853493422269821,0.0896529108285904,0.028627581894397736,0.06387212127447128
261,8.7,,,,insightface_bbox,0.6180026531219482,1183.0867919921875,1131.185546875,2064.0,2813.855224609375,0,0,1,0,0,0,0,0,0,0,0,0,0.09016513079404831,0.052453991025686264,0.36927419900894165,0.040566153824329376,0.018652521073818207,0.03343578800559044,0.01904800720512867,0.05438521131873131,0.09821882843971252,0.08874410390853882,0.028496738523244858,0.06473471224308014
262,8.733333333333333,,,,insightface_bbox,0.6180026531219482,1183.0867919921875,1131.185546875,2064.0,2813.855224609375,0,0,1,0,0,0,0,0,0,0,0,0,0.09356386959552765,0.05383681133389473,0.39223170280456543,0.042244307696819305,0.01961122266948223,0.034853484481573105,0.021354470402002335,0.05586565285921097,0.10277345031499863,0.09302967041730881,0.0299089215695858,0.06723397225141525
263,8.766666666666667,,,,insightface_bbox,0.6180026531219482,1183.0867919921875,1131.185546875,2064.0,2813.855224609375,0,0,1,0,0,0,0,0,0,1,0,0,0.09541313350200653,0.05433731526136398,0.4047392010688782,0.045094408094882965,0.020507806912064552,0.03665929287672043,0.024765321984887123,0.06076040118932724,0.1097814291715622,0.09990864247083664,0.031001582741737366,0.06733355671167374
264,8.8,,,,insightface_bbox,0.630828857421875,1193.4569091796875,1141.3956298828125,2064.0,2819.298828125,0,0,1,0,0,0,0,0,0,1,0,0,0.08212163299322128,0.04900262504816055,0.3700261116027832,0.039159875363111496,0.018796034157276154,0.031370051205158234,0.020555276423692703,0.06221966817975044,0.10023203492164612,0.08848777413368225,0.01849030889570713,0.06382564455270767
265,8.833333333333334,,,,insightface_bbox,0.630828857421875,1193.4569091796875,1141.3956298828125,2064.0,2819.298828125,0,0,1,0,0,0,0,0,0,1,0,0,0.08251835405826569,0.04973055422306061,0.3737354278564453,0.038664113730192184,0.019330428913235664,0.03132505714893341,0.020424045622348785,0.05782325193285942,0.0949438214302063,0.08307867497205734,0.018640633672475815,0.06370044499635696
266,8.866666666666667,,,,insightface_bbox,0.630828857421875,1193.4569091796875,1141.3956298828125,2064.0,2819.298828125,0,0,1,0,0,0,0,0,0,1,0,0,0.08425809442996979,0.051560815423727036,0.3704640567302704,0.039505235850811005,0.019685355946421623,0.031751710921525955,0.019973397254943848,0.05667397379875183,0.09213991463184357,0.08343224227428436,0.020309798419475555,0.06561947613954544
267,8.9,,,,insightface_bbox,0.630828857421875,1193.4569091796875,1141.3956298828125,2064.0,2819.298828125,0,0,1,0,0,0,0,0,0,1,0,0,0.0845809131860733,0.0512409582734108,0.3631545603275299,0.0388755239546299,0.019305270165205002,0.03135358542203903,0.01928870566189289,0.055842455476522446,0.09200979024171829,0.08312854915857315,0.020546767860651016,0.06492455303668976
268,8.933333333333334,,,,insightface_bbox,0.630828857421875,1193.4569091796875,1141.3956298828125,2064.0,2819.298828125,0,0,1,0,0,0,0,0,0,1,0,0,0.08427337557077408,0.051188334822654724,0.35491469502449036,0.03887750580906868,0.019016001373529434,0.0312812365591526,0.018994633108377457,0.056282635778188705,0.09206746518611908,0.08374251425266266,0.021525036543607712,0.06632014364004135
269,8.966666666666667,,,,insightface_bbox,0.630828857421875,1193.4569091796875,1141.3956298828125,2064.0,2819.298828125,0,0,1,0,0,0,0,0,0,1,0,0,0.08408258855342865,0.05042605474591255,0.3598947525024414,0.038925547152757645,0.018891796469688416,0.03180267661809921,0.01901324652135372,0.058449674397706985,0.09501560032367706,0.08706030249595642,0.02211199328303337,0.06656461209058762
270,9.0,,,,insightface_bbox,0.6139878034591675,1185.1090087890625,1132.315673828125,2064.0,2787.67431640625,0,0,1,0,0,0,0,0,0,1,0,0,0.08101584017276764,0.051682088524103165,0.2753758728504181,0.03554636985063553,0.016092637553811073,0.02894924022257328,0.01423465646803379,0.04919970780611038,0.09632996469736099,0.08618985116481781,0.022395852953195572,0.05706172436475754
271,9.033333333333333,,,,insightface_bbox,0.6139878034591675,1185.1090087890625,1132.315673828125,2064.0,2787.67431640625,0,0,1,0,0,0,0,0,0,1,0,0,0.08011317998170853,0.051108986139297485,0.2649843692779541,0.034617044031620026,0.015214873477816582,0.027937142178416252,0.013020024634897709,0.04845371097326279,0.09678826481103897,0.08614115417003632,0.021090734750032425,0.055097077041864395
272,9.066666666666666,,,,insightface_bbox,0.6139878034591675,1185.1090087890625,1132.315673828125,2064.0,2787.67431640625,0,0,1,0,0,0,0,0,0,1,0,0,0.07370734214782715,0.04730844497680664,0.24032241106033325,0.0316954031586647,0.013846923597157001,0.025517931208014488,0.010815534740686417,0.045954614877700806,0.09601253271102905,0.08330793678760529,0.018048027530312538,0.050080738961696625
273,9.1,,,,insightface_bbox,0.6139878034591675,1185.1090087890625,1132.315673828125,2064.0,2787.67431640625,0,0,1,0,0,0,0,0,0,1,0,0,0.0734064057469368,0.04702206328511238,0.23674675822257996,0.0316508486866951,0.013449670746922493,0.025117844343185425,0.010860905982553959,0.0451381541788578,0.09574127197265625,0.08375539630651474,0.017559777945280075,0.050065942108631134
274,9.133333333333333,,,,insightface_bbox,0.6139878034591675,1185.1090087890625,1132.315673828125,2064.0,2787.67431640625,0,0,1,0,0,0,0,0,0,1,0,0,0.07276968657970428,0.04687022790312767,0.23528768122196198,0.03149212896823883,0.013392916880548,0.025293976068496704,0.01094719860702753,0.04419334605336189,0.09652260690927505,0.08437763154506683,0.017717929556965828,0.04981309548020363
275,9.166666666666666,,,,insightface_bbox,0.6139878034591675,1185.1090087890625,1132.315673828125,2064.0,2787.67431640625,0,0,1,0,0,0,0,0,0,1,0,0,0.07498975098133087,0.04842953383922577,0.24260881543159485,0.032306868582963943,0.013612272217869759,0.02620181255042553,0.011421533301472664,0.0448223240673542,0.09755691885948181,0.08704257011413574,0.018842628225684166,0.0515618622303009
276,9.2,,,,insightface_bbox,0.6323716044425964,1204.9127197265625,1109.0062255859375,2064.0,2878.086181640625,0,0,1,0,0,0,0,0,0,1,0,0,0.08866047859191895,0.052924904972314835,0.5796569585800171,0.0389803908765316,0.021439025178551674,0.03376296907663345,0.019036998972296715,0.05906732380390167,0.09750056266784668,0.09344186633825302,0.019054630771279335,0.06466445326805115
277,9.233333333333333,,,,insightface_bbox,0.6323716044425964,1204.9127197265625,1109.0062255859375,2064.0,2878.086181640625,0,0,1,0,0,0,0,0,0,1,0,0,0.08530323207378387,0.049843981862068176,0.5739017724990845,0.03660145401954651,0.020482420921325684,0.03206438943743706,0.017727749422192574,0.05570372939109802,0.09624043107032776,0.09002846479415894,0.01694398745894432,0.06317942589521408
278,9.266666666666667,,,,insightface_bbox,0.6323716044425964,1204.9127197265625,1109.0062255859375,2064.0,2878.086181640625,0,0,1,0,0,0,0,0,0,1,0,1,0.08527550101280212,0.049917567521333694,0.5813613533973694,0.03640969097614288,0.02048656716942787,0.03192628175020218,0.017988478764891624,0.05442935600876808,0.09710702300071716,0.08967600762844086,0.015624592080712318,0.06148284673690796
279,9.3,,,,insightface_bbox,0.6323716044425964,1204.9127197265625,1109.0062255859375,2064.0,2878.086181640625,0,0,1,0,0,0,0,0,0,1,0,1,0.08748649805784225,0.05168664827942848,0.6016585230827332,0.037667691707611084,0.0212545283138752,0.03278467059135437,0.019096802920103073,0.05658946558833122,0.10106366872787476,0.09389026463031769,0.015794787555933,0.06301188468933105
280,9.333333333333334,,,,insightface_bbox,0.6323716044425964,1204.9127197265625,1109.0062255859375,2064.0,2878.086181640625,0,0,1,0,0,0,0,0,0,1,0,1,0.09479865431785583,0.05705529451370239,0.6477519273757935,0.04108667001128197,0.022523343563079834,0.034821681678295135,0.021597687155008316,0.059757381677627563,0.10738801956176758,0.09930020570755005,0.016668666154146194,0.06708686798810959
281,9.366666666666667,,,,insightface_bbox,0.6323716044425964,1204.9127197265625,1109.0062255859375,2064.0,2878.086181640625,0,0,1,0,0,0,0,0,0,1,0,1,0.09611131250858307,0.06104443222284317,0.6749921441078186,0.04406716674566269,0.023093663156032562,0.035717613995075226,0.023285338655114174,0.0626971423625946,0.10431502759456635,0.09543035179376602,0.01733233965933323,0.0694795772433281
282,9.4,,,,insightface_bbox,0.6049294471740723,1184.045166015625,1126.159423828125,2064.0,2791.3154296875,0,0,1,0,0,0,0,0,0,1,0,0,0.0923396572470665,0.055077798664569855,0.3727489411830902,0.03970307111740112,0.017280176281929016,0.03040926530957222,0.016728807240724564,0.06031280383467674,0.10392236709594727,0.08866725862026215,0.018060293048620224,0.058176152408123016
283,9.433333333333334,,,,insightface_bbox,0.6049294471740723,1184.045166015625,1126.159423828125,2064.0,2791.3154296875,0,0,1,0,0,0,0,0,0,1,0,0,0.09414932131767273,0.05821932479739189,0.36783069372177124,0.04081018269062042,0.017359662801027298,0.030805254355072975,0.017422104254364967,0.05956578999757767,0.10252426564693451,0.0885125994682312,0.01872958429157734,0.05961473286151886
284,9.466666666666667,,,,insightface_bbox,0.6049294471740723,1184.045166015625,1126.159423828125,2064.0,2791.3154296875,0,0,1,0,0,0,0,0,0,1,0,0,0.08833496272563934,0.0548519492149353,0.3471442759037018,0.039016518741846085,0.016783863306045532,0.030100584030151367,0.016556840389966965,0.058697160333395004,0.10249137878417969,0.09014947712421417,0.01711617037653923,0.05678391084074974
285,9.5,,,,insightface_bbox,0.6049294471740723,1184.045166015625,1126.159423828125,2064.0,2791.3154296875,0,0,1,0,0,0,0,0,0,1,0,0,0.0885319635272026,0.05259927734732628,0.34649088978767395,0.03786415979266167,0.016239702701568604,0.02965339459478855,0.016447056084871292,0.057581547647714615,0.10314014554023743,0.08941508829593658,0.01683933474123478,0.05719342827796936
286,9.533333333333333,,,,insightface_bbox,0.6049294471740723,1184.045166015625,1126.159423828125,2064.0,2791.3154296875,0,0,1,0,0,0,0,0,0,1,0,0,0.09175987541675568,0.05480235442519188,0.3870347738265991,0.038742877542972565,0.016622651368379593,0.030604854226112366,0.016726747155189514,0.05723094195127487,0.10101509094238281,0.08963301032781601,0.017253320664167404,0.05930116027593613
287,9.566666666666666,,,,insightface_bbox,0.6049294471740723,1184.045166015625,1126.159423828125,2064.0,2791.3154296875,0,0,1,0,0,0,0,0,0,1,0,0,0.09982333332300186,0.056318845599889755,0.4549105167388916,0.040997929871082306,0.01863796077668667,0.03363221138715744,0.020519152283668518,0.06015725061297417,0.10155294835567474,0.09719978272914886,0.018619507551193237,0.06650181114673615
288,9.6,,,,insightface_bbox,0.6205869317054749,1177.7869873046875,1140.3240966796875,2064.0,2790.17626953125,0,0,1,0,0,0,0,0,0,1,0,0,0.09880641102790833,0.057754721492528915,0.404483824968338,0.03799223527312279,0.016156908124685287,0.03115955926477909,0.01865026168525219,0.05139850452542305,0.09018343687057495,0.08749305456876755,0.020595621317625046,0.06123097240924835
289,9.633333333333333,,,,insightface_bbox,0.6205869317054749,1177.7869873046875,1140.3240966796875,2064.0,2790.17626953125,0,0,1,0,0,0,0,0,0,1,0,0,0.09540911763906479,0.05636546015739441,0.46955406665802,0.03794337064027786,0.01739903911948204,0.03274282440543175,0.02197347581386566,0.04843078926205635,0.0858924388885498,0.08312410861253738,0.020381078124046326,0.0574670173227787
290,9.666666666666666,,,,insightface_bbox,0.6205869317054749,1177.7869873046875,1140.3240966796875,2064.0,2790.17626953125,0,0,1,0,0,0,0,0,0,1,0,0,0.09553320705890656,0.056999292224645615,0.5179484486579895,0.03806155547499657,0.01852651685476303,0.034718483686447144,0.024371203035116196,0.04727335274219513,0.08604170382022858,0.08351162075996399,0.02212398499250412,0.05906888097524643
291,9.7,,,,insightface_bbox,0.6205869317054749,1177.7869873046875,1140.3240966796875,2064.0,2790.17626953125,0,0,1,0,0,0,0,0,0,1,0,0,0.09497733414173126,0.05738597363233566,0.503210186958313,0.0388963483273983,0.018827561289072037,0.03469846770167351,0.024884723126888275,0.04889947175979614,0.08757568150758743,0.08557599037885666,0.02182411216199398,0.0591370090842247
292,9.733333333333333,,,,insightface_bbox,0.6205869317054749,1177.7869873046875,1140.3240966796875,2064.0,2790.17626953125,0,0,1,0,0,0,0,0,0,1,0,0,0.09567560255527496,0.05737674981355667,0.41940227150917053,0.037801820784807205,0.01717347837984562,0.031244782730937004,0.020652122795581818,0.050412531942129135,0.09002108871936798,0.08667884767055511,0.01858378015458584,0.057828161865472794
293,9.766666666666667,,,,insightface_bbox,0.6205869317054749,1177.7869873046875,1140.3240966796875,2064.0,2790.17626953125,0,0,1,0,0,0,0,0,0,1,0,0,0.09620903432369232,0.0599912591278553,0.33957913517951965,0.03905843198299408,0.01606239750981331,0.030196648091077805,0.018603062257170677,0.054252758622169495,0.09612015634775162,0.09167522192001343,0.01758303865790367,0.05894137918949127
294,9.8,,,,insightface_bbox,0.5980007648468018,1150.4578857421875,1127.0537109375,2064.0,2774.79931640625,0,0,1,0,0,0,0,0,0,1,0,0,0.074402816593647,0.061787813901901245,0.24545015394687653,0.03304247930645943,0.011444050818681717,0.022893160581588745,0.010280007496476173,0.04780535027384758,0.09207389503717422,0.0859140157699585,0.011030769906938076,0.04713192954659462
295,9.833333333333334,,,,insightface_bbox,0.5980007648468018,1150.4578857421875,1127.0537109375,2064.0,2774.79931640625,0,0,1,0,0,0,0,0,0,1,0,0,0.07379195839166641,0.0591106191277504,0.20603010058403015,0.03190229833126068,0.012034960091114044,0.023562878370285034,0.009258341044187546,0.05095582455396652,0.09270624071359634,0.09079526364803314,0.014197688549757004,0.04989728331565857
296,9.866666666666667,,,,insightface_bbox,0.5980007648468018,1150.4578857421875,1127.0537109375,2064.0,2774.79931640625,0,0,1,0,0,0,0,0,0,1,0,0,0.07456623762845993,0.06055932492017746,0.2155560851097107,0.03249669075012207,0.012194794602692127,0.02377975732088089,0.009527122601866722,0.051461659371852875,0.09383801370859146,0.09071610867977142,0.013891678303480148,0.049595270305871964
297,9.9,,,,insightface_bbox,0.5980007648468018,1150.4578857421875,1127.0537109375,2064.0,2774.79931640625,1,0,1,0,0,0,0,0,0,1,0,0,0.07569895684719086,0.0644991472363472,0.23659898340702057,0.03330770134925842,0.011760976165533066,0.02334546111524105,0.00980391539633274,0.051327552646398544,0.09436208754777908,0.089915931224823,0.012441502884030342,0.04839213192462921
298,9.933333333333334,,,,insightface_bbox,0.5980007648468018,1150.4578857421875,1127.0537109375,2064.0,2774.79931640625,1,0,1,0,0,0,0,0,0,1,0,0,0.08000784367322922,0.06903889775276184,0.25666800141334534,0.03610904514789581,0.012190857902169228,0.02414747327566147,0.01167706772685051,0.052386246621608734,0.0953822135925293,0.09163148701190948,0.011272233910858631,0.048591624945402145
299,9.966666666666667,,,,insightface_bbox,0.5980007648468018,1150.4578857421875,1127.0537109375,2064.0,2774.79931640625,1,0,1,0,0,0,0,0,0,1,0,0,0.08063428103923798,0.06841851770877838,0.25234636664390564,0.036970146000385284,0.012422575615346432,0.024262264370918274,0.012247329577803612,0.054768554866313934,0.09655706584453583,0.09536576271057129,0.011062952689826488,0.0487903356552124
300,10.0,,,,insightface_bbox,0.5977817177772522,1154.1942138671875,1130.75244140625,2064.0,2783.51953125,1,0,1,0,0,0,0,0,0,1,0,1,0.09677213430404663,0.07587435096502304,0.35637620091438293,0.039980046451091766,0.014839251525700092,0.030113454908132553,0.016001224517822266,0.05876798927783966,0.10804735124111176,0.1093520075082779,0.01218949444591999,0.05176617205142975
301,10.033333333333333,,,,insightface_bbox,0.5977817177772522,1154.1942138671875,1130.75244140625,2064.0,2783.51953125,1,0,1,0,0,0,0,0,0,1,0,1,0.0978100374341011,0.07548793405294418,0.3342795968055725,0.0400516539812088,0.014641983434557915,0.029567496851086617,0.015500723384320736,0.05708622932434082,0.10878440737724304,0.1085677444934845,0.01294220332056284,0.053778331726789474
302,10.066666666666666,,,,insightface_bbox,0.5977817177772522,1154.1942138671875,1130.75244140625,2064.0,2783.51953125,1,0,1,0,0,0,0,0,0,1,0,0,0.10919291526079178,0.08584346622228622,0.35110223293304443,0.04610976204276085,0.017076589167118073,0.03383275866508484,0.020351413637399673,0.06326916813850403,0.11391299962997437,0.11891894042491913,0.018494896590709686,0.062171366065740585
303,10.1,,,,insightface_bbox,0.5977817177772522,1154.1942138671875,1130.75244140625,2064.0,2783.51953125,1,0,1,0,0,0,0,0,0,1,0,0,0.11006771773099899,0.08858754485845566,0.3364138603210449,0.0473492406308651,0.017785146832466125,0.03424855321645737,0.02108190208673477,0.0662524402141571,0.11474893242120743,0.12217723578214645,0.019750181585550308,0.06271607428789139
304,10.133333333333333,,,,insightface_bbox,0.5977817177772522,1154.1942138671875,1130.75244140625,2064.0,2783.51953125,1,0,1,0,0,0,0,0,0,1,0,0,0.11237771064043045,0.08906415849924088,0.3465539216995239,0.04878022149205208,0.01829279027879238,0.03521601855754852,0.022775931283831596,0.06824176758527756,0.1173391193151474,0.12453353404998779,0.020875561982393265,0.06412254273891449
305,10.166666666666666,,,,insightface_bbox,0.5977817177772522,1154.1942138671875,1130.75244140625,2064.0,2783.51953125,1,0,1,0,0,0,0,0,0,1,0,0,0.11069953441619873,0.0859813243150711,0.32520753145217896,0.04882165044546127,0.01878316141664982,0.035552311688661575,0.02214863896369934,0.07231459766626358,0.11844487488269806,0.12997972965240479,0.02244962565600872,0.06656616926193237
306,10.2,,,,insightface_bbox,0.5818701982498169,1144.221923828125,1020.1956176757812,2064.0,2792.05859375,1,0,1,0,0,0,0,0,0,0,0,0,0.12373051792383194,0.09721887111663818,0.3601621091365814,0.051067203283309937,0.020141247659921646,0.04440749064087868,0.02254513092339039,0.06505283713340759,0.10583042353391647,0.11417415738105774,0.031943999230861664,0.07933525741100311
307,10.233333333333333,,,,insightface_bbox,0.5818701982498169,1144.221923828125,1020.1956176757812,2064.0,2792.05859375,1,0,1,0,0,0,0,0,0,0,0,0,0.12423590570688248,0.09739071130752563,0.366011381149292,0.05101709067821503,0.02014775201678276,0.045248474925756454,0.02225525863468647,0.0644545778632164,0.10611593723297119,0.11257211863994598,0.033712200820446014,0.08028608560562134
308,10.266666666666667,,,,insightface_bbox,0.5818701982498169,1144.221923828125,1020.1956176757812,2064.0,2792.05859375,1,0,1,0,0,0,0,0,0,0,0,0,0.12226580083370209,0.09570256620645523,0.36349400877952576,0.05110520124435425,0.019944513216614723,0.045630451291799545,0.021894576027989388,0.06285006552934647,0.10472892969846725,0.11183558404445648,0.037474099546670914,0.08059044182300568
309,10.3,,,,insightface_bbox,0.5818701982498169,1144.221923828125,1020.1956176757812,2064.0,2792.05859375,1,0,1,0,0,0,0,0,0,0,0,0,0.11944963037967682,0.09217973053455353,0.3614203929901123,0.05151132494211197,0.019850842654705048,0.0458497554063797,0.02212962508201599,0.06419751048088074,0.10909761488437653,0.11710253357887268,0.03963001072406769,0.08478817343711853
310,10.333333333333334,,,,insightface_bbox,0.5818701982498169,1144.221923828125,1020.1956176757812,2064.0,2792.05859375,1,0,1,0,0,0,0,0,0,0,0,0,0.1274418830871582,0.10007639229297638,0.3774230182170868,0.05332357436418533,0.020790675655007362,0.04740632697939873,0.02348535880446434,0.06498226523399353,0.1089940145611763,0.1162029504776001,0.041844192892313004,0.08773792535066605
311,10.366666666666667,,,,insightface_bbox,0.5818701982498169,1144.221923828125,1020.1956176757812,2064.0,2792.05859375,1,0,1,0,0,0,0,0,0,0,0,0,0.12627020478248596,0.09787599742412567,0.3733835220336914,0.051718488335609436,0.02053401991724968,0.04624473303556442,0.02260478585958481,0.06317490339279175,0.10744485259056091,0.11298466473817825,0.0402035154402256,0.0861906185746193
312,10.4,,,,insightface_bbox,0.5845754742622375,1155.5771484375,1114.74609375,2064.0,2788.822021484375,1,0,1,0,0,0,0,0,0,1,0,0,0.10339520126581192,0.07488571852445602,0.3346637189388275,0.04301581531763077,0.01735427789390087,0.03760218620300293,0.016415787860751152,0.066200390458107,0.11465425789356232,0.11076866835355759,0.025832220911979675,0.0699545294046402
313,10.433333333333334,,,,insightface_bbox,0.5845754742622375,1155.5771484375,1114.74609375,2064.0,2788.822021484375,0,0,1,0,0,0,0,0,0,1,0,0,0.1014353409409523,0.07302387803792953,0.32829707860946655,0.043193213641643524,0.017619134858250618,0.03845801204442978,0.016323454678058624,0.06587304919958115,0.1133999302983284,0.11150170862674713,0.029196331277489662,0.07284019887447357
314,10.466666666666667,,,,insightface_bbox,0.5845754742622375,1155.5771484375,1114.74609375,2064.0,2788.822021484375,0,0,1,0,0,0,0,0,0,1,0,0,0.10300327837467194,0.07248201966285706,0.33863696455955505,0.04409808665513992,0.018015481531620026,0.03996754437685013,0.017047522589564323,0.066905677318573,0.11365477740764618,0.11418386548757553,0.03370559215545654,0.07535659521818161
315,10.5,,,,insightface_bbox,0.5845754742622375,1155.5771484375,1114.74609375,2064.0,2788.822021484375,0,0,1,0,0,0,0,0,0,1,0,0,0.10284267365932465,0.07211942225694656,0.3313255310058594,0.04440750926733017,0.01801835000514984,0.03999912738800049,0.01749441772699356,0.06661194562911987,0.11275629699230194,0.11504247784614563,0.03530242294073105,0.07545497268438339
316,10.533333333333333,,,,insightface_bbox,0.5845754742622375,1155.5771484375,1114.74609375,2064.0,2788.822021484375,0,0,1,0,0,0,0,0,0,1,0,0,0.10364943742752075,0.0738563984632492,0.3240954279899597,0.04514037072658539,0.01804412715137005,0.04016164317727089,0.01786104589700699,0.06708075106143951,0.11349321901798248,0.11639575660228729,0.03620095178484917,0.0765218511223793
317,10.566666666666666,,,,insightface_bbox,0.5845754742622375,1155.5771484375,1114.74609375,2064.0,2788.822021484375,0,0,1,0,0,0,0,0,0,1,0,0,0.10228153318166733,0.0713195949792862,0.32764482498168945,0.04446045309305191,0.01789703220129013,0.03982570022344589,0.01734309084713459,0.06689833849668503,0.11359675228595734,0.11608961224555969,0.036050986498594284,0.07667600363492966
318,10.6,,,,insightface_bbox,0.5899163484573364,1181.4669189453125,1042.0224609375,2064.0,2795.208740234375,1,0,1,0,0,0,0,0,0,1,0,0,0.11432160437107086,0.06336426734924316,0.549890398979187,0.04124125465750694,0.020214689895510674,0.03814386576414108,0.017448417842388153,0.06113622337579727,0.09877913445234299,0.08956625312566757,0.025214195251464844,0.079757459461689
319,10.633333333333333,,,,insightface_bbox,0.5899163484573364,1181.4669189453125,1042.0224609375,2064.0,2795.208740234375,1,0,1,0,0,0,0,0,0,1,0,0,0.11593785881996155,0.0640011727809906,0.5591983795166016,0.04216459020972252,0.02049962803721428,0.03862790763378143,0.018243327736854553,0.062364690005779266,0.10065251588821411,0.09058718383312225,0.024899639189243317,0.07992713898420334
320,10.666666666666666,,,,insightface_bbox,0.5899163484573364,1181.4669189453125,1042.0224609375,2064.0,2795.208740234375,1,0,1,0,0,0,0,0,0,1,0,0,0.1151169016957283,0.06368335336446762,0.5586778521537781,0.0423775389790535,0.020678164437413216,0.038689661771059036,0.018364187330007553,0.06252756714820862,0.09977726638317108,0.0897846668958664,0.02625981718301773,0.08106598258018494
321,10.7,,,,insightface_bbox,0.5899163484573364,1181.4669189453125,1042.0224609375,2064.0,2795.208740234375,1,0,1,0,0,0,0,0,0,1,0,0,0.11292409896850586,0.06259793043136597,0.5351189374923706,0.04086806997656822,0.020133042708039284,0.037201765924692154,0.017163924872875214,0.05823417007923126,0.09337201714515686,0.08421197533607483,0.0259234756231308,0.07825633883476257
322,10.733333333333333,,,,insightface_bbox,0.5899163484573364,1181.4669189453125,1042.0224609375,2064.0,2795.208740234375,1,0,1,0,0,0,0,0,0,1,0,0,0.11646285653114319,0.06544293463230133,0.5361401438713074,0.04111211374402046,0.020361099392175674,0.03678524121642113,0.016689086332917213,0.05289594829082489,0.08645906299352646,0.07819247245788574,0.02789955958724022,0.07694936543703079
323,10.766666666666667,,,,insightface_bbox,0.5899163484573364,1181.4669189453125,1042.0224609375,2064.0,2795.208740234375,1,0,1,0,0,0,0,0,0,1,0,0,0.12169700115919113,0.06928548961877823,0.5553867816925049,0.04468734562397003,0.021733269095420837,0.03919127583503723,0.019578516483306885,0.05654946342110634,0.09058031439781189,0.08261771500110626,0.0319809764623642,0.08282586932182312
324,10.8,,,,insightface_bbox,0.5919512510299683,1146.0418701171875,1116.0289306640625,2064.0,2778.96337890625,1,0,1,0,0,0,0,0,0,0,0,0,0.12886452674865723,0.09204000234603882,0.38987037539482117,0.040950529277324677,0.017038095742464066,0.038962896913290024,0.016454515978693962,0.05123060569167137,0.08669756352901459,0.08226560056209564,0.024881627410650253,0.07251735031604767
325,10.833333333333334,,,,insightface_bbox,0.5919512510299683,1146.0418701171875,1116.0289306640625,2064.0,2778.96337890625,1,0,1,0,0,0,0,0,0,0,0,0,0.1268293410539627,0.09091231971979141,0.38445279002189636,0.04267485812306404,0.017061786726117134,0.03939182311296463,0.017945419996976852,0.053448110818862915,0.09207935631275177,0.08712396025657654,0.026197213679552078,0.07360225915908813
326,10.866666666666667,,,,insightface_bbox,0.5919512510299683,1146.0418701171875,1116.0289306640625,2064.0,2778.96337890625,1,0,1,0,0,0,0,0,0,0,0,0,0.12205828726291656,0.0867571011185646,0.35903337597846985,0.0442572645843029,0.017222406342625618,0.03942827880382538,0.01919114775955677,0.05590417981147766,0.09663955122232437,0.09226828068494797,0.027434593066573143,0.07445381581783295
327,10.9,,,,insightface_bbox,0.5919512510299683,1146.0418701171875,1116.0289306640625,2064.0,2778.96337890625,1,0,1,0,0,0,0,0,0,0,0,0,0.11870497465133667,0.08612941205501556,0.3541967272758484,0.044507041573524475,0.017451798543334007,0.03932762145996094,0.01895882561802864,0.0567924790084362,0.0967719554901123,0.09680069237947464,0.028955567628145218,0.0751100704073906
328,10.933333333333334,,,,insightface_bbox,0.5919512510299683,1146.0418701171875,1116.0289306640625,2064.0,2778.96337890625,1,0,1,0,0,0,0,0,0,0,0,0,0.1137932538986206,0.08381534367799759,0.3406867980957031,0.0437273308634758,0.01686934009194374,0.03847788646817207,0.01796005666255951,0.05495155602693558,0.09453176707029343,0.09598606079816818,0.028487322852015495,0.07281648367643356
329,10.966666666666667,,,,insightface_bbox,0.5919512510299683,1146.0418701171875,1116.0289306640625,2064.0,2778.96337890625,1,0,1,0,0,0,0,0,0,0,0,0,0.11428531259298325,0.08350715041160583,0.34740132093429565,0.043603576719760895,0.016970040276646614,0.03852394223213196,0.018125856295228004,0.05492310971021652,0.09538225084543228,0.0972297340631485,0.027917057275772095,0.07215864211320877
330,11.0,,,,insightface_bbox,0.590578556060791,1183.890625,1124.9918212890625,2064.0,2785.5205078125,0,0,1,0,0,0,0,0,0,0,0,0,0.12226127833127975,0.06964698433876038,0.5125253200531006,0.04779370129108429,0.021652933210134506,0.04000825434923172,0.021794673055410385,0.057674750685691833,0.09474866092205048,0.09132049232721329,0.03443918749690056,0.07801862061023712
331,11.033333333333333,,,,insightface_bbox,0.590578556060791,1183.890625,1124.9918212890625,2064.0,2785.5205078125,0,0,1,0,0,0,0,0,0,0,0,0,0.11906842887401581,0.06997840851545334,0.521867036819458,0.04940583556890488,0.022006385028362274,0.04046595096588135,0.02284269779920578,0.059519246220588684,0.09511768817901611,0.09297513961791992,0.03803476318717003,0.08034832775592804
332,11.066666666666666,,,,insightface_bbox,0.590578556060791,1183.890625,1124.9918212890625,2064.0,2785.5205078125,0,0,1,0,0,0,0,0,0,0,0,0,0.11786139756441116,0.06934262812137604,0.5158964395523071,0.04852853715419769,0.021744590252637863,0.03977546840906143,0.022841354832053185,0.05830227583646774,0.09518899768590927,0.09271968901157379,0.036819908767938614,0.07981815189123154
