frame_idx,frame_time_in_ms,pitch,yaw,roll,face_alignment_method,face_detection_score,face_bbox_xmin,face_bbox_ymin,face_bbox_xmax,face_bbox_ymax,au_1,au_2,au_4,au_6,au_7,au_10,au_12,au_14,au_15,au_17,au_23,au_24,au_1_intensity,au_2_intensity,au_4_intensity,au_5_intensity,au_6_intensity,au_9_intensity,au_12_intensity,au_15_intensity,au_17_intensity,au_20_intensity,au_25_intensity,au_26_intensity
0,0.0,,,,insightface_bbox,0.7460466623306274,1094.96630859375,1243.446533203125,2064.0,2682.108642578125,0,0,1,0,0,0,0,0,0,1,0,0,0.04179171472787857,0.02248804271221161,0.11964738368988037,0.015379357151687145,0.007287601940333843,0.013918840326368809,0.00655654352158308,0.03135854750871658,0.09527138620615005,0.0626835972070694,0.004772085230797529,0.02796485833823681
1,0.03333333333333333,,,,insightface_bbox,0.7460466623306274,1094.96630859375,1243.446533203125,2064.0,2682.108642578125,0,0,0,0,0,0,0,0,0,1,0,0,0.042195700109004974,0.025583133101463318,0.07546000182628632,0.016473084688186646,0.008462853729724884,0.015398786403238773,0.007598963100463152,0.03402312099933624,0.10228715091943741,0.06837579607963562,0.006745263002812862,0.031673919409513474
2,0.06666666666666667,,,,insightface_bbox,0.7460466623306274,1094.96630859375,1243.446533203125,2064.0,2682.108642578125,0,0,0,0,0,0,0,0,0,0,0,0,0.03444022685289383,0.022695185616612434,0.0477844700217247,0.014833858236670494,0.0071131461299955845,0.012935742735862732,0.006833728868514299,0.028563737869262695,0.0794701874256134,0.05674484372138977,0.008077248930931091,0.032148491591215134
3,0.1,,,,insightface_bbox,0.7460466623306274,1094.96630859375,1243.446533203125,2064.0,2682.108642578125,0,0,0,0,0,0,0,0,0,1,0,0,0.03598183020949364,0.02433379366993904,0.05039073899388313,0.015827035531401634,0.007102498784661293,0.013849947601556778,0.007102441042661667,0.02998913638293743,0.08274462074041367,0.05924154072999954,0.009200286120176315,0.03247922286391258
4,0.13333333333333333,,,,insightface_bbox,0.7460466623306274,1094.96630859375,1243.446533203125,2064.0,2682.108642578125,0,0,0,0,0,0,0,0,0,1,0,0,0.0371270477771759,0.026247017085552216,0.055491480976343155,0.016378646716475487,0.007084421813488007,0.013855434954166412,0.0072747184894979,0.03075588122010231,0.08591655641794205,0.061500366777181625,0.00846773013472557,0.03252658620476723
5,0.16666666666666666,,,,insightface_bbox,0.7460466623306274,1094.96630859375,1243.446533203125,2064.0,2682.108642578125,0,0,0,0,0,0,0,0,0,1,0,0,0.04219067096710205,0.029419297352433205,0.0668208971619606,0.01724759303033352,0.007315590977668762,0.014473473653197289,0.00776263140141964,0.033396705985069275,0.09791073203086853,0.06885635852813721,0.008218103088438511,0.034743532538414
6,0.2,,,,insightface_bbox,0.6707437038421631,1092.7320556640625,969.035888671875,2064.0,2718.2060546875,0,0,0,0,0,0,0,0,0,1,0,0,0.0390012226998806,0.025320306420326233,0.04897598177194595,0.017377374693751335,0.007087839767336845,0.013797641731798649,0.00852978602051735,0.0360504575073719,0.09093079715967178,0.06811827421188354,0.00685179652646184,0.035067278891801834
7,0.23333333333333334,,,,insightface_bbox,0.6707437038421631,1092.7320556640625,969.035888671875,2064.0,2718.2060546875,0,0,0,0,0,0,0,0,0,1,0,0,0.03837646543979645,0.02369706518948078,0.04899328202009201,0.016515793278813362,0.0068491739220917225,0.013330746442079544,0.00834636203944683,0.03333165869116783,0.09393970668315887,0.06656204164028168,0.0065548415295779705,0.033065829426050186
8,0.26666666666666666,,,,insightface_bbox,0.6707437038421631,1092.7320556640625,969.035888671875,2064.0,2718.2060546875,0,0,0,0,0,0,0,0,0,1,0,0,0.04043523967266083,0.025215940549969673,0.057338956743478775,0.01806943491101265,0.007350437343120575,0.01496800035238266,0.008718934841454029,0.03869421407580376,0.10078316926956177,0.07380741834640503,0.00766922440379858,0.03599473088979721
9,0.3,,,,insightface_bbox,0.6707437038421631,1092.7320556640625,969.035888671875,2064.0,2718.2060546875,0,0,0,0,0,0,0,0,0,1,0,0,0.0421774722635746,0.025953082367777824,0.0630597174167633,0.017922746017575264,0.007710265927016735,0.015300825238227844,0.008666904643177986,0.0379636250436306,0.1012866273522377,0.07322166860103607,0.008706584572792053,0.037282586097717285
10,0.3333333333333333,,,,insightface_bbox,0.6707437038421631,1092.7320556640625,969.035888671875,2064.0,2718.2060546875,0,0,0,0,0,0,0,0,0,1,0,0,0.04173164814710617,0.025856925174593925,0.059323377907276154,0.017751291394233704,0.007831609807908535,0.014825212769210339,0.009060097858309746,0.035521477460861206,0.09809502214193344,0.072531558573246,0.008762700483202934,0.0374295711517334
11,0.36666666666666664,,,,insightface_bbox,0.6707437038421631,1092.7320556640625,969.035888671875,2064.0,2718.2060546875,0,0,0,0,0,0,0,0,0,1,0,0,0.03551362454891205,0.021260302513837814,0.04725292697548866,0.015118425711989403,0.007327054161578417,0.012648725882172585,0.00893805269151926,0.029722414910793304,0.09133778512477875,0.06757356971502304,0.006618345156311989,0.032014843076467514
12,0.4,,,,insightface_bbox,0.666050136089325,1090.241455078125,980.8675537109375,2064.0,2719.22119140625,0,0,0,0,0,0,0,0,0,1,0,0,0.031488802284002304,0.019145410507917404,0.03569991514086723,0.014173951931297779,0.0071162567473948,0.011297343298792839,0.008874468505382538,0.026994550600647926,0.08335724472999573,0.06430738419294357,0.00593554275110364,0.03025723621249199
13,0.43333333333333335,,,,insightface_bbox,0.666050136089325,1090.241455078125,980.8675537109375,2064.0,2719.22119140625,0,0,0,0,0,0,0,0,0,1,0,0,0.03182418644428253,0.019175201654434204,0.03544357419013977,0.014338438399136066,0.007164644077420235,0.011256761848926544,0.009081382304430008,0.026409722864627838,0.08663511276245117,0.06465396285057068,0.005796113051474094,0.02916484698653221
14,0.4666666666666667,,,,insightface_bbox,0.666050136089325,1090.241455078125,980.8675537109375,2064.0,2719.22119140625,0,0,0,0,0,0,0,0,0,1,0,0,0.03341175243258476,0.020300157368183136,0.038477398455142975,0.015051624737679958,0.007421523332595825,0.01184537447988987,0.00956667959690094,0.027673738077282906,0.09083136171102524,0.06747658550739288,0.005941465497016907,0.03022543154656887
15,0.5,,,,insightface_bbox,0.666050136089325,1090.241455078125,980.8675537109375,2064.0,2719.22119140625,0,0,0,0,0,0,0,0,0,1,0,0,0.034362539649009705,0.02082521840929985,0.040151894092559814,0.015417002141475677,0.00756441056728363,0.012168372049927711,0.009631152264773846,0.02830696292221546,0.09136962890625,0.06891710311174393,0.006465029437094927,0.03201858699321747
16,0.5333333333333333,,,,insightface_bbox,0.666050136089325,1090.241455078125,980.8675537109375,2064.0,2719.22119140625,0,0,0,0,0,0,0,0,0,1,0,0,0.03771280124783516,0.02267220802605152,0.04696808010339737,0.016717679798603058,0.008036388084292412,0.01336743962019682,0.009947936981916428,0.03099992126226425,0.09653912484645844,0.07224702835083008,0.007370163220912218,0.03418073058128357
17,0.5666666666666667,,,,insightface_bbox,0.666050136089325,1090.241455078125,980.8675537109375,2064.0,2719.22119140625,0,0,0,0,0,0,0,0,0,1,0,0,0.04977846518158913,0.029416846111416817,0.0765819177031517,0.022233176976442337,0.009290635585784912,0.0175651703029871,0.011715250089764595,0.03839666396379471,0.10331742465496063,0.07830225676298141,0.012584301643073559,0.041668154299259186
18,0.6,,,,insightface_bbox,0.6629666090011597,1093.7047119140625,963.6842651367188,2064.0,2741.421630859375,0,0,0,0,0,0,0,0,0,0,0,0,0.05835936963558197,0.034331388771533966,0.09424026310443878,0.026079092174768448,0.009848401881754398,0.02095038816332817,0.017515670508146286,0.03655769303441048,0.08594832569360733,0.0675896480679512,0.01583356037735939,0.04505655914545059
19,0.6333333333333333,,,,insightface_bbox,0.6629666090011597,1093.7047119140625,963.6842651367188,2064.0,2741.421630859375,0,0,0,0,0,0,0,0,0,0,0,0,0.06714417785406113,0.038804791867733,0.11548139154911041,0.026919709518551826,0.010606934316456318,0.022258924320340157,0.021532241255044937,0.03591824695467949,0.08610604703426361,0.07203514873981476,0.013433530926704407,0.04423642158508301
20,0.6666666666666666,,,,insightface_bbox,0.6629666090011597,1093.7047119140625,963.6842651367188,2064.0,2741.421630859375,0,0,0,0,0,0,0,0,0,1,0,0,0.06491444259881973,0.03898061439394951,0.12255841493606567,0.02708813175559044,0.010191921144723892,0.021112486720085144,0.020238377153873444,0.0431714728474617,0.10051487386226654,0.08908012509346008,0.010187091305851936,0.04129791259765625
21,0.7,,,,insightface_bbox,0.6629666090011597,1093.7047119140625,963.6842651367188,2064.0,2741.421630859375,0,0,0,0,0,0,0,0,0,1,0,0,0.05518483370542526,0.031387340277433395,0.09132431447505951,0.024601565673947334,0.00976764690130949,0.018510524183511734,0.01835460774600506,0.040776416659355164,0.10214255750179291,0.09045006334781647,0.007606274913996458,0.03566455468535423
22,0.7333333333333333,,,,insightface_bbox,0.6629666090011597,1093.7047119140625,963.6842651367188,2064.0,2741.421630859375,0,0,0,0,0,0,0,0,0,0,0,0,0.058964770287275314,0.033507805317640305,0.0978115126490593,0.02465476095676422,0.009348382242023945,0.019126443192362785,0.016983212903141975,0.035178232938051224,0.08489430695772171,0.07338650524616241,0.011481674388051033,0.038817793130874634
23,0.7666666666666667,,,,insightface_bbox,0.6629666090011597,1093.7047119140625,963.6842651367188,2064.0,2741.421630859375,0,0,0,0,0,0,0,0,0,0,0,0,0.06746620684862137,0.03797248750925064,0.11044153571128845,0.02859066240489483,0.010296054184436798,0.02300717867910862,0.01968248561024666,0.039133913815021515,0.08186803758144379,0.07091211527585983,0.018642883747816086,0.04521908238530159
24,0.8,,,,insightface_bbox,0.6614305377006531,1121.2042236328125,960.83740234375,2064.0,2765.6669921875,0,0,0,0,0,0,0,0,0,0,0,0,0.06584955751895905,0.038118328899145126,0.1580735445022583,0.02819162607192993,0.010822289623320103,0.02242111600935459,0.022955583408474922,0.03925050050020218,0.0803351029753685,0.07114318758249283,0.01781981624662876,0.048807546496391296
25,0.8333333333333334,,,,insightface_bbox,0.6614305377006531,1121.2042236328125,960.83740234375,2064.0,2765.6669921875,0,0,0,0,0,0,0,0,0,0,0,0,0.06008632481098175,0.03414274379611015,0.13772062957286835,0.02479700744152069,0.009710106067359447,0.020327381789684296,0.018151815980672836,0.03613075986504555,0.0761038213968277,0.06978872418403625,0.015597016550600529,0.04560503736138344
26,0.8666666666666667,,,,insightface_bbox,0.6614305377006531,1121.2042236328125,960.83740234375,2064.0,2765.6669921875,0,0,0,0,0,0,0,0,0,0,0,0,0.06252149492502213,0.034750159829854965,0.1303274780511856,0.02643362432718277,0.010165011510252953,0.020931009203195572,0.01613868772983551,0.03810783848166466,0.07625864446163177,0.06942285597324371,0.01709553226828575,0.04554334655404091
27,0.9,,,,insightface_bbox,0.6614305377006531,1121.2042236328125,960.83740234375,2064.0,2765.6669921875,0,0,0,0,0,0,0,0,0,0,0,0,0.054901123046875,0.030852768570184708,0.1189647763967514,0.027025947347283363,0.01054186001420021,0.021107736974954605,0.016033314168453217,0.0430135577917099,0.07876147329807281,0.07749418914318085,0.0168891754001379,0.04570523276925087
28,0.9333333333333333,,,,insightface_bbox,0.6614305377006531,1121.2042236328125,960.83740234375,2064.0,2765.6669921875,0,0,0,0,0,0,0,0,0,0,0,0,0.06519182026386261,0.03717265650629997,0.17161206901073456,0.032257962971925735,0.01253516599535942,0.025143403559923172,0.030028706416487694,0.04240010678768158,0.079314224421978,0.06756278872489929,0.016971396282315254,0.045585498213768005
29,0.9666666666666667,,,,insightface_bbox,0.6614305377006531,1121.2042236328125,960.83740234375,2064.0,2765.6669921875,0,0,0,0,0,0,0,0,0,0,0,0,0.05311448127031326,0.03212669491767883,0.12491748481988907,0.028497764840722084,0.010419775731861591,0.0196259506046772,0.02098086103796959,0.04259449988603592,0.08304813504219055,0.06834457814693451,0.010617421939969063,0.041529081761837006
30,1.0,,,,insightface_bbox,0.6792868375778198,1070.6666259765625,1011.408935546875,2064.0,2748.039794921875,0,0,0,0,0,0,0,0,0,0,0,0,0.04387218505144119,0.026745211333036423,0.05778636038303375,0.020043963566422462,0.00849216803908348,0.016051292419433594,0.014678345993161201,0.0375513955950737,0.09410849213600159,0.0669061467051506,0.008998913690447807,0.037081528455019
31,1.0333333333333334,,,,insightface_bbox,0.6792868375778198,1070.6666259765625,1011.408935546875,2064.0,2748.039794921875,0,0,0,0,0,0,0,0,0,0,0,0,0.03259045630693436,0.020571675151586533,0.039509065449237823,0.015086289495229721,0.00775948679074645,0.012784874998033047,0.014108944684267044,0.02837701514363289,0.0854291096329689,0.055210866034030914,0.005543236620724201,0.028528792783617973
32,1.0666666666666667,,,,insightface_bbox,0.6792868375778198,1070.6666259765625,1011.408935546875,2064.0,2748.039794921875,0,0,0,0,0,0,0,0,0,0,0,0,0.031503502279520035,0.0193011611700058,0.036005809903144836,0.01404104195535183,0.008302118629217148,0.013096306473016739,0.013624531216919422,0.02666190080344677,0.08104647696018219,0.05328685790300369,0.007064886391162872,0.031258851289749146
33,1.1,,,,insightface_bbox,0.6792868375778198,1070.6666259765625,1011.408935546875,2064.0,2748.039794921875,0,0,0,0,0,0,0,0,0,0,0,0,0.03470266982913017,0.02098666876554489,0.04139959439635277,0.014232741668820381,0.008359192870557308,0.013440093025565147,0.013626771979033947,0.024938618764281273,0.07325835525989532,0.04864509403705597,0.007626959588378668,0.03355718404054642
34,1.1333333333333333,,,,insightface_bbox,0.6792868375778198,1070.6666259765625,1011.408935546875,2064.0,2748.039794921875,0,0,0,0,0,0,0,0,0,0,0,0,0.03861529752612114,0.02368749864399433,0.043897636234760284,0.016336921602487564,0.009167724289000034,0.014469606801867485,0.015635259449481964,0.02589646354317665,0.07142726331949234,0.04938529431819916,0.009384294040501118,0.03616523742675781
35,1.1666666666666667,,,,insightface_bbox,0.6792868375778198,1070.6666259765625,1011.408935546875,2064.0,2748.039794921875,0,0,0,0,0,0,0,0,0,0,0,0,0.05752602219581604,0.035996776074171066,0.06824000179767609,0.022986222058534622,0.010257773101329803,0.020610688254237175,0.017636848613619804,0.028942132368683815,0.07171204686164856,0.0521211251616478,0.02175668254494667,0.04390357434749603
36,1.2,,,,insightface_bbox,0.6607796549797058,1071.3570556640625,978.8439331054688,2064.0,2755.891357421875,0,0,0,0,0,0,0,0,0,0,0,0,0.07068298012018204,0.04919789731502533,0.06595586240291595,0.03316818177700043,0.013603069819509983,0.02525300718843937,0.04000356048345566,0.03273724019527435,0.07761090248823166,0.0728328675031662,0.02765674516558647,0.05248972028493881
37,1.2333333333333334,,,,insightface_bbox,0.6607796549797058,1071.3570556640625,978.8439331054688,2064.0,2755.891357421875,0,0,0,0,0,0,0,0,0,0,0,0,0.0656873881816864,0.041882000863552094,0.0878991186618805,0.02442445419728756,0.010907971300184727,0.01994776353240013,0.01827559992671013,0.0307745523750782,0.08118574321269989,0.06286554783582687,0.010916022583842278,0.04022324085235596
38,1.2666666666666666,,,,insightface_bbox,0.6607796549797058,1071.3570556640625,978.8439331054688,2064.0,2755.891357421875,0,0,0,0,0,0,0,0,0,0,0,0,0.07495412230491638,0.04751351475715637,0.09705908596515656,0.029535934329032898,0.013887043111026287,0.023842470720410347,0.02468937821686268,0.03711980581283569,0.08266402781009674,0.06411370635032654,0.017954468727111816,0.047325409948825836
39,1.3,,,,insightface_bbox,0.6607796549797058,1071.3570556640625,978.8439331054688,2064.0,2755.891357421875,0,0,0,0,0,0,0,0,0,0,0,0,0.07135984301567078,0.05067446827888489,0.10015454143285751,0.036655232310295105,0.019471485167741776,0.02892911434173584,0.0472564771771431,0.045407120138406754,0.08782914280891418,0.0761554092168808,0.026073023676872253,0.058036815375089645
40,1.3333333333333333,,,,insightface_bbox,0.6607796549797058,1071.3570556640625,978.8439331054688,2064.0,2755.891357421875,0,0,0,0,0,0,0,0,0,0,0,0,0.0695413202047348,0.05195797234773636,0.11228810250759125,0.03803973272442818,0.020052246749401093,0.0319959819316864,0.057119499891996384,0.039745960384607315,0.07386020570993423,0.06884725391864777,0.04959208518266678,0.06535297632217407
41,1.3666666666666667,,,,insightface_bbox,0.6607796549797058,1071.3570556640625,978.8439331054688,2064.0,2755.891357421875,0,0,0,0,0,0,0,0,0,0,0,0,0.06564931571483612,0.050212521106004715,0.10767511278390884,0.03571949154138565,0.018719187006354332,0.0311280507594347,0.05143715441226959,0.03858532756567001,0.07164870202541351,0.06769301742315292,0.0484406016767025,0.06392960250377655
42,1.4,,,,insightface_bbox,0.6392914652824402,1144.049072265625,990.581787109375,2064.0,2758.203857421875,0,0,1,0,0,0,0,0,0,0,0,0,0.08885756880044937,0.06490808725357056,0.2572874128818512,0.0450926348567009,0.01581663452088833,0.03147221729159355,0.03782454505562782,0.05636250972747803,0.09604083001613617,0.08621343970298767,0.017050504684448242,0.05944833904504776
43,1.4333333333333333,,,,insightface_bbox,0.6392914652824402,1144.049072265625,990.581787109375,2064.0,2758.203857421875,0,0,1,0,0,0,0,0,0,0,0,0,0.09015034139156342,0.061094049364328384,0.24223992228507996,0.03187360614538193,0.012023469433188438,0.026335718110203743,0.021504297852516174,0.04087253659963608,0.08007905632257462,0.06416086107492447,0.014996477402746677,0.04926954209804535
44,1.4666666666666666,,,,insightface_bbox,0.6392914652824402,1144.049072265625,990.581787109375,2064.0,2758.203857421875,0,0,1,0,0,0,0,0,0,0,0,0,0.06900975853204727,0.03772563487291336,0.1936577558517456,0.023494694381952286,0.009122378192842007,0.0187302865087986,0.013669269159436226,0.03711362183094025,0.08353374153375626,0.06412088871002197,0.008480468764901161,0.036896880716085434
45,1.5,,,,insightface_bbox,0.6392914652824402,1144.049072265625,990.581787109375,2064.0,2758.203857421875,0,0,0,0,0,0,0,0,0,0,0,0,0.06270930171012878,0.03472359851002693,0.16472896933555603,0.02514573000371456,0.009538260288536549,0.019866179674863815,0.01633794605731964,0.040954943746328354,0.08343084156513214,0.06274663656949997,0.012090849690139294,0.0396379791200161
46,1.5333333333333334,,,,insightface_bbox,0.6392914652824402,1144.049072265625,990.581787109375,2064.0,2758.203857421875,0,0,0,0,0,0,0,0,0,0,0,0,0.06667283177375793,0.037622906267642975,0.15809762477874756,0.030326493084430695,0.01061544194817543,0.02366463467478752,0.019600894302129745,0.04480387642979622,0.07896281778812408,0.06542669236660004,0.02048753947019577,0.04973594844341278
47,1.5666666666666667,,,,insightface_bbox,0.6392914652824402,1144.049072265625,990.581787109375,2064.0,2758.203857421875,0,0,0,0,0,0,0,0,0,0,0,0,0.06268399953842163,0.03412099927663803,0.13940048217773438,0.029482636600732803,0.01079542189836502,0.02176472917199135,0.019885228946805,0.04483577236533165,0.08096583932638168,0.07030580937862396,0.01691574789583683,0.048640862107276917
48,1.6,,,,insightface_bbox,0.6984837055206299,1069.57177734375,991.236083984375,2064.0,2685.12109375,0,0,0,0,0,0,0,0,0,0,0,0,0.053855881094932556,0.033008676022291183,0.05197356641292572,0.02409941703081131,0.009433962404727936,0.023242872208356857,0.02021874114871025,0.03139575943350792,0.07430344820022583,0.0656728520989418,0.033857058733701706,0.05449266731739044
49,1.6333333333333333,,,,insightface_bbox,0.6984837055206299,1069.57177734375,991.236083984375,2064.0,2685.12109375,0,0,0,0,0,0,0,0,0,0,0,0,0.057048652321100235,0.03562486544251442,0.06112193688750267,0.024859655648469925,0.008643491193652153,0.02330050803720951,0.01694248802959919,0.03304089978337288,0.07397647202014923,0.06631003320217133,0.03503881394863129,0.054423987865448
50,1.6666666666666667,,,,insightface_bbox,0.6984837055206299,1069.57177734375,991.236083984375,2064.0,2685.12109375,0,0,0,0,0,0,0,0,0,0,0,0,0.05438205227255821,0.03262392804026604,0.06555163860321045,0.023820746690034866,0.00903242826461792,0.02333027310669422,0.016574718058109283,0.030566833913326263,0.07318565249443054,0.060869455337524414,0.03406728059053421,0.04857053980231285
51,1.7,,,,insightface_bbox,0.6984837055206299,1069.57177734375,991.236083984375,2064.0,2685.12109375,0,0,0,0,0,0,0,0,0,0,0,0,0.049120258539915085,0.030701076611876488,0.051671065390110016,0.022065771743655205,0.00921548530459404,0.020866019651293755,0.015949921682476997,0.0270845890045166,0.06843892484903336,0.05868557095527649,0.028969764709472656,0.04422991722822189
52,1.7333333333333334,,,,insightface_bbox,0.6984837055206299,1069.57177734375,991.236083984375,2064.0,2685.12109375,0,0,0,0,0,0,0,0,0,0,0,0,0.04835761338472366,0.03003566712141037,0.048619918525218964,0.022039106115698814,0.008867337368428707,0.020034942775964737,0.01563672535121441,0.027363507077097893,0.06701649725437164,0.057639144361019135,0.02768220379948616,0.04435180127620697
53,1.7666666666666666,,,,insightface_bbox,0.6984837055206299,1069.57177734375,991.236083984375,2064.0,2685.12109375,0,0,0,0,0,0,0,0,0,0,0,0,0.05018787458539009,0.03191787004470825,0.051139820367097855,0.022828012704849243,0.008598718792200089,0.020449144765734673,0.017001690343022346,0.029084226116538048,0.06922546774148941,0.06132587045431137,0.027378655970096588,0.04922596737742424
54,1.8,,,,insightface_bbox,0.7042516469955444,1065.574462890625,980.3804931640625,2064.0,2699.268798828125,0,0,0,0,0,0,0,0,0,0,0,0,0.03609824180603027,0.02284182235598564,0.03282911330461502,0.019010202959179878,0.008218463510274887,0.014054473489522934,0.023003652691841125,0.025077013298869133,0.08097192645072937,0.06253734230995178,0.008370413444936275,0.03519304841756821
55,1.8333333333333333,,,,insightface_bbox,0.7042516469955444,1065.574462890625,980.3804931640625,2064.0,2699.268798828125,0,0,0,0,0,0,0,0,0,0,0,0,0.04912100359797478,0.03269428014755249,0.04216289520263672,0.026177512481808662,0.010064443573355675,0.018666377291083336,0.03432563692331314,0.03054499626159668,0.09149625897407532,0.06967446208000183,0.009450063109397888,0.038919638842344284
56,1.8666666666666667,,,,insightface_bbox,0.7042516469955444,1065.574462890625,980.3804931640625,2064.0,2699.268798828125,0,0,0,0,0,0,0,0,0,0,0,0,0.04712322726845741,0.03196847811341286,0.04064574092626572,0.02527787908911705,0.009965421631932259,0.018041281029582024,0.03294723480939865,0.028622370213270187,0.08960983902215958,0.06777340173721313,0.008199259638786316,0.03664076700806618
57,1.9,,,,insightface_bbox,0.7042516469955444,1065.574462890625,980.3804931640625,2064.0,2699.268798828125,0,0,0,0,0,0,0,0,0,0,0,0,0.04431354999542236,0.029934337362647057,0.03851224109530449,0.02395196259021759,0.009808158501982689,0.01734244078397751,0.03109358251094818,0.027785848826169968,0.08744743466377258,0.06671155989170074,0.007785426452755928,0.03515981510281563
58,1.9333333333333333,,,,insightface_bbox,0.7042516469955444,1065.574462890625,980.3804931640625,2064.0,2699.268798828125,0,0,0,0,0,0,0,0,0,0,0,0,0.042077917605638504,0.029551632702350616,0.03577461093664169,0.02360967919230461,0.0098957484588027,0.01682877354323864,0.03025510162115097,0.02782294899225235,0.08907696604728699,0.07113105058670044,0.0072737522423267365,0.03540150076150894
59,1.9666666666666666,,,,insightface_bbox,0.7042516469955444,1065.574462890625,980.3804931640625,2064.0,2699.268798828125,0,0,0,0,0,0,0,0,0,0,0,0,0.04153914004564285,0.028460917994379997,0.03339275345206261,0.022670969367027283,0.009940758347511292,0.016331464052200317,0.02736157737672329,0.02789968252182007,0.08767272531986237,0.07172195613384247,0.007316316477954388,0.03523823246359825
60,2.0,,,,insightface_bbox,0.7053077220916748,1057.4808349609375,992.5872802734375,2064.0,2694.0888671875,0,0,0,0,0,0,0,0,0,0,0,0,0.03749474883079529,0.025481751188635826,0.02945733815431595,0.019608939066529274,0.008937355130910873,0.014539100229740143,0.021817035973072052,0.026431353762745857,0.07908865809440613,0.06536367535591125,0.006900616455823183,0.03253033012151718
61,2.033333333333333,,,,insightface_bbox,0.7053077220916748,1057.4808349609375,992.5872802734375,2064.0,2694.0888671875,0,0,0,0,0,0,0,0,0,0,0,0,0.03981604427099228,0.027199652045965195,0.029495541006326675,0.021560659632086754,0.009420506656169891,0.01590963639318943,0.02483169361948967,0.028314359486103058,0.08500512689352036,0.07053672522306442,0.008097538724541664,0.03604086861014366
62,2.066666666666667,,,,insightface_bbox,0.7053077220916748,1057.4808349609375,992.5872802734375,2064.0,2694.0888671875,0,0,0,0,0,0,0,0,0,0,0,0,0.040120404213666916,0.026948310434818268,0.029857845976948738,0.021420076489448547,0.009342670440673828,0.015787912532687187,0.024893268942832947,0.02793012373149395,0.08626003563404083,0.07094112038612366,0.007512390147894621,0.03491539508104324
63,2.1,,,,insightface_bbox,0.7053077220916748,1057.4808349609375,992.5872802734375,2064.0,2694.0888671875,0,0,0,0,0,0,0,0,0,0,0,0,0.039870183914899826,0.025937341153621674,0.030591975897550583,0.02121930941939354,0.009476739913225174,0.015606509521603584,0.02572530508041382,0.027582604438066483,0.08802033960819244,0.07119066268205643,0.007099854294210672,0.0342722088098526
64,2.1333333333333333,,,,insightface_bbox,0.7053077220916748,1057.4808349609375,992.5872802734375,2064.0,2694.0888671875,0,0,0,0,0,0,0,0,0,0,0,0,0.03912443295121193,0.02514772303402424,0.030842270702123642,0.020718621090054512,0.009490935131907463,0.015281141735613346,0.025236094370484352,0.027905739843845367,0.09004703909158707,0.07503281533718109,0.006502996664494276,0.03313220664858818
65,2.1666666666666665,,,,insightface_bbox,0.7053077220916748,1057.4808349609375,992.5872802734375,2064.0,2694.0888671875,0,0,0,0,0,0,0,0,0,0,0,0,0.03920361027121544,0.025240788236260414,0.03067772462964058,0.020765021443367004,0.009514869190752506,0.015494801104068756,0.02547328919172287,0.027522148564457893,0.08880817890167236,0.07243115454912186,0.0070669823326170444,0.033856723457574844
66,2.2,,,,insightface_bbox,0.7188427448272705,1054.684326171875,992.2816162109375,2064.0,2689.571044921875,0,0,0,0,0,0,0,0,0,0,0,0,0.03887701407074928,0.02592720463871956,0.030249709263443947,0.020162120461463928,0.009327715262770653,0.015398405492305756,0.021985957399010658,0.025650447234511375,0.07692126929759979,0.06233632564544678,0.007293142378330231,0.03305152803659439
67,2.2333333333333334,,,,insightface_bbox,0.7188427448272705,1054.684326171875,992.2816162109375,2064.0,2689.571044921875,0,0,0,0,0,0,0,0,0,0,0,0,0.03774645924568176,0.02532288059592247,0.03030599094927311,0.020554300397634506,0.009466521441936493,0.015648555010557175,0.02368514984846115,0.02585877664387226,0.07545742392539978,0.06212632730603218,0.007858322001993656,0.03424346074461937
68,2.2666666666666666,,,,insightface_bbox,0.7188427448272705,1054.684326171875,992.2816162109375,2064.0,2689.571044921875,0,0,0,0,0,0,0,0,0,0,0,0,0.037534091621637344,0.024704856798052788,0.02992568351328373,0.020504144951701164,0.009630516171455383,0.01585574634373188,0.024291004985570908,0.026284681633114815,0.07427039742469788,0.06252694875001907,0.008693762123584747,0.036026183515787125
69,2.3,,,,insightface_bbox,0.7188427448272705,1054.684326171875,992.2816162109375,2064.0,2689.571044921875,0,0,0,0,0,0,0,0,0,0,0,0,0.0369965061545372,0.024302752688527107,0.03135477006435394,0.01989566721022129,0.009338145144283772,0.016009045764803886,0.02278640866279602,0.02667703852057457,0.07327505201101303,0.06295949965715408,0.010090332478284836,0.03770839795470238
70,2.3333333333333335,,,,insightface_bbox,0.7188427448272705,1054.684326171875,992.2816162109375,2064.0,2689.571044921875,0,0,0,0,0,0,0,0,0,0,0,0,0.05864172801375389,0.035405971109867096,0.05189519375562668,0.02966833859682083,0.012287048622965813,0.025503626093268394,0.03639480471611023,0.033495206385850906,0.0659673735499382,0.0766725167632103,0.038822270929813385,0.05695944279432297
71,2.3666666666666667,,,,insightface_bbox,0.7188427448272705,1054.684326171875,992.2816162109375,2064.0,2689.571044921875,0,0,0,0,0,0,0,0,0,0,0,0,0.07046311348676682,0.04316018894314766,0.05970587953925133,0.03397214785218239,0.014670607633888721,0.032089680433273315,0.051278501749038696,0.03700292855501175,0.06547623127698898,0.09095586091279984,0.08168871700763702,0.08221793174743652
72,2.4,,,,insightface_bbox,0.7049573063850403,1094.98583984375,990.0816650390625,2064.0,2649.97216796875,0,0,0,0,0,0,0,0,0,0,0,0,0.06152789667248726,0.031181583181023598,0.09384419023990631,0.021887624636292458,0.008369466289877892,0.019432680681347847,0.015152271836996078,0.029859527945518494,0.07370495796203613,0.06008007004857063,0.017661714926362038,0.039241574704647064
73,2.433333333333333,,,,insightface_bbox,0.7049573063850403,1094.98583984375,990.0816650390625,2064.0,2649.97216796875,0,0,0,0,0,0,0,0,0,0,0,0,0.05501702427864075,0.027586566284298897,0.08159712702035904,0.021592602133750916,0.008124591782689095,0.018995923921465874,0.016739003360271454,0.029102971777319908,0.06824073195457458,0.05690924823284149,0.020577944815158844,0.03937526047229767
74,2.466666666666667,,,,insightface_bbox,0.7049573063850403,1094.98583984375,990.0816650390625,2064.0,2649.97216796875,0,0,0,0,0,0,0,0,0,0,0,0,0.06569968909025192,0.030707715079188347,0.10932660847902298,0.023055583238601685,0.008714089170098305,0.022981127724051476,0.016837773844599724,0.029949165880680084,0.06820259243249893,0.05520306155085564,0.030333248898386955,0.04660971462726593
75,2.5,,,,insightface_bbox,0.7049573063850403,1094.98583984375,990.0816650390625,2064.0,2649.97216796875,0,0,0,0,0,0,0,0,0,0,0,0,0.06111142784357071,0.02898809313774109,0.10357662290334702,0.020225107669830322,0.00823602918535471,0.020241087302565575,0.014509289525449276,0.028202522546052933,0.07462514191865921,0.05658292770385742,0.018108030781149864,0.03948003053665161
76,2.533333333333333,,,,insightface_bbox,0.7049573063850403,1094.98583984375,990.0816650390625,2064.0,2649.97216796875,0,0,0,0,0,0,0,0,0,0,0,0,0.05459533631801605,0.02619265578687191,0.09742289036512375,0.017083650454878807,0.007382315583527088,0.0167662613093853,0.011591451242566109,0.023960024118423462,0.0661335214972496,0.04870395362377167,0.013216588646173477,0.03259437903761864
77,2.566666666666667,,,,insightface_bbox,0.7049573063850403,1094.98583984375,990.0816650390625,2064.0,2649.97216796875,0,0,0,0,0,0,0,0,0,0,0,0,0.0574147030711174,0.026931367814540863,0.09175679832696915,0.016338884830474854,0.006590215489268303,0.0167678315192461,0.011091009713709354,0.02160388045012951,0.062084365636110306,0.047700434923172,0.014040300622582436,0.03175213187932968
78,2.6,,,,insightface_bbox,0.670177698135376,1096.6871337890625,981.9125366210938,2064.0,2733.7041015625,0,0,0,0,0,0,0,0,0,0,0,0,0.050701022148132324,0.025922616943717003,0.06916657835245132,0.019802507013082504,0.007193875033408403,0.01844480074942112,0.017350228503346443,0.024767329916357994,0.06444213539361954,0.055042900145053864,0.017762234434485435,0.035379718989133835
79,2.6333333333333333,,,,insightface_bbox,0.670177698135376,1096.6871337890625,981.9125366210938,2064.0,2733.7041015625,0,0,0,0,0,0,0,0,0,0,0,0,0.053465887904167175,0.026239585131406784,0.07721064984798431,0.01949154958128929,0.007240325212478638,0.020194683223962784,0.01436733826994896,0.024517009034752846,0.06437725573778152,0.053440216928720474,0.023618631064891815,0.03729821741580963
80,2.6666666666666665,,,,insightface_bbox,0.670177698135376,1096.6871337890625,981.9125366210938,2064.0,2733.7041015625,0,0,0,0,0,0,0,0,0,0,0,0,0.05622972175478935,0.027401791885495186,0.07878140360116959,0.01938190497457981,0.007696298882365227,0.021656697615981102,0.01285343524068594,0.024895986542105675,0.0660271868109703,0.0502622053027153,0.03659781441092491,0.045109301805496216
81,2.7,,,,insightface_bbox,0.670177698135376,1096.6871337890625,981.9125366210938,2064.0,2733.7041015625,0,0,0,0,0,0,0,0,0,0,0,0,0.056491829454898834,0.029157768934965134,0.10238181054592133,0.019008198752999306,0.007089355494827032,0.02099623903632164,0.010249233804643154,0.02667510136961937,0.07725763320922852,0.05209098011255264,0.029323119670152664,0.04519912973046303
82,2.7333333333333334,,,,insightface_bbox,0.670177698135376,1096.6871337890625,981.9125366210938,2064.0,2733.7041015625,0,0,0,0,0,0,0,0,0,0,0,0,0.05489009618759155,0.028548575937747955,0.09439889341592789,0.018704047426581383,0.007411678321659565,0.021019281819462776,0.00890364684164524,0.028069129213690758,0.07653917372226715,0.056034937500953674,0.03237583488225937,0.04706855118274689
83,2.7666666666666666,,,,insightface_bbox,0.670177698135376,1096.6871337890625,981.9125366210938,2064.0,2733.7041015625,0,0,0,0,0,0,0,0,0,0,0,0,0.02660447545349598,0.014896344393491745,0.0306074358522892,0.011866027489304543,0.005641136318445206,0.011002648621797562,0.008501495234668255,0.02057933434844017,0.06510569900274277,0.05739898979663849,0.008882574737071991,0.030909165740013123
84,2.8,,,,insightface_bbox,0.702994704246521,1052.4306640625,970.784423828125,2064.0,2662.10693359375,0,0,0,0,0,0,0,0,0,0,0,0,0.039033565670251846,0.0230446457862854,0.0319121852517128,0.01790873520076275,0.009747961536049843,0.016425613313913345,0.024360723793506622,0.02391994372010231,0.07683060318231583,0.06458470225334167,0.01267604436725378,0.042860791087150574
85,2.8333333333333335,,,,insightface_bbox,0.702994704246521,1052.4306640625,970.784423828125,2064.0,2662.10693359375,0,0,0,0,0,0,0,0,0,0,0,0,0.03502894565463066,0.021030303090810776,0.029731223359704018,0.015135519206523895,0.008929088711738586,0.014808664098381996,0.01882779598236084,0.02097037434577942,0.06980670988559723,0.05573628470301628,0.012487255968153477,0.03846247121691704
86,2.8666666666666667,,,,insightface_bbox,0.702994704246521,1052.4306640625,970.784423828125,2064.0,2662.10693359375,0,0,0,0,0,0,0,0,0,0,0,0,0.03559607267379761,0.021736880764365196,0.029034826904535294,0.01563599519431591,0.009187210351228714,0.015133367851376534,0.018985623493790627,0.02092224545776844,0.0654873177409172,0.05106866732239723,0.016166409477591515,0.04364486411213875
87,2.9,,,,insightface_bbox,0.702994704246521,1052.4306640625,970.784423828125,2064.0,2662.10693359375,0,0,0,0,0,0,0,0,0,0,0,0,0.03558424115180969,0.021944120526313782,0.029006391763687134,0.015874184668064117,0.009162846952676773,0.01519011426717043,0.01871563121676445,0.020899726077914238,0.06364820152521133,0.050718680024147034,0.016158604994416237,0.04390502721071243
88,2.933333333333333,,,,insightface_bbox,0.702994704246521,1052.4306640625,970.784423828125,2064.0,2662.10693359375,0,0,0,0,0,0,0,0,0,0,0,0,0.036189284175634384,0.022654542699456215,0.028369465842843056,0.016397370025515556,0.009434829466044903,0.01564062014222145,0.019210947677493095,0.021966395899653435,0.06528405845165253,0.052752070128917694,0.01689530909061432,0.04405710846185684
89,2.966666666666667,,,,insightface_bbox,0.702994704246521,1052.4306640625,970.784423828125,2064.0,2662.10693359375,0,0,0,0,0,0,0,0,0,0,0,0,0.03593304380774498,0.022625785320997238,0.028676141053438187,0.015739191323518753,0.00919173751026392,0.015502611175179482,0.017980651929974556,0.021963246166706085,0.06763948500156403,0.05448153614997864,0.01500791683793068,0.04063951224088669
90,3.0,,,,insightface_bbox,0.6900540590286255,1041.8924560546875,983.926025390625,2056.79736328125,2641.531982421875,0,0,0,0,0,0,0,0,0,0,0,0,0.03596313297748566,0.02353205345571041,0.02777695655822754,0.016371648758649826,0.009523214772343636,0.015780393034219742,0.01962132938206196,0.022042792290449142,0.0655873715877533,0.05430203676223755,0.01704041101038456,0.04441622272133827
91,3.033333333333333,,,,insightface_bbox,0.6900540590286255,1041.8924560546875,983.926025390625,2056.79736328125,2641.531982421875,0,0,0,0,0,0,0,0,0,0,0,0,0.035098522901535034,0.022331148386001587,0.027346165850758553,0.01606476679444313,0.009109492413699627,0.015328935347497463,0.01826421171426773,0.021964289247989655,0.06549422442913055,0.05362927168607712,0.015640873461961746,0.041667640209198
92,3.066666666666667,,,,insightface_bbox,0.6900540590286255,1041.8924560546875,983.926025390625,2056.79736328125,2641.531982421875,0,0,0,0,0,0,0,0,0,0,0,0,0.0361977145075798,0.022568482905626297,0.027171866968274117,0.016620351001620293,0.009365750476717949,0.015607859939336777,0.019667085260152817,0.02239939570426941,0.06821426004171371,0.05583186447620392,0.015233365818858147,0.040908947587013245
93,3.1,,,,insightface_bbox,0.6900540590286255,1041.8924560546875,983.926025390625,2056.79736328125,2641.531982421875,0,0,0,0,0,0,0,0,0,0,0,0,0.03576330095529556,0.021899214014410973,0.02722778543829918,0.016441944986581802,0.009157650172710419,0.015363953076303005,0.019919153302907944,0.02221863716840744,0.07019420713186264,0.05727960169315338,0.014498034492135048,0.04081740230321884
94,3.1333333333333333,,,,insightface_bbox,0.6900540590286255,1041.8924560546875,983.926025390625,2056.79736328125,2641.531982421875,0,0,0,0,0,0,0,0,0,0,0,0,0.034666143357753754,0.021973634138703346,0.027246125042438507,0.016237586736679077,0.008958485908806324,0.015287978574633598,0.01940130442380905,0.02233211137354374,0.0702347457408905,0.05850471183657646,0.014516506344079971,0.04101722687482834
95,3.1666666666666665,,,,insightface_bbox,0.6900540590286255,1041.8924560546875,983.926025390625,2056.79736328125,2641.531982421875,0,0,0,0,0,0,0,0,0,0,0,0,0.03496843948960304,0.02190452814102173,0.028217516839504242,0.016212325543165207,0.009013759903609753,0.015518566593527794,0.019548315554857254,0.022504201158881187,0.07166116684675217,0.059463050216436386,0.015008887276053429,0.04152972623705864
96,3.2,,,,insightface_bbox,0.6923837661743164,1048.746337890625,999.647216796875,2064.0,2670.404541015625,0,0,0,0,0,0,0,0,0,0,0,0,0.034122634679079056,0.022141985595226288,0.026621373370289803,0.016976993530988693,0.009641410782933235,0.016411645337939262,0.02083026058971882,0.021709095686674118,0.06074266508221626,0.04884432256221771,0.02308625727891922,0.051108382642269135
97,3.2333333333333334,,,,insightface_bbox,0.6923837661743164,1048.746337890625,999.647216796875,2064.0,2670.404541015625,0,0,0,0,0,0,0,0,0,0,0,0,0.035249147564172745,0.023489676415920258,0.02774183638393879,0.01710747927427292,0.009527884423732758,0.016697345301508904,0.020806781947612762,0.022093936800956726,0.06244046986103058,0.05038101226091385,0.021644260734319687,0.04828333854675293
98,3.2666666666666666,,,,insightface_bbox,0.6923837661743164,1048.746337890625,999.647216796875,2064.0,2670.404541015625,0,0,0,0,0,0,0,0,0,0,0,0,0.0321652814745903,0.02165926620364189,0.026256266981363297,0.01615607738494873,0.008887087926268578,0.01559872180223465,0.018701808527112007,0.022408442571759224,0.0627032220363617,0.05114974454045296,0.01862907037138939,0.04559256136417389
99,3.3,,,,insightface_bbox,0.6923837661743164,1048.746337890625,999.647216796875,2064.0,2670.404541015625,0,0,0,0,0,0,0,0,0,0,0,0,0.03287569060921669,0.02208140678703785,0.027088234201073647,0.01652524434030056,0.008968870155513287,0.015696486458182335,0.019074371084570885,0.023294294252991676,0.06443300098180771,0.05319733917713165,0.018266301602125168,0.04638463631272316
100,3.3333333333333335,,,,insightface_bbox,0.6923837661743164,1048.746337890625,999.647216796875,2064.0,2670.404541015625,0,0,0,0,0,0,0,0,0,0,0,0,0.033994872123003006,0.02306194230914116,0.027434997260570526,0.017250187695026398,0.00926421768963337,0.01604030467569828,0.019460398703813553,0.024278881028294563,0.06523408740758896,0.055440664291381836,0.01831338182091713,0.04807502031326294
101,3.3666666666666667,,,,insightface_bbox,0.6923837661743164,1048.746337890625,999.647216796875,2064.0,2670.404541015625,0,0,0,0,0,0,0,0,0,0,0,0,0.03445856645703316,0.023344919085502625,0.027736060321331024,0.01780398190021515,0.00955750048160553,0.016337113454937935,0.020114656537771225,0.025286490097641945,0.06697659194469452,0.05760880187153816,0.0185711607336998,0.04902190715074539
102,3.4,,,,insightface_bbox,0.6900777220726013,1048.0047607421875,1002.4926147460938,2064.0,2679.5009765625,0,0,0,0,0,0,0,0,0,0,0,0,0.03359875828027725,0.022715382277965546,0.02731506898999214,0.017112398520112038,0.008861759677529335,0.015474837273359299,0.019499706104397774,0.02409551665186882,0.06603016704320908,0.05522797256708145,0.01506011188030243,0.04449751228094101
103,3.433333333333333,,,,insightface_bbox,0.6900777220726013,1048.0047607421875,1002.4926147460938,2064.0,2679.5009765625,0,0,0,0,0,0,0,0,0,0,0,0,0.03330618888139725,0.022688712924718857,0.026161177083849907,0.017063399776816368,0.008913046680390835,0.015560449101030827,0.019714970141649246,0.02450137957930565,0.06553458422422409,0.056672658771276474,0.015679335221648216,0.0449865460395813
104,3.466666666666667,,,,insightface_bbox,0.6900777220726013,1048.0047607421875,1002.4926147460938,2064.0,2679.5009765625,0,0,0,0,0,0,0,0,0,0,0,0,0.03316697105765343,0.02318362146615982,0.026648562401533127,0.017540931701660156,0.008965571410953999,0.01603197306394577,0.020127832889556885,0.02520228549838066,0.06568320840597153,0.05800952762365341,0.016117271035909653,0.04602905735373497
105,3.5,,,,insightface_bbox,0.6900777220726013,1048.0047607421875,1002.4926147460938,2064.0,2679.5009765625,0,0,0,0,0,0,0,0,0,0,0,0,0.0322858951985836,0.022839542478322983,0.026269087567925453,0.01730033941566944,0.008434824645519257,0.01569083146750927,0.01913444884121418,0.02472323179244995,0.0644107460975647,0.05565473437309265,0.01530447043478489,0.04503033682703972
106,3.533333333333333,,,,insightface_bbox,0.6900777220726013,1048.0047607421875,1002.4926147460938,2064.0,2679.5009765625,0,0,0,0,0,0,0,0,0,0,0,0,0.03278910741209984,0.02282835729420185,0.026497645303606987,0.017080727964639664,0.008300451561808586,0.01561011653393507,0.019094225019216537,0.023230653256177902,0.060901008546352386,0.05200653895735741,0.015026664361357689,0.04298385977745056
107,3.566666666666667,,,,insightface_bbox,0.6900777220726013,1048.0047607421875,1002.4926147460938,2064.0,2679.5009765625,0,0,0,0,0,0,0,0,0,0,0,0,0.03350810706615448,0.02354470081627369,0.027103077620267868,0.017794542014598846,0.008369896560907364,0.015765896067023277,0.01925891451537609,0.023728420957922935,0.06281137466430664,0.05288688838481903,0.014935870654881,0.04314446449279785
108,3.6,,,,insightface_bbox,0.7173394560813904,1044.4669189453125,999.3883666992188,2064.0,2702.17138671875,0,0,0,0,0,0,0,0,0,0,0,0,0.03408031910657883,0.02321280911564827,0.02759198471903801,0.017976602539420128,0.008401280269026756,0.01594517193734646,0.018988236784934998,0.02303849719464779,0.061818692833185196,0.04992043972015381,0.013757049106061459,0.04116347059607506
109,3.6333333333333333,,,,insightface_bbox,0.7173394560813904,1044.4669189453125,999.3883666992188,2064.0,2702.17138671875,0,0,0,0,0,0,0,0,0,0,0,0,0.03412927687168121,0.02249366044998169,0.02623596414923668,0.01740267686545849,0.008081583306193352,0.015168445184826851,0.020634299144148827,0.022296443581581116,0.06642350554466248,0.052739232778549194,0.013208219781517982,0.040312640368938446
110,3.6666666666666665,,,,insightface_bbox,0.7173394560813904,1044.4669189453125,999.3883666992188,2064.0,2702.17138671875,0,0,0,0,0,0,0,0,0,0,0,0,0.04149714112281799,0.028650078922510147,0.03853447735309601,0.024587595835328102,0.009952000342309475,0.019559284672141075,0.031626127660274506,0.030221935361623764,0.08895788341760635,0.07799281179904938,0.0154325682669878,0.04611065983772278
111,3.7,,,,insightface_bbox,0.7173394560813904,1044.4669189453125,999.3883666992188,2064.0,2702.17138671875,0,0,0,0,0,0,0,0,0,0,0,0,0.05943881720304489,0.036635685712099075,0.060130782425403595,0.03096923418343067,0.012210491113364697,0.02600814774632454,0.04190525412559509,0.03136918321251869,0.07486486434936523,0.06865039467811584,0.034551896154880524,0.05770658701658249
112,3.7333333333333334,,,,insightface_bbox,0.7173394560813904,1044.4669189453125,999.3883666992188,2064.0,2702.17138671875,0,0,0,0,0,0,0,0,0,0,0,0,0.05761135742068291,0.03314002603292465,0.0636473074555397,0.027511540800333023,0.011687211692333221,0.025182873010635376,0.03552255034446716,0.027101509273052216,0.06545642018318176,0.06032164394855499,0.04360657185316086,0.05482722446322441
113,3.7666666666666666,,,,insightface_bbox,0.7173394560813904,1044.4669189453125,999.3883666992188,2064.0,2702.17138671875,0,0,0,0,0,0,0,0,0,0,0,0,0.062053877860307693,0.034026265144348145,0.06509524583816528,0.027883876115083694,0.011811214499175549,0.0292494036257267,0.03204735368490219,0.027268853038549423,0.06672912836074829,0.06361021101474762,0.07436923682689667,0.0625680536031723
114,3.8,,,,insightface_bbox,0.7156069874763489,1045.9747314453125,977.5798950195312,2064.0,2718.782958984375,0,0,0,0,0,0,0,0,0,0,0,0,0.06466095894575119,0.03542490303516388,0.06374238431453705,0.027551373466849327,0.010731304064393044,0.028396060690283775,0.02587401494383812,0.028669128194451332,0.06032499670982361,0.06269634515047073,0.07940803468227386,0.06410308927297592
115,3.8333333333333335,,,,insightface_bbox,0.7156069874763489,1045.9747314453125,977.5798950195312,2064.0,2718.782958984375,0,0,0,0,0,0,0,0,0,0,0,0,0.0662204921245575,0.03640785068273544,0.0763217955827713,0.026326127350330353,0.010495249181985855,0.026710590347647667,0.02247110940515995,0.030151888728141785,0.06553473323583603,0.06340144574642181,0.06272173672914505,0.06074726954102516
116,3.8666666666666667,,,,insightface_bbox,0.7156069874763489,1045.9747314453125,977.5798950195312,2064.0,2718.782958984375,0,0,0,0,0,0,0,0,0,0,0,0,0.06811068207025528,0.03882906958460808,0.08261573314666748,0.027295218780636787,0.011247687041759491,0.02920268476009369,0.0238365326076746,0.033704012632369995,0.06980930268764496,0.06732537597417831,0.06696672737598419,0.06602460891008377
117,3.9,,,,insightface_bbox,0.7156069874763489,1045.9747314453125,977.5798950195312,2064.0,2718.782958984375,0,0,0,0,0,0,0,0,0,0,0,0,0.0683550238609314,0.04123304411768913,0.08494621515274048,0.0269937701523304,0.01087680272758007,0.02810988388955593,0.024794375523924828,0.03670841082930565,0.0747954398393631,0.07202871143817902,0.05915238708257675,0.07151739299297333
118,3.933333333333333,,,,insightface_bbox,0.7156069874763489,1045.9747314453125,977.5798950195312,2064.0,2718.782958984375,0,0,0,0,0,0,0,0,0,0,0,0,0.03527863323688507,0.02106846496462822,0.03000604175031185,0.016000062227249146,0.008673335425555706,0.016407301649451256,0.016648883000016212,0.025687208399176598,0.0644870400428772,0.054178010672330856,0.020682260394096375,0.04515135660767555
119,3.966666666666667,,,,insightface_bbox,0.7156069874763489,1045.9747314453125,977.5798950195312,2064.0,2718.782958984375,0,0,0,0,0,0,0,0,0,0,0,0,0.032540302723646164,0.019035713747143745,0.0278030876070261,0.014076176099479198,0.008252029307186604,0.014983521774411201,0.01609829068183899,0.021783556789159775,0.055164337158203125,0.043567441403865814,0.017465345561504364,0.04109013080596924
120,4.0,,,,insightface_bbox,0.7368028163909912,1041.80078125,1008.4888916015625,2064.0,2660.330810546875,0,0,0,0,0,0,0,0,0,0,0,0,0.03050706349313259,0.018316078931093216,0.026988303288817406,0.013865063898265362,0.007975133135914803,0.014512455090880394,0.015099484473466873,0.021180924028158188,0.05331152677536011,0.04142773151397705,0.015927325934171677,0.039513833820819855
121,4.033333333333333,,,,insightface_bbox,0.7368028163909912,1041.80078125,1008.4888916015625,2064.0,2660.330810546875,0,0,0,0,0,0,0,0,0,0,0,0,0.032340746372938156,0.019917838275432587,0.02678765170276165,0.014934586361050606,0.008379703387618065,0.015342043712735176,0.017052974551916122,0.022357843816280365,0.0549967959523201,0.04361706227064133,0.01876875013113022,0.042574018239974976
122,4.066666666666666,,,,insightface_bbox,0.7368028163909912,1041.80078125,1008.4888916015625,2064.0,2660.330810546875,0,0,0,0,0,0,0,0,0,0,0,0,0.0337626151740551,0.021533846855163574,0.026862572878599167,0.015818612650036812,0.008996528573334217,0.016243254765868187,0.01859431527554989,0.02283400297164917,0.05653565749526024,0.04632677882909775,0.02007363736629486,0.044651202857494354
123,4.1,,,,insightface_bbox,0.7368028163909912,1041.80078125,1008.4888916015625,2064.0,2660.330810546875,0,0,0,0,0,0,0,0,0,0,0,0,0.0360942967236042,0.023441387340426445,0.029034316539764404,0.017299408093094826,0.009389695711433887,0.017149819061160088,0.01991119608283043,0.024134723469614983,0.05991683155298233,0.05069054290652275,0.02066556178033352,0.046888209879398346
124,4.133333333333334,,,,insightface_bbox,0.7368028163909912,1041.80078125,1008.4888916015625,2064.0,2660.330810546875,0,0,0,0,0,0,0,0,0,0,0,0,0.03522982448339462,0.023143131285905838,0.028926536440849304,0.017702236771583557,0.009295230731368065,0.016831181943416595,0.022698253393173218,0.023292966187000275,0.06270230561494827,0.052710920572280884,0.01871596649289131,0.04641977697610855
125,4.166666666666667,,,,insightface_bbox,0.7368028163909912,1041.80078125,1008.4888916015625,2064.0,2660.330810546875,0,0,0,0,0,0,0,0,0,0,0,0,0.035138729959726334,0.02421468123793602,0.029134072363376617,0.01848689280450344,0.009328950196504593,0.01715175248682499,0.022823061794042587,0.023651281371712685,0.0614200159907341,0.052667319774627686,0.0186263807117939,0.046163465827703476
126,4.2,,,,insightface_bbox,0.7240739464759827,1041.5076904296875,1000.82275390625,2064.0,2692.636474609375,0,0,0,0,0,0,0,0,0,0,0,0,0.03385760635137558,0.02257590927183628,0.02898888848721981,0.018906908109784126,0.009235617704689503,0.015757353976368904,0.021853331476449966,0.02445315755903721,0.06764883548021317,0.0580143928527832,0.012654371559619904,0.04041820764541626
127,4.233333333333333,,,,insightface_bbox,0.7240739464759827,1041.5076904296875,1000.82275390625,2064.0,2692.636474609375,0,0,0,0,0,0,0,0,0,0,0,0,0.03657308220863342,0.024002451449632645,0.030983855947852135,0.01919310912489891,0.009477389976382256,0.01658668927848339,0.019803881645202637,0.025101248174905777,0.06876856088638306,0.0581127405166626,0.013064175844192505,0.04150538146495819
128,4.266666666666667,,,,insightface_bbox,0.7240739464759827,1041.5076904296875,1000.82275390625,2064.0,2692.636474609375,0,0,0,0,0,0,0,0,0,0,0,0,0.0376831479370594,0.02320791780948639,0.03271818533539772,0.018123436719179153,0.009548185393214226,0.016292890533804893,0.01938197948038578,0.02386811189353466,0.07312166690826416,0.06113559007644653,0.011332323774695396,0.03858048841357231
129,4.3,,,,insightface_bbox,0.7240739464759827,1041.5076904296875,1000.82275390625,2064.0,2692.636474609375,0,0,0,0,0,0,0,0,0,0,0,0,0.035508811473846436,0.021049804985523224,0.03189773112535477,0.01611904799938202,0.0088997483253479,0.015484971925616264,0.018773678690195084,0.022576553747057915,0.0727449283003807,0.05883532017469406,0.010356557555496693,0.03471432626247406
130,4.333333333333333,,,,insightface_bbox,0.7240739464759827,1041.5076904296875,1000.82275390625,2064.0,2692.636474609375,0,0,0,0,0,0,0,0,0,0,0,0,0.05838797986507416,0.03323730453848839,0.059521690011024475,0.027543064206838608,0.01278638280928135,0.028052426874637604,0.04330254718661308,0.033153336495161057,0.0753168910741806,0.07904664427042007,0.046341750770807266,0.06636359542608261
131,4.366666666666666,,,,insightface_bbox,0.7240739464759827,1041.5076904296875,1000.82275390625,2064.0,2692.636474609375,0,0,0,0,0,0,0,0,0,0,0,0,0.0687033012509346,0.03696771338582039,0.07584064453840256,0.03141433373093605,0.013309917412698269,0.03845582902431488,0.04717721790075302,0.034720275551080704,0.07514746487140656,0.08749853819608688,0.1194155216217041,0.08856929838657379
132,4.4,,,,insightface_bbox,0.6645070314407349,1091.8458251953125,988.00244140625,2064.0,2646.552734375,0,0,0,0,0,0,0,0,0,0,0,0,0.06316205859184265,0.028182081878185272,0.11270666122436523,0.020478736609220505,0.008006689138710499,0.022079015150666237,0.011880101636052132,0.03028567135334015,0.07279102504253387,0.05645564943552017,0.040297962725162506,0.05177149921655655
133,4.433333333333334,,,,insightface_bbox,0.6645070314407349,1091.8458251953125,988.00244140625,2064.0,2646.552734375,0,0,0,0,0,0,0,0,0,0,0,0,0.0655737966299057,0.02915911003947258,0.11782112717628479,0.020363835617899895,0.0083893071860075,0.021965645253658295,0.012998685240745544,0.02864004112780094,0.07479323446750641,0.056925125420093536,0.029389776289463043,0.04500240087509155
134,4.466666666666667,,,,insightface_bbox,0.6645070314407349,1091.8458251953125,988.00244140625,2064.0,2646.552734375,0,0,0,0,0,0,0,0,0,0,0,0,0.06373443454504013,0.028085382655262947,0.11713533103466034,0.01758827082812786,0.007575525902211666,0.017053915187716484,0.011211545206606388,0.025620896369218826,0.07585717737674713,0.05193037539720535,0.017626050859689713,0.04093310236930847
135,4.5,,,,insightface_bbox,0.6645070314407349,1091.8458251953125,988.00244140625,2064.0,2646.552734375,0,0,0,0,0,0,0,0,0,0,0,0,0.06587450206279755,0.029887154698371887,0.12344716489315033,0.02073662355542183,0.009467323310673237,0.020741725340485573,0.015395617112517357,0.031727422028779984,0.09336594492197037,0.0663931667804718,0.01974470540881157,0.04776231199502945
136,4.533333333333333,,,,insightface_bbox,0.6645070314407349,1091.8458251953125,988.00244140625,2064.0,2646.552734375,0,0,0,0,0,0,0,0,0,0,0,0,0.051927920430898666,0.02283596619963646,0.09114041179418564,0.0187157541513443,0.009292333386838436,0.01972324028611183,0.012176195159554482,0.028683824464678764,0.08327707648277283,0.06405220180749893,0.022690940648317337,0.04472684860229492
137,4.566666666666666,,,,insightface_bbox,0.6645070314407349,1091.8458251953125,988.00244140625,2064.0,2646.552734375,0,0,0,0,0,0,0,0,0,0,0,0,0.042681340128183365,0.02016812562942505,0.08101075142621994,0.016750063747167587,0.00826270692050457,0.017574284225702286,0.01068215724080801,0.026614494621753693,0.076023630797863,0.056701578199863434,0.0208493210375309,0.04041692614555359
138,4.6,,,,insightface_bbox,0.6667227149009705,1078.271728515625,1003.7674560546875,2064.0,2692.263427734375,0,0,0,0,0,0,0,0,0,0,0,0,0.05525723099708557,0.030272599309682846,0.08816159516572952,0.02178511582314968,0.009117335081100464,0.026161374524235725,0.016074351966381073,0.030956149101257324,0.07643155008554459,0.05752875655889511,0.05455652251839638,0.0585329495370388
139,4.633333333333334,,,,insightface_bbox,0.6667227149009705,1078.271728515625,1003.7674560546875,2064.0,2692.263427734375,0,0,0,0,0,0,0,0,0,0,0,0,0.051908448338508606,0.029872935265302658,0.10201777517795563,0.0221770778298378,0.008440139703452587,0.02659015543758869,0.012808921746909618,0.03572537750005722,0.09002574533224106,0.06817445904016495,0.04076182842254639,0.05170121416449547
140,4.666666666666667,,,,insightface_bbox,0.6667227149009705,1078.271728515625,1003.7674560546875,2064.0,2692.263427734375,0,0,0,0,0,0,0,0,0,0,0,0,0.030754201114177704,0.01861378736793995,0.034266676753759384,0.015116967260837555,0.006813183892518282,0.01277553103864193,0.014874272048473358,0.025022141635417938,0.08161699771881104,0.071393221616745,0.012700341641902924,0.040356218814849854
141,4.7,,,,insightface_bbox,0.6667227149009705,1078.271728515625,1003.7674560546875,2064.0,2692.263427734375,0,0,0,0,0,0,0,0,0,0,0,0,0.03247922286391258,0.02037779428064823,0.03139315918087959,0.01677936688065529,0.007361378986388445,0.013971278443932533,0.015148893930017948,0.028790051117539406,0.08414050936698914,0.08309417963027954,0.017543381080031395,0.04612867161631584
142,4.733333333333333,,,,insightface_bbox,0.6667227149009705,1078.271728515625,1003.7674560546875,2064.0,2692.263427734375,0,0,0,0,0,0,0,0,0,1,0,0,0.03343451768159866,0.020802563056349754,0.03323820233345032,0.017372600734233856,0.007833892479538918,0.014912826009094715,0.01691291853785515,0.029715921729803085,0.0856027826666832,0.08926496654748917,0.021025948226451874,0.054233647882938385
143,4.766666666666667,,,,insightface_bbox,0.6667227149009705,1078.271728515625,1003.7674560546875,2064.0,2692.263427734375,0,0,0,0,0,0,0,0,0,0,0,0,0.03753870725631714,0.024209292605519295,0.04030755162239075,0.01824611984193325,0.0073128617368638515,0.015440164133906364,0.012974405661225319,0.028705168515443802,0.08047611266374588,0.08147355169057846,0.02027267962694168,0.05180094763636589
144,4.8,,,,insightface_bbox,0.6984751224517822,1061.3828125,1012.2147216796875,2064.0,2681.332275390625,0,0,0,0,0,0,0,0,0,0,0,0,0.03381454199552536,0.02033790573477745,0.03132101520895958,0.016346963122487068,0.008134735748171806,0.014674562960863113,0.01757856272161007,0.023296847939491272,0.07704834640026093,0.06774134188890457,0.014079557731747627,0.04393446445465088
145,4.833333333333333,,,,insightface_bbox,0.6984751224517822,1061.3828125,1012.2147216796875,2064.0,2681.332275390625,0,0,0,0,0,0,0,0,0,0,0,0,0.03681443631649017,0.02204945683479309,0.03374316170811653,0.018737539649009705,0.009487783536314964,0.016063641756772995,0.023228954523801804,0.025086047127842903,0.07766932994127274,0.06997337937355042,0.012981453910470009,0.04410940408706665
146,4.866666666666666,,,,insightface_bbox,0.6984751224517822,1061.3828125,1012.2147216796875,2064.0,2681.332275390625,0,0,0,0,0,0,0,0,0,0,0,0,0.03862835094332695,0.02257521264255047,0.040857091546058655,0.019440066069364548,0.009186862036585808,0.015458590351045132,0.025054678320884705,0.023537760600447655,0.0842757597565651,0.06865368783473969,0.007572269532829523,0.0338100790977478
147,4.9,,,,insightface_bbox,0.6984751224517822,1061.3828125,1012.2147216796875,2064.0,2681.332275390625,0,0,0,0,0,0,0,0,0,0,0,0,0.040041837841272354,0.02435983717441559,0.04354749247431755,0.020050056278705597,0.009211397729814053,0.016202788800001144,0.02411624602973461,0.02404843270778656,0.08233211189508438,0.06850351393222809,0.008599784225225449,0.03611495718359947
148,4.933333333333334,,,,insightface_bbox,0.6984751224517822,1061.3828125,1012.2147216796875,2064.0,2681.332275390625,0,0,0,0,0,0,0,0,0,0,0,0,0.03714017942547798,0.02193812094628811,0.03348745033144951,0.018497787415981293,0.008662797510623932,0.015432203188538551,0.021837282925844193,0.02435557171702385,0.07431462407112122,0.06312364339828491,0.009982157498598099,0.0357830785214901
149,4.966666666666667,,,,insightface_bbox,0.6984751224517822,1061.3828125,1012.2147216796875,2064.0,2681.332275390625,0,0,0,0,0,0,0,0,0,1,0,0,0.0404760017991066,0.023985756561160088,0.04170091450214386,0.018993360921740532,0.008225614205002785,0.016794221475720406,0.018328187987208366,0.027049889788031578,0.08742007613182068,0.08097435534000397,0.01047977339476347,0.036387328058481216
150,5.0,,,,insightface_bbox,0.6839870810508728,1088.40234375,956.233154296875,2064.0,2701.98681640625,0,0,0,0,0,0,0,0,0,0,0,0,0.0451025664806366,0.025734398514032364,0.06674546003341675,0.020981838926672935,0.007023727521300316,0.01879366859793663,0.012641353532671928,0.033283479511737823,0.07864700257778168,0.06634461879730225,0.023587031289935112,0.04638209566473961
151,5.033333333333333,,,,insightface_bbox,0.6839870810508728,1088.40234375,956.233154296875,2064.0,2701.98681640625,0,0,0,0,0,0,0,0,0,0,0,0,0.04238810017704964,0.02448471263051033,0.06638211011886597,0.019769690930843353,0.00722109992057085,0.018383432179689407,0.01192653551697731,0.032479580491781235,0.07962045073509216,0.0655626505613327,0.0207339059561491,0.04440908879041672
152,5.066666666666666,,,,insightface_bbox,0.6839870810508728,1088.40234375,956.233154296875,2064.0,2701.98681640625,0,0,0,0,0,0,0,0,0,0,0,0,0.046045999974012375,0.02667960897088051,0.07201112061738968,0.021601151674985886,0.007698358967900276,0.019505329430103302,0.013184202834963799,0.0344860702753067,0.08367422968149185,0.07180101424455643,0.022036585956811905,0.049280524253845215
153,5.1,,,,insightface_bbox,0.6839870810508728,1088.40234375,956.233154296875,2064.0,2701.98681640625,0,0,0,0,0,0,0,0,0,0,0,0,0.02838071435689926,0.016066011041402817,0.03247334808111191,0.014648480340838432,0.006884783506393433,0.012338923290371895,0.013725188560783863,0.02343049645423889,0.06701217591762543,0.06008944660425186,0.00979008711874485,0.03456926345825195
154,5.133333333333334,,,,insightface_bbox,0.6839870810508728,1088.40234375,956.233154296875,2064.0,2701.98681640625,0,0,0,0,0,0,0,0,0,0,0,0,0.027130896225571632,0.015664368867874146,0.03006890043616295,0.014151102863252163,0.006583077367395163,0.01205609180033207,0.013578594662249088,0.022842397913336754,0.06905601173639297,0.06459871679544449,0.009071295149624348,0.03504694253206253
155,5.166666666666667,,,,insightface_bbox,0.6839870810508728,1088.40234375,956.233154296875,2064.0,2701.98681640625,0,0,0,0,0,0,0,0,0,0,0,0,0.027365263551473618,0.01574539765715599,0.030525360256433487,0.01344192773103714,0.006289847195148468,0.012111999094486237,0.01268310658633709,0.02283075451850891,0.06904146820306778,0.06608596444129944,0.010035871528089046,0.036906447261571884
156,5.2,,,,insightface_bbox,0.6830035448074341,1060.1187744140625,968.5194702148438,2064.0,2665.074951171875,0,0,0,0,0,0,0,0,0,0,0,0,0.0354149267077446,0.020297130569815636,0.03355656564235687,0.01701643504202366,0.007862008176743984,0.014295428991317749,0.018967773765325546,0.025359004735946655,0.0791391059756279,0.06852253526449203,0.008434275165200233,0.03528665378689766
157,5.233333333333333,,,,insightface_bbox,0.6830035448074341,1060.1187744140625,968.5194702148438,2064.0,2665.074951171875,0,0,0,0,0,0,0,0,0,0,0,0,0.0363493375480175,0.02208092249929905,0.034449607133865356,0.018465185537934303,0.008241092786192894,0.015580432489514351,0.021906180307269096,0.026575541123747826,0.07994720339775085,0.07110203057527542,0.01112203486263752,0.040825992822647095
158,5.266666666666667,,,,insightface_bbox,0.6830035448074341,1060.1187744140625,968.5194702148438,2064.0,2665.074951171875,0,0,0,0,0,0,0,0,0,0,0,0,0.035363852977752686,0.021772585809230804,0.0343228243291378,0.018383178859949112,0.00791027583181858,0.015369467437267303,0.021785663440823555,0.027032101526856422,0.07869900017976761,0.0695619136095047,0.01152807753533125,0.04089413210749626
159,5.3,,,,insightface_bbox,0.6830035448074341,1060.1187744140625,968.5194702148438,2064.0,2665.074951171875,0,0,0,0,0,0,0,0,0,0,0,0,0.03513818234205246,0.021477118134498596,0.033683985471725464,0.01840723119676113,0.007832739502191544,0.015211373567581177,0.0217997245490551,0.02731200121343136,0.07794534415006638,0.06921085715293884,0.011575547978281975,0.04025045409798622
160,5.333333333333333,,,,insightface_bbox,0.6830035448074341,1060.1187744140625,968.5194702148438,2064.0,2665.074951171875,0,0,0,0,0,0,0,0,0,0,0,0,0.03475286066532135,0.021269964054226875,0.032975293695926666,0.018514359369874,0.007875684648752213,0.015272282063961029,0.02212512120604515,0.027791697531938553,0.07870686054229736,0.06983397901058197,0.01193439494818449,0.04070684313774109
161,5.366666666666666,,,,insightface_bbox,0.6830035448074341,1060.1187744140625,968.5194702148438,2064.0,2665.074951171875,0,0,0,0,0,0,0,0,0,0,0,0,0.0350770577788353,0.021285422146320343,0.0331190750002861,0.018747664988040924,0.008097543381154537,0.015481768175959587,0.02309216372668743,0.027737179771065712,0.07839448004961014,0.06910386681556702,0.012009060010313988,0.0406547412276268
162,5.4,,,,insightface_bbox,0.6909762620925903,1056.64501953125,978.9011840820312,2064.0,2650.440673828125,0,0,0,0,0,0,0,0,0,0,0,0,0.033714260905981064,0.0208115354180336,0.030650649219751358,0.017176605761051178,0.008190341293811798,0.015056274831295013,0.02295827679336071,0.024740377441048622,0.07721326500177383,0.06613041460514069,0.010727955028414726,0.038200438022613525
163,5.433333333333334,,,,insightface_bbox,0.6909762620925903,1056.64501953125,978.9011840820312,2064.0,2650.440673828125,0,0,0,0,0,0,0,0,0,0,0,0,0.03276454657316208,0.020025094971060753,0.029279673472046852,0.01673741266131401,0.008357467129826546,0.014523610472679138,0.024069735780358315,0.02433527261018753,0.07880925387144089,0.06599106639623642,0.010680953040719032,0.039736296981573105
164,5.466666666666667,,,,insightface_bbox,0.6909762620925903,1056.64501953125,978.9011840820312,2064.0,2650.440673828125,0,0,0,0,0,0,0,0,0,0,0,0,0.032034218311309814,0.019690105691552162,0.027321018278598785,0.01671367697417736,0.008647392503917217,0.014371123164892197,0.02529381960630417,0.0244202371686697,0.07782808691263199,0.06310059130191803,0.011305619031190872,0.04134379327297211
165,5.5,,,,insightface_bbox,0.6909762620925903,1056.64501953125,978.9011840820312,2064.0,2650.440673828125,0,0,0,0,0,0,0,0,0,0,0,0,0.033167820423841476,0.02030125819146633,0.027770819142460823,0.01726492866873741,0.009096402674913406,0.01471797376871109,0.026434224098920822,0.02520688809454441,0.07869389653205872,0.06227119266986847,0.011849740520119667,0.04232986271381378
166,5.533333333333333,,,,insightface_bbox,0.6909762620925903,1056.64501953125,978.9011840820312,2064.0,2650.440673828125,0,0,0,0,0,0,0,0,0,0,0,0,0.033219579607248306,0.02050420083105564,0.027023909613490105,0.017396574839949608,0.00908498466014862,0.014549451880156994,0.025963634252548218,0.02561555802822113,0.07927031815052032,0.06314124166965485,0.011704537086188793,0.0428776741027832
167,5.566666666666666,,,,insightface_bbox,0.6909762620925903,1056.64501953125,978.9011840820312,2064.0,2650.440673828125,0,0,0,0,0,0,0,0,0,0,0,0,0.03280510753393173,0.02059759572148323,0.026227638125419617,0.017298899590969086,0.008972357958555222,0.014556371606886387,0.025156375020742416,0.026161637157201767,0.07790400832891464,0.06226884573698044,0.012536793015897274,0.04345925152301788
168,5.6,,,,insightface_bbox,0.6600449085235596,1044.0792236328125,961.7219848632812,2056.337646484375,2633.410400390625,0,0,0,0,0,0,0,0,0,0,0,0,0.03212769329547882,0.02065131440758705,0.025303039699792862,0.016969837248325348,0.009109110571444035,0.014911195263266563,0.022448377683758736,0.027519410476088524,0.07689180225133896,0.06306014209985733,0.01433798111975193,0.04594035446643829
169,5.633333333333334,,,,insightface_bbox,0.6600449085235596,1044.0792236328125,961.7219848632812,2056.337646484375,2633.410400390625,0,0,0,0,0,0,0,0,0,0,0,0,0.03201097622513771,0.020701497793197632,0.02640225924551487,0.017129801213741302,0.008942586369812489,0.014622615650296211,0.024008259177207947,0.027054250240325928,0.08011321723461151,0.06379987299442291,0.013062815181910992,0.045097410678863525
170,5.666666666666667,,,,insightface_bbox,0.6600449085235596,1044.0792236328125,961.7219848632812,2056.337646484375,2633.410400390625,0,0,0,0,0,0,0,0,0,0,0,0,0.031798288226127625,0.020600982010364532,0.02648738957941532,0.016910120844841003,0.008790424093604088,0.014492278918623924,0.023780740797519684,0.026695139706134796,0.07958684116601944,0.0633242130279541,0.012542018666863441,0.044004540890455246
171,5.7,,,,insightface_bbox,0.6600449085235596,1044.0792236328125,961.7219848632812,2056.337646484375,2633.410400390625,0,0,0,0,0,0,0,0,0,0,0,0,0.03212784603238106,0.020495489239692688,0.02699855901300907,0.017154214903712273,0.00899104867130518,0.014557568356394768,0.02515612542629242,0.026760615408420563,0.08146704733371735,0.06474314630031586,0.012030677869915962,0.04311300441622734
172,5.733333333333333,,,,insightface_bbox,0.6600449085235596,1044.0792236328125,961.7219848632812,2056.337646484375,2633.410400390625,0,0,0,0,0,0,0,0,0,0,0,0,0.03240075334906578,0.020726295188069344,0.027489904314279556,0.01745428703725338,0.009173241443932056,0.014756496995687485,0.026030240580439568,0.027080360800027847,0.0832325667142868,0.06692732870578766,0.011778176762163639,0.0428151860833168
173,5.766666666666667,,,,insightface_bbox,0.6600449085235596,1044.0792236328125,961.7219848632812,2056.337646484375,2633.410400390625,0,0,0,0,0,0,0,0,0,0,0,0,0.0329316183924675,0.021077260375022888,0.028287777677178383,0.01785300485789776,0.00935425702482462,0.01505875214934349,0.026740770787000656,0.02781425602734089,0.08421283960342407,0.06784229725599289,0.011936461552977562,0.04331902414560318
174,5.8,,,,insightface_bbox,0.652580738067627,1048.1654052734375,968.0281982421875,2060.187744140625,2633.302001953125,0,0,0,0,0,0,0,0,0,0,0,0,0.03216211497783661,0.020326821133494377,0.02767137438058853,0.01739269122481346,0.009278160519897938,0.01480037346482277,0.02550320327281952,0.02772871032357216,0.08259683102369308,0.06720317900180817,0.011403561569750309,0.04165723919868469
175,5.833333333333333,,,,insightface_bbox,0.652580738067627,1048.1654052734375,968.0281982421875,2060.187744140625,2633.302001953125,0,0,0,0,0,0,0,0,0,0,0,0,0.03146001696586609,0.01985691487789154,0.027263835072517395,0.017135655507445335,0.009181082248687744,0.014632921665906906,0.02520121820271015,0.02712918072938919,0.08356209844350815,0.06742274761199951,0.011142906732857227,0.04081651568412781
176,5.866666666666666,,,,insightface_bbox,0.652580738067627,1048.1654052734375,968.0281982421875,2060.187744140625,2633.302001953125,0,0,0,0,0,0,0,0,0,0,0,0,0.03167351335287094,0.02010469324886799,0.02733909711241722,0.017413487657904625,0.009334501810371876,0.01482708752155304,0.026033978909254074,0.027811329811811447,0.084772989153862,0.06938707828521729,0.011743186973035336,0.04195926710963249
177,5.9,,,,insightface_bbox,0.652580738067627,1048.1654052734375,968.0281982421875,2060.187744140625,2633.302001953125,0,0,0,0,0,0,0,0,0,0,0,0,0.03118325211107731,0.019697941839694977,0.026769740507006645,0.0169722568243742,0.009039908647537231,0.014485121704638004,0.025034787133336067,0.026792515069246292,0.08281472325325012,0.0672958716750145,0.011147801764309406,0.04077084735035896
178,5.933333333333334,,,,insightface_bbox,0.652580738067627,1048.1654052734375,968.0281982421875,2060.187744140625,2633.302001953125,0,0,0,0,0,0,0,0,0,0,0,0,0.031147068366408348,0.019565343856811523,0.027100415900349617,0.016838720068335533,0.0088773462921381,0.01442469097673893,0.02480495348572731,0.0261734277009964,0.08187483996152878,0.06710454821586609,0.010854457505047321,0.04038061946630478
179,5.966666666666667,,,,insightface_bbox,0.652580738067627,1048.1654052734375,968.0281982421875,2060.187744140625,2633.302001953125,0,0,0,0,0,0,0,0,0,0,0,0,0.03196820244193077,0.020218415185809135,0.026812562718987465,0.017323190346360207,0.009003725834190845,0.014625882729887962,0.025864923372864723,0.026246169582009315,0.0814700797200203,0.0671192929148674,0.01101735420525074,0.041128288954496384
180,6.0,,,,insightface_bbox,0.6750339269638062,1044.2906494140625,990.8624877929688,2062.329345703125,2641.251953125,0,0,0,0,0,0,0,0,0,0,0,0,0.03063052147626877,0.02055705524981022,0.02509383112192154,0.017225101590156555,0.0087395329028368,0.0146862817928195,0.02372192218899727,0.02688184194266796,0.07759484648704529,0.06248900666832924,0.014599467627704144,0.047300174832344055
181,6.033333333333333,,,,insightface_bbox,0.6750339269638062,1044.2906494140625,990.8624877929688,2062.329345703125,2641.251953125,0,0,0,0,0,0,0,0,0,0,0,0,0.030688541010022163,0.02012588083744049,0.024962209165096283,0.016911521553993225,0.00859557744115591,0.014494787901639938,0.023364558815956116,0.02661704272031784,0.07795577496290207,0.06218193471431732,0.013457117602229118,0.04574565589427948
182,6.066666666666666,,,,insightface_bbox,0.6750339269638062,1044.2906494140625,990.8624877929688,2062.329345703125,2641.251953125,0,0,0,0,0,0,0,0,0,0,0,0,0.03037841059267521,0.01980428583920002,0.024786479771137238,0.016942907124757767,0.008571155369281769,0.014238366857171059,0.024380270391702652,0.0263469647616148,0.07794885337352753,0.06241927295923233,0.012556654401123524,0.04530532285571098
183,6.1,,,,insightface_bbox,0.6750339269638062,1044.2906494140625,990.8624877929688,2062.329345703125,2641.251953125,0,0,0,0,0,0,0,0,0,0,0,0,0.0308859720826149,0.02019757777452469,0.025042306631803513,0.017301226034760475,0.008619808591902256,0.014473846182227135,0.024891404435038567,0.026752594858407974,0.07790941745042801,0.06283269822597504,0.012938413769006729,0.04576150327920914
184,6.133333333333334,,,,insightface_bbox,0.6750339269638062,1044.2906494140625,990.8624877929688,2062.329345703125,2641.251953125,0,0,0,0,0,0,0,0,0,0,0,0,0.030903585255146027,0.020285220816731453,0.02489035576581955,0.017435362562537193,0.008646560832858086,0.014617465436458588,0.025177495554089546,0.02692936174571514,0.07745160162448883,0.0626014769077301,0.013840985484421253,0.04725917801260948
185,6.166666666666667,,,,insightface_bbox,0.6750339269638062,1044.2906494140625,990.8624877929688,2062.329345703125,2641.251953125,0,0,0,0,0,0,0,0,0,0,0,0,0.030881186947226524,0.020261341705918312,0.02485709637403488,0.017322203144431114,0.008599778637290001,0.01460220292210579,0.02482057362794876,0.026620009914040565,0.07643868029117584,0.061555225402116776,0.014742751605808735,0.048823222517967224
186,6.2,,,,insightface_bbox,0.6690425872802734,1043.5438232421875,974.9093627929688,2061.97998046875,2647.35107421875,0,0,0,0,0,0,0,0,0,0,0,0,0.031831350177526474,0.02144414559006691,0.025205343961715698,0.018047839403152466,0.008765378966927528,0.015059690922498703,0.025626983493566513,0.026660507544875145,0.07550953328609467,0.06134534254670143,0.016198445111513138,0.05034825950860977
187,6.233333333333333,,,,insightface_bbox,0.6690425872802734,1043.5438232421875,974.9093627929688,2061.97998046875,2647.35107421875,0,0,0,0,0,0,0,0,0,0,0,0,0.03222642093896866,0.021434759721159935,0.024947907775640488,0.018234940245747566,0.008821516297757626,0.015036091208457947,0.026358040049672127,0.02649002894759178,0.07613120228052139,0.06304202973842621,0.01579112559556961,0.05072260648012161
188,6.266666666666667,,,,insightface_bbox,0.6690425872802734,1043.5438232421875,974.9093627929688,2061.97998046875,2647.35107421875,0,0,0,0,0,0,0,0,0,0,0,0,0.03212544322013855,0.02137989178299904,0.024659262970089912,0.018340494483709335,0.008915898390114307,0.014966578222811222,0.02757437713444233,0.026043787598609924,0.07600750774145126,0.06346561759710312,0.01557363010942936,0.050265565514564514
189,6.3,,,,insightface_bbox,0.6690425872802734,1043.5438232421875,974.9093627929688,2061.97998046875,2647.35107421875,0,0,0,0,0,0,0,0,0,0,0,0,0.03178584948182106,0.021040214225649834,0.024293309077620506,0.018118616193532944,0.008870402351021767,0.014807503670454025,0.02765214443206787,0.025637172162532806,0.07589109987020493,0.06382334232330322,0.015344187617301941,0.049508433789014816
190,6.333333333333333,,,,insightface_bbox,0.6690425872802734,1043.5438232421875,974.9093627929688,2061.97998046875,2647.35107421875,0,0,0,0,0,0,0,0,0,0,0,0,0.03201843798160553,0.02105376496911049,0.023982321843504906,0.018003441393375397,0.008872644044458866,0.014878259040415287,0.027660802006721497,0.025193339213728905,0.07435117661952972,0.06205752491950989,0.015736648812890053,0.048934586346149445
191,6.366666666666666,,,,insightface_bbox,0.6690425872802734,1043.5438232421875,974.9093627929688,2061.97998046875,2647.35107421875,0,0,0,0,0,0,0,0,0,0,0,0,0.03182892128825188,0.020809175446629524,0.023933161050081253,0.018008701503276825,0.008938283659517765,0.014864595606923103,0.028034133836627007,0.025224246084690094,0.07473402470350266,0.06247873604297638,0.01587219350039959,0.04928063601255417
192,6.4,,,,insightface_bbox,0.6599342823028564,1044.099609375,964.0765380859375,2060.77099609375,2647.50146484375,0,0,0,0,0,0,0,0,0,0,0,0,0.031748734414577484,0.020399775356054306,0.024135857820510864,0.01772891916334629,0.00866958312690258,0.014303921721875668,0.02749171480536461,0.02612111158668995,0.07900652289390564,0.06539524346590042,0.012630414217710495,0.04636119678616524
193,6.433333333333334,,,,insightface_bbox,0.6599342823028564,1044.099609375,964.0765380859375,2060.77099609375,2647.50146484375,0,0,0,0,0,0,0,0,0,0,0,0,0.03128750994801521,0.020199038088321686,0.02402564138174057,0.01781090348958969,0.008704906329512596,0.014181806705892086,0.02903115004301071,0.0264529250562191,0.08172386139631271,0.0677989199757576,0.01182619109749794,0.04573965072631836
194,6.466666666666667,,,,insightface_bbox,0.6599342823028564,1044.099609375,964.0765380859375,2060.77099609375,2647.50146484375,0,0,0,0,0,0,0,0,0,0,0,0,0.03138607740402222,0.020019104704260826,0.023900223895907402,0.01831614039838314,0.008972409181296825,0.014103880152106285,0.03266269713640213,0.026544565334916115,0.08311767131090164,0.06951594352722168,0.011103291995823383,0.04543609172105789
195,6.5,,,,insightface_bbox,0.6599342823028564,1044.099609375,964.0765380859375,2060.77099609375,2647.50146484375,0,0,0,0,0,0,0,0,0,0,0,0,0.0319964773952961,0.0202542245388031,0.024615086615085602,0.018456626683473587,0.009093151427805424,0.014164850115776062,0.033396925777196884,0.02670770324766636,0.08486276865005493,0.07039795070886612,0.010580223985016346,0.044873736798763275
196,6.533333333333333,,,,insightface_bbox,0.6599342823028564,1044.099609375,964.0765380859375,2060.77099609375,2647.50146484375,0,0,0,0,0,0,0,0,0,0,0,0,0.032091304659843445,0.020321069285273552,0.02446860261261463,0.01850719004869461,0.009101993404328823,0.014199168421328068,0.03344685211777687,0.026670070365071297,0.08475399762392044,0.07047875225543976,0.0106805469840765,0.045139625668525696
197,6.566666666666666,,,,insightface_bbox,0.6599342823028564,1044.099609375,964.0765380859375,2060.77099609375,2647.50146484375,0,0,0,0,0,0,0,0,0,0,0,0,0.03201112896203995,0.020240146666765213,0.024348312988877296,0.01867781952023506,0.009185846894979477,0.01429602038115263,0.03398585692048073,0.026758013293147087,0.08399669080972672,0.07003995776176453,0.011354228481650352,0.04619211331009865
198,6.6,,,,insightface_bbox,0.6755783557891846,1048.9447021484375,972.6168212890625,2062.569580078125,2644.197509765625,0,0,0,0,0,0,0,0,0,0,0,0,0.03312370553612709,0.020364195108413696,0.02528180181980133,0.018893036991357803,0.009402664378285408,0.014328324235975742,0.03551427647471428,0.026318076997995377,0.08717411011457443,0.07244367897510529,0.010008066892623901,0.04428181052207947
199,6.633333333333334,,,,insightface_bbox,0.6755783557891846,1048.9447021484375,972.6168212890625,2062.569580078125,2644.197509765625,0,0,0,0,0,0,0,0,0,0,0,0,0.03308655321598053,0.020353587344288826,0.02517082169651985,0.018983159214258194,0.009480231441557407,0.014445547945797443,0.0366840660572052,0.026152007281780243,0.08703693747520447,0.07201158255338669,0.010336838662624359,0.04425322636961937
200,6.666666666666667,,,,insightface_bbox,0.6755783557891846,1048.9447021484375,972.6168212890625,2062.569580078125,2644.197509765625,0,0,0,0,0,0,0,0,0,0,0,0,0.033458977937698364,0.020493611693382263,0.02549189329147339,0.01917976513504982,0.009570259600877762,0.014560502953827381,0.03685075044631958,0.026380253955721855,0.08745436370372772,0.07247930020093918,0.010488903149962425,0.04503416270017624
201,6.7,,,,insightface_bbox,0.6755783557891846,1048.9447021484375,972.6168212890625,2062.569580078125,2644.197509765625,0,0,0,0,0,0,0,0,0,0,0,0,0.03409898653626442,0.020730990916490555,0.02602473273873329,0.019242364913225174,0.009750373661518097,0.014548767358064651,0.036528654396533966,0.026339681819081306,0.08866877853870392,0.07236691564321518,0.009844339452683926,0.04429258778691292
202,6.733333333333333,,,,insightface_bbox,0.6755783557891846,1048.9447021484375,972.6168212890625,2062.569580078125,2644.197509765625,0,0,0,0,0,0,0,0,0,0,0,0,0.03406176343560219,0.020744502544403076,0.02591731771826744,0.019286543130874634,0.009758061729371548,0.014576692134141922,0.03661758452653885,0.026436008512973785,0.08841928094625473,0.07221801578998566,0.010026371106505394,0.04457943141460419
203,6.766666666666667,,,,insightface_bbox,0.6755783557891846,1048.9447021484375,972.6168212890625,2062.569580078125,2644.197509765625,0,0,0,0,0,0,0,0,0,0,0,0,0.03423594310879707,0.020846065133810043,0.025952626019716263,0.019401738420128822,0.009805843234062195,0.014654790051281452,0.0367373563349247,0.02654416114091873,0.0887436494231224,0.07256323099136353,0.010184794664382935,0.04485499486327171
204,6.8,,,,insightface_bbox,0.6777456998825073,1051.1319580078125,965.412841796875,2063.35986328125,2648.93408203125,0,0,0,0,0,0,0,0,0,0,0,0,0.033479299396276474,0.019988305866718292,0.026413194835186005,0.018816625699400902,0.009613717906177044,0.014331956394016743,0.03435399755835533,0.025217771530151367,0.08412839472293854,0.06925493478775024,0.009896940551698208,0.042189937084913254
205,6.833333333333333,,,,insightface_bbox,0.6777456998825073,1051.1319580078125,965.412841796875,2063.35986328125,2648.93408203125,0,0,0,0,0,0,0,0,0,0,0,0,0.03400006890296936,0.020437542349100113,0.026882721111178398,0.0190028827637434,0.009659930132329464,0.014520538039505482,0.03416844457387924,0.026136916130781174,0.08665665984153748,0.07172724604606628,0.009908236563205719,0.04254896566271782
206,6.866666666666666,,,,insightface_bbox,0.6777456998825073,1051.1319580078125,965.412841796875,2063.35986328125,2648.93408203125,0,0,0,0,0,0,0,0,0,0,0,0,0.03452121466398239,0.020705725997686386,0.02700045332312584,0.01903686113655567,0.009721998125314713,0.01454694103449583,0.034271907061338425,0.02598937600851059,0.08678750693798065,0.07147344201803207,0.00990980677306652,0.04251418262720108
207,6.9,,,,insightface_bbox,0.6777456998825073,1051.1319580078125,965.412841796875,2063.35986328125,2648.93408203125,0,0,0,0,0,0,0,0,0,0,0,0,0.034167394042015076,0.020454972982406616,0.026502368971705437,0.018835388123989105,0.009704390540719032,0.014436553232371807,0.034185148775577545,0.025556202977895737,0.08568554371595383,0.07002086192369461,0.009934469126164913,0.04208698868751526
208,6.933333333333334,,,,insightface_bbox,0.6777456998825073,1051.1319580078125,965.412841796875,2063.35986328125,2648.93408203125,0,0,0,0,0,0,0,0,0,0,0,0,0.033730681985616684,0.020245973020792007,0.02637772634625435,0.018541796132922173,0.009525072760879993,0.014242611825466156,0.03334176540374756,0.025338489562273026,0.08562624454498291,0.06991316378116608,0.009630441665649414,0.04139348492026329
209,6.966666666666667,,,,insightface_bbox,0.6777456998825073,1051.1319580078125,965.412841796875,2063.35986328125,2648.93408203125,0,0,0,0,0,0,0,0,0,0,0,0,0.03333745151758194,0.019937664270401,0.02619132399559021,0.01833181083202362,0.009382727555930614,0.01403079740703106,0.032619453966617584,0.024990543723106384,0.08496246486902237,0.06960998475551605,0.009159604087471962,0.04018246755003929
210,7.0,,,,insightface_bbox,0.6716694831848145,1049.64208984375,969.5582275390625,2059.279296875,2649.1279296875,0,0,0,0,0,0,0,0,0,0,0,0,0.03229161351919174,0.019399378448724747,0.026185188442468643,0.017179403454065323,0.008726462721824646,0.013846778310835361,0.02784585952758789,0.023968497291207314,0.08126892894506454,0.06773114949464798,0.008916458114981651,0.03791065141558647
211,7.033333333333333,,,,insightface_bbox,0.6716694831848145,1049.64208984375,969.5582275390625,2059.279296875,2649.1279296875,0,0,0,0,0,0,0,0,0,0,0,0,0.03376104682683945,0.020631898194551468,0.026891203597187996,0.017856117337942123,0.008901486173272133,0.014384344220161438,0.029002733528614044,0.025069423019886017,0.08290502429008484,0.07136151939630508,0.009332395158708096,0.039630141109228134
212,7.066666666666666,,,,insightface_bbox,0.6716694831848145,1049.64208984375,969.5582275390625,2059.279296875,2649.1279296875,0,0,0,0,0,0,0,0,0,0,0,0,0.03358780965209007,0.020444346591830254,0.027751032263040543,0.01720268651843071,0.008754945360124111,0.01411946676671505,0.02732674591243267,0.024955982342362404,0.08243202418088913,0.0695783793926239,0.00928523764014244,0.038410693407058716
213,7.1,,,,insightface_bbox,0.6716694831848145,1049.64208984375,969.5582275390625,2059.279296875,2649.1279296875,0,0,0,0,0,0,0,0,0,0,0,0,0.033347297459840775,0.02018328569829464,0.02788139134645462,0.017135363072156906,0.008702591061592102,0.01399843767285347,0.026971057057380676,0.025243710726499557,0.083931103348732,0.07151873409748077,0.009156756103038788,0.03854815289378166
214,7.133333333333334,,,,insightface_bbox,0.6716694831848145,1049.64208984375,969.5582275390625,2059.279296875,2649.1279296875,0,0,0,0,0,0,0,0,0,0,0,0,0.033688243478536606,0.020394030958414078,0.02812277525663376,0.017135027796030045,0.00874168798327446,0.01399355847388506,0.02748074010014534,0.025161365047097206,0.08409523218870163,0.07219798862934113,0.00919328723102808,0.0390879288315773
215,7.166666666666667,,,,insightface_bbox,0.6716694831848145,1049.64208984375,969.5582275390625,2059.279296875,2649.1279296875,0,0,0,0,0,0,0,0,0,0,0,0,0.03413479030132294,0.02068188413977623,0.02835668995976448,0.01694374531507492,0.008705656975507736,0.013965885154902935,0.02747899666428566,0.024452179670333862,0.08384796977043152,0.07211294770240784,0.009448336437344551,0.03975963220000267
216,7.2,,,,insightface_bbox,0.6904770731925964,1050.6031494140625,969.1941528320312,2064.0,2661.63134765625,0,0,0,0,0,0,0,0,0,0,0,0,0.03460719436407089,0.021074146032333374,0.025967182591557503,0.017427561804652214,0.008753695525228977,0.013902812264859676,0.027990926057100296,0.023971933871507645,0.08433488011360168,0.07463853061199188,0.009426821023225784,0.03860430419445038
217,7.233333333333333,,,,insightface_bbox,0.6904770731925964,1050.6031494140625,969.1941528320312,2064.0,2661.63134765625,0,0,0,0,0,0,0,0,0,0,0,0,0.03738430142402649,0.022382833063602448,0.029801487922668457,0.01835855096578598,0.009218436665832996,0.015000071376562119,0.029346562922000885,0.02482474595308304,0.08623360842466354,0.07656771689653397,0.010753262788057327,0.04152228683233261
218,7.266666666666667,,,,insightface_bbox,0.6904770731925964,1050.6031494140625,969.1941528320312,2064.0,2661.63134765625,0,0,0,0,0,0,0,0,0,0,0,0,0.03686866909265518,0.020367935299873352,0.02842380478978157,0.01783302053809166,0.009094645269215107,0.014382869005203247,0.02675049938261509,0.0233391672372818,0.08818504214286804,0.07696707546710968,0.009360678493976593,0.03859356418251991
219,7.3,,,,insightface_bbox,0.6904770731925964,1050.6031494140625,969.1941528320312,2064.0,2661.63134765625,0,0,0,0,0,0,0,0,0,0,0,0,0.03580649942159653,0.019534382969141006,0.02654735930263996,0.017508987337350845,0.008592508733272552,0.014329538680613041,0.026119230315089226,0.02269921451807022,0.08651596307754517,0.07790199667215347,0.009815480560064316,0.039596445858478546
220,7.333333333333333,,,,insightface_bbox,0.6904770731925964,1050.6031494140625,969.1941528320312,2064.0,2661.63134765625,0,0,0,0,0,0,0,0,0,0,0,0,0.03947678208351135,0.02298867702484131,0.029603254050016403,0.01921083964407444,0.00919173751026392,0.016324665397405624,0.029730025678873062,0.024554181843996048,0.08928030729293823,0.08044912666082382,0.011569613590836525,0.04225367680191994
221,7.366666666666666,,,,insightface_bbox,0.6904770731925964,1050.6031494140625,969.1941528320312,2064.0,2661.63134765625,0,0,0,0,0,0,0,0,0,0,0,0,0.03785448521375656,0.022020062431693077,0.032596834003925323,0.01893327757716179,0.009160562418401241,0.016512589529156685,0.028121188282966614,0.02498721517622471,0.08644001185894012,0.0769478976726532,0.012320290319621563,0.04141486436128616
222,7.4,,,,insightface_bbox,0.6286045908927917,1097.70263671875,980.2769775390625,2056.458984375,2637.785888671875,0,0,0,0,0,0,0,0,0,1,0,0,0.03400995954871178,0.01658228226006031,0.05457986146211624,0.01340982411056757,0.006591819692403078,0.012736647389829159,0.00805967953056097,0.02599424496293068,0.08633267134428024,0.06666653603315353,0.006793958600610495,0.029651563614606857
223,7.433333333333334,,,,insightface_bbox,0.6286045908927917,1097.70263671875,980.2769775390625,2056.458984375,2637.785888671875,0,0,0,0,0,0,0,0,0,1,0,0,0.03125917539000511,0.015523258596658707,0.051223110407590866,0.013420267030596733,0.00673696817830205,0.01221444085240364,0.008400283753871918,0.0260635856539011,0.08494342863559723,0.0656638965010643,0.007021370343863964,0.030314061790704727
224,7.466666666666667,,,,insightface_bbox,0.6286045908927917,1097.70263671875,980.2769775390625,2056.458984375,2637.785888671875,0,0,0,0,0,0,0,0,0,1,0,0,0.0318644717335701,0.015818320214748383,0.04983583837747574,0.013946461491286755,0.006958956830203533,0.012779701501131058,0.008632533252239227,0.02721479907631874,0.08397459983825684,0.06838107109069824,0.008959103375673294,0.03500545024871826
225,7.5,,,,insightface_bbox,0.6286045908927917,1097.70263671875,980.2769775390625,2056.458984375,2637.785888671875,0,0,0,0,0,0,0,0,0,0,0,0,0.0377655066549778,0.01852189004421234,0.06223689392209053,0.01593722403049469,0.00728096067905426,0.014725225046277046,0.007626742124557495,0.029466848820447922,0.0829312801361084,0.06806206703186035,0.013300665654242039,0.04305064305663109
226,7.533333333333333,,,,insightface_bbox,0.6286045908927917,1097.70263671875,980.2769775390625,2056.458984375,2637.785888671875,0,0,0,0,0,0,0,0,0,0,0,0,0.04479782283306122,0.022053778171539307,0.08818425983190536,0.018810942769050598,0.007838298566639423,0.017163516953587532,0.009547793306410313,0.02888510935008526,0.07775739580392838,0.06325948238372803,0.016857119277119637,0.046308837831020355
227,7.566666666666666,,,,insightface_bbox,0.6286045908927917,1097.70263671875,980.2769775390625,2056.458984375,2637.785888671875,0,0,0,0,0,0,0,0,0,0,0,0,0.05641257017850876,0.027375776320695877,0.11532960832118988,0.022845301777124405,0.009021193720400333,0.02123100869357586,0.012558404356241226,0.03277068957686424,0.08262437582015991,0.06464875489473343,0.027573436498641968,0.06183601915836334
228,7.6,,,,insightface_bbox,0.6019423007965088,1089.97509765625,947.8115844726562,2064.0,2660.66259765625,0,0,0,0,0,0,0,0,0,0,0,0,0.052935920655727386,0.028987102210521698,0.06432918459177017,0.023962877690792084,0.012523837387561798,0.025439269840717316,0.02701358124613762,0.02780751883983612,0.06702818721532822,0.05560692027211189,0.05168535187840462,0.05182965099811554
229,7.633333333333334,,,,insightface_bbox,0.6019423007965088,1089.97509765625,947.8115844726562,2064.0,2660.66259765625,0,0,0,0,0,0,0,0,0,0,0,0,0.053068146109580994,0.02933647856116295,0.06558206677436829,0.024624735116958618,0.012663312256336212,0.025836214423179626,0.029366714879870415,0.029333269223570824,0.07004031538963318,0.05900145322084427,0.0508173368871212,0.05521180480718613
230,7.666666666666667,,,,insightface_bbox,0.6019423007965088,1089.97509765625,947.8115844726562,2064.0,2660.66259765625,0,0,0,0,0,0,0,0,0,0,0,0,0.05109564960002899,0.02793985977768898,0.0689927488565445,0.024975121021270752,0.012134714052081108,0.02550160512328148,0.03353003412485123,0.030849872156977654,0.07307174801826477,0.06085127964615822,0.04708787426352501,0.056337859481573105
231,7.7,,,,insightface_bbox,0.6019423007965088,1089.97509765625,947.8115844726562,2064.0,2660.66259765625,0,0,0,0,0,0,0,0,0,0,0,0,0.052973389625549316,0.028351154178380966,0.07702454924583435,0.02454276941716671,0.011986601166427135,0.02461298368871212,0.028892751783132553,0.031266406178474426,0.07663183659315109,0.06132110208272934,0.03739573806524277,0.05388418585062027
232,7.733333333333333,,,,insightface_bbox,0.6019423007965088,1089.97509765625,947.8115844726562,2064.0,2660.66259765625,0,0,0,0,0,0,0,0,0,0,0,0,0.050100553780794144,0.027538076043128967,0.06984709203243256,0.024731937795877457,0.012273019179701805,0.023511825129389763,0.033471181988716125,0.030932333320379257,0.07884261012077332,0.0640849843621254,0.030075300484895706,0.050158578902482986
233,7.766666666666667,,,,insightface_bbox,0.6019423007965088,1089.97509765625,947.8115844726562,2064.0,2660.66259765625,0,0,0,0,0,0,0,0,0,0,0,0,0.051208365708589554,0.02800036408007145,0.070072241127491,0.025519084185361862,0.013097727671265602,0.025602838024497032,0.04180565103888512,0.02973726950585842,0.07505110651254654,0.06380155682563782,0.0343790128827095,0.05203928425908089
234,7.8,,,,insightface_bbox,0.6565821766853333,1094.3502197265625,962.662353515625,2064.0,2701.322265625,0,0,0,0,0,0,0,0,0,0,0,0,0.051272980868816376,0.02843843400478363,0.08020859956741333,0.023192182183265686,0.01097374688833952,0.023638378828763962,0.020800994709134102,0.030649472028017044,0.07237283885478973,0.062350355088710785,0.03007291816174984,0.05309063196182251
235,7.833333333333333,,,,insightface_bbox,0.6565821766853333,1094.3502197265625,962.662353515625,2064.0,2701.322265625,0,0,0,0,0,0,0,0,0,0,0,0,0.04923942685127258,0.026926184073090553,0.07725528627634048,0.02202901616692543,0.009935111738741398,0.02238800749182701,0.018139822408556938,0.030556637793779373,0.07238436490297318,0.06217649206519127,0.025707151740789413,0.050917744636535645
236,7.866666666666666,,,,insightface_bbox,0.6565821766853333,1094.3502197265625,962.662353515625,2064.0,2701.322265625,0,0,0,0,0,0,0,0,0,0,0,0,0.052114829421043396,0.02756180241703987,0.07709131389856339,0.02068287879228592,0.009387355297803879,0.02177571691572666,0.014295320957899094,0.030386054888367653,0.06982578337192535,0.057652708142995834,0.030721575021743774,0.051804326474666595
237,7.9,,,,insightface_bbox,0.6565821766853333,1094.3502197265625,962.662353515625,2064.0,2701.322265625,0,0,0,0,0,0,0,0,0,0,0,0,0.045658379793167114,0.024326199665665627,0.06937651336193085,0.018114227801561356,0.008331210352480412,0.01934569701552391,0.011039328761398792,0.028811611235141754,0.06716307252645493,0.051805153489112854,0.029405580833554268,0.04631441459059715
238,7.933333333333334,,,,insightface_bbox,0.6565821766853333,1094.3502197265625,962.662353515625,2064.0,2701.322265625,0,0,0,0,0,0,0,0,0,0,0,0,0.046789947897195816,0.023874660953879356,0.06814926117658615,0.01776072196662426,0.0073740980587899685,0.017507806420326233,0.00955395307391882,0.031935084611177444,0.07668071985244751,0.058293044567108154,0.023877527564764023,0.04549445956945419
239,7.966666666666667,,,,insightface_bbox,0.6565821766853333,1094.3502197265625,962.662353515625,2064.0,2701.322265625,0,0,0,0,0,0,0,0,0,0,0,0,0.028483111411333084,0.014901976101100445,0.03133495897054672,0.012260164134204388,0.006564210634678602,0.011179372668266296,0.009060675278306007,0.024234291166067123,0.0724981352686882,0.05900496244430542,0.00884881429374218,0.031609438359737396
240,8.0,,,,insightface_bbox,0.6706640720367432,1076.5087890625,977.9388427734375,2064.0,2673.47998046875,0,0,0,0,0,0,0,0,0,1,0,0,0.0299545768648386,0.017142390832304955,0.025655459612607956,0.014753177762031555,0.007146960590034723,0.012629596516489983,0.01604626700282097,0.02548414282500744,0.08109257370233536,0.07626459002494812,0.009250610135495663,0.03442108631134033
241,8.033333333333333,,,,insightface_bbox,0.6706640720367432,1076.5087890625,977.9388427734375,2064.0,2673.47998046875,0,0,0,0,0,0,0,0,0,1,0,0,0.027993012219667435,0.015588938258588314,0.02396293357014656,0.013325541280210018,0.006532922387123108,0.011806954629719257,0.014387847855687141,0.022940879687666893,0.08026902377605438,0.0728229358792305,0.007817539386451244,0.031052570790052414
242,8.066666666666666,,,,insightface_bbox,0.6706640720367432,1076.5087890625,977.9388427734375,2064.0,2673.47998046875,0,0,0,0,0,0,0,0,0,1,0,0,0.028049742802977562,0.015730921179056168,0.024430077522993088,0.01361121516674757,0.00679741520434618,0.01226856466382742,0.015655361115932465,0.023168615996837616,0.07987625896930695,0.0722988024353981,0.00790621992200613,0.03065243363380432
243,8.1,,,,insightface_bbox,0.6706640720367432,1076.5087890625,977.9388427734375,2064.0,2673.47998046875,0,0,0,0,0,0,0,0,0,1,0,0,0.02848346158862114,0.015873068943619728,0.023939430713653564,0.013859189115464687,0.006916729733347893,0.012476914562284946,0.017038816586136818,0.02333074063062668,0.08164271712303162,0.07306335121393204,0.007624130696058273,0.030301380902528763
244,8.133333333333333,,,,insightface_bbox,0.6706640720367432,1076.5087890625,977.9388427734375,2064.0,2673.47998046875,0,0,0,0,0,0,0,0,0,1,0,0,0.02917083166539669,0.01632503792643547,0.024531392380595207,0.014056012965738773,0.007026844657957554,0.012782247737050056,0.017735743895173073,0.023578211665153503,0.08228547871112823,0.07399808615446091,0.007709355093538761,0.030660293996334076
245,8.166666666666666,,,,insightface_bbox,0.6706640720367432,1076.5087890625,977.9388427734375,2064.0,2673.47998046875,0,0,0,0,0,0,0,0,0,1,0,0,0.029139652848243713,0.016334934160113335,0.02456272393465042,0.014105726033449173,0.007010248955339193,0.012745078653097153,0.01776905357837677,0.023592719808220863,0.08214674890041351,0.07386014610528946,0.007710449397563934,0.030811505392193794
246,8.2,,,,insightface_bbox,0.6703214049339294,1077.64501953125,981.6216430664062,2062.90283203125,2649.969482421875,0,0,0,0,0,0,0,0,0,0,0,0,0.027854526415467262,0.0157645083963871,0.030920226126909256,0.013382546603679657,0.006572567857801914,0.01216825656592846,0.012783859856426716,0.021619848906993866,0.06729407608509064,0.055666469037532806,0.008342362008988857,0.030389081686735153
247,8.233333333333333,,,,insightface_bbox,0.6703214049339294,1077.64501953125,981.6216430664062,2062.90283203125,2649.969482421875,0,0,0,0,0,0,0,0,0,0,0,0,0.02755013108253479,0.015730470418930054,0.02960357815027237,0.013576257042586803,0.0066737644374370575,0.012045968323946,0.013538296334445477,0.021167784929275513,0.06678768247365952,0.05533728376030922,0.008156400173902512,0.029972100630402565
248,8.266666666666667,,,,insightface_bbox,0.6703214049339294,1077.64501953125,981.6216430664062,2062.90283203125,2649.969482421875,0,0,0,0,0,0,0,0,0,0,0,0,0.02747972495853901,0.01568778231739998,0.029645690694451332,0.013735184445977211,0.006782990414649248,0.012225444428622723,0.014007898047566414,0.02125134877860546,0.06707724928855896,0.05549543350934982,0.008511489257216454,0.03039463981986046
249,8.3,,,,insightface_bbox,0.6703214049339294,1077.64501953125,981.6216430664062,2062.90283203125,2649.969482421875,0,0,0,0,0,0,0,0,0,0,0,0,0.027664119377732277,0.015615785494446754,0.02901105210185051,0.01364063285291195,0.006634071934968233,0.012345956638455391,0.013918006792664528,0.021187402307987213,0.06755948066711426,0.05571933463215828,0.009111812338232994,0.03134814649820328
250,8.333333333333334,,,,insightface_bbox,0.6703214049339294,1077.64501953125,981.6216430664062,2062.90283203125,2649.969482421875,0,0,0,0,0,0,0,0,0,0,0,0,0.028780676424503326,0.016059305518865585,0.029142457991838455,0.013649030588567257,0.006575053557753563,0.012628480792045593,0.013921653851866722,0.02172759547829628,0.06872672587633133,0.055940378457307816,0.009661667048931122,0.03257548436522484
251,8.366666666666667,,,,insightface_bbox,0.6703214049339294,1077.64501953125,981.6216430664062,2062.90283203125,2649.969482421875,0,0,0,0,0,0,0,0,0,0,0,0,0.029595831409096718,0.016444314271211624,0.030191581696271896,0.013900235295295715,0.006690244190394878,0.013154471293091774,0.013925283215939999,0.02252465859055519,0.06970725953578949,0.05652986839413643,0.010443925857543945,0.03363250941038132
252,8.4,,,,insightface_bbox,0.6682211756706238,1078.844970703125,985.8933715820312,2057.8076171875,2630.3046875,0,0,0,0,0,0,0,0,0,0,0,0,0.02823449857532978,0.015129268169403076,0.03393302112817764,0.013543608598411083,0.006983940489590168,0.012637361884117126,0.013009719550609589,0.023880768567323685,0.07067027688026428,0.05735066160559654,0.008990021422505379,0.029438717290759087
253,8.433333333333334,,,,insightface_bbox,0.6682211756706238,1078.844970703125,985.8933715820312,2057.8076171875,2630.3046875,0,0,0,0,0,0,0,0,0,0,0,0,0.02783333510160446,0.014786595478653908,0.03289773687720299,0.013140196911990643,0.006944715976715088,0.012313202023506165,0.012783068232238293,0.023558996617794037,0.06921856850385666,0.05618661269545555,0.00862555019557476,0.028854791074991226
254,8.466666666666667,,,,insightface_bbox,0.6682211756706238,1078.844970703125,985.8933715820312,2057.8076171875,2630.3046875,0,0,0,0,0,0,0,0,0,0,0,0,0.027933606877923012,0.014793317764997482,0.03234725818037987,0.013344788923859596,0.007044915575534105,0.01249008346349001,0.013580597005784512,0.023564564064145088,0.06897014379501343,0.05579144135117531,0.008912958204746246,0.029337648302316666
255,8.5,,,,insightface_bbox,0.6682211756706238,1078.844970703125,985.8933715820312,2057.8076171875,2630.3046875,0,0,0,0,0,0,0,0,0,0,0,0,0.028098931536078453,0.014860029332339764,0.03268497437238693,0.013667020946741104,0.007196602411568165,0.012731306254863739,0.014093904756009579,0.02375640906393528,0.06911732256412506,0.05586433783173561,0.009092671796679497,0.029784033074975014
256,8.533333333333333,,,,insightface_bbox,0.6682211756706238,1078.844970703125,985.8933715820312,2057.8076171875,2630.3046875,0,0,0,0,0,0,0,0,0,0,0,0,0.027716655284166336,0.01474902592599392,0.03271939232945442,0.013507043942809105,0.0071004899218678474,0.012611745856702328,0.013668210245668888,0.023458871990442276,0.06927353143692017,0.05561916530132294,0.008918474428355694,0.02955503761768341
257,8.566666666666666,,,,insightface_bbox,0.6682211756706238,1078.844970703125,985.8933715820312,2057.8076171875,2630.3046875,0,0,0,0,0,0,0,0,0,0,0,0,0.027759483084082603,0.014807742089033127,0.0330139622092247,0.013343291357159615,0.006950898561626673,0.012530570849776268,0.012855385430157185,0.023732643574476242,0.06974424421787262,0.05557742342352867,0.008922760374844074,0.029524846002459526
258,8.6,,,,insightface_bbox,0.6723809838294983,1078.0399169921875,977.4349365234375,2055.379638671875,2640.310302734375,0,0,0,0,0,0,0,0,0,0,0,0,0.027666468173265457,0.014523900113999844,0.03334531933069229,0.013242455199360847,0.006834717933088541,0.01233530230820179,0.012467890046536922,0.02404622919857502,0.0714535191655159,0.05599212273955345,0.00861766654998064,0.029447900131344795
