frame_idx,frame_time_in_ms,pitch,yaw,roll,face_alignment_method,face_detection_score,face_bbox_xmin,face_bbox_ymin,face_bbox_xmax,face_bbox_ymax,au_1,au_2,au_4,au_6,au_7,au_10,au_12,au_14,au_15,au_17,au_23,au_24,au_1_intensity,au_2_intensity,au_4_intensity,au_5_intensity,au_6_intensity,au_9_intensity,au_12_intensity,au_15_intensity,au_17_intensity,au_20_intensity,au_25_intensity,au_26_intensity
0,0.0,,,,insightface_bbox,0.6530767679214478,1199.23291015625,1165.9014892578125,2064.0,2757.9775390625,1,0,1,0,0,0,0,0,0,1,0,0,0.09795776009559631,0.042083367705345154,0.9158188104629517,0.026575112715363503,0.015974324196577072,0.03324045240879059,0.0121077885851264,0.04113474860787392,0.08936352282762527,0.06979479640722275,0.02515219897031784,0.04979158192873001
1,0.03333333333333333,,,,insightface_bbox,0.6530767679214478,1199.23291015625,1165.9014892578125,2064.0,2757.9775390625,1,0,1,0,0,0,0,0,0,1,0,1,0.09441567957401276,0.04660458862781525,0.6964181661605835,0.028203604742884636,0.017247993499040604,0.033836331218481064,0.010686163790524006,0.05047372728586197,0.09763970971107483,0.07803518325090408,0.020714960992336273,0.04945750534534454
2,0.06666666666666667,,,,insightface_bbox,0.6530767679214478,1199.23291015625,1165.9014892578125,2064.0,2757.9775390625,1,0,1,0,0,0,0,0,0,1,0,0,0.07858121395111084,0.051990147680044174,0.426395058631897,0.030654119327664375,0.01649167202413082,0.03026651404798031,0.010596396401524544,0.05550462007522583,0.10208804160356522,0.08680520951747894,0.016787445172667503,0.04597202688455582
3,0.1,,,,insightface_bbox,0.6530767679214478,1199.23291015625,1165.9014892578125,2064.0,2757.9775390625,1,0,1,0,0,0,0,0,0,1,0,0,0.07495489716529846,0.056349411606788635,0.3977626860141754,0.03089633770287037,0.015831513330340385,0.02890087477862835,0.010245036333799362,0.05641006678342819,0.09970822185277939,0.08474978804588318,0.01587425358593464,0.044823888689279556
4,0.13333333333333333,,,,insightface_bbox,0.6530767679214478,1199.23291015625,1165.9014892578125,2064.0,2757.9775390625,1,0,1,0,0,0,0,0,0,1,0,0,0.07568743824958801,0.05846890062093735,0.4057028889656067,0.030278325080871582,0.01550224144011736,0.02819156087934971,0.009798090904951096,0.05385829508304596,0.09696346521377563,0.08080347627401352,0.014379559084773064,0.043941810727119446
5,0.16666666666666666,,,,insightface_bbox,0.6530767679214478,1199.23291015625,1165.9014892578125,2064.0,2757.9775390625,1,0,1,0,0,0,0,0,0,1,0,0,0.0765397846698761,0.06551562249660492,0.3943040668964386,0.030985530465841293,0.01564587652683258,0.028536856174468994,0.010187305510044098,0.05314817279577255,0.09669811278581619,0.07821013033390045,0.013685138896107674,0.04300739988684654
6,0.2,,,,insightface_bbox,0.6280440092086792,1197.9520263671875,1093.902099609375,2064.0,2729.638671875,1,0,1,0,0,0,0,0,0,1,0,0,0.08042063564062119,0.05519608035683632,0.38835662603378296,0.03181800618767738,0.017707739025354385,0.029550595209002495,0.010132059454917908,0.059370920062065125,0.09586074948310852,0.07818910479545593,0.015354766510426998,0.044096440076828
7,0.23333333333333334,,,,insightface_bbox,0.6280440092086792,1197.9520263671875,1093.902099609375,2064.0,2729.638671875,1,0,1,0,0,0,0,0,0,1,0,0,0.07746203988790512,0.055090006440877914,0.3757007122039795,0.031020130962133408,0.01711101457476616,0.028403248637914658,0.009765233844518661,0.05654525011777878,0.09247028082609177,0.07497256994247437,0.01535668782889843,0.04261571168899536
8,0.26666666666666666,,,,insightface_bbox,0.6280440092086792,1197.9520263671875,1093.902099609375,2064.0,2729.638671875,1,0,1,0,0,0,0,0,0,1,0,0,0.0752054750919342,0.05375266447663307,0.36431851983070374,0.030085690319538116,0.01681395247578621,0.027762113139033318,0.009248237125575542,0.05501173809170723,0.09005366265773773,0.07314420491456985,0.014666019938886166,0.04155581444501877
9,0.3,,,,insightface_bbox,0.6280440092086792,1197.9520263671875,1093.902099609375,2064.0,2729.638671875,1,0,1,0,0,0,0,0,0,1,0,0,0.07584933936595917,0.05392265319824219,0.36217379570007324,0.030276846140623093,0.016710523515939713,0.02767103537917137,0.009320301003754139,0.05635743588209152,0.09163470566272736,0.0742049440741539,0.014948253519833088,0.04221856966614723
10,0.3333333333333333,,,,insightface_bbox,0.6280440092086792,1197.9520263671875,1093.902099609375,2064.0,2729.638671875,1,0,1,0,0,0,0,0,0,1,0,0,0.07618261873722076,0.05403438210487366,0.35919225215911865,0.030689485371112823,0.01665448769927025,0.02744218334555626,0.0095145208761096,0.058127809315919876,0.09564243257045746,0.07668133080005646,0.014984248206019402,0.04292131960391998
11,0.36666666666666664,,,,insightface_bbox,0.6280440092086792,1197.9520263671875,1093.902099609375,2064.0,2729.638671875,1,0,1,0,0,0,0,0,0,1,0,0,0.07565104216337204,0.053961966186761856,0.3535849153995514,0.02980196848511696,0.01595417782664299,0.026499705389142036,0.009381240233778954,0.05697839707136154,0.09620629251003265,0.07515859603881836,0.014014541171491146,0.04284404218196869
12,0.4,,,,insightface_bbox,0.6327217221260071,1200.68359375,1093.52734375,2064.0,2737.429443359375,1,0,1,0,0,0,0,0,0,1,0,0,0.07412717491388321,0.051461610943078995,0.3628750443458557,0.0290890671312809,0.015398823656141758,0.025639545172452927,0.009205865673720837,0.055687837302684784,0.09438946843147278,0.07499898970127106,0.012336945161223412,0.04197923094034195
13,0.43333333333333335,,,,insightface_bbox,0.6327217221260071,1200.68359375,1093.52734375,2064.0,2737.429443359375,1,0,1,0,0,0,0,0,0,1,0,0,0.07771747559309006,0.053620293736457825,0.3657265305519104,0.031201843172311783,0.016577139496803284,0.027244936674833298,0.009837595745921135,0.05846663936972618,0.09779997915029526,0.07635706663131714,0.014699218794703484,0.044460851699113846
14,0.4666666666666667,,,,insightface_bbox,0.6327217221260071,1200.68359375,1093.52734375,2064.0,2737.429443359375,0,0,1,0,0,0,0,0,0,1,0,0,0.075424924492836,0.05137404054403305,0.3531450629234314,0.031064243987202644,0.016772931441664696,0.02741476334631443,0.010014827363193035,0.05828721448779106,0.09882446378469467,0.07887759804725647,0.01488017663359642,0.04406347870826721
15,0.5,,,,insightface_bbox,0.6327217221260071,1200.68359375,1093.52734375,2064.0,2737.429443359375,0,0,1,0,0,0,0,0,0,1,0,0,0.07628081738948822,0.05197824910283089,0.35051289200782776,0.03146692365407944,0.0169746782630682,0.027533872053027153,0.010093504562973976,0.058232467621564865,0.09911372512578964,0.07921754568815231,0.014758250676095486,0.04453420266509056
16,0.5333333333333333,,,,insightface_bbox,0.6327217221260071,1200.68359375,1093.52734375,2064.0,2737.429443359375,0,0,1,0,0,0,0,0,0,1,0,0,0.07693149149417877,0.05273166671395302,0.35381078720092773,0.03184347599744797,0.017120832577347755,0.02799816057085991,0.010306593962013721,0.058719296008348465,0.09965495020151138,0.07995755225419998,0.01524408720433712,0.04534560441970825
17,0.5666666666666667,,,,insightface_bbox,0.6327217221260071,1200.68359375,1093.52734375,2064.0,2737.429443359375,0,0,1,0,0,0,0,0,0,1,0,0,0.07780226320028305,0.05404547229409218,0.3541862964630127,0.0325654111802578,0.017474304884672165,0.028648747131228447,0.01024269126355648,0.05849786847829819,0.09980125725269318,0.08053730428218842,0.016467338427901268,0.04570765420794487
18,0.6,,,,insightface_bbox,0.6056874990463257,1184.734130859375,1102.134521484375,2064.0,2731.03369140625,1,0,1,0,0,0,0,0,0,1,0,0,0.08329051733016968,0.06627810001373291,0.32049816846847534,0.0341656319797039,0.016478972509503365,0.028926674276590347,0.010406393557786942,0.05071617290377617,0.09271064400672913,0.07640542089939117,0.017752310261130333,0.04905193671584129
19,0.6333333333333333,,,,insightface_bbox,0.6056874990463257,1184.734130859375,1102.134521484375,2064.0,2731.03369140625,1,0,1,0,0,0,0,0,0,1,0,0,0.07968620210886002,0.06395027786493301,0.30095306038856506,0.0323622040450573,0.015534071251749992,0.0270609762519598,0.009904667735099792,0.047609053552150726,0.09067927300930023,0.0728493332862854,0.013960905373096466,0.0439513698220253
20,0.6666666666666666,,,,insightface_bbox,0.6056874990463257,1184.734130859375,1102.134521484375,2064.0,2731.03369140625,1,0,1,0,0,0,0,0,0,1,0,0,0.07247868180274963,0.05694510415196419,0.28060439229011536,0.029610369354486465,0.014392608776688576,0.024722561240196228,0.00871187448501587,0.04555972293019295,0.08696050196886063,0.06769655644893646,0.01228723581880331,0.04056538641452789
21,0.7,,,,insightface_bbox,0.6056874990463257,1184.734130859375,1102.134521484375,2064.0,2731.03369140625,1,0,1,0,0,0,0,0,0,1,0,0,0.06530583649873734,0.051278598606586456,0.26522237062454224,0.02711256593465805,0.013370630331337452,0.02254440449178219,0.007822037674486637,0.042027413845062256,0.08412082493305206,0.06397900730371475,0.011229144409298897,0.03841456398367882
22,0.7333333333333333,,,,insightface_bbox,0.6056874990463257,1184.734130859375,1102.134521484375,2064.0,2731.03369140625,0,0,1,0,0,0,0,0,0,1,0,0,0.06435038149356842,0.04835297912359238,0.2576996088027954,0.026645401492714882,0.012849885039031506,0.02191067487001419,0.007604833692312241,0.04184389486908913,0.08402508497238159,0.06421857327222824,0.011490428820252419,0.039550863206386566
23,0.7666666666666667,,,,insightface_bbox,0.6056874990463257,1184.734130859375,1102.134521484375,2064.0,2731.03369140625,0,0,1,0,0,0,0,0,0,1,0,0,0.06862509250640869,0.04747888073325157,0.27431032061576843,0.0271229837089777,0.012983166612684727,0.022304564714431763,0.007676820270717144,0.04236285388469696,0.08608341217041016,0.06684630364179611,0.012041362933814526,0.04126594960689545
24,0.8,,,,insightface_bbox,0.6147400736808777,1155.4248046875,1056.4063720703125,2064.0,2765.377685546875,0,0,1,0,0,0,0,0,0,1,0,0,0.06380437314510345,0.044033121317625046,0.18385475873947144,0.025941042229533195,0.010800592601299286,0.020485341548919678,0.00949527695775032,0.03971904516220093,0.0779106616973877,0.0661575198173523,0.01016905065625906,0.041141267865896225
25,0.8333333333333334,,,,insightface_bbox,0.6147400736808777,1155.4248046875,1056.4063720703125,2064.0,2765.377685546875,0,0,1,0,0,0,0,0,0,1,0,0,0.06602827459573746,0.04416186362504959,0.1982703059911728,0.026322508230805397,0.010621605440974236,0.02146136946976185,0.01037500984966755,0.03824429586529732,0.07755394279956818,0.06941227614879608,0.012073073536157608,0.04490233212709427
26,0.8666666666666667,,,,insightface_bbox,0.6147400736808777,1155.4248046875,1056.4063720703125,2064.0,2765.377685546875,0,0,1,0,0,0,0,0,0,1,0,0,0.06914156675338745,0.04819445312023163,0.19317004084587097,0.028125697746872902,0.010789711959660053,0.021771220490336418,0.010159454308450222,0.03898270055651665,0.07701912522315979,0.06711041927337646,0.011923624202609062,0.044595278799533844
27,0.9,,,,insightface_bbox,0.6147400736808777,1155.4248046875,1056.4063720703125,2064.0,2765.377685546875,0,0,1,0,0,0,0,0,0,0,0,0,0.07159262150526047,0.04882485419511795,0.1852191984653473,0.02899181842803955,0.011071144603192806,0.023150963708758354,0.011027941480278969,0.039237212389707565,0.07759393751621246,0.06947030127048492,0.014381138607859612,0.047166675329208374
28,0.9333333333333333,,,,insightface_bbox,0.6147400736808777,1155.4248046875,1056.4063720703125,2064.0,2765.377685546875,0,0,1,0,0,0,0,0,0,0,0,0,0.0714709535241127,0.04922942817211151,0.17747612297534943,0.03121866099536419,0.011635850183665752,0.024203434586524963,0.01226191408932209,0.04169687256217003,0.08214740455150604,0.07549524307250977,0.01619059406220913,0.05120278149843216
29,0.9666666666666667,,,,insightface_bbox,0.6147400736808777,1155.4248046875,1056.4063720703125,2064.0,2765.377685546875,0,0,1,0,0,0,0,0,0,0,0,0,0.07152435183525085,0.05034618452191353,0.18474282324314117,0.03353849798440933,0.012397794052958488,0.026568295434117317,0.013220977038145065,0.04286235570907593,0.0811229720711708,0.07962946593761444,0.02093316614627838,0.0584319643676281
30,1.0,,,,insightface_bbox,0.6289409399032593,1150.83935546875,1078.3878173828125,2064.0,2834.1904296875,0,0,1,0,0,0,0,0,0,0,0,0,0.0745011568069458,0.04630706459283829,0.18289828300476074,0.03412804752588272,0.012326902709901333,0.028335485607385635,0.014755436219274998,0.045920390635728836,0.07782849669456482,0.08252760767936707,0.027991455048322678,0.06294266879558563
31,1.0333333333333334,,,,insightface_bbox,0.6289409399032593,1150.83935546875,1078.3878173828125,2064.0,2834.1904296875,0,0,1,0,0,0,0,0,0,0,0,0,0.06861140578985214,0.04180815815925598,0.1597481220960617,0.03280194103717804,0.01205006055533886,0.02867516502737999,0.012969765812158585,0.046299584209918976,0.07943908870220184,0.09549376368522644,0.02866668440401554,0.062810517847538
32,1.0666666666666667,,,,insightface_bbox,0.6289409399032593,1150.83935546875,1078.3878173828125,2064.0,2834.1904296875,0,0,1,0,0,0,0,0,0,0,0,0,0.0685884952545166,0.03967283293604851,0.1582137942314148,0.03206029161810875,0.011882023885846138,0.02831762284040451,0.012654160149395466,0.04493482783436775,0.07982006669044495,0.09371306002140045,0.03175709769129753,0.06295672059059143
33,1.1,,,,insightface_bbox,0.6289409399032593,1150.83935546875,1078.3878173828125,2064.0,2834.1904296875,0,0,1,0,0,0,0,0,0,0,0,0,0.068689726293087,0.03860477730631828,0.15484018623828888,0.03160493075847626,0.011813286691904068,0.027835629880428314,0.012185262516140938,0.044638942927122116,0.07819816470146179,0.09089634567499161,0.032334450632333755,0.0617746077477932
34,1.1333333333333333,,,,insightface_bbox,0.6289409399032593,1150.83935546875,1078.3878173828125,2064.0,2834.1904296875,0,0,1,0,0,0,0,0,0,0,0,0,0.06823223829269409,0.03828016296029091,0.15359614789485931,0.03136906772851944,0.011818273924291134,0.02753026783466339,0.01197928935289383,0.04447106644511223,0.07819391041994095,0.09164941310882568,0.030699390918016434,0.06063822656869888
35,1.1666666666666667,,,,insightface_bbox,0.6289409399032593,1150.83935546875,1078.3878173828125,2064.0,2834.1904296875,0,0,1,0,0,0,0,0,0,0,0,0,0.06630916893482208,0.037110552191734314,0.15414686501026154,0.030328333377838135,0.011615237221121788,0.026802456006407738,0.011833524331450462,0.043893471360206604,0.07865320891141891,0.09249092638492584,0.02683393657207489,0.057422101497650146
36,1.2,,,,insightface_bbox,0.6189169883728027,1141.62255859375,1052.6435546875,2064.0,2830.348876953125,0,0,1,0,0,0,0,0,0,0,0,0,0.05771643668413162,0.03163904696702957,0.14765380322933197,0.02305295690894127,0.009172040969133377,0.02090574987232685,0.011063852347433567,0.036769088357686996,0.07756516337394714,0.07493719458580017,0.014188302680850029,0.043356165289878845
37,1.2333333333333334,,,,insightface_bbox,0.6189169883728027,1141.62255859375,1052.6435546875,2064.0,2830.348876953125,0,0,1,0,0,0,0,0,0,0,0,0,0.059054721146821976,0.032360732555389404,0.15150485932826996,0.021802611649036407,0.008743257261812687,0.020879101008176804,0.00995213259011507,0.03425280377268791,0.07320231199264526,0.06916946917772293,0.015599456615746021,0.04322511702775955
38,1.2666666666666666,,,,insightface_bbox,0.6189169883728027,1141.62255859375,1052.6435546875,2064.0,2830.348876953125,0,0,1,0,0,0,0,0,0,0,0,0,0.0627005398273468,0.03394289314746857,0.16222359240055084,0.023304952308535576,0.009133696556091309,0.02203541249036789,0.010569591075181961,0.03487653285264969,0.0735592469573021,0.06779846549034119,0.018275782465934753,0.04584384709596634
39,1.3,,,,insightface_bbox,0.6189169883728027,1141.62255859375,1052.6435546875,2064.0,2830.348876953125,0,0,1,0,0,0,0,0,0,0,0,0,0.06413942575454712,0.03435001149773598,0.17238596081733704,0.024045486003160477,0.009287054650485516,0.022849421948194504,0.01120124850422144,0.03543184697628021,0.07308899611234665,0.06930054724216461,0.019894041121006012,0.04889696091413498
40,1.3333333333333333,,,,insightface_bbox,0.6189169883728027,1141.62255859375,1052.6435546875,2064.0,2830.348876953125,0,0,1,0,0,0,0,0,0,0,0,0,0.0652591735124588,0.03489748015999794,0.185015469789505,0.02429836243391037,0.009518851526081562,0.02410149946808815,0.011510961689054966,0.03659755364060402,0.07136531174182892,0.07000777125358582,0.021041350439190865,0.048774875700473785
41,1.3666666666666667,,,,insightface_bbox,0.6189169883728027,1141.62255859375,1052.6435546875,2064.0,2830.348876953125,0,0,1,0,0,0,0,0,0,0,0,0,0.062064338475465775,0.034362442791461945,0.17034293711185455,0.024065466597676277,0.008955675177276134,0.022432124242186546,0.010339302942156792,0.03733690083026886,0.07246612012386322,0.07289473712444305,0.017297502607107162,0.0468141995370388
42,1.4,,,,insightface_bbox,0.6270403265953064,1198.244384765625,1094.9219970703125,2064.0,2835.75732421875,0,0,1,0,0,0,0,0,0,1,0,0,0.06920070201158524,0.04262467473745346,0.2662501931190491,0.028512902557849884,0.014152368530631065,0.026986179873347282,0.008727692998945713,0.04662812501192093,0.09228158742189407,0.08352136611938477,0.01737825758755207,0.04593386501073837
43,1.4333333333333333,,,,insightface_bbox,0.6270403265953064,1198.244384765625,1094.9219970703125,2064.0,2835.75732421875,0,0,1,0,0,0,0,0,0,1,0,0,0.07153702527284622,0.041485149413347244,0.2715061902999878,0.028260882943868637,0.01440648827701807,0.028613563627004623,0.008348873816430569,0.05015244334936142,0.09432108700275421,0.08855344355106354,0.0169750414788723,0.04521190747618675
44,1.4666666666666666,,,,insightface_bbox,0.6270403265953064,1198.244384765625,1094.9219970703125,2064.0,2835.75732421875,0,0,1,0,0,0,0,0,0,1,0,0,0.07290127873420715,0.03954313322901726,0.2912396490573883,0.026830028742551804,0.013966322876513004,0.028273427858948708,0.007462562061846256,0.04736194759607315,0.09043771028518677,0.08313331007957458,0.016077596694231033,0.04473864659667015
45,1.5,,,,insightface_bbox,0.6270403265953064,1198.244384765625,1094.9219970703125,2064.0,2835.75732421875,0,0,1,0,0,0,0,0,0,1,0,0,0.07656573504209518,0.04076215624809265,0.33468425273895264,0.027923792600631714,0.014567524194717407,0.02936529740691185,0.008067145943641663,0.04751645773649216,0.08857987076044083,0.08072519302368164,0.017911473289132118,0.04769495874643326
46,1.5333333333333334,,,,insightface_bbox,0.6270403265953064,1198.244384765625,1094.9219970703125,2064.0,2835.75732421875,0,0,1,0,0,0,0,0,0,1,0,0,0.07202000916004181,0.0397195890545845,0.3104771673679352,0.027002694085240364,0.014498862437903881,0.02862595021724701,0.00769672030583024,0.047842659056186676,0.08886698633432388,0.08080476522445679,0.016960816457867622,0.04492440074682236
47,1.5666666666666667,,,,insightface_bbox,0.6270403265953064,1198.244384765625,1094.9219970703125,2064.0,2835.75732421875,0,0,1,0,0,0,0,0,0,1,0,0,0.06751300394535065,0.03918161615729332,0.27035999298095703,0.026198074221611023,0.014491225592792034,0.026741430163383484,0.007400047965347767,0.04665485769510269,0.08712494373321533,0.07756086438894272,0.013821104541420937,0.04113774374127388
48,1.6,,,,insightface_bbox,0.5950506329536438,1154.1497802734375,1005.2637939453125,2064.0,2808.71484375,0,0,1,0,0,0,0,0,0,0,0,0,0.060113176703453064,0.03732383996248245,0.17419174313545227,0.02490471862256527,0.009277250617742538,0.02246803790330887,0.007422325201332569,0.03956650197505951,0.07218489795923233,0.07109113782644272,0.01634080335497856,0.0491570346057415
49,1.6333333333333333,,,,insightface_bbox,0.5950506329536438,1154.1497802734375,1005.2637939453125,2064.0,2808.71484375,0,0,1,0,0,0,0,0,0,0,0,0,0.06464926898479462,0.043212227523326874,0.18418528139591217,0.02790079265832901,0.009679597802460194,0.022771552205085754,0.008446215651929379,0.04168965294957161,0.07522042095661163,0.07386159896850586,0.01806483417749405,0.05326182395219803
50,1.6666666666666667,,,,insightface_bbox,0.5950506329536438,1154.1497802734375,1005.2637939453125,2064.0,2808.71484375,0,0,1,0,0,0,0,0,0,0,0,0,0.07045463472604752,0.04800405353307724,0.1986272931098938,0.02783701755106449,0.010458158329129219,0.0238195713609457,0.008875580504536629,0.03947513550519943,0.07064490765333176,0.0648842304944992,0.019463175907731056,0.052241623401641846
51,1.7,,,,insightface_bbox,0.5950506329536438,1154.1497802734375,1005.2637939453125,2064.0,2808.71484375,0,0,1,0,0,0,0,0,0,0,0,0,0.07088938355445862,0.047843679785728455,0.202876478433609,0.02812366932630539,0.010568681173026562,0.024415476247668266,0.009313187561929226,0.03951125219464302,0.07051096111536026,0.06165569648146629,0.019985249266028404,0.051681939512491226
52,1.7333333333333334,,,,insightface_bbox,0.5950506329536438,1154.1497802734375,1005.2637939453125,2064.0,2808.71484375,0,0,1,0,0,0,0,0,0,0,0,0,0.06207149848341942,0.04164687916636467,0.16998858749866486,0.027882104739546776,0.009367498569190502,0.02143203280866146,0.008621991612017155,0.03882427513599396,0.07073456048965454,0.06292228400707245,0.01592640019953251,0.047800809144973755
53,1.7666666666666666,,,,insightface_bbox,0.5950506329536438,1154.1497802734375,1005.2637939453125,2064.0,2808.71484375,0,0,1,0,0,0,0,0,0,0,0,0,0.06109556555747986,0.0386466458439827,0.18845424056053162,0.02619137614965439,0.009550565853714943,0.023349115625023842,0.007953706197440624,0.03634439408779144,0.06784902513027191,0.063840851187706,0.01791144162416458,0.04867222160100937
54,1.8,,,,insightface_bbox,0.612737774848938,1169.696044921875,1076.3985595703125,2064.0,2854.316650390625,0,0,1,0,0,0,0,0,0,1,0,0,0.0568242147564888,0.03535565361380577,0.18200697004795074,0.02307533472776413,0.010394390672445297,0.022323526442050934,0.00641343230381608,0.03743772208690643,0.07661274075508118,0.07606298476457596,0.01743978075683117,0.041551608592271805
55,1.8333333333333333,,,,insightface_bbox,0.612737774848938,1169.696044921875,1076.3985595703125,2064.0,2854.316650390625,0,0,1,0,0,0,0,0,0,1,0,0,0.05766202509403229,0.034587275236845016,0.1849392205476761,0.021512897685170174,0.010135811753571033,0.021924223750829697,0.005735158454626799,0.0363326296210289,0.07318077981472015,0.06989709287881851,0.01631814055144787,0.04095982387661934
56,1.8666666666666667,,,,insightface_bbox,0.612737774848938,1169.696044921875,1076.3985595703125,2064.0,2854.316650390625,0,0,1,0,0,0,0,0,0,1,0,0,0.06201525777578354,0.03606860339641571,0.2053089290857315,0.02213183417916298,0.010430392809212208,0.02346131019294262,0.005841188132762909,0.03840422257781029,0.07449730485677719,0.07005972415208817,0.018535427749156952,0.04464998096227646
57,1.9,,,,insightface_bbox,0.612737774848938,1169.696044921875,1076.3985595703125,2064.0,2854.316650390625,0,0,1,0,0,0,0,0,0,1,0,0,0.06796351075172424,0.04118705168366432,0.21882617473602295,0.024730317294597626,0.010966523550450802,0.025863537564873695,0.006457644514739513,0.03947015479207039,0.07320410013198853,0.07043462991714478,0.02286800742149353,0.047352127730846405
58,1.9333333333333333,,,,insightface_bbox,0.612737774848938,1169.696044921875,1076.3985595703125,2064.0,2854.316650390625,0,0,1,0,0,0,0,0,0,0,0,0,0.0791628509759903,0.05283331871032715,0.24866728484630585,0.03038019686937332,0.01228480413556099,0.029612012207508087,0.008152293041348457,0.04471968859434128,0.0770062580704689,0.07931891828775406,0.03297394886612892,0.056796520948410034
59,1.9666666666666666,,,,insightface_bbox,0.612737774848938,1169.696044921875,1076.3985595703125,2064.0,2854.316650390625,0,0,1,0,0,0,0,0,0,0,0,0,0.07819757610559464,0.052887141704559326,0.2415877878665924,0.030523406341671944,0.012143243104219437,0.028774140402674675,0.007936990819871426,0.04485701024532318,0.07903778553009033,0.07816918194293976,0.03249398246407509,0.057689156383275986
60,2.0,,,,insightface_bbox,0.6483773589134216,1148.4619140625,1051.5074462890625,2064.0,2740.07275390625,0,0,1,0,0,0,0,0,0,0,0,0,0.05697205662727356,0.03970775380730629,0.143256276845932,0.022483080625534058,0.008294940926134586,0.018602188676595688,0.0067619988694787025,0.033756107091903687,0.06225515156984329,0.05771205201745033,0.01169054675847292,0.04129040986299515
61,2.033333333333333,,,,insightface_bbox,0.6483773589134216,1148.4619140625,1051.5074462890625,2064.0,2740.07275390625,0,0,1,0,0,0,0,0,0,0,0,0,0.057642459869384766,0.042082179337739944,0.15243330597877502,0.02449842542409897,0.00881496537476778,0.019577790051698685,0.008121532388031483,0.035660386085510254,0.06513334065675735,0.05975504219532013,0.013065487146377563,0.04304218292236328
62,2.066666666666667,,,,insightface_bbox,0.6483773589134216,1148.4619140625,1051.5074462890625,2064.0,2740.07275390625,0,0,1,0,0,0,0,0,0,0,0,0,0.05729426443576813,0.04117462411522865,0.15276587009429932,0.024393554776906967,0.008827406913042068,0.019451115280389786,0.008212815038859844,0.03598155826330185,0.06644182652235031,0.06160487234592438,0.012539071962237358,0.04356888681650162
63,2.1,,,,insightface_bbox,0.6483773589134216,1148.4619140625,1051.5074462890625,2064.0,2740.07275390625,0,0,1,0,0,0,0,0,0,0,0,0,0.06041625514626503,0.04390421882271767,0.16726216673851013,0.02499384433031082,0.008940223604440689,0.020426781848073006,0.00871745403856039,0.036598801612854004,0.06856431066989899,0.06382113695144653,0.013433882035315037,0.04674697294831276
64,2.1333333333333333,,,,insightface_bbox,0.6483773589134216,1148.4619140625,1051.5074462890625,2064.0,2740.07275390625,0,0,1,0,0,0,0,0,0,0,0,0,0.06499945372343063,0.047419700771570206,0.18627144396305084,0.027787204831838608,0.0094569381326437,0.023833027109503746,0.010245776735246181,0.03888563811779022,0.073545902967453,0.0711178109049797,0.01869013160467148,0.05415815860033035
65,2.1666666666666665,,,,insightface_bbox,0.6483773589134216,1148.4619140625,1051.5074462890625,2064.0,2740.07275390625,0,0,1,0,0,0,0,0,0,0,0,0,0.06440656632184982,0.0425834022462368,0.17839016020298004,0.02713790535926819,0.009204096160829067,0.02496417611837387,0.009749405086040497,0.038492221385240555,0.07251094281673431,0.07695916295051575,0.02079927548766136,0.05354840308427811
66,2.2,,,,insightface_bbox,0.5897080898284912,1139.308837890625,1011.739501953125,2064.0,2813.84228515625,0,0,1,0,0,0,0,0,0,1,0,0,0.05245864763855934,0.02960771694779396,0.12229840457439423,0.020854191854596138,0.00725672859698534,0.01953139901161194,0.00700261490419507,0.03270016610622406,0.06926170736551285,0.07452380657196045,0.01503015123307705,0.04355109483003616
67,2.2333333333333334,,,,insightface_bbox,0.5897080898284912,1139.308837890625,1011.739501953125,2064.0,2813.84228515625,0,0,1,0,0,0,0,0,0,1,0,0,0.05175281688570976,0.02900790236890316,0.1258067935705185,0.020335307344794273,0.007394054438918829,0.020294951274991035,0.0067907050251960754,0.03208387270569801,0.06850813329219818,0.07385452091693878,0.01617281138896942,0.044605813920497894
68,2.2666666666666666,,,,insightface_bbox,0.5897080898284912,1139.308837890625,1011.739501953125,2064.0,2813.84228515625,0,0,1,0,0,0,0,0,0,1,0,0,0.05044548213481903,0.028542861342430115,0.12294388562440872,0.020340504124760628,0.0073560429736971855,0.020089909434318542,0.006721464917063713,0.03215767815709114,0.06805317103862762,0.07391384243965149,0.016112154349684715,0.0443870984017849
69,2.3,,,,insightface_bbox,0.5897080898284912,1139.308837890625,1011.739501953125,2064.0,2813.84228515625,0,0,1,0,0,0,0,0,0,1,0,0,0.0505257174372673,0.027891837060451508,0.12806308269500732,0.01924159750342369,0.007224814034998417,0.02000555209815502,0.006242157891392708,0.032325852662324905,0.06708891689777374,0.07147558778524399,0.01583249121904373,0.042595669627189636
70,2.3333333333333335,,,,insightface_bbox,0.5897080898284912,1139.308837890625,1011.739501953125,2064.0,2813.84228515625,0,0,1,0,0,0,0,0,0,1,0,0,0.05993831902742386,0.031544968485832214,0.15463051199913025,0.019647087901830673,0.007027433719485998,0.02368978224694729,0.0064352708868682384,0.033413276076316833,0.06828276813030243,0.0696488469839096,0.023139266297221184,0.046557631343603134
71,2.3666666666666667,,,,insightface_bbox,0.5897080898284912,1139.308837890625,1011.739501953125,2064.0,2813.84228515625,0,0,1,0,0,0,0,0,0,1,0,0,0.05774062126874924,0.03244530037045479,0.1463475227355957,0.02027750387787819,0.006929570343345404,0.023828977718949318,0.0061022089794278145,0.03534430265426636,0.06829105317592621,0.07235357910394669,0.021429192274808884,0.046026427298784256
72,2.4,,,,insightface_bbox,0.6626344323158264,1124.445068359375,1024.8807373046875,2064.0,2748.547119140625,0,0,1,0,0,0,0,0,0,0,0,0,0.05045259743928909,0.031113112345337868,0.12078634649515152,0.01695132628083229,0.0064909737557172775,0.016909420490264893,0.0063238441944122314,0.03098670393228531,0.06590782850980759,0.06130623072385788,0.009802133776247501,0.03779686614871025
73,2.433333333333333,,,,insightface_bbox,0.6626344323158264,1124.445068359375,1024.8807373046875,2064.0,2748.547119140625,0,0,1,0,0,0,0,0,0,0,0,0,0.05237665772438049,0.033065639436244965,0.11359889805316925,0.01754225604236126,0.00647110678255558,0.017145339399576187,0.006306151859462261,0.03220434859395027,0.06767000257968903,0.06514593958854675,0.010432004928588867,0.03954371437430382
74,2.466666666666667,,,,insightface_bbox,0.6626344323158264,1124.445068359375,1024.8807373046875,2064.0,2748.547119140625,0,0,1,0,0,0,0,0,0,0,0,0,0.05330098792910576,0.033883240073919296,0.11956248432397842,0.017867345362901688,0.0064884149469435215,0.017624007537961006,0.006604206282645464,0.032266706228256226,0.0679020881652832,0.06522514671087265,0.010682102292776108,0.04060254991054535
75,2.5,,,,insightface_bbox,0.6626344323158264,1124.445068359375,1024.8807373046875,2064.0,2748.547119140625,0,0,1,0,0,0,0,0,0,0,0,0,0.05312230437994003,0.03510093688964844,0.11329669505357742,0.018688932061195374,0.0068427324295043945,0.017961056903004646,0.006961022038012743,0.03247587010264397,0.06702955067157745,0.06744339317083359,0.012252469547092915,0.04294920712709427
76,2.533333333333333,,,,insightface_bbox,0.6626344323158264,1124.445068359375,1024.8807373046875,2064.0,2748.547119140625,0,0,1,0,0,0,0,0,0,0,0,0,0.05572166666388512,0.03712771460413933,0.11375226825475693,0.020088743418455124,0.0072705913335084915,0.0191555917263031,0.007437933702021837,0.0336470901966095,0.06634584069252014,0.06991704553365707,0.01546335220336914,0.047801852226257324
77,2.566666666666667,,,,insightface_bbox,0.6626344323158264,1124.445068359375,1024.8807373046875,2064.0,2748.547119140625,0,0,1,0,0,0,0,0,0,0,0,0,0.05693211406469345,0.03798539191484451,0.11617403477430344,0.020428061485290527,0.007372238207608461,0.019296834245324135,0.007613368798047304,0.033637113869190216,0.06599566340446472,0.06953813880681992,0.015722833573818207,0.0483112595975399
78,2.6,,,,insightface_bbox,0.678927481174469,1131.04638671875,1021.4512329101562,2064.0,2741.18359375,0,0,1,0,0,0,0,0,0,0,0,0,0.05960163474082947,0.03892727941274643,0.13123926520347595,0.020164504647254944,0.007117611821740866,0.020244067534804344,0.0069713713601231575,0.031677789986133575,0.06185678765177727,0.06174793094396591,0.018063804134726524,0.04796050116419792
79,2.6333333333333333,,,,insightface_bbox,0.678927481174469,1131.04638671875,1021.4512329101562,2064.0,2741.18359375,0,0,1,0,0,0,0,0,0,0,0,0,0.05694053694605827,0.03624984622001648,0.13076713681221008,0.019948087632656097,0.007030238397419453,0.02048516646027565,0.007847636938095093,0.03126472979784012,0.059823863208293915,0.06267721951007843,0.01999383047223091,0.048537157475948334
80,2.6666666666666665,,,,insightface_bbox,0.678927481174469,1131.04638671875,1021.4512329101562,2064.0,2741.18359375,0,0,1,0,0,0,0,0,0,0,0,0,0.05566641688346863,0.03252250328660011,0.12486845254898071,0.021243158727884293,0.008270127698779106,0.020854419097304344,0.008870325982570648,0.03359675034880638,0.06485757976770401,0.07298645377159119,0.020672794431447983,0.04926423728466034
81,2.7,,,,insightface_bbox,0.678927481174469,1131.04638671875,1021.4512329101562,2064.0,2741.18359375,0,0,1,0,0,0,0,0,0,0,0,0,0.06301979720592499,0.03636685013771057,0.13786321878433228,0.02335449308156967,0.009017448872327805,0.022169204428792,0.01026647537946701,0.03540216386318207,0.06890235841274261,0.07737578451633453,0.023678990080952644,0.054119907319545746
82,2.7333333333333334,,,,insightface_bbox,0.678927481174469,1131.04638671875,1021.4512329101562,2064.0,2741.18359375,0,0,1,0,0,0,0,0,0,0,0,0,0.05977813899517059,0.03394993394613266,0.13123822212219238,0.022470597177743912,0.008862193673849106,0.021531905978918076,0.009706350043416023,0.03540872037410736,0.06918524205684662,0.07723377645015717,0.023387979716062546,0.05290695279836655
83,2.7666666666666666,,,,insightface_bbox,0.678927481174469,1131.04638671875,1021.4512329101562,2064.0,2741.18359375,0,0,1,0,0,0,0,0,0,0,0,0,0.05800580605864525,0.032978665083646774,0.1271510273218155,0.02241983823478222,0.009029041975736618,0.021605022251605988,0.010003771632909775,0.03469841554760933,0.06759607046842575,0.07544051855802536,0.022802390158176422,0.05282464995980263
84,2.8,,,,insightface_bbox,0.6337164640426636,1133.8951416015625,1018.0250854492188,2064.0,2766.359375,0,0,1,0,0,0,0,0,0,0,0,0,0.053299907594919205,0.030164211988449097,0.1242433562874794,0.018338335677981377,0.007250278256833553,0.018889660015702248,0.006878668908029795,0.03213908150792122,0.06755033135414124,0.06743688881397247,0.01387006789445877,0.0421733632683754
85,2.8333333333333335,,,,insightface_bbox,0.6337164640426636,1133.8951416015625,1018.0250854492188,2064.0,2766.359375,0,0,1,0,0,0,0,0,0,0,0,0,0.051086150109767914,0.02949671447277069,0.11892079561948776,0.01755714975297451,0.006882449612021446,0.01798349618911743,0.00631908793002367,0.0306914784014225,0.06523604691028595,0.06522607058286667,0.01098502054810524,0.03802448511123657
86,2.8666666666666667,,,,insightface_bbox,0.6337164640426636,1133.8951416015625,1018.0250854492188,2064.0,2766.359375,0,0,1,0,0,0,0,0,0,0,0,0,0.050828732550144196,0.030096732079982758,0.11307625472545624,0.017270876094698906,0.006815627682954073,0.0177162978798151,0.0059527247212827206,0.029668886214494705,0.06423638015985489,0.06548494845628738,0.010150852613151073,0.036082711070775986
87,2.9,,,,insightface_bbox,0.6337164640426636,1133.8951416015625,1018.0250854492188,2064.0,2766.359375,0,0,1,0,0,0,0,0,0,0,0,0,0.054436005651950836,0.031892262399196625,0.10992669314146042,0.018764549866318703,0.006942798383533955,0.0192580483853817,0.006717785261571407,0.030574962496757507,0.06077895313501358,0.06498677283525467,0.015072790905833244,0.042999815195798874
88,2.933333333333333,,,,insightface_bbox,0.6337164640426636,1133.8951416015625,1018.0250854492188,2064.0,2766.359375,0,0,1,0,0,0,0,0,0,0,0,0,0.060316070914268494,0.036632612347602844,0.12428634613752365,0.022216614335775375,0.00762970233336091,0.02279142662882805,0.00819928664714098,0.03353479877114296,0.05795276165008545,0.0689486414194107,0.028171516954898834,0.05666697025299072
89,2.966666666666667,,,,insightface_bbox,0.6337164640426636,1133.8951416015625,1018.0250854492188,2064.0,2766.359375,0,0,1,0,0,0,0,0,0,0,0,0,0.05787832662463188,0.03534935787320137,0.12121736258268356,0.0209064744412899,0.007244100794196129,0.020267551764845848,0.007722271140664816,0.03338664397597313,0.06115536764264107,0.07288970798254013,0.021087992936372757,0.05361202359199524
90,3.0,,,,insightface_bbox,0.6401704549789429,1123.861083984375,998.3343505859375,2064.0,2797.002685546875,0,0,0,0,0,0,0,0,0,0,0,0,0.05049953609704971,0.02842879295349121,0.09650266170501709,0.017777100205421448,0.0070264930836856365,0.01741448976099491,0.007602767087519169,0.03054027631878853,0.05616407096385956,0.06459279358386993,0.017750084400177002,0.04605431109666824
91,3.033333333333333,,,,insightface_bbox,0.6401704549789429,1123.861083984375,998.3343505859375,2064.0,2797.002685546875,0,0,0,0,0,0,0,0,0,0,0,0,0.04947459697723389,0.027540700510144234,0.0999545305967331,0.019128549844026566,0.007242686580866575,0.01900354214012623,0.0095281470566988,0.033097997307777405,0.06021224707365036,0.06723492592573166,0.02387298457324505,0.049154218286275864
92,3.066666666666667,,,,insightface_bbox,0.6401704549789429,1123.861083984375,998.3343505859375,2064.0,2797.002685546875,0,0,0,0,0,0,0,0,0,0,0,0,0.04978766292333603,0.026855602860450745,0.11210932582616806,0.019188132137060165,0.007399259600788355,0.019212910905480385,0.009895876049995422,0.03391975164413452,0.058987557888031006,0.06570729613304138,0.024320242926478386,0.04819977656006813
93,3.1,,,,insightface_bbox,0.6401704549789429,1123.861083984375,998.3343505859375,2064.0,2797.002685546875,0,0,0,0,0,0,0,0,0,0,0,0,0.048650991171598434,0.02594183012843132,0.11443261802196503,0.018545443192124367,0.007283040322363377,0.01820022612810135,0.010094944387674332,0.03233685344457626,0.058170318603515625,0.06301876902580261,0.020886240527033806,0.04501829296350479
94,3.1333333333333333,,,,insightface_bbox,0.6401704549789429,1123.861083984375,998.3343505859375,2064.0,2797.002685546875,0,0,0,0,0,0,0,0,0,0,0,0,0.048833273351192474,0.026069385930895805,0.11328442394733429,0.019774314016103745,0.0078074149787425995,0.019361931830644608,0.011075049638748169,0.03445008397102356,0.06088497117161751,0.06758783757686615,0.022072624415159225,0.04543119668960571
95,3.1666666666666665,,,,insightface_bbox,0.6401704549789429,1123.861083984375,998.3343505859375,2064.0,2797.002685546875,0,0,0,0,0,0,0,0,0,0,0,0,0.0528101921081543,0.02755625918507576,0.12344155460596085,0.02190146967768669,0.00836615264415741,0.0209235567599535,0.012840481474995613,0.03655894100666046,0.06156000867486,0.07091141492128372,0.0267162024974823,0.047190919518470764
96,3.2,,,,insightface_bbox,0.6030391454696655,1146.2835693359375,1031.1619873046875,2064.0,2899.885009765625,0,0,1,0,0,0,0,0,0,1,0,0,0.056589387357234955,0.030957600101828575,0.1906823366880417,0.023086532950401306,0.008954371325671673,0.02228054404258728,0.007911472581326962,0.03332916274666786,0.07467552274465561,0.07547751814126968,0.014804372563958168,0.04228001460433006
97,3.2333333333333334,,,,insightface_bbox,0.6030391454696655,1146.2835693359375,1031.1619873046875,2064.0,2899.885009765625,0,0,1,0,0,0,0,0,0,1,0,0,0.05504204332828522,0.03081325627863407,0.17496946454048157,0.023572484031319618,0.009442990645766258,0.022097451612353325,0.007784396409988403,0.03333858773112297,0.07245323807001114,0.07268968224525452,0.015346689149737358,0.04305465146899223
98,3.2666666666666666,,,,insightface_bbox,0.6030391454696655,1146.2835693359375,1031.1619873046875,2064.0,2899.885009765625,0,0,1,0,0,0,0,0,0,1,0,0,0.05527261272072792,0.030885856598615646,0.18172240257263184,0.02331964671611786,0.009496331214904785,0.022392047569155693,0.007473197299987078,0.033230774104595184,0.07114633172750473,0.0718422532081604,0.015566788613796234,0.04336106777191162
99,3.3,,,,insightface_bbox,0.6030391454696655,1146.2835693359375,1031.1619873046875,2064.0,2899.885009765625,0,0,1,0,0,0,0,0,0,1,0,0,0.05752908065915108,0.03253427892923355,0.18954792618751526,0.023543035611510277,0.00967668741941452,0.023496340960264206,0.007703972514718771,0.03369036689400673,0.07181022316217422,0.07346638292074203,0.01588200405240059,0.04481952637434006
100,3.3333333333333335,,,,insightface_bbox,0.6030391454696655,1146.2835693359375,1031.1619873046875,2064.0,2899.885009765625,0,0,1,0,0,0,0,0,0,1,0,0,0.06124977767467499,0.03451327234506607,0.19765569269657135,0.024427562952041626,0.0097883315756917,0.024411641061306,0.007959907874464989,0.03437672555446625,0.07397650927305222,0.07633978873491287,0.016160741448402405,0.04547590762376785
101,3.3666666666666667,,,,insightface_bbox,0.6030391454696655,1146.2835693359375,1031.1619873046875,2064.0,2899.885009765625,0,0,1,0,0,0,0,0,0,1,0,0,0.06322700530290604,0.03512069955468178,0.19421836733818054,0.025097260251641273,0.009910434484481812,0.025676999241113663,0.008315246552228928,0.03566489368677139,0.07588852196931839,0.0803922563791275,0.017376044765114784,0.04611143842339516
102,3.4,,,,insightface_bbox,0.6274905204772949,1133.6051025390625,1002.5703125,2064.0,2798.998779296875,0,0,1,0,0,0,0,0,0,1,0,0,0.046581342816352844,0.02520114928483963,0.10157273709774017,0.016985464841127396,0.007256781216710806,0.01758694276213646,0.007154832594096661,0.03151480481028557,0.0707370936870575,0.07716524600982666,0.01136806607246399,0.0362386554479599
103,3.433333333333333,,,,insightface_bbox,0.6274905204772949,1133.6051025390625,1002.5703125,2064.0,2798.998779296875,0,0,1,0,0,0,0,0,0,1,0,0,0.045683275908231735,0.02408331073820591,0.10882653295993805,0.015936896204948425,0.006739134434610605,0.0171339213848114,0.0070715234614908695,0.028914304450154305,0.06547503173351288,0.06829076260328293,0.009773495607078075,0.03369615972042084
104,3.466666666666667,,,,insightface_bbox,0.6274905204772949,1133.6051025390625,1002.5703125,2064.0,2798.998779296875,0,0,1,0,0,0,0,0,0,1,0,0,0.044912710785865784,0.023592842742800713,0.11970936506986618,0.014586583711206913,0.006000850815325975,0.01693257875740528,0.005477627739310265,0.02799002267420292,0.06357043236494064,0.06291958689689636,0.009385978803038597,0.032481610774993896
105,3.5,,,,insightface_bbox,0.6274905204772949,1133.6051025390625,1002.5703125,2064.0,2798.998779296875,0,0,1,0,0,0,0,0,0,1,0,0,0.05061952769756317,0.026584330946207047,0.1489832103252411,0.015185839496552944,0.006154381670057774,0.018583858385682106,0.005926517769694328,0.027789931744337082,0.0626622885465622,0.05869431421160698,0.00996720977127552,0.03452096879482269
106,3.533333333333333,,,,insightface_bbox,0.6274905204772949,1133.6051025390625,1002.5703125,2064.0,2798.998779296875,0,0,1,0,0,0,0,0,0,1,0,0,0.058170780539512634,0.032595567405223846,0.1547042727470398,0.01672479324042797,0.006320664659142494,0.019626829773187637,0.006490785162895918,0.028658095747232437,0.06460187584161758,0.059606947004795074,0.010882397182285786,0.03681055083870888
107,3.566666666666667,,,,insightface_bbox,0.6274905204772949,1133.6051025390625,1002.5703125,2064.0,2798.998779296875,0,0,1,0,0,0,0,0,0,0,0,0,0.06001713126897812,0.034437309950590134,0.1614122986793518,0.01757390983402729,0.006475262343883514,0.020573411136865616,0.006818925496190786,0.029192177578806877,0.06423082202672958,0.05995342507958412,0.012151944451034069,0.03786473348736763
108,3.6,,,,insightface_bbox,0.6768856644630432,1136.6781005859375,1035.34130859375,2064.0,2712.8115234375,0,0,1,0,0,0,0,0,0,0,0,0,0.06387055665254593,0.03547567501664162,0.18529705703258514,0.018930094316601753,0.007132329046726227,0.023326965048909187,0.007560370024293661,0.03252121061086655,0.0666787326335907,0.0653495267033577,0.014065919443964958,0.040016673505306244
109,3.6333333333333333,,,,insightface_bbox,0.6768856644630432,1136.6781005859375,1035.34130859375,2064.0,2712.8115234375,0,0,1,0,0,0,0,0,0,0,0,0,0.0675332099199295,0.041126128286123276,0.1785724014043808,0.02083454467356205,0.007224580273032188,0.023755483329296112,0.007863332517445087,0.03384559601545334,0.06899460405111313,0.06845508515834808,0.015238015912473202,0.04367738589644432
110,3.6666666666666665,,,,insightface_bbox,0.6768856644630432,1136.6781005859375,1035.34130859375,2064.0,2712.8115234375,0,0,1,0,0,0,0,0,0,0,0,0,0.06432539969682693,0.04132024198770523,0.17197194695472717,0.02117890492081642,0.006878773681819439,0.022745000198483467,0.007743635680526495,0.03414502367377281,0.07007180899381638,0.06717971712350845,0.015699226409196854,0.04478178173303604
111,3.7,,,,insightface_bbox,0.6768856644630432,1136.6781005859375,1035.34130859375,2064.0,2712.8115234375,0,0,1,0,0,0,0,0,0,0,0,0,0.060763515532016754,0.03954198956489563,0.1571846604347229,0.02069597691297531,0.006570039317011833,0.020853854715824127,0.007387606892734766,0.03362122178077698,0.06962261348962784,0.0660967156291008,0.01450777892023325,0.04355360567569733
112,3.7333333333333334,,,,insightface_bbox,0.6768856644630432,1136.6781005859375,1035.34130859375,2064.0,2712.8115234375,0,0,1,0,0,0,0,0,0,0,0,0,0.05998752638697624,0.037995316088199615,0.16256043314933777,0.020711852237582207,0.006821607705205679,0.021656697615981102,0.00774602172896266,0.03417077660560608,0.06954380124807358,0.06771215796470642,0.014802590012550354,0.044289760291576385
113,3.7666666666666666,,,,insightface_bbox,0.6768856644630432,1136.6781005859375,1035.34130859375,2064.0,2712.8115234375,0,0,1,0,0,0,0,0,0,0,0,0,0.060169290751218796,0.03526303172111511,0.17287926375865936,0.019176306203007698,0.006721125915646553,0.02137061581015587,0.007552189752459526,0.033261921256780624,0.06692025065422058,0.0643250048160553,0.01288537960499525,0.04163298010826111
114,3.8,,,,insightface_bbox,0.6345012784004211,1139.569091796875,1045.4853515625,2064.0,2770.62255859375,0,0,1,0,0,0,0,0,0,1,0,0,0.06313741207122803,0.033158961683511734,0.1922006756067276,0.018900325521826744,0.007308907341212034,0.023323187604546547,0.007527638226747513,0.0335887148976326,0.07131142169237137,0.0696089044213295,0.015286553651094437,0.0446225143969059
115,3.8333333333333335,,,,insightface_bbox,0.6345012784004211,1139.569091796875,1045.4853515625,2064.0,2770.62255859375,0,0,1,0,0,0,0,0,0,1,0,0,0.04831570386886597,0.02428298443555832,0.1419518142938614,0.017352696508169174,0.007296733558177948,0.01925984025001526,0.006450240034610033,0.0316414013504982,0.06631015986204147,0.07102543115615845,0.014740318059921265,0.039062123745679855
116,3.8666666666666667,,,,insightface_bbox,0.6345012784004211,1139.569091796875,1045.4853515625,2064.0,2770.62255859375,0,0,1,0,0,0,0,0,0,0,0,0,0.045938096940517426,0.022974999621510506,0.1442626565694809,0.01705372892320156,0.006976658012717962,0.01781390607357025,0.005838340148329735,0.030035825446248055,0.06332486867904663,0.06848593056201935,0.014792242087423801,0.03839070722460747
117,3.9,,,,insightface_bbox,0.6345012784004211,1139.569091796875,1045.4853515625,2064.0,2770.62255859375,0,0,1,0,0,0,0,0,0,1,0,0,0.04413192719221115,0.021171212196350098,0.13633570075035095,0.015829503536224365,0.006490596570074558,0.01671438291668892,0.005282681435346603,0.02923322468996048,0.06434024125337601,0.06905176490545273,0.011696354486048222,0.035050131380558014
118,3.933333333333333,,,,insightface_bbox,0.6345012784004211,1139.569091796875,1045.4853515625,2064.0,2770.62255859375,0,0,1,0,0,0,0,0,0,1,0,0,0.04356418550014496,0.020830480381846428,0.11522147804498672,0.01541610062122345,0.006495299749076366,0.015897056087851524,0.00525718042626977,0.02855517901480198,0.06510940194129944,0.06589043885469437,0.009622663259506226,0.03224523365497589
119,3.966666666666667,,,,insightface_bbox,0.6345012784004211,1139.569091796875,1045.4853515625,2064.0,2770.62255859375,0,0,1,0,0,0,0,0,0,1,0,0,0.04873234033584595,0.02246108651161194,0.1471748650074005,0.01565452106297016,0.006392798386514187,0.017612053081393242,0.005089502781629562,0.030048927292227745,0.06585405021905899,0.06279194355010986,0.011632264591753483,0.03540186583995819
120,4.0,,,,insightface_bbox,0.6422728896141052,1123.381103515625,1021.949951171875,2064.0,2776.205322265625,0,0,1,0,0,0,0,0,0,0,0,0,0.05995246767997742,0.028874853625893593,0.15378940105438232,0.015908947214484215,0.00627529714256525,0.0169123075902462,0.006452323868870735,0.027403611689805984,0.06334798038005829,0.05621206760406494,0.009044940583407879,0.03263634070754051
121,4.033333333333333,,,,insightface_bbox,0.6422728896141052,1123.381103515625,1021.949951171875,2064.0,2776.205322265625,0,0,1,0,0,0,0,0,0,0,0,0,0.0655895322561264,0.03371620923280716,0.1660427749156952,0.016944728791713715,0.006613187491893768,0.018478242680430412,0.0076246727257966995,0.02840137481689453,0.06553119421005249,0.05884356051683426,0.009732479229569435,0.035658374428749084
122,4.066666666666666,,,,insightface_bbox,0.6422728896141052,1123.381103515625,1021.949951171875,2064.0,2776.205322265625,0,0,1,0,0,0,0,0,0,1,0,0,0.06444089114665985,0.03463565930724144,0.14312444627285004,0.017595432698726654,0.006940967403352261,0.019023004919290543,0.007416384294629097,0.02987615019083023,0.06684712320566177,0.06311900913715363,0.009669100865721703,0.035919271409511566
123,4.1,,,,insightface_bbox,0.6422728896141052,1123.381103515625,1021.949951171875,2064.0,2776.205322265625,0,0,1,0,0,0,0,0,0,1,0,0,0.06257840245962143,0.03559795767068863,0.1427256464958191,0.01826300658285618,0.006709268316626549,0.019222397357225418,0.007249463349580765,0.03066006302833557,0.06806408613920212,0.06506131589412689,0.011046957224607468,0.03891763091087341
124,4.133333333333334,,,,insightface_bbox,0.6422728896141052,1123.381103515625,1021.949951171875,2064.0,2776.205322265625,0,0,1,0,0,0,0,0,0,1,0,0,0.06012143939733505,0.03521506115794182,0.14881232380867004,0.01803574338555336,0.00638998206704855,0.019356587901711464,0.007423954550176859,0.03036325052380562,0.06983169168233871,0.06597001105546951,0.01123388484120369,0.03926939517259598
125,4.166666666666667,,,,insightface_bbox,0.6422728896141052,1123.381103515625,1021.949951171875,2064.0,2776.205322265625,0,0,1,0,0,0,0,0,0,1,0,0,0.05570588260889053,0.030131544917821884,0.10833613574504852,0.016719315201044083,0.006566248368471861,0.016821272671222687,0.006469541694968939,0.029976803809404373,0.06812141090631485,0.06501414626836777,0.009378686547279358,0.03490746021270752
126,4.2,,,,insightface_bbox,0.6304276585578918,1127.427001953125,1012.2335205078125,2064.0,2804.8974609375,0,0,1,0,0,0,0,0,0,0,0,0,0.052240047603845596,0.026162492111325264,0.11851745843887329,0.016427844762802124,0.006721477955579758,0.017124982550740242,0.006201190873980522,0.028639240190386772,0.06447920948266983,0.06473306566476822,0.011834058910608292,0.03702358156442642
127,4.233333333333333,,,,insightface_bbox,0.6304276585578918,1127.427001953125,1012.2335205078125,2064.0,2804.8974609375,0,0,1,0,0,0,0,0,0,0,0,0,0.059132520109415054,0.028807390481233597,0.14967893064022064,0.01655210554599762,0.006941145285964012,0.018502118065953255,0.006542511284351349,0.028612220659852028,0.06630969792604446,0.06313382089138031,0.013342250138521194,0.04056784510612488
128,4.266666666666667,,,,insightface_bbox,0.6304276585578918,1127.427001953125,1012.2335205078125,2064.0,2804.8974609375,0,0,1,0,0,0,0,0,0,0,0,0,0.06224996969103813,0.03011549636721611,0.17104032635688782,0.017993299290537834,0.007459006272256374,0.02025185525417328,0.0075392816215753555,0.03011307120323181,0.06611824780702591,0.06233803182840347,0.01613171026110649,0.044755950570106506
129,4.3,,,,insightface_bbox,0.6304276585578918,1127.427001953125,1012.2335205078125,2064.0,2804.8974609375,0,0,1,0,0,0,0,0,0,0,0,0,0.060196369886398315,0.02907419204711914,0.15410883724689484,0.016941281035542488,0.007155746687203646,0.01889142021536827,0.0066348109394311905,0.029080312699079514,0.0662531852722168,0.06371241807937622,0.013895312324166298,0.04147801548242569
130,4.333333333333333,,,,insightface_bbox,0.6304276585578918,1127.427001953125,1012.2335205078125,2064.0,2804.8974609375,0,0,1,0,0,0,0,0,0,1,0,0,0.055294688791036606,0.026816200464963913,0.11834434419870377,0.016487769782543182,0.006875911727547646,0.017354121431708336,0.006040504202246666,0.02949582040309906,0.06870956718921661,0.06894267350435257,0.012179938144981861,0.03811406344175339
131,4.366666666666666,,,,insightface_bbox,0.6304276585578918,1127.427001953125,1012.2335205078125,2064.0,2804.8974609375,0,0,1,0,0,0,0,0,0,1,0,0,0.053905364125967026,0.02616470493376255,0.11920082569122314,0.016671987250447273,0.006962629035115242,0.017287256196141243,0.00590157276019454,0.02983638271689415,0.06848051398992538,0.06894504278898239,0.012392023578286171,0.03783487528562546
132,4.4,,,,insightface_bbox,0.643180787563324,1128.7637939453125,1016.5173950195312,2064.0,2791.28857421875,0,0,1,0,0,0,0,0,0,1,0,0,0.05049164965748787,0.024257369339466095,0.1378084123134613,0.015069552697241306,0.005999524611979723,0.01688261330127716,0.005036930553615093,0.029478920623660088,0.06537017226219177,0.06065439432859421,0.01126046758145094,0.03585110977292061
133,4.433333333333334,,,,insightface_bbox,0.643180787563324,1128.7637939453125,1016.5173950195312,2064.0,2791.28857421875,0,0,1,0,0,0,0,0,0,1,0,0,0.06499551981687546,0.0314200334250927,0.15630991756916046,0.018198002129793167,0.00662599503993988,0.021441884338855743,0.0061084553599357605,0.03226014971733093,0.07037945091724396,0.06578284502029419,0.017264990136027336,0.044861651957035065
134,4.466666666666667,,,,insightface_bbox,0.643180787563324,1128.7637939453125,1016.5173950195312,2064.0,2791.28857421875,0,0,1,0,0,0,0,0,0,1,0,0,0.0641816183924675,0.032423973083496094,0.1617237627506256,0.018325766548514366,0.006623310502618551,0.021357053890824318,0.005925597622990608,0.03185572847723961,0.07079200446605682,0.0630308985710144,0.015727197751402855,0.041938796639442444
135,4.5,,,,insightface_bbox,0.643180787563324,1128.7637939453125,1016.5173950195312,2064.0,2791.28857421875,0,0,1,0,0,0,0,0,0,1,0,0,0.06678846478462219,0.03575342893600464,0.17778350412845612,0.019466139376163483,0.006473630666732788,0.021800916641950607,0.006208424922078848,0.03169921785593033,0.07183719426393509,0.06389274448156357,0.01686391979455948,0.043791040778160095
136,4.533333333333333,,,,insightface_bbox,0.643180787563324,1128.7637939453125,1016.5173950195312,2064.0,2791.28857421875,0,0,1,0,0,0,0,0,0,0,0,0,0.06729678809642792,0.03701351210474968,0.17193597555160522,0.02051195502281189,0.006481966003775597,0.022346578538417816,0.0065131597220897675,0.032959241420030594,0.07269182801246643,0.0630783662199974,0.019795933738350868,0.04662583768367767
137,4.566666666666666,,,,insightface_bbox,0.643180787563324,1128.7637939453125,1016.5173950195312,2064.0,2791.28857421875,0,0,1,0,0,0,0,0,0,0,0,0,0.06714048236608505,0.03787772357463837,0.1767292022705078,0.021137705072760582,0.006735922768712044,0.022695928812026978,0.006979349534958601,0.03345826268196106,0.07231133431196213,0.06342560052871704,0.020233340561389923,0.04758266359567642
138,4.6,,,,insightface_bbox,0.6861919164657593,1112.0469970703125,1060.3431396484375,2064.0,2734.181640625,0,0,0,0,0,0,0,0,0,0,0,0,0.05963267385959625,0.03656304255127907,0.13968177139759064,0.020664697512984276,0.00694314856082201,0.01777452602982521,0.00806771032512188,0.03254842758178711,0.06750433146953583,0.055490121245384216,0.01160376612097025,0.043605394661426544
139,4.633333333333334,,,,insightface_bbox,0.6861919164657593,1112.0469970703125,1060.3431396484375,2064.0,2734.181640625,0,0,0,0,0,0,0,0,0,0,0,0,0.06079793721437454,0.037691228091716766,0.14021146297454834,0.021917467936873436,0.007053646259009838,0.018600916489958763,0.00904420018196106,0.03446564823389053,0.06825431436300278,0.0590706430375576,0.013158795423805714,0.045782916247844696
140,4.666666666666667,,,,insightface_bbox,0.6861919164657593,1112.0469970703125,1060.3431396484375,2064.0,2734.181640625,0,0,0,0,0,0,0,0,0,0,0,0,0.04861636087298393,0.029069410637021065,0.09612060338258743,0.017955757677555084,0.0067909895442426205,0.01635570637881756,0.00786739494651556,0.030766038224101067,0.06047286465764046,0.0651376023888588,0.011770201846957207,0.0399959497153759
141,4.7,,,,insightface_bbox,0.6861919164657593,1112.0469970703125,1060.3431396484375,2064.0,2734.181640625,0,0,0,0,0,0,0,0,0,0,0,0,0.05248456820845604,0.031152784824371338,0.1034933403134346,0.02137266844511032,0.007305396720767021,0.02001277357339859,0.009562859311699867,0.03472346067428589,0.06064348295331001,0.06467261165380478,0.028095265850424767,0.05138421803712845
142,4.733333333333333,,,,insightface_bbox,0.6861919164657593,1112.0469970703125,1060.3431396484375,2064.0,2734.181640625,0,0,0,0,0,0,0,0,0,0,0,0,0.056647416204214096,0.031607553362846375,0.1167139783501625,0.021847032010555267,0.007696754299104214,0.021018842235207558,0.011052519083023071,0.03422992676496506,0.06007076054811478,0.062368154525756836,0.03235570341348648,0.04921276494860649
143,4.766666666666667,,,,insightface_bbox,0.6861919164657593,1112.0469970703125,1060.3431396484375,2064.0,2734.181640625,0,0,0,0,0,0,0,0,0,0,0,0,0.054948702454566956,0.030177678912878036,0.10876992344856262,0.021350707858800888,0.007806549780070782,0.019777532666921616,0.011211192235350609,0.03392937034368515,0.060318801552057266,0.06341888010501862,0.026034733280539513,0.04502435028553009
144,4.8,,,,insightface_bbox,0.6286281943321228,1143.6986083984375,1054.0875244140625,2064.0,2885.685791015625,0,0,1,0,0,0,0,0,0,1,0,0,0.055946312844753265,0.02882777526974678,0.15714353322982788,0.02209588699042797,0.008728078566491604,0.02144841104745865,0.008154025301337242,0.03402126953005791,0.07206165045499802,0.07807581126689911,0.01795545034110546,0.04760134220123291
145,4.833333333333333,,,,insightface_bbox,0.6286281943321228,1143.6986083984375,1054.0875244140625,2064.0,2885.685791015625,0,0,1,0,0,0,0,0,0,0,0,0,0.06108901649713516,0.03250646963715553,0.17041584849357605,0.023843184113502502,0.008943368680775166,0.022459611296653748,0.008028438314795494,0.03600594401359558,0.07538753002882004,0.07719811052083969,0.020159965381026268,0.0522761233150959
146,4.866666666666666,,,,insightface_bbox,0.6286281943321228,1143.6986083984375,1054.0875244140625,2064.0,2885.685791015625,0,0,1,0,0,0,0,0,0,0,0,0,0.06534682214260101,0.036483634263277054,0.16564397513866425,0.02495601773262024,0.009620281867682934,0.02261909656226635,0.008597745560109615,0.03660326823592186,0.0776374414563179,0.07723070681095123,0.019174564629793167,0.05195704102516174
147,4.9,,,,insightface_bbox,0.6286281943321228,1143.6986083984375,1054.0875244140625,2064.0,2885.685791015625,0,0,1,0,0,0,0,0,0,0,0,0,0.06709811091423035,0.03874333202838898,0.1653917133808136,0.025444084778428078,0.009893488138914108,0.02258329465985298,0.008789081126451492,0.03666719049215317,0.07772932946681976,0.07823686301708221,0.01756683737039566,0.05069183185696602
148,4.933333333333334,,,,insightface_bbox,0.6286281943321228,1143.6986083984375,1054.0875244140625,2064.0,2885.685791015625,0,0,1,0,0,0,0,0,0,0,0,0,0.06803953647613525,0.039185453206300735,0.18205009400844574,0.02575790509581566,0.01005495898425579,0.02379840984940529,0.009210741147398949,0.0373881459236145,0.07510420680046082,0.07900237292051315,0.020593058317899704,0.053391460329294205
149,4.966666666666667,,,,insightface_bbox,0.6286281943321228,1143.6986083984375,1054.0875244140625,2064.0,2885.685791015625,0,0,1,0,0,0,0,0,0,0,0,0,0.0652923732995987,0.03772328048944473,0.18587343394756317,0.02497844211757183,0.009320421144366264,0.022560086101293564,0.00834896881133318,0.03548751771450043,0.07317359745502472,0.07535143196582794,0.018186723813414574,0.050967875868082047
150,5.0,,,,insightface_bbox,0.6220278143882751,1138.24951171875,1010.7969360351562,2064.0,2787.910888671875,0,0,1,0,0,0,0,0,0,1,0,0,0.051154159009456635,0.02556012012064457,0.15246543288230896,0.017941968515515327,0.0069945636205375195,0.018051020801067352,0.005719917360693216,0.032332684844732285,0.07225766032934189,0.06769903749227524,0.013340240344405174,0.042080625891685486
151,5.033333333333333,,,,insightface_bbox,0.6220278143882751,1138.24951171875,1010.7969360351562,2064.0,2787.910888671875,0,0,1,0,0,0,0,0,0,1,0,0,0.062425654381513596,0.03011772222816944,0.18907172977924347,0.017841242253780365,0.00668357964605093,0.020086588338017464,0.005327634979039431,0.03222368285059929,0.07031479477882385,0.06364592164754868,0.011868368834257126,0.0418025441467762
152,5.066666666666666,,,,insightface_bbox,0.6220278143882751,1138.24951171875,1010.7969360351562,2064.0,2787.910888671875,0,0,1,0,0,0,0,0,0,1,0,0,0.06692588329315186,0.03244119510054588,0.20403222739696503,0.01847785711288452,0.006933026015758514,0.02278468757867813,0.005358480382710695,0.0338301807641983,0.07126246392726898,0.06384716182947159,0.01613585092127323,0.0453895665705204
153,5.1,,,,insightface_bbox,0.6220278143882751,1138.24951171875,1010.7969360351562,2064.0,2787.910888671875,0,0,1,0,0,0,0,0,0,0,0,0,0.0705542042851448,0.03710756450891495,0.21936281025409698,0.019890055060386658,0.007509496528655291,0.024643205106258392,0.006076997146010399,0.03365505859255791,0.06817994266748428,0.061292171478271484,0.01935689151287079,0.047580569982528687
154,5.133333333333334,,,,insightface_bbox,0.6220278143882751,1138.24951171875,1010.7969360351562,2064.0,2787.910888671875,0,0,1,0,0,0,0,0,0,0,0,0,0.0704854428768158,0.03938528150320053,0.20156782865524292,0.02098805457353592,0.007612365297973156,0.02465050294995308,0.006525932811200619,0.03537418693304062,0.0695997104048729,0.06451840698719025,0.019104959443211555,0.04643256217241287
155,5.166666666666667,,,,insightface_bbox,0.6220278143882751,1138.24951171875,1010.7969360351562,2064.0,2787.910888671875,0,0,1,0,0,0,0,0,0,0,0,0,0.06527084112167358,0.03788190335035324,0.2017134428024292,0.021045969799160957,0.007210843730717897,0.02306452766060829,0.0061881039291620255,0.03427789360284805,0.06812573969364166,0.062364157289266586,0.01615261472761631,0.04318010434508324
156,5.2,,,,insightface_bbox,0.660826563835144,1127.20947265625,1055.312255859375,2064.0,2750.5126953125,0,0,1,0,0,0,0,0,0,1,0,0,0.07302208989858627,0.04083234816789627,0.20455467700958252,0.019349729642271996,0.006447467487305403,0.02098621055483818,0.006409325636923313,0.03561476618051529,0.0759628564119339,0.06871292740106583,0.011654142290353775,0.045955441892147064
157,5.233333333333333,,,,insightface_bbox,0.660826563835144,1127.20947265625,1055.312255859375,2064.0,2750.5126953125,0,0,1,0,0,0,0,0,0,1,0,0,0.06566080451011658,0.03743407502770424,0.18091034889221191,0.01898004673421383,0.006272279657423496,0.020533835515379906,0.006559500936418772,0.032676056027412415,0.07319264858961105,0.06661245226860046,0.01342744380235672,0.045514024794101715
158,5.266666666666667,,,,insightface_bbox,0.660826563835144,1127.20947265625,1055.312255859375,2064.0,2750.5126953125,0,0,1,0,0,0,0,0,0,1,0,0,0.06553566455841064,0.0378490574657917,0.1735309660434723,0.019285500049591064,0.006364340893924236,0.02061769738793373,0.006773823406547308,0.03274377062916756,0.07554401457309723,0.0670834630727768,0.013928726315498352,0.04675126075744629
159,5.3,,,,insightface_bbox,0.660826563835144,1127.20947265625,1055.312255859375,2064.0,2750.5126953125,0,0,1,0,0,0,0,0,0,1,0,0,0.06700773537158966,0.038238052278757095,0.16106769442558289,0.020274808630347252,0.006757196504622698,0.02132057026028633,0.007174117490649223,0.034184616059064865,0.07621554285287857,0.07208190858364105,0.015473192557692528,0.04870634153485298
160,5.333333333333333,,,,insightface_bbox,0.660826563835144,1127.20947265625,1055.312255859375,2064.0,2750.5126953125,0,0,1,0,0,0,0,0,0,1,0,0,0.06647732108831406,0.03722577542066574,0.16274431347846985,0.019936416298151016,0.00677800178527832,0.020626040175557137,0.007135420106351376,0.033576834946870804,0.0771087110042572,0.07253995537757874,0.01385409478098154,0.047063589096069336
161,5.366666666666666,,,,insightface_bbox,0.660826563835144,1127.20947265625,1055.312255859375,2064.0,2750.5126953125,0,0,1,0,0,0,0,0,0,1,0,0,0.06689906120300293,0.037445541471242905,0.1826171875,0.018928654491901398,0.006283927243202925,0.019446106627583504,0.006852599326521158,0.031224193051457405,0.07627296447753906,0.06732506304979324,0.011940118856728077,0.04429769515991211
162,5.4,,,,insightface_bbox,0.6847797632217407,1128.94921875,1051.506103515625,2064.0,2735.049560546875,0,0,1,0,0,0,0,0,0,1,0,0,0.06598702818155289,0.03469665348529816,0.2046176940202713,0.019284820184111595,0.006481599528342485,0.02286987379193306,0.0057748183608055115,0.03445948287844658,0.07145556807518005,0.06446953117847443,0.01724950782954693,0.046406205743551254
163,5.433333333333334,,,,insightface_bbox,0.6847797632217407,1128.94921875,1051.506103515625,2064.0,2735.049560546875,0,0,1,0,0,0,0,0,0,1,0,0,0.06668516248464584,0.03224318474531174,0.2131991982460022,0.018254660069942474,0.006460806354880333,0.022635862231254578,0.005384534597396851,0.03732366859912872,0.0820392444729805,0.0687834769487381,0.015092149376869202,0.04638805612921715
164,5.466666666666667,,,,insightface_bbox,0.6847797632217407,1128.94921875,1051.506103515625,2064.0,2735.049560546875,0,0,1,0,0,0,0,0,0,1,0,0,0.055562201887369156,0.027875453233718872,0.14099954068660736,0.01805710233747959,0.007770040072500706,0.01869746670126915,0.006109042093157768,0.032262545078992844,0.0736132487654686,0.07470513880252838,0.013693822547793388,0.040942899882793427
165,5.5,,,,insightface_bbox,0.6847797632217407,1128.94921875,1051.506103515625,2064.0,2735.049560546875,0,0,1,0,0,0,0,0,0,1,0,0,0.04807711020112038,0.023334138095378876,0.12722480297088623,0.016486985608935356,0.00698627857491374,0.016553007066249847,0.005393174476921558,0.03118295408785343,0.07467840611934662,0.07308800518512726,0.011612320318818092,0.03962961584329605
166,5.533333333333333,,,,insightface_bbox,0.6847797632217407,1128.94921875,1051.506103515625,2064.0,2735.049560546875,0,0,1,0,0,0,0,0,0,1,0,0,0.05123241990804672,0.024216070771217346,0.14494287967681885,0.015677182003855705,0.0060233077965676785,0.01676037535071373,0.004865771159529686,0.029076285660266876,0.0708870142698288,0.06454498320817947,0.011695615015923977,0.03724366053938866
167,5.566666666666666,,,,insightface_bbox,0.6847797632217407,1128.94921875,1051.506103515625,2064.0,2735.049560546875,0,0,1,0,0,0,0,0,0,1,0,0,0.058369629085063934,0.02812773361802101,0.18354548513889313,0.01662966050207615,0.006105310749262571,0.018475083634257317,0.0053436895832419395,0.02994721010327339,0.07242812216281891,0.061530642211437225,0.01467069797217846,0.041282717138528824
168,5.6,,,,insightface_bbox,0.6525163650512695,1115.3758544921875,992.94384765625,2064.0,2786.253662109375,0,0,0,0,0,0,0,0,0,0,0,0,0.054713644087314606,0.028974460437893867,0.1228853240609169,0.01917843520641327,0.006833530496805906,0.01830397918820381,0.008457276038825512,0.032342154532670975,0.06902367621660233,0.06583375483751297,0.01527472771704197,0.041475050151348114
169,5.633333333333334,,,,insightface_bbox,0.6525163650512695,1115.3758544921875,992.94384765625,2064.0,2786.253662109375,0,0,1,0,0,0,0,0,0,0,0,0,0.057050369679927826,0.030712343752384186,0.1333647519350052,0.0197538323700428,0.007003538776189089,0.019411269575357437,0.008146559819579124,0.03372063487768173,0.0716245025396347,0.06654049456119537,0.014777164906263351,0.04219803959131241
170,5.666666666666667,,,,insightface_bbox,0.6525163650512695,1115.3758544921875,992.94384765625,2064.0,2786.253662109375,0,0,1,0,0,0,0,0,0,0,0,0,0.06125909835100174,0.032921090722084045,0.15774494409561157,0.019516048952937126,0.006313234567642212,0.019076883792877197,0.007187582552433014,0.03392217308282852,0.07345211505889893,0.06381486356258392,0.013084751553833485,0.041477326303720474
171,5.7,,,,insightface_bbox,0.6525163650512695,1115.3758544921875,992.94384765625,2064.0,2786.253662109375,0,0,1,0,0,0,0,0,0,0,0,0,0.05731377378106117,0.030340813100337982,0.1428031176328659,0.0182760339230299,0.0063545191660523415,0.018166419118642807,0.006901894696056843,0.031408362090587616,0.06973990797996521,0.060984302312135696,0.012040841393172741,0.04091514274477959
172,5.733333333333333,,,,insightface_bbox,0.6525163650512695,1115.3758544921875,992.94384765625,2064.0,2786.253662109375,0,0,1,0,0,0,0,0,0,0,0,0,0.06545878946781158,0.03465399891138077,0.1642228364944458,0.01928042434155941,0.006896353326737881,0.019394109025597572,0.007203506305813789,0.031118448823690414,0.06905214488506317,0.05977176874876022,0.013932362198829651,0.04513616859912872
173,5.766666666666667,,,,insightface_bbox,0.6525163650512695,1115.3758544921875,992.94384765625,2064.0,2786.253662109375,0,0,1,0,0,0,0,0,0,0,0,0,0.07022712379693985,0.03836602345108986,0.1707024872303009,0.019924990832805634,0.0071130236610770226,0.01984105259180069,0.0074518220499157906,0.03067823313176632,0.06632467359304428,0.05848025903105736,0.015016945078969002,0.04679357260465622
174,5.8,,,,insightface_bbox,0.7032467126846313,1111.765380859375,1059.490234375,2064.0,2710.430419921875,0,0,1,0,0,0,0,0,0,0,0,0,0.05283840745687485,0.0312337689101696,0.12361830472946167,0.018322136253118515,0.006267901510000229,0.016414368525147438,0.006746120750904083,0.029328666627407074,0.06746487319469452,0.05962006375193596,0.011892775073647499,0.04162758216261864
175,5.833333333333333,,,,insightface_bbox,0.7032467126846313,1111.765380859375,1059.490234375,2064.0,2710.430419921875,0,0,1,0,0,0,0,0,0,0,0,0,0.05764419585466385,0.03352128341794014,0.14362922310829163,0.0190984345972538,0.0065225400030612946,0.017190517857670784,0.006901629269123077,0.029522480443120003,0.06540931016206741,0.056205496191978455,0.012974215671420097,0.04169761762022972
176,5.866666666666666,,,,insightface_bbox,0.7032467126846313,1111.765380859375,1059.490234375,2064.0,2710.430419921875,0,0,0,0,0,0,0,0,0,0,0,0,0.059476498514413834,0.03465137258172035,0.14524732530117035,0.019449088722467422,0.006510755978524685,0.01729889214038849,0.006964515894651413,0.030547630041837692,0.06492947041988373,0.054279305040836334,0.012423769570887089,0.04095657169818878
177,5.9,,,,insightface_bbox,0.7032467126846313,1111.765380859375,1059.490234375,2064.0,2710.430419921875,0,0,0,0,0,0,0,0,0,0,0,0,0.05868491157889366,0.03285632282495499,0.14366641640663147,0.019909996539354324,0.006240793503820896,0.018269114196300507,0.007487136870622635,0.032988276332616806,0.06961718946695328,0.05876360833644867,0.014539259485900402,0.04406200349330902
178,5.933333333333334,,,,insightface_bbox,0.7032467126846313,1111.765380859375,1059.490234375,2064.0,2710.430419921875,0,0,0,0,0,0,0,0,0,0,0,0,0.04933641850948334,0.02845238894224167,0.11488896608352661,0.01932111196219921,0.00618741475045681,0.01749957911670208,0.008070915006101131,0.030257035046815872,0.0631960928440094,0.05965122953057289,0.01721186935901642,0.04251643642783165
179,5.966666666666667,,,,insightface_bbox,0.7032467126846313,1111.765380859375,1059.490234375,2064.0,2710.430419921875,0,0,0,0,0,0,0,0,0,0,0,0,0.05143881216645241,0.027912966907024384,0.12242547422647476,0.018636949360370636,0.006415192503482103,0.01707674376666546,0.008118532598018646,0.029325272887945175,0.06027738004922867,0.05366183817386627,0.01734163984656334,0.03920683637261391
180,6.0,,,,insightface_bbox,0.6548522114753723,1114.306396484375,991.722900390625,2064.0,2790.007080078125,0,0,0,0,0,0,0,0,0,0,0,0,0.04998309910297394,0.025954868644475937,0.11012314260005951,0.01909681037068367,0.006956299766898155,0.017794061452150345,0.008633915334939957,0.03037923201918602,0.06542236357927322,0.0634271502494812,0.016753017902374268,0.03858418017625809
181,6.033333333333333,,,,insightface_bbox,0.6548522114753723,1114.306396484375,991.722900390625,2064.0,2790.007080078125,0,0,0,0,0,0,0,0,0,0,0,0,0.05473986640572548,0.028663557022809982,0.11837207525968552,0.020420003682374954,0.007387741468846798,0.01858014240860939,0.009052645415067673,0.03078632801771164,0.06311434507369995,0.06248421221971512,0.0181500893086195,0.0396978035569191
182,6.066666666666666,,,,insightface_bbox,0.6548522114753723,1114.306396484375,991.722900390625,2064.0,2790.007080078125,0,0,0,0,0,0,0,0,0,0,0,0,0.052642278373241425,0.02776123397052288,0.11700823158025742,0.020008420571684837,0.0073680272325873375,0.018062260001897812,0.009143183007836342,0.030486106872558594,0.06472861766815186,0.06329649686813354,0.016110973432660103,0.03872593864798546
183,6.1,,,,insightface_bbox,0.6548522114753723,1114.306396484375,991.722900390625,2064.0,2790.007080078125,0,0,0,0,0,0,0,0,0,0,0,0,0.05460100248456001,0.02931896410882473,0.12484821677207947,0.02001175656914711,0.007409088313579559,0.018422530964016914,0.009391783736646175,0.030266055837273598,0.06439440697431564,0.06184277683496475,0.016103733330965042,0.03860868141055107
184,6.133333333333334,,,,insightface_bbox,0.6548522114753723,1114.306396484375,991.722900390625,2064.0,2790.007080078125,0,0,0,0,0,0,0,0,0,0,0,0,0.055151041597127914,0.029793139547109604,0.1284654587507248,0.02020748145878315,0.007373965345323086,0.018368687480688095,0.009538741782307625,0.030473163351416588,0.0643913745880127,0.06085636094212532,0.015761615708470345,0.03842509165406227
185,6.166666666666667,,,,insightface_bbox,0.6548522114753723,1114.306396484375,991.722900390625,2064.0,2790.007080078125,0,0,0,0,0,0,0,0,0,0,0,0,0.05513889715075493,0.029542474076151848,0.12924210727214813,0.02107607014477253,0.007668626494705677,0.01893702708184719,0.010373732075095177,0.033325016498565674,0.06944280862808228,0.06842398643493652,0.015247217379510403,0.04060988128185272
186,6.2,,,,insightface_bbox,0.6601300835609436,1127.1715087890625,1006.5753173828125,2064.0,2764.768798828125,0,0,1,0,0,0,0,0,0,1,0,0,0.0546877458691597,0.026153063401579857,0.1367783397436142,0.016091283410787582,0.006210300140082836,0.015164623968303204,0.005969065707176924,0.0268730316311121,0.0699765682220459,0.06512320041656494,0.0073032742366194725,0.032861802726984024
187,6.233333333333333,,,,insightface_bbox,0.6601300835609436,1127.1715087890625,1006.5753173828125,2064.0,2764.768798828125,0,0,1,0,0,0,0,0,0,1,0,0,0.06644266843795776,0.032582323998212814,0.19302590191364288,0.01738622970879078,0.006060268729925156,0.017260627821087837,0.005777618382126093,0.02806984633207321,0.07158158719539642,0.05839177221059799,0.009060658514499664,0.03549805283546448
188,6.266666666666667,,,,insightface_bbox,0.6601300835609436,1127.1715087890625,1006.5753173828125,2064.0,2764.768798828125,0,0,1,0,0,0,0,0,0,1,0,0,0.07570250332355499,0.036275044083595276,0.2295500785112381,0.01894555613398552,0.006279114168137312,0.01924666203558445,0.006525873206555843,0.02916686423122883,0.07335665822029114,0.05774002894759178,0.011947402730584145,0.040737003087997437
189,6.3,,,,insightface_bbox,0.6601300835609436,1127.1715087890625,1006.5753173828125,2064.0,2764.768798828125,0,0,1,0,0,0,0,0,0,1,0,0,0.0744122862815857,0.03636486083269119,0.21258340775966644,0.019855208694934845,0.006565779913216829,0.02045658603310585,0.0072692823596298695,0.030580803751945496,0.07379885017871857,0.06248379498720169,0.012903003953397274,0.04230837523937225
190,6.333333333333333,,,,insightface_bbox,0.6601300835609436,1127.1715087890625,1006.5753173828125,2064.0,2764.768798828125,0,0,1,0,0,0,0,0,0,1,0,0,0.06684202700853348,0.032787881791591644,0.1780254989862442,0.01923362910747528,0.0066234213300049305,0.0184343159198761,0.006174207199364901,0.030158378183841705,0.07357262820005417,0.06539376825094223,0.01088695041835308,0.03752048313617706
191,6.366666666666666,,,,insightface_bbox,0.6601300835609436,1127.1715087890625,1006.5753173828125,2064.0,2764.768798828125,0,0,1,0,0,0,0,0,0,1,0,0,0.05926012620329857,0.028217501938343048,0.14845876395702362,0.017850331962108612,0.00646637799218297,0.01666821725666523,0.005963109899312258,0.028542496263980865,0.06903426349163055,0.065224289894104,0.010559557937085629,0.03677968680858612
192,6.4,,,,insightface_bbox,0.642723798751831,1122.93212890625,994.7596435546875,2064.0,2790.669921875,0,0,1,0,0,0,0,0,0,0,0,0,0.06405051052570343,0.03395549952983856,0.16205264627933502,0.020766155794262886,0.006865408271551132,0.019160443916916847,0.008138911798596382,0.031357549130916595,0.0726219117641449,0.06422129273414612,0.013685737736523151,0.0428663045167923
193,6.433333333333334,,,,insightface_bbox,0.642723798751831,1122.93212890625,994.7596435546875,2064.0,2790.669921875,0,0,1,0,0,0,0,0,0,0,0,0,0.061249542981386185,0.03115951642394066,0.15572325885295868,0.02050900086760521,0.00686277449131012,0.01931145042181015,0.008024357259273529,0.0315244197845459,0.07223138213157654,0.062253717333078384,0.01488085649907589,0.043653734028339386
194,6.466666666666667,,,,insightface_bbox,0.642723798751831,1122.93212890625,994.7596435546875,2064.0,2790.669921875,0,0,1,0,0,0,0,0,0,0,0,0,0.060518085956573486,0.03044491447508335,0.15159055590629578,0.019803691655397415,0.0067258188501000404,0.018922938033938408,0.007620926946401596,0.030674975365400314,0.07143941521644592,0.061267636716365814,0.013963925652205944,0.041759081184864044
195,6.5,,,,insightface_bbox,0.642723798751831,1122.93212890625,994.7596435546875,2064.0,2790.669921875,0,0,1,0,0,0,0,0,0,0,0,0,0.05788743495941162,0.02896556444466114,0.14441627264022827,0.018639065325260162,0.0064164577051997185,0.017825549468398094,0.0069202580489218235,0.029214883223176003,0.07135722041130066,0.06034281104803085,0.011783730238676071,0.03838424012064934
196,6.533333333333333,,,,insightface_bbox,0.642723798751831,1122.93212890625,994.7596435546875,2064.0,2790.669921875,0,0,1,0,0,0,0,0,0,0,0,0,0.0587967112660408,0.028502169996500015,0.14518579840660095,0.017814017832279205,0.006131933070719242,0.01764317788183689,0.006305025890469551,0.02752349153161049,0.07020021229982376,0.057620614767074585,0.011608807370066643,0.03703289106488228
197,6.566666666666666,,,,insightface_bbox,0.642723798751831,1122.93212890625,994.7596435546875,2064.0,2790.669921875,0,0,1,0,0,0,0,0,0,0,0,0,0.0647171288728714,0.032308388501405716,0.15864090621471405,0.018576711416244507,0.006622124928981066,0.01882917992770672,0.006843628361821175,0.027811340987682343,0.07030454277992249,0.059197306632995605,0.012178106233477592,0.039370715618133545
198,6.6,,,,insightface_bbox,0.6702330708503723,1117.539794921875,999.4046630859375,2064.0,2768.646728515625,0,0,1,0,0,0,0,0,0,0,0,0,0.06055761128664017,0.031253132969141006,0.14627745747566223,0.01848849095404148,0.0062511758878827095,0.01811143010854721,0.006989972200244665,0.027378514409065247,0.0710684210062027,0.0596395879983902,0.012413278222084045,0.039845578372478485
199,6.633333333333334,,,,insightface_bbox,0.6702330708503723,1117.539794921875,999.4046630859375,2064.0,2768.646728515625,0,0,1,0,0,0,0,0,0,0,0,0,0.06316279619932175,0.032242465764284134,0.15844905376434326,0.018958333879709244,0.006393346004188061,0.018464844673871994,0.006992388982325792,0.02774707041680813,0.07351447641849518,0.06008487939834595,0.012307217344641685,0.040605831891298294
200,6.666666666666667,,,,insightface_bbox,0.6702330708503723,1117.539794921875,999.4046630859375,2064.0,2768.646728515625,0,0,1,0,0,0,0,0,0,0,0,0,0.05940670520067215,0.03038441389799118,0.1496800184249878,0.01866474561393261,0.006224878132343292,0.01760723441839218,0.006729455664753914,0.027688201516866684,0.07178302109241486,0.05964082479476929,0.012123359367251396,0.03897266834974289
201,6.7,,,,insightface_bbox,0.6702330708503723,1117.539794921875,999.4046630859375,2064.0,2768.646728515625,0,0,1,0,0,0,0,0,0,0,0,0,0.06251171976327896,0.03143105283379555,0.15532183647155762,0.020730894058942795,0.006689151749014854,0.019553786143660545,0.008399376645684242,0.030699901282787323,0.07533062249422073,0.06287916749715805,0.01520337164402008,0.042078033089637756
202,6.733333333333333,,,,insightface_bbox,0.6702330708503723,1117.539794921875,999.4046630859375,2064.0,2768.646728515625,0,0,1,0,0,0,0,0,0,0,0,0,0.06147566810250282,0.03189188241958618,0.15597352385520935,0.022076258435845375,0.007072812877595425,0.02018546871840954,0.009205806069076061,0.03212297707796097,0.07484433054924011,0.06414540857076645,0.01822277158498764,0.04472348839044571
203,6.766666666666667,,,,insightface_bbox,0.6702330708503723,1117.539794921875,999.4046630859375,2064.0,2768.646728515625,0,0,1,0,0,0,0,0,0,0,0,0,0.06173987686634064,0.03256034851074219,0.15838266909122467,0.023319536820054054,0.007200105581432581,0.020933303982019424,0.009418241679668427,0.0331607386469841,0.07354597002267838,0.06499404460191727,0.02129974775016308,0.046653639525175095
204,6.8,,,,insightface_bbox,0.6135359406471252,1119.1875,1033.2847900390625,2064.0,2847.2294921875,0,0,0,0,0,0,0,0,0,0,0,0,0.05854613333940506,0.030935250222682953,0.15085536241531372,0.020664598792791367,0.0068041798658668995,0.018214361742138863,0.00870340596884489,0.029784582555294037,0.06763318181037903,0.05955475941300392,0.01555332075804472,0.03937285766005516
205,6.833333333333333,,,,insightface_bbox,0.6135359406471252,1119.1875,1033.2847900390625,2064.0,2847.2294921875,0,0,0,0,0,0,0,0,0,0,0,0,0.05747847631573677,0.030820589512586594,0.14619149267673492,0.02106623537838459,0.006906753871589899,0.01834881119430065,0.008855126798152924,0.030873417854309082,0.06740964204072952,0.05957143381237984,0.015632973983883858,0.039399076253175735
206,6.866666666666666,,,,insightface_bbox,0.6135359406471252,1119.1875,1033.2847900390625,2064.0,2847.2294921875,0,0,0,0,0,0,0,0,0,0,0,0,0.061199434101581573,0.03221344202756882,0.1584453582763672,0.021663030609488487,0.006907448172569275,0.019037051126360893,0.009142642840743065,0.03156711161136627,0.06905237585306168,0.05937645584344864,0.01697300747036934,0.04188606142997742
207,6.9,,,,insightface_bbox,0.6135359406471252,1119.1875,1033.2847900390625,2064.0,2847.2294921875,0,0,0,0,0,0,0,0,0,0,0,0,0.06368787586688995,0.03294311463832855,0.1769862323999405,0.021663885563611984,0.006831519305706024,0.019197512418031693,0.008677348494529724,0.031966570764780045,0.0721019059419632,0.057251233607530594,0.0148923359811306,0.040258683264255524
208,6.933333333333334,,,,insightface_bbox,0.6135359406471252,1119.1875,1033.2847900390625,2064.0,2847.2294921875,0,0,1,0,0,0,0,0,0,0,0,0,0.06628845632076263,0.03331547975540161,0.1976698338985443,0.02099262923002243,0.006539723835885525,0.019102545455098152,0.00812595710158348,0.030830740928649902,0.0730075091123581,0.05333296209573746,0.014364443719387054,0.03970523923635483
209,6.966666666666667,,,,insightface_bbox,0.6135359406471252,1119.1875,1033.2847900390625,2064.0,2847.2294921875,0,0,0,0,0,0,0,0,0,0,0,0,0.05944943428039551,0.03118567354977131,0.16752423346042633,0.02020450495183468,0.006424596533179283,0.017577465623617172,0.007879397831857204,0.029921118170022964,0.06940790265798569,0.05409170314669609,0.012726107612252235,0.03735075518488884
210,7.0,,,,insightface_bbox,0.65230393409729,1121.5225830078125,1011.120849609375,2064.0,2794.898681640625,0,0,1,0,0,0,0,0,0,1,0,0,0.05443805456161499,0.028382759541273117,0.13181200623512268,0.019233986735343933,0.006758947391062975,0.01769891194999218,0.007507970556616783,0.0315287820994854,0.07379414141178131,0.07127723842859268,0.010781306773424149,0.03567679971456528
211,7.033333333333333,,,,insightface_bbox,0.65230393409729,1121.5225830078125,1011.120849609375,2064.0,2794.898681640625,0,0,1,0,0,0,0,0,0,0,0,0,0.05556710064411163,0.02916635200381279,0.13884595036506653,0.019920166581869125,0.007100020535290241,0.018299449235200882,0.008608839474618435,0.03259206563234329,0.07443438470363617,0.07309885323047638,0.012515190988779068,0.03883112967014313
212,7.066666666666666,,,,insightface_bbox,0.65230393409729,1121.5225830078125,1011.120849609375,2064.0,2794.898681640625,0,0,1,0,0,0,0,0,0,0,0,0,0.055138640105724335,0.02782471850514412,0.1376180350780487,0.019606992602348328,0.007107986137270927,0.01822071336209774,0.008471386507153511,0.032691244035959244,0.07412118464708328,0.07137413322925568,0.012641960754990578,0.03833666443824768
213,7.1,,,,insightface_bbox,0.65230393409729,1121.5225830078125,1011.120849609375,2064.0,2794.898681640625,0,0,1,0,0,0,0,0,0,0,0,0,0.053854431957006454,0.027087796479463577,0.13440215587615967,0.01906159333884716,0.00701643293723464,0.017803769558668137,0.008164115250110626,0.03246207535266876,0.07458147406578064,0.07036026567220688,0.011260129511356354,0.0362652949988842
214,7.133333333333334,,,,insightface_bbox,0.65230393409729,1121.5225830078125,1011.120849609375,2064.0,2794.898681640625,0,0,1,0,0,0,0,0,0,0,0,0,0.05528214946389198,0.02802826091647148,0.14861880242824554,0.01899120584130287,0.006866932846605778,0.018064936622977257,0.007670885883271694,0.03209470957517624,0.07468988001346588,0.0668400451540947,0.010863655246794224,0.03592289239168167
215,7.166666666666667,,,,insightface_bbox,0.65230393409729,1121.5225830078125,1011.120849609375,2064.0,2794.898681640625,0,0,1,0,0,0,0,0,0,0,0,0,0.06246820092201233,0.03063390403985977,0.19511035084724426,0.019257433712482452,0.006604133639484644,0.01858801767230034,0.006711853668093681,0.030205512419342995,0.07537457346916199,0.05636373162269592,0.01125829853117466,0.035232190042734146
216,7.2,,,,insightface_bbox,0.7068455219268799,1115.9317626953125,1004.70849609375,2064.0,2717.142822265625,0,0,1,0,0,0,0,0,0,0,0,0,0.0661892518401146,0.032288558781147,0.17872580885887146,0.01904256083071232,0.006295316386967897,0.018470659852027893,0.006554330699145794,0.02928118407726288,0.07490429282188416,0.05527453497052193,0.01356197614222765,0.038674212992191315
217,7.233333333333333,,,,insightface_bbox,0.7068455219268799,1115.9317626953125,1004.70849609375,2064.0,2717.142822265625,0,0,1,0,0,0,0,0,0,0,0,0,0.06468801945447922,0.03165048733353615,0.17152255773544312,0.01952652633190155,0.006264198571443558,0.018572606146335602,0.006425909232348204,0.030537642538547516,0.07837027311325073,0.05781164392828941,0.013681124895811081,0.041148584336042404
218,7.266666666666667,,,,insightface_bbox,0.7068455219268799,1115.9317626953125,1004.70849609375,2064.0,2717.142822265625,0,0,1,0,0,0,0,0,0,0,0,0,0.0649321973323822,0.03154405578970909,0.16445094347000122,0.019329015165567398,0.006174315698444843,0.018080048263072968,0.006417969707399607,0.030166208744049072,0.07746624946594238,0.05716467276215553,0.013940421864390373,0.04126015678048134
219,7.3,,,,insightface_bbox,0.7068455219268799,1115.9317626953125,1004.70849609375,2064.0,2717.142822265625,0,0,1,0,0,0,0,0,0,0,0,0,0.05911218374967575,0.030995972454547882,0.14725494384765625,0.019966911524534225,0.006589106284081936,0.017744097858667374,0.0074713751673698425,0.030489154160022736,0.07242359966039658,0.06086968630552292,0.012387833558022976,0.0381510853767395
220,7.333333333333333,,,,insightface_bbox,0.7068455219268799,1115.9317626953125,1004.70849609375,2064.0,2717.142822265625,0,0,1,0,0,0,0,0,0,0,0,0,0.05607738345861435,0.029666496440768242,0.13359637558460236,0.021770384162664413,0.007709957659244537,0.018472343683242798,0.009482154622673988,0.03355567157268524,0.07229013741016388,0.07188507914543152,0.013250814750790596,0.03942791745066643
221,7.366666666666666,,,,insightface_bbox,0.7068455219268799,1115.9317626953125,1004.70849609375,2064.0,2717.142822265625,0,0,1,0,0,0,0,0,0,0,0,0,0.058104801923036575,0.02999058924615383,0.145440012216568,0.0224878191947937,0.008118100464344025,0.019127260893583298,0.011097597889602184,0.03472556918859482,0.07700799405574799,0.07442910224199295,0.013737319968640804,0.03924112766981125
222,7.4,,,,insightface_bbox,0.5652536153793335,1124.8382568359375,930.2836303710938,2064.0,2877.171630859375,0,0,1,0,0,0,0,0,0,1,0,0,0.05063200369477272,0.025982633233070374,0.14340953528881073,0.02025112695991993,0.007976238615810871,0.017592163756489754,0.006762027740478516,0.03308619558811188,0.08090145140886307,0.07678239047527313,0.012364080175757408,0.03769729658961296
223,7.433333333333334,,,,insightface_bbox,0.5652536153793335,1124.8382568359375,930.2836303710938,2064.0,2877.171630859375,0,0,1,0,0,0,0,0,0,1,0,0,0.054051872342824936,0.026553001254796982,0.15540552139282227,0.019708210602402687,0.00785859115421772,0.01784002035856247,0.006693962961435318,0.03276567533612251,0.07952927052974701,0.07689335942268372,0.011789029464125633,0.03904486447572708
224,7.466666666666667,,,,insightface_bbox,0.5652536153793335,1124.8382568359375,930.2836303710938,2064.0,2877.171630859375,0,0,1,0,0,0,0,0,0,1,0,0,0.05675813555717468,0.0262899287045002,0.17543062567710876,0.019137822091579437,0.007617483846843243,0.01825886033475399,0.006295424420386553,0.032205767929553986,0.07892492413520813,0.0737912654876709,0.012154940515756607,0.040005676448345184
225,7.5,,,,insightface_bbox,0.5652536153793335,1124.8382568359375,930.2836303710938,2064.0,2877.171630859375,0,0,1,0,0,0,0,0,0,1,0,0,0.0540209524333477,0.025387726724147797,0.18085607886314392,0.017989657819271088,0.007078145630657673,0.017585430294275284,0.005764693953096867,0.031989824026823044,0.08147622644901276,0.07331521064043045,0.010323675349354744,0.037045933306217194
226,7.533333333333333,,,,insightface_bbox,0.5652536153793335,1124.8382568359375,930.2836303710938,2064.0,2877.171630859375,0,0,1,0,0,0,0,0,0,1,0,0,0.05522802844643593,0.025693584233522415,0.1953585147857666,0.01798188127577305,0.007031366694718599,0.018304960802197456,0.005630916450172663,0.03192423656582832,0.08105598390102386,0.07159554958343506,0.011592069640755653,0.039110034704208374
227,7.566666666666666,,,,insightface_bbox,0.5652536153793335,1124.8382568359375,930.2836303710938,2064.0,2877.171630859375,0,0,1,0,0,0,0,0,0,1,0,0,0.056902166455984116,0.026060419157147408,0.1984851062297821,0.018552176654338837,0.007029528729617596,0.018281269818544388,0.005815970245748758,0.03216874599456787,0.08136707544326782,0.07231932133436203,0.011506062000989914,0.03985659033060074
228,7.6,,,,insightface_bbox,0.6586880087852478,1117.1156005859375,988.9634399414062,2064.0,2770.66259765625,0,0,1,0,0,0,0,0,0,0,0,0,0.06606245785951614,0.03327251970767975,0.17353691160678864,0.02505161054432392,0.008117045275866985,0.021804247051477432,0.013278665952384472,0.03673692047595978,0.07574162632226944,0.07539517432451248,0.0176714938133955,0.04297881945967674
229,7.633333333333334,,,,insightface_bbox,0.6586880087852478,1117.1156005859375,988.9634399414062,2064.0,2770.66259765625,0,0,1,0,0,0,0,0,0,0,0,0,0.0667581781744957,0.03483130782842636,0.17954003810882568,0.029176712036132812,0.009162846952676773,0.02425922267138958,0.017692944034934044,0.0414586141705513,0.07699382305145264,0.08134062588214874,0.024931354448199272,0.05029231682419777
230,7.666666666666667,,,,insightface_bbox,0.6586880087852478,1117.1156005859375,988.9634399414062,2064.0,2770.66259765625,0,0,1,0,0,0,0,0,0,0,0,0,0.06671865284442902,0.035307273268699646,0.17406579852104187,0.030139170587062836,0.00979631021618843,0.02549581229686737,0.020434895530343056,0.04252184182405472,0.0750652402639389,0.08411877602338791,0.029035020619630814,0.053565628826618195
231,7.7,,,,insightface_bbox,0.6586880087852478,1117.1156005859375,988.9634399414062,2064.0,2770.66259765625,0,0,1,0,0,0,0,0,0,0,0,0,0.06607974320650101,0.03477473929524422,0.17225278913974762,0.029887184500694275,0.009656532667577267,0.025412200018763542,0.020231660455465317,0.04282672330737114,0.0754745751619339,0.08503338694572449,0.029524581506848335,0.053996723145246506
232,7.733333333333333,,,,insightface_bbox,0.6586880087852478,1117.1156005859375,988.9634399414062,2064.0,2770.66259765625,0,0,1,0,0,0,0,0,0,0,0,0,0.069099061191082,0.03632694110274315,0.18202997744083405,0.03079807572066784,0.009815623983740807,0.025703590363264084,0.01971682533621788,0.043210916221141815,0.07721851021051407,0.08459287881851196,0.030182385817170143,0.05508218705654144
233,7.766666666666667,,,,insightface_bbox,0.6586880087852478,1117.1156005859375,988.9634399414062,2064.0,2770.66259765625,0,0,1,0,0,0,0,0,0,0,0,0,0.06966175138950348,0.036731164902448654,0.18771174550056458,0.03021169640123844,0.009700387716293335,0.02559547871351242,0.01975773274898529,0.04223693907260895,0.07926291972398758,0.08493423461914062,0.02877090498805046,0.05501534044742584
234,7.8,,,,insightface_bbox,0.5894306302070618,1119.3013916015625,928.4974365234375,2060.09326171875,2835.661376953125,0,0,1,0,0,0,0,0,0,1,0,0,0.05819680169224739,0.029260607436299324,0.20219938457012177,0.02114454098045826,0.008141279220581055,0.019713368266820908,0.007200437597930431,0.033763337880373,0.07887163013219833,0.07360325753688812,0.01603846624493599,0.042297691106796265
235,7.833333333333333,,,,insightface_bbox,0.5894306302070618,1119.3013916015625,928.4974365234375,2060.09326171875,2835.661376953125,0,0,1,0,0,0,0,0,0,1,0,0,0.05885106325149536,0.028965314850211143,0.21131160855293274,0.02060464769601822,0.008006883785128593,0.01950807124376297,0.006976588163524866,0.03311137482523918,0.0778091624379158,0.07014046609401703,0.015634197741746902,0.041606880724430084
236,7.866666666666666,,,,insightface_bbox,0.5894306302070618,1119.3013916015625,928.4974365234375,2060.09326171875,2835.661376953125,0,0,1,0,0,0,0,0,0,1,0,0,0.06535044312477112,0.03092299774289131,0.24303540587425232,0.020804796367883682,0.007593896705657244,0.020165301859378815,0.007085538934916258,0.032954055815935135,0.07496394962072372,0.06417439877986908,0.015950636938214302,0.040860455483198166
237,7.9,,,,insightface_bbox,0.5894306302070618,1119.3013916015625,928.4974365234375,2060.09326171875,2835.661376953125,0,0,1,0,0,0,0,0,0,1,0,0,0.06819812953472137,0.030809154734015465,0.27333375811576843,0.020016983151435852,0.0066795009188354015,0.019902877509593964,0.005971756298094988,0.03380996733903885,0.07605799287557602,0.06498651951551437,0.0140058733522892,0.038025349378585815
238,7.933333333333334,,,,insightface_bbox,0.5894306302070618,1119.3013916015625,928.4974365234375,2060.09326171875,2835.661376953125,0,0,1,0,0,0,0,0,0,1,0,0,0.06883896887302399,0.0330667644739151,0.2708267867565155,0.021800624206662178,0.007143932394683361,0.021337280049920082,0.006442210171371698,0.035264186561107635,0.07387787848711014,0.06957435607910156,0.015034916810691357,0.04260855168104172
239,7.966666666666667,,,,insightface_bbox,0.5894306302070618,1119.3013916015625,928.4974365234375,2060.09326171875,2835.661376953125,0,0,1,0,0,0,0,0,0,0,0,0,0.0780382975935936,0.038723282516002655,0.28794050216674805,0.024922627955675125,0.007844166830182076,0.026335634291172028,0.008122744038701057,0.038398534059524536,0.07479213923215866,0.07508978992700577,0.024380270391702652,0.052890386432409286
240,8.0,,,,insightface_bbox,0.6889387965202332,1111.1185302734375,1015.3577880859375,2064.0,2718.3603515625,0,0,1,0,0,0,0,0,0,0,0,0,0.06500643491744995,0.03301868215203285,0.1630621999502182,0.02071361243724823,0.007030759938061237,0.020452281460165977,0.009144570678472519,0.0337090902030468,0.07232843339443207,0.06515231728553772,0.016546770930290222,0.04330727458000183
241,8.033333333333333,,,,insightface_bbox,0.6889387965202332,1111.1185302734375,1015.3577880859375,2064.0,2718.3603515625,0,0,1,0,0,0,0,0,0,0,0,0,0.061376385390758514,0.033251870423555374,0.15958271920681,0.02133966237306595,0.007477863226085901,0.020431719720363617,0.008885696530342102,0.03499915078282356,0.07279444485902786,0.06967770308256149,0.015896815806627274,0.044298116117715836
242,8.066666666666666,,,,insightface_bbox,0.6889387965202332,1111.1185302734375,1015.3577880859375,2064.0,2718.3603515625,0,0,1,0,0,0,0,0,0,0,0,0,0.05636068060994148,0.032464977353811264,0.13627083599567413,0.021441590040922165,0.007816556841135025,0.019619343802332878,0.008616575971245766,0.035567380487918854,0.07395551353693008,0.07351312041282654,0.014641162008047104,0.04390718415379524
243,8.1,,,,insightface_bbox,0.6889387965202332,1111.1185302734375,1015.3577880859375,2064.0,2718.3603515625,0,0,1,0,0,0,0,0,0,0,0,0,0.05151713639497757,0.030175134539604187,0.13196492195129395,0.019960273057222366,0.00689800176769495,0.017735987901687622,0.007886028848588467,0.03300126641988754,0.07390370219945908,0.06873380392789841,0.011494223028421402,0.03900660574436188
244,8.133333333333333,,,,insightface_bbox,0.6889387965202332,1111.1185302734375,1015.3577880859375,2064.0,2718.3603515625,0,0,1,0,0,0,0,0,0,0,0,0,0.05775091052055359,0.03263881802558899,0.168494313955307,0.021460063755512238,0.007100642658770084,0.02050088346004486,0.008592814207077026,0.03741990402340889,0.07938124984502792,0.06776734441518784,0.011614602990448475,0.03968123719096184
245,8.166666666666666,,,,insightface_bbox,0.6889387965202332,1111.1185302734375,1015.3577880859375,2064.0,2718.3603515625,0,0,1,0,0,0,0,0,0,0,0,0,0.0568218007683754,0.030834263190627098,0.13542814552783966,0.02071305364370346,0.007127921562641859,0.019874002784490585,0.009522520937025547,0.034668441861867905,0.0732550173997879,0.07037767022848129,0.015661906450986862,0.04270709678530693
246,8.2,,,,insightface_bbox,0.6363605260848999,1122.32568359375,998.8982543945312,2064.0,2811.0791015625,0,0,1,0,0,0,0,0,0,0,0,0,0.0616411529481411,0.03349052742123604,0.1687965989112854,0.025281718000769615,0.008569172583520412,0.02266600914299488,0.013292641378939152,0.03667343780398369,0.07663914561271667,0.07568636536598206,0.019860923290252686,0.049934327602386475
247,8.233333333333333,,,,insightface_bbox,0.6363605260848999,1122.32568359375,998.8982543945312,2064.0,2811.0791015625,0,0,1,0,0,0,0,0,0,0,0,0,0.057605355978012085,0.03056948632001877,0.15951591730117798,0.024272846058011055,0.008631432428956032,0.02188989147543907,0.01266451645642519,0.0362560898065567,0.07336300611495972,0.07503747195005417,0.019736725836992264,0.046268753707408905
248,8.266666666666667,,,,insightface_bbox,0.6363605260848999,1122.32568359375,998.8982543945312,2064.0,2811.0791015625,0,0,1,0,0,0,0,0,0,0,0,0,0.05851011350750923,0.03033018670976162,0.16023650765419006,0.024299662560224533,0.008516292087733746,0.02211293950676918,0.012490589171648026,0.037407614290714264,0.0740879699587822,0.07687076181173325,0.020591551437973976,0.04733629524707794
249,8.3,,,,insightface_bbox,0.6363605260848999,1122.32568359375,998.8982543945312,2064.0,2811.0791015625,0,0,1,0,0,0,0,0,0,0,0,0,0.05879746377468109,0.030700339004397392,0.15830866992473602,0.024679971858859062,0.008268269710242748,0.02263924479484558,0.01272464171051979,0.03811304643750191,0.07415200024843216,0.07711389660835266,0.02291129156947136,0.04829971492290497
250,8.333333333333334,,,,insightface_bbox,0.6363605260848999,1122.32568359375,998.8982543945312,2064.0,2811.0791015625,0,0,1,0,0,0,0,0,0,0,0,0,0.05872894823551178,0.03027934394776821,0.15790599584579468,0.024106096476316452,0.008017380721867085,0.0226275697350502,0.012494699098169804,0.0378013551235199,0.07341223955154419,0.07604213058948517,0.023325525224208832,0.04781147092580795
251,8.366666666666667,,,,insightface_bbox,0.6363605260848999,1122.32568359375,998.8982543945312,2064.0,2811.0791015625,0,0,1,0,0,0,0,0,0,0,0,0,0.05795787647366524,0.029796939343214035,0.1598445326089859,0.023556604981422424,0.007793700788170099,0.022201232612133026,0.011813062243163586,0.03785457834601402,0.07470180839300156,0.07505795359611511,0.0215135607868433,0.045379213988780975
252,8.4,,,,insightface_bbox,0.6739132404327393,1117.9990234375,1008.1065063476562,2064.0,2762.9169921875,0,0,1,0,0,0,0,0,0,0,0,0,0.059039920568466187,0.03038785606622696,0.16290438175201416,0.023323409259319305,0.007396441884338856,0.022034095600247383,0.01051913108676672,0.03817548602819443,0.07708294689655304,0.07431559264659882,0.018932081758975983,0.04421238228678703
253,8.433333333333334,,,,insightface_bbox,0.6739132404327393,1117.9990234375,1008.1065063476562,2064.0,2762.9169921875,0,0,1,0,0,0,0,0,0,0,0,0,0.05699338763952255,0.029614875093102455,0.15991666913032532,0.022626986727118492,0.0068910024128854275,0.02136288583278656,0.009950058534741402,0.038468677550554276,0.08112339675426483,0.073304183781147,0.020081399008631706,0.045932214707136154
254,8.466666666666667,,,,insightface_bbox,0.6739132404327393,1117.9990234375,1008.1065063476562,2064.0,2762.9169921875,0,0,1,0,0,0,0,0,0,0,0,0,0.059690047055482864,0.030511707067489624,0.16318169236183167,0.022870264947414398,0.007139905355870724,0.022489314898848534,0.009056247770786285,0.03938755393028259,0.08195199072360992,0.07457124441862106,0.020476877689361572,0.04962534084916115
255,8.5,,,,insightface_bbox,0.6739132404327393,1117.9990234375,1008.1065063476562,2064.0,2762.9169921875,0,0,1,0,0,0,0,0,0,0,0,0,0.053593918681144714,0.02962407097220421,0.13460516929626465,0.023291196674108505,0.007811869494616985,0.021647363901138306,0.009329243563115597,0.04063301533460617,0.07574927806854248,0.07868365943431854,0.023580774664878845,0.053588829934597015
256,8.533333333333333,,,,insightface_bbox,0.6739132404327393,1117.9990234375,1008.1065063476562,2064.0,2762.9169921875,0,0,1,0,0,0,0,0,0,0,0,0,0.05305447429418564,0.029012810438871384,0.12429685890674591,0.022970614954829216,0.008296428248286247,0.020750343799591064,0.009190981276333332,0.040221698582172394,0.07611557841300964,0.08009761571884155,0.02181166037917137,0.05406245216727257
257,8.566666666666666,,,,insightface_bbox,0.6739132404327393,1117.9990234375,1008.1065063476562,2064.0,2762.9169921875,0,0,1,0,0,0,0,0,0,0,0,0,0.05479920282959938,0.029735058546066284,0.12672312557697296,0.023234447464346886,0.008503437042236328,0.021055622026324272,0.009132253006100655,0.040371011942625046,0.07470258325338364,0.07985756546258926,0.023210518062114716,0.05589444562792778
258,8.6,,,,insightface_bbox,0.681976318359375,1119.0523681640625,1018.9620971679688,2064.0,2706.921630859375,0,0,1,0,0,0,0,0,0,0,0,0,0.05686256289482117,0.03098340332508087,0.13788510859012604,0.02279428392648697,0.00830134004354477,0.02076057530939579,0.009221008978784084,0.037771277129650116,0.07226350158452988,0.07632265985012054,0.02157633937895298,0.05213063955307007
259,8.633333333333333,,,,insightface_bbox,0.681976318359375,1119.0523681640625,1018.9620971679688,2064.0,2706.921630859375,0,0,1,0,0,0,0,0,0,0,0,0,0.05881854146718979,0.03232096880674362,0.15172497928142548,0.023759249597787857,0.008317538537085056,0.02148425579071045,0.009326867759227753,0.03900066390633583,0.07277721166610718,0.07485013455152512,0.022801578044891357,0.055326953530311584
260,8.666666666666666,,,,insightface_bbox,0.681976318359375,1119.0523681640625,1018.9620971679688,2064.0,2706.921630859375,0,0,1,0,0,0,0,0,0,0,0,0,0.05577448010444641,0.030913399532437325,0.16013295948505402,0.024044552817940712,0.007694610394537449,0.020287591964006424,0.011792337521910667,0.04014795273542404,0.08070588856935501,0.0801752582192421,0.0131851676851511,0.04672393202781677
261,8.7,,,,insightface_bbox,0.681976318359375,1119.0523681640625,1018.9620971679688,2064.0,2706.921630859375,0,0,0,0,0,0,0,0,0,0,0,0,0.05053740367293358,0.02788793481886387,0.12193847447633743,0.023085160180926323,0.007821866311132908,0.019022589549422264,0.012554720044136047,0.03883158788084984,0.07432641088962555,0.07982804626226425,0.014968149363994598,0.04694480448961258
262,8.733333333333333,,,,insightface_bbox,0.681976318359375,1119.0523681640625,1018.9620971679688,2064.0,2706.921630859375,0,0,0,0,0,0,0,0,0,0,0,0,0.051832787692546844,0.02773268148303032,0.125701442360878,0.023424437269568443,0.008037402294576168,0.02022959478199482,0.01295327115803957,0.03807549923658371,0.06903354078531265,0.07660849392414093,0.020900627598166466,0.047435738146305084
263,8.766666666666667,,,,insightface_bbox,0.681976318359375,1119.0523681640625,1018.9620971679688,2064.0,2706.921630859375,0,0,0,0,0,0,0,0,0,0,0,0,0.05306418985128403,0.027675796300172806,0.12871628999710083,0.023123005405068398,0.008053401485085487,0.019988959655165672,0.012317284941673279,0.0358930379152298,0.06654714047908783,0.07105064392089844,0.02191479504108429,0.04545726254582405
264,8.8,,,,insightface_bbox,0.6132885813713074,1134.9783935546875,990.6467895507812,2064.0,2827.29443359375,0,0,1,0,0,0,0,0,0,1,0,0,0.052182894200086594,0.026080690324306488,0.15310385823249817,0.02159040793776512,0.008444483391940594,0.02044348418712616,0.008819346316158772,0.039087504148483276,0.08099083602428436,0.08253882825374603,0.01714789867401123,0.04355262219905853
265,8.833333333333334,,,,insightface_bbox,0.6132885813713074,1134.9783935546875,990.6467895507812,2064.0,2827.29443359375,0,0,1,0,0,0,0,0,0,1,0,0,0.05060228705406189,0.025623325258493423,0.15654903650283813,0.02106371335685253,0.00809530820697546,0.020028233528137207,0.008612536825239658,0.0390770360827446,0.08056020736694336,0.08184335380792618,0.015950515866279602,0.042972199618816376
266,8.866666666666667,,,,insightface_bbox,0.6132885813713074,1134.9783935546875,990.6467895507812,2064.0,2827.29443359375,0,0,1,0,0,0,0,0,0,1,0,0,0.04964254051446915,0.024757612496614456,0.1515710949897766,0.020265914499759674,0.007726313080638647,0.019267680123448372,0.007800464518368244,0.03862891346216202,0.07919295132160187,0.07659158855676651,0.015185818076133728,0.041164230555295944
267,8.9,,,,insightface_bbox,0.6132885813713074,1134.9783935546875,990.6467895507812,2064.0,2827.29443359375,0,0,1,0,0,0,0,0,0,1,0,0,0.05025005340576172,0.025082284584641457,0.1557760387659073,0.020612673833966255,0.007827703841030598,0.019021593034267426,0.008049840107560158,0.03899015113711357,0.08104100823402405,0.07661896198987961,0.014303159900009632,0.04013950005173683
268,8.933333333333334,,,,insightface_bbox,0.6132885813713074,1134.9783935546875,990.6467895507812,2064.0,2827.29443359375,0,0,1,0,0,0,0,0,0,1,0,0,0.05223095044493675,0.025735054165124893,0.17039474844932556,0.019704092293977737,0.007559237536042929,0.019325636327266693,0.007790843956172466,0.03771308436989784,0.07788378745317459,0.07259362190961838,0.013545939698815346,0.03936995193362236
269,8.966666666666667,,,,insightface_bbox,0.6132885813713074,1134.9783935546875,990.6467895507812,2064.0,2827.29443359375,0,0,1,0,0,0,0,0,0,1,0,0,0.05381517484784126,0.026170067489147186,0.18460941314697266,0.018729737028479576,0.0072706774808466434,0.019754178822040558,0.007756421342492104,0.03613072633743286,0.0738452598452568,0.06835032999515533,0.014093676581978798,0.04038931429386139
270,9.0,,,,insightface_bbox,0.6401532888412476,1131.369384765625,1001.761962890625,2064.0,2744.592529296875,0,0,1,0,0,0,0,0,0,0,0,0,0.07058170437812805,0.03715142607688904,0.21471886336803436,0.02606179378926754,0.009131253696978092,0.023588363081216812,0.012537151575088501,0.04091806337237358,0.07474729418754578,0.07411818951368332,0.01854594610631466,0.051692038774490356
271,9.033333333333333,,,,insightface_bbox,0.6401532888412476,1131.369384765625,1001.761962890625,2064.0,2744.592529296875,0,0,1,0,0,0,0,0,0,0,0,0,0.07107242941856384,0.037416789680719376,0.2220146656036377,0.027326976880431175,0.009489020332694054,0.026532985270023346,0.012429804541170597,0.04262169450521469,0.06961745023727417,0.07586387544870377,0.030245555564761162,0.06567051261663437
272,9.066666666666666,,,,insightface_bbox,0.6401532888412476,1131.369384765625,1001.761962890625,2064.0,2744.592529296875,0,0,1,0,0,0,0,0,0,0,0,0,0.06938306987285614,0.03623306378722191,0.21343456208705902,0.02648036926984787,0.009101314470171928,0.02594541572034359,0.010411275550723076,0.04207758232951164,0.06902218610048294,0.07395270466804504,0.03256784752011299,0.06555423140525818
273,9.1,,,,insightface_bbox,0.6401532888412476,1131.369384765625,1001.761962890625,2064.0,2744.592529296875,0,0,1,0,0,0,0,0,0,0,0,0,0.06927822530269623,0.03613227978348732,0.203375443816185,0.027304906398057938,0.009472622536122799,0.026219915598630905,0.010752365924417973,0.042765259742736816,0.06946771591901779,0.07954147458076477,0.03462100028991699,0.06861269474029541
274,9.133333333333333,,,,insightface_bbox,0.6401532888412476,1131.369384765625,1001.761962890625,2064.0,2744.592529296875,0,0,1,0,0,0,0,0,0,0,0,0,0.06699702143669128,0.03475522994995117,0.20105931162834167,0.025613054633140564,0.008972802199423313,0.024583689868450165,0.010183985345065594,0.04140219837427139,0.07010898739099503,0.07772528380155563,0.027239136397838593,0.06287632137537003
275,9.166666666666666,,,,insightface_bbox,0.6401532888412476,1131.369384765625,1001.761962890625,2064.0,2744.592529296875,0,0,1,0,0,0,0,0,0,0,0,0,0.06854541599750519,0.03555954992771149,0.20546060800552368,0.024598948657512665,0.008789004758000374,0.023479575291275978,0.010302974842488766,0.03956753388047218,0.07086202502250671,0.0753139927983284,0.01997634768486023,0.05570231005549431
276,9.2,,,,insightface_bbox,0.6556570529937744,1125.31298828125,988.4246215820312,2064.0,2747.878173828125,0,0,1,0,0,0,0,0,0,0,0,0,0.06530168652534485,0.034387603402137756,0.1810208559036255,0.024961939081549644,0.008510321378707886,0.022180816158652306,0.012068605050444603,0.03942909836769104,0.07595127820968628,0.07819882780313492,0.017104780301451683,0.048946481198072433
277,9.233333333333333,,,,insightface_bbox,0.6556570529937744,1125.31298828125,988.4246215820312,2064.0,2747.878173828125,0,0,1,0,0,0,0,0,0,0,0,0,0.05792013555765152,0.028701741248369217,0.13915829360485077,0.023420481011271477,0.0085590910166502,0.020454952493309975,0.012089217081665993,0.03883026912808418,0.0788361132144928,0.08706609904766083,0.015042332001030445,0.044448669999837875
278,9.266666666666667,,,,insightface_bbox,0.6556570529937744,1125.31298828125,988.4246215820312,2064.0,2747.878173828125,0,0,1,0,0,0,0,0,0,0,0,0,0.05381268262863159,0.026471039280295372,0.13665010035037994,0.02210402861237526,0.008349871262907982,0.019632486626505852,0.011398207396268845,0.037545159459114075,0.07751540094614029,0.08415921032428741,0.015997568145394325,0.042732175439596176
279,9.3,,,,insightface_bbox,0.6556570529937744,1125.31298828125,988.4246215820312,2064.0,2747.878173828125,0,0,0,0,0,0,0,0,0,0,0,0,0.05969375744462013,0.030254440382122993,0.15673044323921204,0.02343316562473774,0.00832690391689539,0.020476315170526505,0.012759791687130928,0.036951810121536255,0.07542992383241653,0.07752427458763123,0.018902255222201347,0.04587274789810181
280,9.333333333333334,,,,insightface_bbox,0.6556570529937744,1125.31298828125,988.4246215820312,2064.0,2747.878173828125,0,0,0,0,0,0,0,0,0,0,0,0,0.06352056562900543,0.032205887138843536,0.1608637124300003,0.02447197027504444,0.008669434115290642,0.02118748426437378,0.014161206781864166,0.03741101175546646,0.07693088054656982,0.07898174971342087,0.018187260255217552,0.04584728926420212
281,9.366666666666667,,,,insightface_bbox,0.6556570529937744,1125.31298828125,988.4246215820312,2064.0,2747.878173828125,0,0,0,0,0,0,0,0,0,0,0,0,0.05956340953707695,0.03033861145377159,0.1452828347682953,0.024274343624711037,0.009025612846016884,0.021324975416064262,0.014573439955711365,0.03709721937775612,0.07689256221055984,0.0816136971116066,0.017999140545725822,0.045099202543497086
282,9.4,,,,insightface_bbox,0.5957606434822083,1139.81787109375,1031.9906005859375,2064.0,2847.3671875,0,0,1,0,0,0,0,0,0,0,0,0,0.05304194241762161,0.026569269597530365,0.13458555936813354,0.02167479135096073,0.008860772475600243,0.021014820784330368,0.009014883078634739,0.03828572854399681,0.08306675404310226,0.08348659425973892,0.016827886924147606,0.04160276800394058
283,9.433333333333334,,,,insightface_bbox,0.5957606434822083,1139.81787109375,1031.9906005859375,2064.0,2847.3671875,0,0,1,0,0,0,0,0,0,0,0,0,0.055117733776569366,0.02777155488729477,0.14555926620960236,0.02260153740644455,0.008903837762773037,0.02142413705587387,0.009365078061819077,0.03992067277431488,0.08097416907548904,0.08311397582292557,0.020030517131090164,0.04525119066238403
284,9.466666666666667,,,,insightface_bbox,0.5957606434822083,1139.81787109375,1031.9906005859375,2064.0,2847.3671875,0,0,1,0,0,0,0,0,0,0,0,0,0.05366920679807663,0.027112241834402084,0.14231842756271362,0.021598313003778458,0.008483242243528366,0.020806338638067245,0.00836123526096344,0.03983410447835922,0.0804382935166359,0.08296865969896317,0.01803038828074932,0.043064214289188385
285,9.5,,,,insightface_bbox,0.5957606434822083,1139.81787109375,1031.9906005859375,2064.0,2847.3671875,0,0,1,0,0,0,0,0,0,1,0,0,0.05299323797225952,0.026532167568802834,0.1395871490240097,0.02089671790599823,0.008280307054519653,0.020083831623196602,0.007936322130262852,0.03968024626374245,0.08012412488460541,0.08229949325323105,0.015158036723732948,0.04136506840586662
286,9.533333333333333,,,,insightface_bbox,0.5957606434822083,1139.81787109375,1031.9906005859375,2064.0,2847.3671875,0,0,1,0,0,0,0,0,0,1,0,0,0.059311702847480774,0.02911105751991272,0.15712158381938934,0.02145117148756981,0.008218107745051384,0.019259657710790634,0.007830901071429253,0.038495022803545,0.08086387813091278,0.07756049931049347,0.011256648227572441,0.0386371947824955
287,9.566666666666666,,,,insightface_bbox,0.5957606434822083,1139.81787109375,1031.9906005859375,2064.0,2847.3671875,0,0,1,0,0,0,0,0,0,1,0,0,0.05967739596962929,0.028900176286697388,0.15887169539928436,0.021468114107847214,0.008070776239037514,0.020353568717837334,0.007977277971804142,0.038604505360126495,0.07744698226451874,0.07924550771713257,0.013515029102563858,0.041395124047994614
288,9.6,,,,insightface_bbox,0.6716688871383667,1121.6007080078125,986.26904296875,2064.0,2725.7939453125,0,0,1,0,0,0,0,0,0,0,0,0,0.06295832246541977,0.02967410534620285,0.16415956616401672,0.021279074251651764,0.007139457855373621,0.021259233355522156,0.00934035424143076,0.03661702945828438,0.07649929076433182,0.07328470051288605,0.01861201785504818,0.04411352798342705
289,9.633333333333333,,,,insightface_bbox,0.6716688871383667,1121.6007080078125,986.26904296875,2064.0,2725.7939453125,0,0,1,0,0,0,0,0,0,0,0,0,0.06535410135984421,0.03242120519280434,0.1734960824251175,0.02280477248132229,0.007492443546652794,0.0215773843228817,0.009783678688108921,0.03770487755537033,0.08019900321960449,0.0728369727730751,0.01790156401693821,0.04385380074381828
290,9.666666666666666,,,,insightface_bbox,0.6716688871383667,1121.6007080078125,986.26904296875,2064.0,2725.7939453125,0,0,1,0,0,0,0,0,0,0,0,0,0.0658787190914154,0.03351518511772156,0.16935822367668152,0.022829778492450714,0.007487105205655098,0.021113790571689606,0.009188230149447918,0.03791055828332901,0.07930141687393188,0.07110771536827087,0.016221659258008003,0.04283589869737625
291,9.7,,,,insightface_bbox,0.6716688871383667,1121.6007080078125,986.26904296875,2064.0,2725.7939453125,0,0,1,0,0,0,0,0,0,0,0,0,0.0654919445514679,0.033860474824905396,0.1686037927865982,0.022233135998249054,0.007484007626771927,0.02094259299337864,0.009110095910727978,0.0378178171813488,0.07686213403940201,0.07150138914585114,0.015792805701494217,0.04543231427669525
292,9.733333333333333,,,,insightface_bbox,0.6716688871383667,1121.6007080078125,986.26904296875,2064.0,2725.7939453125,0,0,1,0,0,0,0,0,0,0,0,0,0.06621366739273071,0.034166764467954636,0.16952382028102875,0.0223079863935709,0.007719970308244228,0.02150134928524494,0.009767106734216213,0.03865482658147812,0.076364666223526,0.07438621670007706,0.01640787161886692,0.047502968460321426
293,9.766666666666667,,,,insightface_bbox,0.6716688871383667,1121.6007080078125,986.26904296875,2064.0,2725.7939453125,0,0,1,0,0,0,0,0,0,0,0,0,0.06859450042247772,0.03582895174622536,0.17235226929187775,0.024736279621720314,0.00812000222504139,0.02361457422375679,0.010604692623019218,0.04163358733057976,0.07651754468679428,0.08019568026065826,0.021347008645534515,0.0541926845908165
294,9.8,,,,insightface_bbox,0.6782722473144531,1115.50537109375,1004.6580810546875,2064.0,2718.8759765625,0,0,0,0,0,0,0,0,0,0,0,0,0.06618401408195496,0.036748312413692474,0.17964474856853485,0.024633465334773064,0.007867968641221523,0.022880656644701958,0.01322407741099596,0.0358583927154541,0.06380128860473633,0.06185658276081085,0.029552806168794632,0.056189171969890594
295,9.833333333333334,,,,insightface_bbox,0.6782722473144531,1115.50537109375,1004.6580810546875,2064.0,2718.8759765625,0,0,0,0,0,0,0,0,0,0,0,0,0.06843852996826172,0.0371287539601326,0.18467925488948822,0.02426810935139656,0.007867331616580486,0.022657597437500954,0.011839300394058228,0.035688962787389755,0.06443943828344345,0.06043035164475441,0.026457354426383972,0.05320554971694946
296,9.866666666666667,,,,insightface_bbox,0.6782722473144531,1115.50537109375,1004.6580810546875,2064.0,2718.8759765625,0,0,0,0,0,0,0,0,0,0,0,0,0.0701347291469574,0.03807775303721428,0.1869552731513977,0.02441062033176422,0.007727685384452343,0.022742602974176407,0.011540105566382408,0.03526341915130615,0.06458205729722977,0.0600399486720562,0.02626030147075653,0.052611980587244034
297,9.9,,,,insightface_bbox,0.6782722473144531,1115.50537109375,1004.6580810546875,2064.0,2718.8759765625,0,0,0,0,0,0,0,0,0,0,0,0,0.06762818992137909,0.036278389394283295,0.19474056363105774,0.023312101140618324,0.0071192048490047455,0.021575773134827614,0.010788188315927982,0.03439638763666153,0.06633412837982178,0.057715967297554016,0.02097756415605545,0.04637477919459343
298,9.933333333333334,,,,insightface_bbox,0.6782722473144531,1115.50537109375,1004.6580810546875,2064.0,2718.8759765625,0,0,0,0,0,0,0,0,0,0,0,0,0.057951346039772034,0.03121110424399376,0.1681518256664276,0.021274015307426453,0.0064124795608222485,0.019637467339634895,0.00937709305435419,0.032439056783914566,0.06614948809146881,0.05652321130037308,0.018354136496782303,0.0420985147356987
299,9.966666666666667,,,,insightface_bbox,0.6782722473144531,1115.50537109375,1004.6580810546875,2064.0,2718.8759765625,0,0,0,0,0,0,0,0,0,0,0,0,0.05327780544757843,0.028768369928002357,0.1380011886358261,0.02102487161755562,0.006829685531556606,0.01878948137164116,0.009261284954845905,0.03438584879040718,0.06676216423511505,0.0635843500494957,0.016195137053728104,0.04135841876268387
300,10.0,,,,insightface_bbox,0.6055050492286682,1128.890380859375,962.431396484375,2064.0,2813.416748046875,0,0,1,0,0,0,0,0,0,1,0,0,0.06113555282354355,0.02923654019832611,0.16289401054382324,0.021147098392248154,0.009125062264502048,0.02102874591946602,0.00912617426365614,0.03827732056379318,0.08090752363204956,0.08462250977754593,0.013035161420702934,0.042667798697948456
301,10.033333333333333,,,,insightface_bbox,0.6055050492286682,1128.890380859375,962.431396484375,2064.0,2813.416748046875,0,0,1,0,0,0,0,0,0,1,0,0,0.058292023837566376,0.027337465435266495,0.16515785455703735,0.021993380039930344,0.009814816527068615,0.022441742941737175,0.01059183944016695,0.03914205729961395,0.08158422261476517,0.08615685999393463,0.01651087962090969,0.044975634664297104
302,10.066666666666666,,,,insightface_bbox,0.6055050492286682,1128.890380859375,962.431396484375,2064.0,2813.416748046875,0,0,1,0,0,0,0,0,0,1,0,0,0.05729786306619644,0.026674825698137283,0.16604852676391602,0.022352922707796097,0.009766656905412674,0.022881459444761276,0.011016430333256721,0.03946151211857796,0.08053208887577057,0.086130291223526,0.01882249116897583,0.04596410319209099
303,10.1,,,,insightface_bbox,0.6055050492286682,1128.890380859375,962.431396484375,2064.0,2813.416748046875,0,0,1,0,0,0,0,0,0,1,0,0,0.05765123665332794,0.02695101872086525,0.16181157529354095,0.021881412714719772,0.009544976986944675,0.022483935579657555,0.010385744273662567,0.03905995935201645,0.07846060395240784,0.08230516314506531,0.018824493512511253,0.04508351907134056
304,10.133333333333333,,,,insightface_bbox,0.6055050492286682,1128.890380859375,962.431396484375,2064.0,2813.416748046875,0,0,1,0,0,0,0,0,0,1,0,0,0.056136589497327805,0.025957832112908363,0.15964506566524506,0.020846093073487282,0.008829430676996708,0.021499868482351303,0.009373611770570278,0.03769335150718689,0.07633458822965622,0.0790899246931076,0.017697971314191818,0.04286609962582588
305,10.166666666666666,,,,insightface_bbox,0.6055050492286682,1128.890380859375,962.431396484375,2064.0,2813.416748046875,0,0,1,0,0,0,0,0,0,1,0,0,0.054812539368867874,0.0255451463162899,0.16098803281784058,0.020200524479150772,0.008552966639399529,0.020913254469633102,0.008847222663462162,0.03657237067818642,0.07525882869958878,0.07804898917675018,0.01588633842766285,0.04072629287838936
306,10.2,,,,insightface_bbox,0.6180935502052307,1135.5379638671875,942.2005615234375,2064.0,2837.13232421875,0,0,1,0,0,0,0,0,0,1,0,0,0.05220744386315346,0.025084972381591797,0.17353153228759766,0.020022470504045486,0.008545111864805222,0.02186904102563858,0.006937064230442047,0.036208972334861755,0.08273492753505707,0.081307552754879,0.015421312302350998,0.03933912143111229
307,10.233333333333333,,,,insightface_bbox,0.6180935502052307,1135.5379638671875,942.2005615234375,2064.0,2837.13232421875,0,0,1,0,0,0,0,0,0,1,0,0,0.05297284573316574,0.02557968720793724,0.18049195408821106,0.02113443985581398,0.008801845833659172,0.02279762551188469,0.007598370313644409,0.03795015439391136,0.08455649018287659,0.0849374532699585,0.016342371702194214,0.04154490679502487
308,10.266666666666667,,,,insightface_bbox,0.6180935502052307,1135.5379638671875,942.2005615234375,2064.0,2837.13232421875,0,0,1,0,0,0,0,0,0,1,0,0,0.05207947641611099,0.024510400369763374,0.1748681366443634,0.019763300195336342,0.008187254890799522,0.021960055455565453,0.006954375654459,0.036416999995708466,0.08368545025587082,0.08092483878135681,0.015484485775232315,0.04041279852390289
309,10.3,,,,insightface_bbox,0.6180935502052307,1135.5379638671875,942.2005615234375,2064.0,2837.13232421875,0,0,1,0,0,0,0,0,0,1,0,0,0.052049554884433746,0.024382201954722404,0.18638452887535095,0.018596170470118523,0.008016991429030895,0.02198711782693863,0.0062486715614795685,0.035443659871816635,0.08239082992076874,0.07798263430595398,0.01471861731261015,0.039673056453466415
310,10.333333333333334,,,,insightface_bbox,0.6180935502052307,1135.5379638671875,942.2005615234375,2064.0,2837.13232421875,0,0,1,0,0,0,0,0,0,1,0,0,0.05387633666396141,0.025574225932359695,0.18436558544635773,0.018151462078094482,0.007887512445449829,0.021309174597263336,0.006000022403895855,0.0347420834004879,0.07862688601016998,0.07451736181974411,0.014455077238380909,0.03927121311426163
311,10.366666666666667,,,,insightface_bbox,0.6180935502052307,1135.5379638671875,942.2005615234375,2064.0,2837.13232421875,0,0,1,0,0,0,0,0,0,1,0,0,0.05402890592813492,0.02609313651919365,0.18054166436195374,0.018004903569817543,0.007650548592209816,0.0210224948823452,0.005909544415771961,0.034487150609493256,0.07734942436218262,0.0734633356332779,0.014789597131311893,0.04015786200761795
312,10.4,,,,insightface_bbox,0.6632363796234131,1132.0804443359375,980.1299438476562,2064.0,2750.197509765625,0,0,1,0,0,0,0,0,0,1,0,0,0.06026376038789749,0.0281281229108572,0.15855449438095093,0.019106237217783928,0.007565689738839865,0.019657017663121223,0.007168981712311506,0.03340822458267212,0.07135461270809174,0.07199858874082565,0.012251857668161392,0.0373079814016819
313,10.433333333333334,,,,insightface_bbox,0.6632363796234131,1132.0804443359375,980.1299438476562,2064.0,2750.197509765625,0,0,1,0,0,0,0,0,0,1,0,0,0.06063200160861015,0.028478195890784264,0.15474650263786316,0.01944863609969616,0.007889281958341599,0.019627463072538376,0.007235455326735973,0.03403733670711517,0.07393072545528412,0.07435546815395355,0.011122091673314571,0.037024691700935364
314,10.466666666666667,,,,insightface_bbox,0.6632363796234131,1132.0804443359375,980.1299438476562,2064.0,2750.197509765625,0,0,1,0,0,0,0,0,0,1,0,0,0.06302843987941742,0.030217353254556656,0.18608134984970093,0.019740547984838486,0.007598554249852896,0.0195967685431242,0.007308075204491615,0.032852139323949814,0.07314716279506683,0.06934089958667755,0.009401845745742321,0.035417258739471436
315,10.5,,,,insightface_bbox,0.6632363796234131,1132.0804443359375,980.1299438476562,2064.0,2750.197509765625,0,0,1,0,0,0,0,0,0,1,0,0,0.06890672445297241,0.0332593210041523,0.1923152655363083,0.020175261422991753,0.007798391859978437,0.020906861871480942,0.007293419912457466,0.03310094401240349,0.07372979074716568,0.06907238066196442,0.010975156910717487,0.03839154168963432
316,10.533333333333333,,,,insightface_bbox,0.6632363796234131,1132.0804443359375,980.1299438476562,2064.0,2750.197509765625,0,0,1,0,0,0,0,0,0,1,0,0,0.06637371331453323,0.031477656215429306,0.19492986798286438,0.01879296265542507,0.007170333527028561,0.020400676876306534,0.006324928253889084,0.03268822282552719,0.07566802948713303,0.06890134513378143,0.010466158390045166,0.037647321820259094
317,10.566666666666666,,,,insightface_bbox,0.6632363796234131,1132.0804443359375,980.1299438476562,2064.0,2750.197509765625,0,0,1,0,0,0,0,0,0,1,0,0,0.06827720999717712,0.032879769802093506,0.19203057885169983,0.019641414284706116,0.0075445957481861115,0.020654287189245224,0.00662637036293745,0.033555883914232254,0.07650353014469147,0.06955453008413315,0.01108447927981615,0.03898996487259865
318,10.6,,,,insightface_bbox,0.6924859881401062,1118.9061279296875,1030.316650390625,2064.0,2716.80029296875,0,0,1,0,0,0,0,0,0,0,0,0,0.06448487937450409,0.03038962557911873,0.18503877520561218,0.01782732643187046,0.006449352949857712,0.018742721527814865,0.005763230845332146,0.030802730470895767,0.06772314757108688,0.05616970732808113,0.014773925766348839,0.04077773541212082
319,10.633333333333333,,,,insightface_bbox,0.6924859881401062,1118.9061279296875,1030.316650390625,2064.0,2716.80029296875,0,0,1,0,0,0,0,0,0,0,0,0,0.06719846278429031,0.0318632610142231,0.19355706870555878,0.017567547038197517,0.0066342419013381,0.01888503134250641,0.005884821992367506,0.029484078288078308,0.06590789556503296,0.053793374449014664,0.013746180571615696,0.040041662752628326
320,10.666666666666666,,,,insightface_bbox,0.6924859881401062,1118.9061279296875,1030.316650390625,2064.0,2716.80029296875,0,0,1,0,0,0,0,0,0,0,0,0,0.06719912588596344,0.03247702121734619,0.20107650756835938,0.018221959471702576,0.006921754218637943,0.019955627620220184,0.006253653205931187,0.03125406801700592,0.06966865807771683,0.05770669877529144,0.014393212273716927,0.04218820109963417
321,10.7,,,,insightface_bbox,0.6924859881401062,1118.9061279296875,1030.316650390625,2064.0,2716.80029296875,0,0,1,0,0,0,0,0,0,0,0,0,0.06509678065776825,0.031071491539478302,0.19652733206748962,0.017350466921925545,0.0064514572732150555,0.01840321533381939,0.005667451303452253,0.029522160068154335,0.06654450297355652,0.052754614502191544,0.013258881866931915,0.03965604305267334
322,10.733333333333333,,,,insightface_bbox,0.6924859881401062,1118.9061279296875,1030.316650390625,2064.0,2716.80029296875,0,0,1,0,0,0,0,0,0,0,0,0,0.06389906257390976,0.030706172809004784,0.1894778311252594,0.017000647261738777,0.006388640496879816,0.01803416758775711,0.005569017492234707,0.029422631487250328,0.06631474941968918,0.05219727382063866,0.012385528534650803,0.038224611431360245
