frame_idx,frame_time_in_ms,pitch,yaw,roll,face_alignment_method,face_detection_score,face_bbox_xmin,face_bbox_ymin,face_bbox_xmax,face_bbox_ymax,au_1,au_2,au_4,au_6,au_7,au_10,au_12,au_14,au_15,au_17,au_23,au_24,au_1_intensity,au_2_intensity,au_4_intensity,au_5_intensity,au_6_intensity,au_9_intensity,au_12_intensity,au_15_intensity,au_17_intensity,au_20_intensity,au_25_intensity,au_26_intensity
0,0.0,,,,insightface_bbox,0.6859173774719238,0.0,900.5172119140625,927.0578002929688,2376.6513671875,0,0,1,0,0,0,0,0,0,1,0,1,0.04850377142429352,0.021307293325662613,0.40305525064468384,0.01902252621948719,0.006811098195612431,0.014600690454244614,0.006164267659187317,0.04413169249892235,0.06644292175769806,0.06916075199842453,0.0051076156087219715,0.03333445265889168
1,0.03333333333333333,,,,insightface_bbox,0.6859173774719238,0.0,900.5172119140625,927.0578002929688,2376.6513671875,0,0,1,0,0,0,0,0,0,1,0,1,0.04500986635684967,0.02167280577123165,0.2847263813018799,0.019203539937734604,0.007816215045750141,0.015266053378582,0.007990870624780655,0.04568101465702057,0.0826253816485405,0.08634735643863678,0.0034577108453959227,0.031581610441207886
2,0.06666666666666667,,,,insightface_bbox,0.6859173774719238,0.0,900.5172119140625,927.0578002929688,2376.6513671875,0,0,1,0,0,0,0,0,0,1,0,1,0.05053988844156265,0.02251432090997696,0.29372555017471313,0.020088467746973038,0.008302430622279644,0.01694992370903492,0.010228454135358334,0.04486358165740967,0.09069965034723282,0.0875474140048027,0.004085525870323181,0.03605880215764046
3,0.1,,,,insightface_bbox,0.6859173774719238,0.0,900.5172119140625,927.0578002929688,2376.6513671875,0,0,1,0,0,0,0,0,0,1,0,1,0.043927110731601715,0.02032887004315853,0.2578044831752777,0.018481921404600143,0.007880782708525658,0.015678314492106438,0.009182878769934177,0.04118336737155914,0.08808134496212006,0.08547081053256989,0.003353928914293647,0.03284887224435806
4,0.13333333333333333,,,,insightface_bbox,0.6859173774719238,0.0,900.5172119140625,927.0578002929688,2376.6513671875,0,0,1,0,0,0,0,0,0,1,0,1,0.04096602648496628,0.01894366554915905,0.2312270551919937,0.017902499064803123,0.007974495179951191,0.014787326566874981,0.009226853027939796,0.03871016949415207,0.09267140924930573,0.08785901963710785,0.0029064565896987915,0.031113609671592712
5,0.16666666666666666,,,,insightface_bbox,0.6859173774719238,0.0,900.5172119140625,927.0578002929688,2376.6513671875,0,0,1,0,0,0,0,0,0,1,0,1,0.038740694522857666,0.018114037811756134,0.20796501636505127,0.017744561657309532,0.007622585631906986,0.014045067131519318,0.009209170937538147,0.03804171085357666,0.09204424917697906,0.08845382928848267,0.002642301609739661,0.028486866503953934
6,0.2,,,,insightface_bbox,0.7000860571861267,0.0,817.7952880859375,918.7311401367188,2356.160888671875,0,0,1,0,0,0,0,0,0,1,0,1,0.040560610592365265,0.01935550384223461,0.22074146568775177,0.016945097595453262,0.006904922425746918,0.013537284918129444,0.007596749346703291,0.03644883632659912,0.0761355310678482,0.07407029718160629,0.004088801331818104,0.03248048573732376
7,0.23333333333333334,,,,insightface_bbox,0.7000860571861267,0.0,817.7952880859375,918.7311401367188,2356.160888671875,0,0,1,0,0,0,0,0,0,1,0,1,0.03970380872488022,0.019298117607831955,0.21735571324825287,0.01719539798796177,0.006881352048367262,0.013553652912378311,0.008024846203625202,0.03636239841580391,0.07281763851642609,0.07388263195753098,0.004217989277094603,0.032196294516325
8,0.26666666666666666,,,,insightface_bbox,0.7000860571861267,0.0,817.7952880859375,918.7311401367188,2356.160888671875,0,0,1,0,0,0,0,0,0,1,0,1,0.03968251496553421,0.019252706319093704,0.21792498230934143,0.017050545662641525,0.006830775178968906,0.013643967919051647,0.00781308300793171,0.03608546406030655,0.0727921575307846,0.0740986317396164,0.004305335693061352,0.03253552317619324
9,0.3,,,,insightface_bbox,0.7000860571861267,0.0,817.7952880859375,918.7311401367188,2356.160888671875,0,0,1,0,0,0,0,0,0,1,0,1,0.04054773971438408,0.019426673650741577,0.22040989995002747,0.01687377318739891,0.006838646717369556,0.013996865600347519,0.007376423571258783,0.03541018068790436,0.07347801327705383,0.07495732605457306,0.00458314036950469,0.03306039422750473
10,0.3333333333333333,,,,insightface_bbox,0.7000860571861267,0.0,817.7952880859375,918.7311401367188,2356.160888671875,0,0,1,0,0,0,0,0,0,1,0,1,0.03985483571887016,0.019072750583291054,0.21269488334655762,0.01668309047818184,0.006808617152273655,0.0139447171241045,0.007142741698771715,0.03519846126437187,0.0729384496808052,0.07476207613945007,0.00448407931253314,0.032182157039642334
11,0.36666666666666664,,,,insightface_bbox,0.7000860571861267,0.0,817.7952880859375,918.7311401367188,2356.160888671875,0,0,1,0,0,0,0,0,0,1,0,1,0.03951682150363922,0.019116651266813278,0.20706287026405334,0.016662713140249252,0.006677023135125637,0.013983534649014473,0.007005119696259499,0.03455152362585068,0.07184995710849762,0.07383779436349869,0.004511721897870302,0.03193826228380203
12,0.4,,,,insightface_bbox,0.7218543291091919,0.0,823.7831420898438,934.2688598632812,2336.789794921875,0,0,1,0,0,0,0,0,0,1,0,1,0.042363934218883514,0.02001047320663929,0.2248803973197937,0.01718302071094513,0.006824541836977005,0.01492186076939106,0.0072398800402879715,0.03483752906322479,0.07289058715105057,0.07489901781082153,0.0051735383458435535,0.03359423950314522
13,0.43333333333333335,,,,insightface_bbox,0.7218543291091919,0.0,823.7831420898438,934.2688598632812,2336.789794921875,0,0,1,0,0,0,0,0,0,1,0,1,0.04170771688222885,0.01993362233042717,0.2174331396818161,0.017025776207447052,0.0068095894530415535,0.014733558520674706,0.007235761731863022,0.0344453826546669,0.07324734330177307,0.07630116492509842,0.004980943165719509,0.0334354043006897
14,0.4666666666666667,,,,insightface_bbox,0.7218543291091919,0.0,823.7831420898438,934.2688598632812,2336.789794921875,0,0,1,0,0,0,0,0,0,1,0,1,0.04078419506549835,0.019546031951904297,0.21486854553222656,0.016546329483389854,0.006639548577368259,0.014347461052238941,0.006785116158425808,0.03340917080640793,0.07154122740030289,0.07511071115732193,0.0048376526683568954,0.032980259507894516
15,0.5,,,,insightface_bbox,0.7218543291091919,0.0,823.7831420898438,934.2688598632812,2336.789794921875,0,0,1,0,0,0,0,0,0,1,0,1,0.03983783721923828,0.019431693479418755,0.20646922290325165,0.016467032954096794,0.006584657356142998,0.014215171337127686,0.0067253680899739265,0.03332793340086937,0.0717402920126915,0.07485438138246536,0.004770546220242977,0.03285803273320198
16,0.5333333333333333,,,,insightface_bbox,0.7218543291091919,0.0,823.7831420898438,934.2688598632812,2336.789794921875,0,0,1,0,0,0,0,0,0,1,0,1,0.03996939957141876,0.019349491223692894,0.20934438705444336,0.016188954934477806,0.006512542720884085,0.014303289353847504,0.006398651748895645,0.03260335326194763,0.07264040410518646,0.07505755126476288,0.004751196131110191,0.032698292285203934
17,0.5666666666666667,,,,insightface_bbox,0.7218543291091919,0.0,823.7831420898438,934.2688598632812,2336.789794921875,0,0,1,0,0,0,0,0,0,1,0,1,0.03996798396110535,0.019452610984444618,0.20375388860702515,0.016126280650496483,0.006509097293019295,0.014350038021802902,0.006252586841583252,0.03151140362024307,0.07242246717214584,0.07345958054065704,0.004765503574162722,0.03187898173928261
18,0.6,,,,insightface_bbox,0.7200030088424683,0.0,812.4310302734375,935.6602172851562,2340.33984375,0,0,1,0,0,0,0,0,0,1,0,1,0.04137154296040535,0.019644221290946007,0.22838136553764343,0.01677367463707924,0.006609774194657803,0.015077427960932255,0.006319405976682901,0.03170259669423103,0.07432568073272705,0.07686413079500198,0.005091631785035133,0.03249027207493782
19,0.6333333333333333,,,,insightface_bbox,0.7200030088424683,0.0,812.4310302734375,935.6602172851562,2340.33984375,0,0,1,0,0,0,0,0,0,1,0,1,0.04028729349374771,0.01935991644859314,0.21281227469444275,0.016496267169713974,0.006606187205761671,0.015176696702837944,0.006263294257223606,0.0304705910384655,0.07269613444805145,0.07339930534362793,0.005087435245513916,0.03227636590600014
20,0.6666666666666666,,,,insightface_bbox,0.7200030088424683,0.0,812.4310302734375,935.6602172851562,2340.33984375,0,0,1,0,0,0,0,0,0,1,0,1,0.03814065456390381,0.018894921988248825,0.19343255460262299,0.016036203131079674,0.006276243831962347,0.01459892001003027,0.006203300319612026,0.029188914224505424,0.06878256052732468,0.06884418427944183,0.0046710968017578125,0.029424987733364105
21,0.7,,,,insightface_bbox,0.7200030088424683,0.0,812.4310302734375,935.6602172851562,2340.33984375,0,0,1,0,0,0,0,0,0,1,0,1,0.03732607141137123,0.01873728260397911,0.1818203628063202,0.015816567465662956,0.006144087761640549,0.015065418556332588,0.005966140888631344,0.02901153266429901,0.0718563124537468,0.07049081474542618,0.0047365943901240826,0.029156453907489777
22,0.7333333333333333,,,,insightface_bbox,0.7200030088424683,0.0,812.4310302734375,935.6602172851562,2340.33984375,0,0,1,0,0,0,0,0,0,1,0,1,0.03613026440143585,0.0187359768897295,0.17173540592193604,0.01630166918039322,0.005986589007079601,0.015089716762304306,0.005857639014720917,0.029561592265963554,0.07344269752502441,0.07237590104341507,0.004643596708774567,0.02913086675107479
23,0.7666666666666667,,,,insightface_bbox,0.7200030088424683,0.0,812.4310302734375,935.6602172851562,2340.33984375,0,0,1,0,0,0,0,0,0,1,0,1,0.034053701907396317,0.018062859773635864,0.1649428904056549,0.016055192798376083,0.005837928503751755,0.014725491404533386,0.005636672023683786,0.029251843690872192,0.07082811743021011,0.07012444734573364,0.004489945247769356,0.028474226593971252
24,0.8,,,,insightface_bbox,0.7174031734466553,0.0,806.0919189453125,953.5121459960938,2357.24365234375,0,0,1,0,0,0,0,0,0,1,0,1,0.03339562937617302,0.017766527831554413,0.137437105178833,0.015930330380797386,0.006561141461133957,0.016667146235704422,0.006012141704559326,0.02963060326874256,0.08750072121620178,0.06949875503778458,0.003159533953294158,0.02423110604286194
25,0.8333333333333334,,,,insightface_bbox,0.7174031734466553,0.0,806.0919189453125,953.5121459960938,2357.24365234375,0,0,1,0,0,0,0,0,0,1,0,1,0.034589026123285294,0.01822519861161709,0.13502614200115204,0.016335561871528625,0.006737253628671169,0.01723436824977398,0.006523474585264921,0.030235234647989273,0.08732089400291443,0.07026033848524094,0.0034555564634501934,0.025321532040834427
26,0.8666666666666667,,,,insightface_bbox,0.7174031734466553,0.0,806.0919189453125,953.5121459960938,2357.24365234375,0,0,1,0,0,0,0,0,0,1,0,1,0.03713831678032875,0.018937207758426666,0.14674021303653717,0.0176691934466362,0.007380867376923561,0.019153080880641937,0.008277205750346184,0.03161272034049034,0.09505626559257507,0.07656368613243103,0.0036568655632436275,0.027746057137846947
27,0.9,,,,insightface_bbox,0.7174031734466553,0.0,806.0919189453125,953.5121459960938,2357.24365234375,0,0,1,0,0,0,0,0,0,1,0,1,0.04187320917844772,0.02102487161755562,0.171498641371727,0.019390268251299858,0.008262974210083485,0.021101079881191254,0.010802118107676506,0.03339895233511925,0.09422256052494049,0.07989683747291565,0.004739790223538876,0.0335669107735157
28,0.9333333333333333,,,,insightface_bbox,0.7174031734466553,0.0,806.0919189453125,953.5121459960938,2357.24365234375,0,0,1,0,0,0,0,0,0,1,0,1,0.04471947252750397,0.0218962412327528,0.19132187962532043,0.019907616078853607,0.008541418239474297,0.021909384056925774,0.01136691402643919,0.034986577928066254,0.08729320019483566,0.07622689008712769,0.006050094496458769,0.036575593054294586
29,0.9666666666666667,,,,insightface_bbox,0.7174031734466553,0.0,806.0919189453125,953.5121459960938,2357.24365234375,0,0,1,0,0,0,0,0,0,1,0,0,0.04439542442560196,0.021202711388468742,0.20916765928268433,0.020151512697339058,0.008725075982511044,0.023342400789260864,0.010807978920638561,0.036327559500932693,0.0842711329460144,0.07322803884744644,0.007437816821038723,0.03903823345899582
30,1.0,,,,insightface_bbox,0.708166241645813,0.0,775.5115356445312,921.3377685546875,2415.543212890625,0,0,1,0,0,0,0,0,0,1,0,0,0.03674617409706116,0.01852305233478546,0.19029684364795685,0.017955902963876724,0.006475594826042652,0.016480421647429466,0.008639965206384659,0.03092617727816105,0.06674269586801529,0.06806113570928574,0.007480570115149021,0.041940584778785706
31,1.0333333333333334,,,,insightface_bbox,0.708166241645813,0.0,775.5115356445312,921.3377685546875,2415.543212890625,0,0,1,0,0,0,0,0,0,1,0,0,0.037715066224336624,0.019132204353809357,0.19108228385448456,0.019063619896769524,0.007088032551109791,0.01635657623410225,0.00976515468209982,0.03343316912651062,0.06512635201215744,0.0686161145567894,0.007852917537093163,0.04363248497247696
32,1.0666666666666667,,,,insightface_bbox,0.708166241645813,0.0,775.5115356445312,921.3377685546875,2415.543212890625,0,0,1,0,0,0,0,0,0,1,0,0,0.03674636408686638,0.018942389637231827,0.18523231148719788,0.018853453919291496,0.007217016536742449,0.016548147425055504,0.010356459766626358,0.032374560832977295,0.0628015547990799,0.06789695471525192,0.007496098056435585,0.040841247886419296
33,1.1,,,,insightface_bbox,0.708166241645813,0.0,775.5115356445312,921.3377685546875,2415.543212890625,0,0,1,0,0,0,0,0,0,1,0,0,0.03665509447455406,0.018891410902142525,0.17752675712108612,0.018713470548391342,0.007468288764357567,0.01659206673502922,0.01036462839692831,0.03201039880514145,0.06193352863192558,0.06579925864934921,0.007005636114627123,0.038316771388053894
34,1.1333333333333333,,,,insightface_bbox,0.708166241645813,0.0,775.5115356445312,921.3377685546875,2415.543212890625,0,0,1,0,0,0,0,0,0,1,0,0,0.036144547164440155,0.01864837482571602,0.16745799779891968,0.018282616510987282,0.007637436036020517,0.016508493572473526,0.010309655219316483,0.031980250030756,0.06377233564853668,0.06545884907245636,0.006880247965455055,0.03858434408903122
35,1.1666666666666667,,,,insightface_bbox,0.708166241645813,0.0,775.5115356445312,921.3377685546875,2415.543212890625,0,0,1,0,0,0,0,0,0,1,0,0,0.04051206633448601,0.021150976419448853,0.2016783058643341,0.021380938589572906,0.008168482221662998,0.019141804426908493,0.013686427846550941,0.034646861255168915,0.06489720940589905,0.06875278055667877,0.01042403094470501,0.04521626606583595
36,1.2,,,,insightface_bbox,0.7026021480560303,0.0,796.3238525390625,931.2164306640625,2402.91943359375,0,0,1,0,0,0,0,0,0,1,0,0,0.040917735546827316,0.020708009600639343,0.19622129201889038,0.021757598966360092,0.008108574897050858,0.020513571798801422,0.01503283903002739,0.036539722234010696,0.0744185745716095,0.0728113129734993,0.01179833710193634,0.05040956288576126
37,1.2333333333333334,,,,insightface_bbox,0.7026021480560303,0.0,796.3238525390625,931.2164306640625,2402.91943359375,0,0,1,0,0,0,0,0,0,1,0,0,0.03459032252430916,0.018163451924920082,0.1546301543712616,0.019750865176320076,0.0067588696256279945,0.017517441883683205,0.00977394264191389,0.033232077956199646,0.07151714712381363,0.0691898986697197,0.01037304662168026,0.048009179532527924
38,1.2666666666666666,,,,insightface_bbox,0.7026021480560303,0.0,796.3238525390625,931.2164306640625,2402.91943359375,0,0,1,0,0,0,0,0,0,1,0,0,0.03238743543624878,0.017254142090678215,0.13851289451122284,0.01795487105846405,0.006210894789546728,0.015894902870059013,0.007930818945169449,0.0308280810713768,0.06616750359535217,0.06458768248558044,0.00796965230256319,0.04120039939880371
39,1.3,,,,insightface_bbox,0.7026021480560303,0.0,796.3238525390625,931.2164306640625,2402.91943359375,0,0,1,0,0,0,0,0,0,1,0,0,0.032899871468544006,0.0176074281334877,0.13834288716316223,0.017867829650640488,0.005986965261399746,0.015792999416589737,0.00783482939004898,0.030517056584358215,0.0648672878742218,0.06358522176742554,0.008292709477245808,0.04087982326745987
40,1.3333333333333333,,,,insightface_bbox,0.7026021480560303,0.0,796.3238525390625,931.2164306640625,2402.91943359375,0,0,1,0,0,0,0,0,0,1,0,0,0.03299510478973389,0.017294790595769882,0.1388060450553894,0.017753466963768005,0.006077408324927092,0.015337200835347176,0.007766475435346365,0.02996637485921383,0.06719612330198288,0.06363854557275772,0.007552955765277147,0.041151247918605804
41,1.3666666666666667,,,,insightface_bbox,0.7026021480560303,0.0,796.3238525390625,931.2164306640625,2402.91943359375,0,0,1,0,0,0,0,0,0,1,0,0,0.03356211259961128,0.017340082675218582,0.14425626397132874,0.01731273904442787,0.006115216761827469,0.01519530825316906,0.007978864945471287,0.028827842324972153,0.06605172902345657,0.06177347153425217,0.007066421210765839,0.039358384907245636
42,1.4,,,,insightface_bbox,0.722032904624939,0.0,790.8656005859375,913.3812866210938,2372.36474609375,0,0,1,0,0,0,0,0,0,1,0,0,0.034182898700237274,0.017561644315719604,0.16169893741607666,0.015782741829752922,0.00568009540438652,0.013906218111515045,0.006782198790460825,0.026287147775292397,0.057935938239097595,0.05782020092010498,0.006440271623432636,0.0383964478969574
43,1.4333333333333333,,,,insightface_bbox,0.722032904624939,0.0,790.8656005859375,913.3812866210938,2372.36474609375,0,0,1,0,0,0,0,0,0,1,0,0,0.03371119871735573,0.017076417803764343,0.15714289247989655,0.016193941235542297,0.0064048985950648785,0.014078713953495026,0.007677244022488594,0.027817433699965477,0.06274096667766571,0.06283533573150635,0.005747433286160231,0.037412129342556
44,1.4666666666666666,,,,insightface_bbox,0.722032904624939,0.0,790.8656005859375,913.3812866210938,2372.36474609375,0,0,1,0,0,0,0,0,0,1,0,0,0.037774957716464996,0.018658768385648727,0.17204758524894714,0.017691759392619133,0.006986367981880903,0.015260951593518257,0.00826246663928032,0.029570283368229866,0.06558206677436829,0.0635548084974289,0.007899140007793903,0.04572899639606476
45,1.5,,,,insightface_bbox,0.722032904624939,0.0,790.8656005859375,913.3812866210938,2372.36474609375,0,0,1,0,0,0,0,0,0,1,0,0,0.04506200924515724,0.021146316081285477,0.21254457533359528,0.019444018602371216,0.007496857549995184,0.017102666199207306,0.00926973856985569,0.03256123140454292,0.06657397001981735,0.06366594135761261,0.009157106280326843,0.04744740575551987
46,1.5333333333333334,,,,insightface_bbox,0.722032904624939,0.0,790.8656005859375,913.3812866210938,2372.36474609375,0,0,1,0,0,0,0,0,0,1,0,0,0.04471214488148689,0.0207650326192379,0.21668611466884613,0.019617071375250816,0.007645396515727043,0.017318755388259888,0.009455290623009205,0.03288103640079498,0.0666453018784523,0.06482785195112228,0.009620299562811852,0.047172777354717255
47,1.5666666666666667,,,,insightface_bbox,0.722032904624939,0.0,790.8656005859375,913.3812866210938,2372.36474609375,0,0,1,0,0,0,0,0,0,1,0,0,0.03811171278357506,0.018428483977913857,0.18479673564434052,0.017882443964481354,0.006633923389017582,0.015383735299110413,0.008724954910576344,0.030073091387748718,0.06128247454762459,0.06075010076165199,0.008932380005717278,0.046242110431194305
48,1.6,,,,insightface_bbox,0.7067701816558838,0.0,802.3944091796875,906.8743286132812,2381.69189453125,0,0,1,0,0,0,0,0,0,1,0,0,0.03476358950138092,0.016761355102062225,0.16225092113018036,0.014576142653822899,0.005676228553056717,0.013333269394934177,0.005485220346599817,0.02433004230260849,0.057456810027360916,0.053076207637786865,0.005443596746772528,0.03560624644160271
49,1.6333333333333333,,,,insightface_bbox,0.7067701816558838,0.0,802.3944091796875,906.8743286132812,2381.69189453125,0,0,1,0,0,0,0,0,0,1,0,0,0.03459032252430916,0.016795195639133453,0.1679677665233612,0.014943137764930725,0.005694511812180281,0.013208860531449318,0.005404636263847351,0.02374441549181938,0.05571991205215454,0.05144784599542618,0.005308112129569054,0.035156939178705215
50,1.6666666666666667,,,,insightface_bbox,0.7067701816558838,0.0,802.3944091796875,906.8743286132812,2381.69189453125,0,0,1,0,0,0,0,0,0,1,0,0,0.0344867929816246,0.01646146923303604,0.16540589928627014,0.01403489988297224,0.005961485207080841,0.01348456833511591,0.005245930980890989,0.023652877658605576,0.05743928626179695,0.052903588861227036,0.004337482154369354,0.032258082181215286
51,1.7,,,,insightface_bbox,0.7067701816558838,0.0,802.3944091796875,906.8743286132812,2381.69189453125,0,0,1,0,0,0,0,0,0,1,0,1,0.03410932049155235,0.016514630988240242,0.1631200611591339,0.013683903031051159,0.005944047123193741,0.0133063280954957,0.004757535178214312,0.023363826796412468,0.056608252227306366,0.05249110981822014,0.003967324271798134,0.030606087297201157
52,1.7333333333333334,,,,insightface_bbox,0.7067701816558838,0.0,802.3944091796875,906.8743286132812,2381.69189453125,0,0,1,0,0,0,0,0,0,1,0,0,0.03536512702703476,0.016961783170700073,0.16890518367290497,0.01411649864166975,0.006026696413755417,0.013852515257894993,0.005148305557668209,0.02400970458984375,0.05897071585059166,0.054206714034080505,0.004303217399865389,0.033829204738140106
53,1.7666666666666666,,,,insightface_bbox,0.7067701816558838,0.0,802.3944091796875,906.8743286132812,2381.69189453125,0,0,1,0,0,0,0,0,0,1,0,0,0.03561282157897949,0.017443468794226646,0.16655264794826508,0.015107281506061554,0.006462061777710915,0.013819796964526176,0.006180682219564915,0.02540883794426918,0.06434575468301773,0.05850514769554138,0.0037967264652252197,0.031908705830574036
54,1.8,,,,insightface_bbox,0.705176830291748,0.0,815.0889282226562,907.0048828125,2444.646240234375,0,0,1,0,0,0,0,0,0,1,0,1,0.03132784739136696,0.016244549304246902,0.1620098054409027,0.013772096484899521,0.005812788847833872,0.012519596144557,0.005368837621062994,0.025515427812933922,0.05846071615815163,0.0608614906668663,0.002957688644528389,0.028269970789551735
55,1.8333333333333333,,,,insightface_bbox,0.705176830291748,0.0,815.0889282226562,907.0048828125,2444.646240234375,0,0,1,0,0,0,0,0,0,1,0,1,0.031119098886847496,0.016067910939455032,0.15243567526340485,0.013643059879541397,0.005850980989634991,0.012400655075907707,0.005401135887950659,0.025416217744350433,0.057749006897211075,0.05900473892688751,0.002833218313753605,0.027811788022518158
56,1.8666666666666667,,,,insightface_bbox,0.705176830291748,0.0,815.0889282226562,907.0048828125,2444.646240234375,0,0,1,0,0,0,0,0,0,1,0,1,0.0299522764980793,0.015551493503153324,0.14550593495368958,0.01322898454964161,0.005716542713344097,0.012025060132145882,0.0050513288006186485,0.02437439188361168,0.05515234172344208,0.055895403027534485,0.0027030939236283302,0.026492467150092125
57,1.9,,,,insightface_bbox,0.705176830291748,0.0,815.0889282226562,907.0048828125,2444.646240234375,0,0,1,0,0,0,0,0,0,1,0,0,0.03018506057560444,0.015488747507333755,0.14857366681098938,0.012653473764657974,0.005783411208540201,0.012742282822728157,0.004234898369759321,0.022425437346100807,0.0518309511244297,0.050890859216451645,0.003312115091830492,0.02659020759165287
58,1.9333333333333333,,,,insightface_bbox,0.705176830291748,0.0,815.0889282226562,907.0048828125,2444.646240234375,0,0,1,0,0,0,0,0,0,1,0,0,0.031234806403517723,0.015609982423484325,0.15671777725219727,0.012551112100481987,0.005800421349704266,0.013096543028950691,0.003868347266688943,0.02158050611615181,0.05046100914478302,0.04820770025253296,0.0038198635447770357,0.027075110003352165
59,1.9666666666666666,,,,insightface_bbox,0.705176830291748,0.0,815.0889282226562,907.0048828125,2444.646240234375,0,0,1,0,0,0,0,0,0,1,0,0,0.03269393742084503,0.01620551384985447,0.1596517264842987,0.012918681837618351,0.006075914949178696,0.013947189785540104,0.004002375993877649,0.023255012929439545,0.05297552049160004,0.05034511536359787,0.003846540115773678,0.027191203087568283
60,2.0,,,,insightface_bbox,0.7445733547210693,0.0,812.1776123046875,931.2522583007812,2329.682861328125,0,0,1,0,0,0,0,0,0,1,0,1,0.034900322556495667,0.016584530472755432,0.15502849221229553,0.013900136575102806,0.006701030768454075,0.0138440802693367,0.005264126230031252,0.02530357986688614,0.07558304071426392,0.06014548987150192,0.0035173622891306877,0.02983846142888069
61,2.033333333333333,,,,insightface_bbox,0.7445733547210693,0.0,812.1776123046875,931.2522583007812,2329.682861328125,0,0,1,0,0,0,0,0,0,1,0,1,0.03540359064936638,0.016978027299046516,0.15445098280906677,0.014382300898432732,0.006898971274495125,0.014293735846877098,0.005692876409739256,0.02512301318347454,0.0764678344130516,0.06232009828090668,0.0036740510258823633,0.03114202246069908
62,2.066666666666667,,,,insightface_bbox,0.7445733547210693,0.0,812.1776123046875,931.2522583007812,2329.682861328125,0,0,1,0,0,0,0,0,0,1,0,1,0.03631041571497917,0.017435729503631592,0.15856610238552094,0.014697171747684479,0.0070075043477118015,0.015095062553882599,0.005890879780054092,0.025655604898929596,0.07723565399646759,0.06242833286523819,0.004125739447772503,0.03224178031086922
63,2.1,,,,insightface_bbox,0.7445733547210693,0.0,812.1776123046875,931.2522583007812,2329.682861328125,0,0,1,0,0,0,0,0,0,1,0,1,0.03537172079086304,0.01725354976952076,0.15682287514209747,0.014525309205055237,0.006869575008749962,0.015252938494086266,0.005821985192596912,0.025536594912409782,0.0760309249162674,0.059786442667245865,0.004555894527584314,0.033563096076250076
64,2.1333333333333333,,,,insightface_bbox,0.7445733547210693,0.0,812.1776123046875,931.2522583007812,2329.682861328125,0,0,1,0,0,0,0,0,0,1,0,1,0.03722189739346504,0.01779348775744438,0.18977589905261993,0.015811815857887268,0.007294965907931328,0.018245946615934372,0.007216184865683317,0.026710957288742065,0.08045501261949539,0.0612996481359005,0.006292171776294708,0.040827132761478424
65,2.1666666666666665,,,,insightface_bbox,0.7445733547210693,0.0,812.1776123046875,931.2522583007812,2329.682861328125,0,0,1,0,0,0,0,0,0,1,0,1,0.03593379259109497,0.01741708070039749,0.19328492879867554,0.016233598813414574,0.007673840969800949,0.018320925533771515,0.00833006389439106,0.027566010132431984,0.08136279881000519,0.06299067288637161,0.006777285598218441,0.044523049145936966
66,2.2,,,,insightface_bbox,0.7153888940811157,0.0,768.6581420898438,918.2539672851562,2402.58642578125,0,0,1,0,0,0,0,0,0,1,0,0,0.03305688500404358,0.01713244616985321,0.16777271032333374,0.015324672684073448,0.007185488473623991,0.01483894046396017,0.0066950819455087185,0.025373831391334534,0.06487663090229034,0.058821458369493484,0.004528319928795099,0.03445231541991234
67,2.2333333333333334,,,,insightface_bbox,0.7153888940811157,0.0,768.6581420898438,918.2539672851562,2402.58642578125,0,0,1,0,0,0,0,0,0,1,0,0,0.033185236155986786,0.016931558027863503,0.166191965341568,0.014938676729798317,0.007376339286565781,0.014984626322984695,0.006521585863083601,0.024851355701684952,0.06444831937551498,0.05688661336898804,0.004200424067676067,0.032848093658685684
68,2.2666666666666666,,,,insightface_bbox,0.7153888940811157,0.0,768.6581420898438,918.2539672851562,2402.58642578125,0,0,1,0,0,0,0,0,0,1,0,0,0.033545058220624924,0.017148420214653015,0.16365109384059906,0.015004300512373447,0.007466450799256563,0.015137067064642906,0.006558689288794994,0.02488226629793644,0.06480549275875092,0.05639680102467537,0.004170877858996391,0.032599568367004395
69,2.3,,,,insightface_bbox,0.7153888940811157,0.0,768.6581420898438,918.2539672851562,2402.58642578125,0,0,1,0,0,0,0,0,0,1,0,0,0.03344329074025154,0.01716260239481926,0.16407108306884766,0.015224539674818516,0.007116415537893772,0.015354257076978683,0.0064079249277710915,0.025450242683291435,0.06234557181596756,0.05519639328122139,0.0050022052600979805,0.034089427441358566
70,2.3333333333333335,,,,insightface_bbox,0.7153888940811157,0.0,768.6581420898438,918.2539672851562,2402.58642578125,0,0,1,0,0,0,0,0,0,1,0,0,0.03249712288379669,0.01682944782078266,0.15621234476566315,0.014809221029281616,0.006777620874345303,0.014814024791121483,0.005557959899306297,0.024428917095065117,0.05929160863161087,0.051772553473711014,0.0048950365744531155,0.03309882804751396
71,2.3666666666666667,,,,insightface_bbox,0.7153888940811157,0.0,768.6581420898438,918.2539672851562,2402.58642578125,0,0,1,0,0,0,0,0,0,1,0,0,0.030254123732447624,0.01593715511262417,0.14304286241531372,0.01385047473013401,0.006310862489044666,0.013581790030002594,0.004612328484654427,0.022528914734721184,0.054549939930438995,0.047627855092287064,0.004046575166285038,0.028429977595806122
72,2.4,,,,insightface_bbox,0.748642086982727,0.0,765.302734375,930.530517578125,2337.030517578125,0,0,1,0,0,0,0,0,0,1,0,0,0.0324997715651989,0.01628546044230461,0.1580185443162918,0.014163145795464516,0.006259391084313393,0.013882513158023357,0.005194392055273056,0.02320343442261219,0.0627426728606224,0.052058301866054535,0.004164978861808777,0.030875319615006447
73,2.433333333333333,,,,insightface_bbox,0.748642086982727,0.0,765.302734375,930.530517578125,2337.030517578125,0,0,1,0,0,0,0,0,0,1,0,0,0.03356366977095604,0.01690450683236122,0.1571085900068283,0.014593951404094696,0.0064652906730771065,0.01453421264886856,0.005273954942822456,0.023647265508770943,0.06381510198116302,0.052398163825273514,0.004570531193166971,0.03130018711090088
74,2.466666666666667,,,,insightface_bbox,0.748642086982727,0.0,765.302734375,930.530517578125,2337.030517578125,0,0,1,0,0,0,0,0,0,1,0,0,0.03316917270421982,0.01674148440361023,0.15460464358329773,0.014337455853819847,0.00647472869604826,0.01448751986026764,0.004998629447072744,0.023344051092863083,0.06401247531175613,0.051880013197660446,0.004296643193811178,0.03036620281636715
75,2.5,,,,insightface_bbox,0.748642086982727,0.0,765.302734375,930.530517578125,2337.030517578125,0,0,1,0,0,0,0,0,0,1,0,0,0.03263917192816734,0.016651691868901253,0.14701874554157257,0.014210500754415989,0.006536890286952257,0.014304309152066708,0.0047804126515984535,0.023295598104596138,0.06338025629520416,0.051859620958566666,0.004228188656270504,0.02941935323178768
76,2.533333333333333,,,,insightface_bbox,0.748642086982727,0.0,765.302734375,930.530517578125,2337.030517578125,0,0,1,0,0,0,0,0,0,1,0,0,0.032244011759757996,0.01664404198527336,0.1462385654449463,0.01423738431185484,0.006559756584465504,0.014235779643058777,0.004790244624018669,0.02347063086926937,0.06287647038698196,0.052387308329343796,0.004401147831231356,0.029391195625066757
77,2.566666666666667,,,,insightface_bbox,0.748642086982727,0.0,765.302734375,930.530517578125,2337.030517578125,0,0,1,0,0,0,0,0,0,1,0,0,0.03221073001623154,0.016664579510688782,0.14612111449241638,0.014266354031860828,0.006600389257073402,0.014140987768769264,0.004777109250426292,0.023552075028419495,0.062261078506708145,0.05203816294670105,0.0043121944181621075,0.029043689370155334
78,2.6,,,,insightface_bbox,0.7569655179977417,0.0,791.8938598632812,936.2040405273438,2325.502197265625,0,0,1,0,0,0,0,0,0,1,0,1,0.0333767794072628,0.016375243663787842,0.16138063371181488,0.013735771179199219,0.00634016701951623,0.014392212964594364,0.004657716490328312,0.023242047056555748,0.06759088486433029,0.05311461165547371,0.004138320684432983,0.030767496675252914
79,2.6333333333333333,,,,insightface_bbox,0.7569655179977417,0.0,791.8938598632812,936.2040405273438,2325.502197265625,0,0,1,0,0,0,0,0,0,1,0,1,0.03399725258350372,0.01645105890929699,0.1616469770669937,0.014170961454510689,0.006268689874559641,0.01466064341366291,0.005365476012229919,0.023193493485450745,0.0687161535024643,0.05312495678663254,0.0045576500706374645,0.03377736359834671
80,2.6666666666666665,,,,insightface_bbox,0.7569655179977417,0.0,791.8938598632812,936.2040405273438,2325.502197265625,0,0,1,0,0,0,0,0,0,1,0,0,0.036384161561727524,0.017334438860416412,0.18163838982582092,0.015801170840859413,0.007081049494445324,0.016293635591864586,0.007516289595514536,0.026264488697052002,0.07663115859031677,0.06070481985807419,0.005464657209813595,0.03914598375558853
81,2.7,,,,insightface_bbox,0.7569655179977417,0.0,791.8938598632812,936.2040405273438,2325.502197265625,0,0,1,0,0,0,0,0,0,1,0,0,0.0351470522582531,0.01725432276725769,0.1738329827785492,0.0164712592959404,0.0072711799293756485,0.01690530963242054,0.007849467918276787,0.02764897048473358,0.07755590975284576,0.06230542063713074,0.0056435768492519855,0.038305241614580154
82,2.7333333333333334,,,,insightface_bbox,0.7569655179977417,0.0,791.8938598632812,936.2040405273438,2325.502197265625,0,0,1,0,0,0,0,0,0,1,0,0,0.03459567576646805,0.017089245840907097,0.1745971292257309,0.016374941915273666,0.007348974235355854,0.01687317155301571,0.008142496459186077,0.0272916741669178,0.07744342088699341,0.06153319776058197,0.005316336173564196,0.03699585795402527
83,2.7666666666666666,,,,insightface_bbox,0.7569655179977417,0.0,791.8938598632812,936.2040405273438,2325.502197265625,0,0,1,0,0,0,0,0,0,1,0,0,0.034131813794374466,0.016703639179468155,0.18120066821575165,0.01606042869389057,0.007100195623934269,0.016874536871910095,0.007697072811424732,0.027274100109934807,0.07484471797943115,0.060218408703804016,0.005967709701508284,0.03835878521203995
84,2.8,,,,insightface_bbox,0.7348889112472534,0.0,809.4404907226562,934.9290161132812,2361.314697265625,0,0,1,0,0,0,0,0,0,1,0,1,0.03213094174861908,0.015765536576509476,0.1668502390384674,0.014266902580857277,0.0065680937841534615,0.015921495854854584,0.005416488274931908,0.026135092601180077,0.07854147255420685,0.05729645490646362,0.004184267017990351,0.0323147252202034
85,2.8333333333333335,,,,insightface_bbox,0.7348889112472534,0.0,809.4404907226562,934.9290161132812,2361.314697265625,0,0,1,0,0,0,0,0,0,1,0,1,0.03251497074961662,0.01568850502371788,0.17396628856658936,0.013500262051820755,0.006545225623995066,0.015030166134238243,0.0049287076108157635,0.024206120520830154,0.07742485404014587,0.056202955543994904,0.0031871572136878967,0.026449112221598625
86,2.8666666666666667,,,,insightface_bbox,0.7348889112472534,0.0,809.4404907226562,934.9290161132812,2361.314697265625,0,0,1,0,0,0,0,0,0,1,0,1,0.032404713332653046,0.015646308660507202,0.16897530853748322,0.01353333331644535,0.006711160764098167,0.015076631680130959,0.005102751776576042,0.0242825448513031,0.07678216695785522,0.05688406154513359,0.0035097161307930946,0.02698780596256256
87,2.9,,,,insightface_bbox,0.7348889112472534,0.0,809.4404907226562,934.9290161132812,2361.314697265625,0,0,1,0,0,0,0,0,0,1,0,1,0.032451480627059937,0.01581902615725994,0.16728830337524414,0.013730188831686974,0.0065194061025977135,0.015598366968333721,0.005219551734626293,0.024311093613505363,0.0761338472366333,0.05709810182452202,0.003693455131724477,0.027721188962459564
88,2.933333333333333,,,,insightface_bbox,0.7348889112472534,0.0,809.4404907226562,934.9290161132812,2361.314697265625,0,0,1,0,0,0,0,0,0,1,0,1,0.032738931477069855,0.016004130244255066,0.1666475534439087,0.013952158391475677,0.006437631323933601,0.016072172671556473,0.0052282121032476425,0.024972138926386833,0.07753123342990875,0.057266294956207275,0.0035460921935737133,0.028528887778520584
89,2.966666666666667,,,,insightface_bbox,0.7348889112472534,0.0,809.4404907226562,934.9290161132812,2361.314697265625,0,0,1,0,0,0,0,0,0,1,0,1,0.03381030261516571,0.01696748286485672,0.1634799689054489,0.015019230544567108,0.006615732796490192,0.01683448627591133,0.005902931559830904,0.026405692100524902,0.07993677258491516,0.059016164392232895,0.004425972234457731,0.03278202936053276
90,3.0,,,,insightface_bbox,0.7216305732727051,0.0,794.2488403320312,941.37841796875,2370.383056640625,0,0,1,0,0,0,0,0,0,1,0,1,0.03598455712199211,0.017061380669474602,0.18561023473739624,0.015750082209706306,0.006833146326243877,0.017025258392095566,0.006923669949173927,0.02824980579316616,0.08143205940723419,0.06431573629379272,0.005420875735580921,0.037961095571517944
91,3.033333333333333,,,,insightface_bbox,0.7216305732727051,0.0,794.2488403320312,941.37841796875,2370.383056640625,0,0,1,0,0,0,0,0,0,1,0,1,0.03780478984117508,0.018229890614748,0.1995743066072464,0.017257552593946457,0.0077505591325461864,0.01977735385298729,0.00928328838199377,0.029381753876805305,0.08743925392627716,0.0675833523273468,0.006518089212477207,0.04183292016386986
92,3.066666666666667,,,,insightface_bbox,0.7216305732727051,0.0,794.2488403320312,941.37841796875,2370.383056640625,0,0,1,0,0,0,0,0,0,1,0,1,0.03690306097269058,0.018053628504276276,0.21124108135700226,0.01760028302669525,0.008020064793527126,0.020964499562978745,0.00983821228146553,0.029902996495366096,0.08726343512535095,0.06671302765607834,0.006904514506459236,0.04204816743731499
93,3.1,,,,insightface_bbox,0.7216305732727051,0.0,794.2488403320312,941.37841796875,2370.383056640625,0,0,1,0,0,0,0,0,0,1,0,1,0.03479289263486862,0.017132649198174477,0.20034395158290863,0.017217103391885757,0.008029141463339329,0.02009366825222969,0.01006914209574461,0.028941169381141663,0.08589420467615128,0.06585705280303955,0.006493601948022842,0.04059216007590294
94,3.1333333333333333,,,,insightface_bbox,0.7216305732727051,0.0,794.2488403320312,941.37841796875,2370.383056640625,0,0,1,0,0,0,0,0,0,1,0,0,0.03386254608631134,0.016993047669529915,0.18632104992866516,0.01697429083287716,0.008042833767831326,0.019476518034934998,0.010137094184756279,0.028871171176433563,0.08445888012647629,0.06496988981962204,0.006406112108379602,0.03905768692493439
95,3.1666666666666665,,,,insightface_bbox,0.7216305732727051,0.0,794.2488403320312,941.37841796875,2370.383056640625,0,0,1,0,0,0,0,0,0,1,0,0,0.03504568338394165,0.017284469678997993,0.1906113624572754,0.017036741599440575,0.008142031729221344,0.019514508545398712,0.010379519313573837,0.028965413570404053,0.0857643187046051,0.06497636437416077,0.006408907473087311,0.03807684779167175
96,3.2,,,,insightface_bbox,0.6893362998962402,0.0,802.9016723632812,909.6885986328125,2452.13720703125,0,0,1,0,0,0,0,0,0,1,0,1,0.03468763828277588,0.01832144893705845,0.23222842812538147,0.01541804987937212,0.006272073369473219,0.014536438509821892,0.006767672020941973,0.029332779347896576,0.06525717675685883,0.0628977045416832,0.0036389739252626896,0.03231056034564972
97,3.2333333333333334,,,,insightface_bbox,0.6893362998962402,0.0,802.9016723632812,909.6885986328125,2452.13720703125,0,0,1,0,0,0,0,0,0,1,0,1,0.034225404262542725,0.017903339117765427,0.22355985641479492,0.015045377425849438,0.006127580534666777,0.01406547799706459,0.0064002880826592445,0.02795536257326603,0.06404285132884979,0.05972777307033539,0.0034788832999765873,0.030561836436390877
98,3.2666666666666666,,,,insightface_bbox,0.6893362998962402,0.0,802.9016723632812,909.6885986328125,2452.13720703125,0,0,1,0,0,0,0,0,0,1,0,1,0.03424284979701042,0.01782100275158882,0.22292114794254303,0.014957251027226448,0.006092150695621967,0.01386162731796503,0.006313224323093891,0.027926601469516754,0.06468664109706879,0.06056651845574379,0.0033782401587814093,0.030554957687854767
99,3.3,,,,insightface_bbox,0.6893362998962402,0.0,802.9016723632812,909.6885986328125,2452.13720703125,0,0,1,0,0,0,0,0,0,1,0,1,0.03357909247279167,0.01751088537275791,0.21032893657684326,0.01470385305583477,0.005990257021039724,0.013690144754946232,0.006176486611366272,0.027308698743581772,0.06211986392736435,0.058840587735176086,0.0033317888155579567,0.029508180916309357
100,3.3333333333333335,,,,insightface_bbox,0.6893362998962402,0.0,802.9016723632812,909.6885986328125,2452.13720703125,0,0,1,0,0,0,0,0,0,1,0,1,0.032060179859399796,0.01694505102932453,0.19777344167232513,0.014192242175340652,0.0059190369211137295,0.013495076447725296,0.005650483537465334,0.025700226426124573,0.058859750628471375,0.056261442601680756,0.003243800951167941,0.027832068502902985
101,3.3666666666666667,,,,insightface_bbox,0.6893362998962402,0.0,802.9016723632812,909.6885986328125,2452.13720703125,0,0,1,0,0,0,0,0,0,1,0,1,0.03233149275183678,0.017230035737156868,0.19388601183891296,0.014479056000709534,0.005852742586284876,0.013330872170627117,0.00581192784011364,0.025371823459863663,0.05752328410744667,0.054856523871421814,0.0031457843724638224,0.027504535391926765
102,3.4,,,,insightface_bbox,0.7196139693260193,0.0,786.7134399414062,935.0941772460938,2386.400390625,0,0,1,0,0,0,0,0,0,1,0,1,0.036352671682834625,0.0172471571713686,0.205592542886734,0.015957992523908615,0.007681557442992926,0.018007898703217506,0.007483726367354393,0.027018681168556213,0.08233918249607086,0.062298405915498734,0.004919704981148243,0.03688010200858116
103,3.433333333333333,,,,insightface_bbox,0.7196139693260193,0.0,786.7134399414062,935.0941772460938,2386.400390625,0,0,1,0,0,0,0,0,0,1,0,1,0.03519252687692642,0.016995171085000038,0.201852485537529,0.015849320217967033,0.007346049416810274,0.018086759373545647,0.006801426410675049,0.027598200365900993,0.0782187283039093,0.0603301115334034,0.005718495696783066,0.03813054785132408
104,3.466666666666667,,,,insightface_bbox,0.7196139693260193,0.0,786.7134399414062,935.0941772460938,2386.400390625,0,0,1,0,0,0,0,0,0,1,0,1,0.03446171432733536,0.016782276332378387,0.19122286140918732,0.015557276085019112,0.006936625577509403,0.01832427643239498,0.006648186128586531,0.026648826897144318,0.07732229679822922,0.05877731740474701,0.006366638466715813,0.03932369872927666
105,3.5,,,,insightface_bbox,0.7196139693260193,0.0,786.7134399414062,935.0941772460938,2386.400390625,0,0,1,0,0,0,0,0,0,1,0,1,0.034925613552331924,0.01658814027905464,0.18593533337116241,0.015094619244337082,0.006713404320180416,0.017695721238851547,0.006172142922878265,0.025300409644842148,0.07754185795783997,0.05766287073493004,0.005897448398172855,0.037519991397857666
106,3.533333333333333,,,,insightface_bbox,0.7196139693260193,0.0,786.7134399414062,935.0941772460938,2386.400390625,0,0,1,0,0,0,0,0,0,1,0,1,0.03400367870926857,0.01621326431632042,0.17699572443962097,0.014176297932863235,0.0063175018876791,0.015637684613466263,0.005629385821521282,0.02386222407221794,0.0752561092376709,0.05734371021389961,0.004156383220106363,0.03171839192509651
107,3.566666666666667,,,,insightface_bbox,0.7196139693260193,0.0,786.7134399414062,935.0941772460938,2386.400390625,0,0,1,0,0,0,0,0,0,1,0,1,0.034732427448034286,0.016279153525829315,0.18235254287719727,0.014062869362533092,0.006515836343169212,0.015444737859070301,0.00564661156386137,0.02428780309855938,0.07597614079713821,0.05900390446186066,0.0036787735298275948,0.03023700788617134
108,3.6,,,,insightface_bbox,0.737878680229187,0.0,774.1441040039062,936.7167358398438,2309.30029296875,0,0,1,0,0,0,0,0,0,1,0,1,0.03495870530605316,0.01655082032084465,0.19141310453414917,0.014689458534121513,0.006914753466844559,0.015889789909124374,0.005737015977501869,0.024399202316999435,0.07301691174507141,0.05784347653388977,0.0046486807987093925,0.03232746571302414
109,3.6333333333333333,,,,insightface_bbox,0.737878680229187,0.0,774.1441040039062,936.7167358398438,2309.30029296875,0,0,1,0,0,0,0,0,0,1,0,1,0.03630496934056282,0.01696503348648548,0.20148201286792755,0.014971930533647537,0.007054879330098629,0.015993904322385788,0.0058955722488462925,0.02508481964468956,0.07557076215744019,0.05843152105808258,0.004489656072109938,0.03229917585849762
110,3.6666666666666665,,,,insightface_bbox,0.737878680229187,0.0,774.1441040039062,936.7167358398438,2309.30029296875,0,0,1,0,0,0,0,0,0,1,0,1,0.03576446697115898,0.016666997224092484,0.19385145604610443,0.01432117260992527,0.006823281291872263,0.015320979058742523,0.005349959712475538,0.02394784986972809,0.07286987453699112,0.05666141211986542,0.003862032201141119,0.02942766807973385
111,3.7,,,,insightface_bbox,0.737878680229187,0.0,774.1441040039062,936.7167358398438,2309.30029296875,0,0,1,0,0,0,0,0,0,1,0,1,0.035673003643751144,0.01652374491095543,0.19630122184753418,0.014103786088526249,0.006782502867281437,0.015433934517204762,0.005144202616065741,0.023699475452303886,0.07369017601013184,0.057356737554073334,0.003916105721145868,0.02969212830066681
112,3.7333333333333334,,,,insightface_bbox,0.737878680229187,0.0,774.1441040039062,936.7167358398438,2309.30029296875,0,0,1,0,0,0,0,0,0,1,0,1,0.03451342135667801,0.01624804176390171,0.19120687246322632,0.01386065874248743,0.006615256890654564,0.015249899588525295,0.004995678551495075,0.023460229858756065,0.07134941220283508,0.0557258278131485,0.0038716313429176807,0.028377994894981384
113,3.7666666666666666,,,,insightface_bbox,0.737878680229187,0.0,774.1441040039062,936.7167358398438,2309.30029296875,0,0,1,0,0,0,0,0,0,1,0,1,0.033486150205135345,0.015927674248814583,0.1816435307264328,0.013663888908922672,0.006565694697201252,0.014711840078234673,0.005058147944509983,0.02362901344895363,0.07184860110282898,0.054577138274908066,0.003764056833460927,0.028132151812314987
114,3.8,,,,insightface_bbox,0.7456868886947632,0.0,759.5135498046875,911.1993408203125,2352.747802734375,0,0,1,0,0,0,0,0,0,1,0,1,0.035529762506484985,0.01660498045384884,0.18243145942687988,0.013967711478471756,0.006644214037805796,0.014217806980013847,0.005303950048983097,0.022916588932275772,0.07512297481298447,0.05423073098063469,0.003692756639793515,0.031773291528224945
115,3.8333333333333335,,,,insightface_bbox,0.7456868886947632,0.0,759.5135498046875,911.1993408203125,2352.747802734375,0,0,1,0,0,0,0,0,0,1,0,1,0.03301224112510681,0.015976276248693466,0.18479125201702118,0.014086459763348103,0.007057183422148228,0.014604257419705391,0.005717253312468529,0.02396387979388237,0.08105061948299408,0.05769108235836029,0.0038156539667397738,0.03276296332478523
116,3.8666666666666667,,,,insightface_bbox,0.7456868886947632,0.0,759.5135498046875,911.1993408203125,2352.747802734375,0,0,1,0,0,0,0,0,0,1,0,1,0.030066417530179024,0.014744965359568596,0.1627703309059143,0.013828539289534092,0.007011957932263613,0.015205481089651585,0.005591818131506443,0.024892043322324753,0.08491548895835876,0.061072152107954025,0.0038038277998566628,0.030058283358812332
117,3.9,,,,insightface_bbox,0.7456868886947632,0.0,759.5135498046875,911.1993408203125,2352.747802734375,0,0,1,0,0,0,0,0,0,1,0,1,0.028627051040530205,0.014566278085112572,0.143368661403656,0.013894090428948402,0.006911472417414188,0.015297756530344486,0.005687271244823933,0.02531811222434044,0.08455783873796463,0.0627942830324173,0.003681297181174159,0.029132485389709473
118,3.933333333333333,,,,insightface_bbox,0.7456868886947632,0.0,759.5135498046875,911.1993408203125,2352.747802734375,0,0,1,0,0,0,0,0,0,1,0,1,0.027391918003559113,0.01436656154692173,0.1380087435245514,0.013872634619474411,0.006974233314394951,0.015273275785148144,0.00555131072178483,0.025654960423707962,0.08223000913858414,0.06402063369750977,0.003676628926768899,0.029425770044326782
119,3.966666666666667,,,,insightface_bbox,0.7456868886947632,0.0,759.5135498046875,911.1993408203125,2352.747802734375,0,0,1,0,0,0,0,0,0,1,0,1,0.02839328534901142,0.014787516556680202,0.14902402460575104,0.013880209065973759,0.007149090524762869,0.015461575239896774,0.005151203367859125,0.02518317475914955,0.08043602108955383,0.05906716361641884,0.0038005616515874863,0.02957102656364441
120,4.0,,,,insightface_bbox,0.7639757394790649,0.0,750.5872192382812,925.3043212890625,2336.4423828125,0,0,1,0,0,0,0,0,0,1,0,1,0.02924136072397232,0.014206400141119957,0.14744070172309875,0.012421287596225739,0.006614019628614187,0.013985243625938892,0.00432239007204771,0.022143814712762833,0.07094088196754456,0.0541163831949234,0.0032705406192690134,0.02861369587481022
121,4.033333333333333,,,,insightface_bbox,0.7639757394790649,0.0,750.5872192382812,925.3043212890625,2336.4423828125,0,0,1,0,0,0,0,0,0,1,0,1,0.032219454646110535,0.015577597543597221,0.17294377088546753,0.013471877202391624,0.006823723204433918,0.013814815320074558,0.005011267960071564,0.02249721623957157,0.06850647926330566,0.05417417734861374,0.003356154076755047,0.029463788494467735
122,4.066666666666666,,,,insightface_bbox,0.7639757394790649,0.0,750.5872192382812,925.3043212890625,2336.4423828125,0,0,1,0,0,0,0,0,0,1,0,1,0.033032480627298355,0.015875890851020813,0.17130747437477112,0.0133934011682868,0.006827942561358213,0.013387682847678661,0.005330266430974007,0.02262251079082489,0.06717558205127716,0.05320986360311508,0.003117381362244487,0.028097528964281082
123,4.1,,,,insightface_bbox,0.7639757394790649,0.0,750.5872192382812,925.3043212890625,2336.4423828125,0,0,1,0,0,0,0,0,0,1,0,1,0.033608559519052505,0.015978075563907623,0.16382916271686554,0.013098977506160736,0.006659434176981449,0.013200948014855385,0.005334602668881416,0.02204195410013199,0.06327084451913834,0.05077844858169556,0.0031967004761099815,0.0268637053668499
124,4.133333333333334,,,,insightface_bbox,0.7639757394790649,0.0,750.5872192382812,925.3043212890625,2336.4423828125,0,0,1,0,0,0,0,0,0,1,0,1,0.03329263627529144,0.015989283099770546,0.15943461656570435,0.013205990195274353,0.006519760005176067,0.013026107102632523,0.005523998290300369,0.021926293149590492,0.06080896407365799,0.04953370243310928,0.003285840153694153,0.027173953130841255
125,4.166666666666667,,,,insightface_bbox,0.7639757394790649,0.0,750.5872192382812,925.3043212890625,2336.4423828125,0,0,1,0,0,0,0,0,0,1,0,1,0.0314793735742569,0.015723422169685364,0.15632016956806183,0.013234861195087433,0.006609976291656494,0.013386109843850136,0.005226777400821447,0.02244226448237896,0.06196872144937515,0.049744755029678345,0.0036831290926784277,0.029594894498586655
126,4.2,,,,insightface_bbox,0.7403244376182556,0.0,758.6478881835938,921.5635986328125,2359.5576171875,0,0,1,0,0,0,0,0,0,1,0,1,0.030779892578721046,0.015513403341174126,0.15407390892505646,0.013201412744820118,0.006904068402945995,0.013772496022284031,0.005017911083996296,0.02270866371691227,0.06342873722314835,0.051699209958314896,0.0028532985597848892,0.026096703484654427
127,4.233333333333333,,,,insightface_bbox,0.7403244376182556,0.0,758.6478881835938,921.5635986328125,2359.5576171875,0,0,1,0,0,0,0,0,0,1,0,1,0.029654011130332947,0.015033851377665997,0.1514762043952942,0.013272402808070183,0.006785306613892317,0.014980558305978775,0.004879740532487631,0.02336466871201992,0.06625193357467651,0.05373435467481613,0.00335440831258893,0.026030734181404114
128,4.266666666666667,,,,insightface_bbox,0.7403244376182556,0.0,758.6478881835938,921.5635986328125,2359.5576171875,0,0,1,0,0,0,0,0,0,1,0,0,0.029118841513991356,0.015026506967842579,0.1380794644355774,0.01373736560344696,0.006871502380818129,0.014971580356359482,0.005103857722133398,0.02369137667119503,0.06467471271753311,0.05289682000875473,0.0038587951567023993,0.02694312296807766
129,4.3,,,,insightface_bbox,0.7403244376182556,0.0,758.6478881835938,921.5635986328125,2359.5576171875,0,0,1,0,0,0,0,0,0,1,0,1,0.030004678294062614,0.015264217741787434,0.1540050208568573,0.013633571565151215,0.006855647545307875,0.015099161304533482,0.005279046483337879,0.02393016219139099,0.06728988885879517,0.054867371916770935,0.0035111061297357082,0.026606151834130287
130,4.333333333333333,,,,insightface_bbox,0.7403244376182556,0.0,758.6478881835938,921.5635986328125,2359.5576171875,0,0,1,0,0,0,0,0,0,1,0,1,0.030965730547904968,0.015410642139613628,0.17268875241279602,0.01323122438043356,0.006921807304024696,0.01484810933470726,0.005146419629454613,0.023254966363310814,0.06836997717618942,0.054026611149311066,0.003118304070085287,0.025880105793476105
131,4.366666666666666,,,,insightface_bbox,0.7403244376182556,0.0,758.6478881835938,921.5635986328125,2359.5576171875,0,0,1,0,0,0,0,0,0,1,0,1,0.03081679157912731,0.01570768468081951,0.15444014966487885,0.013346586376428604,0.006815577857196331,0.014465680345892906,0.005279459059238434,0.023650003597140312,0.06524977087974548,0.05317450314760208,0.0033116734120994806,0.026067839935421944
132,4.4,,,,insightface_bbox,0.7493409514427185,0.0,776.9271240234375,921.76171875,2363.571044921875,0,0,1,0,0,0,0,0,0,1,0,0,0.031176336109638214,0.015917841345071793,0.15181662142276764,0.013456651009619236,0.006772606633603573,0.01376414205878973,0.005231508053839207,0.02306252531707287,0.059344541281461716,0.05038130283355713,0.0030660268384963274,0.025401728227734566
133,4.433333333333334,,,,insightface_bbox,0.7493409514427185,0.0,776.9271240234375,921.76171875,2363.571044921875,0,0,1,0,0,0,0,0,0,1,0,1,0.03192406892776489,0.016191039234399796,0.15626384317874908,0.013563827611505985,0.006400982849299908,0.013105284422636032,0.005023880861699581,0.022471899166703224,0.0579666942358017,0.048861920833587646,0.003160113701596856,0.02646220102906227
134,4.466666666666667,,,,insightface_bbox,0.7493409514427185,0.0,776.9271240234375,921.76171875,2363.571044921875,0,0,1,0,0,0,0,0,0,1,0,1,0.033252861350774765,0.01646336354315281,0.16774950921535492,0.014028708450496197,0.006657499819993973,0.013164333999156952,0.005595467984676361,0.023424070328474045,0.06025340035557747,0.05197673290967941,0.003327254205942154,0.028022386133670807
135,4.5,,,,insightface_bbox,0.7493409514427185,0.0,776.9271240234375,921.76171875,2363.571044921875,0,0,1,0,0,0,0,0,0,1,0,1,0.03309353068470955,0.01642809621989727,0.1547626256942749,0.013874758966267109,0.006806574761867523,0.013099189847707748,0.005459480453282595,0.023884575814008713,0.06149987131357193,0.05254143476486206,0.003376675769686699,0.02773325890302658
136,4.533333333333333,,,,insightface_bbox,0.7493409514427185,0.0,776.9271240234375,921.76171875,2363.571044921875,0,0,1,0,0,0,0,0,0,1,0,1,0.034649305045604706,0.017115268856287003,0.15890291333198547,0.014122556895017624,0.007008136250078678,0.013269190676510334,0.005579925142228603,0.023931559175252914,0.061634361743927,0.05329829454421997,0.0035430791322141886,0.02876438945531845
137,4.566666666666666,,,,insightface_bbox,0.7493409514427185,0.0,776.9271240234375,921.76171875,2363.571044921875,0,0,1,0,0,0,0,0,0,1,0,1,0.03457767888903618,0.017156602814793587,0.16141831874847412,0.01408020593225956,0.007120249327272177,0.013512644916772842,0.005582011770457029,0.023959865793585777,0.06213916838169098,0.0531848669052124,0.0036412179470062256,0.029602890834212303
138,4.6,,,,insightface_bbox,0.7539610862731934,0.0,749.4824829101562,927.5552368164062,2297.322509765625,0,0,1,0,0,0,0,0,0,1,0,1,0.03533312678337097,0.017081061378121376,0.16686949133872986,0.013831064105033875,0.0068112886510789394,0.014299698173999786,0.00592301320284605,0.02348075807094574,0.06992864608764648,0.055329300463199615,0.003394791856408119,0.029642682522535324
139,4.633333333333334,,,,insightface_bbox,0.7539610862731934,0.0,749.4824829101562,927.5552368164062,2297.322509765625,0,0,1,0,0,0,0,0,0,1,0,1,0.036474693566560745,0.017504030838608742,0.17704522609710693,0.014182204380631447,0.007036782335489988,0.014746887609362602,0.006318323314189911,0.023999204859137535,0.07190461456775665,0.05653563141822815,0.0036487700417637825,0.03128978982567787
140,4.666666666666667,,,,insightface_bbox,0.7539610862731934,0.0,749.4824829101562,927.5552368164062,2297.322509765625,0,0,1,0,0,0,0,0,0,1,0,1,0.035570260137319565,0.017154907807707787,0.17855027318000793,0.015015917830169201,0.007310208864510059,0.016917765140533447,0.006728535983711481,0.02632076106965542,0.07509610056877136,0.05936814844608307,0.0060814619064331055,0.04000972583889961
141,4.7,,,,insightface_bbox,0.7539610862731934,0.0,749.4824829101562,927.5552368164062,2297.322509765625,0,0,1,0,0,0,0,0,0,1,0,1,0.0343104712665081,0.017126040533185005,0.18568462133407593,0.015505418181419373,0.008162697777152061,0.016261158511042595,0.006463327445089817,0.02854672074317932,0.07839348912239075,0.06571552157402039,0.004580378998070955,0.03740899637341499
142,4.733333333333333,,,,insightface_bbox,0.7539610862731934,0.0,749.4824829101562,927.5552368164062,2297.322509765625,0,0,1,0,0,0,0,0,0,1,0,1,0.033088136464357376,0.01630111038684845,0.17175889015197754,0.014971010386943817,0.007898210547864437,0.015560077503323555,0.006065353751182556,0.027441570535302162,0.07712601870298386,0.0662815272808075,0.004021645989269018,0.03329440578818321
143,4.766666666666667,,,,insightface_bbox,0.7539610862731934,0.0,749.4824829101562,927.5552368164062,2297.322509765625,0,0,1,0,0,0,0,0,0,1,0,1,0.03222225233912468,0.016087178140878677,0.16788995265960693,0.015609217807650566,0.008211626671254635,0.015972889959812164,0.006843973882496357,0.02857447788119316,0.07861146330833435,0.06931334733963013,0.00397608382627368,0.032884709537029266
144,4.8,,,,insightface_bbox,0.6894642114639282,0.0,752.2216796875,905.9321899414062,2482.43212890625,0,0,1,0,0,0,0,0,0,1,0,1,0.03165275231003761,0.016656426712870598,0.16215956211090088,0.014398571103811264,0.005698676221072674,0.011931000277400017,0.005582338664680719,0.024339452385902405,0.057586055248975754,0.05256561189889908,0.002602487336844206,0.02552216872572899
145,4.833333333333333,,,,insightface_bbox,0.6894642114639282,0.0,752.2216796875,905.9321899414062,2482.43212890625,0,0,1,0,0,0,0,0,0,1,0,1,0.03296523541212082,0.016917483881115913,0.16431447863578796,0.014417149126529694,0.005662788636982441,0.011823373846709728,0.005404481664299965,0.024169519543647766,0.05968473479151726,0.051406130194664,0.0026786639355123043,0.026528265327215195
146,4.866666666666666,,,,insightface_bbox,0.6894642114639282,0.0,752.2216796875,905.9321899414062,2482.43212890625,0,0,1,0,0,0,0,0,0,1,0,1,0.03308907896280289,0.016554690897464752,0.17728349566459656,0.013712733052670956,0.005585019942373037,0.011898563243448734,0.004904249683022499,0.022727979347109795,0.05610417202115059,0.04958866536617279,0.002835927065461874,0.026328440755605698
147,4.9,,,,insightface_bbox,0.6894642114639282,0.0,752.2216796875,905.9321899414062,2482.43212890625,0,0,1,0,0,0,0,0,0,1,0,1,0.03295068442821503,0.016516191884875298,0.18023313581943512,0.013595283962786198,0.005467303097248077,0.011686593294143677,0.004681307356804609,0.022771358489990234,0.05487510561943054,0.04899323359131813,0.0028843162581324577,0.02622031420469284
148,4.933333333333334,,,,insightface_bbox,0.6894642114639282,0.0,752.2216796875,905.9321899414062,2482.43212890625,0,0,1,0,0,0,0,0,0,1,0,1,0.03160751983523369,0.015700530260801315,0.15782511234283447,0.012968125753104687,0.005200242158025503,0.010989181697368622,0.00424082949757576,0.02116599678993225,0.05295957624912262,0.04490118473768234,0.002603128319606185,0.024381980299949646
149,4.966666666666667,,,,insightface_bbox,0.6894642114639282,0.0,752.2216796875,905.9321899414062,2482.43212890625,0,0,1,0,0,0,0,0,0,1,0,1,0.030907029286026955,0.015509767457842827,0.14454376697540283,0.013108588755130768,0.0050065843388438225,0.010565700009465218,0.004360119346529245,0.021584402769804,0.05410643294453621,0.046435412019491196,0.002584354020655155,0.025440018624067307
150,5.0,,,,insightface_bbox,0.7645010948181152,0.0,742.6480712890625,906.4488525390625,2350.991455078125,0,0,1,0,0,0,0,0,0,1,0,0,0.035027001053094864,0.017245059832930565,0.1701720654964447,0.013941468670964241,0.006578104104846716,0.013872501440346241,0.0054467893205583096,0.022935498505830765,0.059704869985580444,0.05087878182530403,0.0039098383858799934,0.032587680965662
151,5.033333333333333,,,,insightface_bbox,0.7645010948181152,0.0,742.6480712890625,906.4488525390625,2350.991455078125,0,0,1,0,0,0,0,0,0,1,0,0,0.03248938173055649,0.01616963930428028,0.15829981863498688,0.013077198527753353,0.006573347374796867,0.013477727770805359,0.005199818406254053,0.021568013355135918,0.05859799683094025,0.04796360433101654,0.0032620704732835293,0.02888549119234085
152,5.066666666666666,,,,insightface_bbox,0.7645010948181152,0.0,742.6480712890625,906.4488525390625,2350.991455078125,0,0,1,0,0,0,0,0,0,1,0,0,0.033172376453876495,0.016457026824355125,0.16625232994556427,0.013596647419035435,0.007073618471622467,0.014349124394357204,0.005861029494553804,0.022069472819566727,0.059959299862384796,0.048806123435497284,0.003959753084927797,0.03081486001610756
153,5.1,,,,insightface_bbox,0.7645010948181152,0.0,742.6480712890625,906.4488525390625,2350.991455078125,0,0,1,0,0,0,0,0,0,1,0,0,0.03223014250397682,0.01600637659430504,0.15882661938667297,0.013589225709438324,0.007227212656289339,0.01452729944139719,0.006059933919459581,0.022168057039380074,0.060760658234357834,0.050585564225912094,0.00413345405831933,0.031111285090446472
154,5.133333333333334,,,,insightface_bbox,0.7645010948181152,0.0,742.6480712890625,906.4488525390625,2350.991455078125,0,0,1,0,0,0,0,0,0,1,0,0,0.032221533358097076,0.016019117087125778,0.15620474517345428,0.01368127390742302,0.00726813031360507,0.014453400857746601,0.005915266461670399,0.022776460275053978,0.06157972291111946,0.052015699446201324,0.0043216245248913765,0.031511012464761734
155,5.166666666666667,,,,insightface_bbox,0.7645010948181152,0.0,742.6480712890625,906.4488525390625,2350.991455078125,0,0,1,0,0,0,0,0,0,1,0,1,0.031497396528720856,0.015751302242279053,0.15167592465877533,0.013557960279285908,0.00692629162222147,0.013416674919426441,0.00584037322551012,0.022134877741336823,0.060004349797964096,0.0511913038790226,0.0038626743480563164,0.029397718608379364
156,5.2,,,,insightface_bbox,0.75537109375,0.0,744.4769897460938,909.2981567382812,2304.9951171875,0,0,1,0,0,0,0,0,0,1,0,0,0.03248753398656845,0.015908092260360718,0.1515062302350998,0.013606310822069645,0.006922716740518808,0.013206788338720798,0.006217349320650101,0.022460615262389183,0.05795500427484512,0.051629286259412766,0.003811127971857786,0.02985883504152298
157,5.233333333333333,,,,insightface_bbox,0.75537109375,0.0,744.4769897460938,909.2981567382812,2304.9951171875,0,0,1,0,0,0,0,0,0,1,0,0,0.03260686248540878,0.015696359798312187,0.15179617702960968,0.013342821039259434,0.006777550093829632,0.01301263365894556,0.005890744738280773,0.021907083690166473,0.05965054780244827,0.0524483285844326,0.003803929314017296,0.02937406487762928
158,5.266666666666667,,,,insightface_bbox,0.75537109375,0.0,744.4769897460938,909.2981567382812,2304.9951171875,0,0,1,0,0,0,0,0,0,1,0,0,0.03299520164728165,0.01572233997285366,0.1569114625453949,0.013506952673196793,0.0068954601883888245,0.013252905569970608,0.0059417118318378925,0.022276535630226135,0.061459023505449295,0.05432940274477005,0.0040157088078558445,0.030007991939783096
159,5.3,,,,insightface_bbox,0.75537109375,0.0,744.4769897460938,909.2981567382812,2304.9951171875,0,0,1,0,0,0,0,0,0,1,0,0,0.033715859055519104,0.015891021117568016,0.16248227655887604,0.013619464822113514,0.0068954466842114925,0.013560564257204533,0.00590181490406394,0.022622423246502876,0.06107117980718613,0.05476386100053787,0.004314859863370657,0.030169915407896042
160,5.333333333333333,,,,insightface_bbox,0.75537109375,0.0,744.4769897460938,909.2981567382812,2304.9951171875,0,0,1,0,0,0,0,0,0,1,0,0,0.03391112759709358,0.015873339027166367,0.16311444342136383,0.013596847653388977,0.006891678087413311,0.013503851369023323,0.005895712412893772,0.02247444912791252,0.061555165797472,0.055177342146635056,0.004178103990852833,0.029824350029230118
161,5.366666666666666,,,,insightface_bbox,0.75537109375,0.0,744.4769897460938,909.2981567382812,2304.9951171875,0,0,1,0,0,0,0,0,0,1,0,0,0.033958904445171356,0.015881316736340523,0.1664125770330429,0.01356177031993866,0.006761928088963032,0.013496410101652145,0.005706548225134611,0.022390102967619896,0.06087949126958847,0.054089613258838654,0.00404868321493268,0.029378311708569527
162,5.4,,,,insightface_bbox,0.7461704015731812,0.0,768.4100341796875,912.7067260742188,2305.184326171875,0,0,1,0,0,0,0,0,0,1,0,0,0.03337160125374794,0.01574411615729332,0.16022561490535736,0.013343906961381435,0.006683802232146263,0.013114716857671738,0.00549031188711524,0.02224610187113285,0.06083405762910843,0.05286179855465889,0.0038866561371833086,0.029014626517891884
163,5.433333333333334,,,,insightface_bbox,0.7461704015731812,0.0,768.4100341796875,912.7067260742188,2305.184326171875,0,0,1,0,0,0,0,0,0,1,0,0,0.033424824476242065,0.01592830941081047,0.15933646261692047,0.01358060259371996,0.0066466727294027805,0.013198712840676308,0.0055404361337423325,0.022460997104644775,0.06101427599787712,0.0515359565615654,0.004258391447365284,0.031182069331407547
164,5.466666666666667,,,,insightface_bbox,0.7461704015731812,0.0,768.4100341796875,912.7067260742188,2305.184326171875,0,0,1,0,0,0,0,0,0,1,0,0,0.03411846235394478,0.016649816185235977,0.16192415356636047,0.013877596706151962,0.006786838639527559,0.013900183141231537,0.005429649725556374,0.023672888055443764,0.0633573979139328,0.052366480231285095,0.004043560940772295,0.03180941194295883
165,5.5,,,,insightface_bbox,0.7461704015731812,0.0,768.4100341796875,912.7067260742188,2305.184326171875,0,0,1,0,0,0,0,0,0,1,0,1,0.029627064242959023,0.01483415998518467,0.14679096639156342,0.012887127697467804,0.006407400593161583,0.013181437738239765,0.004762297496199608,0.022346723824739456,0.06460315734148026,0.052510131150484085,0.0029418522026389837,0.02683844231069088
166,5.533333333333333,,,,insightface_bbox,0.7461704015731812,0.0,768.4100341796875,912.7067260742188,2305.184326171875,0,0,1,0,0,0,0,0,0,1,0,1,0.027890538796782494,0.014192929491400719,0.15018700063228607,0.012573059648275375,0.006340580061078072,0.01422820147126913,0.004642950836569071,0.021655328571796417,0.06615058332681656,0.05319395661354065,0.003083100076764822,0.02671535685658455
167,5.566666666666666,,,,insightface_bbox,0.7461704015731812,0.0,768.4100341796875,912.7067260742188,2305.184326171875,0,0,1,0,0,0,0,0,0,1,0,1,0.027566872537136078,0.01419682428240776,0.14473383128643036,0.012738248333334923,0.006337576545774937,0.014428889378905296,0.004852207377552986,0.02190808206796646,0.06628115475177765,0.0542377345263958,0.003186730667948723,0.02730265073478222
168,5.6,,,,insightface_bbox,0.7583897709846497,0.0,783.8483276367188,929.165283203125,2354.330810546875,0,0,1,0,0,0,0,0,0,1,0,1,0.028702255338430405,0.01427438110113144,0.14736801385879517,0.012687812559306622,0.0067783985286951065,0.013876307755708694,0.004773726221174002,0.02166253700852394,0.0706050917506218,0.058080870658159256,0.0030080396682024,0.029160741716623306
169,5.633333333333334,,,,insightface_bbox,0.7583897709846497,0.0,783.8483276367188,929.165283203125,2354.330810546875,0,0,1,0,0,0,0,0,0,1,0,1,0.030092880129814148,0.015040823258459568,0.16719871759414673,0.013176561333239079,0.006778337527066469,0.01414102129638195,0.0048661911860108376,0.022043146193027496,0.06933003664016724,0.05510515719652176,0.0033768336288630962,0.030669376254081726
170,5.666666666666667,,,,insightface_bbox,0.7583897709846497,0.0,783.8483276367188,929.165283203125,2354.330810546875,0,0,1,0,0,0,0,0,0,1,0,1,0.03126826882362366,0.015383991412818432,0.17758122086524963,0.013352947309613228,0.00670488690957427,0.01410302147269249,0.005034553352743387,0.021572116762399673,0.069469153881073,0.05387984216213226,0.003655008040368557,0.0318034291267395
171,5.7,,,,insightface_bbox,0.7583897709846497,0.0,783.8483276367188,929.165283203125,2354.330810546875,0,0,1,0,0,0,0,0,0,1,0,1,0.032399982213974,0.01582970656454563,0.18149210512638092,0.013686498627066612,0.006546737160533667,0.013545566238462925,0.005582788027822971,0.02138473466038704,0.06582818180322647,0.05332000553607941,0.003837588243186474,0.031139910221099854
172,5.733333333333333,,,,insightface_bbox,0.7583897709846497,0.0,783.8483276367188,929.165283203125,2354.330810546875,0,0,1,0,0,0,0,0,0,1,0,1,0.03296589106321335,0.01572985015809536,0.17845399677753448,0.013545354828238487,0.0066274311393499374,0.013403991237282753,0.005758585408329964,0.021151287481188774,0.06285811960697174,0.052617840468883514,0.003806861350312829,0.02942211739718914
173,5.766666666666667,,,,insightface_bbox,0.7583897709846497,0.0,783.8483276367188,929.165283203125,2354.330810546875,0,0,1,0,0,0,0,0,0,1,0,1,0.0333121195435524,0.015807706862688065,0.17764002084732056,0.013718199916183949,0.006597522646188736,0.013346012681722641,0.005974793806672096,0.021465852856636047,0.063661590218544,0.05351610481739044,0.0037800148129463196,0.02910657227039337
174,5.8,,,,insightface_bbox,0.751076340675354,0.0,751.7699584960938,909.1661376953125,2293.240478515625,0,0,1,0,0,0,0,0,0,1,0,1,0.032780274748802185,0.015669172629714012,0.16926157474517822,0.013713698834180832,0.006837435998022556,0.01299318391829729,0.0062341755256056786,0.02183929830789566,0.06387688964605331,0.054358646273612976,0.0035514524206519127,0.029267292469739914
175,5.833333333333333,,,,insightface_bbox,0.751076340675354,0.0,751.7699584960938,909.1661376953125,2293.240478515625,0,0,1,0,0,0,0,0,0,1,0,1,0.03283479064702988,0.015711184591054916,0.16461408138275146,0.013642632402479649,0.006680366583168507,0.012855496257543564,0.0061662523075938225,0.021420994773507118,0.06323093175888062,0.05434718355536461,0.0035884438548237085,0.028958052396774292
176,5.866666666666666,,,,insightface_bbox,0.751076340675354,0.0,751.7699584960938,909.1661376953125,2293.240478515625,0,0,1,0,0,0,0,0,0,1,0,1,0.03195241093635559,0.015362301841378212,0.16710413992404938,0.013447887264192104,0.006477967370301485,0.012854145839810371,0.005875373259186745,0.021482503041625023,0.06319409608840942,0.05435984954237938,0.0036506426986306906,0.029254836961627007
177,5.9,,,,insightface_bbox,0.751076340675354,0.0,751.7699584960938,909.1661376953125,2293.240478515625,0,0,1,0,0,0,0,0,0,1,0,1,0.03205731138586998,0.015509922057390213,0.17905813455581665,0.01360064372420311,0.006504025310277939,0.013473164290189743,0.0056780856102705,0.022155212238430977,0.06458792835474014,0.05358021333813667,0.0040500047616660595,0.031655874103307724
178,5.933333333333334,,,,insightface_bbox,0.751076340675354,0.0,751.7699584960938,909.1661376953125,2293.240478515625,0,0,1,0,0,0,0,0,0,1,0,1,0.03062816709280014,0.014757281169295311,0.1785118728876114,0.012838630937039852,0.006500706076622009,0.013918403536081314,0.004949598573148251,0.02184756100177765,0.06791605055332184,0.056329648941755295,0.0038019558414816856,0.031598418951034546
179,5.966666666666667,,,,insightface_bbox,0.751076340675354,0.0,751.7699584960938,909.1661376953125,2293.240478515625,0,0,1,0,0,0,0,0,0,1,0,1,0.027958903461694717,0.014004603028297424,0.15955060720443726,0.012667938135564327,0.006451064255088568,0.013572628609836102,0.004636960104107857,0.021965760737657547,0.06923191249370575,0.0569787472486496,0.0031816535629332066,0.029063895344734192
180,6.0,,,,insightface_bbox,0.7451784014701843,0.0,751.30859375,924.67626953125,2366.540771484375,0,0,1,0,0,0,0,0,0,1,0,1,0.029811743646860123,0.014670664444565773,0.16950425505638123,0.013249995186924934,0.006677904166281223,0.013935955241322517,0.005066645797342062,0.021998360753059387,0.07324768602848053,0.05927063152194023,0.0034059351310133934,0.029347175732254982
181,6.033333333333333,,,,insightface_bbox,0.7451784014701843,0.0,751.30859375,924.67626953125,2366.540771484375,0,0,1,0,0,0,0,0,0,1,0,1,0.02923843450844288,0.014419582672417164,0.17089354991912842,0.013302519917488098,0.006755172275006771,0.01428968645632267,0.005216450430452824,0.022308779880404472,0.07318493723869324,0.05986635014414787,0.003555933479219675,0.03023325279355049
182,6.066666666666666,,,,insightface_bbox,0.7451784014701843,0.0,751.30859375,924.67626953125,2366.540771484375,0,0,1,0,0,0,0,0,0,1,0,1,0.02915337309241295,0.01442255824804306,0.17039014399051666,0.013300761580467224,0.006659685168415308,0.014113453216850758,0.0052292682230472565,0.022283408790826797,0.07294730097055435,0.05986674875020981,0.003579251002520323,0.030131258070468903
183,6.1,,,,insightface_bbox,0.7451784014701843,0.0,751.30859375,924.67626953125,2366.540771484375,0,0,1,0,0,0,0,0,0,1,0,1,0.029738567769527435,0.014675723388791084,0.17674994468688965,0.013458365574479103,0.006781882606446743,0.01424245536327362,0.0052358005195856094,0.022625045850872993,0.07311063259840012,0.0599483996629715,0.003649548627436161,0.03071359544992447
184,6.133333333333334,,,,insightface_bbox,0.7451784014701843,0.0,751.30859375,924.67626953125,2366.540771484375,0,0,1,0,0,0,0,0,0,1,0,1,0.030420146882534027,0.014834307134151459,0.18492625653743744,0.013712199404835701,0.006797654554247856,0.014794021844863892,0.005287941545248032,0.023206058889627457,0.0732516422867775,0.06022615358233452,0.004299028776586056,0.03254915773868561
185,6.166666666666667,,,,insightface_bbox,0.7451784014701843,0.0,751.30859375,924.67626953125,2366.540771484375,0,0,1,0,0,0,0,0,0,1,0,1,0.03172318637371063,0.015394775196909904,0.19084742665290833,0.014410844072699547,0.006764994002878666,0.015418226830661297,0.005671657621860504,0.024187739938497543,0.07283731549978256,0.059888191521167755,0.005453785881400108,0.0354493148624897
186,6.2,,,,insightface_bbox,0.7501711845397949,0.0,743.3818359375,909.8970947265625,2358.877685546875,0,0,1,0,0,0,0,0,0,1,0,1,0.035232994705438614,0.017157744616270065,0.20055004954338074,0.014900896698236465,0.006867455784231424,0.014423202723264694,0.00568754319101572,0.024299975484609604,0.06921941041946411,0.057397257536649704,0.003970845602452755,0.03247431665658951
187,6.233333333333333,,,,insightface_bbox,0.7501711845397949,0.0,743.3818359375,909.8970947265625,2358.877685546875,0,0,1,0,0,0,0,0,0,1,0,0,0.03521908447146416,0.0170877818018198,0.20191553235054016,0.014884033240377903,0.0064574722200632095,0.014080949127674103,0.006084463559091091,0.02289675548672676,0.06536626070737839,0.05416863411664963,0.004782968666404486,0.03533267229795456
188,6.266666666666667,,,,insightface_bbox,0.7501711845397949,0.0,743.3818359375,909.8970947265625,2358.877685546875,0,0,1,0,0,0,0,0,0,1,0,0,0.0357799306511879,0.01743863709270954,0.20754696428775787,0.01539322454482317,0.006568441167473793,0.01416520681232214,0.006703599821776152,0.024080554023385048,0.06518780440092087,0.05428403615951538,0.004973346367478371,0.036372534930706024
189,6.3,,,,insightface_bbox,0.7501711845397949,0.0,743.3818359375,909.8970947265625,2358.877685546875,0,0,1,0,0,0,0,0,0,1,0,0,0.03746560215950012,0.01796686090528965,0.22787047922611237,0.015871286392211914,0.006952932104468346,0.014961483888328075,0.00704433536157012,0.024519845843315125,0.06696191430091858,0.05539848655462265,0.005634718108922243,0.039737820625305176
190,6.333333333333333,,,,insightface_bbox,0.7501711845397949,0.0,743.3818359375,909.8970947265625,2358.877685546875,0,0,1,0,0,0,0,0,0,1,0,0,0.038260567933321,0.018066730350255966,0.23735082149505615,0.01650194451212883,0.006940907798707485,0.016118710860610008,0.006875440012663603,0.02559245377779007,0.06872361898422241,0.05809247866272926,0.006908899173140526,0.04232697933912277
191,6.366666666666666,,,,insightface_bbox,0.7501711845397949,0.0,743.3818359375,909.8970947265625,2358.877685546875,0,0,1,0,0,0,0,0,0,1,0,0,0.036244697868824005,0.017570393159985542,0.22742167115211487,0.015688907355070114,0.007343755103647709,0.016893086954951286,0.006409011781215668,0.0254723709076643,0.0713416337966919,0.05942414700984955,0.006079498678445816,0.03975147008895874
192,6.4,,,,insightface_bbox,0.7460803985595703,0.0,752.5647583007812,891.5964965820312,2355.238525390625,0,0,1,0,0,0,0,0,0,1,0,1,0.03367745876312256,0.016527414321899414,0.1862451732158661,0.013980895280838013,0.004947132430970669,0.011140294373035431,0.005078454501926899,0.022706391289830208,0.06366714090108871,0.05254187434911728,0.002487677149474621,0.02609202452003956
193,6.433333333333334,,,,insightface_bbox,0.7460803985595703,0.0,752.5647583007812,891.5964965820312,2355.238525390625,0,0,1,0,0,0,0,0,0,1,0,1,0.03372747078537941,0.016557743772864342,0.19112391769886017,0.014226130209863186,0.0049467249773442745,0.011142217554152012,0.005068610887974501,0.023091156035661697,0.06463886052370071,0.05350373312830925,0.0026011564768850803,0.02587735466659069
194,6.466666666666667,,,,insightface_bbox,0.7460803985595703,0.0,752.5647583007812,891.5964965820312,2355.238525390625,0,0,1,0,0,0,0,0,0,1,0,1,0.03296751528978348,0.01619698293507099,0.19768306612968445,0.014153802767395973,0.004912274423986673,0.011271301656961441,0.004956934601068497,0.023564327508211136,0.0646219477057457,0.05383317172527313,0.0026080685202032328,0.02532106265425682
195,6.5,,,,insightface_bbox,0.7460803985595703,0.0,752.5647583007812,891.5964965820312,2355.238525390625,0,0,1,0,0,0,0,0,0,1,0,1,0.033106278628110886,0.01614002324640751,0.20881834626197815,0.013883509673178196,0.005009821616113186,0.011696438305079937,0.004971728660166264,0.023439262062311172,0.06362839788198471,0.053132325410842896,0.0025394046679139137,0.024993782863020897
196,6.533333333333333,,,,insightface_bbox,0.7460803985595703,0.0,752.5647583007812,891.5964965820312,2355.238525390625,0,0,1,0,0,0,0,0,0,1,0,1,0.033046409487724304,0.016076253727078438,0.20983381569385529,0.013957791961729527,0.005105514079332352,0.011764366179704666,0.005102168768644333,0.023523477837443352,0.063832588493824,0.05392074957489967,0.0024365910794585943,0.025100473314523697
197,6.566666666666666,,,,insightface_bbox,0.7460803985595703,0.0,752.5647583007812,891.5964965820312,2355.238525390625,0,0,1,0,0,0,0,0,0,1,0,1,0.03426000848412514,0.016485348343849182,0.21404415369033813,0.013954328373074532,0.005106649361550808,0.011658878065645695,0.0052808853797614574,0.023231878876686096,0.06426190584897995,0.05250978469848633,0.0023895527701824903,0.024966830387711525
198,6.6,,,,insightface_bbox,0.7487413883209229,0.0,760.7916259765625,906.8094482421875,2321.686279296875,0,0,1,0,0,0,0,0,0,1,0,1,0.034688182175159454,0.01654200628399849,0.20651382207870483,0.013935377821326256,0.00633627362549305,0.0132994269952178,0.005747841205447912,0.022205576300621033,0.06290347874164581,0.05386548489332199,0.0035236531402915716,0.029881317168474197
199,6.633333333333334,,,,insightface_bbox,0.7487413883209229,0.0,760.7916259765625,906.8094482421875,2321.686279296875,0,0,1,0,0,0,0,0,0,1,0,1,0.033987659960985184,0.016221895813941956,0.20617714524269104,0.013662992045283318,0.00641254149377346,0.013276753015816212,0.005545604974031448,0.021730657666921616,0.0629371926188469,0.05378291383385658,0.003397528547793627,0.029776904731988907
200,6.666666666666667,,,,insightface_bbox,0.7487413883209229,0.0,760.7916259765625,906.8094482421875,2321.686279296875,0,0,1,0,0,0,0,0,0,1,0,1,0.03442956507205963,0.016397766768932343,0.20560702681541443,0.013502875342965126,0.006291210185736418,0.012837935239076614,0.0053924270905554295,0.021527662873268127,0.06271349638700485,0.05246065557003021,0.00292405067011714,0.02769363671541214
201,6.7,,,,insightface_bbox,0.7487413883209229,0.0,760.7916259765625,906.8094482421875,2321.686279296875,0,0,1,0,0,0,0,0,0,1,0,1,0.03437025099992752,0.016742128878831863,0.20461010932922363,0.013599254190921783,0.0061970846727490425,0.012502464465796947,0.005413527600467205,0.02235358953475952,0.0633213222026825,0.052245788276195526,0.0027117503341287374,0.026958737522363663
202,6.733333333333333,,,,insightface_bbox,0.7487413883209229,0.0,760.7916259765625,906.8094482421875,2321.686279296875,0,0,1,0,0,0,0,0,0,1,0,1,0.035082243382930756,0.01711762696504593,0.20233990252017975,0.013827756978571415,0.005788051523268223,0.012184208258986473,0.005305296741425991,0.021936099976301193,0.062109507620334625,0.05038919299840927,0.0030139789450913668,0.02784542739391327
203,6.766666666666667,,,,insightface_bbox,0.7487413883209229,0.0,760.7916259765625,906.8094482421875,2321.686279296875,0,0,1,0,0,0,0,0,0,1,0,1,0.03541678562760353,0.017061704769730568,0.19318407773971558,0.013930150307714939,0.005515871569514275,0.011682241223752499,0.005213161464780569,0.022097472101449966,0.06447666138410568,0.05079016834497452,0.002896298188716173,0.027579765766859055
204,6.8,,,,insightface_bbox,0.7421723008155823,0.0,767.4957885742188,899.1945190429688,2390.90771484375,0,0,1,0,0,0,0,0,0,1,0,1,0.03614165261387825,0.017513811588287354,0.20407868921756744,0.014578063040971756,0.004991263151168823,0.011458765715360641,0.005447207018733025,0.023720551282167435,0.06547962129116058,0.053198643028736115,0.00259083928540349,0.027281880378723145
205,6.833333333333333,,,,insightface_bbox,0.7421723008155823,0.0,767.4957885742188,899.1945190429688,2390.90771484375,0,0,1,0,0,0,0,0,0,1,0,1,0.034662384539842606,0.017240749672055244,0.19927792251110077,0.014463244937360287,0.004974943585693836,0.01118122786283493,0.005377274006605148,0.023950429633259773,0.06598109006881714,0.05293896421790123,0.0025103313382714987,0.026738528162240982
206,6.866666666666666,,,,insightface_bbox,0.7421723008155823,0.0,767.4957885742188,899.1945190429688,2390.90771484375,0,0,1,0,0,0,0,0,0,1,0,1,0.03427307307720184,0.017060482874512672,0.19887545704841614,0.014290922321379185,0.004907077178359032,0.011261578649282455,0.0053956955671310425,0.023817196488380432,0.06425458192825317,0.05212348327040672,0.0024782714899629354,0.026026595383882523
207,6.9,,,,insightface_bbox,0.7421723008155823,0.0,767.4957885742188,899.1945190429688,2390.90771484375,0,0,1,0,0,0,0,0,0,1,0,1,0.033441878855228424,0.016172980889678,0.21030746400356293,0.01357031799852848,0.004773037973791361,0.01132880337536335,0.005224382504820824,0.02240253984928131,0.06118856370449066,0.05046837031841278,0.0024027915205806494,0.024780672043561935
208,6.933333333333334,,,,insightface_bbox,0.7421723008155823,0.0,767.4957885742188,899.1945190429688,2390.90771484375,0,0,1,0,0,0,0,0,0,1,0,1,0.033639729022979736,0.016287334263324738,0.2096550464630127,0.01369363535195589,0.004929050337523222,0.01168674323707819,0.0053184786811470985,0.022169075906276703,0.0607992522418499,0.050155073404312134,0.0026370238047093153,0.026335882022976875
209,6.966666666666667,,,,insightface_bbox,0.7421723008155823,0.0,767.4957885742188,899.1945190429688,2390.90771484375,0,0,1,0,0,0,0,0,0,1,0,1,0.03360181301832199,0.016376467421650887,0.20093536376953125,0.013563776388764381,0.004914813209325075,0.011317726224660873,0.005243082996457815,0.02197767049074173,0.06113014370203018,0.049130067229270935,0.0024783494882285595,0.025983668863773346
210,7.0,,,,insightface_bbox,0.7632436752319336,0.0,756.7570190429688,895.8245239257812,2349.709228515625,0,0,1,0,0,0,0,0,0,1,0,1,0.035965584218502045,0.017268897965550423,0.19817939400672913,0.014286026358604431,0.00516386516392231,0.011380798183381557,0.0055440738797187805,0.023238519206643105,0.06576652824878693,0.05176229402422905,0.00276367599144578,0.0278075709939003
211,7.033333333333333,,,,insightface_bbox,0.7632436752319336,0.0,756.7570190429688,895.8245239257812,2349.709228515625,0,0,1,0,0,0,0,0,0,1,0,1,0.034405555576086044,0.01694500260055065,0.18467211723327637,0.013980576768517494,0.004987343680113554,0.011193694546818733,0.004947997629642487,0.022891998291015625,0.0630805641412735,0.048632413148880005,0.0029738806188106537,0.027513185515999794
212,7.066666666666666,,,,insightface_bbox,0.7632436752319336,0.0,756.7570190429688,895.8245239257812,2349.709228515625,0,0,1,0,0,0,0,0,0,1,0,1,0.03503340855240822,0.017244944348931313,0.1889348030090332,0.014262181706726551,0.004940733779221773,0.011463728733360767,0.004915853496640921,0.022492002695798874,0.06360763311386108,0.049160491675138474,0.00332354917190969,0.029484737664461136
213,7.1,,,,insightface_bbox,0.7632436752319336,0.0,756.7570190429688,895.8245239257812,2349.709228515625,0,0,1,0,0,0,0,0,0,1,0,1,0.03519516438245773,0.017100179567933083,0.20687876641750336,0.014142891392111778,0.00498561467975378,0.011669427156448364,0.005037693772464991,0.02246042527258396,0.06437931954860687,0.05066652223467827,0.002898293547332287,0.02800583466887474
214,7.133333333333334,,,,insightface_bbox,0.7632436752319336,0.0,756.7570190429688,895.8245239257812,2349.709228515625,0,0,1,0,0,0,0,0,0,1,0,1,0.03318776562809944,0.016123231500387192,0.21228329837322235,0.013484029099345207,0.004956228192895651,0.012068319134414196,0.004883896559476852,0.02289009466767311,0.06244661659002304,0.04973052442073822,0.0026562530547380447,0.02645542472600937
215,7.166666666666667,,,,insightface_bbox,0.7632436752319336,0.0,756.7570190429688,895.8245239257812,2349.709228515625,0,0,1,0,0,0,0,0,0,1,0,1,0.03374285623431206,0.01626572757959366,0.22874975204467773,0.01417728140950203,0.005615134257823229,0.013469052501022816,0.005439719185233116,0.02244831621646881,0.06287536770105362,0.051508381962776184,0.003171904245391488,0.028648151084780693
216,7.2,,,,insightface_bbox,0.7573906183242798,0.0,758.863525390625,914.6368408203125,2298.32958984375,0,0,1,0,0,0,0,0,0,1,0,1,0.0347115620970726,0.016907237470149994,0.21358869969844818,0.01575148105621338,0.007821820676326752,0.01610083132982254,0.008280673995614052,0.023829635232686996,0.07146070897579193,0.05947602540254593,0.005562861915677786,0.0398203507065773
217,7.233333333333333,,,,insightface_bbox,0.7573906183242798,0.0,758.863525390625,914.6368408203125,2298.32958984375,0,0,1,0,0,0,0,0,0,1,0,0,0.037420596927404404,0.017954964190721512,0.21683789789676666,0.015978220850229263,0.007506025955080986,0.01588304527103901,0.008753725327551365,0.023639995604753494,0.07177256792783737,0.05886210501194,0.005337050184607506,0.03737473487854004
218,7.266666666666667,,,,insightface_bbox,0.7573906183242798,0.0,758.863525390625,914.6368408203125,2298.32958984375,0,0,1,0,0,0,0,0,0,1,0,0,0.0379176139831543,0.018089158460497856,0.21335704624652863,0.016055773943662643,0.007467325311154127,0.01565217226743698,0.009170661680400372,0.023659277707338333,0.07035920768976212,0.05777698755264282,0.005344310309737921,0.0370517373085022
219,7.3,,,,insightface_bbox,0.7573906183242798,0.0,758.863525390625,914.6368408203125,2298.32958984375,0,0,1,0,0,0,0,0,0,1,0,0,0.03805437311530113,0.017904872074723244,0.23904703557491302,0.016688000410795212,0.007539913058280945,0.016547849401831627,0.009340817108750343,0.024161824956536293,0.0721065104007721,0.05850007385015488,0.006827525794506073,0.04375975579023361
220,7.333333333333333,,,,insightface_bbox,0.7573906183242798,0.0,758.863525390625,914.6368408203125,2298.32958984375,0,0,1,0,0,0,0,0,0,1,0,1,0.03333079069852829,0.015957605093717575,0.20783191919326782,0.014438757672905922,0.006785177625715733,0.015157235786318779,0.005907200276851654,0.02298971451818943,0.06882278621196747,0.05765582621097565,0.00498563889414072,0.036739058792591095
221,7.366666666666666,,,,insightface_bbox,0.7573906183242798,0.0,758.863525390625,914.6368408203125,2298.32958984375,0,0,1,0,0,0,0,0,0,1,0,1,0.03287385776638985,0.015660997480154037,0.19207963347434998,0.014356658793985844,0.006494303699582815,0.014945516362786293,0.0054628909565508366,0.023716462776064873,0.06985290348529816,0.05931913107633591,0.005091434344649315,0.03609846159815788
222,7.4,,,,insightface_bbox,0.7309614419937134,0.0,765.0809326171875,905.2266845703125,2397.453125,0,0,1,0,0,0,0,0,0,1,0,0,0.03814243525266647,0.018252719193696976,0.213851660490036,0.014932583086192608,0.005633057095110416,0.013579065911471844,0.005035628564655781,0.02259741723537445,0.06207634508609772,0.04802509769797325,0.004240227397531271,0.030895432457327843
223,7.433333333333334,,,,insightface_bbox,0.7309614419937134,0.0,765.0809326171875,905.2266845703125,2397.453125,0,0,1,0,0,0,0,0,0,1,0,0,0.036097779870033264,0.017689010128378868,0.19420042634010315,0.014631927013397217,0.005900038406252861,0.013698989525437355,0.004849748685956001,0.022371040657162666,0.0610383078455925,0.048160821199417114,0.00414004223421216,0.030999232083559036
224,7.466666666666667,,,,insightface_bbox,0.7309614419937134,0.0,765.0809326171875,905.2266845703125,2397.453125,0,0,1,0,0,0,0,0,0,1,0,0,0.0348193384706974,0.017262564972043037,0.1870940923690796,0.014406006783246994,0.0061073461547493935,0.014206333085894585,0.004816044121980667,0.02180543914437294,0.05898771807551384,0.04770852252840996,0.004506739787757397,0.03163330629467964
225,7.5,,,,insightface_bbox,0.7309614419937134,0.0,765.0809326171875,905.2266845703125,2397.453125,0,0,1,0,0,0,0,0,0,1,0,0,0.030855663120746613,0.015257971361279488,0.16086122393608093,0.013080128468573093,0.005787511356174946,0.013123228214681149,0.004389582201838493,0.02046641893684864,0.05802861601114273,0.04748161882162094,0.0035588028840720654,0.027850326150655746
226,7.533333333333333,,,,insightface_bbox,0.7309614419937134,0.0,765.0809326171875,905.2266845703125,2397.453125,0,0,1,0,0,0,0,0,0,1,0,0,0.02845020592212677,0.014259721152484417,0.14804542064666748,0.012666389346122742,0.005515455733984709,0.012952432967722416,0.004411681555211544,0.019992593675851822,0.05699685215950012,0.049282871186733246,0.003707693424075842,0.027352415025234222
227,7.566666666666666,,,,insightface_bbox,0.7309614419937134,0.0,765.0809326171875,905.2266845703125,2397.453125,0,0,1,0,0,0,0,0,0,1,0,0,0.028771359473466873,0.014357190579175949,0.15317514538764954,0.012841776013374329,0.0055821556597948074,0.013066835701465607,0.004545528907328844,0.02008803002536297,0.058468520641326904,0.05047925189137459,0.003671123646199703,0.027575161308050156
228,7.6,,,,insightface_bbox,0.7388650178909302,0.0,729.4692993164062,913.6455688476562,2341.48974609375,0,0,1,0,0,0,0,0,0,1,0,1,0.027444029226899147,0.013429231941699982,0.15864042937755585,0.013356789946556091,0.005941055249422789,0.014375777915120125,0.005106978118419647,0.02240864560008049,0.06706954538822174,0.054804056882858276,0.00495531689375639,0.03294815123081207
229,7.633333333333334,,,,insightface_bbox,0.7388650178909302,0.0,729.4692993164062,913.6455688476562,2341.48974609375,0,0,1,0,0,0,0,0,0,1,0,1,0.025489220395684242,0.012829585000872612,0.13986313343048096,0.012727352790534496,0.005714199040085077,0.013105128891766071,0.004445276223123074,0.02140156738460064,0.06517194956541061,0.05590604618191719,0.004507480654865503,0.030922528356313705
230,7.666666666666667,,,,insightface_bbox,0.7388650178909302,0.0,729.4692993164062,913.6455688476562,2341.48974609375,0,0,1,0,0,0,0,0,0,1,0,1,0.024782542139291763,0.012703784741461277,0.13029822707176208,0.012804743833839893,0.005651444662362337,0.01320418156683445,0.0045627118088305,0.021806754171848297,0.06753453612327576,0.058435242623090744,0.004673821851611137,0.03076286055147648
231,7.7,,,,insightface_bbox,0.7388650178909302,0.0,729.4692993164062,913.6455688476562,2341.48974609375,0,0,1,0,0,0,0,0,0,1,0,1,0.02537102997303009,0.012876998633146286,0.13287128508090973,0.013065218925476074,0.0057079182006418705,0.013615288771688938,0.004849341697990894,0.022182025015354156,0.06882168352603912,0.05925923213362694,0.004973903298377991,0.031102143228054047
232,7.733333333333333,,,,insightface_bbox,0.7388650178909302,0.0,729.4692993164062,913.6455688476562,2341.48974609375,0,0,1,0,0,0,0,0,0,1,0,1,0.025500627234578133,0.012964677065610886,0.13689947128295898,0.013133924454450607,0.005822375416755676,0.013820847496390343,0.004912237171083689,0.022259792312979698,0.06940124928951263,0.05925314500927925,0.0050034536980092525,0.03159008175134659
233,7.766666666666667,,,,insightface_bbox,0.7388650178909302,0.0,729.4692993164062,913.6455688476562,2341.48974609375,0,0,1,0,0,0,0,0,0,1,0,1,0.026133939623832703,0.013357157818973064,0.14149996638298035,0.01328869815915823,0.006053371354937553,0.014366176910698414,0.004884056746959686,0.022562101483345032,0.07040996849536896,0.0596470907330513,0.005335805006325245,0.03321105241775513
234,7.8,,,,insightface_bbox,0.7403174638748169,0.0,723.412109375,900.4840698242188,2394.09912109375,0,0,1,0,0,0,0,0,0,1,0,0,0.03514079377055168,0.017323924228549004,0.196239173412323,0.015247978270053864,0.0064683095552027225,0.014748310670256615,0.005342309363186359,0.023404469713568687,0.06509653478860855,0.05493395775556564,0.0050600627437233925,0.03415153920650482
235,7.833333333333333,,,,insightface_bbox,0.7403174638748169,0.0,723.412109375,900.4840698242188,2394.09912109375,0,0,1,0,0,0,0,0,0,1,0,0,0.03450116142630577,0.01708918809890747,0.19117137789726257,0.01509519200772047,0.006363140884786844,0.014450110495090485,0.005255282856523991,0.02306869998574257,0.0643400251865387,0.0537620447576046,0.005061123985797167,0.0339018777012825
236,7.866666666666666,,,,insightface_bbox,0.7403174638748169,0.0,723.412109375,900.4840698242188,2394.09912109375,0,0,1,0,0,0,0,0,0,1,0,0,0.03078031912446022,0.015348308719694614,0.17796266078948975,0.013418322429060936,0.005934819579124451,0.013345125131309032,0.004546609241515398,0.020977633073925972,0.060391444712877274,0.05031244829297066,0.003668713616207242,0.029049545526504517
237,7.9,,,,insightface_bbox,0.7403174638748169,0.0,723.412109375,900.4840698242188,2394.09912109375,0,0,1,0,0,0,0,0,0,1,0,1,0.029520409181714058,0.014116587117314339,0.1752997189760208,0.012300299480557442,0.005574720911681652,0.013189094141125679,0.0041576409712433815,0.019610438495874405,0.0610453225672245,0.05078556388616562,0.003473792690783739,0.029278866946697235
238,7.933333333333334,,,,insightface_bbox,0.7403174638748169,0.0,723.412109375,900.4840698242188,2394.09912109375,0,0,1,0,0,0,0,0,0,1,0,1,0.029094982892274857,0.014034820720553398,0.17636671662330627,0.012520863674581051,0.0053961193189024925,0.012384433299303055,0.004528170917183161,0.019125308841466904,0.05886901170015335,0.05039574205875397,0.0040056342259049416,0.0323743037879467
239,7.966666666666667,,,,insightface_bbox,0.7403174638748169,0.0,723.412109375,900.4840698242188,2394.09912109375,0,0,1,0,0,0,0,0,0,1,0,0,0.029314126819372177,0.014162736013531685,0.18158040940761566,0.01234581507742405,0.00562211312353611,0.012843933887779713,0.004619981627911329,0.01903233304619789,0.05779128894209862,0.049433834850788116,0.004237511660903692,0.03173558786511421
240,8.0,,,,insightface_bbox,0.7205196619033813,0.0,732.155029296875,921.5234375,2279.541748046875,0,0,1,0,0,0,0,0,0,1,0,1,0.029480136930942535,0.014331615529954433,0.14712783694267273,0.012486525811254978,0.006686686538159847,0.01419060304760933,0.005125981289893389,0.020506316795945168,0.06255733221769333,0.053708210587501526,0.004118502140045166,0.03194604068994522
241,8.033333333333333,,,,insightface_bbox,0.7205196619033813,0.0,732.155029296875,921.5234375,2279.541748046875,0,0,1,0,0,0,0,0,0,1,0,1,0.032976243644952774,0.015607266686856747,0.1761518120765686,0.013078381307423115,0.007048341911286116,0.015643253922462463,0.005366392899304628,0.021715722978115082,0.06902923434972763,0.05766615644097328,0.0046905335038900375,0.03430384397506714
242,8.066666666666666,,,,insightface_bbox,0.7205196619033813,0.0,732.155029296875,921.5234375,2279.541748046875,0,0,1,0,0,0,0,0,0,1,0,0,0.034271400421857834,0.01619013212621212,0.18522632122039795,0.013410667888820171,0.006911932025104761,0.015590168535709381,0.005272884853184223,0.021806815639138222,0.0655505582690239,0.055649857968091965,0.005446979310363531,0.035814978182315826
243,8.1,,,,insightface_bbox,0.7205196619033813,0.0,732.155029296875,921.5234375,2279.541748046875,0,0,1,0,0,0,0,0,0,1,0,0,0.03356821835041046,0.016031349077820778,0.17986294627189636,0.013405246660113335,0.006812690291553736,0.015195249579846859,0.0053125061094760895,0.022008955478668213,0.06475701183080673,0.05521482229232788,0.005349918268620968,0.035009343177080154
244,8.133333333333333,,,,insightface_bbox,0.7205196619033813,0.0,732.155029296875,921.5234375,2279.541748046875,0,0,1,0,0,0,0,0,0,1,0,0,0.03382977843284607,0.01607123389840126,0.19428060948848724,0.013536287471652031,0.006526836659759283,0.014578909613192081,0.0051751332357525826,0.021508026868104935,0.06414971500635147,0.054187312722206116,0.005490673240274191,0.03716331720352173
245,8.166666666666666,,,,insightface_bbox,0.7205196619033813,0.0,732.155029296875,921.5234375,2279.541748046875,0,0,1,0,0,0,0,0,0,1,0,1,0.03340912610292435,0.015554932877421379,0.1934688538312912,0.01321525126695633,0.006355645135045052,0.0157756544649601,0.004297106526792049,0.022318918257951736,0.07232295721769333,0.05486695468425751,0.00548173300921917,0.03742819279432297
246,8.2,,,,insightface_bbox,0.7400693893432617,0.0,708.6033935546875,901.8401489257812,2361.802734375,0,0,1,0,0,0,0,0,0,1,0,0,0.03700308874249458,0.016570955514907837,0.21999716758728027,0.014476516284048557,0.006071330048143864,0.015188794583082199,0.004669684451073408,0.023560672998428345,0.06442366540431976,0.05406135320663452,0.0053549036383628845,0.03484632447361946
247,8.233333333333333,,,,insightface_bbox,0.7400693893432617,0.0,708.6033935546875,901.8401489257812,2361.802734375,0,0,1,0,0,0,0,0,0,1,0,0,0.03477528318762779,0.016250094398856163,0.19915638864040375,0.014097611419856548,0.006150803994387388,0.014824310317635536,0.0046277884393930435,0.022700970992445946,0.06493525207042694,0.05419991537928581,0.0049987249076366425,0.03345395624637604
248,8.266666666666667,,,,insightface_bbox,0.7400693893432617,0.0,708.6033935546875,901.8401489257812,2361.802734375,0,0,1,0,0,0,0,0,0,1,0,0,0.03244537487626076,0.01549998763948679,0.1826833188533783,0.013304519467055798,0.005827424582093954,0.013849577866494656,0.004376192111521959,0.021739933639764786,0.06379750370979309,0.05272405594587326,0.004326279740780592,0.03096376359462738
249,8.3,,,,insightface_bbox,0.7400693893432617,0.0,708.6033935546875,901.8401489257812,2361.802734375,0,0,1,0,0,0,0,0,0,1,0,0,0.03135691210627556,0.015523280948400497,0.1695365607738495,0.013267518021166325,0.005742245819419622,0.013375299051404,0.0043984693475067616,0.021327264606952667,0.061564330011606216,0.0515785850584507,0.004106277599930763,0.03021477535367012
250,8.333333333333334,,,,insightface_bbox,0.7400693893432617,0.0,708.6033935546875,901.8401489257812,2361.802734375,0,0,1,0,0,0,0,0,0,1,0,0,0.03031025640666485,0.015028766356408596,0.1644202321767807,0.012897832319140434,0.005551734007894993,0.012848698534071445,0.0041909730061888695,0.02049661986529827,0.060193926095962524,0.05148116499185562,0.003865752834826708,0.02941974438726902
251,8.366666666666667,,,,insightface_bbox,0.7400693893432617,0.0,708.6033935546875,901.8401489257812,2361.802734375,0,0,1,0,0,0,0,0,0,1,0,1,0.030428927391767502,0.014797552488744259,0.1748790740966797,0.012691657990217209,0.005346118006855249,0.012738944962620735,0.003981973975896835,0.01986377313733101,0.05989526957273483,0.049752578139305115,0.003649696707725525,0.02857668697834015
252,8.4,,,,insightface_bbox,0.7495275735855103,0.0,742.0097045898438,916.126220703125,2336.829833984375,0,0,1,0,0,0,0,0,0,1,0,1,0.02985716611146927,0.014354734681546688,0.18920284509658813,0.013102879747748375,0.006354846525937319,0.014716694131493568,0.004885236732661724,0.0204158928245306,0.0697297751903534,0.0560084693133831,0.004453680943697691,0.03624926507472992
253,8.433333333333334,,,,insightface_bbox,0.7495275735855103,0.0,742.0097045898438,916.126220703125,2336.829833984375,0,0,1,0,0,0,0,0,0,1,0,1,0.03076924756169319,0.014666199684143066,0.19739754498004913,0.013580652885138988,0.005909777712076902,0.014226827770471573,0.004987961612641811,0.02085215412080288,0.06873916834592819,0.05419503524899483,0.005724488291889429,0.040441595017910004
254,8.466666666666667,,,,insightface_bbox,0.7495275735855103,0.0,742.0097045898438,916.126220703125,2336.829833984375,0,0,1,0,0,0,0,0,0,1,0,1,0.032661985605955124,0.015028148889541626,0.20450720191001892,0.01340651698410511,0.005695418454706669,0.014031810685992241,0.005198751576244831,0.019513295963406563,0.06407595425844193,0.05119316652417183,0.005449987016618252,0.036984387785196304
255,8.5,,,,insightface_bbox,0.7495275735855103,0.0,742.0097045898438,916.126220703125,2336.829833984375,0,0,1,0,0,0,0,0,0,1,0,0,0.034434571862220764,0.015870261937379837,0.20039495825767517,0.013951821252703667,0.006113195791840553,0.014357751235365868,0.005745314992964268,0.020527809858322144,0.06355433166027069,0.052782319486141205,0.005530293099582195,0.03462965786457062
256,8.533333333333333,,,,insightface_bbox,0.7495275735855103,0.0,742.0097045898438,916.126220703125,2336.829833984375,0,0,1,0,0,0,0,0,0,1,0,0,0.03498970717191696,0.01640581153333187,0.19379855692386627,0.014093421399593353,0.0059793200343847275,0.01434094738215208,0.0059455870650708675,0.020848538726568222,0.06177276372909546,0.05139394849538803,0.005953183863312006,0.03355632722377777
257,8.566666666666666,,,,insightface_bbox,0.7495275735855103,0.0,742.0097045898438,916.126220703125,2336.829833984375,0,0,1,0,0,0,0,0,0,1,0,0,0.03555624932050705,0.0164475180208683,0.19575364887714386,0.013972660526633263,0.005931665189564228,0.014386095106601715,0.005897903349250555,0.020934447646141052,0.06128605082631111,0.05155397951602936,0.006157295778393745,0.03403959423303604
258,8.6,,,,insightface_bbox,0.7149447202682495,0.0,722.7586059570312,930.6859130859375,2282.44677734375,0,0,1,0,0,0,0,0,0,1,0,1,0.03741259127855301,0.016878938302397728,0.20250143110752106,0.014774952083826065,0.006847269367426634,0.017207790166139603,0.006487883627414703,0.024747971445322037,0.07357591390609741,0.061953458935022354,0.005561028607189655,0.03588760644197464
259,8.633333333333333,,,,insightface_bbox,0.7149447202682495,0.0,722.7586059570312,930.6859130859375,2282.44677734375,0,0,1,0,0,0,0,0,0,1,0,1,0.038290563970804214,0.01729651540517807,0.20006509125232697,0.015008131042122841,0.007042731624096632,0.01791555993258953,0.007031312678009272,0.02468833327293396,0.07408550381660461,0.06076661869883537,0.006243341602385044,0.03672449290752411
260,8.666666666666666,,,,insightface_bbox,0.7149447202682495,0.0,722.7586059570312,930.6859130859375,2282.44677734375,0,0,1,0,0,0,0,0,0,1,0,0,0.03454703837633133,0.016073955222964287,0.1808975636959076,0.013942216522991657,0.005972924642264843,0.0162341371178627,0.005504072178155184,0.023667586967349052,0.07243384420871735,0.05661778151988983,0.006704879924654961,0.038060709834098816
261,8.7,,,,insightface_bbox,0.7149447202682495,0.0,722.7586059570312,930.6859130859375,2282.44677734375,0,0,1,0,0,0,0,0,0,1,0,1,0.03264617547392845,0.01558592077344656,0.18250621855258942,0.014062408357858658,0.006062687374651432,0.016321562230587006,0.0051328567788004875,0.025594446808099747,0.07360765337944031,0.06058718264102936,0.0063140313141047955,0.03886298090219498
262,8.733333333333333,,,,insightface_bbox,0.7149447202682495,0.0,722.7586059570312,930.6859130859375,2282.44677734375,0,0,1,0,0,0,0,0,0,1,0,0,0.031222568824887276,0.015415316447615623,0.16996607184410095,0.014412562362849712,0.006311334669589996,0.017151083797216415,0.005694549530744553,0.02664465643465519,0.07231154292821884,0.061776116490364075,0.006565072573721409,0.037479788064956665
263,8.766666666666667,,,,insightface_bbox,0.7149447202682495,0.0,722.7586059570312,930.6859130859375,2282.44677734375,0,0,1,0,0,0,0,0,0,1,0,0,0.03134692832827568,0.015581661835312843,0.1764964759349823,0.014688538387417793,0.006441574543714523,0.017691295593976974,0.005856688134372234,0.02689296379685402,0.0737019032239914,0.061757124960422516,0.006719749420881271,0.03790571913123131
264,8.8,,,,insightface_bbox,0.7386351823806763,0.0,754.4896240234375,929.1891479492188,2386.086181640625,0,0,1,0,0,0,0,0,0,1,0,0,0.03321404755115509,0.015802958980202675,0.19287729263305664,0.014057889580726624,0.006654989439994097,0.016347575932741165,0.005169791169464588,0.02368726208806038,0.06900771707296371,0.05579449236392975,0.005715254694223404,0.03734400123357773
265,8.833333333333334,,,,insightface_bbox,0.7386351823806763,0.0,754.4896240234375,929.1891479492188,2386.086181640625,0,0,1,0,0,0,0,0,0,1,0,1,0.03289850056171417,0.015517421998083591,0.20332807302474976,0.013957261107861996,0.006536283064633608,0.016721898689866066,0.005136266816407442,0.023007234558463097,0.06871625781059265,0.056027911603450775,0.005608480889350176,0.03654719144105911
266,8.866666666666667,,,,insightface_bbox,0.7386351823806763,0.0,754.4896240234375,929.1891479492188,2386.086181640625,0,0,1,0,0,0,0,0,0,1,0,1,0.03183679282665253,0.015154439955949783,0.2011890709400177,0.01367783360183239,0.006313375663012266,0.016254235059022903,0.005092317704111338,0.022254105657339096,0.06549151241779327,0.05456313490867615,0.005352559499442577,0.0354575589299202
267,8.9,,,,insightface_bbox,0.7386351823806763,0.0,754.4896240234375,929.1891479492188,2386.086181640625,0,0,1,0,0,0,0,0,0,1,0,0,0.031218823045492172,0.015141471289098263,0.19704492390155792,0.013871314935386181,0.0062912460416555405,0.016150012612342834,0.0053517185151577,0.02215750515460968,0.06566399335861206,0.054092854261398315,0.0056550283916294575,0.03615472838282585
268,8.933333333333334,,,,insightface_bbox,0.7386351823806763,0.0,754.4896240234375,929.1891479492188,2386.086181640625,0,0,1,0,0,0,0,0,0,1,0,1,0.03205738589167595,0.015539536252617836,0.20045465230941772,0.01422281563282013,0.0064065949991345406,0.01654062233865261,0.00540770823135972,0.022658061236143112,0.06783547252416611,0.05475476756691933,0.005746595561504364,0.03717250004410744
269,8.966666666666667,,,,insightface_bbox,0.7386351823806763,0.0,754.4896240234375,929.1891479492188,2386.086181640625,0,0,1,0,0,0,0,0,0,1,0,0,0.03370197117328644,0.0163144338876009,0.20804491639137268,0.014980651438236237,0.0065406206995248795,0.01765795610845089,0.005797843914479017,0.023604154586791992,0.06949617713689804,0.05488812178373337,0.006772233638912439,0.039677560329437256
270,9.0,,,,insightface_bbox,0.7491275072097778,0.0,750.2310791015625,936.7971801757812,2336.73193359375,0,0,1,0,0,0,0,0,0,1,0,0,0.037121791392564774,0.017082596197724342,0.18802160024642944,0.01562266144901514,0.00655733048915863,0.01957327127456665,0.0062005179934203625,0.025528598576784134,0.07937271893024445,0.06353694945573807,0.007973295636475086,0.041694045066833496
271,9.033333333333333,,,,insightface_bbox,0.7491275072097778,0.0,750.2310791015625,936.7971801757812,2336.73193359375,0,0,1,0,0,0,0,0,0,1,0,0,0.039537638425827026,0.018229059875011444,0.18420325219631195,0.016362633556127548,0.006943340413272381,0.020412422716617584,0.007255174685269594,0.026340605691075325,0.0816999077796936,0.06641250848770142,0.007580187171697617,0.04109179601073265
272,9.066666666666666,,,,insightface_bbox,0.7491275072097778,0.0,750.2310791015625,936.7971801757812,2336.73193359375,0,0,1,0,0,0,0,0,0,1,0,1,0.04116209223866463,0.018216455355286598,0.19823254644870758,0.016568142920732498,0.007436456624418497,0.019869085401296616,0.007476553320884705,0.026348603889346123,0.0817800760269165,0.06650447100400925,0.007517338264733553,0.04160109534859657
273,9.1,,,,insightface_bbox,0.7491275072097778,0.0,750.2310791015625,936.7971801757812,2336.73193359375,0,0,1,0,0,0,0,0,0,1,0,1,0.04059857130050659,0.017730610445141792,0.20221710205078125,0.016043812036514282,0.007337821181863546,0.020029205828905106,0.006600876338779926,0.02609059028327465,0.08166148513555527,0.06566784530878067,0.007973906584084034,0.042334701865911484
274,9.133333333333333,,,,insightface_bbox,0.7491275072097778,0.0,750.2310791015625,936.7971801757812,2336.73193359375,0,0,1,0,0,0,0,0,0,1,0,1,0.040763869881629944,0.01786798983812332,0.20412799715995789,0.01603705622255802,0.007332139182835817,0.020495887845754623,0.006664348766207695,0.025745349004864693,0.07994750142097473,0.06376534700393677,0.008437925018370152,0.04201848804950714
275,9.166666666666666,,,,insightface_bbox,0.7491275072097778,0.0,750.2310791015625,936.7971801757812,2336.73193359375,0,0,1,0,0,0,0,0,0,1,0,0,0.04194599390029907,0.018464624881744385,0.21494194865226746,0.016621362417936325,0.007376423571258783,0.021552585065364838,0.0074332645162940025,0.02611345797777176,0.07954035699367523,0.06335367262363434,0.0096367746591568,0.04385530948638916
276,9.2,,,,insightface_bbox,0.7527337074279785,0.0,754.7975463867188,940.9732055664062,2322.0673828125,0,0,1,0,0,0,0,0,0,1,0,0,0.04091601446270943,0.018178023397922516,0.22557106614112854,0.016546424478292465,0.006907244212925434,0.022360190749168396,0.007240169681608677,0.026233162730932236,0.08136172592639923,0.06277884542942047,0.010691508650779724,0.04633590579032898
277,9.233333333333333,,,,insightface_bbox,0.7527337074279785,0.0,754.7975463867188,940.9732055664062,2322.0673828125,0,0,1,0,0,0,0,0,0,1,0,0,0.035926174372434616,0.016609856858849525,0.21642787754535675,0.016284987330436707,0.00690532336011529,0.020605482161045074,0.0071892631240189075,0.025547247380018234,0.07828773558139801,0.06359566748142242,0.011139929294586182,0.04879879206418991
278,9.266666666666667,,,,insightface_bbox,0.7527337074279785,0.0,754.7975463867188,940.9732055664062,2322.0673828125,0,0,1,0,0,0,0,0,0,1,0,0,0.032166000455617905,0.01558975875377655,0.18756182491779327,0.015680208802223206,0.006490497849881649,0.020059609785676003,0.007021148689091206,0.025002120062708855,0.07720503211021423,0.0629110038280487,0.010636216960847378,0.046188052743673325
279,9.3,,,,insightface_bbox,0.7527337074279785,0.0,754.7975463867188,940.9732055664062,2322.0673828125,0,0,1,0,0,0,0,0,0,1,0,0,0.030771713703870773,0.014940936118364334,0.1793520152568817,0.01516926009207964,0.006232833955436945,0.019136885181069374,0.007112681865692139,0.023813296109437943,0.07484682649374008,0.06018582358956337,0.010149398818612099,0.04431384056806564
280,9.333333333333334,,,,insightface_bbox,0.7527337074279785,0.0,754.7975463867188,940.9732055664062,2322.0673828125,0,0,1,0,0,0,0,0,0,1,0,0,0.03014957346022129,0.01484176330268383,0.1777110993862152,0.015045685693621635,0.006236782763153315,0.019122900441288948,0.007416147273033857,0.023519158363342285,0.07406757771968842,0.060756996273994446,0.00956704281270504,0.04414026439189911
281,9.366666666666667,,,,insightface_bbox,0.7527337074279785,0.0,754.7975463867188,940.9732055664062,2322.0673828125,0,0,1,0,0,0,0,0,0,1,0,0,0.03175061196088791,0.0154058076441288,0.20154522359371185,0.015874335542321205,0.0066964696161448956,0.02036701887845993,0.008224102668464184,0.024890154600143433,0.07808955013751984,0.06309761852025986,0.01003535557538271,0.045522235333919525
282,9.4,,,,insightface_bbox,0.742444634437561,0.0,775.9151611328125,908.7216796875,2388.659912109375,0,0,1,0,0,0,0,0,0,1,0,0,0.03794904425740242,0.017901962623000145,0.22066311538219452,0.015282426960766315,0.005937641486525536,0.016538962721824646,0.0049187177792191505,0.02302849479019642,0.061697643250226974,0.05025920271873474,0.007853193208575249,0.03743349015712738
283,9.433333333333334,,,,insightface_bbox,0.742444634437561,0.0,775.9151611328125,908.7216796875,2388.659912109375,0,0,1,0,0,0,0,0,0,1,0,0,0.04191520810127258,0.01948639005422592,0.23992346227169037,0.016497207805514336,0.006313943769782782,0.018137557432055473,0.005104432348161936,0.0238039530813694,0.06080833077430725,0.04783792048692703,0.010516749694943428,0.04298713058233261
284,9.466666666666667,,,,insightface_bbox,0.742444634437561,0.0,775.9151611328125,908.7216796875,2388.659912109375,0,0,1,0,0,0,0,0,0,1,0,0,0.033690497279167175,0.01614663563668728,0.19676469266414642,0.013614115305244923,0.0056141759268939495,0.014753985218703747,0.004323061555624008,0.020755911245942116,0.060292523354291916,0.04759960621595383,0.005164078902453184,0.03241441771388054
285,9.5,,,,insightface_bbox,0.742444634437561,0.0,775.9151611328125,908.7216796875,2388.659912109375,0,0,1,0,0,0,0,0,0,1,0,0,0.029932094737887383,0.01473269797861576,0.20256714522838593,0.013224229216575623,0.005724997725337744,0.015771567821502686,0.004588949494063854,0.020849844440817833,0.05989428237080574,0.05030226334929466,0.005183329340070486,0.030919596552848816
286,9.533333333333333,,,,insightface_bbox,0.742444634437561,0.0,775.9151611328125,908.7216796875,2388.659912109375,0,0,1,0,0,0,0,0,0,1,0,0,0.03131186217069626,0.015501953661441803,0.1956430971622467,0.014257178641855717,0.00628854101523757,0.016920434311032295,0.005315342918038368,0.021571246907114983,0.06349499523639679,0.053008195012807846,0.0069031016901135445,0.037941787391901016
287,9.566666666666666,,,,insightface_bbox,0.742444634437561,0.0,775.9151611328125,908.7216796875,2388.659912109375,0,0,1,0,0,0,0,0,0,1,0,0,0.03237878158688545,0.01572495512664318,0.19992759823799133,0.014387430623173714,0.006149678956717253,0.0173411276191473,0.005162546876817942,0.02161020040512085,0.06393516063690186,0.05177650600671768,0.008024327456951141,0.03887695074081421
288,9.6,,,,insightface_bbox,0.7360058426856995,0.0,766.3364868164062,949.4902954101562,2313.109130859375,0,0,1,0,0,0,0,0,0,1,0,0,0.037049636244773865,0.017163941636681557,0.18095946311950684,0.015556876547634602,0.006883976981043816,0.021640973165631294,0.006888099014759064,0.024374626576900482,0.0746777355670929,0.0574290007352829,0.009013377130031586,0.0396256223320961
289,9.633333333333333,,,,insightface_bbox,0.7360058426856995,0.0,766.3364868164062,949.4902954101562,2313.109130859375,0,0,1,0,0,0,0,0,0,1,0,0,0.03795728459954262,0.017814340069890022,0.1929219365119934,0.016293952241539955,0.007186469621956348,0.023135092109441757,0.00754860183224082,0.025436602532863617,0.07684106379747391,0.06027403473854065,0.009781061671674252,0.04141376167535782
290,9.666666666666666,,,,insightface_bbox,0.7360058426856995,0.0,766.3364868164062,949.4902954101562,2313.109130859375,0,0,1,0,0,0,0,0,0,1,0,0,0.03849666565656662,0.017697181552648544,0.20107510685920715,0.01617748662829399,0.007060450501739979,0.02242593839764595,0.007474090903997421,0.025468094274401665,0.07638214528560638,0.06072409078478813,0.010052806697785854,0.04387415945529938
291,9.7,,,,insightface_bbox,0.7360058426856995,0.0,766.3364868164062,949.4902954101562,2313.109130859375,0,0,1,0,0,0,0,0,0,1,0,0,0.03922724723815918,0.0180845744907856,0.19913949072360992,0.0165842454880476,0.007442631293088198,0.022677460685372353,0.0080671152099967,0.026341870427131653,0.07834919542074203,0.06464573740959167,0.010290221311151981,0.04629205912351608
292,9.733333333333333,,,,insightface_bbox,0.7360058426856995,0.0,766.3364868164062,949.4902954101562,2313.109130859375,0,0,1,0,0,0,0,0,0,1,0,0,0.040206216275691986,0.018636904656887054,0.18829764425754547,0.01672111265361309,0.0073569356463849545,0.022774338722229004,0.008253397420048714,0.026502694934606552,0.07810818403959274,0.06537769734859467,0.010229685343801975,0.04576435685157776
293,9.766666666666667,,,,insightface_bbox,0.7360058426856995,0.0,766.3364868164062,949.4902954101562,2313.109130859375,0,0,1,0,0,0,0,0,0,1,0,0,0.04042245075106621,0.01879621110856533,0.18146854639053345,0.016355419531464577,0.007431013509631157,0.023159656673669815,0.0076937247067689896,0.02630816586315632,0.0786355584859848,0.06525502353906631,0.009408184327185154,0.043813977390527725
294,9.8,,,,insightface_bbox,0.7555429935455322,0.0,772.8472290039062,940.8705444335938,2304.2939453125,0,0,1,0,0,0,0,0,0,1,0,0,0.04157629609107971,0.020010190084576607,0.1874387264251709,0.016377579420804977,0.007495351601392031,0.021767178550362587,0.007261623628437519,0.02610020525753498,0.07617726176977158,0.06260229647159576,0.007741766981780529,0.04297703504562378
295,9.833333333333334,,,,insightface_bbox,0.7555429935455322,0.0,772.8472290039062,940.8705444335938,2304.2939453125,0,0,1,0,0,0,0,0,0,1,0,0,0.04029422998428345,0.019137801602482796,0.18958863615989685,0.015547546558082104,0.0069285607896745205,0.020367152988910675,0.006731397472321987,0.024238282814621925,0.0747445598244667,0.05954444408416748,0.006640279199928045,0.03869262710213661
296,9.866666666666667,,,,insightface_bbox,0.7555429935455322,0.0,772.8472290039062,940.8705444335938,2304.2939453125,0,0,1,0,0,0,0,0,0,1,0,0,0.03889893740415573,0.018422085791826248,0.18641681969165802,0.01522961538285017,0.006729663349688053,0.020013801753520966,0.00648663192987442,0.02396591380238533,0.07466661930084229,0.05910079553723335,0.006534048356115818,0.03824804723262787
297,9.9,,,,insightface_bbox,0.7555429935455322,0.0,772.8472290039062,940.8705444335938,2304.2939453125,0,0,1,0,0,0,0,0,0,1,0,0,0.03905526548624039,0.018282035365700722,0.1904411017894745,0.01548007596284151,0.006792606320232153,0.020305460318922997,0.0068496596068143845,0.024368934333324432,0.07583477348089218,0.05996639281511307,0.00733870780095458,0.04074212536215782
298,9.933333333333334,,,,insightface_bbox,0.7555429935455322,0.0,772.8472290039062,940.8705444335938,2304.2939453125,0,0,1,0,0,0,0,0,0,1,0,0,0.03667302429676056,0.017259109765291214,0.18607117235660553,0.015291983261704445,0.006879638414829969,0.019387900829315186,0.006862999871373177,0.024108029901981354,0.07365545630455017,0.06015540659427643,0.008041772991418839,0.04432607442140579
299,9.966666666666667,,,,insightface_bbox,0.7555429935455322,0.0,772.8472290039062,940.8705444335938,2304.2939453125,0,0,1,0,0,0,0,0,0,1,0,0,0.03260253369808197,0.016205506399273872,0.15904606878757477,0.015037892386317253,0.0069765010848641396,0.01775210164487362,0.0066710421815514565,0.024529192596673965,0.0729149803519249,0.06173519790172577,0.0072222137823700905,0.042017556726932526
300,10.0,,,,insightface_bbox,0.7442022562026978,0.0,750.2915649414062,932.997314453125,2359.966064453125,0,0,1,0,0,0,0,0,0,1,0,0,0.03286610171198845,0.01608959399163723,0.14183378219604492,0.014451717957854271,0.006559975910931826,0.015808217227458954,0.006084735505282879,0.024517592042684555,0.07074945420026779,0.05799107626080513,0.0065610227175056934,0.036775004118680954
301,10.033333333333333,,,,insightface_bbox,0.7442022562026978,0.0,750.2915649414062,932.997314453125,2359.966064453125,0,0,1,0,0,0,0,0,0,1,0,0,0.03259803727269173,0.01571778766810894,0.14034777879714966,0.014301235787570477,0.006324392277747393,0.014729635789990425,0.0061805411241948605,0.0243631973862648,0.06782044470310211,0.05680292099714279,0.006042418070137501,0.03538089990615845
302,10.066666666666666,,,,insightface_bbox,0.7442022562026978,0.0,750.2915649414062,932.997314453125,2359.966064453125,0,0,1,0,0,0,0,0,0,1,0,0,0.033848658204078674,0.016255810856819153,0.14080125093460083,0.014864564873278141,0.006193517707288265,0.015215590596199036,0.006612513680011034,0.02403932809829712,0.06834117323160172,0.057224687188863754,0.006506082136183977,0.035694390535354614
303,10.1,,,,insightface_bbox,0.7442022562026978,0.0,750.2915649414062,932.997314453125,2359.966064453125,0,0,1,0,0,0,0,0,0,1,0,0,0.03337056562304497,0.016240596771240234,0.148074671626091,0.014919810928404331,0.00641958974301815,0.015580286271870136,0.00674783019348979,0.024009082466363907,0.0665159597992897,0.055750343948602676,0.006410690024495125,0.03427594527602196
304,10.133333333333333,,,,insightface_bbox,0.7442022562026978,0.0,750.2915649414062,932.997314453125,2359.966064453125,0,0,1,0,0,0,0,0,0,1,0,0,0.03369370475411415,0.016370093449950218,0.1529092639684677,0.014966529794037342,0.006499039940536022,0.015788888558745384,0.006766028236597776,0.02401873469352722,0.06647375226020813,0.05522898957133293,0.006646087393164635,0.035125888884067535
305,10.166666666666666,,,,insightface_bbox,0.7442022562026978,0.0,750.2915649414062,932.997314453125,2359.966064453125,0,0,1,0,0,0,0,0,0,1,0,0,0.033694788813591,0.01633370667695999,0.15112890303134918,0.01495974138379097,0.0064410436898469925,0.015888435766100883,0.006554220803081989,0.024214543402194977,0.0656287744641304,0.05469894036650658,0.0071150134317576885,0.036627814173698425
306,10.2,,,,insightface_bbox,0.7239940166473389,0.0,776.8004150390625,923.9959106445312,2406.9404296875,0,0,1,0,0,0,0,0,0,1,0,0,0.03247939422726631,0.016266044229269028,0.1590949296951294,0.013253530487418175,0.006026932038366795,0.015436911955475807,0.004549147095531225,0.02237396128475666,0.06279167532920837,0.05079098418354988,0.00514193857088685,0.02918543666601181
307,10.233333333333333,,,,insightface_bbox,0.7239940166473389,0.0,776.8004150390625,923.9959106445312,2406.9404296875,0,0,1,0,0,0,0,0,0,1,0,0,0.03023276850581169,0.01570260524749756,0.12940286099910736,0.013260718435049057,0.00610907468944788,0.015962552279233932,0.004765043035149574,0.022315293550491333,0.061263371258974075,0.04923126846551895,0.006252006161957979,0.029717132449150085
308,10.266666666666667,,,,insightface_bbox,0.7239940166473389,0.0,776.8004150390625,923.9959106445312,2406.9404296875,0,0,1,0,0,0,0,0,0,1,0,0,0.02829612046480179,0.015112892724573612,0.11988912522792816,0.012997900135815144,0.006058644037693739,0.015244399197399616,0.004747301805764437,0.02147574909031391,0.0585365854203701,0.04884805530309677,0.005640816409140825,0.029825538396835327
309,10.3,,,,insightface_bbox,0.7239940166473389,0.0,776.8004150390625,923.9959106445312,2406.9404296875,0,0,1,0,0,0,0,0,0,1,0,0,0.029602328315377235,0.015137541107833385,0.13256533443927765,0.013054611161351204,0.006283859256654978,0.015445993281900883,0.004743305034935474,0.021537311375141144,0.060347311198711395,0.05046612769365311,0.005298316478729248,0.03107050061225891
310,10.333333333333334,,,,insightface_bbox,0.7239940166473389,0.0,776.8004150390625,923.9959106445312,2406.9404296875,0,0,1,0,0,0,0,0,0,1,0,0,0.031269870698451996,0.015779847279191017,0.14715787768363953,0.013530431315302849,0.006669932976365089,0.016064269468188286,0.005015775095671415,0.022068152204155922,0.06324901431798935,0.05178584158420563,0.0054331133142113686,0.03264709189534187
311,10.366666666666667,,,,insightface_bbox,0.7239940166473389,0.0,776.8004150390625,923.9959106445312,2406.9404296875,0,0,1,0,0,0,0,0,0,1,0,0,0.03146383538842201,0.015729380771517754,0.15268132090568542,0.013609169982373714,0.006922080647200346,0.015914008021354675,0.0050239865668118,0.022128134965896606,0.0635467916727066,0.05210184305906296,0.0051897550001740456,0.03303245082497597
312,10.4,,,,insightface_bbox,0.7462153434753418,0.0,776.9758911132812,927.84228515625,2341.076416015625,0,0,1,0,0,0,0,0,0,1,0,0,0.034051381051540375,0.016426682472229004,0.17072024941444397,0.015104137361049652,0.00685515534132719,0.01630569063127041,0.006594762671738863,0.02342640422284603,0.06756790727376938,0.05673818290233612,0.0070436811074614525,0.039702266454696655
313,10.433333333333334,,,,insightface_bbox,0.7462153434753418,0.0,776.9758911132812,927.84228515625,2341.076416015625,0,0,1,0,0,0,0,0,0,1,0,0,0.03399725258350372,0.01666424795985222,0.17909333109855652,0.015447225421667099,0.006811772473156452,0.016687793657183647,0.00702811311930418,0.023948337882757187,0.06720759719610214,0.055659644305706024,0.00802050344645977,0.04073765501379967
314,10.466666666666667,,,,insightface_bbox,0.7462153434753418,0.0,776.9758911132812,927.84228515625,2341.076416015625,0,0,1,0,0,0,0,0,0,1,0,0,0.03449694812297821,0.016346659511327744,0.18332093954086304,0.015062117949128151,0.006961031351238489,0.016384758055210114,0.006886944640427828,0.023798566311597824,0.06861426681280136,0.056889936327934265,0.0075171953067183495,0.04053684324026108
315,10.5,,,,insightface_bbox,0.7462153434753418,0.0,776.9758911132812,927.84228515625,2341.076416015625,0,0,1,0,0,0,0,0,0,1,0,0,0.035647790879011154,0.01705988124012947,0.18960291147232056,0.01579488441348076,0.007327576633542776,0.01690632849931717,0.007915448397397995,0.024282338097691536,0.06816929578781128,0.0566118024289608,0.00820623803883791,0.04208993539214134
316,10.533333333333333,,,,insightface_bbox,0.7462153434753418,0.0,776.9758911132812,927.84228515625,2341.076416015625,0,0,1,0,0,0,0,0,0,1,0,0,0.03608124330639839,0.01718212477862835,0.18753297626972198,0.01571604050695896,0.007257071323692799,0.01641836389899254,0.008091408759355545,0.024163223803043365,0.06793870776891708,0.05657628923654556,0.007419859059154987,0.04100622609257698
317,10.566666666666666,,,,insightface_bbox,0.7462153434753418,0.0,776.9758911132812,927.84228515625,2341.076416015625,0,0,1,0,0,0,0,0,0,1,0,0,0.035004906356334686,0.016642097383737564,0.17677582800388336,0.015305809676647186,0.007239838596433401,0.016027234494686127,0.007442529313266277,0.023962516337633133,0.06818103790283203,0.05699983984231949,0.0069314343854784966,0.039339419454336166
318,10.6,,,,insightface_bbox,0.7575767636299133,0.0,759.733642578125,929.8831176757812,2298.621826171875,0,0,1,0,0,0,0,0,0,1,0,0,0.03376830741763115,0.01617707870900631,0.17060786485671997,0.014890078455209732,0.007083204109221697,0.015935201197862625,0.007191008888185024,0.023759115487337112,0.0685196965932846,0.058059029281139374,0.006337033584713936,0.03865646570920944
319,10.633333333333333,,,,insightface_bbox,0.7575767636299133,0.0,759.733642578125,929.8831176757812,2298.621826171875,0,0,1,0,0,0,0,0,0,1,0,0,0.036246053874492645,0.017168879508972168,0.17731156945228577,0.01535998098552227,0.0075493063777685165,0.01683858223259449,0.0075879949145019054,0.02423926070332527,0.07256189733743668,0.05786736309528351,0.006258872337639332,0.039682332426309586
320,10.666666666666666,,,,insightface_bbox,0.7575767636299133,0.0,759.733642578125,929.8831176757812,2298.621826171875,0,0,1,0,0,0,0,0,0,1,0,0,0.03717321902513504,0.017396962270140648,0.17598643898963928,0.01540060993283987,0.0075005595572292805,0.017234278842806816,0.007496771402657032,0.02416904829442501,0.07229536026716232,0.05753296613693237,0.006724093575030565,0.04120180010795593
321,10.7,,,,insightface_bbox,0.7575767636299133,0.0,759.733642578125,929.8831176757812,2298.621826171875,0,0,1,0,0,0,0,0,0,1,0,0,0.03670933470129967,0.017066221684217453,0.18248526751995087,0.015461213886737823,0.007661184761673212,0.017207756638526917,0.007400513626635075,0.024746490642428398,0.07323437184095383,0.060243573039770126,0.006474096328020096,0.04128287732601166
322,10.733333333333333,,,,insightface_bbox,0.7575767636299133,0.0,759.733642578125,929.8831176757812,2298.621826171875,0,0,1,0,0,0,0,0,0,1,0,0,0.0368969663977623,0.017293475568294525,0.183987095952034,0.015515903010964394,0.00764923682436347,0.017307497560977936,0.007403256371617317,0.02501632273197174,0.07098087668418884,0.060317978262901306,0.006502910517156124,0.04076855257153511
