frame_idx,frame_time_in_ms,pitch,yaw,roll,face_alignment_method,face_detection_score,face_bbox_xmin,face_bbox_ymin,face_bbox_xmax,face_bbox_ymax,au_1,au_2,au_4,au_6,au_7,au_10,au_12,au_14,au_15,au_17,au_23,au_24,au_1_intensity,au_2_intensity,au_4_intensity,au_5_intensity,au_6_intensity,au_9_intensity,au_12_intensity,au_15_intensity,au_17_intensity,au_20_intensity,au_25_intensity,au_26_intensity
0,0.0,,,,insightface_bbox,0.6173955202102661,0.0,831.9891967773438,730.5557861328125,2296.62841796875,1,0,1,0,0,0,0,0,0,1,0,0,0.06733222305774689,0.028754286468029022,1.2382493019104004,0.018363747745752335,0.007305316627025604,0.014501510187983513,0.006421087775379419,0.021585896611213684,0.05914868414402008,0.04590969532728195,0.022256165742874146,0.04250580444931984
1,0.03333333333333333,,,,insightface_bbox,0.6173955202102661,0.0,831.9891967773438,730.5557861328125,2296.62841796875,1,0,1,0,0,0,0,0,0,1,0,1,0.06419464200735092,0.02969636395573616,1.2395973205566406,0.02129589393734932,0.008046858943998814,0.014411206357181072,0.007749621290713549,0.025020144879817963,0.07476084679365158,0.04488837346434593,0.022745011374354362,0.04188479483127594
2,0.06666666666666667,,,,insightface_bbox,0.6173955202102661,0.0,831.9891967773438,730.5557861328125,2296.62841796875,1,0,1,0,0,0,0,0,0,1,0,1,0.06393426656723022,0.02987249754369259,1.1572445631027222,0.022280745208263397,0.00791291892528534,0.014081617817282677,0.008728228509426117,0.023959845304489136,0.07128625363111496,0.04394551366567612,0.021462518721818924,0.046074073761701584
3,0.1,,,,insightface_bbox,0.6173955202102661,0.0,831.9891967773438,730.5557861328125,2296.62841796875,1,0,1,0,0,0,0,0,0,1,0,1,0.06445375084877014,0.030122406780719757,1.151524543762207,0.022315360605716705,0.007902235724031925,0.013926652260124683,0.009008483029901981,0.023633521050214767,0.07063627988100052,0.04352178797125816,0.02080557681620121,0.0452837273478508
4,0.13333333333333333,,,,insightface_bbox,0.6173955202102661,0.0,831.9891967773438,730.5557861328125,2296.62841796875,1,0,1,0,0,0,0,0,0,1,0,1,0.06337094306945801,0.029547907412052155,1.1211903095245361,0.02173711732029915,0.007599517237395048,0.01372544839978218,0.008733348920941353,0.023304754868149757,0.06993728876113892,0.04402879253029823,0.020044296979904175,0.04435369372367859
5,0.16666666666666666,,,,insightface_bbox,0.6173955202102661,0.0,831.9891967773438,730.5557861328125,2296.62841796875,1,0,1,0,0,0,0,0,0,1,0,1,0.06343653053045273,0.029966916888952255,1.1316558122634888,0.021925782784819603,0.007850301451981068,0.013973192311823368,0.0091635100543499,0.022624120116233826,0.07068736851215363,0.043218329548835754,0.020336881279945374,0.04430839419364929
6,0.2,,,,insightface_bbox,0.6469913125038147,0.0,771.720947265625,733.5824584960938,2325.82177734375,1,0,1,0,0,0,0,0,0,1,0,1,0.060674626380205154,0.027819767594337463,1.0625333786010742,0.02043352648615837,0.007711781654506922,0.014372257515788078,0.008642437867820263,0.022215157747268677,0.07041433453559875,0.04258647933602333,0.017563458532094955,0.04079999402165413
7,0.23333333333333334,,,,insightface_bbox,0.6469913125038147,0.0,771.720947265625,733.5824584960938,2325.82177734375,1,0,1,0,0,0,0,0,0,1,0,1,0.059720542281866074,0.027270276099443436,1.0308635234832764,0.020270610228180885,0.007777020800858736,0.014557646587491035,0.008648993447422981,0.021971244364976883,0.0695914626121521,0.04292428120970726,0.01752541959285736,0.04023408517241478
8,0.26666666666666666,,,,insightface_bbox,0.6469913125038147,0.0,771.720947265625,733.5824584960938,2325.82177734375,1,0,1,0,0,0,0,0,0,1,0,1,0.0589669868350029,0.026781706139445305,1.0214358568191528,0.019979242235422134,0.007727696094661951,0.014523672871291637,0.008555701933801174,0.02192983217537403,0.06950905919075012,0.04328662529587746,0.017612580209970474,0.040266260504722595
9,0.3,,,,insightface_bbox,0.6469913125038147,0.0,771.720947265625,733.5824584960938,2325.82177734375,1,0,1,0,0,0,0,0,0,1,0,1,0.05917675420641899,0.026797866448760033,1.0313220024108887,0.01990664005279541,0.007767481729388237,0.014647435396909714,0.008623452857136726,0.021717043593525887,0.06915056705474854,0.043749719858169556,0.018225165084004402,0.04081398621201515
10,0.3333333333333333,,,,insightface_bbox,0.6469913125038147,0.0,771.720947265625,733.5824584960938,2325.82177734375,1,0,1,0,0,0,0,0,0,1,0,1,0.05884552374482155,0.026717152446508408,1.0307042598724365,0.01972377486526966,0.007858283817768097,0.014700988307595253,0.00875035859644413,0.021037612110376358,0.06878118216991425,0.04320501908659935,0.0178972277790308,0.04021074250340462
11,0.36666666666666664,,,,insightface_bbox,0.6469913125038147,0.0,771.720947265625,733.5824584960938,2325.82177734375,1,0,1,0,0,0,0,0,0,1,0,1,0.058358706533908844,0.026358554139733315,1.0069854259490967,0.019270775839686394,0.007651281077414751,0.014680334366858006,0.008257260546088219,0.021060612052679062,0.06846464425325394,0.04360996559262276,0.017649801447987556,0.03957528620958328
12,0.4,,,,insightface_bbox,0.6414538025856018,0.0,738.3765869140625,737.5964965820312,2323.20751953125,1,0,1,0,0,0,0,0,0,1,0,1,0.056919604539871216,0.024962447583675385,0.9952629804611206,0.017780160531401634,0.00797886960208416,0.015322472900152206,0.007678197696805,0.020449534058570862,0.06604543328285217,0.0431533120572567,0.01438215747475624,0.03611494228243828
13,0.43333333333333335,,,,insightface_bbox,0.6414538025856018,0.0,738.3765869140625,737.5964965820312,2323.20751953125,1,0,1,0,0,0,0,0,0,1,0,1,0.0583205446600914,0.024905189871788025,0.9574066996574402,0.017614908516407013,0.007985060103237629,0.015511006116867065,0.007479686755686998,0.020719487220048904,0.06802724301815033,0.04244499281048775,0.014156246557831764,0.03499302268028259
14,0.4666666666666667,,,,insightface_bbox,0.6414538025856018,0.0,738.3765869140625,737.5964965820312,2323.20751953125,1,0,1,0,0,0,0,0,0,1,0,1,0.0574268102645874,0.02469557337462902,0.964492678642273,0.017269931733608246,0.008004818111658096,0.015487762168049812,0.007389500271528959,0.01982719451189041,0.0660519227385521,0.04194601997733116,0.013897320255637169,0.03447474166750908
15,0.5,,,,insightface_bbox,0.6414538025856018,0.0,738.3765869140625,737.5964965820312,2323.20751953125,1,0,1,0,0,0,0,0,0,1,0,1,0.05724227428436279,0.024776674807071686,0.9572135210037231,0.017260514199733734,0.007899985648691654,0.015325808897614479,0.007317392621189356,0.01984010636806488,0.06512022018432617,0.0415860116481781,0.013737162575125694,0.034514106810092926
16,0.5333333333333333,,,,insightface_bbox,0.6414538025856018,0.0,738.3765869140625,737.5964965820312,2323.20751953125,1,0,1,0,0,0,0,0,0,1,0,1,0.05756206437945366,0.024900466203689575,0.9662311673164368,0.01730448193848133,0.008123925887048244,0.015792159363627434,0.0073919110000133514,0.019796697422862053,0.06573683023452759,0.041735079139471054,0.014078552834689617,0.03440473973751068
17,0.5666666666666667,,,,insightface_bbox,0.6414538025856018,0.0,738.3765869140625,737.5964965820312,2323.20751953125,1,0,1,0,0,0,0,0,0,1,0,1,0.057249777019023895,0.024913793429732323,0.9553238153457642,0.017183911055326462,0.008059737272560596,0.015793999657034874,0.00742040341719985,0.019753238186240196,0.06569910049438477,0.041390545666217804,0.013679835945367813,0.034241534769535065
18,0.6,,,,insightface_bbox,0.6455672383308411,0.0,741.7393188476562,736.6793212890625,2335.072998046875,1,0,1,0,0,0,0,0,0,1,0,1,0.05425148084759712,0.023993385955691338,0.8622199892997742,0.016476357355713844,0.006996951997280121,0.014585106633603573,0.00636961730197072,0.02065916359424591,0.06817237287759781,0.04379671439528465,0.013176518492400646,0.03278828784823418
19,0.6333333333333333,,,,insightface_bbox,0.6455672383308411,0.0,741.7393188476562,736.6793212890625,2335.072998046875,1,0,1,0,0,0,0,0,0,1,0,1,0.053873490542173386,0.02457508072257042,0.9087795615196228,0.01676928997039795,0.007346371188759804,0.01468445174396038,0.006723193451762199,0.02078191190958023,0.06848354637622833,0.04188629984855652,0.014095043763518333,0.03360588848590851
20,0.6666666666666666,,,,insightface_bbox,0.6455672383308411,0.0,741.7393188476562,736.6793212890625,2335.072998046875,1,0,1,0,0,0,0,0,0,1,0,1,0.05370526760816574,0.02439507097005844,0.8818814754486084,0.016297269612550735,0.007114202715456486,0.014511959627270699,0.006554504856467247,0.02035367488861084,0.06847617030143738,0.041575491428375244,0.013282714411616325,0.03308437392115593
21,0.7,,,,insightface_bbox,0.6455672383308411,0.0,741.7393188476562,736.6793212890625,2335.072998046875,1,0,1,0,0,0,0,0,0,1,0,1,0.05050268396735191,0.023172302171587944,0.853001594543457,0.015323085710406303,0.0065940432250499725,0.013687866739928722,0.006164971739053726,0.018815964460372925,0.06790117174386978,0.040181443095207214,0.011504245921969414,0.030798189342021942
22,0.7333333333333333,,,,insightface_bbox,0.6455672383308411,0.0,741.7393188476562,736.6793212890625,2335.072998046875,0,0,1,0,0,0,0,0,0,1,0,1,0.048819027841091156,0.022645749151706696,0.852443516254425,0.015097646974027157,0.006430197972804308,0.013550566509366035,0.006209761835634708,0.018159767612814903,0.06931249797344208,0.04007713869214058,0.010994432494044304,0.030506150797009468
23,0.7666666666666667,,,,insightface_bbox,0.6455672383308411,0.0,741.7393188476562,736.6793212890625,2335.072998046875,0,0,1,0,0,0,0,0,0,1,0,1,0.049780700355768204,0.02321843057870865,0.8368394374847412,0.015390436165034771,0.00655302545055747,0.01373344101011753,0.006467554718255997,0.01821940578520298,0.06898447871208191,0.04011615738272667,0.01120867021381855,0.0316702164709568
24,0.8,,,,insightface_bbox,0.666746973991394,0.0,708.9093627929688,764.896484375,2342.022216796875,0,0,1,0,0,0,0,0,0,1,0,0,0.05058494210243225,0.022071920335292816,0.7026535272598267,0.013765372335910797,0.00656169094145298,0.01478112768381834,0.005348221864551306,0.017958657816052437,0.06210857629776001,0.03869984298944473,0.009399502538144588,0.029077719897031784
25,0.8333333333333334,,,,insightface_bbox,0.666746973991394,0.0,708.9093627929688,764.896484375,2342.022216796875,0,0,1,0,0,0,0,0,0,1,0,0,0.05103551596403122,0.022888869047164917,0.7472481727600098,0.014623679220676422,0.006782554555684328,0.015207570977509022,0.006005322095006704,0.018209384754300117,0.06256681680679321,0.039676543325185776,0.01027650572359562,0.03024761751294136
26,0.8666666666666667,,,,insightface_bbox,0.666746973991394,0.0,708.9093627929688,764.896484375,2342.022216796875,0,0,1,0,0,0,0,0,0,1,0,0,0.05135229229927063,0.022396279498934746,0.5678368806838989,0.01405760832130909,0.006731221918016672,0.01510088425129652,0.006098446436226368,0.018163247033953667,0.06599824130535126,0.03895069658756256,0.008906736969947815,0.028975065797567368
27,0.9,,,,insightface_bbox,0.666746973991394,0.0,708.9093627929688,764.896484375,2342.022216796875,0,0,1,0,0,0,0,0,0,1,0,0,0.051057055592536926,0.022481180727481842,0.5492610931396484,0.014245245605707169,0.006622910033911467,0.014677375555038452,0.006451579742133617,0.01784561388194561,0.06403957307338715,0.03844625875353813,0.009897829964756966,0.029191086068749428
28,0.9333333333333333,,,,insightface_bbox,0.666746973991394,0.0,708.9093627929688,764.896484375,2342.022216796875,0,0,1,0,0,0,0,0,0,1,0,0,0.04950399696826935,0.02181950956583023,0.5036777853965759,0.014205392450094223,0.00623547937721014,0.014265315607190132,0.006186772137880325,0.017846617847681046,0.06190250813961029,0.03862794488668442,0.010545577853918076,0.02828463912010193
29,0.9666666666666667,,,,insightface_bbox,0.666746973991394,0.0,708.9093627929688,764.896484375,2342.022216796875,0,0,1,0,0,0,0,0,0,1,0,0,0.051334746181964874,0.02192828059196472,0.5060479044914246,0.014745610766112804,0.006082415580749512,0.014018033631145954,0.005905273370444775,0.019236918538808823,0.0612645223736763,0.039991866797208786,0.010868514887988567,0.028501156717538834
30,1.0,,,,insightface_bbox,0.6612300872802734,0.0,639.659912109375,812.9853515625,2397.87744140625,0,0,1,0,0,0,0,0,0,1,0,0,0.048095181584358215,0.020742669701576233,0.44833290576934814,0.01481706090271473,0.006291584577411413,0.015142378397285938,0.006248071324080229,0.01816561073064804,0.05091233551502228,0.0377211757004261,0.008477425202727318,0.02515614777803421
31,1.0333333333333334,,,,insightface_bbox,0.6612300872802734,0.0,639.659912109375,812.9853515625,2397.87744140625,0,0,1,0,0,0,0,0,0,1,0,0,0.054219067096710205,0.02360645867884159,0.48588961362838745,0.016449855640530586,0.007854031398892403,0.017864644527435303,0.007616936229169369,0.01950443722307682,0.055449239909648895,0.038888897746801376,0.009313524700701237,0.026765819638967514
32,1.0666666666666667,,,,insightface_bbox,0.6612300872802734,0.0,639.659912109375,812.9853515625,2397.87744140625,0,0,1,0,0,0,0,0,0,1,0,0,0.05472574755549431,0.023971829563379288,0.5080096125602722,0.01679331250488758,0.008096637204289436,0.018593883141875267,0.008586861193180084,0.019643466919660568,0.05842692777514458,0.039766743779182434,0.009914236143231392,0.027537502348423004
33,1.1,,,,insightface_bbox,0.6612300872802734,0.0,639.659912109375,812.9853515625,2397.87744140625,0,0,1,0,0,0,0,0,0,1,0,0,0.05544678121805191,0.02372566983103752,0.4932875633239746,0.016262464225292206,0.008332007564604282,0.01871797814965248,0.008728531189262867,0.019830593839287758,0.06258155405521393,0.0404479056596756,0.009908990934491158,0.02785094454884529
34,1.1333333333333333,,,,insightface_bbox,0.6612300872802734,0.0,639.659912109375,812.9853515625,2397.87744140625,0,0,1,0,0,0,0,0,0,1,0,0,0.05574558675289154,0.02392895705997944,0.49977943301200867,0.016262179240584373,0.008533911779522896,0.018918894231319427,0.009000747464597225,0.019816234707832336,0.06399846076965332,0.04017554968595505,0.009874466806650162,0.02789519727230072
35,1.1666666666666667,,,,insightface_bbox,0.6612300872802734,0.0,639.659912109375,812.9853515625,2397.87744140625,0,0,1,0,0,0,0,0,0,1,0,0,0.054176680743694305,0.023405591025948524,0.48715490102767944,0.016074709594249725,0.008029998280107975,0.018222426995635033,0.008637494407594204,0.019446365535259247,0.06251125782728195,0.039054177701473236,0.009690790437161922,0.027146749198436737
36,1.2,,,,insightface_bbox,0.6608468890190125,0.0,640.7647705078125,819.1203002929688,2385.813232421875,0,0,1,0,0,0,0,0,0,0,0,0,0.054138362407684326,0.023761887103319168,0.43154552578926086,0.016764972358942032,0.007822551764547825,0.018776098266243935,0.009690996259450912,0.02182599902153015,0.06405189633369446,0.03762611001729965,0.015207129530608654,0.029050523415207863
37,1.2333333333333334,,,,insightface_bbox,0.6608468890190125,0.0,640.7647705078125,819.1203002929688,2385.813232421875,0,0,1,0,0,0,0,0,0,0,0,0,0.05165490508079529,0.022946346551179886,0.3798697888851166,0.015781108289957047,0.007702098693698645,0.017819900065660477,0.008872441947460175,0.021299991756677628,0.062291454523801804,0.036338359117507935,0.013407534919679165,0.02810470014810562
38,1.2666666666666666,,,,insightface_bbox,0.6608468890190125,0.0,640.7647705078125,819.1203002929688,2385.813232421875,0,0,1,0,0,0,0,0,0,0,0,0,0.04953279718756676,0.0219911877065897,0.37845873832702637,0.01524963229894638,0.007335832808166742,0.017065947875380516,0.008544822223484516,0.01982518658041954,0.060326673090457916,0.03553612530231476,0.012697706930339336,0.027733417227864265
39,1.3,,,,insightface_bbox,0.6608468890190125,0.0,640.7647705078125,819.1203002929688,2385.813232421875,0,0,1,0,0,0,0,0,0,0,0,0,0.049450501799583435,0.02182246372103691,0.3800250291824341,0.01505419984459877,0.007358386181294918,0.01702592335641384,0.008264709264039993,0.019377507269382477,0.05943537503480911,0.03529483452439308,0.012429988943040371,0.02727980725467205
40,1.3333333333333333,,,,insightface_bbox,0.6608468890190125,0.0,640.7647705078125,819.1203002929688,2385.813232421875,0,0,1,0,0,0,0,0,0,0,0,0,0.05166301876306534,0.02279532141983509,0.3765876591205597,0.015575151890516281,0.007645327132195234,0.017516743391752243,0.008370713330805302,0.020711243152618408,0.06213168054819107,0.03669620305299759,0.012927581556141376,0.027942508459091187
41,1.3666666666666667,,,,insightface_bbox,0.6608468890190125,0.0,640.7647705078125,819.1203002929688,2385.813232421875,0,0,1,0,0,0,0,0,0,0,0,0,0.05286608636379242,0.023074228316545486,0.3823906183242798,0.01644759625196457,0.00766935246065259,0.01844831556081772,0.008533424697816372,0.02161451056599617,0.06092260777950287,0.0384458564221859,0.014580572955310345,0.028331533074378967
42,1.4,,,,insightface_bbox,0.6682137846946716,0.0,665.47802734375,770.7980346679688,2356.231201171875,0,0,1,0,0,0,0,0,0,1,0,0,0.06031888723373413,0.026697035878896713,0.4792576730251312,0.016294844448566437,0.009397734887897968,0.019924433901906013,0.007040016818791628,0.020130909979343414,0.05942126736044884,0.03878232464194298,0.007371669635176659,0.025239819660782814
43,1.4333333333333333,,,,insightface_bbox,0.6682137846946716,0.0,665.47802734375,770.7980346679688,2356.231201171875,0,0,1,0,0,0,0,0,0,1,0,0,0.06097833067178726,0.02783254161477089,0.527522623538971,0.01705305650830269,0.010027029551565647,0.020757300779223442,0.007637403439730406,0.020557699725031853,0.060280170291662216,0.0384792760014534,0.008146757259964943,0.026239149272441864
44,1.4666666666666666,,,,insightface_bbox,0.6682137846946716,0.0,665.47802734375,770.7980346679688,2356.231201171875,0,0,1,0,0,0,0,0,0,1,0,0,0.058700066059827805,0.02762395516037941,0.5318032503128052,0.01736811175942421,0.009821685031056404,0.020481331273913383,0.007592403329908848,0.020443271845579147,0.060727667063474655,0.038309551775455475,0.008423035964369774,0.026156041771173477
45,1.5,,,,insightface_bbox,0.6682137846946716,0.0,665.47802734375,770.7980346679688,2356.231201171875,0,0,1,0,0,0,0,0,0,1,0,0,0.058602772653102875,0.028417028486728668,0.5213868021965027,0.018288664519786835,0.011006073094904423,0.021737879142165184,0.008853644132614136,0.021542835980653763,0.06396927684545517,0.040103062987327576,0.009168531745672226,0.026997586712241173
46,1.5333333333333334,,,,insightface_bbox,0.6682137846946716,0.0,665.47802734375,770.7980346679688,2356.231201171875,0,0,1,0,0,0,0,0,0,1,0,0,0.058709800243377686,0.02854294143617153,0.5375839471817017,0.018263258039951324,0.010824884288012981,0.02141414023935795,0.00896692369133234,0.02121577039361,0.06405101716518402,0.03993847966194153,0.009404938668012619,0.027514083310961723
47,1.5666666666666667,,,,insightface_bbox,0.6682137846946716,0.0,665.47802734375,770.7980346679688,2356.231201171875,0,0,1,0,0,0,0,0,0,1,0,0,0.055318683385849,0.026241613551974297,0.5020757913589478,0.016971129924058914,0.009551692754030228,0.02007923647761345,0.007543335203081369,0.01965446211397648,0.05830502137541771,0.0369085818529129,0.00797233171761036,0.02449038252234459
48,1.6,,,,insightface_bbox,0.6743648052215576,0.0,679.121337890625,761.316162109375,2357.875,0,0,1,0,0,0,0,0,0,1,0,0,0.05543752759695053,0.02564852312207222,0.4569610357284546,0.016673825681209564,0.008807704783976078,0.018623286858201027,0.007127429358661175,0.020321521908044815,0.05767838656902313,0.03762902691960335,0.007804553490132093,0.02499876357614994
49,1.6333333333333333,,,,insightface_bbox,0.6743648052215576,0.0,679.121337890625,761.316162109375,2357.875,0,0,1,0,0,0,0,0,0,1,0,0,0.05398385971784592,0.024561338126659393,0.4367508888244629,0.01568169891834259,0.008749563246965408,0.018535975366830826,0.006928768940269947,0.02044202759861946,0.059604644775390625,0.03856855258345604,0.006768474355340004,0.02344392240047455
50,1.6666666666666667,,,,insightface_bbox,0.6743648052215576,0.0,679.121337890625,761.316162109375,2357.875,0,0,1,0,0,0,0,0,0,1,0,0,0.052679643034935,0.023845991119742393,0.40341809391975403,0.015180260874330997,0.008466710336506367,0.018008600920438766,0.006411093287169933,0.020917754620313644,0.060883741825819016,0.03913833945989609,0.006589017808437347,0.022870436310768127
51,1.7,,,,insightface_bbox,0.6743648052215576,0.0,679.121337890625,761.316162109375,2357.875,0,0,1,0,0,0,0,0,0,1,0,0,0.05294131487607956,0.024010857567191124,0.4060474634170532,0.015112576074898243,0.008362926542758942,0.017832757905125618,0.00606068130582571,0.021037394180893898,0.05970509722828865,0.03905220329761505,0.006800743285566568,0.022958165034651756
52,1.7333333333333334,,,,insightface_bbox,0.6743648052215576,0.0,679.121337890625,761.316162109375,2357.875,0,0,1,0,0,0,0,0,0,1,0,0,0.05420510470867157,0.024641580879688263,0.4202553629875183,0.015452653169631958,0.008622878231108189,0.018092500045895576,0.006349098403006792,0.020855829119682312,0.05858957767486572,0.03853413462638855,0.007041075732558966,0.023651957511901855
53,1.7666666666666666,,,,insightface_bbox,0.6743648052215576,0.0,679.121337890625,761.316162109375,2357.875,0,0,1,0,0,0,0,0,0,1,0,0,0.05480923131108284,0.025399353355169296,0.4396001696586609,0.01583882048726082,0.008951238356530666,0.01897219754755497,0.006684871390461922,0.020589333027601242,0.0574505515396595,0.03845970705151558,0.00721050426363945,0.024100083857774734
54,1.8,,,,insightface_bbox,0.6526955962181091,0.0,645.6895751953125,775.1444091796875,2403.8115234375,0,0,1,0,0,0,0,0,0,1,0,0,0.05440763756632805,0.024717658758163452,0.4517452120780945,0.016110163182020187,0.009214410558342934,0.020038776099681854,0.007039725314825773,0.020539704710245132,0.06236580014228821,0.038128793239593506,0.006979572586715221,0.023111846297979355
55,1.8333333333333333,,,,insightface_bbox,0.6526955962181091,0.0,645.6895751953125,775.1444091796875,2403.8115234375,0,0,1,0,0,0,0,0,0,1,0,0,0.05294126272201538,0.023676900193095207,0.41787081956863403,0.015552840195596218,0.009066823869943619,0.020065344870090485,0.006962225306779146,0.020292531698942184,0.062364544719457626,0.038631364703178406,0.007094704546034336,0.023286566138267517
56,1.8666666666666667,,,,insightface_bbox,0.6526955962181091,0.0,645.6895751953125,775.1444091796875,2403.8115234375,0,0,1,0,0,0,0,0,0,1,0,0,0.052045080810785294,0.023289617151021957,0.40998074412345886,0.01523072924464941,0.008840466849505901,0.01957278698682785,0.006886017043143511,0.019729601219296455,0.061820901930332184,0.0377889983355999,0.0068929907865822315,0.022897636517882347
57,1.9,,,,insightface_bbox,0.6526955962181091,0.0,645.6895751953125,775.1444091796875,2403.8115234375,0,0,1,0,0,0,0,0,0,1,0,0,0.05331266298890114,0.023617375642061234,0.38760244846343994,0.01538040954619646,0.008559693582355976,0.018897756934165955,0.006783010438084602,0.019868168979883194,0.06113103777170181,0.03838543966412544,0.006927326787263155,0.023068752139806747
58,1.9333333333333333,,,,insightface_bbox,0.6526955962181091,0.0,645.6895751953125,775.1444091796875,2403.8115234375,0,0,1,0,0,0,0,0,0,1,0,0,0.05188586562871933,0.022858522832393646,0.3900340795516968,0.01493125595152378,0.008177995681762695,0.017618529498577118,0.006250434555113316,0.01951730065047741,0.05910739302635193,0.037121668457984924,0.006881827022880316,0.022502992302179337
59,1.9666666666666666,,,,insightface_bbox,0.6526955962181091,0.0,645.6895751953125,775.1444091796875,2403.8115234375,0,0,1,0,0,0,0,0,0,1,0,0,0.052589647471904755,0.022980233654379845,0.4120441973209381,0.015118863433599472,0.008712529204785824,0.018431425094604492,0.006397024728357792,0.02027120068669319,0.062484558671712875,0.037872955203056335,0.007348274812102318,0.0230618454515934
60,2.0,,,,insightface_bbox,0.5957139134407043,0.0,684.1728515625,748.8406372070312,2316.747802734375,0,0,1,0,0,0,0,0,0,1,0,0,0.055223263800144196,0.025451485067605972,0.40670913457870483,0.014922520145773888,0.008365343324840069,0.019516244530677795,0.005486009176820517,0.020600033923983574,0.07653018832206726,0.040933310985565186,0.007473595906049013,0.02423866093158722
61,2.033333333333333,,,,insightface_bbox,0.5957139134407043,0.0,684.1728515625,748.8406372070312,2316.747802734375,0,0,1,0,0,0,0,0,0,1,0,0,0.05245661735534668,0.023706011474132538,0.3670785427093506,0.014408575370907784,0.008261400274932384,0.019008154049515724,0.005370899569243193,0.020377136766910553,0.07261037081480026,0.039836592972278595,0.007546837441623211,0.023734962567687035
62,2.066666666666667,,,,insightface_bbox,0.5957139134407043,0.0,684.1728515625,748.8406372070312,2316.747802734375,0,0,1,0,0,0,0,0,0,1,0,0,0.05234861373901367,0.023797087371349335,0.36829161643981934,0.014370420016348362,0.008380972780287266,0.01905147172510624,0.005527156870812178,0.020081961527466774,0.07146967202425003,0.03929511085152626,0.007446217816323042,0.023914018645882607
63,2.1,,,,insightface_bbox,0.5957139134407043,0.0,684.1728515625,748.8406372070312,2316.747802734375,0,0,1,0,0,0,0,0,0,1,0,0,0.05403321236371994,0.024450022727251053,0.37866875529289246,0.014758621342480183,0.00867355428636074,0.019940251484513283,0.005952315870672464,0.02033965475857258,0.07307896763086319,0.039949268102645874,0.007593817077577114,0.024155473336577415
64,2.1333333333333333,,,,insightface_bbox,0.5957139134407043,0.0,684.1728515625,748.8406372070312,2316.747802734375,0,0,1,0,0,0,0,0,0,1,0,0,0.05358961224555969,0.024511754512786865,0.40822434425354004,0.014716587960720062,0.00830131210386753,0.019045500084757805,0.005992805119603872,0.019443392753601074,0.07205430418252945,0.03961079567670822,0.0076327756978571415,0.023638390004634857
65,2.1666666666666665,,,,insightface_bbox,0.5957139134407043,0.0,684.1728515625,748.8406372070312,2316.747802734375,0,0,1,0,0,0,0,0,0,1,0,0,0.051737576723098755,0.024823978543281555,0.37847793102264404,0.015152819454669952,0.008364319801330566,0.019125934690237045,0.006275494117289782,0.020292185246944427,0.07257786393165588,0.04159728065133095,0.008345067501068115,0.024430956691503525
66,2.2,,,,insightface_bbox,0.6597210168838501,0.0,670.925537109375,774.6277465820312,2379.50048828125,0,0,1,0,0,0,0,0,0,1,0,0,0.05502782389521599,0.024583924561738968,0.43395012617111206,0.016116932034492493,0.008795547299087048,0.019636740908026695,0.007320835720747709,0.020208900794386864,0.06248364597558975,0.03897969424724579,0.008158843033015728,0.024165216833353043
67,2.2333333333333334,,,,insightface_bbox,0.6597210168838501,0.0,670.925537109375,774.6277465820312,2379.50048828125,0,0,1,0,0,0,0,0,0,1,0,0,0.055126599967479706,0.024885041639208794,0.4475608170032501,0.016135942190885544,0.009186217561364174,0.020380951464176178,0.007448955439031124,0.02034732699394226,0.06447223573923111,0.039694156497716904,0.007833266630768776,0.02399304509162903
68,2.2666666666666666,,,,insightface_bbox,0.6597210168838501,0.0,670.925537109375,774.6277465820312,2379.50048828125,0,0,1,0,0,0,0,0,0,1,0,0,0.055797021836042404,0.02533450908958912,0.4342534840106964,0.016355371102690697,0.009290630929172039,0.02051772177219391,0.0074395351111888885,0.020541656762361526,0.0642816349864006,0.03941202908754349,0.008052223362028599,0.024353258311748505
69,2.3,,,,insightface_bbox,0.6597210168838501,0.0,670.925537109375,774.6277465820312,2379.50048828125,0,0,1,0,0,0,0,0,0,1,0,0,0.055044591426849365,0.02518335171043873,0.42827218770980835,0.016203273087739944,0.00907785166054964,0.020030660554766655,0.007337663322687149,0.020106319338083267,0.06334338337182999,0.038898833096027374,0.007899414747953415,0.024430379271507263
70,2.3333333333333335,,,,insightface_bbox,0.6597210168838501,0.0,670.925537109375,774.6277465820312,2379.50048828125,0,0,1,0,0,0,0,0,0,1,0,0,0.054384008049964905,0.024544399231672287,0.4152212142944336,0.015738878399133682,0.008582158014178276,0.018956469371914864,0.00704109575599432,0.019609572365880013,0.06259968131780624,0.03897351771593094,0.007367413491010666,0.024015747010707855
71,2.3666666666666667,,,,insightface_bbox,0.6597210168838501,0.0,670.925537109375,774.6277465820312,2379.50048828125,0,0,1,0,0,0,0,0,0,1,0,0,0.056507326662540436,0.02513156272470951,0.4293483793735504,0.015706809237599373,0.008548920042812824,0.018588902428746223,0.006924530491232872,0.019307591021060944,0.061027318239212036,0.03832598403096199,0.007286612875759602,0.02430153265595436
72,2.4,,,,insightface_bbox,0.6337094306945801,0.0,675.9699096679688,774.2630615234375,2319.673095703125,0,0,1,0,0,0,0,0,0,1,0,0,0.0571068711578846,0.024717483669519424,0.4242633283138275,0.015376754105091095,0.008651566691696644,0.019633561372756958,0.006694195792078972,0.019632328301668167,0.06380663067102432,0.03875252231955528,0.006651244591921568,0.022685600444674492
73,2.433333333333333,,,,insightface_bbox,0.6337094306945801,0.0,675.9699096679688,774.2630615234375,2319.673095703125,0,0,1,0,0,0,0,0,0,1,0,0,0.056724514812231064,0.024331623688340187,0.40302547812461853,0.015240166336297989,0.008695785887539387,0.019960319623351097,0.00645042210817337,0.020153015851974487,0.06559867411851883,0.03962504118680954,0.006637089420109987,0.02270648628473282
74,2.466666666666667,,,,insightface_bbox,0.6337094306945801,0.0,675.9699096679688,774.2630615234375,2319.673095703125,0,0,1,0,0,0,0,0,0,1,0,0,0.05644768849015236,0.024234004318714142,0.39796584844589233,0.015245218761265278,0.008793797343969345,0.019934579730033875,0.006556128617376089,0.020071016624569893,0.06612201035022736,0.03935497999191284,0.0065877097658813,0.022766871377825737
75,2.5,,,,insightface_bbox,0.6337094306945801,0.0,675.9699096679688,774.2630615234375,2319.673095703125,0,0,1,0,0,0,0,0,0,1,0,0,0.057102032005786896,0.02446487732231617,0.39938801527023315,0.015320171602070332,0.008919265121221542,0.020472582429647446,0.006785665173083544,0.02017459087073803,0.06710388511419296,0.039878036826848984,0.006604341324418783,0.0231662318110466
76,2.533333333333333,,,,insightface_bbox,0.6337094306945801,0.0,675.9699096679688,774.2630615234375,2319.673095703125,0,0,1,0,0,0,0,0,0,1,0,0,0.05710628256201744,0.024282049387693405,0.40278032422065735,0.015175577253103256,0.008892190642654896,0.021009601652622223,0.006666126661002636,0.020163509994745255,0.06775928288698196,0.03953094035387039,0.006473887711763382,0.022701045498251915
77,2.566666666666667,,,,insightface_bbox,0.6337094306945801,0.0,675.9699096679688,774.2630615234375,2319.673095703125,0,0,1,0,0,0,0,0,0,1,0,0,0.05826275050640106,0.024720896035432816,0.4162628650665283,0.015308123081922531,0.008951730094850063,0.020933721214532852,0.00670117512345314,0.020172933116555214,0.067668117582798,0.03891798108816147,0.006564876064658165,0.0228077694773674
78,2.6,,,,insightface_bbox,0.5982091426849365,0.0,664.970703125,769.9342041015625,2306.791015625,0,0,1,0,0,0,0,0,0,1,0,0,0.05927219241857529,0.025832723826169968,0.42148399353027344,0.016012044623494148,0.009279591031372547,0.02229493297636509,0.007373621687293053,0.021966446191072464,0.07325628399848938,0.04201219230890274,0.006943135522305965,0.02309868484735489
79,2.6333333333333333,,,,insightface_bbox,0.5982091426849365,0.0,664.970703125,769.9342041015625,2306.791015625,0,0,1,0,0,0,0,0,0,1,0,0,0.060061924159526825,0.026246745139360428,0.4418363869190216,0.016240103170275688,0.009400109760463238,0.02214050106704235,0.008052337914705276,0.021307535469532013,0.07052319496870041,0.042935967445373535,0.0068721408024430275,0.02324911765754223
80,2.6666666666666665,,,,insightface_bbox,0.5982091426849365,0.0,664.970703125,769.9342041015625,2306.791015625,0,0,1,0,0,0,0,0,0,1,0,0,0.05697307735681534,0.02607201784849167,0.439710795879364,0.01617754064500332,0.00975773110985756,0.021903477609157562,0.007661119103431702,0.02174854278564453,0.06508418917655945,0.0413404256105423,0.007252424955368042,0.024005604907870293
81,2.7,,,,insightface_bbox,0.5982091426849365,0.0,664.970703125,769.9342041015625,2306.791015625,0,0,1,0,0,0,0,0,0,1,0,0,0.05610330030322075,0.026825014501810074,0.4696108400821686,0.016928646713495255,0.010804560035467148,0.024169035255908966,0.008296113461256027,0.023352717980742455,0.06709207594394684,0.043011363595724106,0.007298025768250227,0.02421087771654129
82,2.7333333333333334,,,,insightface_bbox,0.5982091426849365,0.0,664.970703125,769.9342041015625,2306.791015625,0,0,1,0,0,0,0,0,0,1,0,0,0.05613113194704056,0.026967385783791542,0.4760230779647827,0.01705295965075493,0.010936885140836239,0.024387964978814125,0.008342541754245758,0.02354748360812664,0.06614840030670166,0.04295436665415764,0.007551431190222502,0.024576783180236816
83,2.7666666666666666,,,,insightface_bbox,0.5982091426849365,0.0,664.970703125,769.9342041015625,2306.791015625,0,0,1,0,0,0,0,0,0,1,0,0,0.05575951561331749,0.026889149099588394,0.4717259407043457,0.01694917306303978,0.010778320953249931,0.023777149617671967,0.008053228259086609,0.023564809933304787,0.06447845697402954,0.04267270117998123,0.007489700801670551,0.024568039923906326
84,2.8,,,,insightface_bbox,0.6289535760879517,0.0,652.2378540039062,789.3206787109375,2327.48681640625,0,0,1,0,0,0,0,0,0,1,0,0,0.053702931851148605,0.024248139932751656,0.42283642292022705,0.01509066578000784,0.008824238553643227,0.01851431466639042,0.008338375948369503,0.019568949937820435,0.0620729885995388,0.03686709702014923,0.00882596056908369,0.025788387283682823
85,2.8333333333333335,,,,insightface_bbox,0.6289535760879517,0.0,652.2378540039062,789.3206787109375,2327.48681640625,0,0,1,0,0,0,0,0,0,0,0,0,0.052831027656793594,0.022956445813179016,0.37970277667045593,0.014777184464037418,0.008365976624190807,0.017629854381084442,0.0075201913714408875,0.020058639347553253,0.061343804001808167,0.03715336322784424,0.009411807172000408,0.025947419926524162
86,2.8666666666666667,,,,insightface_bbox,0.6289535760879517,0.0,652.2378540039062,789.3206787109375,2327.48681640625,0,0,1,0,0,0,0,0,0,0,0,0,0.053257349878549576,0.0230727382004261,0.3812377154827118,0.015024827793240547,0.008301240392029285,0.017621681094169617,0.00742040341719985,0.020482705906033516,0.060832053422927856,0.03800448775291443,0.009663395583629608,0.02614518627524376
87,2.9,,,,insightface_bbox,0.6289535760879517,0.0,652.2378540039062,789.3206787109375,2327.48681640625,0,0,1,0,0,0,0,0,0,0,0,0,0.05156271532177925,0.022677546367049217,0.3617437183856964,0.01475132629275322,0.008230882696807384,0.017670806497335434,0.0077314311638474464,0.020003583282232285,0.061606671661138535,0.03698020428419113,0.009045886807143688,0.025591084733605385
88,2.933333333333333,,,,insightface_bbox,0.6289535760879517,0.0,652.2378540039062,789.3206787109375,2327.48681640625,0,0,1,0,0,0,0,0,0,1,0,0,0.04952549561858177,0.022241812199354172,0.3660947382450104,0.014711741358041763,0.008139003999531269,0.01762935146689415,0.007854274474084377,0.019928719848394394,0.06289844214916229,0.037419550120830536,0.008648508228361607,0.024908287450671196
89,2.966666666666667,,,,insightface_bbox,0.6289535760879517,0.0,652.2378540039062,789.3206787109375,2327.48681640625,0,0,1,0,0,0,0,0,0,1,0,0,0.047964487224817276,0.02211078815162182,0.3537125885486603,0.014585016295313835,0.008042565546929836,0.017713729292154312,0.008054125122725964,0.019512897357344627,0.06370668113231659,0.03752252832055092,0.008059998042881489,0.02412702888250351
90,3.0,,,,insightface_bbox,0.6337640285491943,0.0,631.196044921875,801.7975463867188,2353.726318359375,0,0,1,0,0,0,0,0,0,0,0,0,0.05178843438625336,0.02348986454308033,0.35697269439697266,0.015780717134475708,0.008347517810761929,0.01892033964395523,0.008115236647427082,0.021429071202874184,0.05978323519229889,0.038014162331819534,0.011378087103366852,0.027255959808826447
91,3.033333333333333,,,,insightface_bbox,0.6337640285491943,0.0,631.196044921875,801.7975463867188,2353.726318359375,0,0,1,0,0,0,0,0,0,0,0,0,0.053574446588754654,0.02477204240858555,0.36600518226623535,0.016549091786146164,0.00886552780866623,0.0203256718814373,0.00955916941165924,0.022519387304782867,0.06271308660507202,0.03863496705889702,0.01092731487005949,0.027143582701683044
92,3.066666666666667,,,,insightface_bbox,0.6337640285491943,0.0,631.196044921875,801.7975463867188,2353.726318359375,0,0,1,0,0,0,0,0,0,0,0,0,0.05602484196424484,0.026249032467603683,0.414631187915802,0.017289424315094948,0.009290210902690887,0.02077612839639187,0.010497466661036015,0.02324235625565052,0.06168434023857117,0.038361720740795135,0.011596967466175556,0.028157439082860947
93,3.1,,,,insightface_bbox,0.6337640285491943,0.0,631.196044921875,801.7975463867188,2353.726318359375,0,0,1,0,0,0,0,0,0,0,0,0,0.05858488380908966,0.02808498404920101,0.43183547258377075,0.01866835355758667,0.009713156148791313,0.021994609385728836,0.01200676430016756,0.024378718808293343,0.05991849675774574,0.03924883157014847,0.013625094667077065,0.02994469366967678
94,3.1333333333333333,,,,insightface_bbox,0.6337640285491943,0.0,631.196044921875,801.7975463867188,2353.726318359375,0,0,1,0,0,0,0,0,0,0,0,0,0.06054078787565231,0.029746264219284058,0.44658106565475464,0.01938091404736042,0.01003272831439972,0.023082200437784195,0.012393768876791,0.025009796023368835,0.060320816934108734,0.0403440035879612,0.013804623857140541,0.030303893610835075
95,3.1666666666666665,,,,insightface_bbox,0.6337640285491943,0.0,631.196044921875,801.7975463867188,2353.726318359375,0,0,1,0,0,0,0,0,0,0,0,0,0.06030334532260895,0.029199637472629547,0.46219366788864136,0.019133592024445534,0.009806131944060326,0.022546619176864624,0.011882029473781586,0.02415783517062664,0.06035367399454117,0.0401180274784565,0.013691551052033901,0.029990317299962044
96,3.2,,,,insightface_bbox,0.635398268699646,0.0,613.4518432617188,778.7213745117188,2444.469970703125,0,0,1,0,0,0,0,0,0,1,0,0,0.05689325928688049,0.027753887698054314,0.5076740980148315,0.017372850328683853,0.010812416672706604,0.0233851820230484,0.008827384561300278,0.02138422802090645,0.061782900243997574,0.04021433740854263,0.007889781147241592,0.024805869907140732
97,3.2333333333333334,,,,insightface_bbox,0.635398268699646,0.0,613.4518432617188,778.7213745117188,2444.469970703125,0,0,1,0,0,0,0,0,0,1,0,0,0.0550883449614048,0.02713146060705185,0.498879611492157,0.017295848578214645,0.01043010875582695,0.022719232365489006,0.0085652656853199,0.021296866238117218,0.060266196727752686,0.03963518515229225,0.007766929920762777,0.02419549971818924
98,3.2666666666666666,,,,insightface_bbox,0.635398268699646,0.0,613.4518432617188,778.7213745117188,2444.469970703125,0,0,1,0,0,0,0,0,0,1,0,0,0.05611388012766838,0.027627358213067055,0.5004907846450806,0.017472660169005394,0.010400488041341305,0.022562293335795403,0.00860126968473196,0.021397970616817474,0.0601063147187233,0.0394325852394104,0.007874549366533756,0.02457933872938156
99,3.3,,,,insightface_bbox,0.635398268699646,0.0,613.4518432617188,778.7213745117188,2444.469970703125,0,0,1,0,0,0,0,0,0,1,0,0,0.05663246288895607,0.027160104364156723,0.4712086617946625,0.01694098301231861,0.010312652215361595,0.022425033152103424,0.008539061062037945,0.020877337083220482,0.06229782849550247,0.03936276212334633,0.00739568006247282,0.023790456354618073
100,3.3333333333333335,,,,insightface_bbox,0.635398268699646,0.0,613.4518432617188,778.7213745117188,2444.469970703125,0,0,1,0,0,0,0,0,0,1,0,0,0.0572371780872345,0.027577830478549004,0.4793691635131836,0.017402397468686104,0.010990750975906849,0.02418295294046402,0.009520717896521091,0.021472468972206116,0.06412430107593536,0.04027525335550308,0.007617846596986055,0.024315062910318375
101,3.3666666666666667,,,,insightface_bbox,0.635398268699646,0.0,613.4518432617188,778.7213745117188,2444.469970703125,0,0,1,0,0,0,0,0,0,1,0,0,0.057809844613075256,0.02727683261036873,0.48555922508239746,0.017265811562538147,0.010719424113631248,0.024182196706533432,0.009579809382557869,0.0212163757532835,0.06460893154144287,0.039717935025691986,0.007849392481148243,0.024129191413521767
102,3.4,,,,insightface_bbox,0.6494351625442505,0.0,620.0096435546875,831.3219604492188,2376.080322265625,0,0,1,0,0,0,0,0,0,0,0,0,0.05313071981072426,0.025393327698111534,0.34966734051704407,0.017229707911610603,0.008866075426340103,0.020766165107488632,0.011744332499802113,0.022365180775523186,0.05729753524065018,0.03475143015384674,0.013924963772296906,0.025326505303382874
103,3.433333333333333,,,,insightface_bbox,0.6494351625442505,0.0,620.0096435546875,831.3219604492188,2376.080322265625,0,0,1,0,0,0,0,0,0,0,0,0,0.05466129258275032,0.02644452266395092,0.37192845344543457,0.018135547637939453,0.009099368937313557,0.02137678675353527,0.012421010993421078,0.022734927013516426,0.059061095118522644,0.03490638732910156,0.01874978467822075,0.028508471325039864
104,3.466666666666667,,,,insightface_bbox,0.6494351625442505,0.0,620.0096435546875,831.3219604492188,2376.080322265625,0,0,1,0,0,0,0,0,0,0,0,0,0.053603626787662506,0.02612016163766384,0.36440110206604004,0.018288610503077507,0.008940590545535088,0.020895905792713165,0.011977669782936573,0.022826656699180603,0.05866527929902077,0.03440438210964203,0.018879452720284462,0.028214426711201668
105,3.5,,,,insightface_bbox,0.6494351625442505,0.0,620.0096435546875,831.3219604492188,2376.080322265625,0,0,1,0,0,0,0,0,0,0,0,0,0.051140449941158295,0.024835359305143356,0.33211779594421387,0.017535831779241562,0.008202007971704006,0.019617462530732155,0.010888519696891308,0.021706365048885345,0.05719383805990219,0.0322839692234993,0.016500256955623627,0.026169046759605408
106,3.533333333333333,,,,insightface_bbox,0.6494351625442505,0.0,620.0096435546875,831.3219604492188,2376.080322265625,0,0,1,0,0,0,0,0,0,0,0,0,0.0495472215116024,0.024412229657173157,0.31697142124176025,0.01753867231309414,0.008148238994181156,0.01944834180176258,0.010786216706037521,0.021379457786679268,0.05591024085879326,0.03151874616742134,0.018109485507011414,0.027065983042120934
107,3.566666666666667,,,,insightface_bbox,0.6494351625442505,0.0,620.0096435546875,831.3219604492188,2376.080322265625,0,0,1,0,0,0,0,0,0,0,0,0,0.0490981861948967,0.024199679493904114,0.31048184633255005,0.017340585589408875,0.00805115420371294,0.01893192157149315,0.010451694950461388,0.021079659461975098,0.05422530695796013,0.031077953055500984,0.01777295395731926,0.02714821882545948
108,3.6,,,,insightface_bbox,0.5663865804672241,0.0,570.3222045898438,816.2182006835938,2299.625,0,0,1,0,0,0,0,0,0,0,0,0,0.05545538663864136,0.025586189702153206,0.2735641598701477,0.017477326095104218,0.008901355788111687,0.020087115466594696,0.010666129179298878,0.024581145495176315,0.06507919728755951,0.03889482095837593,0.016304388642311096,0.02863377146422863
109,3.6333333333333333,,,,insightface_bbox,0.5663865804672241,0.0,570.3222045898438,816.2182006835938,2299.625,0,0,1,0,0,0,0,0,0,0,0,0,0.05739044025540352,0.02595844864845276,0.29890337586402893,0.01769574172794819,0.009393630549311638,0.02085823379456997,0.010877852328121662,0.02518410235643387,0.0647968277335167,0.040036123245954514,0.016493843868374825,0.029639001935720444
110,3.6666666666666665,,,,insightface_bbox,0.5663865804672241,0.0,570.3222045898438,816.2182006835938,2299.625,0,0,1,0,0,0,0,0,0,0,0,0,0.05449266731739044,0.024715900421142578,0.2855595648288727,0.01730998419225216,0.009183045476675034,0.0201262254267931,0.010132687166333199,0.024972008541226387,0.06405669450759888,0.039494916796684265,0.015914276242256165,0.02866230718791485
111,3.7,,,,insightface_bbox,0.5663865804672241,0.0,570.3222045898438,816.2182006835938,2299.625,0,0,1,0,0,0,0,0,0,0,0,0,0.052105359733104706,0.023695707321166992,0.26955267786979675,0.016964130103588104,0.008852982893586159,0.019449882209300995,0.00949372723698616,0.024837326258420944,0.0623859241604805,0.0387447252869606,0.015296440571546555,0.02755722776055336
112,3.7333333333333334,,,,insightface_bbox,0.5663865804672241,0.0,570.3222045898438,816.2182006835938,2299.625,0,0,1,0,0,0,0,0,0,0,0,0,0.05245310068130493,0.02402002178132534,0.2795635163784027,0.016840079799294472,0.008865021169185638,0.019873661920428276,0.00990807544440031,0.024316562339663506,0.06324665248394012,0.038416653871536255,0.014832643792033195,0.027180436998605728
113,3.7666666666666666,,,,insightface_bbox,0.5663865804672241,0.0,570.3222045898438,816.2182006835938,2299.625,0,0,1,0,0,0,0,0,0,0,0,0,0.05449886620044708,0.024413250386714935,0.28497397899627686,0.01672373339533806,0.008895865641534328,0.019516421481966972,0.009700585156679153,0.023025043308734894,0.06275910884141922,0.037989310920238495,0.0142208905890584,0.027742309495806694
114,3.8,,,,insightface_bbox,0.6172337532043457,0.0,625.6181030273438,791.969970703125,2345.579345703125,0,0,1,0,0,0,0,0,0,0,0,0,0.050758104771375656,0.021799903362989426,0.3309534788131714,0.014574882574379444,0.008209453895688057,0.017040522769093513,0.007813633419573307,0.019963257014751434,0.061993442475795746,0.03549383580684662,0.009841013699769974,0.02478070743381977
115,3.8333333333333335,,,,insightface_bbox,0.6172337532043457,0.0,625.6181030273438,791.969970703125,2345.579345703125,0,0,1,0,0,0,0,0,0,0,0,0,0.0533047653734684,0.02425828017294407,0.39474692940711975,0.015455026179552078,0.009025316685438156,0.018043922260403633,0.008952300064265728,0.019983256235718727,0.06117939576506615,0.03505590558052063,0.010196879506111145,0.026503201574087143
116,3.8666666666666667,,,,insightface_bbox,0.6172337532043457,0.0,625.6181030273438,791.969970703125,2345.579345703125,0,0,1,0,0,0,0,0,0,0,0,0,0.05191856622695923,0.02460062876343727,0.3975251019001007,0.015956886112689972,0.008874330669641495,0.01862993836402893,0.010285511612892151,0.020951800048351288,0.06483755260705948,0.036630500108003616,0.01078379899263382,0.02815007045865059
117,3.9,,,,insightface_bbox,0.6172337532043457,0.0,625.6181030273438,791.969970703125,2345.579345703125,0,0,1,0,0,0,0,0,0,0,0,0,0.0516340434551239,0.02492476999759674,0.3596299886703491,0.016564058139920235,0.0090515511110425,0.0193532332777977,0.010821408592164516,0.022351976484060287,0.06488816440105438,0.036759063601493835,0.011743199080228806,0.028432337567210197
118,3.933333333333333,,,,insightface_bbox,0.6172337532043457,0.0,625.6181030273438,791.969970703125,2345.579345703125,0,0,1,0,0,0,0,0,0,0,0,0,0.05118352174758911,0.024736924096941948,0.34514322876930237,0.01631905511021614,0.008816102519631386,0.018859803676605225,0.011037783697247505,0.022043323144316673,0.06517148017883301,0.03658338636159897,0.012033493258059025,0.0281992070376873
119,3.966666666666667,,,,insightface_bbox,0.6172337532043457,0.0,625.6181030273438,791.969970703125,2345.579345703125,0,0,1,0,0,0,0,0,0,0,0,0,0.05062588304281235,0.025346942245960236,0.33695709705352783,0.01682758331298828,0.00884933304041624,0.0187231358140707,0.011485395021736622,0.022473754361271858,0.06677800416946411,0.03751453757286072,0.014577550813555717,0.030784152448177338
120,4.0,,,,insightface_bbox,0.6347668170928955,0.0,619.8594360351562,847.7715454101562,2325.068603515625,0,0,1,0,0,0,0,0,0,0,0,0,0.053101181983947754,0.025922346860170364,0.28650593757629395,0.020042315125465393,0.008348798379302025,0.02095293439924717,0.011349918320775032,0.02583521232008934,0.06632785499095917,0.04079306498169899,0.0249767005443573,0.03747674077749252
121,4.033333333333333,,,,insightface_bbox,0.6347668170928955,0.0,619.8594360351562,847.7715454101562,2325.068603515625,0,0,1,0,0,0,0,0,0,0,0,0,0.05175433307886124,0.025069717317819595,0.2854200005531311,0.020250175148248672,0.007956845685839653,0.019654974341392517,0.010579750873148441,0.025063510984182358,0.06521105766296387,0.04037510231137276,0.02194506861269474,0.03532232344150543
122,4.066666666666666,,,,insightface_bbox,0.6347668170928955,0.0,619.8594360351562,847.7715454101562,2325.068603515625,0,0,1,0,0,0,0,0,0,0,0,0,0.04962742701172829,0.02380465343594551,0.26463255286216736,0.019085150212049484,0.00802418403327465,0.019557900726795197,0.010617431253194809,0.025102999061346054,0.06420639157295227,0.04100882261991501,0.018956990912556648,0.03260742872953415
123,4.1,,,,insightface_bbox,0.6347668170928955,0.0,619.8594360351562,847.7715454101562,2325.068603515625,0,0,1,0,0,0,0,0,0,0,0,0,0.04983421787619591,0.023810675367712975,0.2706093192100525,0.01852256804704666,0.008287548087537289,0.019814059138298035,0.010936010628938675,0.02486705593764782,0.06466341763734818,0.040371187031269073,0.018194295465946198,0.031829915940761566
124,4.133333333333334,,,,insightface_bbox,0.6347668170928955,0.0,619.8594360351562,847.7715454101562,2325.068603515625,0,0,1,0,0,0,0,0,0,0,0,0,0.050798822194337845,0.024507658556103706,0.28844672441482544,0.02003638818860054,0.008673755452036858,0.02057577669620514,0.011439778842031956,0.02549629658460617,0.06460653245449066,0.04138023406267166,0.02028798498213291,0.03377998620271683
125,4.166666666666667,,,,insightface_bbox,0.6347668170928955,0.0,619.8594360351562,847.7715454101562,2325.068603515625,0,0,1,0,0,0,0,0,0,0,0,0,0.05102154612541199,0.02457522228360176,0.2771317660808563,0.01946449652314186,0.008639336563646793,0.02031383290886879,0.011634700000286102,0.026248348876833916,0.06747233867645264,0.042303815484046936,0.02118835039436817,0.034422505646944046
126,4.2,,,,insightface_bbox,0.6421948075294495,0.0,632.521728515625,796.28857421875,2346.7216796875,0,0,1,0,0,0,0,0,0,0,0,0,0.05966665595769882,0.028818853199481964,0.33320003747940063,0.0192701518535614,0.010729961097240448,0.022796576842665672,0.013386160135269165,0.02695193886756897,0.07207381725311279,0.04172194004058838,0.020502060651779175,0.033057086169719696
127,4.233333333333333,,,,insightface_bbox,0.6421948075294495,0.0,632.521728515625,796.28857421875,2346.7216796875,0,0,1,0,0,0,0,0,0,0,0,0,0.055067647248506546,0.027564402669668198,0.3496498167514801,0.018806885927915573,0.01059653703123331,0.022220980376005173,0.01339452899992466,0.026739932596683502,0.06829953193664551,0.03845714405179024,0.018205415457487106,0.03131451830267906
128,4.266666666666667,,,,insightface_bbox,0.6421948075294495,0.0,632.521728515625,796.28857421875,2346.7216796875,0,0,1,0,0,0,0,0,0,0,0,0,0.052408650517463684,0.026882151141762733,0.33482736349105835,0.019536927342414856,0.009901348501443863,0.02132907509803772,0.012930244207382202,0.026718053966760635,0.06813839823007584,0.0382528230547905,0.02001568302512169,0.031763747334480286
129,4.3,,,,insightface_bbox,0.6421948075294495,0.0,632.521728515625,796.28857421875,2346.7216796875,0,0,1,0,0,0,0,0,0,0,0,0,0.054571520537137985,0.027718931436538696,0.34254276752471924,0.01930372044444084,0.010653676465153694,0.022440973669290543,0.014081398025155067,0.026856813579797745,0.06951320171356201,0.03896466642618179,0.01870834082365036,0.031900133937597275
130,4.333333333333333,,,,insightface_bbox,0.6421948075294495,0.0,632.521728515625,796.28857421875,2346.7216796875,0,0,1,0,0,0,0,0,0,0,0,0,0.05850628390908241,0.0285272765904665,0.3549036383628845,0.019391043111681938,0.010990520007908344,0.0236036479473114,0.014446688815951347,0.027270931750535965,0.07181224972009659,0.04100067913532257,0.01952078752219677,0.03252849727869034
131,4.366666666666666,,,,insightface_bbox,0.6421948075294495,0.0,632.521728515625,796.28857421875,2346.7216796875,0,0,1,0,0,0,0,0,0,0,0,0,0.06115056201815605,0.029711907729506493,0.3597121238708496,0.019760942086577415,0.01099989004433155,0.023814935237169266,0.014333878643810749,0.02708025649189949,0.07363943755626678,0.042502447962760925,0.020645717158913612,0.03402945399284363
132,4.4,,,,insightface_bbox,0.6565207839012146,0.0,643.82275390625,799.3807983398438,2347.18359375,0,0,1,0,0,0,0,0,0,0,0,0,0.056191716343164444,0.027941305190324783,0.3281426429748535,0.019963553175330162,0.010423678904771805,0.02282988466322422,0.013847853057086468,0.02706020325422287,0.06984997540712357,0.04069909825921059,0.02048279345035553,0.032048776745796204
133,4.433333333333334,,,,insightface_bbox,0.6565207839012146,0.0,643.82275390625,799.3807983398438,2347.18359375,0,0,1,0,0,0,0,0,0,0,0,0,0.052862245589494705,0.026276353746652603,0.31881898641586304,0.01911676861345768,0.00964989885687828,0.021014371886849403,0.01250547356903553,0.025539912283420563,0.0672076940536499,0.03882422298192978,0.019375087693333626,0.03122246265411377
134,4.466666666666667,,,,insightface_bbox,0.6565207839012146,0.0,643.82275390625,799.3807983398438,2347.18359375,0,0,1,0,0,0,0,0,0,0,0,0,0.05250658839941025,0.025145504623651505,0.2783632278442383,0.01811455376446247,0.008929446339607239,0.0198639165610075,0.010651126503944397,0.024856897071003914,0.06544539332389832,0.0384603776037693,0.018135307356715202,0.02949301153421402
135,4.5,,,,insightface_bbox,0.6565207839012146,0.0,643.82275390625,799.3807983398438,2347.18359375,0,0,1,0,0,0,0,0,0,0,0,0,0.05291793867945671,0.0247470922768116,0.2619827091693878,0.017323831096291542,0.008915584534406662,0.01973710022866726,0.009870190173387527,0.024609047919511795,0.06577306240797043,0.03894733637571335,0.018888745456933975,0.02977832965552807
136,4.533333333333333,,,,insightface_bbox,0.6565207839012146,0.0,643.82275390625,799.3807983398438,2347.18359375,0,0,1,0,0,0,0,0,0,0,0,0,0.055656734853982925,0.02554061822593212,0.27243536710739136,0.017785541713237762,0.009393120184540749,0.02064971998333931,0.010782758705317974,0.02526738867163658,0.06837300211191177,0.04026944190263748,0.020714085549116135,0.031671054661273956
137,4.566666666666666,,,,insightface_bbox,0.6565207839012146,0.0,643.82275390625,799.3807983398438,2347.18359375,0,0,1,0,0,0,0,0,0,0,0,0,0.05692451819777489,0.02559741958975792,0.2780548930168152,0.017694180831313133,0.009408842772245407,0.020862888544797897,0.010537050664424896,0.025448648259043694,0.06760430335998535,0.04006262496113777,0.020629549399018288,0.03177142143249512
138,4.6,,,,insightface_bbox,0.6122216582298279,0.0,629.3040771484375,822.2836303710938,2280.5126953125,0,0,1,0,0,0,0,0,0,0,0,0,0.0541079081594944,0.026653125882148743,0.27684932947158813,0.024701010435819626,0.008447716012597084,0.020111501216888428,0.010877398774027824,0.02556930109858513,0.06507577002048492,0.04295223206281662,0.021527808159589767,0.03529786318540573
139,4.633333333333334,,,,insightface_bbox,0.6122216582298279,0.0,629.3040771484375,822.2836303710938,2280.5126953125,0,0,1,0,0,0,0,0,0,0,0,0,0.052021145820617676,0.025765471160411835,0.2662721872329712,0.024178948253393173,0.008371406234800816,0.019944407045841217,0.010796742513775826,0.025362301617860794,0.0654945969581604,0.042758263647556305,0.021408742293715477,0.03441714122891426
140,4.666666666666667,,,,insightface_bbox,0.6122216582298279,0.0,629.3040771484375,822.2836303710938,2280.5126953125,0,0,1,0,0,0,0,0,0,0,0,0,0.054923053830862045,0.027551427483558655,0.29619890451431274,0.025683552026748657,0.008847703225910664,0.02114088460803032,0.012396585196256638,0.026308279484510422,0.06586699932813644,0.04480525478720665,0.024470148608088493,0.037271611392498016
141,4.7,,,,insightface_bbox,0.6122216582298279,0.0,629.3040771484375,822.2836303710938,2280.5126953125,0,0,1,0,0,0,0,0,0,0,0,0,0.05727207288146019,0.028950408101081848,0.3316500186920166,0.025558872148394585,0.00937544647604227,0.022531960159540176,0.014264224097132683,0.025880560278892517,0.06607881188392639,0.043618254363536835,0.026596486568450928,0.03835500776767731
142,4.733333333333333,,,,insightface_bbox,0.6122216582298279,0.0,629.3040771484375,822.2836303710938,2280.5126953125,0,0,1,0,0,0,0,0,0,0,0,0,0.05233575031161308,0.026766538619995117,0.30396389961242676,0.02261684089899063,0.008815404959022999,0.021737683564424515,0.01335658598691225,0.024195360019803047,0.06218811497092247,0.03920108452439308,0.026998788118362427,0.03449361398816109
143,4.766666666666667,,,,insightface_bbox,0.6122216582298279,0.0,629.3040771484375,822.2836303710938,2280.5126953125,0,0,1,0,0,0,0,0,0,0,0,0,0.05312483385205269,0.02752160280942917,0.31626227498054504,0.024062758311629295,0.009014016948640347,0.022285768762230873,0.01363676879554987,0.024823199957609177,0.06141434982419014,0.03911580890417099,0.027659527957439423,0.03420194238424301
144,4.8,,,,insightface_bbox,0.6554907560348511,0.0,604.7621459960938,828.6893310546875,2469.6240234375,0,0,1,0,0,0,0,0,0,0,0,0,0.05026955157518387,0.025270242244005203,0.30495819449424744,0.01937885954976082,0.008455440402030945,0.020313357934355736,0.011439559981226921,0.02151630073785782,0.05486123636364937,0.03323689475655556,0.018413711339235306,0.02614770457148552
145,4.833333333333333,,,,insightface_bbox,0.6554907560348511,0.0,604.7621459960938,828.6893310546875,2469.6240234375,0,0,1,0,0,0,0,0,0,0,0,0,0.0503341406583786,0.02541329711675644,0.31487733125686646,0.018242843449115753,0.00858469121158123,0.02003438025712967,0.011818761937320232,0.020959770306944847,0.05558804050087929,0.033173587173223495,0.016838006675243378,0.026149442419409752
146,4.866666666666666,,,,insightface_bbox,0.6554907560348511,0.0,604.7621459960938,828.6893310546875,2469.6240234375,0,0,1,0,0,0,0,0,0,0,0,0,0.05270977318286896,0.02730274200439453,0.37583205103874207,0.02047652006149292,0.009150396101176739,0.021655041724443436,0.013236523605883121,0.021929312497377396,0.05481680482625961,0.03387804329395294,0.02260413207113743,0.029057877138257027
147,4.9,,,,insightface_bbox,0.6554907560348511,0.0,604.7621459960938,828.6893310546875,2469.6240234375,0,0,1,0,0,0,0,0,0,0,0,0,0.05336577445268631,0.027764802798628807,0.37360042333602905,0.021131351590156555,0.00903472863137722,0.021624376997351646,0.012946593575179577,0.0215362086892128,0.05323793739080429,0.03370615467429161,0.02487581968307495,0.03000331111252308
148,4.933333333333334,,,,insightface_bbox,0.6554907560348511,0.0,604.7621459960938,828.6893310546875,2469.6240234375,0,0,1,0,0,0,0,0,0,0,0,0,0.04982930049300194,0.026083361357450485,0.3193013370037079,0.018652601167559624,0.008872590027749538,0.02021770551800728,0.011532558128237724,0.019888300448656082,0.05102556571364403,0.03309597447514534,0.021076686680316925,0.027934163808822632
149,4.966666666666667,,,,insightface_bbox,0.6554907560348511,0.0,604.7621459960938,828.6893310546875,2469.6240234375,0,0,1,0,0,0,0,0,0,0,0,0,0.048027776181697845,0.026068706065416336,0.30483278632164,0.02038184180855751,0.00856506172567606,0.01988891325891018,0.01204336155205965,0.019769880920648575,0.05060039833188057,0.03232952952384949,0.022926989942789078,0.029732339084148407
150,5.0,,,,insightface_bbox,0.6105953454971313,0.0,599.2168579101562,847.541259765625,2345.10009765625,0,0,1,0,0,0,0,0,0,0,0,0,0.05318361520767212,0.02536774054169655,0.25826504826545715,0.02088596299290657,0.008023222908377647,0.019932163879275322,0.010507229715585709,0.025547126308083534,0.06573299318552017,0.04399855062365532,0.02021172270178795,0.034417420625686646
151,5.033333333333333,,,,insightface_bbox,0.6105953454971313,0.0,599.2168579101562,847.541259765625,2345.10009765625,0,0,1,0,0,0,0,0,0,0,0,0,0.05017418414354324,0.025083662942051888,0.2669854164123535,0.020801426842808723,0.008299790322780609,0.021019790321588516,0.011844517663121223,0.02559143677353859,0.0660477876663208,0.04112787917256355,0.022392474114894867,0.03329497203230858
152,5.066666666666666,,,,insightface_bbox,0.6105953454971313,0.0,599.2168579101562,847.541259765625,2345.10009765625,0,0,1,0,0,0,0,0,0,0,0,0,0.04943854734301567,0.025258373469114304,0.27002009749412537,0.0211342703551054,0.008229158818721771,0.02132197842001915,0.012226816266775131,0.0254865363240242,0.06623183190822601,0.04066944867372513,0.023060083389282227,0.03378201648592949
153,5.1,,,,insightface_bbox,0.6105953454971313,0.0,599.2168579101562,847.541259765625,2345.10009765625,0,0,1,0,0,0,0,0,0,0,0,0,0.05138310790061951,0.026322420686483383,0.2993043065071106,0.02195127122104168,0.008747965097427368,0.02272283472120762,0.013245855458080769,0.026867404580116272,0.0682448148727417,0.04111465811729431,0.02710733376443386,0.0366906076669693
154,5.133333333333334,,,,insightface_bbox,0.6105953454971313,0.0,599.2168579101562,847.541259765625,2345.10009765625,0,0,1,0,0,0,0,0,0,0,0,0,0.05121619254350662,0.025641927495598793,0.2985633909702301,0.02049337700009346,0.008855961263179779,0.02269742637872696,0.013323874212801456,0.026402298361063004,0.06934242695569992,0.04153222218155861,0.026759563013911247,0.03680906817317009
155,5.166666666666667,,,,insightface_bbox,0.6105953454971313,0.0,599.2168579101562,847.541259765625,2345.10009765625,0,0,1,0,0,0,0,0,0,0,0,0,0.05178840830922127,0.025861646980047226,0.3062063157558441,0.020472552627325058,0.009007008746266365,0.02312513440847397,0.013747259974479675,0.026173628866672516,0.06900975853204727,0.041597649455070496,0.02751781791448593,0.03747384995222092
156,5.2,,,,insightface_bbox,0.5996221899986267,0.0,596.9127197265625,825.1530151367188,2259.094482421875,0,0,1,0,0,0,0,0,0,0,0,0,0.05296822264790535,0.02615390717983246,0.2834523022174835,0.022046495229005814,0.008402576670050621,0.020947055891156197,0.012095124460756779,0.024634096771478653,0.06574763357639313,0.04387882351875305,0.024856850504875183,0.03583868592977524
157,5.233333333333333,,,,insightface_bbox,0.5996221899986267,0.0,596.9127197265625,825.1530151367188,2259.094482421875,0,0,1,0,0,0,0,0,0,0,0,0,0.05336275324225426,0.026349402964115143,0.2818640470504761,0.022464368492364883,0.008621401153504848,0.02104528620839119,0.011800335720181465,0.025433670729398727,0.06607796996831894,0.0433502271771431,0.024078521877527237,0.03476108983159065
158,5.266666666666667,,,,insightface_bbox,0.5996221899986267,0.0,596.9127197265625,825.1530151367188,2259.094482421875,0,0,1,0,0,0,0,0,0,0,0,0,0.05471434444189072,0.026905808597803116,0.3018704652786255,0.023208988830447197,0.008833139203488827,0.021221937611699104,0.011993566527962685,0.02585047483444214,0.0659756064414978,0.043446723371744156,0.025128189474344254,0.035691194236278534
159,5.3,,,,insightface_bbox,0.5996221899986267,0.0,596.9127197265625,825.1530151367188,2259.094482421875,0,0,1,0,0,0,0,0,0,0,0,0,0.05585592985153198,0.02747606486082077,0.31977322697639465,0.02373124659061432,0.008987711742520332,0.02145695686340332,0.012414696626365185,0.025831006467342377,0.06643873453140259,0.04312156140804291,0.026768343523144722,0.0367698147892952
160,5.333333333333333,,,,insightface_bbox,0.5996221899986267,0.0,596.9127197265625,825.1530151367188,2259.094482421875,0,0,1,0,0,0,0,0,0,0,0,0,0.056080661714076996,0.027593068778514862,0.3257921636104584,0.023778516799211502,0.00897679291665554,0.021398965269327164,0.012415699660778046,0.025641126558184624,0.06572344154119492,0.042820531874895096,0.027016207575798035,0.03717758506536484
161,5.366666666666666,,,,insightface_bbox,0.5996221899986267,0.0,596.9127197265625,825.1530151367188,2259.094482421875,0,0,1,0,0,0,0,0,0,0,0,0,0.05534260720014572,0.027560247108340263,0.3271402418613434,0.0239967443048954,0.009118263609707355,0.021553240716457367,0.012773795053362846,0.02542509138584137,0.06559376418590546,0.04226706549525261,0.02795833721756935,0.037492282688617706
162,5.4,,,,insightface_bbox,0.6146697402000427,0.0,612.5956420898438,822.6463012695312,2258.7119140625,0,0,1,0,0,0,0,0,0,0,0,0,0.05017520487308502,0.02585477940738201,0.30816856026649475,0.020011775195598602,0.008281395770609379,0.020356304943561554,0.01197445672005415,0.022061768919229507,0.056836992502212524,0.03427446633577347,0.023277051746845245,0.031146742403507233
163,5.433333333333334,,,,insightface_bbox,0.6146697402000427,0.0,612.5956420898438,822.6463012695312,2258.7119140625,0,0,1,0,0,0,0,0,0,0,0,0,0.05248231440782547,0.027265695855021477,0.3257511258125305,0.021396394819021225,0.008901286870241165,0.0215207040309906,0.013139765709638596,0.022771012037992477,0.05740467086434364,0.03513771668076515,0.024984247982501984,0.033022359013557434
164,5.466666666666667,,,,insightface_bbox,0.6146697402000427,0.0,612.5956420898438,822.6463012695312,2258.7119140625,0,0,1,0,0,0,0,0,0,0,0,0,0.05306249111890793,0.027966780588030815,0.3349432647228241,0.023385457694530487,0.008470907807350159,0.021051883697509766,0.012007495388388634,0.022000230848789215,0.05326114594936371,0.03466266393661499,0.027185142040252686,0.03387518227100372
165,5.5,,,,insightface_bbox,0.6146697402000427,0.0,612.5956420898438,822.6463012695312,2258.7119140625,0,0,1,0,0,0,0,0,0,0,0,0,0.053777843713760376,0.027959022670984268,0.3322197496891022,0.02163742668926716,0.008965403772890568,0.02161494269967079,0.012996788136661053,0.022338781505823135,0.05728314071893692,0.03414461761713028,0.024728216230869293,0.031395331025123596
166,5.533333333333333,,,,insightface_bbox,0.6146697402000427,0.0,612.5956420898438,822.6463012695312,2258.7119140625,0,0,1,0,0,0,0,0,0,0,0,0,0.051508210599422455,0.026927396655082703,0.31342703104019165,0.020932389423251152,0.008786885067820549,0.021299028769135475,0.012148713693022728,0.022498849779367447,0.056278761476278305,0.03372911363840103,0.028333589434623718,0.032602425664663315
167,5.566666666666666,,,,insightface_bbox,0.6146697402000427,0.0,612.5956420898438,822.6463012695312,2258.7119140625,0,0,1,0,0,0,0,0,0,0,0,0,0.051418401300907135,0.026964493095874786,0.3119661808013916,0.02185952290892601,0.008397825993597507,0.02127133682370186,0.011620648205280304,0.02263522706925869,0.05658584088087082,0.034221351146698,0.029089218005537987,0.03261459618806839
168,5.6,,,,insightface_bbox,0.6356909871101379,0.0,629.6923217773438,812.3284301757812,2351.692138671875,0,0,1,0,0,0,0,0,0,0,0,0,0.050946883857250214,0.02636832930147648,0.30357950925827026,0.019838571548461914,0.008820941671729088,0.021602876484394073,0.012857788242399693,0.02233573980629444,0.06138218566775322,0.035153042525053024,0.025730930268764496,0.030589846894145012
169,5.633333333333334,,,,insightface_bbox,0.6356909871101379,0.0,629.6923217773438,812.3284301757812,2351.692138671875,0,0,1,0,0,0,0,0,0,0,0,0,0.05002237483859062,0.02605321630835533,0.3120010793209076,0.019864367321133614,0.008550836704671383,0.020917972549796104,0.01187397912144661,0.02201484516263008,0.058617331087589264,0.033471498638391495,0.024618590250611305,0.029472477734088898
170,5.666666666666667,,,,insightface_bbox,0.6356909871101379,0.0,629.6923217773438,812.3284301757812,2351.692138671875,0,0,1,0,0,0,0,0,0,0,0,0,0.04795180633664131,0.02503192238509655,0.30044323205947876,0.019335702061653137,0.008315899409353733,0.020033761858940125,0.011486858129501343,0.021156731992959976,0.05675848573446274,0.032571472227573395,0.020223332569003105,0.02734101563692093
171,5.7,,,,insightface_bbox,0.6356909871101379,0.0,629.6923217773438,812.3284301757812,2351.692138671875,0,0,1,0,0,0,0,0,0,0,0,0,0.046468548476696014,0.02419181354343891,0.2880682349205017,0.018702343106269836,0.00801291223615408,0.019501065835356712,0.011339625343680382,0.02050778642296791,0.05731339007616043,0.03209737315773964,0.018671562895178795,0.026257650926709175
172,5.733333333333333,,,,insightface_bbox,0.6356909871101379,0.0,629.6923217773438,812.3284301757812,2351.692138671875,0,0,1,0,0,0,0,0,0,0,0,0,0.04854545369744301,0.02508837729692459,0.30593347549438477,0.018915656954050064,0.008111301809549332,0.01951030269265175,0.01116883009672165,0.020752541720867157,0.056506771594285965,0.032144490629434586,0.016893889755010605,0.02624746598303318
173,5.766666666666667,,,,insightface_bbox,0.6356909871101379,0.0,629.6923217773438,812.3284301757812,2351.692138671875,0,0,1,0,0,0,0,0,0,0,0,0,0.04904158040881157,0.02494703233242035,0.31063446402549744,0.018216809257864952,0.007797853089869022,0.018843533471226692,0.010387657210230827,0.020840896293520927,0.05465688183903694,0.03208989277482033,0.016574647277593613,0.02695145271718502
174,5.8,,,,insightface_bbox,0.6161667108535767,0.0,571.04248046875,826.8665771484375,2264.71630859375,0,0,1,0,0,0,0,0,0,0,0,0,0.05732639133930206,0.028890902176499367,0.30533817410469055,0.027119792997837067,0.008415738120675087,0.020947571843862534,0.011350873857736588,0.026156872510910034,0.06266337633132935,0.04278647154569626,0.026060668751597404,0.03881312906742096
175,5.833333333333333,,,,insightface_bbox,0.6161667108535767,0.0,571.04248046875,826.8665771484375,2264.71630859375,0,0,1,0,0,0,0,0,0,0,0,0,0.05769793689250946,0.028501387685537338,0.30315059423446655,0.026451507583260536,0.008348106406629086,0.02115105837583542,0.011476665735244751,0.026681948453187943,0.06455695629119873,0.04390764608979225,0.024190757423639297,0.03764810413122177
176,5.866666666666666,,,,insightface_bbox,0.6161667108535767,0.0,571.04248046875,826.8665771484375,2264.71630859375,0,0,1,0,0,0,0,0,0,0,0,0,0.058009907603263855,0.02897295169532299,0.30037063360214233,0.027623308822512627,0.008319703862071037,0.02118244394659996,0.01145151350647211,0.026662414893507957,0.06509586423635483,0.04409889876842499,0.02493828721344471,0.037987351417541504
177,5.9,,,,insightface_bbox,0.6161667108535767,0.0,571.04248046875,826.8665771484375,2264.71630859375,0,0,1,0,0,0,0,0,0,0,0,0,0.059758931398391724,0.030277706682682037,0.31292277574539185,0.029826683923602104,0.008511954918503761,0.021848473697900772,0.011873328126966953,0.027368389070034027,0.06426641345024109,0.044385459274053574,0.02754233404994011,0.03982510045170784
178,5.933333333333334,,,,insightface_bbox,0.6161667108535767,0.0,571.04248046875,826.8665771484375,2264.71630859375,0,0,1,0,0,0,0,0,0,0,0,0,0.055657655000686646,0.028192412108182907,0.2872582674026489,0.027680573984980583,0.008203069679439068,0.02118653804063797,0.01200920157134533,0.02626194804906845,0.06286928057670593,0.0419062077999115,0.024615716189146042,0.03560099005699158
179,5.966666666666667,,,,insightface_bbox,0.6161667108535767,0.0,571.04248046875,826.8665771484375,2264.71630859375,0,0,1,0,0,0,0,0,0,0,0,0,0.0530860535800457,0.027520230039954185,0.3111056089401245,0.024890022352337837,0.008478128351271152,0.021827491000294685,0.01300241332501173,0.024412518367171288,0.06072726845741272,0.039075855165719986,0.02608218789100647,0.034042153507471085
180,6.0,,,,insightface_bbox,0.6144955158233643,0.0,598.15869140625,844.9430541992188,2342.8583984375,0,0,1,0,0,0,0,0,0,0,0,0,0.055576954036951065,0.02932848408818245,0.32475146651268005,0.027165796607732773,0.008628285489976406,0.022530078887939453,0.013262760825455189,0.024846084415912628,0.05748577043414116,0.03839553892612457,0.02912495657801628,0.03504948318004608
181,6.033333333333333,,,,insightface_bbox,0.6144955158233643,0.0,598.15869140625,844.9430541992188,2342.8583984375,0,0,1,0,0,0,0,0,0,0,0,0,0.055640704929828644,0.028770415112376213,0.30506768822669983,0.026131821796298027,0.008539987727999687,0.0221235528588295,0.013310201466083527,0.024900974705815315,0.061270635575056076,0.03982016444206238,0.028136033564805984,0.035641297698020935
182,6.066666666666666,,,,insightface_bbox,0.6144955158233643,0.0,598.15869140625,844.9430541992188,2342.8583984375,0,0,1,0,0,0,0,0,0,0,0,0,0.05577674135565758,0.02888309210538864,0.30444371700286865,0.02629741095006466,0.008597593754529953,0.02229897491633892,0.013405904173851013,0.02507653832435608,0.06142030656337738,0.04057227820158005,0.02846626378595829,0.03576011583209038
183,6.1,,,,insightface_bbox,0.6144955158233643,0.0,598.15869140625,844.9430541992188,2342.8583984375,0,0,1,0,0,0,0,0,0,0,0,0,0.05699177831411362,0.029543397948145866,0.3168649673461914,0.026806091889739037,0.008939603343605995,0.022420570254325867,0.013675861991941929,0.025319455191493034,0.062282487750053406,0.04110470414161682,0.028448548167943954,0.03628825023770332
184,6.133333333333334,,,,insightface_bbox,0.6144955158233643,0.0,598.15869140625,844.9430541992188,2342.8583984375,0,0,1,0,0,0,0,0,0,0,0,0,0.05676231533288956,0.02945055440068245,0.32498133182525635,0.026957707479596138,0.008958387188613415,0.02228289097547531,0.013577005825936794,0.025530658662319183,0.06167672574520111,0.0420088991522789,0.02821992337703705,0.03698192164301872
185,6.166666666666667,,,,insightface_bbox,0.6144955158233643,0.0,598.15869140625,844.9430541992188,2342.8583984375,0,0,1,0,0,0,0,0,0,0,0,0,0.05691330134868622,0.030165668576955795,0.3305637240409851,0.029372701421380043,0.00909394770860672,0.022763650864362717,0.014105858281254768,0.026498662307858467,0.06180891767144203,0.043159209191799164,0.030443312600255013,0.039029791951179504
186,6.2,,,,insightface_bbox,0.6023270487785339,0.0,602.8723754882812,847.5540771484375,2341.933837890625,0,0,1,0,0,0,0,0,0,0,0,0,0.05096106976270676,0.024027349427342415,0.22841984033584595,0.020042888820171356,0.007742850575596094,0.019344132393598557,0.01087283343076706,0.026348639279603958,0.06914868205785751,0.04682658612728119,0.01959654502570629,0.0342683345079422
187,6.233333333333333,,,,insightface_bbox,0.6023270487785339,0.0,602.8723754882812,847.5540771484375,2341.933837890625,0,0,1,0,0,0,0,0,0,0,0,0,0.049333229660987854,0.023499999195337296,0.22086678445339203,0.019545532763004303,0.007593733724206686,0.019151054322719574,0.011082719080150127,0.02558831498026848,0.07009659707546234,0.0460398904979229,0.018844883888959885,0.03253108635544777
188,6.266666666666667,,,,insightface_bbox,0.6023270487785339,0.0,602.8723754882812,847.5540771484375,2341.933837890625,0,0,1,0,0,0,0,0,0,0,0,0,0.04910622537136078,0.023777171969413757,0.2343832552433014,0.020178453996777534,0.007695108652114868,0.019510377198457718,0.011300558224320412,0.025028906762599945,0.0683494582772255,0.0444747656583786,0.020110251381993294,0.033185359090566635
189,6.3,,,,insightface_bbox,0.6023270487785339,0.0,602.8723754882812,847.5540771484375,2341.933837890625,0,0,1,0,0,0,0,0,0,0,0,0,0.05085920915007591,0.02484714612364769,0.2712380588054657,0.020930353552103043,0.008134003728628159,0.02100427635014057,0.012350707314908504,0.024878844618797302,0.06743482500314713,0.043342359364032745,0.025057828053832054,0.035386934876441956
190,6.333333333333333,,,,insightface_bbox,0.6023270487785339,0.0,602.8723754882812,847.5540771484375,2341.933837890625,0,0,1,0,0,0,0,0,0,0,0,0,0.05196606367826462,0.02532857470214367,0.27371957898139954,0.021734844893217087,0.008459760807454586,0.021312179043889046,0.012372922152280807,0.026235204190015793,0.06947101652622223,0.04511846601963043,0.024791713804006577,0.03657017648220062
191,6.366666666666666,,,,insightface_bbox,0.6023270487785339,0.0,602.8723754882812,847.5540771484375,2341.933837890625,0,0,1,0,0,0,0,0,0,0,0,0,0.05378497764468193,0.02635587938129902,0.2832084894180298,0.022598285228013992,0.00868989434093237,0.022653574123978615,0.01328207552433014,0.026207443326711655,0.06821766495704651,0.04547595605254173,0.03107413835823536,0.03997781127691269
192,6.4,,,,insightface_bbox,0.628570556640625,0.0,564.1178588867188,846.708251953125,2340.2880859375,0,0,1,0,0,0,0,0,0,0,0,0,0.05397925153374672,0.026091011241078377,0.29371070861816406,0.021823521703481674,0.00856767501682043,0.022435136139392853,0.012659012340009212,0.025852730497717857,0.0680743008852005,0.04394858703017235,0.02908017486333847,0.03890516608953476
193,6.433333333333334,,,,insightface_bbox,0.628570556640625,0.0,564.1178588867188,846.708251953125,2340.2880859375,0,0,1,0,0,0,0,0,0,0,0,0,0.053426556289196014,0.0254465714097023,0.2880391776561737,0.020844124257564545,0.008199029602110386,0.021864600479602814,0.011970078572630882,0.025470919907093048,0.06859258562326431,0.04416050761938095,0.029486985877156258,0.03919403627514839
194,6.466666666666667,,,,insightface_bbox,0.628570556640625,0.0,564.1178588867188,846.708251953125,2340.2880859375,0,0,1,0,0,0,0,0,0,0,0,0,0.05280197039246559,0.025035951286554337,0.28403469920158386,0.02048453316092491,0.008049659430980682,0.02168606035411358,0.011833727359771729,0.02544437348842621,0.06884276121854782,0.04432760179042816,0.0298050194978714,0.03896109014749527
195,6.5,,,,insightface_bbox,0.628570556640625,0.0,564.1178588867188,846.708251953125,2340.2880859375,0,0,1,0,0,0,0,0,0,0,0,0,0.0538942813873291,0.02629448100924492,0.2994529604911804,0.021992670372128487,0.008304838091135025,0.022835448384284973,0.013238739222288132,0.02618834376335144,0.06930284947156906,0.043953798711299896,0.035139963030815125,0.04161935672163963
196,6.533333333333333,,,,insightface_bbox,0.628570556640625,0.0,564.1178588867188,846.708251953125,2340.2880859375,0,0,1,0,0,0,0,0,0,0,0,0,0.0546896792948246,0.027051657438278198,0.31150245666503906,0.02292798087000847,0.008564413525164127,0.023721439763903618,0.013925500214099884,0.02642964944243431,0.06995107233524323,0.04429939389228821,0.03780151903629303,0.04333868995308876
197,6.566666666666666,,,,insightface_bbox,0.628570556640625,0.0,564.1178588867188,846.708251953125,2340.2880859375,0,0,1,0,0,0,0,0,0,0,0,0,0.05516839027404785,0.02753751538693905,0.3308394253253937,0.02321992814540863,0.008859536610543728,0.024527713656425476,0.014532998204231262,0.0262314360588789,0.0702449157834053,0.04384484514594078,0.04395342618227005,0.046025101095438004
198,6.6,,,,insightface_bbox,0.5866557955741882,0.0,552.6026000976562,832.7705688476562,2334.072509765625,0,0,1,0,0,0,0,0,0,0,0,0,0.05064110830426216,0.026433508843183517,0.2777964174747467,0.02488819509744644,0.0076790316961705685,0.021501686424016953,0.011907383799552917,0.02397601678967476,0.06362291425466537,0.04204653203487396,0.03108218125998974,0.03968954086303711
199,6.633333333333334,,,,insightface_bbox,0.5866557955741882,0.0,552.6026000976562,832.7705688476562,2334.072509765625,0,0,1,0,0,0,0,0,0,0,0,0,0.050447430461645126,0.0264582596719265,0.27920958399772644,0.024818774312734604,0.007543589919805527,0.02134360373020172,0.011970104649662971,0.023738231509923935,0.06414516270160675,0.041931699961423874,0.030253810808062553,0.03940056636929512
200,6.666666666666667,,,,insightface_bbox,0.5866557955741882,0.0,552.6026000976562,832.7705688476562,2334.072509765625,0,0,1,0,0,0,0,0,0,0,0,0,0.05153506249189377,0.02694806456565857,0.28064823150634766,0.025105498731136322,0.00765977380797267,0.02177104540169239,0.012520257383584976,0.023880938068032265,0.0642738863825798,0.042208392173051834,0.0321318656206131,0.04031935706734657
201,6.7,,,,insightface_bbox,0.5866557955741882,0.0,552.6026000976562,832.7705688476562,2334.072509765625,0,0,1,0,0,0,0,0,0,0,0,0,0.052535831928253174,0.026772942394018173,0.27283287048339844,0.024180818349123,0.007827104069292545,0.02168341539800167,0.012677443213760853,0.023719873279333115,0.06354858726263046,0.04303361475467682,0.03199245035648346,0.040849655866622925
202,6.733333333333333,,,,insightface_bbox,0.5866557955741882,0.0,552.6026000976562,832.7705688476562,2334.072509765625,0,0,1,0,0,0,0,0,0,0,0,0,0.05425306409597397,0.027620848268270493,0.28253838419914246,0.025022437795996666,0.007874473929405212,0.02171032316982746,0.012394274584949017,0.023529699072241783,0.060392897576093674,0.041255202144384384,0.03295963257551193,0.04013190418481827
203,6.766666666666667,,,,insightface_bbox,0.5866557955741882,0.0,552.6026000976562,832.7705688476562,2334.072509765625,0,0,1,0,0,0,0,0,0,0,0,0,0.05602151155471802,0.02931792102754116,0.30038025975227356,0.02776007354259491,0.00813485961407423,0.021797023713588715,0.012516768649220467,0.024074947461485863,0.05925535410642624,0.04090103879570961,0.031238075345754623,0.039309803396463394
204,6.8,,,,insightface_bbox,0.59244704246521,0.0,593.3436279296875,806.9595947265625,2374.533447265625,0,0,1,0,0,0,0,0,0,0,0,0,0.05027363449335098,0.025537163019180298,0.2817770540714264,0.020355869084596634,0.008068558759987354,0.021145453676581383,0.014331500045955181,0.021508680656552315,0.06486499309539795,0.038826536387205124,0.020788462832570076,0.029661644250154495
205,6.833333333333333,,,,insightface_bbox,0.59244704246521,0.0,593.3436279296875,806.9595947265625,2374.533447265625,0,0,1,0,0,0,0,0,0,0,0,0,0.05079999938607216,0.025955531746149063,0.29351022839546204,0.021098265424370766,0.008271639235317707,0.02139701507985592,0.014462295919656754,0.021928416565060616,0.0649452805519104,0.03793376311659813,0.021011769771575928,0.029353465884923935
206,6.866666666666666,,,,insightface_bbox,0.59244704246521,0.0,593.3436279296875,806.9595947265625,2374.533447265625,0,0,1,0,0,0,0,0,0,0,0,0,0.05121336877346039,0.026275642216205597,0.30457693338394165,0.02159237675368786,0.008863070979714394,0.022437097504734993,0.016500430181622505,0.02262572944164276,0.06794138997793198,0.040205590426921844,0.021879252046346664,0.03027881309390068
207,6.9,,,,insightface_bbox,0.59244704246521,0.0,593.3436279296875,806.9595947265625,2374.533447265625,0,0,1,0,0,0,0,0,0,0,0,0,0.051278576254844666,0.026140984147787094,0.30998554825782776,0.021369237452745438,0.009187162853777409,0.023306822404265404,0.01718611642718315,0.02321813255548477,0.06955986469984055,0.04092048481106758,0.022065898403525352,0.03016812540590763
208,6.933333333333334,,,,insightface_bbox,0.59244704246521,0.0,593.3436279296875,806.9595947265625,2374.533447265625,0,0,1,0,0,0,0,0,0,0,0,0,0.05062665045261383,0.02566569671034813,0.3175208270549774,0.020411627367138863,0.008796049281954765,0.02292725071310997,0.016257673501968384,0.022432228550314903,0.06963879615068436,0.0404001846909523,0.02179795689880848,0.029994837939739227
209,6.966666666666667,,,,insightface_bbox,0.59244704246521,0.0,593.3436279296875,806.9595947265625,2374.533447265625,0,0,1,0,0,0,0,0,0,0,0,0,0.05105830729007721,0.026002582162618637,0.32045382261276245,0.020429082214832306,0.008787127211689949,0.022854138165712357,0.015691645443439484,0.021969910711050034,0.06959094107151031,0.039649419486522675,0.022226139903068542,0.030083410441875458
210,7.0,,,,insightface_bbox,0.6115171909332275,0.0,540.6542358398438,843.3187866210938,2349.48291015625,0,0,1,0,0,0,0,0,0,0,0,0,0.06337294727563858,0.03277210518717766,0.3371135890483856,0.030928319320082664,0.010065937414765358,0.0269462913274765,0.015680527314543724,0.029141323640942574,0.06828530132770538,0.04735270515084267,0.050035834312438965,0.05129849538207054
211,7.033333333333333,,,,insightface_bbox,0.6115171909332275,0.0,540.6542358398438,843.3187866210938,2349.48291015625,0,0,1,0,0,0,0,0,0,0,0,0,0.0621572844684124,0.03241920843720436,0.3356468975543976,0.030718501657247543,0.009557103738188744,0.025653425604104996,0.014385808259248734,0.028403855860233307,0.06743857264518738,0.047293320298194885,0.046875979751348495,0.05007227510213852
212,7.066666666666666,,,,insightface_bbox,0.6115171909332275,0.0,540.6542358398438,843.3187866210938,2349.48291015625,0,0,1,0,0,0,0,0,0,0,0,0,0.06265390664339066,0.032616063952445984,0.3355253040790558,0.03078155405819416,0.009792383760213852,0.026072736829519272,0.015012933872640133,0.02852446399629116,0.06807151436805725,0.04821965470910072,0.04880464822053909,0.05174221470952034
213,7.1,,,,insightface_bbox,0.6115171909332275,0.0,540.6542358398438,843.3187866210938,2349.48291015625,0,0,1,0,0,0,0,0,0,0,0,0,0.06271922588348389,0.03269632160663605,0.3323937952518463,0.03111695870757103,0.009749302640557289,0.026466717943549156,0.01502230018377304,0.028868120163679123,0.06786710023880005,0.048859983682632446,0.05189879983663559,0.05346013605594635
214,7.133333333333334,,,,insightface_bbox,0.6115171909332275,0.0,540.6542358398438,843.3187866210938,2349.48291015625,0,0,1,0,0,0,0,0,0,0,0,0,0.06096724793314934,0.030767496675252914,0.3088681697845459,0.028250154107809067,0.009639254771173,0.026432016864418983,0.014742533676326275,0.03000842034816742,0.07091888040304184,0.04876069724559784,0.04950735718011856,0.05158929526805878
215,7.166666666666667,,,,insightface_bbox,0.6115171909332275,0.0,540.6542358398438,843.3187866210938,2349.48291015625,0,0,1,0,0,0,0,0,0,0,0,0,0.05996079742908478,0.03042101487517357,0.30899345874786377,0.02820916660130024,0.00991140492260456,0.027497075498104095,0.015954693779349327,0.030299799516797066,0.07228069007396698,0.04990507662296295,0.05820478871464729,0.05450490489602089
216,7.2,,,,insightface_bbox,0.6317529082298279,0.0,577.691650390625,836.9856567382812,2259.28662109375,0,0,1,0,0,0,0,0,0,0,0,0,0.0514962337911129,0.026096655055880547,0.24478751420974731,0.024459712207317352,0.007465921342372894,0.02048623561859131,0.011712820269167423,0.02578534185886383,0.07126155495643616,0.046059295535087585,0.02775881253182888,0.03895358741283417
217,7.233333333333333,,,,insightface_bbox,0.6317529082298279,0.0,577.691650390625,836.9856567382812,2259.28662109375,0,0,1,0,0,0,0,0,0,0,0,0,0.052401453256607056,0.026595227420330048,0.25790178775787354,0.025437558069825172,0.007809932343661785,0.02134629711508751,0.012007289566099644,0.026523258537054062,0.0705958679318428,0.046667810529470444,0.027588216587901115,0.039610981941223145
218,7.266666666666667,,,,insightface_bbox,0.6317529082298279,0.0,577.691650390625,836.9856567382812,2259.28662109375,0,0,1,0,0,0,0,0,0,0,0,0,0.053076133131980896,0.026927918195724487,0.25642240047454834,0.025722157210111618,0.008019128814339638,0.02148028090596199,0.01241776067763567,0.02715691179037094,0.07071614265441895,0.04798334091901779,0.028612695634365082,0.04065016284584999
219,7.3,,,,insightface_bbox,0.6317529082298279,0.0,577.691650390625,836.9856567382812,2259.28662109375,0,0,1,0,0,0,0,0,0,0,0,0,0.05293501913547516,0.02668764442205429,0.25884488224983215,0.024729201570153236,0.007949409075081348,0.02092825435101986,0.011748010292649269,0.027027998119592667,0.06996896862983704,0.04668068885803223,0.025803279131650925,0.03893713280558586
220,7.333333333333333,,,,insightface_bbox,0.6317529082298279,0.0,577.691650390625,836.9856567382812,2259.28662109375,0,0,1,0,0,0,0,0,0,0,0,0,0.05307465419173241,0.026433171704411507,0.25890815258026123,0.023230653256177902,0.008041704073548317,0.02090170979499817,0.01201176643371582,0.026068929582834244,0.07031890004873276,0.04579637199640274,0.02674506977200508,0.03930322080850601
221,7.366666666666666,,,,insightface_bbox,0.6317529082298279,0.0,577.691650390625,836.9856567382812,2259.28662109375,0,0,1,0,0,0,0,0,0,0,0,0,0.052414558827877045,0.026197833940386772,0.27168941497802734,0.022976014763116837,0.008005046285688877,0.021390359848737717,0.012312030419707298,0.025075871497392654,0.06904104351997375,0.04480673372745514,0.027339745312929153,0.039064325392246246
222,7.4,,,,insightface_bbox,0.6202390193939209,0.0,606.04541015625,806.6900024414062,2371.8603515625,0,0,1,0,0,0,0,0,0,0,0,0,0.048401542007923126,0.02623514086008072,0.2896198034286499,0.02254038117825985,0.008260621689260006,0.020616238936781883,0.011518828570842743,0.021236341446638107,0.05491992086172104,0.032958365976810455,0.02318543940782547,0.0290923360735178
223,7.433333333333334,,,,insightface_bbox,0.6202390193939209,0.0,606.04541015625,806.6900024414062,2371.8603515625,0,0,1,0,0,0,0,0,0,0,0,0,0.04899950698018074,0.026510564610362053,0.30048704147338867,0.02276543527841568,0.008184480480849743,0.020742325112223625,0.010833768174052238,0.020783262327313423,0.05447041615843773,0.032471299171447754,0.02645052969455719,0.03018523007631302
224,7.466666666666667,,,,insightface_bbox,0.6202390193939209,0.0,606.04541015625,806.6900024414062,2371.8603515625,0,0,1,0,0,0,0,0,0,0,0,0,0.05229845270514488,0.027590908110141754,0.3261340856552124,0.02271406538784504,0.008909212425351143,0.02232242375612259,0.012208661995828152,0.022031784057617188,0.05589134246110916,0.03400722146034241,0.029510628432035446,0.0332222543656826
225,7.5,,,,insightface_bbox,0.6202390193939209,0.0,606.04541015625,806.6900024414062,2371.8603515625,0,0,1,0,0,0,0,0,0,0,0,0,0.05142446607351303,0.02727636694908142,0.327165424823761,0.023080110549926758,0.008852673694491386,0.022652940824627876,0.012622847221791744,0.02237800881266594,0.056720152497291565,0.03462635725736618,0.031237883493304253,0.03383304551243782
226,7.533333333333333,,,,insightface_bbox,0.6202390193939209,0.0,606.04541015625,806.6900024414062,2371.8603515625,0,0,1,0,0,0,0,0,0,0,0,0,0.052803292870521545,0.027705498039722443,0.35418105125427246,0.023804213851690292,0.009160885587334633,0.023328790441155434,0.013447488658130169,0.023162901401519775,0.05847243219614029,0.03591831400990486,0.033377330750226974,0.03619231656193733
227,7.566666666666666,,,,insightface_bbox,0.6202390193939209,0.0,606.04541015625,806.6900024414062,2371.8603515625,0,0,1,0,0,0,0,0,0,0,0,0,0.053536251187324524,0.02789880707859993,0.3490895628929138,0.023754052817821503,0.009133657440543175,0.023468760773539543,0.013595476746559143,0.02330915816128254,0.05928613245487213,0.03626227006316185,0.03332722187042236,0.036517586559057236
228,7.6,,,,insightface_bbox,0.6592491865158081,0.0,558.2286376953125,855.270263671875,2316.6171875,0,0,1,0,0,0,0,0,0,0,0,0,0.05731085315346718,0.02889160066843033,0.28511619567871094,0.025948047637939453,0.01017242856323719,0.026491612195968628,0.01450570859014988,0.02542761154472828,0.06619146466255188,0.043454527854919434,0.04600733891129494,0.04351228475570679
229,7.633333333333334,,,,insightface_bbox,0.6592491865158081,0.0,558.2286376953125,855.270263671875,2316.6171875,0,0,1,0,0,0,0,0,0,0,0,0,0.05622454732656479,0.028955787420272827,0.2604554295539856,0.027051491662859917,0.009917397052049637,0.02614521235227585,0.013715420849621296,0.02582722157239914,0.06562834978103638,0.04355094954371452,0.043868646025657654,0.04368337243795395
230,7.666666666666667,,,,insightface_bbox,0.6592491865158081,0.0,558.2286376953125,855.270263671875,2316.6171875,0,0,1,0,0,0,0,0,0,0,0,0,0.056620314717292786,0.02916896529495716,0.2593204975128174,0.027387643232941628,0.009659887291491032,0.02573142945766449,0.01360346470028162,0.025730345398187637,0.06629697233438492,0.04280637949705124,0.04264102131128311,0.042850155383348465
231,7.7,,,,insightface_bbox,0.6592491865158081,0.0,558.2286376953125,855.270263671875,2316.6171875,0,0,1,0,0,0,0,0,0,0,0,0,0.05724497511982918,0.02955709770321846,0.278037965297699,0.02750799059867859,0.009826659224927425,0.02622854895889759,0.0142192542552948,0.025883112102746964,0.06575928628444672,0.043012604117393494,0.04454411566257477,0.043559204787015915
232,7.733333333333333,,,,insightface_bbox,0.6592491865158081,0.0,558.2286376953125,855.270263671875,2316.6171875,0,0,1,0,0,0,0,0,0,0,0,0,0.05690138414502144,0.02899651601910591,0.27945613861083984,0.026241328567266464,0.00986703485250473,0.026293396949768066,0.014354700222611427,0.025537563487887383,0.06595893204212189,0.04318784177303314,0.04477586969733238,0.04326522350311279
233,7.766666666666667,,,,insightface_bbox,0.6592491865158081,0.0,558.2286376953125,855.270263671875,2316.6171875,0,0,1,0,0,0,0,0,0,0,0,0,0.055426131933927536,0.02815566584467888,0.27049165964126587,0.025396810844540596,0.00948786549270153,0.025454081594944,0.013353206217288971,0.025182276964187622,0.06485315412282944,0.04253237694501877,0.041813164949417114,0.0419803187251091
234,7.8,,,,insightface_bbox,0.6048493385314941,0.0,569.1371459960938,847.095947265625,2382.97509765625,0,0,1,0,0,0,0,0,0,0,0,0,0.05169418454170227,0.025313138961791992,0.32385390996932983,0.021228862926363945,0.008208898827433586,0.023145273327827454,0.012527434155344963,0.023498116061091423,0.06804206222295761,0.04114801436662674,0.029531970620155334,0.036975760012865067
235,7.833333333333333,,,,insightface_bbox,0.6048493385314941,0.0,569.1371459960938,847.095947265625,2382.97509765625,0,0,1,0,0,0,0,0,0,0,0,0,0.051570259034633636,0.02529418095946312,0.32051050662994385,0.021334253251552582,0.008029218763113022,0.022876953706145287,0.012377585284411907,0.023537471890449524,0.06812496483325958,0.041191063821315765,0.02889394387602806,0.03648519143462181
236,7.866666666666666,,,,insightface_bbox,0.6048493385314941,0.0,569.1371459960938,847.095947265625,2382.97509765625,0,0,1,0,0,0,0,0,0,0,0,0,0.05181319639086723,0.0258790235966444,0.3201832175254822,0.02263476327061653,0.008060086518526077,0.02312798798084259,0.012596704065799713,0.023492474108934402,0.0682302713394165,0.04101753607392311,0.030993958935141563,0.03743518888950348
237,7.9,,,,insightface_bbox,0.6048493385314941,0.0,569.1371459960938,847.095947265625,2382.97509765625,0,0,1,0,0,0,0,0,0,0,0,0,0.05122731998562813,0.02575722336769104,0.3336566388607025,0.023172136396169662,0.007984930649399757,0.0232233889400959,0.012778837233781815,0.02332276850938797,0.06835660338401794,0.039537280797958374,0.03280514106154442,0.037098854780197144
238,7.933333333333334,,,,insightface_bbox,0.6048493385314941,0.0,569.1371459960938,847.095947265625,2382.97509765625,0,0,1,0,0,0,0,0,0,0,0,0,0.05352703854441643,0.027030255645513535,0.3616214096546173,0.024836808443069458,0.008128959685564041,0.024030078202486038,0.013194916769862175,0.024227460846304893,0.06860026717185974,0.03947114199399948,0.03522545471787453,0.03897738456726074
239,7.966666666666667,,,,insightface_bbox,0.6048493385314941,0.0,569.1371459960938,847.095947265625,2382.97509765625,0,0,1,0,0,0,0,0,0,0,0,0,0.05456630140542984,0.027360523119568825,0.3684823215007782,0.02499004825949669,0.008204437792301178,0.024930087849497795,0.01401689276099205,0.024549346417188644,0.06868311017751694,0.03981718793511391,0.041069142520427704,0.04176103323698044
240,8.0,,,,insightface_bbox,0.642322838306427,0.0,566.8216552734375,832.1487426757812,2266.127685546875,0,0,1,0,0,0,0,0,0,0,0,0,0.05219084769487381,0.026884686201810837,0.29795733094215393,0.0263122096657753,0.007630838546901941,0.02319408766925335,0.012422492727637291,0.02469552494585514,0.06819694489240646,0.04003308713436127,0.04326911270618439,0.043221667408943176
241,8.033333333333333,,,,insightface_bbox,0.642322838306427,0.0,566.8216552734375,832.1487426757812,2266.127685546875,0,0,1,0,0,0,0,0,0,0,0,0,0.051814787089824677,0.026441913098096848,0.3536386787891388,0.024506879970431328,0.007354039698839188,0.022787045687437057,0.012262281961739063,0.023540955036878586,0.0657133162021637,0.038489196449518204,0.03906752169132233,0.040270429104566574
242,8.066666666666666,,,,insightface_bbox,0.642322838306427,0.0,566.8216552734375,832.1487426757812,2266.127685546875,0,0,1,0,0,0,0,0,0,0,0,0,0.050394266843795776,0.025601744651794434,0.34208381175994873,0.023856109008193016,0.007085130084306002,0.02271057292819023,0.011767564341425896,0.02398737519979477,0.06537511944770813,0.03896452113986015,0.035838618874549866,0.03799951821565628
243,8.1,,,,insightface_bbox,0.642322838306427,0.0,566.8216552734375,832.1487426757812,2266.127685546875,0,0,1,0,0,0,0,0,0,0,0,0,0.048673003911972046,0.02488509938120842,0.30883607268333435,0.02336362563073635,0.00696543138474226,0.022067783400416374,0.011506078764796257,0.02411247044801712,0.06486023217439651,0.03915833681821823,0.03419070318341255,0.03758898377418518
244,8.133333333333333,,,,insightface_bbox,0.642322838306427,0.0,566.8216552734375,832.1487426757812,2266.127685546875,0,0,1,0,0,0,0,0,0,0,0,0,0.04865845665335655,0.02486056461930275,0.2860065698623657,0.023592572659254074,0.00701159005984664,0.022180870175361633,0.011904258280992508,0.02488173544406891,0.06663495302200317,0.040074657648801804,0.032907634973526,0.037698403000831604
245,8.166666666666666,,,,insightface_bbox,0.642322838306427,0.0,566.8216552734375,832.1487426757812,2266.127685546875,0,0,1,0,0,0,0,0,0,0,0,0,0.051952846348285675,0.0259876511991024,0.3171328008174896,0.023949498310685158,0.007634884212166071,0.023223644122481346,0.013325724750757217,0.02469579689204693,0.06871280074119568,0.04031994938850403,0.032099973410367966,0.03873490169644356
246,8.2,,,,insightface_bbox,0.6344929337501526,0.0,534.7009887695312,846.4378662109375,2345.493896484375,0,0,1,0,0,0,0,0,0,0,0,0,0.0553479827940464,0.02793898433446884,0.31905534863471985,0.026859857141971588,0.00880749523639679,0.025989720597863197,0.015330576337873936,0.027067814022302628,0.06856730580329895,0.04425860941410065,0.04928971081972122,0.049086131155490875
247,8.233333333333333,,,,insightface_bbox,0.6344929337501526,0.0,534.7009887695312,846.4378662109375,2345.493896484375,0,0,1,0,0,0,0,0,0,0,0,0,0.05802762508392334,0.029657285660505295,0.3772692084312439,0.02802460268139839,0.009244443848729134,0.027313904836773872,0.015925515443086624,0.027483388781547546,0.06948395073413849,0.04443773999810219,0.04983292520046234,0.04902329295873642
248,8.266666666666667,,,,insightface_bbox,0.6344929337501526,0.0,534.7009887695312,846.4378662109375,2345.493896484375,0,0,1,0,0,0,0,0,0,0,0,0,0.057548828423023224,0.029820052906870842,0.4026833176612854,0.02828933298587799,0.009339451789855957,0.027684012427926064,0.016235271468758583,0.027597833424806595,0.06947272270917892,0.04396672546863556,0.05324675887823105,0.04946979135274887
249,8.3,,,,insightface_bbox,0.6344929337501526,0.0,534.7009887695312,846.4378662109375,2345.493896484375,0,0,1,0,0,0,0,0,0,0,0,0,0.05621294677257538,0.02934291958808899,0.3739224374294281,0.02862006239593029,0.009260469116270542,0.02766447141766548,0.01598261669278145,0.027554847300052643,0.0697479173541069,0.044289134442806244,0.05279352888464928,0.04841233789920807
250,8.333333333333334,,,,insightface_bbox,0.6344929337501526,0.0,534.7009887695312,846.4378662109375,2345.493896484375,0,0,1,0,0,0,0,0,0,0,0,0,0.05637534335255623,0.02931036241352558,0.3758772611618042,0.028704218566417694,0.009170133620500565,0.027939409017562866,0.015905069187283516,0.027299245819449425,0.06929946690797806,0.04397152364253998,0.05563266947865486,0.04924221336841583
251,8.366666666666667,,,,insightface_bbox,0.6344929337501526,0.0,534.7009887695312,846.4378662109375,2345.493896484375,0,0,1,0,0,0,0,0,0,0,0,0,0.05467820540070534,0.028285013511776924,0.3530283570289612,0.027776362374424934,0.008640455082058907,0.026173649355769157,0.014285475015640259,0.026042219251394272,0.0691445991396904,0.04231833666563034,0.04566526040434837,0.04396609589457512
252,8.4,,,,insightface_bbox,0.6243510246276855,0.0,631.8984985351562,806.52685546875,2332.43798828125,0,0,1,0,0,0,0,0,0,0,0,0,0.043576955795288086,0.022591056302189827,0.2589881122112274,0.01930559054017067,0.0072144391015172005,0.01970626413822174,0.01131883729249239,0.020191386342048645,0.061583757400512695,0.03468496352434158,0.021606147289276123,0.02750893123447895
253,8.433333333333334,,,,insightface_bbox,0.6243510246276855,0.0,631.8984985351562,806.52685546875,2332.43798828125,0,0,1,0,0,0,0,0,0,0,0,0,0.04596705734729767,0.023496117442846298,0.2809627652168274,0.020594123750925064,0.007688256911933422,0.02140563167631626,0.01250314712524414,0.02145978808403015,0.06590491533279419,0.036735549569129944,0.02245042659342289,0.02869746834039688
254,8.466666666666667,,,,insightface_bbox,0.6243510246276855,0.0,631.8984985351562,806.52685546875,2332.43798828125,0,0,1,0,0,0,0,0,0,0,0,0,0.04721160978078842,0.02478070743381977,0.2926395833492279,0.022355055436491966,0.008140488527715206,0.022116119042038918,0.013259033672511578,0.022671010345220566,0.06820601969957352,0.038286976516246796,0.021252814680337906,0.028443675488233566
255,8.5,,,,insightface_bbox,0.6243510246276855,0.0,631.8984985351562,806.52685546875,2332.43798828125,0,0,1,0,0,0,0,0,0,0,0,0,0.04792920872569084,0.02480909414589405,0.3148913085460663,0.021851016208529472,0.007973606698215008,0.021792687475681305,0.012873783707618713,0.0227312371134758,0.06621700525283813,0.03775174170732498,0.020922254770994186,0.028521651402115822
256,8.533333333333333,,,,insightface_bbox,0.6243510246276855,0.0,631.8984985351562,806.52685546875,2332.43798828125,0,0,1,0,0,0,0,0,0,0,0,0,0.04835503175854683,0.024323230609297752,0.31513547897338867,0.020526248961687088,0.007819542661309242,0.0217629112303257,0.013089338317513466,0.023159600794315338,0.06778235733509064,0.03933558613061905,0.0192418172955513,0.02802804484963417
257,8.566666666666666,,,,insightface_bbox,0.6243510246276855,0.0,631.8984985351562,806.52685546875,2332.43798828125,0,0,1,0,0,0,0,0,0,0,0,0,0.04794777184724808,0.023665307089686394,0.30960533022880554,0.018144676461815834,0.007886728271842003,0.020980671048164368,0.012696734629571438,0.021918779239058495,0.06733168661594391,0.03833216428756714,0.01750234141945839,0.027460327371954918
258,8.6,,,,insightface_bbox,0.6301931142807007,0.0,596.6251220703125,840.7485961914062,2257.0869140625,0,0,1,0,0,0,0,0,0,0,0,0,0.05167994275689125,0.02626069076359272,0.3121374249458313,0.027417531237006187,0.008163304068148136,0.023759745061397552,0.01143135130405426,0.029295513406395912,0.06762231141328812,0.04604484885931015,0.036304764449596405,0.041351690888404846
259,8.633333333333333,,,,insightface_bbox,0.6301931142807007,0.0,596.6251220703125,840.7485961914062,2257.0869140625,0,0,1,0,0,0,0,0,0,0,0,0,0.05219731852412224,0.026550155133008957,0.3361974358558655,0.026574507355690002,0.008439271710813046,0.023728666827082634,0.012226555496454239,0.028853313997387886,0.06903699040412903,0.04609321057796478,0.03720530495047569,0.04267758131027222
260,8.666666666666666,,,,insightface_bbox,0.6301931142807007,0.0,596.6251220703125,840.7485961914062,2257.0869140625,0,0,1,0,0,0,0,0,0,0,0,0,0.05274510383605957,0.026730716228485107,0.31772834062576294,0.026824811473488808,0.008264417760074139,0.022413527593016624,0.011499391868710518,0.029095299541950226,0.06857617199420929,0.04546280577778816,0.030694864690303802,0.040193457156419754
261,8.7,,,,insightface_bbox,0.6301931142807007,0.0,596.6251220703125,840.7485961914062,2257.0869140625,0,0,1,0,0,0,0,0,0,0,0,0,0.0503566712141037,0.024728041142225266,0.29528263211250305,0.023570537567138672,0.008151688612997532,0.021819325163960457,0.011004025116562843,0.02742692083120346,0.06566254049539566,0.0452013723552227,0.027290869504213333,0.038820840418338776
262,8.733333333333333,,,,insightface_bbox,0.6301931142807007,0.0,596.6251220703125,840.7485961914062,2257.0869140625,0,0,1,0,0,0,0,0,0,0,0,0,0.048269111663103104,0.023630335927009583,0.24501940608024597,0.02228448912501335,0.007958156988024712,0.020670566707849503,0.010407967492938042,0.026841573417186737,0.06639347970485687,0.04523491859436035,0.023192260414361954,0.036803655326366425
263,8.766666666666667,,,,insightface_bbox,0.6301931142807007,0.0,596.6251220703125,840.7485961914062,2257.0869140625,0,0,1,0,0,0,0,0,0,0,0,0,0.048137400299310684,0.023728059604763985,0.2530432641506195,0.021967096254229546,0.007814975455403328,0.02049405872821808,0.010228648781776428,0.026099860668182373,0.06707481294870377,0.04497100040316582,0.02343931794166565,0.03679234907031059
264,8.8,,,,insightface_bbox,0.6526522636413574,0.0,636.0068359375,799.94677734375,2366.07958984375,0,0,1,0,0,0,0,0,0,0,0,0,0.054672662168741226,0.026207081973552704,0.34843724966049194,0.018793506547808647,0.009384579956531525,0.02188098430633545,0.013121550902724266,0.0223167035728693,0.06019549071788788,0.034372758120298386,0.01947060599923134,0.029566960409283638
265,8.833333333333334,,,,insightface_bbox,0.6526522636413574,0.0,636.0068359375,799.94677734375,2366.07958984375,0,0,1,0,0,0,0,0,0,0,0,0,0.05487963557243347,0.026403799653053284,0.37037771940231323,0.018557604402303696,0.009628302417695522,0.022016018629074097,0.013481643982231617,0.02278374694287777,0.06270723789930344,0.03497953712940216,0.019538216292858124,0.03170178830623627
266,8.866666666666667,,,,insightface_bbox,0.6526522636413574,0.0,636.0068359375,799.94677734375,2366.07958984375,0,0,1,0,0,0,0,0,0,0,0,0,0.05543465167284012,0.026791486889123917,0.36582183837890625,0.018735138699412346,0.009676526300609112,0.02186533436179161,0.013033934868872166,0.023334547877311707,0.06304920464754105,0.0351107083261013,0.020055685192346573,0.032983824610710144
267,8.9,,,,insightface_bbox,0.6526522636413574,0.0,636.0068359375,799.94677734375,2366.07958984375,0,0,1,0,0,0,0,0,0,0,0,0,0.05482223257422447,0.02657218836247921,0.3604506254196167,0.018630532547831535,0.009568838402628899,0.021673865616321564,0.012527518905699253,0.023571163415908813,0.06233244761824608,0.03481897711753845,0.020962707698345184,0.03337036073207855
268,8.933333333333334,,,,insightface_bbox,0.6526522636413574,0.0,636.0068359375,799.94677734375,2366.07958984375,0,0,1,0,0,0,0,0,0,0,0,0,0.05461316183209419,0.026162544265389442,0.35325151681900024,0.018364829942584038,0.009320863522589207,0.021340055391192436,0.011763964779675007,0.023685812950134277,0.06162283569574356,0.035204581916332245,0.02058156207203865,0.03322381526231766
269,8.966666666666667,,,,insightface_bbox,0.6526522636413574,0.0,636.0068359375,799.94677734375,2366.07958984375,0,0,1,0,0,0,0,0,0,0,0,0,0.054358288645744324,0.025950003415346146,0.3737717270851135,0.017956338822841644,0.009136801585555077,0.020795680582523346,0.011108342558145523,0.023406080901622772,0.06006855517625809,0.035046111792325974,0.02033737488090992,0.03400683403015137
270,9.0,,,,insightface_bbox,0.6197022199630737,0.0,577.8860473632812,844.3719482421875,2330.029052734375,0,0,1,0,0,0,0,0,0,0,0,0,0.05034749209880829,0.026251597329974174,0.27401599287986755,0.02649720385670662,0.008183128200471401,0.022139765322208405,0.010572025552392006,0.027108268812298775,0.07098725438117981,0.045313023030757904,0.030598558485507965,0.041910525411367416
271,9.033333333333333,,,,insightface_bbox,0.6197022199630737,0.0,577.8860473632812,844.3719482421875,2330.029052734375,0,0,1,0,0,0,0,0,0,0,0,0,0.05188901722431183,0.027204539626836777,0.3083457946777344,0.027301331982016563,0.008305656723678112,0.0229849461466074,0.011192197911441326,0.02697085030376911,0.07112519443035126,0.04486996307969093,0.034065086394548416,0.043661653995513916
272,9.066666666666666,,,,insightface_bbox,0.6197022199630737,0.0,577.8860473632812,844.3719482421875,2330.029052734375,0,0,1,0,0,0,0,0,0,0,0,0,0.052742961794137955,0.027711622416973114,0.3268985450267792,0.027498135343194008,0.008451573550701141,0.023447906598448753,0.011461055837571621,0.02625204809010029,0.06807912886142731,0.04394112527370453,0.037009347230196,0.046126775443553925
273,9.1,,,,insightface_bbox,0.6197022199630737,0.0,577.8860473632812,844.3719482421875,2330.029052734375,0,0,1,0,0,0,0,0,0,0,0,0,0.05355165898799896,0.027836041525006294,0.3532843291759491,0.027098359540104866,0.008624446578323841,0.024162672460079193,0.01181699801236391,0.026268577203154564,0.06787291169166565,0.04404949024319649,0.041939154267311096,0.04791984334588051
274,9.133333333333333,,,,insightface_bbox,0.6197022199630737,0.0,577.8860473632812,844.3719482421875,2330.029052734375,0,0,1,0,0,0,0,0,0,0,0,0,0.053709469735622406,0.02792571485042572,0.3548067510128021,0.027133285999298096,0.008673827163875103,0.024427399039268494,0.011915294453501701,0.02630390040576458,0.06743575632572174,0.043994806706905365,0.0434524342417717,0.048464030027389526
275,9.166666666666666,,,,insightface_bbox,0.6197022199630737,0.0,577.8860473632812,844.3719482421875,2330.029052734375,0,0,1,0,0,0,0,0,0,0,0,0,0.05362721532583237,0.02792717143893242,0.3670414090156555,0.027302443981170654,0.008669496513903141,0.024858655408024788,0.012179231271147728,0.026640307158231735,0.06751742213964462,0.04427322745323181,0.044568054378032684,0.047754645347595215
276,9.2,,,,insightface_bbox,0.6271384954452515,0.0,600.4568481445312,849.2708740234375,2315.387939453125,0,0,1,0,0,0,0,0,0,0,0,0,0.05585983023047447,0.029494646936655045,0.3816234767436981,0.029836948961019516,0.009597854688763618,0.027362706139683723,0.013857628218829632,0.02826041355729103,0.06787622720003128,0.04659177362918854,0.05647558346390724,0.05344122648239136
277,9.233333333333333,,,,insightface_bbox,0.6271384954452515,0.0,600.4568481445312,849.2708740234375,2315.387939453125,0,0,1,0,0,0,0,0,0,0,0,0,0.05174199119210243,0.02688615396618843,0.3227013051509857,0.026496954262256622,0.008864079602062702,0.025188250467181206,0.013253428973257542,0.02742699906229973,0.06680672615766525,0.04525311291217804,0.05460308492183685,0.05065203458070755
278,9.266666666666667,,,,insightface_bbox,0.6271384954452515,0.0,600.4568481445312,849.2708740234375,2315.387939453125,0,0,1,0,0,0,0,0,0,0,0,0,0.05324288457632065,0.027885211631655693,0.3166239261627197,0.027410224080085754,0.009244624525308609,0.025654414668679237,0.013550391420722008,0.02870338410139084,0.06683479249477386,0.047433044761419296,0.05491365119814873,0.0511917881667614
279,9.3,,,,insightface_bbox,0.6271384954452515,0.0,600.4568481445312,849.2708740234375,2315.387939453125,0,0,1,0,0,0,0,0,0,0,0,0,0.053827766329050064,0.02791692316532135,0.3305431008338928,0.026595870032906532,0.00932270847260952,0.025570830330252647,0.01377854309976101,0.027937963604927063,0.0657045990228653,0.046500302851200104,0.05436067283153534,0.05080335587263107
280,9.333333333333334,,,,insightface_bbox,0.6271384954452515,0.0,600.4568481445312,849.2708740234375,2315.387939453125,0,0,1,0,0,0,0,0,0,0,0,0,0.05323750898241997,0.027014464139938354,0.3218064308166504,0.02477584034204483,0.00916074588894844,0.024797655642032623,0.01314344722777605,0.027053043246269226,0.06527087837457657,0.045641012489795685,0.04900986701250076,0.047683581709861755
281,9.366666666666667,,,,insightface_bbox,0.6271384954452515,0.0,600.4568481445312,849.2708740234375,2315.387939453125,0,0,1,0,0,0,0,0,0,0,0,0,0.05442875996232033,0.026985106989741325,0.30150020122528076,0.025058113038539886,0.009017463773488998,0.02445206418633461,0.012769008986651897,0.02748173102736473,0.06655330955982208,0.04586249589920044,0.047331977635622025,0.04711795598268509
282,9.4,,,,insightface_bbox,0.6484627723693848,0.0,602.2984008789062,847.1742553710938,2395.462890625,0,0,1,0,0,0,0,0,0,0,0,0,0.054717257618904114,0.02826062962412834,0.29116755723953247,0.028250567615032196,0.007644304074347019,0.020873866975307465,0.01098616048693657,0.024418754503130913,0.06277527660131454,0.04040119796991348,0.02559315785765648,0.038089245557785034
283,9.433333333333334,,,,insightface_bbox,0.6484627723693848,0.0,602.2984008789062,847.1742553710938,2395.462890625,0,0,1,0,0,0,0,0,0,0,0,0,0.057330138981342316,0.03029155544936657,0.3037128150463104,0.030947141349315643,0.008210631087422371,0.021802134811878204,0.01140960119664669,0.025807540863752365,0.0622820146381855,0.04286057502031326,0.02978110872209072,0.041464753448963165
284,9.466666666666667,,,,insightface_bbox,0.6484627723693848,0.0,602.2984008789062,847.1742553710938,2395.462890625,0,0,1,0,0,0,0,0,0,0,0,0,0.05570000037550926,0.02886241301894188,0.3025018572807312,0.028229856863617897,0.007952630519866943,0.02118772640824318,0.011051698587834835,0.02509310469031334,0.0623827800154686,0.042228370904922485,0.02819027565419674,0.0400313138961792
285,9.5,,,,insightface_bbox,0.6484627723693848,0.0,602.2984008789062,847.1742553710938,2395.462890625,0,0,1,0,0,0,0,0,0,0,0,0,0.051702678203582764,0.026793647557497025,0.29001539945602417,0.026526644825935364,0.007573278620839119,0.02095344290137291,0.01050641667097807,0.024956408888101578,0.06416041404008865,0.04182617366313934,0.027710817754268646,0.03770601749420166
286,9.533333333333333,,,,insightface_bbox,0.6484627723693848,0.0,602.2984008789062,847.1742553710938,2395.462890625,0,0,1,0,0,0,0,0,0,0,0,0,0.047769080847501755,0.0245700441300869,0.27529263496398926,0.023823391646146774,0.00706438859924674,0.020209727808833122,0.00955649558454752,0.023362861946225166,0.06437574326992035,0.040272124111652374,0.024708092212677002,0.03491820767521858
287,9.566666666666666,,,,insightface_bbox,0.6484627723693848,0.0,602.2984008789062,847.1742553710938,2395.462890625,0,0,1,0,0,0,0,0,0,0,0,0,0.04975882172584534,0.025845814496278763,0.2773961126804352,0.026237308979034424,0.0072735995054244995,0.021280065178871155,0.010395068675279617,0.024444757029414177,0.06620613485574722,0.042164646089076996,0.02766375243663788,0.037774354219436646
288,9.6,,,,insightface_bbox,0.6315284371376038,0.0,595.0074462890625,847.1437377929688,2285.39794921875,0,0,1,0,0,0,0,0,0,0,0,0,0.05168762430548668,0.028428779914975166,0.3222326934337616,0.030801359564065933,0.008986693806946278,0.026304973289370537,0.01335181761533022,0.027910690754652023,0.06903010606765747,0.046439822763204575,0.055046822875738144,0.05214601755142212
289,9.633333333333333,,,,insightface_bbox,0.6315284371376038,0.0,595.0074462890625,847.1437377929688,2285.39794921875,0,0,1,0,0,0,0,0,0,0,0,0,0.05237001180648804,0.02851898781955242,0.3406978249549866,0.030235517770051956,0.009533734992146492,0.027828386053442955,0.014160964637994766,0.02907806634902954,0.0676860511302948,0.04792027175426483,0.06228427588939667,0.05762398615479469
290,9.666666666666666,,,,insightface_bbox,0.6315284371376038,0.0,595.0074462890625,847.1437377929688,2285.39794921875,0,0,1,0,0,0,0,0,0,0,0,0,0.05257686972618103,0.028208140283823013,0.3582267463207245,0.02906983532011509,0.009313897229731083,0.027809850871562958,0.013679660856723785,0.028301233425736427,0.06543729454278946,0.04640795662999153,0.061289142817258835,0.05688752233982086
291,9.7,,,,insightface_bbox,0.6315284371376038,0.0,595.0074462890625,847.1437377929688,2285.39794921875,0,0,1,0,0,0,0,0,0,0,0,0,0.05279333144426346,0.028471216559410095,0.35460251569747925,0.02957504615187645,0.009087669663131237,0.02793559618294239,0.013302545063197613,0.028320511803030968,0.06440041959285736,0.04627242311835289,0.06277944147586823,0.05699387192726135
292,9.733333333333333,,,,insightface_bbox,0.6315284371376038,0.0,595.0074462890625,847.1437377929688,2285.39794921875,0,0,1,0,0,0,0,0,0,0,0,0,0.05230024829506874,0.028632042929530144,0.3567890524864197,0.03058767132461071,0.008850296959280968,0.0278150737285614,0.012957891449332237,0.02825256437063217,0.06539297103881836,0.046174678951501846,0.05967118218541145,0.05587468296289444
293,9.766666666666667,,,,insightface_bbox,0.6315284371376038,0.0,595.0074462890625,847.1437377929688,2285.39794921875,0,0,1,0,0,0,0,0,0,0,0,0,0.052028827369213104,0.02887781336903572,0.35200628638267517,0.030353685840964317,0.008862164802849293,0.02722201496362686,0.013399486429989338,0.027811959385871887,0.06761617213487625,0.04612032696604729,0.05745954439043999,0.05524034798145294
294,9.8,,,,insightface_bbox,0.6553514003753662,0.0,648.0623168945312,830.811767578125,2262.677490234375,0,0,1,0,0,0,0,0,0,0,0,0,0.04683529958128929,0.023828741163015366,0.3275887668132782,0.019952310249209404,0.007193008437752724,0.020786628127098083,0.01020072866231203,0.021515052765607834,0.06162561848759651,0.037167858332395554,0.025989696383476257,0.03448563069105148
295,9.833333333333334,,,,insightface_bbox,0.6553514003753662,0.0,648.0623168945312,830.811767578125,2262.677490234375,0,0,1,0,0,0,0,0,0,0,0,0,0.04790332168340683,0.023806234821677208,0.3415902853012085,0.01955341547727585,0.007183856330811977,0.020431168377399445,0.009736675769090652,0.02110910788178444,0.06190207600593567,0.036638252437114716,0.02639772556722164,0.03512256219983101
296,9.866666666666667,,,,insightface_bbox,0.6553514003753662,0.0,648.0623168945312,830.811767578125,2262.677490234375,0,0,1,0,0,0,0,0,0,0,0,0,0.0474056750535965,0.023682350292801857,0.33283597230911255,0.019330162554979324,0.0071419053710997105,0.02017517387866974,0.009940304793417454,0.020960457623004913,0.06356070190668106,0.037019435316324234,0.02447676844894886,0.03387194499373436
297,9.9,,,,insightface_bbox,0.6553514003753662,0.0,648.0623168945312,830.811767578125,2262.677490234375,0,0,1,0,0,0,0,0,0,0,0,0,0.0486459881067276,0.024095162749290466,0.3414255976676941,0.019699975848197937,0.00720176799222827,0.02031737193465233,0.009920281358063221,0.02106393128633499,0.06327089667320251,0.03732875734567642,0.024993496015667915,0.034493718296289444
298,9.933333333333334,,,,insightface_bbox,0.6553514003753662,0.0,648.0623168945312,830.811767578125,2262.677490234375,0,0,1,0,0,0,0,0,0,0,0,0,0.05100149288773537,0.02639012783765793,0.3555903434753418,0.023487836122512817,0.00785807054489851,0.02179935947060585,0.01069203857332468,0.02242284081876278,0.06372690200805664,0.03949296101927757,0.02971116453409195,0.0389711931347847
299,9.966666666666667,,,,insightface_bbox,0.6553514003753662,0.0,648.0623168945312,830.811767578125,2262.677490234375,0,0,1,0,0,0,0,0,0,0,0,0,0.05298344045877457,0.028124213218688965,0.3421233594417572,0.026120565831661224,0.008001130074262619,0.02210897207260132,0.011211395263671875,0.023464392870664597,0.06382840871810913,0.039736222475767136,0.03410378098487854,0.0423152931034565
300,10.0,,,,insightface_bbox,0.6457459926605225,0.0,597.4412231445312,850.48974609375,2353.2041015625,0,0,1,0,0,0,0,0,0,0,0,0,0.054225508123636246,0.0283642765134573,0.3063749670982361,0.025115281343460083,0.007842142134904861,0.020962707698345184,0.008992388844490051,0.022728249430656433,0.056656043976545334,0.03929849714040756,0.02051425352692604,0.036594782024621964
301,10.033333333333333,,,,insightface_bbox,0.6457459926605225,0.0,597.4412231445312,850.48974609375,2353.2041015625,0,0,1,0,0,0,0,0,0,0,0,0,0.052197765558958054,0.027011072263121605,0.2727150022983551,0.024008501321077347,0.0075032818131148815,0.01972632296383381,0.008218224160373211,0.02220592275261879,0.05507626384496689,0.039412736892700195,0.017688723281025887,0.03368556872010231
302,10.066666666666666,,,,insightface_bbox,0.6457459926605225,0.0,597.4412231445312,850.48974609375,2353.2041015625,0,0,1,0,0,0,0,0,0,0,0,0,0.054105840623378754,0.027591826394200325,0.2803688645362854,0.0234919935464859,0.007809534668922424,0.020142605528235435,0.008758213371038437,0.02244565263390541,0.0552358441054821,0.040636613965034485,0.020244605839252472,0.03549830615520477
303,10.1,,,,insightface_bbox,0.6457459926605225,0.0,597.4412231445312,850.48974609375,2353.2041015625,0,0,1,0,0,0,0,0,0,0,0,0,0.05653723329305649,0.02889794297516346,0.30781394243240356,0.024361627176404,0.008249837905168533,0.020876582711935043,0.009414535947144032,0.023035459220409393,0.05556343495845795,0.04050798341631889,0.02232208661735058,0.036994580179452896
304,10.133333333333333,,,,insightface_bbox,0.6457459926605225,0.0,597.4412231445312,850.48974609375,2353.2041015625,0,0,1,0,0,0,0,0,0,0,0,0,0.05624707043170929,0.02815364859998226,0.3047986924648285,0.023331381380558014,0.008169624954462051,0.02043101191520691,0.009102093987166882,0.0226479209959507,0.055458102375268936,0.040086179971694946,0.021431200206279755,0.03630146384239197
305,10.166666666666666,,,,insightface_bbox,0.6457459926605225,0.0,597.4412231445312,850.48974609375,2353.2041015625,0,0,1,0,0,0,0,0,0,0,0,0,0.055464066565036774,0.027937952429056168,0.3199685215950012,0.023011362180113792,0.008172545582056046,0.020525967702269554,0.009403484873473644,0.022179793566465378,0.054957568645477295,0.039155226200819016,0.021732565015554428,0.03580641373991966
306,10.2,,,,insightface_bbox,0.6356301307678223,0.0,605.1790161132812,806.1917114257812,2395.374755859375,0,0,1,0,0,0,0,0,0,0,0,0,0.05517128109931946,0.027588659897446632,0.330003947019577,0.019863517954945564,0.00924056489020586,0.022370032966136932,0.010543746873736382,0.024114392697811127,0.053833555430173874,0.0398755818605423,0.01442286092787981,0.030077436938881874
307,10.233333333333333,,,,insightface_bbox,0.6356301307678223,0.0,605.1790161132812,806.1917114257812,2395.374755859375,0,0,1,0,0,0,0,0,0,0,0,0,0.05251459404826164,0.026365043595433235,0.313943088054657,0.018888063728809357,0.009274208918213844,0.022271068766713142,0.010361028835177422,0.023541200906038284,0.05352294445037842,0.040393248200416565,0.0131449019536376,0.028994278982281685
308,10.266666666666667,,,,insightface_bbox,0.6356301307678223,0.0,605.1790161132812,806.1917114257812,2395.374755859375,0,0,1,0,0,0,0,0,0,0,0,0,0.05256275832653046,0.026568081229925156,0.3258976638317108,0.019303012639284134,0.008952355943620205,0.02177882008254528,0.010443652048707008,0.023280654102563858,0.05349203199148178,0.03978778049349785,0.013968050479888916,0.030121035873889923
309,10.3,,,,insightface_bbox,0.6356301307678223,0.0,605.1790161132812,806.1917114257812,2395.374755859375,0,0,1,0,0,0,0,0,0,0,0,0,0.051922235637903214,0.025833873078227043,0.31274110078811646,0.018390465527772903,0.008674206212162971,0.02101404219865799,0.010297970846295357,0.022815631702542305,0.05474870651960373,0.03881246596574783,0.014683043584227562,0.030341902747750282
310,10.333333333333334,,,,insightface_bbox,0.6356301307678223,0.0,605.1790161132812,806.1917114257812,2395.374755859375,0,0,1,0,0,0,0,0,0,0,0,0,0.05190807953476906,0.02514578029513359,0.3053486943244934,0.017738237977027893,0.008358770981431007,0.02045470103621483,0.010088643990457058,0.02224985882639885,0.05517508089542389,0.038465455174446106,0.013847489841282368,0.029476672410964966
311,10.366666666666667,,,,insightface_bbox,0.6356301307678223,0.0,605.1790161132812,806.1917114257812,2395.374755859375,0,0,1,0,0,0,0,0,0,0,0,0,0.05307360738515854,0.025490034371614456,0.31133943796157837,0.017934706062078476,0.008573135361075401,0.020213210955262184,0.010121270082890987,0.02198047935962677,0.055602382868528366,0.038342833518981934,0.013956597074866295,0.029843414202332497
312,10.4,,,,insightface_bbox,0.6117379069328308,0.0,537.9356689453125,859.346923828125,2359.26220703125,0,0,1,0,0,0,0,0,0,0,0,0,0.060161132365465164,0.031185850501060486,0.3804151713848114,0.03081560879945755,0.009522171691060066,0.025377048179507256,0.010191433131694794,0.027985110878944397,0.06480924040079117,0.0436679944396019,0.03271685540676117,0.04278040677309036
313,10.433333333333334,,,,insightface_bbox,0.6117379069328308,0.0,537.9356689453125,859.346923828125,2359.26220703125,0,0,1,0,0,0,0,0,0,0,0,0,0.06214771419763565,0.03236893191933632,0.3934869170188904,0.031962424516677856,0.009846404194831848,0.025732897222042084,0.010154495015740395,0.028209969401359558,0.06488361954689026,0.043608106672763824,0.03132888674736023,0.04213154688477516
314,10.466666666666667,,,,insightface_bbox,0.6117379069328308,0.0,537.9356689453125,859.346923828125,2359.26220703125,0,0,1,0,0,0,0,0,0,0,0,0,0.06356935203075409,0.03265770152211189,0.4025695025920868,0.03126988932490349,0.010476004332304,0.026783356443047523,0.010496782138943672,0.02812081202864647,0.06636519730091095,0.045024123042821884,0.030818281695246696,0.04114994406700134
315,10.5,,,,insightface_bbox,0.6117379069328308,0.0,537.9356689453125,859.346923828125,2359.26220703125,0,0,1,0,0,0,0,0,0,0,0,0,0.06376168131828308,0.03307883068919182,0.41667479276657104,0.03205849975347519,0.010454302653670311,0.026690402999520302,0.010942429304122925,0.02750132419168949,0.06609274446964264,0.04506058245897293,0.033036112785339355,0.042541246861219406
316,10.533333333333333,,,,insightface_bbox,0.6117379069328308,0.0,537.9356689453125,859.346923828125,2359.26220703125,0,0,1,0,0,0,0,0,0,0,0,0,0.06276856362819672,0.033232737332582474,0.40160369873046875,0.03381473571062088,0.010482985526323318,0.025753742083907127,0.010694455355405807,0.027564767748117447,0.06489546597003937,0.04471603035926819,0.029638076201081276,0.04180912673473358
317,10.566666666666666,,,,insightface_bbox,0.6117379069328308,0.0,537.9356689453125,859.346923828125,2359.26220703125,0,0,1,0,0,0,0,0,0,0,0,0,0.06147262081503868,0.03258363530039787,0.37698403000831604,0.032984618097543716,0.010531101375818253,0.025438278913497925,0.010671195574104786,0.02742130309343338,0.06511470675468445,0.04448026791214943,0.026462124660611153,0.03994766250252724
318,10.6,,,,insightface_bbox,0.5996159315109253,0.0,578.7418212890625,836.5949096679688,2321.938720703125,0,0,1,0,0,0,0,0,0,0,0,0,0.05669163167476654,0.029110779985785484,0.311625599861145,0.028425706550478935,0.00794202834367752,0.020578531548380852,0.009694701060652733,0.025266442447900772,0.06258287280797958,0.04289478808641434,0.018883846700191498,0.038557570427656174
319,10.633333333333333,,,,insightface_bbox,0.5996159315109253,0.0,578.7418212890625,836.5949096679688,2321.938720703125,0,0,1,0,0,0,0,0,0,0,0,0,0.057483598589897156,0.02964959666132927,0.32163000106811523,0.028712749481201172,0.008122584782540798,0.02129470184445381,0.009737144224345684,0.025841902941465378,0.061637669801712036,0.042835451662540436,0.02081013284623623,0.039330825209617615
320,10.666666666666666,,,,insightface_bbox,0.5996159315109253,0.0,578.7418212890625,836.5949096679688,2321.938720703125,0,0,1,0,0,0,0,0,0,0,0,0,0.05834001302719116,0.030297961086034775,0.35109764337539673,0.028660457581281662,0.008341055363416672,0.022532068192958832,0.010365575551986694,0.025240814313292503,0.06081383302807808,0.04188596457242966,0.024818584322929382,0.0412713959813118
321,10.7,,,,insightface_bbox,0.5996159315109253,0.0,578.7418212890625,836.5949096679688,2321.938720703125,0,0,1,0,0,0,0,0,0,0,0,0,0.05922224745154381,0.030522001907229424,0.3670864999294281,0.028121519833803177,0.008536464534699917,0.02330097183585167,0.011126929894089699,0.02589205466210842,0.061935290694236755,0.04256599396467209,0.02585444785654545,0.04168665409088135
322,10.733333333333333,,,,insightface_bbox,0.5996159315109253,0.0,578.7418212890625,836.5949096679688,2321.938720703125,0,0,1,0,0,0,0,0,0,0,0,0,0.05956343561410904,0.03072684444487095,0.3774586617946625,0.028744593262672424,0.008673612028360367,0.024462856352329254,0.011706574819982052,0.02694379724562168,0.06278452277183533,0.043963897973299026,0.02769094705581665,0.042320311069488525
