frame_idx,frame_time_in_ms,pitch,yaw,roll,face_alignment_method,face_detection_score,face_bbox_xmin,face_bbox_ymin,face_bbox_xmax,face_bbox_ymax,au_1,au_2,au_4,au_6,au_7,au_10,au_12,au_14,au_15,au_17,au_23,au_24,au_1_intensity,au_2_intensity,au_4_intensity,au_5_intensity,au_6_intensity,au_9_intensity,au_12_intensity,au_15_intensity,au_17_intensity,au_20_intensity,au_25_intensity,au_26_intensity
0,0.0,,,,insightface_bbox,0.7319148778915405,44.45967102050781,676.0215454101562,794.9160766601562,2390.662841796875,0,0,1,0,0,0,0,0,0,1,0,0,0.06685145944356918,0.035445790737867355,0.5681915879249573,0.03436450660228729,0.007510361727327108,0.02189241535961628,0.008323626592755318,0.03865056112408638,0.0653657391667366,0.04654219374060631,0.03254348039627075,0.058441162109375
1,0.03333333333333333,,,,insightface_bbox,0.7319148778915405,44.45967102050781,676.0215454101562,794.9160766601562,2390.662841796875,0,0,1,0,0,0,0,0,0,1,0,0,0.05491769313812256,0.03306281566619873,0.5145009756088257,0.03645394742488861,0.008289962075650692,0.024236764758825302,0.011268244124948978,0.038261909037828445,0.0718827173113823,0.045107681304216385,0.06635361164808273,0.07713018357753754
2,0.06666666666666667,,,,insightface_bbox,0.7319148778915405,44.45967102050781,676.0215454101562,794.9160766601562,2390.662841796875,0,0,1,0,0,0,0,0,0,0,0,0,0.05532141774892807,0.036093100905418396,0.45002174377441406,0.04589306190609932,0.010436011478304863,0.02994147315621376,0.017192993313074112,0.04824962466955185,0.07556420564651489,0.053070247173309326,0.0785713717341423,0.09340101480484009
3,0.1,,,,insightface_bbox,0.7319148778915405,44.45967102050781,676.0215454101562,794.9160766601562,2390.662841796875,0,0,1,0,0,0,0,0,0,0,0,0,0.05654669553041458,0.0378301702439785,0.4221847355365753,0.05044512078166008,0.010490994900465012,0.03010510466992855,0.01708163693547249,0.0498235821723938,0.07824630290269852,0.05333685874938965,0.0837605819106102,0.10190846025943756
4,0.13333333333333333,,,,insightface_bbox,0.7319148778915405,44.45967102050781,676.0215454101562,794.9160766601562,2390.662841796875,0,0,1,0,0,0,0,0,0,0,0,0,0.056580692529678345,0.03830506280064583,0.4034118056297302,0.052820686250925064,0.010713191702961922,0.030537135899066925,0.017112545669078827,0.05031026899814606,0.08101333677768707,0.055735256522893906,0.08606041967868805,0.10776285827159882
5,0.16666666666666666,,,,insightface_bbox,0.7319148778915405,44.45967102050781,676.0215454101562,794.9160766601562,2390.662841796875,0,0,1,0,0,0,0,0,0,0,0,0,0.0542864166200161,0.03767446428537369,0.35937297344207764,0.053366757929325104,0.010738668963313103,0.030711032450199127,0.017072290182113647,0.051451943814754486,0.07977603375911713,0.05499948561191559,0.08038701117038727,0.10364049673080444
6,0.2,,,,insightface_bbox,0.7103396058082581,47.39817428588867,654.2482299804688,791.9400634765625,2403.840576171875,0,0,1,0,0,0,0,0,0,0,0,0,0.05076764151453972,0.034628719091415405,0.282041996717453,0.0454496406018734,0.010873470455408096,0.031544413417577744,0.016490137204527855,0.05082453787326813,0.08261144161224365,0.05726683512330055,0.07924699783325195,0.0965658575296402
7,0.23333333333333334,,,,insightface_bbox,0.7103396058082581,47.39817428588867,654.2482299804688,791.9400634765625,2403.840576171875,0,0,1,0,0,0,0,0,0,0,0,0,0.04984457045793533,0.03468437120318413,0.26577138900756836,0.04720079153776169,0.010972208343446255,0.030443843454122543,0.016402913257479668,0.050708770751953125,0.08118247985839844,0.05750427395105362,0.07662223279476166,0.09506485611200333
8,0.26666666666666666,,,,insightface_bbox,0.7103396058082581,47.39817428588867,654.2482299804688,791.9400634765625,2403.840576171875,0,0,1,0,0,0,0,0,0,0,0,0,0.049002908170223236,0.03491870313882828,0.25029903650283813,0.04862919822335243,0.011038640514016151,0.030234772711992264,0.016479965299367905,0.05109335854649544,0.08167044818401337,0.0581754706799984,0.07860356569290161,0.09605440497398376
9,0.3,,,,insightface_bbox,0.7103396058082581,47.39817428588867,654.2482299804688,791.9400634765625,2403.840576171875,0,0,1,0,0,0,0,0,0,0,0,0,0.0493275448679924,0.03565976023674011,0.246525377035141,0.05003076046705246,0.01103245560079813,0.030299611389636993,0.016356928274035454,0.04949990287423134,0.080231212079525,0.056969910860061646,0.07733932882547379,0.09257261455059052
10,0.3333333333333333,,,,insightface_bbox,0.7103396058082581,47.39817428588867,654.2482299804688,791.9400634765625,2403.840576171875,0,0,1,0,0,0,0,0,0,0,0,0,0.05051384121179581,0.03691316023468971,0.24911373853683472,0.052827466279268265,0.011202389374375343,0.030590659007430077,0.016731087118387222,0.04956631362438202,0.07944326102733612,0.05679453909397125,0.08273865282535553,0.09656929969787598
11,0.36666666666666664,,,,insightface_bbox,0.7103396058082581,47.39817428588867,654.2482299804688,791.9400634765625,2403.840576171875,0,0,1,0,0,0,0,0,0,0,0,0,0.051365405321121216,0.03831932693719864,0.24992702901363373,0.055270180106163025,0.011705238372087479,0.03183712810277939,0.017622826620936394,0.05148809403181076,0.08034984767436981,0.05858389288187027,0.08935531973838806,0.10154920816421509
12,0.4,,,,insightface_bbox,0.6749463081359863,74.85858154296875,650.4068603515625,818.0866088867188,2470.79931640625,0,0,0,0,0,0,0,0,0,0,0,0,0.05091353878378868,0.038448549807071686,0.22290286421775818,0.05621800571680069,0.011603944003582,0.030923524871468544,0.01622653380036354,0.05087003484368324,0.07679267227649689,0.056894440203905106,0.08851906657218933,0.10179299861192703
13,0.43333333333333335,,,,insightface_bbox,0.6749463081359863,74.85858154296875,650.4068603515625,818.0866088867188,2470.79931640625,0,0,0,0,0,0,0,0,0,0,0,0,0.05084341764450073,0.03790469467639923,0.22181525826454163,0.0551123321056366,0.01183350756764412,0.030949577689170837,0.016136664897203445,0.05146333575248718,0.07802112400531769,0.056820787489414215,0.08884720504283905,0.10056093335151672
14,0.4666666666666667,,,,insightface_bbox,0.6749463081359863,74.85858154296875,650.4068603515625,818.0866088867188,2470.79931640625,0,0,0,0,0,0,0,0,0,0,0,0,0.050675712525844574,0.037306059151887894,0.2014731615781784,0.052554644644260406,0.012302370741963387,0.03156779706478119,0.0169830285012722,0.053478822112083435,0.08101113140583038,0.05798164755105972,0.09692923724651337,0.10616268217563629
15,0.5,,,,insightface_bbox,0.6749463081359863,74.85858154296875,650.4068603515625,818.0866088867188,2470.79931640625,0,0,0,0,0,0,0,0,0,0,0,0,0.049832310527563095,0.03646907955408096,0.19493089616298676,0.04967803508043289,0.012420229613780975,0.03167150169610977,0.017907263711094856,0.05511308088898659,0.08753318339586258,0.061528269201517105,0.0916505977511406,0.10627317428588867
16,0.5333333333333333,,,,insightface_bbox,0.6749463081359863,74.85858154296875,650.4068603515625,818.0866088867188,2470.79931640625,0,0,0,0,0,0,0,0,0,0,0,0,0.05079050362110138,0.036814384162425995,0.19582411646842957,0.050254061818122864,0.013123610056936741,0.03417681157588959,0.02058197185397148,0.05737483128905296,0.09506604075431824,0.06651758402585983,0.10386985540390015,0.1143571138381958
17,0.5666666666666667,,,,insightface_bbox,0.6749463081359863,74.85858154296875,650.4068603515625,818.0866088867188,2470.79931640625,0,0,0,0,0,0,0,0,0,0,0,0,0.05337856337428093,0.0378425233066082,0.21906645596027374,0.05174145847558975,0.013773132115602493,0.03606734424829483,0.021722692996263504,0.05820344388484955,0.10052405297756195,0.0691675916314125,0.10403458774089813,0.11455211043357849
18,0.6,,,,insightface_bbox,0.6458659172058105,83.38482666015625,660.2230834960938,826.1192016601562,2516.139892578125,0,0,0,0,0,0,0,0,0,0,0,0,0.05084870010614395,0.036112431436777115,0.203044131398201,0.0481862798333168,0.013531608507037163,0.034883007407188416,0.02001790702342987,0.054013486951589584,0.0973493680357933,0.0668434128165245,0.09560295939445496,0.10812550783157349
19,0.6333333333333333,,,,insightface_bbox,0.6458659172058105,83.38482666015625,660.2230834960938,826.1192016601562,2516.139892578125,0,0,0,0,0,0,0,0,0,0,0,0,0.05047239363193512,0.036229636520147324,0.18997183442115784,0.04836350679397583,0.013587448745965958,0.03505212068557739,0.020315153524279594,0.05558303743600845,0.09813927114009857,0.06732740998268127,0.1000310555100441,0.11069142818450928
20,0.6666666666666666,,,,insightface_bbox,0.6458659172058105,83.38482666015625,660.2230834960938,826.1192016601562,2516.139892578125,0,0,0,0,0,0,0,0,0,0,0,0,0.04922768473625183,0.035350896418094635,0.18146032094955444,0.04699612408876419,0.013555392622947693,0.034784045070409775,0.020053686574101448,0.054463863372802734,0.0953456461429596,0.06588024646043777,0.09694327414035797,0.10463517159223557
21,0.7,,,,insightface_bbox,0.6458659172058105,83.38482666015625,660.2230834960938,826.1192016601562,2516.139892578125,0,0,0,0,0,0,0,0,0,0,0,0,0.047423433512449265,0.03449337184429169,0.17285408079624176,0.04613541066646576,0.01370096206665039,0.03463680297136307,0.02035287208855152,0.05386192724108696,0.09451889246702194,0.06494127213954926,0.09688961505889893,0.10222579538822174
22,0.7333333333333333,,,,insightface_bbox,0.6458659172058105,83.38482666015625,660.2230834960938,826.1192016601562,2516.139892578125,0,0,0,0,0,0,0,0,0,0,0,0,0.04827446863055229,0.03549740090966225,0.1812838762998581,0.04793303459882736,0.014479035511612892,0.035836514085531235,0.021919548511505127,0.054130323231220245,0.09425833821296692,0.06499373912811279,0.10087516158819199,0.10539721697568893
23,0.7666666666666667,,,,insightface_bbox,0.6458659172058105,83.38482666015625,660.2230834960938,826.1192016601562,2516.139892578125,0,0,0,0,0,0,0,0,0,0,0,0,0.04815481975674629,0.035843707621097565,0.17225326597690582,0.04921808838844299,0.015081069432199001,0.036761846393346786,0.02263331599533558,0.05347905308008194,0.0928782969713211,0.06469569355249405,0.1073966771364212,0.1081903725862503
24,0.8,,,,insightface_bbox,0.6218261122703552,96.27632904052734,655.3983154296875,833.1900024414062,2522.2060546875,0,0,0,0,0,0,0,0,0,0,0,0,0.041791871190071106,0.02914034202694893,0.14996255934238434,0.03527554124593735,0.013212096877396107,0.031461987644433975,0.0195181742310524,0.047194864600896835,0.08327700197696686,0.05911318585276604,0.10513050854206085,0.096600741147995
25,0.8333333333333334,,,,insightface_bbox,0.6218261122703552,96.27632904052734,655.3983154296875,833.1900024414062,2522.2060546875,0,0,0,0,0,0,0,0,0,0,0,0,0.04303828626871109,0.02957998588681221,0.13636448979377747,0.03528326004743576,0.012922767549753189,0.031120263040065765,0.018898053094744682,0.04612656310200691,0.08509960770606995,0.06123732030391693,0.10600967705249786,0.09919796884059906
26,0.8666666666666667,,,,insightface_bbox,0.6218261122703552,96.27632904052734,655.3983154296875,833.1900024414062,2522.2060546875,0,0,0,0,0,0,0,0,0,0,0,0,0.039981309324502945,0.027688924223184586,0.12700456380844116,0.03224484995007515,0.012001675553619862,0.02969495579600334,0.01764150895178318,0.04324377328157425,0.08089450001716614,0.058721207082271576,0.10160331428050995,0.091446153819561
27,0.9,,,,insightface_bbox,0.6218261122703552,96.27632904052734,655.3983154296875,833.1900024414062,2522.2060546875,0,0,0,0,0,0,0,0,0,0,0,0,0.04031161218881607,0.028016619384288788,0.12779836356639862,0.03246863931417465,0.012526821345090866,0.03049950674176216,0.018426183611154556,0.04497024416923523,0.08046335726976395,0.06006363406777382,0.10417728126049042,0.09386256337165833
28,0.9333333333333333,,,,insightface_bbox,0.6218261122703552,96.27632904052734,655.3983154296875,833.1900024414062,2522.2060546875,0,0,0,0,0,0,0,0,0,0,0,0,0.03973916918039322,0.02764720283448696,0.12819963693618774,0.03229276090860367,0.012473425827920437,0.03050127997994423,0.01853143982589245,0.04532882943749428,0.07903822511434555,0.05933937057852745,0.10868605971336365,0.09502102434635162
29,0.9666666666666667,,,,insightface_bbox,0.6218261122703552,96.27632904052734,655.3983154296875,833.1900024414062,2522.2060546875,0,0,0,0,0,0,0,0,0,0,0,0,0.038612451404333115,0.027189524844288826,0.12774713337421417,0.03149299696087837,0.01240118034183979,0.030603287741541862,0.019499363377690315,0.04492893069982529,0.08126507699489594,0.06077359989285469,0.11788047105073929,0.09887877851724625
30,1.0,,,,insightface_bbox,0.6351878046989441,117.20311737060547,658.3104248046875,847.7681274414062,2501.92041015625,0,0,0,0,0,0,0,0,0,0,0,0,0.037088461220264435,0.02466706745326519,0.12911748886108398,0.02565101720392704,0.010210690088570118,0.027223512530326843,0.014300582930445671,0.040606409311294556,0.08219604194164276,0.055423542857170105,0.10015382617712021,0.08719093352556229
31,1.0333333333333334,,,,insightface_bbox,0.6351878046989441,117.20311737060547,658.3104248046875,847.7681274414062,2501.92041015625,0,0,0,0,0,0,0,0,0,0,0,0,0.03806200623512268,0.024975277483463287,0.12840959429740906,0.02567828819155693,0.010147418826818466,0.027072563767433167,0.014102224260568619,0.04113597422838211,0.08255733549594879,0.05554208531975746,0.10066747665405273,0.0892300233244896
32,1.0666666666666667,,,,insightface_bbox,0.6351878046989441,117.20311737060547,658.3104248046875,847.7681274414062,2501.92041015625,0,0,0,0,0,0,0,0,0,0,0,0,0.03818926960229874,0.025806404650211334,0.1284763664007187,0.026553742587566376,0.010753368958830833,0.028053544461727142,0.015228399075567722,0.042449649423360825,0.08431349694728851,0.05686454474925995,0.10525234788656235,0.0948123037815094
33,1.1,,,,insightface_bbox,0.6351878046989441,117.20311737060547,658.3104248046875,847.7681274414062,2501.92041015625,0,0,0,0,0,0,0,0,0,0,0,0,0.038625456392765045,0.026030685752630234,0.12894929945468903,0.026455935090780258,0.010646865703165531,0.02798149175941944,0.015318198129534721,0.04231027513742447,0.08520793169736862,0.056939538568258286,0.10472293198108673,0.09587600082159042
34,1.1333333333333333,,,,insightface_bbox,0.6351878046989441,117.20311737060547,658.3104248046875,847.7681274414062,2501.92041015625,0,0,0,0,0,0,0,0,0,0,0,0,0.038710057735443115,0.026422830298542976,0.1259084939956665,0.027288077399134636,0.010749537497758865,0.028143970295786858,0.015492472797632217,0.04161417856812477,0.08593536168336868,0.057279013097286224,0.10423244535923004,0.0965026319026947
35,1.1666666666666667,,,,insightface_bbox,0.6351878046989441,117.20311737060547,658.3104248046875,847.7681274414062,2501.92041015625,0,0,0,0,0,0,0,0,0,0,0,0,0.0367632731795311,0.024479368701577187,0.12003932148218155,0.02439165487885475,0.009837472811341286,0.025928495451807976,0.01360422745347023,0.036981694400310516,0.07988446950912476,0.05272943153977394,0.09416362643241882,0.08505156636238098
36,1.2,,,,insightface_bbox,0.5921946167945862,117.62056732177734,641.5888671875,868.1213989257812,2562.509033203125,0,0,0,0,0,0,0,0,0,0,0,0,0.045235972851514816,0.031095396727323532,0.112971730530262,0.03766895830631256,0.012453380972146988,0.03050265647470951,0.016852986067533493,0.04229087382555008,0.08208508789539337,0.059143636375665665,0.07617496699094772,0.08755737543106079
37,1.2333333333333334,,,,insightface_bbox,0.5921946167945862,117.62056732177734,641.5888671875,868.1213989257812,2562.509033203125,0,0,0,0,0,0,0,0,0,0,0,0,0.04646576568484306,0.033086664974689484,0.10911259800195694,0.04297376051545143,0.013312499970197678,0.03181523084640503,0.018107136711478233,0.047269467264413834,0.08149316906929016,0.06066765636205673,0.0828445553779602,0.0924203097820282
38,1.2666666666666666,,,,insightface_bbox,0.5921946167945862,117.62056732177734,641.5888671875,868.1213989257812,2562.509033203125,0,0,0,0,0,0,0,0,0,0,0,0,0.04916206747293472,0.03496798127889633,0.10423485934734344,0.04412703961133957,0.014150566421449184,0.032674599438905716,0.019466029480099678,0.04927900433540344,0.08330473303794861,0.06325234472751617,0.08130747824907303,0.09958020597696304
39,1.3,,,,insightface_bbox,0.5921946167945862,117.62056732177734,641.5888671875,868.1213989257812,2562.509033203125,0,0,0,0,0,0,0,0,0,0,0,0,0.05035795271396637,0.03449028730392456,0.10464484989643097,0.042429447174072266,0.013727445155382156,0.032506100833415985,0.01919497735798359,0.04847263544797897,0.08480287343263626,0.06373374164104462,0.08064494282007217,0.0999213457107544
40,1.3333333333333333,,,,insightface_bbox,0.5921946167945862,117.62056732177734,641.5888671875,868.1213989257812,2562.509033203125,0,0,0,0,0,0,0,0,0,0,0,0,0.05203906446695328,0.03561896085739136,0.11061890423297882,0.045155346393585205,0.0139559805393219,0.03380521386861801,0.019720692187547684,0.05135607346892357,0.08675572276115417,0.06424838304519653,0.08504689484834671,0.10151275247335434
41,1.3666666666666667,,,,insightface_bbox,0.5921946167945862,117.62056732177734,641.5888671875,868.1213989257812,2562.509033203125,0,0,0,0,0,0,0,0,0,0,0,0,0.0519237294793129,0.03590850904583931,0.10998836159706116,0.047402698546648026,0.014232591725885868,0.03449345380067825,0.020388346165418625,0.05193319171667099,0.08715859055519104,0.0647636279463768,0.08731234818696976,0.10202044248580933
42,1.4,,,,insightface_bbox,0.6336641907691956,97.3936767578125,640.933837890625,848.4212036132812,2501.775146484375,0,0,0,0,0,0,0,0,0,0,0,0,0.05197089537978172,0.03597955033183098,0.11700776219367981,0.049581434577703476,0.013953909277915955,0.03448234871029854,0.0200183242559433,0.051389798521995544,0.08897280693054199,0.06458582729101181,0.08806046843528748,0.10170098394155502
43,1.4333333333333333,,,,insightface_bbox,0.6336641907691956,97.3936767578125,640.933837890625,848.4212036132812,2501.775146484375,0,0,0,0,0,0,0,0,0,0,0,0,0.05184188485145569,0.03633891046047211,0.11326161026954651,0.05026077479124069,0.014052697457373142,0.034941889345645905,0.020357299596071243,0.05224411189556122,0.0898464098572731,0.06424294412136078,0.0890246108174324,0.10168890655040741
44,1.4666666666666666,,,,insightface_bbox,0.6336641907691956,97.3936767578125,640.933837890625,848.4212036132812,2501.775146484375,0,0,0,0,0,0,0,0,0,0,0,0,0.05199942737817764,0.035131409764289856,0.11051478981971741,0.045524708926677704,0.013232734054327011,0.03326975181698799,0.019212154671549797,0.051308128982782364,0.08894584327936172,0.06462222337722778,0.07924234867095947,0.09847725927829742
45,1.5,,,,insightface_bbox,0.6336641907691956,97.3936767578125,640.933837890625,848.4212036132812,2501.775146484375,0,0,0,0,0,0,0,0,0,0,0,0,0.050923679023981094,0.03445296734571457,0.10906799882650375,0.04367883503437042,0.013052631169557571,0.032510630786418915,0.01958576962351799,0.052325084805488586,0.0901157408952713,0.0656510442495346,0.08071436733007431,0.10297876596450806
46,1.5333333333333334,,,,insightface_bbox,0.6336641907691956,97.3936767578125,640.933837890625,848.4212036132812,2501.775146484375,0,0,0,0,0,0,0,0,0,0,0,0,0.0538819245994091,0.036045096814632416,0.11766061931848526,0.04529669135808945,0.013436431996524334,0.033242955803871155,0.020344823598861694,0.05454036593437195,0.09335701167583466,0.06730134785175323,0.08189357817173004,0.11188355088233948
47,1.5666666666666667,,,,insightface_bbox,0.6336641907691956,97.3936767578125,640.933837890625,848.4212036132812,2501.775146484375,0,0,0,0,0,0,0,0,0,0,0,0,0.05528673529624939,0.037152837961912155,0.1302737146615982,0.047525350004434586,0.013458486646413803,0.03387906402349472,0.01953616738319397,0.05461777001619339,0.0938405692577362,0.06610782444477081,0.08093295991420746,0.11335205286741257
48,1.6,,,,insightface_bbox,0.6334182620048523,77.96943664550781,641.436767578125,836.4086303710938,2498.992431640625,0,0,0,0,0,0,0,0,0,0,0,0,0.05209292471408844,0.03528127074241638,0.12345685809850693,0.045988842844963074,0.013313247822225094,0.032961394637823105,0.017449095845222473,0.048473890870809555,0.08938151597976685,0.061590489000082016,0.08015431463718414,0.09812211990356445
49,1.6333333333333333,,,,insightface_bbox,0.6334182620048523,77.96943664550781,641.436767578125,836.4086303710938,2498.992431640625,0,0,0,0,0,0,0,0,0,0,0,0,0.050896335393190384,0.034339115023612976,0.14228971302509308,0.047340162098407745,0.013191785663366318,0.03200933709740639,0.015931271016597748,0.04827401787042618,0.08593709021806717,0.06088493764400482,0.07721474766731262,0.09091302752494812
50,1.6666666666666667,,,,insightface_bbox,0.6334182620048523,77.96943664550781,641.436767578125,836.4086303710938,2498.992431640625,0,0,0,0,0,0,0,0,0,0,0,0,0.05054393783211708,0.0339447557926178,0.1436890959739685,0.046610377728939056,0.012960714288055897,0.031785037368535995,0.015698963776230812,0.04747222363948822,0.08498408645391464,0.05987740680575371,0.08012321591377258,0.09164612740278244
51,1.7,,,,insightface_bbox,0.6334182620048523,77.96943664550781,641.436767578125,836.4086303710938,2498.992431640625,0,0,0,0,0,0,0,0,0,0,0,0,0.051441486924886703,0.035789892077445984,0.1221141517162323,0.04961712285876274,0.013520758599042892,0.03216778114438057,0.018258094787597656,0.0485820546746254,0.08421690762042999,0.060433536767959595,0.08158740401268005,0.09307907521724701
52,1.7333333333333334,,,,insightface_bbox,0.6334182620048523,77.96943664550781,641.436767578125,836.4086303710938,2498.992431640625,0,0,0,0,0,0,0,0,0,0,0,0,0.05222267657518387,0.035995252430438995,0.130229651927948,0.05193401873111725,0.01334720104932785,0.033007267862558365,0.01899419166147709,0.04914698749780655,0.08217915147542953,0.05996204540133476,0.0810256153345108,0.09182829409837723
53,1.7666666666666666,,,,insightface_bbox,0.6334182620048523,77.96943664550781,641.436767578125,836.4086303710938,2498.992431640625,0,0,0,0,0,0,0,0,0,0,0,0,0.051115743815898895,0.034572210162878036,0.12002043426036835,0.04821573197841644,0.012743581086397171,0.032087504863739014,0.01851431466639042,0.04859527200460434,0.08263564854860306,0.05987842008471489,0.0805526152253151,0.08990973979234695
54,1.8,,,,insightface_bbox,0.6386620402336121,80.28280639648438,644.0843505859375,834.0067749023438,2489.439453125,0,0,0,0,0,0,0,0,0,0,0,0,0.05048394948244095,0.03308860957622528,0.10818371176719666,0.04075540602207184,0.011828549206256866,0.028987541794776917,0.01616235449910164,0.045457758009433746,0.08328399062156677,0.0592556893825531,0.06517826020717621,0.09040401130914688
55,1.8333333333333333,,,,insightface_bbox,0.6386620402336121,80.28280639648438,644.0843505859375,834.0067749023438,2489.439453125,0,0,0,0,0,0,0,0,0,0,0,0,0.053760066628456116,0.03627830743789673,0.13465406000614166,0.0478326752781868,0.012647728435695171,0.031568728387355804,0.01652079075574875,0.046748943626880646,0.08615989238023758,0.059583280235528946,0.07054153084754944,0.09436306357383728
56,1.8666666666666667,,,,insightface_bbox,0.6386620402336121,80.28280639648438,644.0843505859375,834.0067749023438,2489.439453125,0,0,0,0,0,0,0,0,0,0,0,0,0.052846260368824005,0.03578775376081467,0.13390851020812988,0.047297049313783646,0.012449288740754128,0.03165937960147858,0.016387850046157837,0.04694555699825287,0.08436023443937302,0.058968883007764816,0.07225586473941803,0.09137670695781708
57,1.9,,,,insightface_bbox,0.6386620402336121,80.28280639648438,644.0843505859375,834.0067749023438,2489.439453125,0,0,0,0,0,0,0,0,0,0,0,0,0.050271451473236084,0.034519270062446594,0.12758387625217438,0.044996149837970734,0.01254995446652174,0.03159347549080849,0.017497368156909943,0.04766552150249481,0.08226136863231659,0.058662451803684235,0.07239896059036255,0.08921950310468674
58,1.9333333333333333,,,,insightface_bbox,0.6386620402336121,80.28280639648438,644.0843505859375,834.0067749023438,2489.439453125,0,0,0,0,0,0,0,0,0,0,0,0,0.04865429922938347,0.0327887199819088,0.11820584535598755,0.04243999719619751,0.011756625026464462,0.030475173145532608,0.016890620812773705,0.047146160155534744,0.08128657937049866,0.058320216834545135,0.06910854578018188,0.08510814607143402
59,1.9666666666666666,,,,insightface_bbox,0.6386620402336121,80.28280639648438,644.0843505859375,834.0067749023438,2489.439453125,0,0,0,0,0,0,0,0,0,0,0,0,0.05354059860110283,0.036390602588653564,0.14337992668151855,0.04689531773328781,0.013329319655895233,0.03471582382917404,0.01786341518163681,0.051485806703567505,0.09201138466596603,0.06329505890607834,0.07984644174575806,0.10009762644767761
60,2.0,,,,insightface_bbox,0.6518996953964233,63.623538970947266,639.52783203125,810.2138061523438,2529.89208984375,0,0,0,0,0,0,0,0,0,0,0,0,0.052775219082832336,0.03570958226919174,0.1436643898487091,0.04387417808175087,0.013194494880735874,0.03179989010095596,0.01621830463409424,0.05283982306718826,0.08930134773254395,0.058891404420137405,0.07453038543462753,0.10453958809375763
61,2.033333333333333,,,,insightface_bbox,0.6518996953964233,63.623538970947266,639.52783203125,810.2138061523438,2529.89208984375,0,0,0,0,0,0,0,0,0,0,0,0,0.050014205276966095,0.03304406255483627,0.14247336983680725,0.04287343844771385,0.01279343944042921,0.029987022280693054,0.01580769009888172,0.05073144659399986,0.08169899880886078,0.054783985018730164,0.061803676187992096,0.08272910118103027
62,2.066666666666667,,,,insightface_bbox,0.6518996953964233,63.623538970947266,639.52783203125,810.2138061523438,2529.89208984375,0,0,0,0,0,0,0,0,0,0,0,0,0.04918042942881584,0.03205589950084686,0.11435740441083908,0.04275286942720413,0.01230889093130827,0.029351919889450073,0.015551116317510605,0.049678903073072433,0.07901754230260849,0.057352252304553986,0.05636051669716835,0.07725287973880768
63,2.1,,,,insightface_bbox,0.6518996953964233,63.623538970947266,639.52783203125,810.2138061523438,2529.89208984375,0,0,0,0,0,0,0,0,0,0,0,0,0.045016802847385406,0.030145226046442986,0.11174232512712479,0.03896079584956169,0.011512446217238903,0.02804894745349884,0.014347849413752556,0.04989836737513542,0.07781987637281418,0.056857168674468994,0.05656479299068451,0.07743465900421143
64,2.1333333333333333,,,,insightface_bbox,0.6518996953964233,63.623538970947266,639.52783203125,810.2138061523438,2529.89208984375,0,0,0,0,0,0,0,0,0,0,0,0,0.04702930152416229,0.03182138130068779,0.1198544055223465,0.041981711983680725,0.01189367938786745,0.029338235035538673,0.014985623769462109,0.05251186341047287,0.08305448293685913,0.060405127704143524,0.06318823248147964,0.08915722370147705
65,2.1666666666666665,,,,insightface_bbox,0.6518996953964233,63.623538970947266,639.52783203125,810.2138061523438,2529.89208984375,0,0,0,0,0,0,0,0,0,0,0,0,0.0469057559967041,0.03260990232229233,0.11405140906572342,0.04645024240016937,0.011659682728350163,0.02925417199730873,0.015026228502392769,0.05414329841732979,0.08088187128305435,0.05975409597158432,0.06028309464454651,0.08142971992492676
66,2.2,,,,insightface_bbox,0.6793153285980225,111.36373138427734,646.9352416992188,835.5748901367188,2450.58984375,0,0,0,0,0,0,0,0,0,0,0,0,0.047605838626623154,0.031470201909542084,0.14100149273872375,0.04187164455652237,0.009613526053726673,0.028027834370732307,0.012123417109251022,0.040593065321445465,0.07329250872135162,0.05106683820486069,0.06209450215101242,0.0724320337176323
67,2.2333333333333334,,,,insightface_bbox,0.6793153285980225,111.36373138427734,646.9352416992188,835.5748901367188,2450.58984375,0,0,0,0,0,0,0,0,0,0,0,0,0.04369954764842987,0.02867128886282444,0.14351707696914673,0.03651440888643265,0.008828036487102509,0.025691471993923187,0.01067227590829134,0.0364195890724659,0.07059693336486816,0.04776051267981529,0.0573691800236702,0.06907924264669418
68,2.2666666666666666,,,,insightface_bbox,0.6793153285980225,111.36373138427734,646.9352416992188,835.5748901367188,2450.58984375,0,0,0,0,0,0,0,0,0,0,0,0,0.04204961657524109,0.02542741969227791,0.13477055728435516,0.03088509663939476,0.007961456663906574,0.02330014295876026,0.00975717417895794,0.03293783962726593,0.06523202359676361,0.04453495517373085,0.04921925067901611,0.05834289640188217
69,2.3,,,,insightface_bbox,0.6793153285980225,111.36373138427734,646.9352416992188,835.5748901367188,2450.58984375,0,0,0,0,0,0,0,0,0,0,0,0,0.03995760530233383,0.024540310725569725,0.12860241532325745,0.03079722635447979,0.007917155511677265,0.02250092104077339,0.009218472056090832,0.03388470038771629,0.06295064091682434,0.04370817914605141,0.05071231722831726,0.058729447424411774
70,2.3333333333333335,,,,insightface_bbox,0.6793153285980225,111.36373138427734,646.9352416992188,835.5748901367188,2450.58984375,0,0,0,0,0,0,0,0,0,0,0,0,0.04059519246220589,0.025310879573225975,0.12937551736831665,0.031547240912914276,0.008380657993257046,0.02355167455971241,0.010372493416070938,0.03724685311317444,0.06520707905292511,0.045492008328437805,0.05614399537444115,0.06301917880773544
71,2.3666666666666667,,,,insightface_bbox,0.6793153285980225,111.36373138427734,646.9352416992188,835.5748901367188,2450.58984375,0,0,0,0,0,0,0,0,0,0,0,0,0.04088730365037918,0.02592623233795166,0.13149531185626984,0.03321120887994766,0.00858485046774149,0.023737601935863495,0.010714716278016567,0.03829127177596092,0.06589769572019577,0.04560398310422897,0.06076227128505707,0.06694462150335312
72,2.4,,,,insightface_bbox,0.656299352645874,66.6639404296875,650.54150390625,816.7095947265625,2477.429443359375,0,0,0,0,0,0,0,0,0,0,0,0,0.05060514807701111,0.0363110713660717,0.1359468549489975,0.050103530287742615,0.012878823094069958,0.031108392402529716,0.0177595317363739,0.05601007863879204,0.09214742481708527,0.06387214362621307,0.0751817375421524,0.10465356707572937
73,2.433333333333333,,,,insightface_bbox,0.656299352645874,66.6639404296875,650.54150390625,816.7095947265625,2477.429443359375,0,0,0,0,0,0,0,0,0,0,0,0,0.04903752729296684,0.03440888226032257,0.13082747161388397,0.04811815544962883,0.01215314120054245,0.02864786423742771,0.015505942516028881,0.0483131930232048,0.07979321479797363,0.056554507464170456,0.06020627170801163,0.08840333670377731
74,2.466666666666667,,,,insightface_bbox,0.656299352645874,66.6639404296875,650.54150390625,816.7095947265625,2477.429443359375,0,0,0,0,0,0,0,0,0,0,0,0,0.04066089168190956,0.02805248275399208,0.09668034315109253,0.038436491042375565,0.011136172339320183,0.025437578558921814,0.015493068844079971,0.047230903059244156,0.07692036777734756,0.05855429917573929,0.043625637888908386,0.07208411395549774
75,2.5,,,,insightface_bbox,0.656299352645874,66.6639404296875,650.54150390625,816.7095947265625,2477.429443359375,0,0,0,0,0,0,0,0,0,0,0,0,0.046809203922748566,0.03255803510546684,0.11521897464990616,0.050237033516168594,0.011460259556770325,0.02728930674493313,0.015017803758382797,0.045648325234651566,0.07571687549352646,0.05917728319764137,0.04834313318133354,0.07634266465902328
76,2.533333333333333,,,,insightface_bbox,0.656299352645874,66.6639404296875,650.54150390625,816.7095947265625,2477.429443359375,0,0,0,0,0,0,0,0,0,0,0,0,0.048182640224695206,0.033221565186977386,0.11432608962059021,0.05098031461238861,0.011326140724122524,0.02762303687632084,0.014690541662275791,0.045096367597579956,0.07636383920907974,0.058544427156448364,0.04844110459089279,0.0763932541012764
77,2.566666666666667,,,,insightface_bbox,0.656299352645874,66.6639404296875,650.54150390625,816.7095947265625,2477.429443359375,0,0,0,0,0,0,0,0,0,0,0,0,0.042661748826503754,0.03039773553609848,0.10286293178796768,0.04368449002504349,0.011097418144345284,0.026011673733592033,0.014487899839878082,0.046602651476860046,0.07596996426582336,0.058100368827581406,0.046561695635318756,0.07400115579366684
78,2.6,,,,insightface_bbox,0.6810687184333801,100.61000061035156,656.8182983398438,820.7186889648438,2406.252685546875,0,0,0,0,0,0,0,0,0,0,0,0,0.03794693946838379,0.024951566010713577,0.1392604559659958,0.02944403514266014,0.00863212626427412,0.02476663514971733,0.011548062786459923,0.036316368728876114,0.06830524653196335,0.04655292257666588,0.05844171345233917,0.06679694354534149
79,2.6333333333333333,,,,insightface_bbox,0.6810687184333801,100.61000061035156,656.8182983398438,820.7186889648438,2406.252685546875,0,0,0,0,0,0,0,0,0,0,0,0,0.03688923269510269,0.024846650660037994,0.12395217269659042,0.0297583919018507,0.008725292049348354,0.024880094453692436,0.01187142450362444,0.036912232637405396,0.06792199611663818,0.047095611691474915,0.057629939168691635,0.06680215895175934
80,2.6666666666666665,,,,insightface_bbox,0.6810687184333801,100.61000061035156,656.8182983398438,820.7186889648438,2406.252685546875,0,0,0,0,0,0,0,0,0,0,0,0,0.03747530281543732,0.025330908596515656,0.11895687878131866,0.03003885969519615,0.008663794957101345,0.024636516347527504,0.011675768531858921,0.03768090531229973,0.06794299185276031,0.047536008059978485,0.05617177113890648,0.0679110661149025
81,2.7,,,,insightface_bbox,0.6810687184333801,100.61000061035156,656.8182983398438,820.7186889648438,2406.252685546875,0,0,0,0,0,0,0,0,0,0,0,0,0.040013134479522705,0.026943786069750786,0.12619294226169586,0.032467592507600784,0.009048845618963242,0.025674771517515182,0.012661666609346867,0.04045919328927994,0.06991230696439743,0.04923916980624199,0.05783308669924736,0.07170742750167847
82,2.7333333333333334,,,,insightface_bbox,0.6810687184333801,100.61000061035156,656.8182983398438,820.7186889648438,2406.252685546875,0,0,0,0,0,0,0,0,0,0,0,0,0.038181934505701065,0.026075953617691994,0.11931139975786209,0.03086073510348797,0.008908437564969063,0.025332923978567123,0.012585403397679329,0.03917629271745682,0.06926236301660538,0.0487186461687088,0.057788047939538956,0.07100234180688858
83,2.7666666666666666,,,,insightface_bbox,0.6810687184333801,100.61000061035156,656.8182983398438,820.7186889648438,2406.252685546875,0,0,0,0,0,0,0,0,0,0,0,0,0.03586462140083313,0.022856440395116806,0.11761742830276489,0.02659783698618412,0.00792899914085865,0.02333892323076725,0.011154921725392342,0.03337419033050537,0.06596092134714127,0.04578566178679466,0.05381971597671509,0.06011095643043518
84,2.8,,,,insightface_bbox,0.6705513000488281,70.44168090820312,640.5311279296875,809.3358764648438,2427.82763671875,0,0,0,0,0,0,0,0,0,0,0,0,0.03979485481977463,0.02678312547504902,0.09888353943824768,0.031023936346173286,0.01002386212348938,0.02472529374063015,0.012786436825990677,0.04450228437781334,0.07639390230178833,0.052341725677251816,0.05281111225485802,0.08077167719602585
85,2.8333333333333335,,,,insightface_bbox,0.6705513000488281,70.44168090820312,640.5311279296875,809.3358764648438,2427.82763671875,0,0,0,0,0,0,0,0,0,0,0,0,0.04104551300406456,0.029275424778461456,0.11733251810073853,0.03562977537512779,0.011298236437141895,0.027431007474660873,0.01474158838391304,0.05117500200867653,0.08576135337352753,0.05709928274154663,0.07461497187614441,0.10094833374023438
86,2.8666666666666667,,,,insightface_bbox,0.6705513000488281,70.44168090820312,640.5311279296875,809.3358764648438,2427.82763671875,0,0,0,0,0,0,0,0,0,0,0,0,0.04417039826512337,0.03234659880399704,0.1268710345029831,0.040585022419691086,0.01239620242267847,0.028942488133907318,0.0165944155305624,0.05738018453121185,0.08795323967933655,0.060655854642391205,0.07576531916856766,0.10484641790390015
87,2.9,,,,insightface_bbox,0.6705513000488281,70.44168090820312,640.5311279296875,809.3358764648438,2427.82763671875,0,0,0,0,0,0,0,0,0,0,0,0,0.043587587773799896,0.0306863896548748,0.12202949821949005,0.03653309866786003,0.011682930402457714,0.02796233631670475,0.015378084033727646,0.05587529391050339,0.08479874581098557,0.058606281876564026,0.0725913718342781,0.09971289336681366
88,2.933333333333333,,,,insightface_bbox,0.6705513000488281,70.44168090820312,640.5311279296875,809.3358764648438,2427.82763671875,0,0,0,0,0,0,0,0,0,0,0,0,0.03928713500499725,0.026483017951250076,0.11708544194698334,0.029103590175509453,0.010165059939026833,0.02478029578924179,0.012897182255983353,0.046257056295871735,0.07105285674333572,0.05146309360861778,0.052727341651916504,0.07549485564231873
89,2.966666666666667,,,,insightface_bbox,0.6705513000488281,70.44168090820312,640.5311279296875,809.3358764648438,2427.82763671875,0,0,0,0,0,0,0,0,0,0,0,0,0.038372669368982315,0.025790590792894363,0.10479933768510818,0.028721820563077927,0.009576109237968922,0.024278778582811356,0.012955913320183754,0.04217430204153061,0.07031621038913727,0.05189700424671173,0.0482381209731102,0.0695609450340271
90,3.0,,,,insightface_bbox,0.6745865345001221,93.15373229980469,654.194091796875,836.5719604492188,2430.69677734375,0,0,0,0,0,0,0,0,0,0,0,0,0.040109552443027496,0.027303118258714676,0.0973014384508133,0.033480044454336166,0.009592351503670216,0.0239794310182333,0.012495662085711956,0.03932321444153786,0.06804373115301132,0.0486731193959713,0.050613079220056534,0.06972695887088776
91,3.033333333333333,,,,insightface_bbox,0.6745865345001221,93.15373229980469,654.194091796875,836.5719604492188,2430.69677734375,0,0,0,0,0,0,0,0,0,0,0,0,0.04076371341943741,0.028246629983186722,0.0931570827960968,0.03550289571285248,0.01026192307472229,0.025084447115659714,0.014529183506965637,0.04306837543845177,0.0727999284863472,0.05212535709142685,0.05589958652853966,0.07685834914445877
92,3.066666666666667,,,,insightface_bbox,0.6745865345001221,93.15373229980469,654.194091796875,836.5719604492188,2430.69677734375,0,0,0,0,0,0,0,0,0,0,0,0,0.04571233689785004,0.03223392739892006,0.10870197415351868,0.04435170069336891,0.011171977035701275,0.027552785351872444,0.015831228345632553,0.0473964549601078,0.08093606680631638,0.055958159267902374,0.06445084512233734,0.08487946540117264
93,3.1,,,,insightface_bbox,0.6745865345001221,93.15373229980469,654.194091796875,836.5719604492188,2430.69677734375,0,0,0,0,0,0,0,0,0,0,0,0,0.04678848758339882,0.033214420080184937,0.12572996318340302,0.04746128246188164,0.011150592938065529,0.02910313941538334,0.01571108028292656,0.04568105563521385,0.08493256568908691,0.056589871644973755,0.07154125720262527,0.08881841599941254
94,3.1333333333333333,,,,insightface_bbox,0.6745865345001221,93.15373229980469,654.194091796875,836.5719604492188,2430.69677734375,0,0,0,0,0,0,0,0,0,0,0,0,0.04861539602279663,0.03470417857170105,0.11781701445579529,0.04835683852434158,0.011738612316548824,0.031122079119086266,0.016441944986581802,0.04771985486149788,0.09049099683761597,0.06155956909060478,0.0820966362953186,0.10266322642564774
95,3.1666666666666665,,,,insightface_bbox,0.6745865345001221,93.15373229980469,654.194091796875,836.5719604492188,2430.69677734375,0,0,0,0,0,0,0,0,0,0,0,0,0.05211463198065758,0.03725923225283623,0.13475964963436127,0.05532804876565933,0.013236459344625473,0.03312819078564644,0.017588453367352486,0.05557716637849808,0.09256500005722046,0.06600168347358704,0.0895996019244194,0.11875461786985397
96,3.2,,,,insightface_bbox,0.5954728722572327,109.58038330078125,590.9730224609375,860.9881591796875,2526.129150390625,0,0,0,0,0,0,0,0,0,0,0,0,0.06173260509967804,0.046020034700632095,0.15810517966747284,0.07477167248725891,0.016833430156111717,0.04069267213344574,0.02305622026324272,0.06548494845628738,0.09202279895544052,0.07248713076114655,0.1187579482793808,0.14630885422229767
97,3.2333333333333334,,,,insightface_bbox,0.5954728722572327,109.58038330078125,590.9730224609375,860.9881591796875,2526.129150390625,0,0,0,0,0,0,0,0,0,0,0,0,0.05710127204656601,0.04197109490633011,0.16266630589962006,0.06094057485461235,0.017505768686532974,0.041912492364645004,0.021754369139671326,0.059940461069345474,0.08639714121818542,0.06557005643844604,0.11038239300251007,0.11953504383563995
98,3.2666666666666666,,,,insightface_bbox,0.5954728722572327,109.58038330078125,590.9730224609375,860.9881591796875,2526.129150390625,0,0,0,0,0,0,0,0,0,0,0,0,0.05335686355829239,0.038627780973911285,0.16081847250461578,0.05675332248210907,0.017689010128378868,0.042040590196847916,0.021343104541301727,0.05835631862282753,0.09084130823612213,0.06753257662057877,0.10831207782030106,0.10965956747531891
99,3.3,,,,insightface_bbox,0.5954728722572327,109.58038330078125,590.9730224609375,860.9881591796875,2526.129150390625,0,0,0,0,0,0,0,0,0,0,0,0,0.05252247303724289,0.035202279686927795,0.1474236398935318,0.04196706786751747,0.017384272068738937,0.04115346446633339,0.022461041808128357,0.06677304208278656,0.09606792777776718,0.07203686237335205,0.1036716103553772,0.11570118367671967
100,3.3333333333333335,,,,insightface_bbox,0.5954728722572327,109.58038330078125,590.9730224609375,860.9881591796875,2526.129150390625,0,0,0,0,0,0,0,0,0,0,0,0,0.05316958576440811,0.034829895943403244,0.14249800145626068,0.039528679102659225,0.0165251512080431,0.03993779793381691,0.021359287202358246,0.06524759531021118,0.0923851728439331,0.06988194584846497,0.09255412220954895,0.10661007463932037
101,3.3666666666666667,,,,insightface_bbox,0.5954728722572327,109.58038330078125,590.9730224609375,860.9881591796875,2526.129150390625,0,0,0,0,0,0,0,0,0,0,0,0,0.050106510519981384,0.033131860196590424,0.13143983483314514,0.037468262016773224,0.0161976907402277,0.038463104516267776,0.02113690972328186,0.062462761998176575,0.09290169924497604,0.07122175395488739,0.08547480404376984,0.09987194836139679
102,3.4,,,,insightface_bbox,0.6105747818946838,111.96214294433594,634.20263671875,840.7484130859375,2454.32958984375,0,0,0,0,0,0,0,0,0,0,0,0,0.04519703984260559,0.031741779297590256,0.1483333557844162,0.039664819836616516,0.015746384859085083,0.0353718064725399,0.020825108513236046,0.058134984225034714,0.079840287566185,0.062144700437784195,0.08025422692298889,0.09260620921850204
103,3.433333333333333,,,,insightface_bbox,0.6105747818946838,111.96214294433594,634.20263671875,840.7484130859375,2454.32958984375,0,0,0,0,0,0,0,0,0,0,0,0,0.04608583077788353,0.032506100833415985,0.14594821631908417,0.040410734713077545,0.015904607251286507,0.03577762842178345,0.02098378911614418,0.05780472606420517,0.0798788070678711,0.06229646876454353,0.08117060363292694,0.09484466910362244
104,3.466666666666667,,,,insightface_bbox,0.6105747818946838,111.96214294433594,634.20263671875,840.7484130859375,2454.32958984375,0,0,0,0,0,0,0,0,0,0,0,0,0.048073660582304,0.033287402242422104,0.14737968146800995,0.04128558933734894,0.016205815598368645,0.037160709500312805,0.021495573222637177,0.05974803864955902,0.08016202598810196,0.063283771276474,0.08038626611232758,0.09283017367124557
105,3.5,,,,insightface_bbox,0.6105747818946838,111.96214294433594,634.20263671875,840.7484130859375,2454.32958984375,0,0,0,0,0,0,0,0,0,0,0,0,0.04854390025138855,0.032970279455184937,0.14557167887687683,0.04063768684864044,0.016502320766448975,0.0373714454472065,0.022117653861641884,0.058161184191703796,0.07952065020799637,0.06329118460416794,0.07516423612833023,0.0882134735584259
106,3.533333333333333,,,,insightface_bbox,0.6105747818946838,111.96214294433594,634.20263671875,840.7484130859375,2454.32958984375,0,0,0,0,0,0,0,0,0,0,0,0,0.04819431155920029,0.03318454325199127,0.145185649394989,0.04228297621011734,0.016883069649338722,0.03807825595140457,0.024096248671412468,0.06177154928445816,0.08278948068618774,0.06687594205141068,0.07777620106935501,0.09007900208234787
107,3.566666666666667,,,,insightface_bbox,0.6105747818946838,111.96214294433594,634.20263671875,840.7484130859375,2454.32958984375,0,0,0,0,0,0,0,0,0,0,0,0,0.05047990009188652,0.033541325479745865,0.15360599756240845,0.04306010901927948,0.017134638503193855,0.038360778242349625,0.02285807579755783,0.06105227768421173,0.08418943732976913,0.06652972847223282,0.08074625581502914,0.09857356548309326
108,3.6,,,,insightface_bbox,0.6163457036018372,127.80146789550781,616.1246948242188,855.1602172851562,2435.634765625,0,0,0,0,0,0,0,0,0,0,0,0,0.04706314951181412,0.030648455023765564,0.12828490138053894,0.03825206682085991,0.014166628941893578,0.034178026020526886,0.021202517673373222,0.05473393574357033,0.08316964656114578,0.06515440344810486,0.0732499212026596,0.08963099867105484
109,3.6333333333333333,,,,insightface_bbox,0.6163457036018372,127.80146789550781,616.1246948242188,855.1602172851562,2435.634765625,0,0,0,0,0,0,0,0,0,0,0,0,0.045939914882183075,0.03076704405248165,0.13154350221157074,0.03889002278447151,0.014232578687369823,0.03394285589456558,0.0214958768337965,0.05355421453714371,0.08259257674217224,0.06166025996208191,0.08378073573112488,0.09213319420814514
110,3.6666666666666665,,,,insightface_bbox,0.6163457036018372,127.80146789550781,616.1246948242188,855.1602172851562,2435.634765625,0,0,0,0,0,0,0,0,0,0,0,0,0.04253444820642471,0.027696069329977036,0.10736249387264252,0.03265128284692764,0.012256834656000137,0.02973908558487892,0.018438152968883514,0.04518599808216095,0.07829993963241577,0.05688859522342682,0.06823262572288513,0.0765758752822876
111,3.7,,,,insightface_bbox,0.6163457036018372,127.80146789550781,616.1246948242188,855.1602172851562,2435.634765625,0,0,0,0,0,0,0,0,0,0,0,0,0.04180784523487091,0.027680836617946625,0.10516531020402908,0.03570385277271271,0.010976588353514671,0.026800598949193954,0.01566157117486,0.03961557522416115,0.07968280464410782,0.053949374705553055,0.04793794825673103,0.06483212858438492
112,3.7333333333333334,,,,insightface_bbox,0.6163457036018372,127.80146789550781,616.1246948242188,855.1602172851562,2435.634765625,0,0,0,0,0,0,0,0,0,0,0,0,0.041622817516326904,0.027853533625602722,0.1054004654288292,0.037430088967084885,0.009909401647746563,0.02631870098412037,0.012730561196804047,0.0368218757212162,0.08359760791063309,0.05172122269868851,0.054206255823373795,0.0677904337644577
113,3.7666666666666666,,,,insightface_bbox,0.6163457036018372,127.80146789550781,616.1246948242188,855.1602172851562,2435.634765625,0,0,0,0,0,0,0,0,0,0,0,0,0.05548376217484474,0.03620056062936783,0.17427147924900055,0.05540540814399719,0.011377901770174503,0.03144797682762146,0.014616657048463821,0.046445656567811966,0.09391026198863983,0.055743008852005005,0.08293940126895905,0.09572497010231018
114,3.8,,,,insightface_bbox,0.5980400443077087,126.23839569091797,618.2362670898438,860.2681274414062,2520.192626953125,0,0,0,0,0,0,0,0,0,0,0,0,0.05172373726963997,0.03670021519064903,0.12758566439151764,0.05789128690958023,0.012040789239108562,0.030256232246756554,0.015796085819602013,0.04241354018449783,0.08034272491931915,0.053717710077762604,0.06672590225934982,0.09529989212751389
115,3.8333333333333335,,,,insightface_bbox,0.5980400443077087,126.23839569091797,618.2362670898438,860.2681274414062,2520.192626953125,0,0,0,0,0,0,0,0,0,0,0,0,0.05589418485760689,0.03924207389354706,0.14482104778289795,0.059506773948669434,0.012658331543207169,0.033380571752786636,0.017418967559933662,0.046594370156526566,0.08688227087259293,0.057521164417266846,0.07443900406360626,0.10406427085399628
116,3.8666666666666667,,,,insightface_bbox,0.5980400443077087,126.23839569091797,618.2362670898438,860.2681274414062,2520.192626953125,0,0,0,0,0,0,0,0,0,0,0,0,0.05021358281373978,0.03579325973987579,0.12204307317733765,0.05120529979467392,0.012003034353256226,0.031329136341810226,0.017436549067497253,0.04821594059467316,0.0913020521402359,0.05967467278242111,0.07295741140842438,0.10478992015123367
117,3.9,,,,insightface_bbox,0.5980400443077087,126.23839569091797,618.2362670898438,860.2681274414062,2520.192626953125,0,0,0,0,0,0,0,0,0,0,0,0,0.04761696606874466,0.03468087315559387,0.1081601157784462,0.048939019441604614,0.012402405962347984,0.03056826815009117,0.018760662525892258,0.049095213413238525,0.09069345146417618,0.059463128447532654,0.07401686906814575,0.10239261388778687
118,3.933333333333333,,,,insightface_bbox,0.5980400443077087,126.23839569091797,618.2362670898438,860.2681274414062,2520.192626953125,0,0,0,0,0,0,0,0,0,0,0,0,0.049115873873233795,0.036860641092061996,0.1120356097817421,0.054065920412540436,0.013457845896482468,0.03260807693004608,0.021891852840781212,0.050682954490184784,0.09028133004903793,0.06152426823973656,0.0750076174736023,0.10355756431818008
119,3.966666666666667,,,,insightface_bbox,0.5980400443077087,126.23839569091797,618.2362670898438,860.2681274414062,2520.192626953125,0,0,0,0,0,0,0,0,0,0,0,0,0.048775043338537216,0.03584035485982895,0.12786903977394104,0.05567542463541031,0.013796315528452396,0.033381856977939606,0.020999539643526077,0.04972665756940842,0.09257286041975021,0.06147190183401108,0.07227848470211029,0.09123053401708603
120,4.0,,,,insightface_bbox,0.6041073799133301,113.35175323486328,622.4461059570312,859.6619262695312,2448.22509765625,0,0,0,0,0,0,0,0,0,0,0,0,0.05513708293437958,0.03630276769399643,0.15565773844718933,0.05182980000972748,0.014527733437716961,0.03822481632232666,0.021429110318422318,0.05636889114975929,0.08754873275756836,0.06508324295282364,0.06933300942182541,0.0836162269115448
121,4.033333333333333,,,,insightface_bbox,0.6041073799133301,113.35175323486328,622.4461059570312,859.6619262695312,2448.22509765625,0,0,0,0,0,0,0,0,0,0,0,0,0.04837028682231903,0.03150380402803421,0.14168022572994232,0.041311897337436676,0.013977710157632828,0.03377427160739899,0.01749587431550026,0.05302242562174797,0.0870293453335762,0.06329008936882019,0.06640444695949554,0.08340591192245483
122,4.066666666666666,,,,insightface_bbox,0.6041073799133301,113.35175323486328,622.4461059570312,859.6619262695312,2448.22509765625,0,0,0,0,0,0,0,0,0,0,0,0,0.048914000391960144,0.032354552298784256,0.15238794684410095,0.045034121721982956,0.01399737223982811,0.033392276614904404,0.017281843349337578,0.057644933462142944,0.08713298290967941,0.06486893445253372,0.06699534505605698,0.08108682930469513
123,4.1,,,,insightface_bbox,0.6041073799133301,113.35175323486328,622.4461059570312,859.6619262695312,2448.22509765625,0,0,0,0,0,0,0,0,0,0,0,0,0.05087171494960785,0.03300819173455238,0.15343672037124634,0.04780957102775574,0.01400433573871851,0.03452649712562561,0.019323671236634254,0.0584704764187336,0.09133473038673401,0.0672900527715683,0.06984581053256989,0.08341624587774277
124,4.133333333333334,,,,insightface_bbox,0.6041073799133301,113.35175323486328,622.4461059570312,859.6619262695312,2448.22509765625,0,0,0,0,0,0,0,0,0,0,0,0,0.05315110459923744,0.034195076674222946,0.17479097843170166,0.05130214989185333,0.013952185399830341,0.0345834419131279,0.019470877945423126,0.058730918914079666,0.0909375548362732,0.06611087173223495,0.06825749576091766,0.08061544597148895
125,4.166666666666667,,,,insightface_bbox,0.6041073799133301,113.35175323486328,622.4461059570312,859.6619262695312,2448.22509765625,0,0,0,0,0,0,0,0,0,0,0,0,0.05022197589278221,0.032830607146024704,0.1624574363231659,0.048815589398145676,0.013478612527251244,0.03300733119249344,0.0183109100908041,0.057979926466941833,0.09095621109008789,0.06682850420475006,0.0696556568145752,0.08522503077983856
126,4.2,,,,insightface_bbox,0.6622204184532166,98.07701873779297,630.0039672851562,834.9711303710938,2451.653564453125,0,0,0,0,0,0,0,0,0,0,0,0,0.046684302389621735,0.029772598296403885,0.15778066217899323,0.043285928666591644,0.011051572859287262,0.029076645150780678,0.01345004327595234,0.049804747104644775,0.08952981978654861,0.06159216910600662,0.05583297088742256,0.07423803210258484
127,4.233333333333333,,,,insightface_bbox,0.6622204184532166,98.07701873779297,630.0039672851562,834.9711303710938,2451.653564453125,0,0,0,0,0,0,0,0,0,0,0,0,0.04609318822622299,0.02945038676261902,0.1609196662902832,0.04091731458902359,0.011297047138214111,0.029163725674152374,0.014049429446458817,0.051460448652505875,0.09132833778858185,0.06238248944282532,0.0587773472070694,0.0770956426858902
128,4.266666666666667,,,,insightface_bbox,0.6622204184532166,98.07701873779297,630.0039672851562,834.9711303710938,2451.653564453125,0,0,0,0,0,0,0,0,0,0,0,0,0.044021472334861755,0.028638670220971107,0.15069417655467987,0.040305912494659424,0.011120304465293884,0.02817460149526596,0.013940838165581226,0.0509287491440773,0.08594083786010742,0.060597047209739685,0.053946930915117264,0.07116174697875977
129,4.3,,,,insightface_bbox,0.6622204184532166,98.07701873779297,630.0039672851562,834.9711303710938,2451.653564453125,0,0,0,0,0,0,0,0,0,0,0,0,0.05124646797776222,0.03657668083906174,0.17340418696403503,0.06322822719812393,0.015494153834879398,0.035265468060970306,0.022413751110434532,0.06159486621618271,0.09068764746189117,0.06971713155508041,0.06672703474760056,0.08936874568462372
130,4.333333333333333,,,,insightface_bbox,0.6622204184532166,98.07701873779297,630.0039672851562,834.9711303710938,2451.653564453125,0,0,0,0,0,0,0,0,0,0,0,0,0.04353531077504158,0.02910422533750534,0.14662426710128784,0.0428641177713871,0.012214685790240765,0.028492309153079987,0.015944579616189003,0.04984541982412338,0.08392245322465897,0.060954149812459946,0.04679699242115021,0.06886506825685501
131,4.366666666666666,,,,insightface_bbox,0.6622204184532166,98.07701873779297,630.0039672851562,834.9711303710938,2451.653564453125,0,0,0,0,0,0,0,0,0,0,0,0,0.04932081326842308,0.03335890546441078,0.15221524238586426,0.05329804867506027,0.012375377118587494,0.028658472001552582,0.015654277056455612,0.043574631214141846,0.07745643705129623,0.05541050434112549,0.04969958961009979,0.07319914549589157
132,4.4,,,,insightface_bbox,0.6699764728546143,121.44170379638672,656.8213500976562,834.7744750976562,2401.556640625,0,0,0,0,0,0,0,0,0,0,0,0,0.04514969512820244,0.028474144637584686,0.14732369780540466,0.03138932213187218,0.010615644045174122,0.029976842924952507,0.014745373278856277,0.04807272553443909,0.08884625136852264,0.05646546930074692,0.08289032429456711,0.09635744988918304
133,4.433333333333334,,,,insightface_bbox,0.6699764728546143,121.44170379638672,656.8213500976562,834.7744750976562,2401.556640625,0,0,0,0,0,0,0,0,0,0,0,0,0.04671134799718857,0.029484160244464874,0.15645869076251984,0.03207071125507355,0.011717193759977818,0.0308576337993145,0.016011374071240425,0.05310959741473198,0.09311406314373016,0.05701569467782974,0.08373058587312698,0.10268093645572662
134,4.466666666666667,,,,insightface_bbox,0.6699764728546143,121.44170379638672,656.8213500976562,834.7744750976562,2401.556640625,0,0,0,0,0,0,0,0,0,0,0,0,0.04200566187500954,0.026659557595849037,0.1295706331729889,0.029836073517799377,0.010951914824545383,0.027185475453734398,0.013925177045166492,0.047463297843933105,0.08571506291627884,0.04967402666807175,0.0760321393609047,0.0852210745215416
135,4.5,,,,insightface_bbox,0.6699764728546143,121.44170379638672,656.8213500976562,834.7744750976562,2401.556640625,0,0,0,0,0,0,0,0,0,0,0,0,0.041313380002975464,0.02623860165476799,0.1354251205921173,0.029583629220724106,0.010893469676375389,0.029155872762203217,0.014947946183383465,0.04680626094341278,0.08097834140062332,0.0485827699303627,0.08352496474981308,0.08070744574069977
136,4.533333333333333,,,,insightface_bbox,0.6699764728546143,121.44170379638672,656.8213500976562,834.7744750976562,2401.556640625,0,0,0,0,0,0,0,0,0,0,0,0,0.04251868277788162,0.027627527713775635,0.13240066170692444,0.03308379650115967,0.011761832050979137,0.030003897845745087,0.015051709488034248,0.04221775010228157,0.07856643199920654,0.04989930987358093,0.08003678917884827,0.08079051226377487
137,4.566666666666666,,,,insightface_bbox,0.6699764728546143,121.44170379638672,656.8213500976562,834.7744750976562,2401.556640625,0,0,0,0,0,0,0,0,0,0,0,0,0.04368774965405464,0.02798306941986084,0.12996995449066162,0.03344470262527466,0.011456139385700226,0.029932662844657898,0.015090340748429298,0.04094509035348892,0.08153942227363586,0.05024891346693039,0.07813162356615067,0.07741489261388779
138,4.6,,,,insightface_bbox,0.6359463930130005,111.51241302490234,630.6787109375,852.9633178710938,2498.594482421875,0,0,0,0,0,0,0,0,0,0,0,0,0.04942382127046585,0.034518226981163025,0.11487271636724472,0.05059683695435524,0.01201759185642004,0.030456485226750374,0.018233120441436768,0.04650608077645302,0.08708763867616653,0.06152377277612686,0.06151255965232849,0.08498775959014893
139,4.633333333333334,,,,insightface_bbox,0.6359463930130005,111.51241302490234,630.6787109375,852.9633178710938,2498.594482421875,0,0,0,0,0,0,0,0,0,0,0,0,0.05143621563911438,0.035922057926654816,0.11540459096431732,0.0551433190703392,0.012739059515297413,0.030947186052799225,0.019061077386140823,0.05008009821176529,0.08746103942394257,0.06450826674699783,0.053911007940769196,0.07960584759712219
140,4.666666666666667,,,,insightface_bbox,0.6359463930130005,111.51241302490234,630.6787109375,852.9633178710938,2498.594482421875,0,0,0,0,0,0,0,0,0,0,0,0,0.05037621036171913,0.03583512455224991,0.1259397566318512,0.05631852522492409,0.012904182076454163,0.030819769948720932,0.01824665628373623,0.05339352414011955,0.08849526941776276,0.06467343121767044,0.05518564581871033,0.08214324712753296
141,4.7,,,,insightface_bbox,0.6359463930130005,111.51241302490234,630.6787109375,852.9633178710938,2498.594482421875,0,0,0,0,0,0,0,0,0,0,0,0,0.04819608852267265,0.03219037503004074,0.1371004581451416,0.04645694047212601,0.011645497754216194,0.028877727687358856,0.01499205082654953,0.049878042191267014,0.0883985310792923,0.06050138175487518,0.052112169563770294,0.07514743506908417
142,4.733333333333333,,,,insightface_bbox,0.6359463930130005,111.51241302490234,630.6787109375,852.9633178710938,2498.594482421875,0,0,0,0,0,0,0,0,0,0,0,0,0.05262534320354462,0.03606373816728592,0.1527250111103058,0.05258602648973465,0.012338869273662567,0.030240103602409363,0.01659531518816948,0.05280797928571701,0.0937047228217125,0.06365557014942169,0.05538090690970421,0.08233361691236496
143,4.766666666666667,,,,insightface_bbox,0.6359463930130005,111.51241302490234,630.6787109375,852.9633178710938,2498.594482421875,0,0,0,0,0,0,0,0,0,0,0,0,0.05329163372516632,0.03632030636072159,0.15241582691669464,0.05240266025066376,0.01249998901039362,0.03071475774049759,0.017159992828965187,0.05429348349571228,0.09563937038183212,0.06450316309928894,0.05783785879611969,0.08451539278030396
144,4.8,,,,insightface_bbox,0.6360706686973572,80.53492736816406,600.4751586914062,840.5396118164062,2493.877197265625,0,0,0,0,0,0,0,0,0,0,0,0,0.05522096902132034,0.03918660432100296,0.16874277591705322,0.0627361536026001,0.014735119417309761,0.03496380150318146,0.02102104015648365,0.053198717534542084,0.08992675691843033,0.06456044316291809,0.07077817618846893,0.08955229073762894
145,4.833333333333333,,,,insightface_bbox,0.6360706686973572,80.53492736816406,600.4751586914062,840.5396118164062,2493.877197265625,0,0,0,0,0,0,0,0,0,0,0,0,0.05509205907583237,0.03797280788421631,0.19576235115528107,0.06203561648726463,0.014031598344445229,0.03308023884892464,0.019288083538413048,0.05263487994670868,0.09122204035520554,0.06402983516454697,0.06381557881832123,0.08364959806203842
146,4.866666666666666,,,,insightface_bbox,0.6360706686973572,80.53492736816406,600.4751586914062,840.5396118164062,2493.877197265625,0,0,0,0,0,0,0,0,0,0,0,0,0.062156375497579575,0.04381248727440834,0.233658567070961,0.0823596864938736,0.015894606709480286,0.03725237026810646,0.022702112793922424,0.05885639041662216,0.09242885559797287,0.0676126703619957,0.07222986221313477,0.09182149171829224
147,4.9,,,,insightface_bbox,0.6360706686973572,80.53492736816406,600.4751586914062,840.5396118164062,2493.877197265625,0,0,0,0,0,0,0,0,0,0,0,0,0.061644408851861954,0.0430077463388443,0.24974951148033142,0.08154676109552383,0.015589382499456406,0.037112198770046234,0.022112688049674034,0.05831114947795868,0.09098781645298004,0.06836370378732681,0.07004779577255249,0.08786334097385406
148,4.933333333333334,,,,insightface_bbox,0.6360706686973572,80.53492736816406,600.4751586914062,840.5396118164062,2493.877197265625,0,0,0,0,0,0,0,0,0,0,0,0,0.0637143924832344,0.04551032558083534,0.24627430737018585,0.0870918482542038,0.016236798837780952,0.03810042515397072,0.02426282688975334,0.0591692253947258,0.09172260761260986,0.06894150376319885,0.0740654245018959,0.09449803084135056
149,4.966666666666667,,,,insightface_bbox,0.6360706686973572,80.53492736816406,600.4751586914062,840.5396118164062,2493.877197265625,0,0,0,0,0,0,0,0,0,0,0,0,0.058094557374715805,0.04020260274410248,0.22008702158927917,0.06892500817775726,0.014097335748374462,0.03322186321020126,0.018618516623973846,0.05106855183839798,0.0845327153801918,0.06338571757078171,0.0693783387541771,0.08433693647384644
150,5.0,,,,insightface_bbox,0.6284868121147156,83.83717346191406,586.9224853515625,818.0506591796875,2548.835693359375,0,0,0,0,0,0,0,0,0,0,0,0,0.05934703350067139,0.04148201644420624,0.1541670262813568,0.06797374039888382,0.013227002695202827,0.0296317245811224,0.015341510996222496,0.05280466377735138,0.08420415967702866,0.06236844137310982,0.06276094168424606,0.09829224646091461
151,5.033333333333333,,,,insightface_bbox,0.6284868121147156,83.83717346191406,586.9224853515625,818.0506591796875,2548.835693359375,0,0,0,0,0,0,0,0,0,0,0,0,0.05634341016411781,0.04127313196659088,0.16116484999656677,0.0759497806429863,0.01432133000344038,0.03210778906941414,0.016781726852059364,0.056114330887794495,0.08027474582195282,0.06355669349431992,0.0789123922586441,0.10750485956668854
152,5.066666666666666,,,,insightface_bbox,0.6284868121147156,83.83717346191406,586.9224853515625,818.0506591796875,2548.835693359375,0,0,0,0,0,0,0,0,0,0,0,0,0.04967573657631874,0.03740847855806351,0.14798247814178467,0.06719846278429031,0.013669237494468689,0.032775335013866425,0.0166268702596426,0.05170513689517975,0.07681848108768463,0.059250637888908386,0.07440529763698578,0.09207804501056671
153,5.1,,,,insightface_bbox,0.6284868121147156,83.83717346191406,586.9224853515625,818.0506591796875,2548.835693359375,0,0,0,0,0,0,0,0,0,0,0,0,0.04947410896420479,0.035415396094322205,0.14220979809761047,0.05977962538599968,0.013215765357017517,0.032279375940561295,0.016592666506767273,0.05303775891661644,0.08203744143247604,0.06136765331029892,0.06797488033771515,0.08632591366767883
154,5.133333333333334,,,,insightface_bbox,0.6284868121147156,83.83717346191406,586.9224853515625,818.0506591796875,2548.835693359375,0,0,0,0,0,0,0,0,0,0,0,0,0.04920286685228348,0.03394568711519241,0.1409953534603119,0.05309146270155907,0.013215219601988792,0.03201349452137947,0.016707004979252815,0.05182909220457077,0.08390463143587112,0.06179828569293022,0.06752856820821762,0.08515414595603943
155,5.166666666666667,,,,insightface_bbox,0.6284868121147156,83.83717346191406,586.9224853515625,818.0506591796875,2548.835693359375,0,0,0,0,0,0,0,0,0,0,0,0,0.04805486276745796,0.03269986808300018,0.14310291409492493,0.04665420949459076,0.01398225873708725,0.033085472881793976,0.01627170294523239,0.053555928170681,0.07977347820997238,0.06169971078634262,0.07448121160268784,0.0837545394897461
156,5.2,,,,insightface_bbox,0.6350298523902893,101.51082611083984,604.4102172851562,849.1329956054688,2495.2197265625,0,0,0,0,0,0,0,0,0,0,0,0,0.0517713837325573,0.035393618047237396,0.14230208098888397,0.05076567828655243,0.016096247360110283,0.03567347303032875,0.019786151126027107,0.05838043987751007,0.08451253920793533,0.0644359141588211,0.07766174525022507,0.09287838637828827
157,5.233333333333333,,,,insightface_bbox,0.6350298523902893,101.51082611083984,604.4102172851562,849.1329956054688,2495.2197265625,0,0,0,0,0,0,0,0,0,0,0,0,0.052586473524570465,0.036481134593486786,0.1554953008890152,0.05206470936536789,0.01686379313468933,0.03764844313263893,0.020228642970323563,0.05934734269976616,0.08302846550941467,0.06358650326728821,0.0837118998169899,0.09448541700839996
158,5.266666666666667,,,,insightface_bbox,0.6350298523902893,101.51082611083984,604.4102172851562,849.1329956054688,2495.2197265625,0,0,0,0,0,0,0,0,0,0,0,0,0.05322219431400299,0.0365801602602005,0.15150870382785797,0.052947983145713806,0.016970055177807808,0.03764856979250908,0.019703080877661705,0.058274585753679276,0.08369498699903488,0.06501834094524384,0.07889413833618164,0.09012390673160553
159,5.3,,,,insightface_bbox,0.6350298523902893,101.51082611083984,604.4102172851562,849.1329956054688,2495.2197265625,0,0,0,0,0,0,0,0,0,0,0,0,0.04566085338592529,0.03207692876458168,0.12897346913814545,0.04455169290304184,0.0154044758528471,0.03405395895242691,0.019944457337260246,0.053786929696798325,0.07843423634767532,0.06142695993185043,0.06975100189447403,0.07844829559326172
160,5.333333333333333,,,,insightface_bbox,0.6350298523902893,101.51082611083984,604.4102172851562,849.1329956054688,2495.2197265625,0,0,0,0,0,0,0,0,0,0,0,0,0.04887180030345917,0.03358728811144829,0.13816887140274048,0.048811398446559906,0.015463441610336304,0.03602086007595062,0.022237852215766907,0.055550914257764816,0.0823931023478508,0.06466764956712723,0.07316610217094421,0.0806727260351181
161,5.366666666666666,,,,insightface_bbox,0.6350298523902893,101.51082611083984,604.4102172851562,849.1329956054688,2495.2197265625,0,0,0,0,0,0,0,0,0,0,0,0,0.05048444867134094,0.03470924496650696,0.1448722779750824,0.052659887820482254,0.015587997622787952,0.036883000284433365,0.023328591138124466,0.05593497306108475,0.08173003792762756,0.06345205754041672,0.07664601504802704,0.08213149011135101
162,5.4,,,,insightface_bbox,0.6269475817680359,114.24679565429688,603.8470458984375,847.8858032226562,2441.396484375,0,0,0,0,0,0,0,0,0,0,0,0,0.05477455258369446,0.03483621031045914,0.17448973655700684,0.0543566457927227,0.01477001328021288,0.0367092490196228,0.02225160412490368,0.05664386227726936,0.0891900435090065,0.06733013689517975,0.06270360201597214,0.0771653950214386
163,5.433333333333334,,,,insightface_bbox,0.6269475817680359,114.24679565429688,603.8470458984375,847.8858032226562,2441.396484375,0,0,0,0,0,0,0,0,0,0,0,0,0.05466616153717041,0.03530443087220192,0.17062726616859436,0.05620645359158516,0.015026443637907505,0.03563817963004112,0.021157676354050636,0.05627308413386345,0.08657634258270264,0.06598879396915436,0.06064113974571228,0.07608699053525925
164,5.466666666666667,,,,insightface_bbox,0.6269475817680359,114.24679565429688,603.8470458984375,847.8858032226562,2441.396484375,0,0,0,0,0,0,0,0,0,0,0,0,0.05410166084766388,0.03464599326252937,0.16770091652870178,0.056454844772815704,0.014312072657048702,0.03492913767695427,0.021894535049796104,0.05459051951766014,0.09231778979301453,0.06704456359148026,0.05940724164247513,0.07639020681381226
165,5.5,,,,insightface_bbox,0.6269475817680359,114.24679565429688,603.8470458984375,847.8858032226562,2441.396484375,0,0,0,0,0,0,0,0,0,0,0,0,0.055106379091739655,0.03516170009970665,0.16589602828025818,0.057577453553676605,0.01440068706870079,0.03490147739648819,0.021961338818073273,0.05584995448589325,0.0954613909125328,0.06962969899177551,0.06163163110613823,0.08349911868572235
166,5.533333333333333,,,,insightface_bbox,0.6269475817680359,114.24679565429688,603.8470458984375,847.8858032226562,2441.396484375,0,0,0,0,0,0,0,0,0,0,0,0,0.05327180400490761,0.03422524407505989,0.1684037744998932,0.05679874122142792,0.013630200177431107,0.0329163633286953,0.01964782550930977,0.05142291635274887,0.09210115671157837,0.0665130764245987,0.058972496539354324,0.07763124257326126
167,5.566666666666666,,,,insightface_bbox,0.6269475817680359,114.24679565429688,603.8470458984375,847.8858032226562,2441.396484375,0,0,0,0,0,0,0,0,0,0,0,0,0.053387127816677094,0.03369281068444252,0.1839945912361145,0.055248454213142395,0.013167263939976692,0.0325818732380867,0.01906590349972248,0.049884356558322906,0.09399233758449554,0.06678513437509537,0.05878599360585213,0.0767635703086853
168,5.6,,,,insightface_bbox,0.6073691248893738,111.47586059570312,592.6023559570312,872.7478637695312,2517.47705078125,0,0,0,0,0,0,0,0,0,0,0,0,0.04595808684825897,0.030028607696294785,0.13085460662841797,0.04573537036776543,0.012278161942958832,0.030610831454396248,0.01648860052227974,0.044192638248205185,0.0821680948138237,0.056206077337265015,0.05660209059715271,0.06345809251070023
169,5.633333333333334,,,,insightface_bbox,0.6073691248893738,111.47586059570312,592.6023559570312,872.7478637695312,2517.47705078125,0,0,0,0,0,0,0,0,0,0,0,0,0.04511450231075287,0.029537681490182877,0.10779595375061035,0.044798050075769424,0.011934797279536724,0.029148023575544357,0.015921594575047493,0.04374239966273308,0.0831238329410553,0.05793009698390961,0.05477103963494301,0.06393715739250183
170,5.666666666666667,,,,insightface_bbox,0.6073691248893738,111.47586059570312,592.6023559570312,872.7478637695312,2517.47705078125,0,0,0,0,0,0,0,0,0,0,0,0,0.04805587977170944,0.03197156637907028,0.11179497838020325,0.04917912930250168,0.012429053895175457,0.030549686402082443,0.016918160021305084,0.047407377511262894,0.08861667662858963,0.06307807564735413,0.05834781378507614,0.06872307509183884
171,5.7,,,,insightface_bbox,0.6073691248893738,111.47586059570312,592.6023559570312,872.7478637695312,2517.47705078125,0,0,0,0,0,0,0,0,0,0,0,0,0.04860309511423111,0.03252866864204407,0.1098434254527092,0.04919004440307617,0.012591473758220673,0.0309387668967247,0.0175545122474432,0.04734087735414505,0.08716405183076859,0.06259829550981522,0.056793250143527985,0.06739527732133865
172,5.733333333333333,,,,insightface_bbox,0.6073691248893738,111.47586059570312,592.6023559570312,872.7478637695312,2517.47705078125,0,0,0,0,0,0,0,0,0,0,0,0,0.0459137037396431,0.0323023721575737,0.10907672345638275,0.045415252447128296,0.01324933860450983,0.031449779868125916,0.018044065684080124,0.044725559651851654,0.08064725250005722,0.0570792630314827,0.056804340332746506,0.06570200622081757
173,5.766666666666667,,,,insightface_bbox,0.6073691248893738,111.47586059570312,592.6023559570312,872.7478637695312,2517.47705078125,0,0,0,0,0,0,0,0,0,0,0,0,0.0431065633893013,0.028917444869875908,0.11344784498214722,0.037953030318021774,0.012682955712080002,0.030007366091012955,0.0157455001026392,0.042140133678913116,0.07586351037025452,0.05504253879189491,0.049985647201538086,0.06152021139860153
174,5.8,,,,insightface_bbox,0.6197747588157654,111.53148651123047,606.3201293945312,848.4082641601562,2476.98486328125,0,0,0,0,0,0,0,0,0,0,0,0,0.05025678873062134,0.031691573560237885,0.1373111754655838,0.03934263810515404,0.013682860881090164,0.03350592032074928,0.019926251843571663,0.04638255387544632,0.08670341968536377,0.06250350922346115,0.07187283039093018,0.08362916111946106
175,5.833333333333333,,,,insightface_bbox,0.6197747588157654,111.53148651123047,606.3201293945312,848.4082641601562,2476.98486328125,0,0,0,0,0,0,0,0,0,0,0,0,0.05238419771194458,0.034740716218948364,0.1449999213218689,0.047154758125543594,0.01437216904014349,0.03652232885360718,0.022819368168711662,0.049635302275419235,0.08810126781463623,0.06350190192461014,0.07866490632295609,0.08346687257289886
176,5.866666666666666,,,,insightface_bbox,0.6197747588157654,111.53148651123047,606.3201293945312,848.4082641601562,2476.98486328125,0,0,0,0,0,0,0,0,0,0,0,0,0.05528903007507324,0.037065260112285614,0.1548343002796173,0.05180881917476654,0.014614969491958618,0.03808733820915222,0.024616476148366928,0.05226410925388336,0.08849543333053589,0.06358698755502701,0.07799291610717773,0.08210553228855133
177,5.9,,,,insightface_bbox,0.6197747588157654,111.53148651123047,606.3201293945312,848.4082641601562,2476.98486328125,0,0,0,0,0,0,0,0,0,0,0,0,0.057287249714136124,0.03853506222367287,0.14696845412254333,0.05539553612470627,0.014936857856810093,0.03845379129052162,0.02463589608669281,0.05222955346107483,0.08774438500404358,0.06408087909221649,0.07415539026260376,0.08021686971187592
178,5.933333333333334,,,,insightface_bbox,0.6197747588157654,111.53148651123047,606.3201293945312,848.4082641601562,2476.98486328125,0,0,0,0,0,0,0,0,0,0,0,0,0.05458429455757141,0.03690372779965401,0.14913323521614075,0.05419395864009857,0.015010379254817963,0.038446079939603806,0.024200506508350372,0.05449146032333374,0.0943242758512497,0.06976553052663803,0.0807398185133934,0.08899684995412827
179,5.966666666666667,,,,insightface_bbox,0.6197747588157654,111.53148651123047,606.3201293945312,848.4082641601562,2476.98486328125,0,0,0,0,0,0,0,0,0,0,0,0,0.06072283163666725,0.042515791952610016,0.18673506379127502,0.06843125820159912,0.017990948632359505,0.042275357991456985,0.027070526033639908,0.06888417899608612,0.09697280079126358,0.07552485167980194,0.1014973595738411,0.11742508411407471
180,6.0,,,,insightface_bbox,0.5711585283279419,105.36767578125,572.1553344726562,855.3182373046875,2534.72314453125,0,0,0,0,0,0,0,0,0,0,0,0,0.049925483763217926,0.03601717948913574,0.15150265395641327,0.059098754078149796,0.013736993074417114,0.032685402780771255,0.019066890701651573,0.05390772968530655,0.08675499260425568,0.06317880004644394,0.06618977338075638,0.08269236236810684
181,6.033333333333333,,,,insightface_bbox,0.5711585283279419,105.36767578125,572.1553344726562,855.3182373046875,2534.72314453125,0,0,0,0,0,0,0,0,0,0,0,0,0.050005845725536346,0.03363155201077461,0.17226912081241608,0.05425475165247917,0.01319819875061512,0.03205486387014389,0.018421892076730728,0.05362863838672638,0.08576071262359619,0.06453827023506165,0.06884855031967163,0.08282987773418427
182,6.066666666666666,,,,insightface_bbox,0.5711585283279419,105.36767578125,572.1553344726562,855.3182373046875,2534.72314453125,0,0,0,0,0,0,0,0,0,0,0,0,0.05250874534249306,0.036125849932432175,0.1767004281282425,0.06071368232369423,0.013848109170794487,0.033985354006290436,0.02305743470788002,0.058975521475076675,0.09071815013885498,0.0684061273932457,0.07946819812059402,0.0857187956571579
183,6.1,,,,insightface_bbox,0.5711585283279419,105.36767578125,572.1553344726562,855.3182373046875,2534.72314453125,0,0,0,0,0,0,0,0,0,0,0,0,0.061019882559776306,0.04269084334373474,0.20774775743484497,0.07767724990844727,0.015542884357273579,0.03792841359972954,0.026985744014382362,0.06559604406356812,0.0941820815205574,0.07165682315826416,0.09247457981109619,0.09558378905057907
184,6.133333333333334,,,,insightface_bbox,0.5711585283279419,105.36767578125,572.1553344726562,855.3182373046875,2534.72314453125,0,0,0,0,0,0,0,0,0,0,0,0,0.05657711625099182,0.040061865001916885,0.16840846836566925,0.0673227533698082,0.01563897542655468,0.03531138598918915,0.026188332587480545,0.06415262073278427,0.09268338978290558,0.07460568845272064,0.0724719762802124,0.08705475926399231
185,6.166666666666667,,,,insightface_bbox,0.5711585283279419,105.36767578125,572.1553344726562,855.3182373046875,2534.72314453125,0,0,0,0,0,0,0,0,0,0,0,0,0.05872175097465515,0.042024847120046616,0.17954275012016296,0.07335593551397324,0.017655974254012108,0.037700314074754715,0.03513648360967636,0.0722622200846672,0.10270356386899948,0.08122845739126205,0.07888566702604294,0.09597748517990112
186,6.2,,,,insightface_bbox,0.5441446304321289,82.20489501953125,554.61376953125,881.8660888671875,2525.55908203125,0,0,0,0,0,0,0,0,0,0,0,0,0.06508364528417587,0.046892765909433365,0.10297542810440063,0.08561915159225464,0.014593992382287979,0.03065617009997368,0.023504627868533134,0.05232478678226471,0.0937248021364212,0.07221153378486633,0.03436301276087761,0.071378692984581
187,6.233333333333333,,,,insightface_bbox,0.5441446304321289,82.20489501953125,554.61376953125,881.8660888671875,2525.55908203125,0,0,0,0,0,0,0,0,0,0,0,0,0.05966316908597946,0.04247337952256203,0.10189111530780792,0.07369817048311234,0.016114067286252975,0.03179822862148285,0.02695930190384388,0.052812736481428146,0.08917082846164703,0.07130700349807739,0.03506027162075043,0.0683058574795723
188,6.266666666666667,,,,insightface_bbox,0.5441446304321289,82.20489501953125,554.61376953125,881.8660888671875,2525.55908203125,0,0,0,0,0,0,0,0,0,0,0,0,0.05386507511138916,0.03818885236978531,0.09641005098819733,0.06677382439374924,0.016716519370675087,0.032919734716415405,0.02926614135503769,0.054509736597537994,0.08817815035581589,0.0715189054608345,0.04060971736907959,0.06998492777347565
189,6.3,,,,insightface_bbox,0.5441446304321289,82.20489501953125,554.61376953125,881.8660888671875,2525.55908203125,0,0,0,0,0,0,0,0,0,0,0,0,0.05243031308054924,0.03615390881896019,0.09640692919492722,0.06333724409341812,0.016457730904221535,0.03292226046323776,0.028124842792749405,0.054650306701660156,0.08746903389692307,0.07168417423963547,0.038926176726818085,0.06797808408737183
190,6.333333333333333,,,,insightface_bbox,0.5441446304321289,82.20489501953125,554.61376953125,881.8660888671875,2525.55908203125,0,0,0,0,0,0,0,0,0,0,0,0,0.05046114698052406,0.034618109464645386,0.09660489857196808,0.06018610671162605,0.015744438394904137,0.03160819783806801,0.026377951726317406,0.05228746682405472,0.08568502217531204,0.06995748728513718,0.035626452416181564,0.06426871567964554
191,6.366666666666666,,,,insightface_bbox,0.5441446304321289,82.20489501953125,554.61376953125,881.8660888671875,2525.55908203125,0,0,0,0,0,0,0,0,0,0,0,0,0.050616808235645294,0.034982334822416306,0.09360038489103317,0.061142873018980026,0.016205044463276863,0.03193378075957298,0.027791857719421387,0.05303205922245979,0.08588181436061859,0.07050658762454987,0.036451421678066254,0.06364299356937408
192,6.4,,,,insightface_bbox,0.5508636832237244,111.14897155761719,609.7765502929688,876.9711303710938,2459.359375,0,0,0,0,0,0,0,0,0,0,0,0,0.04785645008087158,0.030937789008021355,0.11562957614660263,0.04673593491315842,0.014621676877140999,0.03226236253976822,0.025979354977607727,0.06553760170936584,0.10581783950328827,0.08222834020853043,0.047324780374765396,0.07674598693847656
193,6.433333333333334,,,,insightface_bbox,0.5508636832237244,111.14897155761719,609.7765502929688,876.9711303710938,2459.359375,0,0,0,0,0,0,0,0,0,0,0,0,0.04740045964717865,0.03020111843943596,0.11091556400060654,0.04381749778985977,0.013620870187878609,0.030695421621203423,0.023071283474564552,0.05850374326109886,0.09934616088867188,0.0744098424911499,0.044679153710603714,0.07293800264596939
194,6.466666666666667,,,,insightface_bbox,0.5508636832237244,111.14897155761719,609.7765502929688,876.9711303710938,2459.359375,0,0,0,0,0,0,0,0,0,0,0,0,0.04598599672317505,0.028924699872732162,0.11433090269565582,0.04053439199924469,0.012719189748167992,0.03007815033197403,0.020347315818071365,0.053045470267534256,0.0950646847486496,0.0697142481803894,0.0452442392706871,0.07212342321872711
195,6.5,,,,insightface_bbox,0.5508636832237244,111.14897155761719,609.7765502929688,876.9711303710938,2459.359375,0,0,0,0,0,0,0,0,0,0,0,0,0.04896293953061104,0.03297341614961624,0.12945950031280518,0.05097557231783867,0.013985675759613514,0.03248676285147667,0.02152559906244278,0.05588512122631073,0.09376191347837448,0.06931677460670471,0.04964441433548927,0.0751015692949295
196,6.533333333333333,,,,insightface_bbox,0.5508636832237244,111.14897155761719,609.7765502929688,876.9711303710938,2459.359375,0,0,0,0,0,0,0,0,0,0,0,0,0.051155559718608856,0.036470115184783936,0.12976297736167908,0.06193840876221657,0.01478868443518877,0.03406263515353203,0.023494035005569458,0.059022895991802216,0.09271474182605743,0.07015122473239899,0.059498220682144165,0.08265627920627594
197,6.566666666666666,,,,insightface_bbox,0.5508636832237244,111.14897155761719,609.7765502929688,876.9711303710938,2459.359375,0,0,0,0,0,0,0,0,0,0,0,0,0.053737297654151917,0.038247283548116684,0.1193484291434288,0.06681256741285324,0.01425398513674736,0.034528542309999466,0.024975065141916275,0.05888050049543381,0.0912185087800026,0.0705365240573883,0.06791752576828003,0.08649265766143799
198,6.6,,,,insightface_bbox,0.5833648443222046,126.83405303955078,575.14306640625,868.4278564453125,2501.06005859375,0,0,0,0,0,0,0,0,0,0,0,0,0.06419742107391357,0.0448276624083519,0.21244464814662933,0.08135997503995895,0.01732528954744339,0.04468320310115814,0.03274964541196823,0.07711081206798553,0.10475772619247437,0.08140231668949127,0.11438459157943726,0.12233655154705048
199,6.633333333333334,,,,insightface_bbox,0.5833648443222046,126.83405303955078,575.14306640625,868.4278564453125,2501.06005859375,0,0,0,0,0,0,0,0,0,0,0,0,0.06043943017721176,0.04235833138227463,0.1543935090303421,0.07254666090011597,0.014847693033516407,0.037231799215078354,0.02391865849494934,0.06299559772014618,0.09639602899551392,0.07174308598041534,0.0922987163066864,0.11002196371555328
200,6.666666666666667,,,,insightface_bbox,0.5833648443222046,126.83405303955078,575.14306640625,868.4278564453125,2501.06005859375,0,0,0,0,0,0,0,0,0,0,0,0,0.05922183021903038,0.0405728742480278,0.1579614132642746,0.06706652045249939,0.014539486728608608,0.03651585802435875,0.022823534905910492,0.06072566658258438,0.09842544049024582,0.07153292000293732,0.08051887154579163,0.1013774499297142
201,6.7,,,,insightface_bbox,0.5833648443222046,126.83405303955078,575.14306640625,868.4278564453125,2501.06005859375,0,0,0,0,0,0,0,0,0,0,0,0,0.05981030315160751,0.04078461974859238,0.15327753126621246,0.0681203305721283,0.014306819066405296,0.03591715916991234,0.021809455007314682,0.058813393115997314,0.09675422310829163,0.0692531168460846,0.07953666150569916,0.10077056288719177
202,6.733333333333333,,,,insightface_bbox,0.5833648443222046,126.83405303955078,575.14306640625,868.4278564453125,2501.06005859375,0,0,0,0,0,0,0,0,0,0,0,0,0.06706935167312622,0.047442298382520676,0.16762219369411469,0.08805881440639496,0.01582326740026474,0.03971853852272034,0.02475045993924141,0.06142180785536766,0.10009855031967163,0.07239507883787155,0.09530414640903473,0.11893437802791595
203,6.766666666666667,,,,insightface_bbox,0.5833648443222046,126.83405303955078,575.14306640625,868.4278564453125,2501.06005859375,0,0,0,0,0,0,0,0,0,0,0,0,0.06740536540746689,0.04624146223068237,0.1626375913619995,0.08779112994670868,0.016745567321777344,0.04159782826900482,0.025370484218001366,0.06251920014619827,0.09853217750787735,0.07450462132692337,0.08418809622526169,0.10963775962591171
204,6.8,,,,insightface_bbox,0.6349270343780518,134.51878356933594,611.1937866210938,845.7189331054688,2441.053955078125,0,0,0,0,0,0,0,0,0,0,0,0,0.05818745121359825,0.04009340703487396,0.13729779422283173,0.06172996386885643,0.015240493230521679,0.03682322055101395,0.02118920534849167,0.04892820492386818,0.09243220090866089,0.059775181114673615,0.07972322404384613,0.0948280394077301
205,6.833333333333333,,,,insightface_bbox,0.6349270343780518,134.51878356933594,611.1937866210938,845.7189331054688,2441.053955078125,0,0,0,0,0,0,0,0,0,0,0,0,0.057025179266929626,0.0419544093310833,0.14542199671268463,0.07126133143901825,0.016549883410334587,0.039257653057575226,0.02349439263343811,0.05489179864525795,0.09396839886903763,0.06526470184326172,0.10135145485401154,0.11523373425006866
206,6.866666666666666,,,,insightface_bbox,0.6349270343780518,134.51878356933594,611.1937866210938,845.7189331054688,2441.053955078125,0,0,0,0,0,0,0,0,0,0,0,0,0.04941210523247719,0.03533918410539627,0.12289589643478394,0.05293874070048332,0.01423726323992014,0.036288559436798096,0.021253306418657303,0.045132286846637726,0.08919008076190948,0.059278279542922974,0.07822290807962418,0.08895009756088257
207,6.9,,,,insightface_bbox,0.6349270343780518,134.51878356933594,611.1937866210938,845.7189331054688,2441.053955078125,0,0,0,0,0,0,0,0,0,0,0,0,0.04782910645008087,0.03306228667497635,0.12418961524963379,0.049461591988801956,0.01420783344656229,0.03453434258699417,0.02080981805920601,0.044589608907699585,0.08726232498884201,0.05829270929098129,0.06811193376779556,0.07790316641330719
208,6.933333333333334,,,,insightface_bbox,0.6349270343780518,134.51878356933594,611.1937866210938,845.7189331054688,2441.053955078125,0,0,0,0,0,0,0,0,0,0,0,0,0.04857312887907028,0.03311586007475853,0.12836310267448425,0.050379302352666855,0.01418623048812151,0.03454802185297012,0.021046996116638184,0.04491374269127846,0.08585633337497711,0.057748761028051376,0.07068566977977753,0.07600533217191696
209,6.966666666666667,,,,insightface_bbox,0.6349270343780518,134.51878356933594,611.1937866210938,845.7189331054688,2441.053955078125,0,0,0,0,0,0,0,0,0,0,0,0,0.04974515736103058,0.0339820571243763,0.13816875219345093,0.05249638110399246,0.013759979978203773,0.03494328260421753,0.019821975380182266,0.045389313250780106,0.08580605685710907,0.056394752115011215,0.07543140649795532,0.07649961113929749
210,7.0,,,,insightface_bbox,0.6431556940078735,122.75861358642578,611.6524658203125,826.722900390625,2410.12451171875,0,0,0,0,0,0,0,0,0,0,0,0,0.04957500100135803,0.034974172711372375,0.1500634104013443,0.052774153649806976,0.014879852533340454,0.037501633167266846,0.02047159895300865,0.05317186936736107,0.08532378822565079,0.05892284959554672,0.10038965195417404,0.09524434059858322
211,7.033333333333333,,,,insightface_bbox,0.6431556940078735,122.75861358642578,611.6524658203125,826.722900390625,2410.12451171875,0,0,0,0,0,0,0,0,0,0,0,0,0.051681771874427795,0.03567833453416824,0.1660490781068802,0.052495166659355164,0.015499485656619072,0.03962695226073265,0.02295750193297863,0.055400967597961426,0.08685484528541565,0.06205223128199577,0.09609657526016235,0.09359009563922882
212,7.066666666666666,,,,insightface_bbox,0.6431556940078735,122.75861358642578,611.6524658203125,826.722900390625,2410.12451171875,0,0,0,0,0,0,0,0,0,0,0,0,0.05040822923183441,0.034104831516742706,0.16372711956501007,0.048376113176345825,0.015082618221640587,0.03870518505573273,0.02249566838145256,0.05379106476902962,0.08836355060338974,0.06169229745864868,0.09301410615444183,0.0880919024348259
213,7.1,,,,insightface_bbox,0.6431556940078735,122.75861358642578,611.6524658203125,826.722900390625,2410.12451171875,0,0,0,0,0,0,0,0,0,0,0,0,0.050616905093193054,0.03307732567191124,0.17352908849716187,0.04710301756858826,0.01417655497789383,0.037189289927482605,0.02007969096302986,0.05190388858318329,0.09400276839733124,0.061974409967660904,0.0888938382267952,0.08245591819286346
214,7.133333333333334,,,,insightface_bbox,0.6431556940078735,122.75861358642578,611.6524658203125,826.722900390625,2410.12451171875,0,0,0,0,0,0,0,0,0,0,0,0,0.050117067992687225,0.03128933161497116,0.18228206038475037,0.044381096959114075,0.013131956569850445,0.0357341542840004,0.020162109285593033,0.05264969915151596,0.09773623943328857,0.062109947204589844,0.08785350620746613,0.07972307503223419
215,7.166666666666667,,,,insightface_bbox,0.6431556940078735,122.75861358642578,611.6524658203125,826.722900390625,2410.12451171875,0,0,0,0,0,0,0,0,0,0,0,0,0.05172136798501015,0.030789654701948166,0.20086152851581573,0.043979525566101074,0.012902923859655857,0.03473241254687309,0.018310606479644775,0.05023550987243652,0.09576141089200974,0.0588371567428112,0.08763448894023895,0.07826202362775803
216,7.2,,,,insightface_bbox,0.6310272812843323,98.83721923828125,591.2601928710938,840.57080078125,2502.333251953125,0,0,0,0,0,0,0,0,0,0,0,0,0.06520501524209976,0.04215964674949646,0.17796552181243896,0.06613324582576752,0.012060943990945816,0.03172095865011215,0.016521232202649117,0.04855246841907501,0.09564967453479767,0.06586607545614243,0.058864910155534744,0.09218820184469223
217,7.233333333333333,,,,insightface_bbox,0.6310272812843323,98.83721923828125,591.2601928710938,840.57080078125,2502.333251953125,0,0,0,0,0,0,0,0,0,0,0,0,0.06450200825929642,0.04049650952219963,0.18306173384189606,0.062348008155822754,0.012198537588119507,0.032963890582323074,0.017038054764270782,0.048441655933856964,0.09453041851520538,0.0638442188501358,0.05959586054086685,0.0851687639951706
218,7.266666666666667,,,,insightface_bbox,0.6310272812843323,98.83721923828125,591.2601928710938,840.57080078125,2502.333251953125,0,0,0,0,0,0,0,0,0,0,0,0,0.06571350991725922,0.04239571839570999,0.15769514441490173,0.07083498686552048,0.013323463499546051,0.03445668891072273,0.022644449025392532,0.050649434328079224,0.0985601544380188,0.06641757488250732,0.05251134932041168,0.08076156675815582
219,7.3,,,,insightface_bbox,0.6310272812843323,98.83721923828125,591.2601928710938,840.57080078125,2502.333251953125,0,0,0,0,0,0,0,0,0,0,0,0,0.0572463795542717,0.037712354212999344,0.14069777727127075,0.05974217876791954,0.01294008083641529,0.03240996226668358,0.020841017365455627,0.045233894139528275,0.0968533605337143,0.0634750947356224,0.05123766511678696,0.08018504083156586
220,7.333333333333333,,,,insightface_bbox,0.6310272812843323,98.83721923828125,591.2601928710938,840.57080078125,2502.333251953125,0,0,0,0,0,0,0,0,0,0,0,0,0.05489366129040718,0.038704752922058105,0.1579916626214981,0.06689689308404922,0.015551220625638962,0.036964017897844315,0.024607742205262184,0.056299567222595215,0.09706394374370575,0.06813683360815048,0.06890605390071869,0.09385586529970169
221,7.366666666666666,,,,insightface_bbox,0.6310272812843323,98.83721923828125,591.2601928710938,840.57080078125,2502.333251953125,0,0,0,0,0,0,0,0,0,0,0,0,0.052388496696949005,0.035737503319978714,0.160523921251297,0.05728843808174133,0.01574266515672207,0.03651539236307144,0.02309614047408104,0.06134884059429169,0.10381479561328888,0.07146783173084259,0.06685373187065125,0.08990608900785446
222,7.4,,,,insightface_bbox,0.6630308628082275,100.51311492919922,633.420166015625,832.9280395507812,2440.49365234375,0,0,0,0,0,0,0,0,0,0,0,0,0.049132831394672394,0.032710686326026917,0.151508629322052,0.0471620187163353,0.015151831321418285,0.033833976835012436,0.022020772099494934,0.05257376283407211,0.08684706687927246,0.063579261302948,0.0673685297369957,0.08295068144798279
223,7.433333333333334,,,,insightface_bbox,0.6630308628082275,100.51311492919922,633.420166015625,832.9280395507812,2440.49365234375,0,0,0,0,0,0,0,0,0,0,0,0,0.04894181340932846,0.032790474593639374,0.1507347673177719,0.04968617111444473,0.015055030584335327,0.03268171846866608,0.020390843972563744,0.05210142582654953,0.08600014448165894,0.062190402299165726,0.05391737073659897,0.07422401010990143
224,7.466666666666667,,,,insightface_bbox,0.6630308628082275,100.51311492919922,633.420166015625,832.9280395507812,2440.49365234375,0,0,0,0,0,0,0,0,0,0,0,0,0.046818844974040985,0.029928844422101974,0.1509958952665329,0.04073625057935715,0.01394958421587944,0.031511519104242325,0.017478471621870995,0.050195906311273575,0.08732273429632187,0.06033136695623398,0.051430169492959976,0.07345228642225266
225,7.5,,,,insightface_bbox,0.6630308628082275,100.51311492919922,633.420166015625,832.9280395507812,2440.49365234375,0,0,0,0,0,0,0,0,0,0,0,0,0.04463035985827446,0.02745920978486538,0.15042974054813385,0.034696049988269806,0.012888297438621521,0.030177250504493713,0.015338951721787453,0.048050664365291595,0.08763264864683151,0.05928437411785126,0.04949352890253067,0.07151634991168976
226,7.533333333333333,,,,insightface_bbox,0.6630308628082275,100.51311492919922,633.420166015625,832.9280395507812,2440.49365234375,0,0,0,0,0,0,0,0,0,0,0,0,0.04859641566872597,0.030984751880168915,0.1664809137582779,0.0431063212454319,0.013157913461327553,0.03258208930492401,0.01676211878657341,0.04934855177998543,0.09204532951116562,0.06175651401281357,0.06065896153450012,0.08016055822372437
227,7.566666666666666,,,,insightface_bbox,0.6630308628082275,100.51311492919922,633.420166015625,832.9280395507812,2440.49365234375,0,0,0,0,0,0,0,0,0,0,0,0,0.05148026719689369,0.03264733776450157,0.17190510034561157,0.04507676512002945,0.013318046927452087,0.03261357918381691,0.017761355265975,0.05167033523321152,0.09676806628704071,0.06276338547468185,0.059077292680740356,0.0808502733707428
228,7.6,,,,insightface_bbox,0.6679991483688354,86.98451232910156,619.8740234375,819.57958984375,2466.71875,0,0,0,0,0,0,0,0,0,0,0,0,0.06223325431346893,0.039736583828926086,0.21091648936271667,0.06319598853588104,0.01416132040321827,0.03230419382452965,0.018294285982847214,0.05535198003053665,0.09581753611564636,0.06439768522977829,0.05685722827911377,0.08003483712673187
229,7.633333333333334,,,,insightface_bbox,0.6679991483688354,86.98451232910156,619.8740234375,819.57958984375,2466.71875,0,0,0,0,0,0,0,0,0,0,0,0,0.06087742745876312,0.03808865323662758,0.2278444766998291,0.057031065225601196,0.013722335919737816,0.033587127923965454,0.017262481153011322,0.05485745519399643,0.09125075489282608,0.06507319211959839,0.06031135469675064,0.08514745533466339
230,7.666666666666667,,,,insightface_bbox,0.6679991483688354,86.98451232910156,619.8740234375,819.57958984375,2466.71875,0,0,0,0,0,0,0,0,0,0,0,0,0.06544961035251617,0.043566085398197174,0.2328030914068222,0.07729435712099075,0.015952859073877335,0.03630988299846649,0.022377807646989822,0.05940396711230278,0.08687812089920044,0.06701885908842087,0.06520860642194748,0.0879843533039093
231,7.7,,,,insightface_bbox,0.6679991483688354,86.98451232910156,619.8740234375,819.57958984375,2466.71875,0,0,0,0,0,0,0,0,0,0,0,0,0.0672425851225853,0.04576755687594414,0.2582099139690399,0.08332382887601852,0.01719571463763714,0.039188362658023834,0.024917105212807655,0.06335864961147308,0.08797849714756012,0.06988197565078735,0.07288099825382233,0.09753712266683578
232,7.733333333333333,,,,insightface_bbox,0.6679991483688354,86.98451232910156,619.8740234375,819.57958984375,2466.71875,0,0,0,0,0,0,0,0,0,0,0,0,0.0671108290553093,0.04469707980751991,0.25637856125831604,0.07851780951023102,0.017191678285598755,0.03996989130973816,0.02633226104080677,0.06287046521902084,0.09180761128664017,0.07117386162281036,0.0710882619023323,0.09787693619728088
233,7.766666666666667,,,,insightface_bbox,0.6679991483688354,86.98451232910156,619.8740234375,819.57958984375,2466.71875,0,0,0,0,0,0,0,0,0,0,0,0,0.06834332644939423,0.04534485191106796,0.2488512098789215,0.08112240582704544,0.017130419611930847,0.03988301381468773,0.02688867785036564,0.06417787075042725,0.09116499871015549,0.07184985280036926,0.07040804624557495,0.09769565612077713
234,7.8,,,,insightface_bbox,0.649490475654602,112.94373321533203,617.9366455078125,812.8328247070312,2392.5400390625,0,0,0,0,0,0,0,0,0,0,0,0,0.05851311609148979,0.03648095950484276,0.2559814155101776,0.0519719272851944,0.015482873655855656,0.04200667142868042,0.0233176127076149,0.060851022601127625,0.09906592965126038,0.06260745972394943,0.10231715440750122,0.09546615928411484
235,7.833333333333333,,,,insightface_bbox,0.649490475654602,112.94373321533203,617.9366455078125,812.8328247070312,2392.5400390625,0,0,0,0,0,0,0,0,0,0,0,0,0.05701475217938423,0.03518284857273102,0.22753453254699707,0.04953959956765175,0.013724371790885925,0.040443237870931625,0.018669692799448967,0.05191246047616005,0.097815603017807,0.06118312105536461,0.09547456353902817,0.08757682144641876
236,7.866666666666666,,,,insightface_bbox,0.649490475654602,112.94373321533203,617.9366455078125,812.8328247070312,2392.5400390625,0,0,0,0,0,0,0,0,0,0,0,0,0.05398361012339592,0.03141854330897331,0.21816909313201904,0.04286026582121849,0.011600124649703503,0.03586214408278465,0.0168379507958889,0.0497993640601635,0.09817655384540558,0.05970844626426697,0.0897269994020462,0.07751233875751495
237,7.9,,,,insightface_bbox,0.649490475654602,112.94373321533203,617.9366455078125,812.8328247070312,2392.5400390625,0,0,0,0,0,0,0,0,0,0,0,0,0.05207996815443039,0.030084623023867607,0.2259095311164856,0.0399283729493618,0.011813304387032986,0.03454682603478432,0.01648108847439289,0.0484510101377964,0.09536905586719513,0.05590040236711502,0.09554118663072586,0.07664242386817932
238,7.933333333333334,,,,insightface_bbox,0.649490475654602,112.94373321533203,617.9366455078125,812.8328247070312,2392.5400390625,0,0,0,0,0,0,0,0,0,0,0,0,0.052909255027770996,0.03156166896224022,0.23095646500587463,0.043913327157497406,0.01259080320596695,0.036315422505140305,0.017429539933800697,0.05060839653015137,0.09228633344173431,0.05724308639764786,0.09828813374042511,0.07923480123281479
239,7.966666666666667,,,,insightface_bbox,0.649490475654602,112.94373321533203,617.9366455078125,812.8328247070312,2392.5400390625,0,0,0,0,0,0,0,0,0,0,0,0,0.05418097600340843,0.03218765929341316,0.22906148433685303,0.04481364041566849,0.012526290491223335,0.03729257360100746,0.018881209194660187,0.051128171384334564,0.0949634313583374,0.05925219878554344,0.09791867434978485,0.08105823397636414
240,8.0,,,,insightface_bbox,0.6696668863296509,93.31864929199219,627.2734985351562,819.4478149414062,2419.767333984375,0,0,0,0,0,0,0,0,0,0,0,0,0.05851195752620697,0.035266607999801636,0.1957695484161377,0.05290059372782707,0.012921962887048721,0.0328092947602272,0.01768454723060131,0.052460528910160065,0.09250672161579132,0.06410232931375504,0.05894571170210838,0.08092343062162399
241,8.033333333333333,,,,insightface_bbox,0.6696668863296509,93.31864929199219,627.2734985351562,819.4478149414062,2419.767333984375,0,0,0,0,0,0,0,0,0,0,0,0,0.06110280007123947,0.037568140774965286,0.18637707829475403,0.054344139993190765,0.013244489207863808,0.034396205097436905,0.01871243119239807,0.05285344272851944,0.09775038063526154,0.06588742882013321,0.06506924331188202,0.09045808762311935
242,8.066666666666666,,,,insightface_bbox,0.6696668863296509,93.31864929199219,627.2734985351562,819.4478149414062,2419.767333984375,0,0,0,0,0,0,0,0,0,0,0,0,0.06584285944700241,0.04115951806306839,0.19827289879322052,0.062376320362091064,0.013782493770122528,0.03556182235479355,0.018952379003167152,0.05478811264038086,0.0978383719921112,0.06675368547439575,0.06912089139223099,0.09643051773309708
243,8.1,,,,insightface_bbox,0.6696668863296509,93.31864929199219,627.2734985351562,819.4478149414062,2419.767333984375,0,0,0,0,0,0,0,0,0,0,0,0,0.07290183007717133,0.045849286019802094,0.20881357789039612,0.07165725529193878,0.013536293059587479,0.03632659837603569,0.02011972665786743,0.05686508119106293,0.10050326585769653,0.06562630087137222,0.07341620326042175,0.10611262917518616
244,8.133333333333333,,,,insightface_bbox,0.6696668863296509,93.31864929199219,627.2734985351562,819.4478149414062,2419.767333984375,0,0,0,0,0,0,0,0,0,0,0,0,0.07436175644397736,0.0472899004817009,0.20110493898391724,0.07738279551267624,0.013704590499401093,0.03713272511959076,0.0207260400056839,0.05517773702740669,0.0979856327176094,0.06544546037912369,0.07747858017683029,0.107148177921772
245,8.166666666666666,,,,insightface_bbox,0.6696668863296509,93.31864929199219,627.2734985351562,819.4478149414062,2419.767333984375,0,0,0,0,0,0,0,0,0,0,0,0,0.07791509479284286,0.04824094846844673,0.21541567146778107,0.07996596395969391,0.013862492516636848,0.03937319293618202,0.024574382230639458,0.05586946755647659,0.09818233549594879,0.06620307266712189,0.07929782569408417,0.10485896468162537
246,8.2,,,,insightface_bbox,0.6457043290138245,89.69408416748047,596.0512084960938,826.192626953125,2472.7275390625,0,0,0,0,0,0,0,0,0,0,0,0,0.07864781469106674,0.04950025677680969,0.3078598380088806,0.09299972653388977,0.01606662943959236,0.040697887539863586,0.023975767195224762,0.06242324411869049,0.0988386943936348,0.07399893552064896,0.10033179074525833,0.12027360498905182
247,8.233333333333333,,,,insightface_bbox,0.6457043290138245,89.69408416748047,596.0512084960938,826.192626953125,2472.7275390625,0,0,0,0,0,0,0,0,0,0,0,0,0.06606793403625488,0.04307360202074051,0.22776204347610474,0.0755804181098938,0.014331593178212643,0.036425188183784485,0.02096226066350937,0.05952679365873337,0.09704411029815674,0.06982476264238358,0.08444146066904068,0.10640784353017807
248,8.266666666666667,,,,insightface_bbox,0.6457043290138245,89.69408416748047,596.0512084960938,826.192626953125,2472.7275390625,0,0,0,0,0,0,0,0,0,0,0,0,0.06353506445884705,0.04214067384600639,0.2007918655872345,0.07346875965595245,0.014424491673707962,0.03557436913251877,0.02244172990322113,0.0617762953042984,0.10222785174846649,0.07284323871135712,0.07141949981451035,0.09916074573993683
249,8.3,,,,insightface_bbox,0.6457043290138245,89.69408416748047,596.0512084960938,826.192626953125,2472.7275390625,0,0,0,0,0,0,0,0,0,0,0,0,0.063807412981987,0.04151706025004387,0.2020283043384552,0.06958527863025665,0.014090393669903278,0.03444474935531616,0.0217173732817173,0.06096503138542175,0.10349572449922562,0.07298212498426437,0.0624847337603569,0.09307411313056946
250,8.333333333333334,,,,insightface_bbox,0.6457043290138245,89.69408416748047,596.0512084960938,826.192626953125,2472.7275390625,0,0,0,0,0,0,0,0,0,0,0,0,0.06917691975831985,0.04270264878869057,0.23018679022789001,0.06963060796260834,0.014125959947705269,0.03582240641117096,0.020691612735390663,0.059675395488739014,0.10696673393249512,0.07306107878684998,0.06919139623641968,0.09860523045063019
251,8.366666666666667,,,,insightface_bbox,0.6457043290138245,89.69408416748047,596.0512084960938,826.192626953125,2472.7275390625,0,0,0,0,0,0,0,0,0,0,0,0,0.07745691388845444,0.04895588755607605,0.23448088765144348,0.08345254510641098,0.014798115007579327,0.03893708437681198,0.023766634985804558,0.05964624881744385,0.10418175160884857,0.07038835436105728,0.07731166481971741,0.10430966317653656
252,8.4,,,,insightface_bbox,0.6500298380851746,89.33678436279297,604.548828125,822.7529296875,2435.756103515625,0,0,0,0,0,0,0,0,0,0,0,0,0.07693105936050415,0.04796915501356125,0.23154914379119873,0.08221736550331116,0.014746607281267643,0.03919588774442673,0.025708064436912537,0.05299444496631622,0.09227923303842545,0.06282548606395721,0.06591357290744781,0.08501429110765457
253,8.433333333333334,,,,insightface_bbox,0.6500298380851746,89.33678436279297,604.548828125,822.7529296875,2435.756103515625,0,0,0,0,0,0,0,0,0,0,0,0,0.07810293138027191,0.04860130697488785,0.23508623242378235,0.08700386434793472,0.015069838613271713,0.037855327129364014,0.023932237178087234,0.05182366445660591,0.08904900401830673,0.06211954355239868,0.06535149365663528,0.08467528969049454
254,8.466666666666667,,,,insightface_bbox,0.6500298380851746,89.33678436279297,604.548828125,822.7529296875,2435.756103515625,0,0,0,0,0,0,0,0,0,0,0,0,0.07466079294681549,0.04584622383117676,0.2376314252614975,0.0774383693933487,0.014864778146147728,0.03747604787349701,0.02387799136340618,0.051822807639837265,0.09044495224952698,0.061251938343048096,0.0627419650554657,0.0805387794971466
255,8.5,,,,insightface_bbox,0.6500298380851746,89.33678436279297,604.548828125,822.7529296875,2435.756103515625,0,0,0,0,0,0,0,0,0,0,0,0,0.07244173437356949,0.045457951724529266,0.22116678953170776,0.07427877932786942,0.014456350356340408,0.03752311319112778,0.024961324408650398,0.05492476746439934,0.09396348893642426,0.06446219235658646,0.06404119729995728,0.08543291687965393
256,8.533333333333333,,,,insightface_bbox,0.6500298380851746,89.33678436279297,604.548828125,822.7529296875,2435.756103515625,0,0,0,0,0,0,0,0,0,0,0,0,0.07474640756845474,0.0466906800866127,0.2321256697177887,0.07544919103384018,0.014636734500527382,0.03892834857106209,0.025901032611727715,0.061672598123550415,0.10497960448265076,0.07167251408100128,0.070358045399189,0.09479064494371414
257,8.566666666666666,,,,insightface_bbox,0.6500298380851746,89.33678436279297,604.548828125,822.7529296875,2435.756103515625,0,0,0,0,0,0,0,0,0,0,0,0,0.07223457098007202,0.045489728450775146,0.2311282604932785,0.07449713349342346,0.014054842293262482,0.03659534826874733,0.02094453014433384,0.060486823320388794,0.10023652762174606,0.06954891234636307,0.0663224533200264,0.09416884183883667
258,8.6,,,,insightface_bbox,0.6639999151229858,61.04328918457031,610.5770263671875,816.860107421875,2458.558837890625,0,0,0,0,0,0,0,0,0,0,0,0,0.06762097030878067,0.04690462350845337,0.26183566451072693,0.09385691583156586,0.015041975304484367,0.03558879345655441,0.02197483368217945,0.05692252889275551,0.09509772062301636,0.06659997999668121,0.07351098954677582,0.08813144266605377
259,8.633333333333333,,,,insightface_bbox,0.6639999151229858,61.04328918457031,610.5770263671875,816.860107421875,2458.558837890625,0,0,0,0,0,0,0,0,0,0,0,0,0.06299698352813721,0.04436388239264488,0.24899102747440338,0.08602171391248703,0.01498664915561676,0.03400370851159096,0.020082229748368263,0.05552509427070618,0.09303189069032669,0.06562290340662003,0.06795778125524521,0.09074762463569641
260,8.666666666666666,,,,insightface_bbox,0.6639999151229858,61.04328918457031,610.5770263671875,816.860107421875,2458.558837890625,0,0,0,0,0,0,0,0,0,0,0,0,0.06101350486278534,0.04144677892327309,0.25104713439941406,0.07638013362884521,0.014589337632060051,0.03397422283887863,0.018961826339364052,0.05290500819683075,0.0954151302576065,0.06517231464385986,0.06678576022386551,0.08959478884935379
261,8.7,,,,insightface_bbox,0.6639999151229858,61.04328918457031,610.5770263671875,816.860107421875,2458.558837890625,0,0,0,0,0,0,0,0,0,0,0,0,0.06627386063337326,0.04464668780565262,0.26382124423980713,0.08530068397521973,0.015627697110176086,0.037112586200237274,0.021312016993761063,0.05573510378599167,0.10033807903528214,0.07040556520223618,0.07540580630302429,0.0973207876086235
262,8.733333333333333,,,,insightface_bbox,0.6639999151229858,61.04328918457031,610.5770263671875,816.860107421875,2458.558837890625,0,0,0,0,0,0,0,0,0,0,0,0,0.07085074484348297,0.04916643351316452,0.30258357524871826,0.10243925452232361,0.016304466873407364,0.04006205499172211,0.02431659772992134,0.057252444326877594,0.09589000046253204,0.07010190188884735,0.08682160079479218,0.10709723830223083
263,8.766666666666667,,,,insightface_bbox,0.6639999151229858,61.04328918457031,610.5770263671875,816.860107421875,2458.558837890625,0,0,1,0,0,0,0,0,0,0,0,0,0.07324888557195663,0.05105186998844147,0.3220047950744629,0.11002960801124573,0.016320738941431046,0.04064024239778519,0.025263849645853043,0.055048711597919464,0.09278082847595215,0.06805746257305145,0.09220406413078308,0.10489752888679504
264,8.8,,,,insightface_bbox,0.6483166813850403,67.17440795898438,615.5833740234375,822.8599243164062,2398.9208984375,0,0,0,0,0,0,0,0,0,0,0,0,0.0740499421954155,0.05283945053815842,0.3049241900444031,0.1191646009683609,0.01755816675722599,0.042380280792713165,0.027205532416701317,0.05948434770107269,0.0975734293460846,0.07292703539133072,0.09756489843130112,0.11282728612422943
265,8.833333333333334,,,,insightface_bbox,0.6483166813850403,67.17440795898438,615.5833740234375,822.8599243164062,2398.9208984375,0,0,1,0,0,0,0,0,0,0,0,0,0.07057078182697296,0.04804183542728424,0.3108912408351898,0.09818237274885178,0.0159749835729599,0.03936406597495079,0.023731593042612076,0.05528389662504196,0.09606894105672836,0.06812401115894318,0.07797926664352417,0.09156201779842377
266,8.866666666666667,,,,insightface_bbox,0.6483166813850403,67.17440795898438,615.5833740234375,822.8599243164062,2398.9208984375,0,0,1,0,0,0,0,0,0,0,0,0,0.06952281296253204,0.04776759073138237,0.3132439851760864,0.09986889362335205,0.01649872027337551,0.039304785430431366,0.023864194750785828,0.053470052778720856,0.09113749861717224,0.06414304673671722,0.08693308383226395,0.0927552878856659
267,8.9,,,,insightface_bbox,0.6483166813850403,67.17440795898438,615.5833740234375,822.8599243164062,2398.9208984375,0,0,1,0,0,0,0,0,0,0,0,0,0.07172209024429321,0.050310976803302765,0.3330826759338379,0.1085340827703476,0.01597030647099018,0.038409292697906494,0.023019939661026,0.050862934440374374,0.08544564992189407,0.06136979162693024,0.0848352313041687,0.09422329068183899
268,8.933333333333334,,,,insightface_bbox,0.6483166813850403,67.17440795898438,615.5833740234375,822.8599243164062,2398.9208984375,0,0,1,0,0,0,0,0,0,0,0,0,0.07423321902751923,0.051449254155159,0.32462093234062195,0.1133827194571495,0.016430968418717384,0.039723947644233704,0.02438320778310299,0.05285574123263359,0.08708417415618896,0.06427639722824097,0.09228285402059555,0.10023772716522217
269,8.966666666666667,,,,insightface_bbox,0.6483166813850403,67.17440795898438,615.5833740234375,822.8599243164062,2398.9208984375,0,0,1,0,0,0,0,0,0,0,0,0,0.07967431098222733,0.0556427463889122,0.3323042392730713,0.12390881031751633,0.016830189153552055,0.04160544276237488,0.026888957247138023,0.05446479097008705,0.08828837424516678,0.0676945149898529,0.10052230209112167,0.11263488233089447
270,9.0,,,,insightface_bbox,0.654876708984375,96.14586639404297,621.4671020507812,836.1163330078125,2424.603271484375,0,0,0,0,0,0,0,0,0,0,0,0,0.07675762474536896,0.0494188517332077,0.24001790583133698,0.08572281152009964,0.014736682176589966,0.03838641569018364,0.022845212370157242,0.050893668085336685,0.09612968564033508,0.06523792445659637,0.07555752247571945,0.09867197275161743
271,9.033333333333333,,,,insightface_bbox,0.654876708984375,96.14586639404297,621.4671020507812,836.1163330078125,2424.603271484375,0,0,0,0,0,0,0,0,0,0,0,0,0.07186877727508545,0.04525289684534073,0.21256588399410248,0.07716144621372223,0.014205886982381344,0.03596212714910507,0.02011876367032528,0.050796572118997574,0.09316162765026093,0.0643502026796341,0.06943061947822571,0.09458987414836884
272,9.066666666666666,,,,insightface_bbox,0.654876708984375,96.14586639404297,621.4671020507812,836.1163330078125,2424.603271484375,0,0,0,0,0,0,0,0,0,0,0,0,0.0689288005232811,0.04318995028734207,0.20470745861530304,0.07037833333015442,0.014304051175713539,0.035818468779325485,0.02058391645550728,0.053763486444950104,0.09918563067913055,0.06726795434951782,0.06844677776098251,0.09700809419155121
273,9.1,,,,insightface_bbox,0.654876708984375,96.14586639404297,621.4671020507812,836.1163330078125,2424.603271484375,0,0,0,0,0,0,0,0,0,0,0,0,0.06383340060710907,0.040290724486112595,0.1911448836326599,0.06379948556423187,0.013679081574082375,0.034655310213565826,0.018825029954314232,0.052859626710414886,0.101951465010643,0.06886393576860428,0.06798458099365234,0.09561389684677124
274,9.133333333333333,,,,insightface_bbox,0.654876708984375,96.14586639404297,621.4671020507812,836.1163330078125,2424.603271484375,0,0,0,0,0,0,0,0,0,0,0,0,0.06071482598781586,0.03878951817750931,0.1847860962152481,0.058283399790525436,0.013029966503381729,0.0329197496175766,0.017204435542225838,0.049717992544174194,0.10165980458259583,0.06725871562957764,0.06476881355047226,0.09460609406232834
275,9.166666666666666,,,,insightface_bbox,0.654876708984375,96.14586639404297,621.4671020507812,836.1163330078125,2424.603271484375,0,0,0,0,0,0,0,0,0,0,0,0,0.05980588495731354,0.0384930744767189,0.17630141973495483,0.059479136019945145,0.012899973429739475,0.03207419067621231,0.01685524359345436,0.04863075911998749,0.10040788352489471,0.06723473221063614,0.06075536832213402,0.08809855580329895
276,9.2,,,,insightface_bbox,0.6506568789482117,88.08757781982422,629.4702758789062,829.1864013671875,2458.901123046875,0,0,0,0,0,0,0,0,0,0,0,0,0.06033281236886978,0.03861462324857712,0.1986105740070343,0.06558005511760712,0.013124451041221619,0.0323532372713089,0.016980784013867378,0.049263931810855865,0.0960705354809761,0.06403182446956635,0.06605499982833862,0.08818934857845306
277,9.233333333333333,,,,insightface_bbox,0.6506568789482117,88.08757781982422,629.4702758789062,829.1864013671875,2458.901123046875,0,0,0,0,0,0,0,0,0,0,0,0,0.06238939240574837,0.041324831545352936,0.23338861763477325,0.07256309688091278,0.013893818482756615,0.03430257737636566,0.01842714473605156,0.0525800958275795,0.09575976431369781,0.06670606136322021,0.06862624734640121,0.08956180512905121
278,9.266666666666667,,,,insightface_bbox,0.6506568789482117,88.08757781982422,629.4702758789062,829.1864013671875,2458.901123046875,0,0,0,0,0,0,0,0,0,0,0,0,0.06691709905862808,0.04629582166671753,0.26202791929244995,0.08965551108121872,0.01529311016201973,0.036443330347537994,0.020211972296237946,0.05764150619506836,0.0944242998957634,0.06735550612211227,0.0786052718758583,0.09491084516048431
279,9.3,,,,insightface_bbox,0.6506568789482117,88.08757781982422,629.4702758789062,829.1864013671875,2458.901123046875,0,0,0,0,0,0,0,0,0,0,0,0,0.06989593803882599,0.04685906693339348,0.2993985116481781,0.0896064043045044,0.015442357398569584,0.038630321621894836,0.021424613893032074,0.05939842015504837,0.09803488105535507,0.07061216980218887,0.08259822428226471,0.09919646382331848
280,9.333333333333334,,,,insightface_bbox,0.6506568789482117,88.08757781982422,629.4702758789062,829.1864013671875,2458.901123046875,0,0,0,0,0,0,0,0,0,0,0,0,0.0689285397529602,0.04621561989188194,0.26640966534614563,0.09131602942943573,0.014777220785617828,0.03757799044251442,0.02020530216395855,0.05491207540035248,0.09453348815441132,0.06764549762010574,0.08014051616191864,0.0966852456331253
281,9.366666666666667,,,,insightface_bbox,0.6506568789482117,88.08757781982422,629.4702758789062,829.1864013671875,2458.901123046875,0,0,0,0,0,0,0,0,0,0,0,0,0.07229798287153244,0.048680271953344345,0.2634256184101105,0.09858806431293488,0.015091375447809696,0.03837788105010986,0.020259486511349678,0.0543169230222702,0.09521692246198654,0.06695683300495148,0.07981844991445541,0.09843435138463974
282,9.4,,,,insightface_bbox,0.6649571657180786,95.65796661376953,637.807861328125,811.5982666015625,2424.918701171875,0,0,0,0,0,0,0,0,0,0,0,0,0.05292842537164688,0.032181184738874435,0.19232338666915894,0.04897058755159378,0.012209370732307434,0.03190132975578308,0.014938613399863243,0.043039388954639435,0.08670411258935928,0.05235375836491585,0.06574459373950958,0.07027596980333328
283,9.433333333333334,,,,insightface_bbox,0.6649571657180786,95.65796661376953,637.807861328125,811.5982666015625,2424.918701171875,0,0,0,0,0,0,0,0,0,0,0,0,0.06389403343200684,0.03858240693807602,0.23952579498291016,0.06279212236404419,0.014318251051008701,0.03586742654442787,0.016980212181806564,0.048373691737651825,0.08796758204698563,0.057069145143032074,0.08202362805604935,0.08594930171966553
284,9.466666666666667,,,,insightface_bbox,0.6649571657180786,95.65796661376953,637.807861328125,811.5982666015625,2424.918701171875,0,0,0,0,0,0,0,0,0,0,0,0,0.0647609531879425,0.039096806198358536,0.2238057553768158,0.062209755182266235,0.014401356689631939,0.035638272762298584,0.016987420618534088,0.04801038280129433,0.08706095814704895,0.05635244399309158,0.08447673171758652,0.0880075991153717
285,9.5,,,,insightface_bbox,0.6649571657180786,95.65796661376953,637.807861328125,811.5982666015625,2424.918701171875,0,0,0,0,0,0,0,0,0,0,0,0,0.06424660235643387,0.03873741626739502,0.22889123857021332,0.06102904677391052,0.014440590515732765,0.03561142459511757,0.016858192160725594,0.04835633561015129,0.0858687311410904,0.0557369701564312,0.08367948234081268,0.08630120009183884
286,9.533333333333333,,,,insightface_bbox,0.6649571657180786,95.65796661376953,637.807861328125,811.5982666015625,2424.918701171875,0,0,0,0,0,0,0,0,0,0,0,0,0.06513407826423645,0.039615560322999954,0.24561607837677002,0.06353288143873215,0.014839667826890945,0.035945434123277664,0.017465777695178986,0.048464465886354446,0.08466950058937073,0.05583479255437851,0.08318822085857391,0.0857364758849144
287,9.566666666666666,,,,insightface_bbox,0.6649571657180786,95.65796661376953,637.807861328125,811.5982666015625,2424.918701171875,0,0,0,0,0,0,0,0,0,0,0,0,0.06516777724027634,0.039704710245132446,0.2477041780948639,0.06444747745990753,0.01498638466000557,0.03633003681898117,0.01782068982720375,0.04987338185310364,0.08399248123168945,0.056533921509981155,0.08609741181135178,0.08727140724658966
288,9.6,,,,insightface_bbox,0.6422222852706909,91.11494445800781,634.0931396484375,817.0377807617188,2382.977783203125,0,0,0,0,0,0,0,0,0,0,0,0,0.062492504715919495,0.03679359704256058,0.22701077163219452,0.057321496307849884,0.013554297387599945,0.032243967056274414,0.017723023891448975,0.046965278685092926,0.07986539602279663,0.05402790755033493,0.06649386882781982,0.07603327929973602
289,9.633333333333333,,,,insightface_bbox,0.6422222852706909,91.11494445800781,634.0931396484375,817.0377807617188,2382.977783203125,0,0,0,0,0,0,0,0,0,0,0,0,0.06823518872261047,0.039870209991931915,0.26571086049079895,0.06193056330084801,0.014734532684087753,0.03554702550172806,0.019487343728542328,0.04945533350110054,0.08398200571537018,0.05842122435569763,0.07557477802038193,0.08443231880664825
290,9.666666666666666,,,,insightface_bbox,0.6422222852706909,91.11494445800781,634.0931396484375,817.0377807617188,2382.977783203125,0,0,1,0,0,0,0,0,0,0,0,0,0.06876145303249359,0.04019227623939514,0.28628653287887573,0.06208926811814308,0.014840345829725266,0.03600672632455826,0.019564302638173103,0.04983261600136757,0.0822565034031868,0.0568111427128315,0.078529492020607,0.08200077712535858
291,9.7,,,,insightface_bbox,0.6422222852706909,91.11494445800781,634.0931396484375,817.0377807617188,2382.977783203125,0,0,0,0,0,0,0,0,0,0,0,0,0.06857546418905258,0.04006980359554291,0.2906824052333832,0.06289637088775635,0.014810137450695038,0.0348849892616272,0.019294971600174904,0.05133567005395889,0.08188281953334808,0.055485595017671585,0.0785483717918396,0.08037023991346359
292,9.733333333333333,,,,insightface_bbox,0.6422222852706909,91.11494445800781,634.0931396484375,817.0377807617188,2382.977783203125,0,0,1,0,0,0,0,0,0,0,0,0,0.06662809103727341,0.03721184283494949,0.2906642556190491,0.05589460954070091,0.013282928615808487,0.032394737005233765,0.01717488281428814,0.04858832061290741,0.08034456521272659,0.05392054468393326,0.07300198823213577,0.07747356593608856
293,9.766666666666667,,,,insightface_bbox,0.6422222852706909,91.11494445800781,634.0931396484375,817.0377807617188,2382.977783203125,0,0,1,0,0,0,0,0,0,0,0,0,0.06398038566112518,0.0366256982088089,0.2862626910209656,0.05565940961241722,0.012389729730784893,0.0307295098900795,0.015257884748280048,0.04302384704351425,0.07628858834505081,0.04984435439109802,0.0686132088303566,0.07593034207820892
294,9.8,,,,insightface_bbox,0.6590211391448975,64.1482162475586,630.9260864257812,813.3589477539062,2418.306640625,0,0,0,0,0,0,0,0,0,0,0,0,0.07087655365467072,0.046487826853990555,0.26291921734809875,0.08471518754959106,0.014273403212428093,0.03415655344724655,0.018811460584402084,0.052058715373277664,0.09459029138088226,0.06297587603330612,0.0697232186794281,0.09445798397064209
295,9.833333333333334,,,,insightface_bbox,0.6590211391448975,64.1482162475586,630.9260864257812,813.3589477539062,2418.306640625,0,0,0,0,0,0,0,0,0,0,0,0,0.06581832468509674,0.043190114200115204,0.23824962973594666,0.07521449029445648,0.013330232352018356,0.03209574893116951,0.017500128597021103,0.05031786486506462,0.09149882197380066,0.060165781527757645,0.06515640020370483,0.08713874220848083
296,9.866666666666667,,,,insightface_bbox,0.6590211391448975,64.1482162475586,630.9260864257812,813.3589477539062,2418.306640625,0,0,0,0,0,0,0,0,0,0,0,0,0.06804599612951279,0.044621795415878296,0.24474172294139862,0.0786912813782692,0.013519875705242157,0.03256569057703018,0.017444105818867683,0.05073949694633484,0.09263820201158524,0.06062474474310875,0.0669998824596405,0.09047166258096695
297,9.9,,,,insightface_bbox,0.6590211391448975,64.1482162475586,630.9260864257812,813.3589477539062,2418.306640625,0,0,0,0,0,0,0,0,0,0,0,0,0.06805918365716934,0.044606491923332214,0.23253357410430908,0.07885057479143143,0.014186972752213478,0.03396228328347206,0.01910100318491459,0.053254663944244385,0.09512948989868164,0.06316657364368439,0.06783540546894073,0.09575553983449936
298,9.933333333333334,,,,insightface_bbox,0.6590211391448975,64.1482162475586,630.9260864257812,813.3589477539062,2418.306640625,0,0,0,0,0,0,0,0,0,0,0,0,0.07088667899370193,0.04581597447395325,0.2433786541223526,0.08289631456136703,0.014774903655052185,0.036078646779060364,0.020231420174241066,0.05542134866118431,0.09736193716526031,0.06509831547737122,0.07508336752653122,0.10397221148014069
299,9.966666666666667,,,,insightface_bbox,0.6590211391448975,64.1482162475586,630.9260864257812,813.3589477539062,2418.306640625,0,0,0,0,0,0,0,0,0,0,0,0,0.06839226186275482,0.04630778729915619,0.24721688032150269,0.08896872401237488,0.014609183184802532,0.035361241549253464,0.018739480525255203,0.05168557167053223,0.0907946303486824,0.06195646524429321,0.07946529239416122,0.1007746160030365
300,10.0,,,,insightface_bbox,0.6646832227706909,80.1382064819336,627.5078735351562,819.7588500976562,2398.19482421875,0,0,0,0,0,0,0,0,0,0,0,0,0.061912331730127335,0.042089615017175674,0.18963366746902466,0.07063418626785278,0.012334938161075115,0.03108661249279976,0.017195463180541992,0.04595326632261276,0.07569635659456253,0.05382385477423668,0.0659090131521225,0.08179573714733124
301,10.033333333333333,,,,insightface_bbox,0.6646832227706909,80.1382064819336,627.5078735351562,819.7588500976562,2398.19482421875,0,0,0,0,0,0,0,0,0,0,0,0,0.06071774289011955,0.041503362357616425,0.18299712240695953,0.06821442395448685,0.012281685136258602,0.03057991899549961,0.016705092042684555,0.04590719938278198,0.07725339382886887,0.05439088121056557,0.06405244022607803,0.0818166434764862
302,10.066666666666666,,,,insightface_bbox,0.6646832227706909,80.1382064819336,627.5078735351562,819.7588500976562,2398.19482421875,0,0,0,0,0,0,0,0,0,0,0,0,0.06174696981906891,0.04246934503316879,0.18746843934059143,0.07104611396789551,0.012705222703516483,0.031434882432222366,0.01727684959769249,0.04712362587451935,0.08029772341251373,0.05544636398553848,0.06751237064599991,0.08466869592666626
303,10.1,,,,insightface_bbox,0.6646832227706909,80.1382064819336,627.5078735351562,819.7588500976562,2398.19482421875,0,0,0,0,0,0,0,0,0,0,0,0,0.06413836777210236,0.04503795504570007,0.21174535155296326,0.07965356856584549,0.01296999491751194,0.0318879708647728,0.016845522448420525,0.0468783974647522,0.07517458498477936,0.05295959860086441,0.07331224530935287,0.08478613197803497
304,10.133333333333333,,,,insightface_bbox,0.6646832227706909,80.1382064819336,627.5078735351562,819.7588500976562,2398.19482421875,0,0,0,0,0,0,0,0,0,0,0,0,0.061326853930950165,0.04213413596153259,0.19363939762115479,0.07604991644620895,0.012334099970757961,0.02983512543141842,0.015685612335801125,0.045045383274555206,0.07093831151723862,0.051139168441295624,0.06692535430192947,0.07710324227809906
305,10.166666666666666,,,,insightface_bbox,0.6646832227706909,80.1382064819336,627.5078735351562,819.7588500976562,2398.19482421875,0,0,0,0,0,0,0,0,0,0,0,0,0.060608357191085815,0.040508467704057693,0.1932641565799713,0.06982830166816711,0.012076170183718204,0.029109209775924683,0.015330888330936432,0.04304182529449463,0.0679398626089096,0.04985622316598892,0.05717189610004425,0.0693177878856659
306,10.2,,,,insightface_bbox,0.659288227558136,74.0189437866211,612.6781616210938,828.5784301757812,2403.65869140625,0,0,0,0,0,0,0,0,0,0,0,0,0.06760198622941971,0.04883299767971039,0.2798607051372528,0.1069788932800293,0.014266996644437313,0.03370065987110138,0.01813427358865738,0.04568684101104736,0.07505011558532715,0.05401032418012619,0.0875924602150917,0.0887642353773117
307,10.233333333333333,,,,insightface_bbox,0.659288227558136,74.0189437866211,612.6781616210938,828.5784301757812,2403.65869140625,0,0,0,0,0,0,0,0,0,0,0,0,0.07656465470790863,0.05592361092567444,0.28680336475372314,0.12497520446777344,0.015360221266746521,0.037303484976291656,0.02120363526046276,0.04901662841439247,0.08019200712442398,0.0592728890478611,0.10644256323575974,0.10521047562360764
308,10.266666666666667,,,,insightface_bbox,0.659288227558136,74.0189437866211,612.6781616210938,828.5784301757812,2403.65869140625,0,0,0,0,0,0,0,0,0,0,0,0,0.07010012120008469,0.05161359906196594,0.297953337430954,0.11714824289083481,0.014597559347748756,0.03602341562509537,0.019748765975236893,0.04858022183179855,0.07581546157598495,0.056247271597385406,0.09533503651618958,0.0949554294347763
309,10.3,,,,insightface_bbox,0.659288227558136,74.0189437866211,612.6781616210938,828.5784301757812,2403.65869140625,0,0,0,0,0,0,0,0,0,0,0,0,0.07145103812217712,0.052546605467796326,0.2962203621864319,0.12061505764722824,0.014613372273743153,0.036802828311920166,0.02048487216234207,0.04991921782493591,0.07827730476856232,0.058072280138731,0.1020808145403862,0.09755121171474457
310,10.333333333333334,,,,insightface_bbox,0.659288227558136,74.0189437866211,612.6781616210938,828.5784301757812,2403.65869140625,0,0,0,0,0,0,0,0,0,0,0,0,0.07046294212341309,0.051656968891620636,0.29567694664001465,0.11676923930644989,0.01438941340893507,0.03678693249821663,0.020470190793275833,0.05008213222026825,0.07854969054460526,0.05828680470585823,0.09966263175010681,0.09601321816444397
311,10.366666666666667,,,,insightface_bbox,0.659288227558136,74.0189437866211,612.6781616210938,828.5784301757812,2403.65869140625,0,0,0,0,0,0,0,0,0,0,0,0,0.06579764932394028,0.04909322038292885,0.28480374813079834,0.1127144992351532,0.01396763976663351,0.03454478085041046,0.01874818094074726,0.046112723648548126,0.07374531030654907,0.053556863218545914,0.08514270186424255,0.08484040200710297
312,10.4,,,,insightface_bbox,0.6623529195785522,70.49053192138672,639.1407470703125,825.2503662109375,2369.701904296875,0,0,0,0,0,0,0,0,0,0,0,0,0.0659656673669815,0.047211721539497375,0.2838026285171509,0.10636527091264725,0.013683851808309555,0.03259433060884476,0.01699034869670868,0.04340782389044762,0.0727866142988205,0.05129258707165718,0.08410536497831345,0.08153119683265686
313,10.433333333333334,,,,insightface_bbox,0.6623529195785522,70.49053192138672,639.1407470703125,825.2503662109375,2369.701904296875,0,0,0,0,0,0,0,0,0,0,0,0,0.06710082292556763,0.04759250581264496,0.2601412534713745,0.10305732488632202,0.015343895182013512,0.033976729959249496,0.018723543733358383,0.04486801102757454,0.0749310702085495,0.05406787991523743,0.0801728218793869,0.0836915671825409
314,10.466666666666667,,,,insightface_bbox,0.6623529195785522,70.49053192138672,639.1407470703125,825.2503662109375,2369.701904296875,0,0,0,0,0,0,0,0,0,0,0,0,0.064014732837677,0.04542503505945206,0.24865923821926117,0.09256426244974136,0.014788451604545116,0.03343702107667923,0.01820596680045128,0.04366279020905495,0.07684326171875,0.05353592336177826,0.07488037645816803,0.08194787800312042
315,10.5,,,,insightface_bbox,0.6623529195785522,70.49053192138672,639.1407470703125,825.2503662109375,2369.701904296875,0,0,0,0,0,0,0,0,0,0,0,0,0.06402244418859482,0.04608935862779617,0.26129254698753357,0.08965148776769638,0.014931157231330872,0.035600099712610245,0.019801605492830276,0.046480823308229446,0.0826805830001831,0.05707086622714996,0.07912611961364746,0.09126743674278259
316,10.533333333333333,,,,insightface_bbox,0.6623529195785522,70.49053192138672,639.1407470703125,825.2503662109375,2369.701904296875,0,0,0,0,0,0,0,0,0,0,0,0,0.06228497251868248,0.04528522491455078,0.21947073936462402,0.08684401214122772,0.013833662495017052,0.034940965473651886,0.01819215901196003,0.047896333038806915,0.08376934379339218,0.05901563540101051,0.08366182446479797,0.09549938887357712
317,10.566666666666666,,,,insightface_bbox,0.6623529195785522,70.49053192138672,639.1407470703125,825.2503662109375,2369.701904296875,0,0,0,0,0,0,0,0,0,0,0,0,0.05581049248576164,0.039690252393484116,0.18748022615909576,0.06880679726600647,0.01242282334715128,0.03233420103788376,0.016307279467582703,0.04515639692544937,0.08710768073797226,0.05920197069644928,0.07524289935827255,0.08872677385807037
318,10.6,,,,insightface_bbox,0.6493447422981262,52.20602035522461,613.8594970703125,837.07080078125,2444.2041015625,0,0,0,0,0,0,0,0,0,0,0,0,0.06569406390190125,0.04652243107557297,0.204303577542305,0.09258352220058441,0.013844659551978111,0.0318838432431221,0.018154436722397804,0.047611840069293976,0.08271575719118118,0.05655834078788757,0.048064716160297394,0.06946209073066711
319,10.633333333333333,,,,insightface_bbox,0.6493447422981262,52.20602035522461,613.8594970703125,837.07080078125,2444.2041015625,0,0,0,0,0,0,0,0,0,0,0,0,0.06128368526697159,0.04292590543627739,0.18516167998313904,0.08095536381006241,0.013494297862052917,0.029924549162387848,0.018008917570114136,0.044957343488931656,0.08210834115743637,0.05368712916970253,0.04330475255846977,0.0643216148018837
320,10.666666666666666,,,,insightface_bbox,0.6493447422981262,52.20602035522461,613.8594970703125,837.07080078125,2444.2041015625,0,0,0,0,0,0,0,0,0,0,0,0,0.06047716364264488,0.043185535818338394,0.1883557289838791,0.07898468524217606,0.013799414038658142,0.031272776424884796,0.018558910116553307,0.047975748777389526,0.0875236764550209,0.055068809539079666,0.04443753510713577,0.06732157617807388
321,10.7,,,,insightface_bbox,0.6493447422981262,52.20602035522461,613.8594970703125,837.07080078125,2444.2041015625,0,0,0,0,0,0,0,0,0,0,0,0,0.06496205925941467,0.045419372618198395,0.1820055991411209,0.08203859627246857,0.015043811872601509,0.035778775811195374,0.023712141439318657,0.0525871142745018,0.0969710573554039,0.06402353197336197,0.05621413141489029,0.08083783090114594
322,10.733333333333333,,,,insightface_bbox,0.6493447422981262,52.20602035522461,613.8594970703125,837.07080078125,2444.2041015625,0,0,0,0,0,0,0,0,0,0,0,0,0.0744774341583252,0.05781281366944313,0.18832361698150635,0.13168959319591522,0.01855449378490448,0.03890954330563545,0.02530406042933464,0.057011015713214874,0.08327145874500275,0.05783262848854065,0.061342451721429825,0.07820010930299759
323,10.766666666666667,,,,insightface_bbox,0.6493447422981262,52.20602035522461,613.8594970703125,837.07080078125,2444.2041015625,0,0,0,0,0,0,0,0,0,0,0,0,0.0802593007683754,0.060971468687057495,0.19789811968803406,0.15181827545166016,0.019794467836618423,0.03872409090399742,0.025560351088643074,0.056428126990795135,0.0826496034860611,0.05787903815507889,0.05849447846412659,0.07082130014896393
324,10.8,,,,insightface_bbox,0.63838791847229,98.68091583251953,642.9263305664062,824.264404296875,2381.1142578125,0,0,0,0,0,0,0,0,0,0,0,0,0.05337169021368027,0.03516845777630806,0.15878243744373322,0.053674597293138504,0.011793332174420357,0.03333904594182968,0.015006853267550468,0.04767649248242378,0.08285842090845108,0.05693540722131729,0.09654702246189117,0.09486030787229538
325,10.833333333333334,,,,insightface_bbox,0.63838791847229,98.68091583251953,642.9263305664062,824.264404296875,2381.1142578125,0,0,0,0,0,0,0,0,0,0,0,0,0.05481946840882301,0.03720153868198395,0.16944265365600586,0.05959416925907135,0.01330720167607069,0.034912750124931335,0.016967345029115677,0.047750066965818405,0.07712394744157791,0.05650370568037033,0.11264395713806152,0.10081641376018524
326,10.866666666666667,,,,insightface_bbox,0.63838791847229,98.68091583251953,642.9263305664062,824.264404296875,2381.1142578125,0,0,0,0,0,0,0,0,0,0,0,0,0.059128087013959885,0.039948441088199615,0.17659755051136017,0.06726877391338348,0.013278267346322536,0.035722516477108,0.017300035804510117,0.05134119093418121,0.08100007474422455,0.05892860144376755,0.0919291228055954,0.10014486312866211
327,10.9,,,,insightface_bbox,0.63838791847229,98.68091583251953,642.9263305664062,824.264404296875,2381.1142578125,0,0,0,0,0,0,0,0,0,0,0,0,0.05716456472873688,0.03781994804739952,0.1678825318813324,0.061694126576185226,0.012812810018658638,0.035653211176395416,0.01633627712726593,0.04821459949016571,0.08187395334243774,0.057306963950395584,0.09161915630102158,0.09548232704401016
328,10.933333333333334,,,,insightface_bbox,0.63838791847229,98.68091583251953,642.9263305664062,824.264404296875,2381.1142578125,0,0,0,0,0,0,0,0,0,0,0,0,0.05288095027208328,0.03522001579403877,0.14310301840305328,0.05380423367023468,0.01246789563447237,0.033985547721385956,0.01551823504269123,0.045744381844997406,0.07844792306423187,0.05441718548536301,0.08434966951608658,0.08621013909578323
329,10.966666666666667,,,,insightface_bbox,0.63838791847229,98.68091583251953,642.9263305664062,824.264404296875,2381.1142578125,0,0,0,0,0,0,0,0,0,0,0,0,0.05752824619412422,0.03683336451649666,0.16777780652046204,0.05844884365797043,0.01292404718697071,0.035099372267723083,0.014957878738641739,0.04906868189573288,0.08658892661333084,0.05724303051829338,0.07924038171768188,0.08917713165283203
330,11.0,,,,insightface_bbox,0.6525649428367615,82.23714447021484,600.1746215820312,833.267822265625,2490.130859375,0,0,1,0,0,0,0,0,0,0,0,0,0.052653755992650986,0.031016571447253227,0.2475651353597641,0.04643622785806656,0.010739624500274658,0.02919531986117363,0.01139567606151104,0.040878064930438995,0.07831074297428131,0.05303800851106644,0.06184606999158859,0.06838850677013397
331,11.033333333333333,,,,insightface_bbox,0.6525649428367615,82.23714447021484,600.1746215820312,833.267822265625,2490.130859375,0,0,1,0,0,0,0,0,0,0,0,0,0.05178557336330414,0.029666535556316376,0.23831897974014282,0.04423096403479576,0.010314935818314552,0.02798996865749359,0.011526262387633324,0.038975559175014496,0.078939288854599,0.05274246633052826,0.06177056208252907,0.0681694895029068
332,11.066666666666666,,,,insightface_bbox,0.6525649428367615,82.23714447021484,600.1746215820312,833.267822265625,2490.130859375,0,0,1,0,0,0,0,0,0,0,0,0,0.053346216678619385,0.03207370266318321,0.25718000531196594,0.05027242377400398,0.011392353102564812,0.029643259942531586,0.011897333897650242,0.041679996997117996,0.07602999359369278,0.05358794704079628,0.06216472014784813,0.06944262981414795
333,11.1,,,,insightface_bbox,0.6525649428367615,82.23714447021484,600.1746215820312,833.267822265625,2490.130859375,0,0,0,0,0,0,0,0,0,0,0,0,0.06684164702892303,0.04449443891644478,0.29343757033348083,0.08490680903196335,0.015599923208355904,0.03764978051185608,0.015554525889456272,0.050988662987947464,0.07952408492565155,0.057261329144239426,0.08827386796474457,0.09491550922393799
334,11.133333333333333,,,,insightface_bbox,0.6525649428367615,82.23714447021484,600.1746215820312,833.267822265625,2490.130859375,0,0,0,0,0,0,0,0,0,0,0,0,0.06739246845245361,0.04475078731775284,0.24130773544311523,0.08030340820550919,0.01715432107448578,0.04098592326045036,0.017361294478178024,0.05607915669679642,0.08916101604700089,0.06335600465536118,0.09547288715839386,0.1032172441482544
335,11.166666666666666,,,,insightface_bbox,0.6525649428367615,82.23714447021484,600.1746215820312,833.267822265625,2490.130859375,0,0,0,0,0,0,0,0,0,0,0,0,0.06412212550640106,0.043248340487480164,0.20815692842006683,0.07426377385854721,0.0173132736235857,0.03910418972373009,0.016833238303661346,0.055163320153951645,0.08952847123146057,0.06256964802742004,0.09265575557947159,0.09946867823600769
336,11.2,,,,insightface_bbox,0.6238385438919067,98.70079040527344,598.476318359375,836.2743530273438,2477.64111328125,0,0,0,0,0,0,0,0,0,0,0,0,0.05774778127670288,0.03951254487037659,0.21797685325145721,0.06010393053293228,0.01759112812578678,0.03912945091724396,0.017107030376791954,0.06169173866510391,0.09081586450338364,0.06703832000494003,0.09453895688056946,0.11015602946281433
337,11.233333333333333,,,,insightface_bbox,0.6238385438919067,98.70079040527344,598.476318359375,836.2743530273438,2477.64111328125,0,0,0,0,0,0,0,0,0,0,0,0,0.06068132072687149,0.04074991121888161,0.2215045541524887,0.06568512320518494,0.01682049036026001,0.038100965321063995,0.016589181497693062,0.05999363213777542,0.08866704255342484,0.06635648012161255,0.0893576517701149,0.10746563971042633
338,11.266666666666667,,,,insightface_bbox,0.6238385438919067,98.70079040527344,598.476318359375,836.2743530273438,2477.64111328125,0,0,0,0,0,0,0,0,0,0,0,0,0.06095435470342636,0.04170333594083786,0.2155192792415619,0.06647166609764099,0.017312971875071526,0.038952313363552094,0.017240043729543686,0.06175240874290466,0.08957774937152863,0.06724033504724503,0.0915970504283905,0.1096668466925621
339,11.3,,,,insightface_bbox,0.6238385438919067,98.70079040527344,598.476318359375,836.2743530273438,2477.64111328125,0,0,0,0,0,0,0,0,0,0,0,0,0.06125012785196304,0.04150862246751785,0.21957053244113922,0.06683684140443802,0.017419777810573578,0.03931482136249542,0.01710197515785694,0.06073230504989624,0.08907199651002884,0.06669438630342484,0.09626223891973495,0.10662179440259933
340,11.333333333333334,,,,insightface_bbox,0.6238385438919067,98.70079040527344,598.476318359375,836.2743530273438,2477.64111328125,0,0,0,0,0,0,0,0,0,0,0,0,0.056378401815891266,0.03826469928026199,0.20496608316898346,0.058414705097675323,0.016399281099438667,0.03843321651220322,0.01631765253841877,0.058830250054597855,0.08912248909473419,0.06507809460163116,0.09847673773765564,0.10381907969713211
341,11.366666666666667,,,,insightface_bbox,0.6238385438919067,98.70079040527344,598.476318359375,836.2743530273438,2477.64111328125,0,0,0,0,0,0,0,0,0,0,0,0,0.05477093532681465,0.03776264563202858,0.19713051617145538,0.05788874626159668,0.016267744824290276,0.03923273831605911,0.01722143404185772,0.06118357554078102,0.08917529881000519,0.06584508717060089,0.09879284352064133,0.10152370482683182
342,11.4,,,,insightface_bbox,0.608464241027832,109.91194915771484,605.1305541992188,856.1316528320312,2462.206298828125,0,0,0,0,0,0,0,0,0,0,0,0,0.05737891420722008,0.040047064423561096,0.1822003424167633,0.06283992528915405,0.015995226800441742,0.03856804594397545,0.016472982242703438,0.05601873993873596,0.09391698986291885,0.06584905833005905,0.0986001044511795,0.10521122813224792
343,11.433333333333334,,,,insightface_bbox,0.608464241027832,109.91194915771484,605.1305541992188,856.1316528320312,2462.206298828125,0,0,0,0,0,0,0,0,0,0,0,0,0.05880993232131004,0.041194044053554535,0.1801389753818512,0.06685476005077362,0.016119346022605896,0.03946851193904877,0.01739269122481346,0.05718749761581421,0.09414008259773254,0.06732379645109177,0.09890902042388916,0.10621978342533112
344,11.466666666666667,,,,insightface_bbox,0.608464241027832,109.91194915771484,605.1305541992188,856.1316528320312,2462.206298828125,0,0,0,0,0,0,0,0,0,0,0,0,0.061970055103302,0.04288148507475853,0.19401851296424866,0.0704946517944336,0.016810839995741844,0.0397011823952198,0.01757310889661312,0.0598340705037117,0.0922670066356659,0.06945778429508209,0.1030583381652832,0.11211679875850677
345,11.5,,,,insightface_bbox,0.608464241027832,109.91194915771484,605.1305541992188,856.1316528320312,2462.206298828125,0,0,0,0,0,0,0,0,0,0,0,0,0.07454802840948105,0.05118261277675629,0.23257188498973846,0.09961600601673126,0.018308527767658234,0.04183141514658928,0.0197056345641613,0.0659043937921524,0.09221336990594864,0.07277276366949081,0.12216129899024963,0.13350442051887512
346,11.533333333333333,,,,insightface_bbox,0.608464241027832,109.91194915771484,605.1305541992188,856.1316528320312,2462.206298828125,0,0,0,0,0,0,0,0,0,0,0,0,0.07000584900379181,0.04704510420560837,0.25879672169685364,0.08645626902580261,0.017361601814627647,0.03958781063556671,0.017019927501678467,0.05964501202106476,0.0886787474155426,0.0672379583120346,0.10680769383907318,0.11706795543432236
347,11.566666666666666,,,,insightface_bbox,0.608464241027832,109.91194915771484,605.1305541992188,856.1316528320312,2462.206298828125,0,0,0,0,0,0,0,0,0,0,0,0,0.06827550381422043,0.04532962292432785,0.258559912443161,0.08180654793977737,0.01668991893529892,0.03884820267558098,0.016239972785115242,0.05799642950296402,0.08723580092191696,0.06528682261705399,0.10205912590026855,0.11303478479385376
348,11.6,,,,insightface_bbox,0.6059682965278625,104.93321990966797,571.10693359375,842.6766357421875,2540.594482421875,0,0,0,0,0,0,0,0,0,0,0,0,0.06651227176189423,0.0438244566321373,0.18732653558254242,0.07385719567537308,0.015635281801223755,0.03850460425019264,0.017867106944322586,0.05622248724102974,0.0957714170217514,0.06828751415014267,0.07897227257490158,0.1002013087272644
349,11.633333333333333,,,,insightface_bbox,0.6059682965278625,104.93321990966797,571.10693359375,842.6766357421875,2540.594482421875,0,0,0,0,0,0,0,0,0,0,0,0,0.068587526679039,0.04481758177280426,0.18474562466144562,0.07389356195926666,0.01565687544643879,0.03895753249526024,0.018583938479423523,0.056960005313158035,0.09694061428308487,0.069172203540802,0.08345982432365417,0.10210199654102325
350,11.666666666666666,,,,insightface_bbox,0.6059682965278625,104.93321990966797,571.10693359375,842.6766357421875,2540.594482421875,0,0,0,0,0,0,0,0,0,0,0,0,0.06865471601486206,0.0446988120675087,0.18167483806610107,0.0710180252790451,0.015872366726398468,0.039375800639390945,0.01875879056751728,0.05640964210033417,0.09919680655002594,0.0698661059141159,0.08308232575654984,0.10061275959014893
351,11.7,,,,insightface_bbox,0.6059682965278625,104.93321990966797,571.10693359375,842.6766357421875,2540.594482421875,0,0,0,0,0,0,0,0,0,0,0,0,0.06191626936197281,0.04114527255296707,0.1648619920015335,0.06619662791490555,0.014879357069730759,0.03602157533168793,0.01857815682888031,0.054125070571899414,0.09490858763456345,0.0669616311788559,0.07649465650320053,0.09489454329013824
352,11.733333333333333,,,,insightface_bbox,0.6059682965278625,104.93321990966797,571.10693359375,842.6766357421875,2540.594482421875,0,0,0,0,0,0,0,0,0,0,0,0,0.057973116636276245,0.03871771693229675,0.15487796068191528,0.06223633512854576,0.013425285927951336,0.032091185450553894,0.016427401453256607,0.050130147486925125,0.08498935401439667,0.061138007789850235,0.05781232565641403,0.07955402135848999
353,11.766666666666667,,,,insightface_bbox,0.6059682965278625,104.93321990966797,571.10693359375,842.6766357421875,2540.594482421875,0,0,0,0,0,0,0,0,0,0,0,0,0.05832032859325409,0.03785541653633118,0.16565117239952087,0.06022101268172264,0.012514445930719376,0.03130925074219704,0.015047510154545307,0.048520609736442566,0.08359764516353607,0.059653107076883316,0.058568377047777176,0.07963880896568298
354,11.8,,,,insightface_bbox,0.6065818667411804,96.25814819335938,584.0010375976562,847.3212890625,2431.30908203125,0,0,0,0,0,0,0,0,0,0,0,0,0.05604901909828186,0.0353899821639061,0.1927768588066101,0.056266188621520996,0.011171402409672737,0.030803680419921875,0.012741900980472565,0.046302251517772675,0.08394016325473785,0.05996622145175934,0.06523171812295914,0.08030657470226288
355,11.833333333333334,,,,insightface_bbox,0.6065818667411804,96.25814819335938,584.0010375976562,847.3212890625,2431.30908203125,0,0,0,0,0,0,0,0,0,0,0,0,0.058612160384655,0.03622644394636154,0.19547030329704285,0.05883030593395233,0.011569713242352009,0.03164816275238991,0.012661377899348736,0.04712639003992081,0.08516548573970795,0.060662224888801575,0.07032570987939835,0.08394244313240051
356,11.866666666666667,,,,insightface_bbox,0.6065818667411804,96.25814819335938,584.0010375976562,847.3212890625,2431.30908203125,0,0,0,0,0,0,0,0,0,0,0,0,0.05833585560321808,0.03660879656672478,0.2041603922843933,0.06120438873767853,0.0117184491828084,0.03148575872182846,0.012384798377752304,0.04611451178789139,0.08336271345615387,0.05876433104276657,0.07381699234247208,0.08247575908899307
357,11.9,,,,insightface_bbox,0.6065818667411804,96.25814819335938,584.0010375976562,847.3212890625,2431.30908203125,0,0,0,0,0,0,0,0,0,0,0,0,0.0560644306242466,0.035272616893053055,0.19970348477363586,0.056974928826093674,0.011468365788459778,0.030378857627511024,0.011868002824485302,0.04459979012608528,0.08078376948833466,0.055731575936079025,0.07092081010341644,0.07886537164449692
358,11.933333333333334,,,,insightface_bbox,0.6065818667411804,96.25814819335938,584.0010375976562,847.3212890625,2431.30908203125,0,0,0,0,0,0,0,0,0,0,0,0,0.05462871491909027,0.0343373566865921,0.20166221261024475,0.05447712168097496,0.011177542619407177,0.02975751832127571,0.01180402934551239,0.04323412477970123,0.07992957532405853,0.054955415427684784,0.06930334866046906,0.07403989136219025
359,11.966666666666667,,,,insightface_bbox,0.6065818667411804,96.25814819335938,584.0010375976562,847.3212890625,2431.30908203125,0,0,0,0,0,0,0,0,0,0,0,0,0.060307636857032776,0.03877854347229004,0.20357757806777954,0.06733573228120804,0.011898104101419449,0.031279802322387695,0.012855012901127338,0.04453238844871521,0.08012506365776062,0.055076293647289276,0.06881701946258545,0.0750763863325119
360,12.0,,,,insightface_bbox,0.6464678049087524,89.88848114013672,591.6312255859375,826.7783203125,2471.030517578125,0,0,0,0,0,0,0,0,0,0,0,0,0.07128702104091644,0.04755473881959915,0.22267915308475494,0.08694157004356384,0.014566650614142418,0.037210624665021896,0.01728474348783493,0.0618463009595871,0.0867827981710434,0.06862299144268036,0.08565101772546768,0.10344436764717102
361,12.033333333333333,,,,insightface_bbox,0.6464678049087524,89.88848114013672,591.6312255859375,826.7783203125,2471.030517578125,0,0,0,0,0,0,0,0,0,0,0,0,0.07508858293294907,0.05214771628379822,0.25822919607162476,0.1045428141951561,0.01532934419810772,0.040692850947380066,0.01922602951526642,0.06165720522403717,0.08450205624103546,0.06892997026443481,0.0996495932340622,0.11350563168525696
362,12.066666666666666,,,,insightface_bbox,0.6464678049087524,89.88848114013672,591.6312255859375,826.7783203125,2471.030517578125,0,0,0,0,0,0,0,0,0,0,0,0,0.06963030993938446,0.04801403358578682,0.23290328681468964,0.08941604942083359,0.014508344233036041,0.03944026678800583,0.0179852657020092,0.05598663538694382,0.08351028710603714,0.06366773694753647,0.08710964024066925,0.0996880978345871
363,12.1,,,,insightface_bbox,0.6464678049087524,89.88848114013672,591.6312255859375,826.7783203125,2471.030517578125,0,0,0,0,0,0,0,0,0,0,0,0,0.07203338295221329,0.050062067806720734,0.23923248052597046,0.1004052609205246,0.014864056371152401,0.039851970970630646,0.018601030111312866,0.055283479392528534,0.08229918777942657,0.06300410628318787,0.09025140106678009,0.09965255856513977
364,12.133333333333333,,,,insightface_bbox,0.6464678049087524,89.88848114013672,591.6312255859375,826.7783203125,2471.030517578125,0,0,0,0,0,0,0,0,0,0,0,0,0.07324227690696716,0.050268083810806274,0.26159149408340454,0.10256320238113403,0.014841573312878609,0.040067002177238464,0.019463827833533287,0.05391490086913109,0.08207231014966965,0.06173766404390335,0.09312655031681061,0.09779735654592514
365,12.166666666666666,,,,insightface_bbox,0.6464678049087524,89.88848114013672,591.6312255859375,826.7783203125,2471.030517578125,0,0,0,0,0,0,0,0,0,0,0,0,0.0749775841832161,0.0507509671151638,0.2834436893463135,0.1032276600599289,0.014671222306787968,0.03939712047576904,0.019697139039635658,0.0527605377137661,0.0817696824669838,0.06065456569194794,0.0947929248213768,0.09950368106365204
366,12.2,,,,insightface_bbox,0.6505510210990906,92.16349029541016,591.3178100585938,846.9039916992188,2461.291259765625,0,0,1,0,0,0,0,0,0,0,0,0,0.07125085592269897,0.04922420158982277,0.26967108249664307,0.09148985147476196,0.015188214369118214,0.04100123792886734,0.02249121479690075,0.05122081935405731,0.08593733608722687,0.0616363063454628,0.0852203220129013,0.09372653067111969
367,12.233333333333333,,,,insightface_bbox,0.6505510210990906,92.16349029541016,591.3178100585938,846.9039916992188,2461.291259765625,0,0,0,0,0,0,0,0,0,0,0,0,0.0718449205160141,0.04859919846057892,0.2705059349536896,0.09162110090255737,0.01586032286286354,0.041631266474723816,0.022728852927684784,0.050423722714185715,0.08778117597103119,0.060585975646972656,0.09708057343959808,0.09332071989774704
368,12.266666666666667,,,,insightface_bbox,0.6505510210990906,92.16349029541016,591.3178100585938,846.9039916992188,2461.291259765625,0,0,0,0,0,0,0,0,0,0,0,0,0.06667333841323853,0.04384772852063179,0.2644433081150055,0.07563456892967224,0.015105572529137135,0.0415838286280632,0.01834770292043686,0.047165002673864365,0.0892677754163742,0.057663168758153915,0.08543939888477325,0.0868200957775116
369,12.3,,,,insightface_bbox,0.6505510210990906,92.16349029541016,591.3178100585938,846.9039916992188,2461.291259765625,0,0,0,0,0,0,0,0,0,0,0,0,0.06761766225099564,0.044706590473651886,0.2519300878047943,0.0784570649266243,0.015166325494647026,0.04160325974225998,0.018368085846304893,0.04736576974391937,0.08904501050710678,0.05830388888716698,0.08279791474342346,0.08488208800554276
370,12.333333333333334,,,,insightface_bbox,0.6505510210990906,92.16349029541016,591.3178100585938,846.9039916992188,2461.291259765625,0,0,0,0,0,0,0,0,0,0,0,0,0.06920629739761353,0.04697754979133606,0.24772225320339203,0.08674051612615585,0.016285490244627,0.043579306453466415,0.021199064329266548,0.05102807655930519,0.09537392854690552,0.06214095279574394,0.0877167209982872,0.09106095880270004
371,12.366666666666667,,,,insightface_bbox,0.6505510210990906,92.16349029541016,591.3178100585938,846.9039916992188,2461.291259765625,0,0,0,0,0,0,0,0,0,0,0,0,0.06336662173271179,0.04501963034272194,0.20923694968223572,0.0820683017373085,0.01592216268181801,0.04257582873106003,0.02227628231048584,0.051033951342105865,0.09311811625957489,0.06251540780067444,0.08244513720273972,0.08855979144573212
372,12.4,,,,insightface_bbox,0.6460651159286499,108.62496948242188,627.3796997070312,824.7083740234375,2412.16845703125,0,0,0,0,0,0,0,0,0,0,0,0,0.06242362782359123,0.03674020618200302,0.17667081952095032,0.0542244091629982,0.010933265089988708,0.03259093686938286,0.01371513307094574,0.042098335921764374,0.08616219460964203,0.05732884630560875,0.07505670934915543,0.07660378515720367
373,12.433333333333334,,,,insightface_bbox,0.6460651159286499,108.62496948242188,627.3796997070312,824.7083740234375,2412.16845703125,0,0,0,0,0,0,0,0,0,0,0,0,0.06215939670801163,0.036897752434015274,0.15888987481594086,0.057124774903059006,0.011300284415483475,0.032699503004550934,0.014410213567316532,0.04504770040512085,0.08812009543180466,0.05929425731301308,0.07792928069829941,0.08201628178358078
374,12.466666666666667,,,,insightface_bbox,0.6460651159286499,108.62496948242188,627.3796997070312,824.7083740234375,2412.16845703125,0,0,0,0,0,0,0,0,0,0,0,0,0.056758247315883636,0.03610954061150551,0.126409649848938,0.05701851099729538,0.011371904984116554,0.02982100285589695,0.013854307122528553,0.04111176356673241,0.08164352923631668,0.05468215048313141,0.06781984120607376,0.07968725264072418
375,12.5,,,,insightface_bbox,0.6460651159286499,108.62496948242188,627.3796997070312,824.7083740234375,2412.16845703125,0,0,0,0,0,0,0,0,0,0,0,0,0.056594423949718475,0.03812834620475769,0.11869680136442184,0.060084518045186996,0.012291637249290943,0.03254532814025879,0.016806453466415405,0.047465674579143524,0.08313794434070587,0.05953991785645485,0.0848626047372818,0.09443081170320511
376,12.533333333333333,,,,insightface_bbox,0.6460651159286499,108.62496948242188,627.3796997070312,824.7083740234375,2412.16845703125,0,0,0,0,0,0,0,0,0,0,0,0,0.055835917592048645,0.03767401725053787,0.11287837475538254,0.05875931680202484,0.012187929823994637,0.03130480274558067,0.01625247485935688,0.046059928834438324,0.0817083865404129,0.058424778282642365,0.07915612310171127,0.09035025537014008
377,12.566666666666666,,,,insightface_bbox,0.6460651159286499,108.62496948242188,627.3796997070312,824.7083740234375,2412.16845703125,0,0,0,0,0,0,0,0,0,0,0,0,0.054370008409023285,0.035172056406736374,0.11402274668216705,0.05381022393703461,0.011591451242566109,0.0294241514056921,0.014064555987715721,0.04163032025098801,0.07818157970905304,0.053740035742521286,0.06672627478837967,0.07686521112918854
378,12.6,,,,insightface_bbox,0.6305326223373413,114.47020721435547,632.8423461914062,853.6071166992188,2405.426513671875,0,0,0,0,0,0,0,0,0,0,0,0,0.07557935267686844,0.04844064265489578,0.26793229579925537,0.09386640787124634,0.015436053276062012,0.0402059331536293,0.0190984345972538,0.04906657710671425,0.08741086721420288,0.06006133556365967,0.09440311789512634,0.08857281506061554
379,12.633333333333333,,,,insightface_bbox,0.6305326223373413,114.47020721435547,632.8423461914062,853.6071166992188,2405.426513671875,0,0,0,0,0,0,0,0,0,0,0,0,0.07637947797775269,0.04880593717098236,0.2812633514404297,0.09452813863754272,0.016135144978761673,0.04256417974829674,0.02053793892264366,0.0502672977745533,0.08950600028038025,0.06148088350892067,0.10169602185487747,0.09175494313240051
380,12.666666666666666,,,,insightface_bbox,0.6305326223373413,114.47020721435547,632.8423461914062,853.6071166992188,2405.426513671875,0,0,0,0,0,0,0,0,0,0,0,0,0.0777275487780571,0.04947095736861229,0.28851690888404846,0.0976492390036583,0.01667449064552784,0.04333190619945526,0.0211959145963192,0.05128878727555275,0.09023570269346237,0.062462761998176575,0.10542713105678558,0.09483139216899872
381,12.7,,,,insightface_bbox,0.6305326223373413,114.47020721435547,632.8423461914062,853.6071166992188,2405.426513671875,0,0,0,0,0,0,0,0,0,0,0,0,0.07812915742397308,0.05027434974908829,0.2930540442466736,0.09916037321090698,0.016938794404268265,0.04291405528783798,0.02144835889339447,0.05204569920897484,0.08891139924526215,0.06187942624092102,0.10692618787288666,0.09718819707632065
382,12.733333333333333,,,,insightface_bbox,0.6305326223373413,114.47020721435547,632.8423461914062,853.6071166992188,2405.426513671875,0,0,0,0,0,0,0,0,0,0,0,0,0.07789015769958496,0.05169069766998291,0.28774669766426086,0.10939696431159973,0.017094362527132034,0.041295528411865234,0.022190291434526443,0.05174519121646881,0.08746850490570068,0.06114175170660019,0.11231419444084167,0.09876883029937744
383,12.766666666666667,,,,insightface_bbox,0.6305326223373413,114.47020721435547,632.8423461914062,853.6071166992188,2405.426513671875,0,0,0,0,0,0,0,0,0,0,0,0,0.0732966810464859,0.04952074959874153,0.2668175995349884,0.1050289124250412,0.01575973443686962,0.04002329707145691,0.020573832094669342,0.04999591410160065,0.08534762263298035,0.059849485754966736,0.10563182830810547,0.09642508625984192
384,12.8,,,,insightface_bbox,0.6427556276321411,93.90833282470703,603.4105834960938,844.15087890625,2439.664794921875,0,0,0,0,0,0,0,0,0,0,0,0,0.06848692893981934,0.0440804585814476,0.2707430124282837,0.08171681314706802,0.014325128868222237,0.03799121454358101,0.017526840791106224,0.04740740358829498,0.08181937038898468,0.05730161443352699,0.09488650411367416,0.0882151648402214
385,12.833333333333334,,,,insightface_bbox,0.6427556276321411,93.90833282470703,603.4105834960938,844.15087890625,2439.664794921875,0,0,0,0,0,0,0,0,0,0,0,0,0.07391005009412766,0.050141479820013046,0.290537565946579,0.09702055156230927,0.016595598310232162,0.041854050010442734,0.02230396308004856,0.05755143612623215,0.0909876674413681,0.06666672229766846,0.11619635671377182,0.11638984084129333
386,12.866666666666667,,,,insightface_bbox,0.6427556276321411,93.90833282470703,603.4105834960938,844.15087890625,2439.664794921875,0,0,0,0,0,0,0,0,0,0,0,0,0.06803326308727264,0.04490729421377182,0.260580837726593,0.07751026749610901,0.015607629902660847,0.038605835288763046,0.01999545469880104,0.057028163224458694,0.09983141720294952,0.06769126653671265,0.09850318729877472,0.10629455745220184
387,12.9,,,,insightface_bbox,0.6427556276321411,93.90833282470703,603.4105834960938,844.15087890625,2439.664794921875,0,0,0,0,0,0,0,0,0,0,0,0,0.06168924272060394,0.04006161540746689,0.2434310019016266,0.06911056488752365,0.01427861675620079,0.03459693863987923,0.018082015216350555,0.05418754741549492,0.09169512987136841,0.06557317078113556,0.09226641058921814,0.09423455595970154
388,12.933333333333334,,,,insightface_bbox,0.6427556276321411,93.90833282470703,603.4105834960938,844.15087890625,2439.664794921875,0,0,1,0,0,0,0,0,0,0,0,0,0.07070806622505188,0.04259675368666649,0.27244701981544495,0.0739169716835022,0.01456197164952755,0.0343904085457325,0.018660251051187515,0.05558793991804123,0.0935942754149437,0.0674905851483345,0.11437222361564636,0.10449440032243729
389,12.966666666666667,,,,insightface_bbox,0.6427556276321411,93.90833282470703,603.4105834960938,844.15087890625,2439.664794921875,0,0,0,0,0,0,0,0,0,0,0,0,0.06758837401866913,0.04348738491535187,0.2411724478006363,0.08155874162912369,0.013016551733016968,0.03232002258300781,0.016811277717351913,0.054297253489494324,0.0857931524515152,0.06324267387390137,0.09456603229045868,0.09315836429595947
390,13.0,,,,insightface_bbox,0.5910800099372864,75.43891906738281,583.91259765625,852.0968017578125,2542.282470703125,0,0,0,0,0,0,0,0,0,0,0,0,0.06312902271747589,0.04499714821577072,0.14000838994979858,0.07964518666267395,0.01415835227817297,0.03487228974699974,0.021761193871498108,0.06569237262010574,0.09387071430683136,0.07389602810144424,0.06374025344848633,0.08517574518918991
391,13.033333333333333,,,,insightface_bbox,0.5910800099372864,75.43891906738281,583.91259765625,852.0968017578125,2542.282470703125,0,0,0,0,0,0,0,0,0,0,0,0,0.06367619335651398,0.047133978456258774,0.14120544493198395,0.08844538033008575,0.014846209436655045,0.03417917340993881,0.019901886582374573,0.05893748998641968,0.08926555514335632,0.06581167131662369,0.05413159728050232,0.07950438559055328
392,13.066666666666666,,,,insightface_bbox,0.5910800099372864,75.43891906738281,583.91259765625,852.0968017578125,2542.282470703125,0,0,0,0,0,0,0,0,0,0,0,0,0.07754261791706085,0.054660364985466,0.1766139268875122,0.11067225784063339,0.015709303319454193,0.03829458728432655,0.021418919786810875,0.06439577788114548,0.09642696380615234,0.06760898232460022,0.06069675087928772,0.08386911451816559
393,13.1,,,,insightface_bbox,0.5910800099372864,75.43891906738281,583.91259765625,852.0968017578125,2542.282470703125,0,0,0,0,0,0,0,0,0,0,0,0,0.07123742252588272,0.049005452543497086,0.16019389033317566,0.0926053524017334,0.015081069432199001,0.03760068863630295,0.020934687927365303,0.06034793704748154,0.09572315216064453,0.06777539104223251,0.06353764235973358,0.08739300817251205
394,13.133333333333333,,,,insightface_bbox,0.5910800099372864,75.43891906738281,583.91259765625,852.0968017578125,2542.282470703125,0,0,0,0,0,0,0,0,0,0,0,0,0.0633043572306633,0.04182935506105423,0.16659586131572723,0.07000793516635895,0.013987784273922443,0.035690415650606155,0.018160415813326836,0.054551657289266586,0.09224694967269897,0.06480930000543594,0.0621810257434845,0.08273208141326904
395,13.166666666666666,,,,insightface_bbox,0.5910800099372864,75.43891906738281,583.91259765625,852.0968017578125,2542.282470703125,0,0,0,0,0,0,0,0,0,0,0,0,0.06051655113697052,0.03851158171892166,0.17300370335578918,0.058965492993593216,0.013538334518671036,0.03468690067529678,0.01683017425239086,0.05392177030444145,0.09546245634555817,0.06739078462123871,0.06007661670446396,0.0826796442270279
396,13.2,,,,insightface_bbox,0.5963637232780457,77.43883514404297,587.532470703125,852.3218994140625,2468.303955078125,0,0,0,0,0,0,0,0,0,0,0,0,0.06029408052563667,0.039100728929042816,0.17327213287353516,0.060403332114219666,0.014038578607141972,0.03450992330908775,0.01708744280040264,0.05725514516234398,0.10394488275051117,0.0708983764052391,0.06024147570133209,0.08621905744075775
397,13.233333333333333,,,,insightface_bbox,0.5963637232780457,77.43883514404297,587.532470703125,852.3218994140625,2468.303955078125,0,0,0,0,0,0,0,0,0,0,0,0,0.062196873128414154,0.042162615805864334,0.15144076943397522,0.06549080461263657,0.014710558578372002,0.03419063612818718,0.018571672961115837,0.058836039155721664,0.10162542760372162,0.06993354856967926,0.060208480805158615,0.08616473525762558
398,13.266666666666667,,,,insightface_bbox,0.5963637232780457,77.43883514404297,587.532470703125,852.3218994140625,2468.303955078125,0,0,0,0,0,0,0,0,0,0,0,0,0.058716196566820145,0.03978623449802399,0.14427462220191956,0.058089107275009155,0.014249643310904503,0.03262263163924217,0.017677506431937218,0.054002709686756134,0.09634814411401749,0.06569347530603409,0.0539080873131752,0.07801609486341476
399,13.3,,,,insightface_bbox,0.5963637232780457,77.43883514404297,587.532470703125,852.3218994140625,2468.303955078125,0,0,0,0,0,0,0,0,0,0,0,0,0.0580618754029274,0.03990114480257034,0.14225517213344574,0.056584399193525314,0.014309704303741455,0.03226953372359276,0.01804651878774166,0.05102036893367767,0.09211995452642441,0.06422259658575058,0.053287964314222336,0.07470843195915222
400,13.333333333333334,,,,insightface_bbox,0.5963637232780457,77.43883514404297,587.532470703125,852.3218994140625,2468.303955078125,0,0,0,0,0,0,0,0,0,0,0,0,0.05675407126545906,0.03863120079040527,0.14592263102531433,0.05546867102384567,0.014060402289032936,0.032882701605558395,0.01740938425064087,0.05254356190562248,0.09036596864461899,0.0632370114326477,0.05694155395030975,0.07667262107133865
401,13.366666666666667,,,,insightface_bbox,0.5963637232780457,77.43883514404297,587.532470703125,852.3218994140625,2468.303955078125,0,0,0,0,0,0,0,0,0,0,0,0,0.059179481118917465,0.03941721469163895,0.15621121227741241,0.059841085225343704,0.014185218140482903,0.034086938947439194,0.017757659777998924,0.05862943083047867,0.09960925579071045,0.07014518976211548,0.05919337645173073,0.08570735156536102
402,13.4,,,,insightface_bbox,0.5943412780761719,99.52243041992188,607.175048828125,844.4896850585938,2447.946533203125,0,0,0,0,0,0,0,0,0,0,0,0,0.05691659450531006,0.03899037092924118,0.18492041528224945,0.05658125504851341,0.015337260439991951,0.03682642802596092,0.017902584746479988,0.056595176458358765,0.08484478294849396,0.06264364719390869,0.08043795824050903,0.0902920812368393
403,13.433333333333334,,,,insightface_bbox,0.5943412780761719,99.52243041992188,607.175048828125,844.4896850585938,2447.946533203125,0,0,0,0,0,0,0,0,0,0,0,0,0.06398406624794006,0.04660748690366745,0.22045336663722992,0.08178096264600754,0.016804231330752373,0.04097859933972359,0.019809402525424957,0.05913263186812401,0.08384053409099579,0.06385444104671478,0.09702176600694656,0.10397973656654358
404,13.466666666666667,,,,insightface_bbox,0.5943412780761719,99.52243041992188,607.175048828125,844.4896850585938,2447.946533203125,0,0,0,0,0,0,0,0,0,0,0,0,0.06465164572000504,0.04772001504898071,0.22895552217960358,0.09212949126958847,0.016740331426262856,0.04086126387119293,0.01965191215276718,0.05831136927008629,0.08111999928951263,0.06298091262578964,0.10247215628623962,0.10334927588701248
405,13.5,,,,insightface_bbox,0.5943412780761719,99.52243041992188,607.175048828125,844.4896850585938,2447.946533203125,0,0,0,0,0,0,0,0,0,0,0,0,0.058988362550735474,0.041251040995121,0.22456112504005432,0.07269975543022156,0.015012897551059723,0.037219081073999405,0.016617920249700546,0.05468609929084778,0.07755118608474731,0.06079506874084473,0.08597031980752945,0.09205251932144165
406,13.533333333333333,,,,insightface_bbox,0.5943412780761719,99.52243041992188,607.175048828125,844.4896850585938,2447.946533203125,0,0,0,0,0,0,0,0,0,0,0,0,0.056930068880319595,0.03985042870044708,0.20878639817237854,0.06764715909957886,0.014794901013374329,0.03651164099574089,0.016410671174526215,0.0556221529841423,0.07542132586240768,0.05942621827125549,0.0826900452375412,0.08850265294313431
407,13.566666666666666,,,,insightface_bbox,0.5943412780761719,99.52243041992188,607.175048828125,844.4896850585938,2447.946533203125,0,0,0,0,0,0,0,0,0,0,0,0,0.05566195026040077,0.037725601345300674,0.1989710032939911,0.061083629727363586,0.014079497195780277,0.035017069429159164,0.01601215824484825,0.055594462901353836,0.07662360370159149,0.06004871800541878,0.07967282086610794,0.08590664714574814
408,13.6,,,,insightface_bbox,0.6243525147438049,102.64197540283203,592.6306762695312,844.687744140625,2492.0419921875,0,0,0,0,0,0,0,0,0,0,0,0,0.056624989956617355,0.03858896344900131,0.18708737194538116,0.0644160583615303,0.01434408314526081,0.035123310983181,0.01580069027841091,0.05755151808261871,0.07955532521009445,0.062281955033540726,0.08078514039516449,0.09260347485542297
409,13.633333333333333,,,,insightface_bbox,0.6243525147438049,102.64197540283203,592.6306762695312,844.687744140625,2492.0419921875,0,0,0,0,0,0,0,0,0,0,0,0,0.057057496160268784,0.03936674818396568,0.19558636844158173,0.06941397488117218,0.014505135826766491,0.03509746119379997,0.016217442229390144,0.05941516160964966,0.08239410817623138,0.0649610161781311,0.08267530053853989,0.09469463676214218
410,13.666666666666666,,,,insightface_bbox,0.6243525147438049,102.64197540283203,592.6306762695312,844.687744140625,2492.0419921875,0,0,0,0,0,0,0,0,0,0,0,0,0.05607997626066208,0.03720012679696083,0.19455191493034363,0.06371742486953735,0.013605553656816483,0.03271830826997757,0.015497608110308647,0.05976104736328125,0.08448825776576996,0.06637946516275406,0.07229804992675781,0.08660069108009338
411,13.7,,,,insightface_bbox,0.6243525147438049,102.64197540283203,592.6306762695312,844.687744140625,2492.0419921875,0,0,0,0,0,0,0,0,0,0,0,0,0.06085512042045593,0.03810960054397583,0.22092124819755554,0.06545112282037735,0.013503060676157475,0.032518286257982254,0.015817658975720406,0.058954596519470215,0.084759920835495,0.06669256836175919,0.07137580960988998,0.08760587871074677
412,13.733333333333333,,,,insightface_bbox,0.6243525147438049,102.64197540283203,592.6306762695312,844.687744140625,2492.0419921875,0,0,1,0,0,0,0,0,0,0,0,0,0.06495988368988037,0.0403035469353199,0.24210326373577118,0.0704447329044342,0.014027208089828491,0.03503689169883728,0.01661585085093975,0.058239661157131195,0.08375096321105957,0.06632383167743683,0.08277939260005951,0.09298084676265717
413,13.766666666666667,,,,insightface_bbox,0.6243525147438049,102.64197540283203,592.6306762695312,844.687744140625,2492.0419921875,0,0,1,0,0,0,0,0,0,0,0,0,0.06570383161306381,0.040937088429927826,0.24652215838432312,0.07367116957902908,0.01358553022146225,0.035000547766685486,0.01651080884039402,0.05640062689781189,0.08270950615406036,0.06530175358057022,0.0851811021566391,0.0897066667675972
414,13.8,,,,insightface_bbox,0.6224173903465271,92.96263885498047,583.70654296875,861.704833984375,2470.5595703125,0,0,0,0,0,0,0,0,0,0,0,0,0.06519568711519241,0.04476332664489746,0.16293373703956604,0.07619571685791016,0.015587011352181435,0.0350353941321373,0.0190957672894001,0.05914410948753357,0.08828097581863403,0.06515324860811234,0.05694064497947693,0.07791384309530258
415,13.833333333333334,,,,insightface_bbox,0.6224173903465271,92.96263885498047,583.70654296875,861.704833984375,2470.5595703125,0,0,0,0,0,0,0,0,0,0,0,0,0.08146686851978302,0.05892273783683777,0.19083088636398315,0.1186598688364029,0.01736687496304512,0.04081360250711441,0.026030289009213448,0.06858594715595245,0.0978049635887146,0.07117003947496414,0.06839355081319809,0.09219270199537277
416,13.866666666666667,,,,insightface_bbox,0.6224173903465271,92.96263885498047,583.70654296875,861.704833984375,2470.5595703125,0,0,0,0,0,0,0,0,0,0,0,0,0.1036761999130249,0.07374586164951324,0.22186115384101868,0.158054381608963,0.019506558775901794,0.04695218801498413,0.02970213256776333,0.07197791337966919,0.10215964168310165,0.07460568845272064,0.08415789902210236,0.11146628856658936
417,13.9,,,,insightface_bbox,0.6224173903465271,92.96263885498047,583.70654296875,861.704833984375,2470.5595703125,0,0,0,0,0,0,0,0,0,0,0,0,0.08642899990081787,0.06214165687561035,0.18880438804626465,0.13285186886787415,0.01787457801401615,0.04125227779150009,0.025697652250528336,0.06247046962380409,0.09048530459403992,0.06430378556251526,0.06286045908927917,0.08325923979282379
418,13.933333333333334,,,,insightface_bbox,0.6224173903465271,92.96263885498047,583.70654296875,861.704833984375,2470.5595703125,0,0,0,0,0,0,0,0,0,0,0,0,0.08652390539646149,0.06112165376543999,0.19962012767791748,0.13008587062358856,0.01818772591650486,0.04277053847908974,0.02500980906188488,0.060831159353256226,0.09283892810344696,0.0633416548371315,0.06659163534641266,0.08162544667720795
419,13.966666666666667,,,,insightface_bbox,0.6224173903465271,92.96263885498047,583.70654296875,861.704833984375,2470.5595703125,0,0,0,0,0,0,0,0,0,0,0,0,0.08801983296871185,0.06335408985614777,0.19414430856704712,0.13619618117809296,0.018260793760418892,0.041924186050891876,0.025466812774538994,0.06138282269239426,0.09102008491754532,0.06310614198446274,0.06417059153318405,0.08214947581291199
420,14.0,,,,insightface_bbox,0.6170825362205505,124.59777069091797,617.7205810546875,854.9544067382812,2397.694580078125,0,0,0,0,0,0,0,0,0,0,0,0,0.07118984311819077,0.045569755136966705,0.23517054319381714,0.0855087861418724,0.014482017606496811,0.03933048993349075,0.019584188237786293,0.050985947251319885,0.0848560780286789,0.0611887089908123,0.08903733640909195,0.09232800453901291
421,14.033333333333333,,,,insightface_bbox,0.6170825362205505,124.59777069091797,617.7205810546875,854.9544067382812,2397.694580078125,0,0,0,0,0,0,0,0,0,0,0,0,0.06763487309217453,0.04371117800474167,0.22012627124786377,0.08208497613668442,0.014000247232615948,0.037826765328645706,0.018589157611131668,0.046341948211193085,0.07871919870376587,0.05593600124120712,0.08125501871109009,0.08373427391052246
422,14.066666666666666,,,,insightface_bbox,0.6170825362205505,124.59777069091797,617.7205810546875,854.9544067382812,2397.694580078125,0,0,0,0,0,0,0,0,0,0,0,0,0.07024944573640823,0.04562855139374733,0.23450031876564026,0.08644050359725952,0.014558834955096245,0.0380878783762455,0.019227126613259315,0.04570646584033966,0.07903941720724106,0.055264268070459366,0.08248062431812286,0.08642326295375824
423,14.1,,,,insightface_bbox,0.6170825362205505,124.59777069091797,617.7205810546875,854.9544067382812,2397.694580078125,0,0,0,0,0,0,0,0,0,0,0,0,0.07060795277357101,0.04672962799668312,0.20442014932632446,0.08948902785778046,0.014926714822649956,0.03826067969202995,0.01825810596346855,0.04979738965630531,0.07894881814718246,0.056905653327703476,0.09569422155618668,0.09606267511844635
424,14.133333333333333,,,,insightface_bbox,0.6170825362205505,124.59777069091797,617.7205810546875,854.9544067382812,2397.694580078125,0,0,0,0,0,0,0,0,0,0,0,0,0.07953199744224548,0.052359141409397125,0.23239213228225708,0.09746018052101135,0.015083621256053448,0.03918309509754181,0.01809939555823803,0.05850175395607948,0.09235896915197372,0.06448983401060104,0.11155003309249878,0.12463260442018509
425,14.166666666666666,,,,insightface_bbox,0.6170825362205505,124.59777069091797,617.7205810546875,854.9544067382812,2397.694580078125,0,0,0,0,0,0,0,0,0,0,0,0,0.07346174865961075,0.04740221053361893,0.19051823019981384,0.08124122023582458,0.012639855965971947,0.03409803286194801,0.01567687653005123,0.0602964386343956,0.09083740413188934,0.06943215429782867,0.09685856103897095,0.11205697059631348
426,14.2,,,,insightface_bbox,0.6210281252861023,96.1416015625,559.2885131835938,862.6858520507812,2519.65869140625,0,0,0,0,0,0,0,0,0,0,0,0,0.07287368178367615,0.05047878250479698,0.19748511910438538,0.09755821526050568,0.015312621369957924,0.03780720382928848,0.02612840197980404,0.06440938264131546,0.09926587343215942,0.07335492968559265,0.06536976248025894,0.08658555150032043
427,14.233333333333333,,,,insightface_bbox,0.6210281252861023,96.1416015625,559.2885131835938,862.6858520507812,2519.65869140625,0,0,0,0,0,0,0,0,0,0,0,0,0.0727955773472786,0.050405681133270264,0.18373620510101318,0.09861131012439728,0.015302885323762894,0.03721112012863159,0.025897040963172913,0.0627266988158226,0.09749738872051239,0.07259990274906158,0.07337313145399094,0.08866305649280548
428,14.266666666666667,,,,insightface_bbox,0.6210281252861023,96.1416015625,559.2885131835938,862.6858520507812,2519.65869140625,0,0,0,0,0,0,0,0,0,0,0,0,0.07105455547571182,0.04849223420023918,0.1797398030757904,0.09303677827119827,0.01512023713439703,0.035991180688142776,0.024041607975959778,0.060285478830337524,0.09720294177532196,0.07130204141139984,0.0697232186794281,0.08725643903017044
429,14.3,,,,insightface_bbox,0.6210281252861023,96.1416015625,559.2885131835938,862.6858520507812,2519.65869140625,0,0,0,0,0,0,0,0,0,0,0,0,0.07015422731637955,0.04773613065481186,0.183284729719162,0.09314416348934174,0.014756854623556137,0.03534122556447983,0.022415539249777794,0.0592658594250679,0.09340453147888184,0.06833978742361069,0.07462707161903381,0.08785881102085114
430,14.333333333333334,,,,insightface_bbox,0.6210281252861023,96.1416015625,559.2885131835938,862.6858520507812,2519.65869140625,0,0,0,0,0,0,0,0,0,0,0,0,0.07192381471395493,0.0496462881565094,0.17448893189430237,0.09724064916372299,0.014589197933673859,0.035084035247564316,0.02107255533337593,0.05626311153173447,0.09157616645097733,0.06655677407979965,0.06476936489343643,0.08512726426124573
431,14.366666666666667,,,,insightface_bbox,0.6210281252861023,96.1416015625,559.2885131835938,862.6858520507812,2519.65869140625,0,0,0,0,0,0,0,0,0,0,0,0,0.07072827965021133,0.05015365034341812,0.1625843346118927,0.09724049270153046,0.014355006627738476,0.03365708142518997,0.020764656364917755,0.055337779223918915,0.09139112383127213,0.06535167247056961,0.05090087652206421,0.07737356424331665
432,14.4,,,,insightface_bbox,0.6278408765792847,86.82430267333984,603.9631958007812,840.921875,2416.22412109375,0,0,0,0,0,0,0,0,0,0,0,0,0.06477170437574387,0.045185938477516174,0.2301013469696045,0.08873742073774338,0.01450407411903143,0.03699485957622528,0.019664347171783447,0.05684798210859299,0.0917295441031456,0.06722360104322433,0.08608982712030411,0.0853443443775177
433,14.433333333333334,,,,insightface_bbox,0.6278408765792847,86.82430267333984,603.9631958007812,840.921875,2416.22412109375,0,0,0,0,0,0,0,0,0,0,0,0,0.06493295729160309,0.045100949704647064,0.21801826357841492,0.09013313800096512,0.014276375062763691,0.03683102875947952,0.020032105967402458,0.0561366081237793,0.09301576763391495,0.06824802607297897,0.0844680592417717,0.08567658066749573
434,14.466666666666667,,,,insightface_bbox,0.6278408765792847,86.82430267333984,603.9631958007812,840.921875,2416.22412109375,0,0,0,0,0,0,0,0,0,0,0,0,0.06626500189304352,0.04672092944383621,0.21052433550357819,0.0915067046880722,0.014499234035611153,0.03744399547576904,0.02025221288204193,0.05488432198762894,0.09532514959573746,0.06540500372648239,0.08201193064451218,0.08636203408241272
435,14.5,,,,insightface_bbox,0.6278408765792847,86.82430267333984,603.9631958007812,840.921875,2416.22412109375,0,0,0,0,0,0,0,0,0,0,0,0,0.06752412766218185,0.04852792248129845,0.18330875039100647,0.09083661437034607,0.014979319646954536,0.03992771357297897,0.02180160954594612,0.055957287549972534,0.10060697793960571,0.06725814938545227,0.08647967875003815,0.09238207340240479
436,14.533333333333333,,,,insightface_bbox,0.6278408765792847,86.82430267333984,603.9631958007812,840.921875,2416.22412109375,0,0,0,0,0,0,0,0,0,0,0,0,0.06718562543392181,0.04847048223018646,0.17506325244903564,0.09103938937187195,0.014899346977472305,0.04077431559562683,0.0220041461288929,0.05536137521266937,0.09887413680553436,0.06622877717018127,0.08690430223941803,0.0941564068198204
437,14.566666666666666,,,,insightface_bbox,0.6278408765792847,86.82430267333984,603.9631958007812,840.921875,2416.22412109375,0,0,0,0,0,0,0,0,0,0,0,0,0.06748820841312408,0.04764501750469208,0.17818951606750488,0.08946467936038971,0.013872337527573109,0.03895401582121849,0.021025311201810837,0.05441372096538544,0.09777820110321045,0.06536614149808884,0.07452310621738434,0.08584688603878021
438,14.6,,,,insightface_bbox,0.619541347026825,125.46752166748047,603.7970581054688,857.2943115234375,2402.3134765625,0,0,0,0,0,0,0,0,0,0,0,0,0.07680661976337433,0.051038358360528946,0.20840060710906982,0.102407306432724,0.0141813475638628,0.03844913840293884,0.017924796789884567,0.059084728360176086,0.0900176540017128,0.06834757328033447,0.09546682983636856,0.10833676159381866
439,14.633333333333333,,,,insightface_bbox,0.619541347026825,125.46752166748047,603.7970581054688,857.2943115234375,2402.3134765625,0,0,0,0,0,0,0,0,0,0,0,0,0.07071145623922348,0.04615219682455063,0.19073480367660522,0.08168753236532211,0.012993678450584412,0.03445807471871376,0.017038619145751,0.055055730044841766,0.09139689803123474,0.06854534894227982,0.07675909996032715,0.09572601318359375
440,14.666666666666666,,,,insightface_bbox,0.619541347026825,125.46752166748047,603.7970581054688,857.2943115234375,2402.3134765625,0,0,0,0,0,0,0,0,0,0,0,0,0.06430714577436447,0.04067791625857353,0.1798771619796753,0.0666557177901268,0.011735652573406696,0.0297529473900795,0.014865800738334656,0.052884168922901154,0.086578369140625,0.0651758462190628,0.07769589126110077,0.09135662764310837
441,14.7,,,,insightface_bbox,0.619541347026825,125.46752166748047,603.7970581054688,857.2943115234375,2402.3134765625,0,0,0,0,0,0,0,0,0,0,0,0,0.07359585911035538,0.04692999646067619,0.2060960978269577,0.07417706400156021,0.013315095566213131,0.03483173996210098,0.01736525632441044,0.05914846062660217,0.100757896900177,0.07080898433923721,0.09228266030550003,0.11203363537788391
442,14.733333333333333,,,,insightface_bbox,0.619541347026825,125.46752166748047,603.7970581054688,857.2943115234375,2402.3134765625,0,0,0,0,0,0,0,0,0,0,0,0,0.08039358258247375,0.053427163511514664,0.23136624693870544,0.09290675818920135,0.014945325441658497,0.03948528319597244,0.019496843218803406,0.05651606619358063,0.09913914650678635,0.06564486771821976,0.10899244993925095,0.12678691744804382
443,14.766666666666667,,,,insightface_bbox,0.619541347026825,125.46752166748047,603.7970581054688,857.2943115234375,2402.3134765625,0,0,0,0,0,0,0,0,0,0,0,0,0.07357954233884811,0.04895582050085068,0.20363888144493103,0.0948052853345871,0.013651101849973202,0.03656124323606491,0.017533622682094574,0.04994034022092819,0.08919133991003036,0.061263423413038254,0.0992082804441452,0.10868426412343979
444,14.8,,,,insightface_bbox,0.6202388405799866,94.57768249511719,602.0856323242188,838.1795654296875,2383.03076171875,0,0,0,0,0,0,0,0,0,0,0,0,0.0708475112915039,0.048379767686128616,0.23551711440086365,0.09184152632951736,0.014468025416135788,0.03886527940630913,0.019422031939029694,0.05541423708200455,0.09549320489168167,0.0672583356499672,0.09340758621692657,0.09926573932170868
445,14.833333333333334,,,,insightface_bbox,0.6202388405799866,94.57768249511719,602.0856323242188,838.1795654296875,2383.03076171875,0,0,0,0,0,0,0,0,0,0,0,0,0.06434886902570724,0.04355248808860779,0.22210486233234406,0.08032650500535965,0.01298966258764267,0.03400648385286331,0.016575751826167107,0.046936362981796265,0.08848872035741806,0.060556959360837936,0.07833398133516312,0.08573069423437119
446,14.866666666666667,,,,insightface_bbox,0.6202388405799866,94.57768249511719,602.0856323242188,838.1795654296875,2383.03076171875,0,0,0,0,0,0,0,0,0,0,0,0,0.06252088397741318,0.04081491380929947,0.21421438455581665,0.0735824704170227,0.011951619759202003,0.03092748112976551,0.015441044233739376,0.04646409675478935,0.0892152264714241,0.06176576018333435,0.07180580496788025,0.08184300363063812
447,14.9,,,,insightface_bbox,0.6202388405799866,94.57768249511719,602.0856323242188,838.1795654296875,2383.03076171875,0,0,0,0,0,0,0,0,0,0,0,0,0.06662319600582123,0.04298383742570877,0.2446587085723877,0.08282144367694855,0.013276342302560806,0.03256349265575409,0.017277728766202927,0.050794895738363266,0.09251341223716736,0.06509307026863098,0.07985501736402512,0.08934929221868515
448,14.933333333333334,,,,insightface_bbox,0.6202388405799866,94.57768249511719,602.0856323242188,838.1795654296875,2383.03076171875,0,0,0,0,0,0,0,0,0,0,0,0,0.06202985346317291,0.04205714911222458,0.20835094153881073,0.07774235308170319,0.012303412891924381,0.030861131846904755,0.01499773096293211,0.045336052775382996,0.0861087441444397,0.05837377533316612,0.0665755420923233,0.07827345281839371
449,14.966666666666667,,,,insightface_bbox,0.6202388405799866,94.57768249511719,602.0856323242188,838.1795654296875,2383.03076171875,0,0,0,0,0,0,0,0,0,0,0,0,0.07515456527471542,0.05038898065686226,0.25173303484916687,0.0998508632183075,0.013946009799838066,0.03652026504278183,0.017588211223483086,0.04968931898474693,0.088621586561203,0.06313253194093704,0.09226348996162415,0.09747503697872162
450,15.0,,,,insightface_bbox,0.625135600566864,97.533935546875,603.558837890625,840.4274291992188,2414.746337890625,0,0,0,0,0,0,0,0,0,0,0,0,0.07705338299274445,0.05157313495874405,0.25407674908638,0.10596723854541779,0.014474651776254177,0.037116311490535736,0.01831754855811596,0.05024255812168121,0.08781737834215164,0.06267061084508896,0.09944261610507965,0.10313421487808228
451,15.033333333333333,,,,insightface_bbox,0.625135600566864,97.533935546875,603.558837890625,840.4274291992188,2414.746337890625,0,0,0,0,0,0,0,0,0,0,0,0,0.06839513033628464,0.0460500493645668,0.23139378428459167,0.08937527239322662,0.01276058703660965,0.03322845697402954,0.015985947102308273,0.0469590425491333,0.08521009236574173,0.05859697610139847,0.0798545703291893,0.08813755214214325
452,15.066666666666666,,,,insightface_bbox,0.625135600566864,97.533935546875,603.558837890625,840.4274291992188,2414.746337890625,0,0,0,0,0,0,0,0,0,0,0,0,0.06176276504993439,0.04117244854569435,0.2088373303413391,0.0787767842411995,0.011442276649177074,0.02822234481573105,0.014138654805719852,0.04401807487010956,0.08194045722484589,0.056843776255846024,0.06590643525123596,0.07433689385652542
453,15.1,,,,insightface_bbox,0.625135600566864,97.533935546875,603.558837890625,840.4274291992188,2414.746337890625,0,0,0,0,0,0,0,0,0,0,0,0,0.060393065214157104,0.037939153611660004,0.23641610145568848,0.06921059638261795,0.011597895063459873,0.02832353115081787,0.014387964271008968,0.04856615886092186,0.08586998283863068,0.060165781527757645,0.06919975578784943,0.07447103410959244
454,15.133333333333333,,,,insightface_bbox,0.625135600566864,97.533935546875,603.558837890625,840.4274291992188,2414.746337890625,0,0,0,0,0,0,0,0,0,0,0,0,0.058675289154052734,0.03696739673614502,0.22861313819885254,0.06710641086101532,0.01168116182088852,0.027966290712356567,0.014328623190522194,0.048397909849882126,0.08484756946563721,0.05919192358851433,0.07011468708515167,0.07551367580890656
455,15.166666666666666,,,,insightface_bbox,0.625135600566864,97.533935546875,603.558837890625,840.4274291992188,2414.746337890625,0,0,0,0,0,0,0,0,0,0,0,0,0.06299698352813721,0.04193799942731857,0.2209952473640442,0.08144058287143707,0.011719736270606518,0.028980672359466553,0.014445850625634193,0.044840943068265915,0.08220582455396652,0.05704370141029358,0.07118219137191772,0.0800483226776123
456,15.2,,,,insightface_bbox,0.6382356286048889,71.73822784423828,601.1336669921875,828.8630981445312,2462.80322265625,0,0,0,0,0,0,0,0,0,0,0,0,0.06375102698802948,0.04272918775677681,0.23387813568115234,0.08082455396652222,0.013613798655569553,0.03368518501520157,0.016753023490309715,0.04771548509597778,0.088743194937706,0.058130279183387756,0.07321665436029434,0.07763980329036713
457,15.233333333333333,,,,insightface_bbox,0.6382356286048889,71.73822784423828,601.1336669921875,828.8630981445312,2462.80322265625,0,0,0,0,0,0,0,0,0,0,0,0,0.06180107966065407,0.04207644611597061,0.21837934851646423,0.0774151012301445,0.013079861178994179,0.03420045226812363,0.017216114327311516,0.046594176441431046,0.08938930183649063,0.05733143910765648,0.07168906927108765,0.07912210375070572
458,15.266666666666667,,,,insightface_bbox,0.6382356286048889,71.73822784423828,601.1336669921875,828.8630981445312,2462.80322265625,0,0,0,0,0,0,0,0,0,0,0,0,0.06407894939184189,0.043293293565511703,0.2177576720714569,0.0794135108590126,0.013017028570175171,0.034124091267585754,0.016993708908557892,0.04678243398666382,0.09076294302940369,0.05750909820199013,0.07100744545459747,0.07956705242395401
459,15.3,,,,insightface_bbox,0.6382356286048889,71.73822784423828,601.1336669921875,828.8630981445312,2462.80322265625,0,0,0,0,0,0,0,0,0,0,0,0,0.06403148919343948,0.04315007105469704,0.22385960817337036,0.07839783281087875,0.012997844256460667,0.03434436768293381,0.01672615110874176,0.0476093627512455,0.08930984139442444,0.05801045149564743,0.07181015610694885,0.07948782294988632
460,15.333333333333334,,,,insightface_bbox,0.6382356286048889,71.73822784423828,601.1336669921875,828.8630981445312,2462.80322265625,0,0,0,0,0,0,0,0,0,0,0,0,0.06309054791927338,0.04313065856695175,0.22711774706840515,0.07886212319135666,0.013075849041342735,0.03436727076768875,0.016422748565673828,0.04727712273597717,0.08695744723081589,0.058225005865097046,0.07084797322750092,0.07802090048789978
461,15.366666666666667,,,,insightface_bbox,0.6382356286048889,71.73822784423828,601.1336669921875,828.8630981445312,2462.80322265625,0,0,0,0,0,0,0,0,0,0,0,0,0.061477575451135635,0.043133631348609924,0.21996907889842987,0.07791680842638016,0.01307449396699667,0.03392505273222923,0.016246873885393143,0.047481976449489594,0.0866096168756485,0.0580098032951355,0.0693272054195404,0.07700565457344055
462,15.4,,,,insightface_bbox,0.6396970748901367,100.9819107055664,622.0380249023438,820.727783203125,2412.6689453125,0,0,0,0,0,0,0,0,0,0,0,0,0.05771580711007118,0.03340773656964302,0.19963479042053223,0.0467350110411644,0.010591697879135609,0.03271991014480591,0.013407930731773376,0.03806016594171524,0.08596669882535934,0.05224142596125603,0.09374416619539261,0.0875181332230568
463,15.433333333333334,,,,insightface_bbox,0.6396970748901367,100.9819107055664,622.0380249023438,820.727783203125,2412.6689453125,0,0,0,0,0,0,0,0,0,0,0,0,0.05620846897363663,0.03303714469075203,0.21996362507343292,0.04674262925982475,0.010770395398139954,0.03274106979370117,0.013242051005363464,0.04102117940783501,0.0873618945479393,0.0534423366189003,0.09645768254995346,0.08887260407209396
464,15.466666666666667,,,,insightface_bbox,0.6396970748901367,100.9819107055664,622.0380249023438,820.727783203125,2412.6689453125,0,0,0,0,0,0,0,0,0,0,0,0,0.05810743197798729,0.034712765365839005,0.21815058588981628,0.05097980797290802,0.011104755103588104,0.03303759545087814,0.014217151328921318,0.042984489351511,0.0864810198545456,0.054153408855199814,0.09895668178796768,0.09098881483078003
465,15.5,,,,insightface_bbox,0.6396970748901367,100.9819107055664,622.0380249023438,820.727783203125,2412.6689453125,0,0,0,0,0,0,0,0,0,0,0,0,0.062418363988399506,0.03732868283987045,0.21533654630184174,0.05591832846403122,0.011757570318877697,0.034151554107666016,0.015096813440322876,0.04359675943851471,0.0854133814573288,0.054538458585739136,0.10286276042461395,0.09524138271808624
466,15.533333333333333,,,,insightface_bbox,0.6396970748901367,100.9819107055664,622.0380249023438,820.727783203125,2412.6689453125,0,0,0,0,0,0,0,0,0,0,0,0,0.0640721321105957,0.038362450897693634,0.21806788444519043,0.05840550735592842,0.012087997980415821,0.03455603867769241,0.015462110750377178,0.04314005374908447,0.08361434936523438,0.05368880182504654,0.0993855744600296,0.09361735731363297
467,15.566666666666666,,,,insightface_bbox,0.6396970748901367,100.9819107055664,622.0380249023438,820.727783203125,2412.6689453125,0,0,0,0,0,0,0,0,0,0,0,0,0.06501466780900955,0.039229005575180054,0.22223296761512756,0.060364365577697754,0.012090198695659637,0.03438503295183182,0.015417588874697685,0.044253669679164886,0.08426903933286667,0.05452454835176468,0.09892639517784119,0.09344705939292908
468,15.6,,,,insightface_bbox,0.6280621290206909,94.63423156738281,621.1822509765625,820.5967407226562,2387.31884765625,0,0,0,0,0,0,0,0,0,0,0,0,0.0632670521736145,0.04094785451889038,0.18665292859077454,0.06513714790344238,0.012329676188528538,0.03392717242240906,0.01835085079073906,0.05136887729167938,0.08680707961320877,0.059572890400886536,0.08392162621021271,0.09283581376075745
469,15.633333333333333,,,,insightface_bbox,0.6280621290206909,94.63423156738281,621.1822509765625,820.5967407226562,2387.31884765625,0,0,0,0,0,0,0,0,0,0,0,0,0.06218550726771355,0.040256794542074203,0.1894824206829071,0.06477972865104675,0.01175924763083458,0.03231022134423256,0.01628933846950531,0.0480293408036232,0.08275610208511353,0.056482985615730286,0.07984070479869843,0.08752231299877167
470,15.666666666666666,,,,insightface_bbox,0.6280621290206909,94.63423156738281,621.1822509765625,820.5967407226562,2387.31884765625,0,0,0,0,0,0,0,0,0,0,0,0,0.06180480495095253,0.04013349860906601,0.1805601716041565,0.06415225565433502,0.01202269084751606,0.032903485000133514,0.016986338421702385,0.05006019398570061,0.08502740412950516,0.0578276626765728,0.0825011357665062,0.09025207161903381
471,15.7,,,,insightface_bbox,0.6280621290206909,94.63423156738281,621.1822509765625,820.5967407226562,2387.31884765625,0,0,0,0,0,0,0,0,0,0,0,0,0.05889679491519928,0.03793584927916527,0.17388580739498138,0.05857560783624649,0.011148449033498764,0.030494052916765213,0.015373801812529564,0.04682622849941254,0.08234010636806488,0.05554088205099106,0.07688488066196442,0.0851951539516449
472,15.733333333333333,,,,insightface_bbox,0.6280621290206909,94.63423156738281,621.1822509765625,820.5967407226562,2387.31884765625,0,0,0,0,0,0,0,0,0,0,0,0,0.05960574001073837,0.038223400712013245,0.18314799666404724,0.05919911712408066,0.011126315221190453,0.03066844865679741,0.015455981716513634,0.0469319224357605,0.08209756016731262,0.05586618185043335,0.07529440522193909,0.08593378961086273
473,15.766666666666667,,,,insightface_bbox,0.6280621290206909,94.63423156738281,621.1822509765625,820.5967407226562,2387.31884765625,0,0,0,0,0,0,0,0,0,0,0,0,0.05880369246006012,0.03792066499590874,0.180625781416893,0.058255575597286224,0.011106736958026886,0.030357759445905685,0.015513064339756966,0.04615331068634987,0.0822545737028122,0.05556335672736168,0.07511433213949203,0.0860125944018364
474,15.8,,,,insightface_bbox,0.6300927400588989,80.70072937011719,623.27783203125,821.4486083984375,2394.115234375,0,0,0,0,0,0,0,0,0,0,0,0,0.059286411851644516,0.04032798111438751,0.1783948838710785,0.07493744045495987,0.011376720853149891,0.02894047275185585,0.01463969238102436,0.04686836525797844,0.08288554847240448,0.05903065204620361,0.06809639930725098,0.0787997841835022
475,15.833333333333334,,,,insightface_bbox,0.6300927400588989,80.70072937011719,623.27783203125,821.4486083984375,2394.115234375,0,0,0,0,0,0,0,0,0,0,0,0,0.06506051868200302,0.04388716444373131,0.2028956115245819,0.08101895451545715,0.012396532110869884,0.03193053975701332,0.01618010737001896,0.051995743066072464,0.09336356073617935,0.06493448466062546,0.07498250901699066,0.08533614873886108
476,15.866666666666667,,,,insightface_bbox,0.6300927400588989,80.70072937011719,623.27783203125,821.4486083984375,2394.115234375,0,0,0,0,0,0,0,0,0,0,0,0,0.06524590402841568,0.04391688108444214,0.2090253233909607,0.07877301424741745,0.012540962547063828,0.03304454684257507,0.01680637151002884,0.05156317725777626,0.09454484283924103,0.06422697752714157,0.07664044201374054,0.08886061608791351
477,15.9,,,,insightface_bbox,0.6300927400588989,80.70072937011719,623.27783203125,821.4486083984375,2394.115234375,0,0,0,0,0,0,0,0,0,0,0,0,0.07049710303544998,0.04820778965950012,0.24718841910362244,0.08729814738035202,0.013756513595581055,0.036528412252664566,0.018445827066898346,0.05121803283691406,0.09417608380317688,0.0637703537940979,0.08736565709114075,0.09771168231964111
478,15.933333333333334,,,,insightface_bbox,0.6300927400588989,80.70072937011719,623.27783203125,821.4486083984375,2394.115234375,0,0,0,0,0,0,0,0,0,0,0,0,0.07440997660160065,0.05128208547830582,0.2767465114593506,0.09921646118164062,0.014826616272330284,0.03797999769449234,0.01901094615459442,0.05225934833288193,0.09104052186012268,0.06295215338468552,0.09658985584974289,0.10029711574316025
479,15.966666666666667,,,,insightface_bbox,0.6300927400588989,80.70072937011719,623.27783203125,821.4486083984375,2394.115234375,0,0,0,0,0,0,0,0,0,0,0,0,0.06842301785945892,0.04661966860294342,0.2298833280801773,0.08570466190576553,0.013772830367088318,0.0357741042971611,0.01847781427204609,0.050528839230537415,0.09345456957817078,0.06304362416267395,0.08145555108785629,0.09250417351722717
480,16.0,,,,insightface_bbox,0.6577247381210327,77.36138153076172,622.5738525390625,801.5640258789062,2421.6318359375,0,0,0,0,0,0,0,0,0,0,0,0,0.05908305197954178,0.0380946546792984,0.19672125577926636,0.057145003229379654,0.011502919718623161,0.030907656997442245,0.01557808555662632,0.048933565616607666,0.08559355139732361,0.057450637221336365,0.08580372482538223,0.09474995732307434
481,16.033333333333335,,,,insightface_bbox,0.6577247381210327,77.36138153076172,622.5738525390625,801.5640258789062,2421.6318359375,0,0,0,0,0,0,0,0,0,0,0,0,0.05939945578575134,0.038959212601184845,0.19259153306484222,0.06007076054811478,0.011332948692142963,0.031311966478824615,0.015213479287922382,0.04645395651459694,0.08427710086107254,0.056666914373636246,0.08246059715747833,0.09334784001111984
482,16.066666666666666,,,,insightface_bbox,0.6577247381210327,77.36138153076172,622.5738525390625,801.5640258789062,2421.6318359375,0,0,0,0,0,0,0,0,0,0,0,0,0.058505501598119736,0.03778699412941933,0.19735902547836304,0.057348717004060745,0.011040898971259594,0.031056426465511322,0.014689907431602478,0.0457364097237587,0.084652379155159,0.05641937628388405,0.09099075198173523,0.0944971963763237
483,16.1,,,,insightface_bbox,0.6577247381210327,77.36138153076172,622.5738525390625,801.5640258789062,2421.6318359375,0,0,0,0,0,0,0,0,0,0,0,0,0.05616340413689613,0.03491571173071861,0.18857382237911224,0.05165167897939682,0.010856952518224716,0.029481368139386177,0.014375279657542706,0.04409833252429962,0.08342716097831726,0.054166968911886215,0.08215344697237015,0.08715957403182983
484,16.133333333333333,,,,insightface_bbox,0.6577247381210327,77.36138153076172,622.5738525390625,801.5640258789062,2421.6318359375,0,0,0,0,0,0,0,0,0,0,0,0,0.05676552653312683,0.035195380449295044,0.20061852037906647,0.0514848567545414,0.011280210688710213,0.0299602709710598,0.01485428772866726,0.04432613402605057,0.08120513707399368,0.0534144826233387,0.07940706610679626,0.08502624183893204
485,16.166666666666668,,,,insightface_bbox,0.6577247381210327,77.36138153076172,622.5738525390625,801.5640258789062,2421.6318359375,0,0,0,0,0,0,0,0,0,0,0,0,0.05659077316522598,0.0356283076107502,0.199637770652771,0.052223656326532364,0.011320059187710285,0.030579904094338417,0.015359082259237766,0.045105405151844025,0.0830463394522667,0.05431915074586868,0.08241729438304901,0.08679572492837906
486,16.2,,,,insightface_bbox,0.6355417370796204,65.91816711425781,603.5641479492188,827.870361328125,2412.194580078125,0,0,1,0,0,0,0,0,0,0,0,0,0.06398201733827591,0.04247163236141205,0.2621617615222931,0.07810436934232712,0.013284831307828426,0.0328558087348938,0.016370739787817,0.04736042767763138,0.08908764272928238,0.05702442675828934,0.06767773628234863,0.07167483866214752
487,16.233333333333334,,,,insightface_bbox,0.6355417370796204,65.91816711425781,603.5641479492188,827.870361328125,2412.194580078125,0,0,0,0,0,0,0,0,0,0,0,0,0.05894332751631737,0.04027673974633217,0.22680723667144775,0.07374929636716843,0.012757042422890663,0.032166987657547,0.016099032014608383,0.045896466821432114,0.08543447405099869,0.055581964552402496,0.06373218446969986,0.06903699040412903
488,16.266666666666666,,,,insightface_bbox,0.6355417370796204,65.91816711425781,603.5641479492188,827.870361328125,2412.194580078125,0,0,0,0,0,0,0,0,0,0,0,0,0.058929383754730225,0.04023648425936699,0.22473424673080444,0.0721772313117981,0.012650134973227978,0.03263908252120018,0.016340889036655426,0.04595931991934776,0.08458217978477478,0.05539786070585251,0.0623323954641819,0.06957242637872696
489,16.3,,,,insightface_bbox,0.6355417370796204,65.91816711425781,603.5641479492188,827.870361328125,2412.194580078125,0,0,0,0,0,0,0,0,0,0,0,0,0.05958431959152222,0.04039253666996956,0.22715610265731812,0.0733208879828453,0.012623483315110207,0.03224147483706474,0.016316335648298264,0.045305296778678894,0.0844411849975586,0.055262912064790726,0.06364370882511139,0.07084214687347412
490,16.333333333333332,,,,insightface_bbox,0.6355417370796204,65.91816711425781,603.5641479492188,827.870361328125,2412.194580078125,0,0,0,0,0,0,0,0,0,0,0,0,0.06291697919368744,0.04111096262931824,0.2552499771118164,0.07541990280151367,0.013020750135183334,0.03131812438368797,0.015845945104956627,0.04478065297007561,0.0832250788807869,0.05455037206411362,0.0656636506319046,0.06973300129175186
491,16.366666666666667,,,,insightface_bbox,0.6355417370796204,65.91816711425781,603.5641479492188,827.870361328125,2412.194580078125,0,0,1,0,0,0,0,0,0,0,0,0,0.05470268055796623,0.03482890501618385,0.22537317872047424,0.0599859245121479,0.011259252205491066,0.027392618358135223,0.013194452039897442,0.040776826441287994,0.07388578355312347,0.05042412877082825,0.05439945310354233,0.05773665010929108
492,16.4,,,,insightface_bbox,0.6587198972702026,56.58530044555664,613.4798583984375,806.76123046875,2424.5009765625,0,0,0,0,0,0,0,0,0,0,0,0,0.05837545543909073,0.03853677958250046,0.24472422897815704,0.07053367048501968,0.012770289555191994,0.030146799981594086,0.017290500923991203,0.048632778227329254,0.08625704050064087,0.0595972016453743,0.07702096551656723,0.07340258359909058
493,16.433333333333334,,,,insightface_bbox,0.6587198972702026,56.58530044555664,613.4798583984375,806.76123046875,2424.5009765625,0,0,0,0,0,0,0,0,0,0,0,0,0.05908650904893875,0.038352541625499725,0.25965967774391174,0.07047788798809052,0.012417672201991081,0.030054224655032158,0.01661056838929653,0.04665786772966385,0.08539973199367523,0.05822077766060829,0.0766269788146019,0.07406337559223175
494,16.466666666666665,,,,insightface_bbox,0.6587198972702026,56.58530044555664,613.4798583984375,806.76123046875,2424.5009765625,0,0,0,0,0,0,0,0,0,0,0,0,0.05835447460412979,0.04022320359945297,0.23430465161800385,0.07539485394954681,0.012170767411589622,0.029838379472494125,0.01607353240251541,0.04603190720081329,0.0834629088640213,0.056844547390937805,0.06795305758714676,0.07529520988464355
495,16.5,,,,insightface_bbox,0.6587198972702026,56.58530044555664,613.4798583984375,806.76123046875,2424.5009765625,0,0,0,0,0,0,0,0,0,0,0,0,0.060179129242897034,0.04168697074055672,0.23658975958824158,0.0782858282327652,0.013022074475884438,0.03226616978645325,0.017300371080636978,0.049546848982572556,0.09069313108921051,0.06108037754893303,0.07461206614971161,0.08317394554615021
496,16.533333333333335,,,,insightface_bbox,0.6587198972702026,56.58530044555664,613.4798583984375,806.76123046875,2424.5009765625,0,0,0,0,0,0,0,0,0,0,0,0,0.06969395279884338,0.048222996294498444,0.2674747705459595,0.09354748576879501,0.015380453318357468,0.03747051581740379,0.022739462554454803,0.05322076007723808,0.09582139551639557,0.0663486123085022,0.09731142967939377,0.10103798657655716
497,16.566666666666666,,,,insightface_bbox,0.6587198972702026,56.58530044555664,613.4798583984375,806.76123046875,2424.5009765625,0,0,0,0,0,0,0,0,0,0,0,0,0.09281479567289352,0.06430523097515106,0.33988064527511597,0.14122609794139862,0.01709051989018917,0.04170406609773636,0.025281142443418503,0.05695245787501335,0.09474806487560272,0.06979288905858994,0.12872807681560516,0.12281861156225204
498,16.6,,,,insightface_bbox,0.6400031447410583,84.09786987304688,601.3219604492188,816.2985229492188,2477.333251953125,0,0,0,0,0,0,0,0,0,0,0,0,0.06602504104375839,0.04060538858175278,0.24975784122943878,0.0658237487077713,0.01219663955271244,0.03168801590800285,0.015516139566898346,0.03867211192846298,0.07660985738039017,0.05034283176064491,0.06251358240842819,0.07117392867803574
499,16.633333333333333,,,,insightface_bbox,0.6400031447410583,84.09786987304688,601.3219604492188,816.2985229492188,2477.333251953125,0,0,0,0,0,0,0,0,0,0,0,0,0.06380221992731094,0.038240931928157806,0.228120818734169,0.05749709531664848,0.011295532807707787,0.030102167278528214,0.014350885525345802,0.0366210862994194,0.07406970858573914,0.049105025827884674,0.0674566850066185,0.0711071789264679
500,16.666666666666668,,,,insightface_bbox,0.6400031447410583,84.09786987304688,601.3219604492188,816.2985229492188,2477.333251953125,0,0,0,0,0,0,0,0,0,0,0,0,0.05091132968664169,0.0342225506901741,0.2175719141960144,0.051211729645729065,0.01250015664845705,0.032811373472213745,0.017769576981663704,0.05101786553859711,0.07870590686798096,0.0577290877699852,0.08033589273691177,0.08702923357486725
501,16.7,,,,insightface_bbox,0.6400031447410583,84.09786987304688,601.3219604492188,816.2985229492188,2477.333251953125,0,0,0,0,0,0,0,0,0,0,0,0,0.045180320739746094,0.0303963553160429,0.17430396378040314,0.0425555482506752,0.011139588430523872,0.028494523838162422,0.016000639647245407,0.04764670878648758,0.0763501524925232,0.0559440441429615,0.07155199348926544,0.08190776407718658
502,16.733333333333334,,,,insightface_bbox,0.6400031447410583,84.09786987304688,601.3219604492188,816.2985229492188,2477.333251953125,0,0,0,0,0,0,0,0,0,0,0,0,0.04738839343190193,0.03275289386510849,0.15059977769851685,0.04777257889509201,0.012231376953423023,0.02907584421336651,0.017802610993385315,0.05215952545404434,0.07746774703264236,0.05769546329975128,0.06956329941749573,0.08359095454216003
503,16.766666666666666,,,,insightface_bbox,0.6400031447410583,84.09786987304688,601.3219604492188,816.2985229492188,2477.333251953125,0,0,0,0,0,0,0,0,0,0,0,0,0.050625693053007126,0.03331832215189934,0.1697646975517273,0.05127590522170067,0.012433405965566635,0.029175065457820892,0.015749827027320862,0.05364500358700752,0.08039045333862305,0.05665013939142227,0.07253016531467438,0.0837687999010086
504,16.8,,,,insightface_bbox,0.6510888338088989,81.99356079101562,627.205322265625,824.7775268554688,2390.74365234375,0,0,0,0,0,0,0,0,0,0,0,0,0.05786452814936638,0.04144569858908653,0.2010604739189148,0.07887645065784454,0.016483500599861145,0.03587435185909271,0.02031511440873146,0.06024033576250076,0.08712984621524811,0.06268813461065292,0.07832850515842438,0.0923234224319458
505,16.833333333333332,,,,insightface_bbox,0.6510888338088989,81.99356079101562,627.205322265625,824.7775268554688,2390.74365234375,0,0,0,0,0,0,0,0,0,0,0,0,0.05835062265396118,0.04091993719339371,0.2229466289281845,0.07405693084001541,0.016074199229478836,0.0372081957757473,0.01980922371149063,0.06210728734731674,0.0882570818066597,0.06394744664430618,0.08101770281791687,0.092709019780159
506,16.866666666666667,,,,insightface_bbox,0.6510888338088989,81.99356079101562,627.205322265625,824.7775268554688,2390.74365234375,0,0,0,0,0,0,0,0,0,0,0,0,0.05731941759586334,0.04016704112291336,0.22925077378749847,0.07060058414936066,0.0166909359395504,0.03769904002547264,0.019895562902092934,0.06142938882112503,0.08829094469547272,0.06396734714508057,0.08032284677028656,0.09296177327632904
507,16.9,,,,insightface_bbox,0.6510888338088989,81.99356079101562,627.205322265625,824.7775268554688,2390.74365234375,0,0,0,0,0,0,0,0,0,0,0,0,0.0656776875257492,0.04597196355462074,0.2845695912837982,0.09048870950937271,0.018278108909726143,0.03966033458709717,0.02092999406158924,0.07110901176929474,0.09198728948831558,0.06950424611568451,0.08563407510519028,0.10448072105646133
508,16.933333333333334,,,,insightface_bbox,0.6510888338088989,81.99356079101562,627.205322265625,824.7775268554688,2390.74365234375,0,0,1,0,0,0,0,0,0,0,0,0,0.06314730644226074,0.04167177155613899,0.30730319023132324,0.07554464787244797,0.01635589264333248,0.034791868180036545,0.017970820888876915,0.06352753192186356,0.0896356925368309,0.06518445909023285,0.06870878487825394,0.08762717992067337
509,16.966666666666665,,,,insightface_bbox,0.6510888338088989,81.99356079101562,627.205322265625,824.7775268554688,2390.74365234375,0,0,1,0,0,0,0,0,0,0,0,0,0.05814605951309204,0.03713725879788399,0.2844727337360382,0.06381366401910782,0.01492153387516737,0.03190462291240692,0.01594078354537487,0.06042516976594925,0.08804194629192352,0.06273142248392105,0.059378523379564285,0.0800476148724556
510,17.0,,,,insightface_bbox,0.660123348236084,69.96411895751953,618.9053955078125,821.8159790039062,2483.54736328125,0,0,1,0,0,0,0,0,0,0,0,0,0.054070256650447845,0.032895661890506744,0.27029162645339966,0.052152566611766815,0.011598523706197739,0.0281190425157547,0.012493902817368507,0.04518505930900574,0.08202877640724182,0.05442187935113907,0.060330163687467575,0.07032345980405807
511,17.033333333333335,,,,insightface_bbox,0.660123348236084,69.96411895751953,618.9053955078125,821.8159790039062,2483.54736328125,0,0,1,0,0,0,0,0,0,0,0,0,0.05849941819906235,0.034948110580444336,0.3206290602684021,0.05859375,0.012862039729952812,0.030707772821187973,0.014286582358181477,0.050736237317323685,0.08642851561307907,0.059738773852586746,0.06980182230472565,0.08143706619739532
512,17.066666666666666,,,,insightface_bbox,0.660123348236084,69.96411895751953,618.9053955078125,821.8159790039062,2483.54736328125,0,0,1,0,0,0,0,0,0,0,0,0,0.06210675463080406,0.040166012942790985,0.30221027135849,0.07159800827503204,0.014324857853353024,0.03386485576629639,0.015387356281280518,0.05520813539624214,0.09074628353118896,0.06101366505026817,0.07425636798143387,0.08913195878267288
513,17.1,,,,insightface_bbox,0.660123348236084,69.96411895751953,618.9053955078125,821.8159790039062,2483.54736328125,0,0,1,0,0,0,0,0,0,0,0,0,0.07892780750989914,0.05316051095724106,0.3721723258495331,0.11742986738681793,0.01837882213294506,0.04293093457818031,0.021813267841935158,0.06834255158901215,0.09453486651182175,0.06844384968280792,0.11739066243171692,0.12288755923509598
514,17.133333333333333,,,,insightface_bbox,0.660123348236084,69.96411895751953,618.9053955078125,821.8159790039062,2483.54736328125,0,0,1,0,0,0,0,0,0,0,0,0,0.07857406139373779,0.05275167524814606,0.35326287150382996,0.10746242105960846,0.018927935510873795,0.04450840875506401,0.020352350547909737,0.06654296815395355,0.09300278127193451,0.06786637008190155,0.10753205418586731,0.11905401945114136
515,17.166666666666668,,,,insightface_bbox,0.660123348236084,69.96411895751953,618.9053955078125,821.8159790039062,2483.54736328125,0,0,0,0,0,0,0,0,0,0,0,0,0.07503584772348404,0.051108792424201965,0.32349371910095215,0.09959562122821808,0.019468028098344803,0.04607893154025078,0.021287299692630768,0.06744104623794556,0.09230457246303558,0.06881272792816162,0.12275049090385437,0.12859074771404266
516,17.2,,,,insightface_bbox,0.6286543011665344,93.05477905273438,597.63720703125,845.8152465820312,2475.289794921875,0,0,0,0,0,0,0,0,0,0,0,0,0.07168915867805481,0.0494154691696167,0.3332933783531189,0.09560301154851913,0.018773483112454414,0.04614783450961113,0.019996367394924164,0.06329994648694992,0.09433261305093765,0.0663975179195404,0.12317761033773422,0.11597379297018051
517,17.233333333333334,,,,insightface_bbox,0.6286543011665344,93.05477905273438,597.63720703125,845.8152465820312,2475.289794921875,0,0,0,0,0,0,0,0,0,0,0,0,0.05207785218954086,0.03665155544877052,0.21995249390602112,0.05554556846618652,0.01620682328939438,0.0396098792552948,0.018407903611660004,0.05997340381145477,0.09085482358932495,0.05986615642905235,0.09600362926721573,0.0983491986989975
518,17.266666666666666,,,,insightface_bbox,0.6286543011665344,93.05477905273438,597.63720703125,845.8152465820312,2475.289794921875,0,0,0,0,0,0,0,0,0,0,0,0,0.04978114739060402,0.03366684168577194,0.1825571209192276,0.046787600964307785,0.015434946864843369,0.038718465715646744,0.018696196377277374,0.06234915554523468,0.10215573012828827,0.06742547452449799,0.09463701397180557,0.10301445424556732
519,17.3,,,,insightface_bbox,0.6286543011665344,93.05477905273438,597.63720703125,845.8152465820312,2475.289794921875,0,0,0,0,0,0,0,0,0,0,0,0,0.05385758355259895,0.03735797107219696,0.20595520734786987,0.057213712483644485,0.016539528965950012,0.04077111929655075,0.019311973825097084,0.05816551297903061,0.09881206601858139,0.06380975246429443,0.09761006385087967,0.09859836846590042
520,17.333333333333332,,,,insightface_bbox,0.6286543011665344,93.05477905273438,597.63720703125,845.8152465820312,2475.289794921875,0,0,0,0,0,0,0,0,0,0,0,0,0.06430744379758835,0.04449978470802307,0.23015886545181274,0.07484334707260132,0.018143607303500175,0.045218825340270996,0.021116167306900024,0.06071531027555466,0.10237451642751694,0.06706910580396652,0.10595164448022842,0.10571535676717758
521,17.366666666666667,,,,insightface_bbox,0.6286543011665344,93.05477905273438,597.63720703125,845.8152465820312,2475.289794921875,0,0,0,0,0,0,0,0,0,0,0,0,0.0642712190747261,0.044323116540908813,0.23293420672416687,0.07347925007343292,0.01813759095966816,0.04510418325662613,0.020793618634343147,0.060512762516736984,0.10273721069097519,0.06745091080665588,0.10600590705871582,0.10516480356454849
522,17.4,,,,insightface_bbox,0.6122571229934692,94.35769653320312,596.0454711914062,841.4251708984375,2480.20947265625,0,0,0,0,0,0,0,0,0,0,0,0,0.06101878359913826,0.043622199445962906,0.24831020832061768,0.0751851350069046,0.017445174977183342,0.04156540706753731,0.018778085708618164,0.058891989290714264,0.08902515470981598,0.06086837127804756,0.1058703064918518,0.10955505818128586
523,17.433333333333334,,,,insightface_bbox,0.6122571229934692,94.35769653320312,596.0454711914062,841.4251708984375,2480.20947265625,0,0,0,0,0,0,0,0,0,0,0,0,0.051422569900751114,0.03465012460947037,0.24672581255435944,0.050277743488550186,0.015500931069254875,0.038693759590387344,0.016792312264442444,0.05783494561910629,0.08713424950838089,0.05915592983365059,0.09892161190509796,0.09588922560214996
524,17.466666666666665,,,,insightface_bbox,0.6122571229934692,94.35769653320312,596.0454711914062,841.4251708984375,2480.20947265625,0,0,0,0,0,0,0,0,0,0,0,0,0.05237453430891037,0.03531613200902939,0.25150978565216064,0.052266329526901245,0.015756020322442055,0.038678769022226334,0.017336664721369743,0.05861722305417061,0.08629432320594788,0.05962424725294113,0.10065795481204987,0.09812366962432861
525,17.5,,,,insightface_bbox,0.6122571229934692,94.35769653320312,596.0454711914062,841.4251708984375,2480.20947265625,0,0,0,0,0,0,0,0,0,0,0,0,0.0615529902279377,0.04204394668340683,0.2879056930541992,0.07115335017442703,0.017512140795588493,0.042283378541469574,0.018484223634004593,0.0619194470345974,0.0891609787940979,0.06332552433013916,0.11218258738517761,0.11207535862922668
526,17.533333333333335,,,,insightface_bbox,0.6122571229934692,94.35769653320312,596.0454711914062,841.4251708984375,2480.20947265625,0,0,0,0,0,0,0,0,0,0,0,0,0.07427266240119934,0.0474381297826767,0.32493895292282104,0.08536794781684875,0.018674464896321297,0.043405257165431976,0.018602672964334488,0.06447393447160721,0.0936974510550499,0.06573036313056946,0.12956421077251434,0.12508703768253326
527,17.566666666666666,,,,insightface_bbox,0.6122571229934692,94.35769653320312,596.0454711914062,841.4251708984375,2480.20947265625,0,0,0,0,0,0,0,0,0,0,0,0,0.06288203597068787,0.04079432040452957,0.2806748151779175,0.06602849066257477,0.018229283392429352,0.04305568337440491,0.018567409366369247,0.06674891710281372,0.0963744968175888,0.06801918148994446,0.12309721112251282,0.1255922019481659
528,17.6,,,,insightface_bbox,0.6372613310813904,95.58868408203125,609.6302490234375,837.7852172851562,2429.861572265625,0,0,0,0,0,0,0,0,0,0,0,0,0.05037835240364075,0.0334530808031559,0.21916747093200684,0.04828233644366264,0.016016878187656403,0.0375484824180603,0.017049087211489677,0.0586315281689167,0.09705156087875366,0.065837562084198,0.11061403900384903,0.10646703839302063
529,17.633333333333333,,,,insightface_bbox,0.6372613310813904,95.58868408203125,609.6302490234375,837.7852172851562,2429.861572265625,0,0,1,0,0,0,0,0,0,0,0,0,0.054555464535951614,0.03679858148097992,0.2615010142326355,0.05548316240310669,0.016855228692293167,0.04000113159418106,0.018953092396259308,0.061426203697919846,0.09851133823394775,0.06859985738992691,0.1071634516119957,0.10712867975234985
530,17.666666666666668,,,,insightface_bbox,0.6372613310813904,95.58868408203125,609.6302490234375,837.7852172851562,2429.861572265625,0,0,0,0,0,0,0,0,0,0,0,0,0.057234883308410645,0.039325203746557236,0.25440824031829834,0.06599965691566467,0.016356801614165306,0.040355928242206573,0.021019410341978073,0.059945181012153625,0.09944337606430054,0.06779173016548157,0.11778654158115387,0.10709436237812042
531,17.7,,,,insightface_bbox,0.6372613310813904,95.58868408203125,609.6302490234375,837.7852172851562,2429.861572265625,0,0,0,0,0,0,0,0,0,0,0,0,0.05947832390666008,0.03987995535135269,0.25368189811706543,0.06935182213783264,0.01595371589064598,0.040572792291641235,0.02094176597893238,0.0581679530441761,0.0976552665233612,0.06699846684932709,0.11563479900360107,0.10059267282485962
532,17.733333333333334,,,,insightface_bbox,0.6372613310813904,95.58868408203125,609.6302490234375,837.7852172851562,2429.861572265625,0,0,0,0,0,0,0,0,0,0,0,0,0.05772329121828079,0.038798678666353226,0.2605830430984497,0.06589881330728531,0.015469932928681374,0.04010484367609024,0.020663579925894737,0.05635193735361099,0.09612444043159485,0.06413912028074265,0.1106276661157608,0.09590115398168564
533,17.766666666666666,,,,insightface_bbox,0.6372613310813904,95.58868408203125,609.6302490234375,837.7852172851562,2429.861572265625,0,0,0,0,0,0,0,0,0,0,0,0,0.053013842552900314,0.0359463170170784,0.25562143325805664,0.05959313362836838,0.014214730821549892,0.03841795772314072,0.02033059671521187,0.05435636267066002,0.09482461959123611,0.06195763126015663,0.1019233912229538,0.09043547511100769
534,17.8,,,,insightface_bbox,0.6438339948654175,118.7431411743164,624.1170043945312,838.3114013671875,2425.993896484375,0,0,0,0,0,0,0,0,0,0,0,0,0.058398377150297165,0.0385790653526783,0.17620530724525452,0.06322034448385239,0.011861844919621944,0.03193051367998123,0.014743635430932045,0.04735248535871506,0.08623820543289185,0.058964379131793976,0.09978622943162918,0.1101469099521637
535,17.833333333333332,,,,insightface_bbox,0.6438339948654175,118.7431411743164,624.1170043945312,838.3114013671875,2425.993896484375,0,0,0,0,0,0,0,0,0,0,0,0,0.05316535383462906,0.03474420681595802,0.1536586582660675,0.05248451605439186,0.011069592088460922,0.029227156192064285,0.013496866449713707,0.04204729199409485,0.08440219610929489,0.05497773736715317,0.08295916020870209,0.09491351246833801
536,17.866666666666667,,,,insightface_bbox,0.6438339948654175,118.7431411743164,624.1170043945312,838.3114013671875,2425.993896484375,0,0,0,0,0,0,0,0,0,0,0,0,0.0471704825758934,0.02995837852358818,0.13504797220230103,0.04053618013858795,0.009817088022828102,0.026934228837490082,0.011678079143166542,0.0371457114815712,0.07837881147861481,0.05001262575387955,0.06671755015850067,0.07342413812875748
537,17.9,,,,insightface_bbox,0.6438339948654175,118.7431411743164,624.1170043945312,838.3114013671875,2425.993896484375,0,0,0,0,0,0,0,0,0,0,0,0,0.048852186650037766,0.03274178504943848,0.15072806179523468,0.048369694501161575,0.011110842227935791,0.03003114089369774,0.013897842727601528,0.04021733999252319,0.0792132019996643,0.05059509724378586,0.08104119449853897,0.08209648728370667
538,17.933333333333334,,,,insightface_bbox,0.6438339948654175,118.7431411743164,624.1170043945312,838.3114013671875,2425.993896484375,0,0,0,0,0,0,0,0,0,0,0,0,0.05133792385458946,0.0358629934489727,0.16442838311195374,0.057853180915117264,0.01255505345761776,0.03271356597542763,0.015675513073801994,0.044434405863285065,0.0808030515909195,0.05271395668387413,0.09961645305156708,0.09393310546875
539,17.966666666666665,,,,insightface_bbox,0.6438339948654175,118.7431411743164,624.1170043945312,838.3114013671875,2425.993896484375,0,0,0,0,0,0,0,0,0,0,0,0,0.05343608185648918,0.03804918751120567,0.17581796646118164,0.06297329068183899,0.013844276778399944,0.03515062853693962,0.01731608808040619,0.049029916524887085,0.08457734435796738,0.05551820620894432,0.11447788774967194,0.10377626866102219
540,18.0,,,,insightface_bbox,0.609365701675415,120.57762145996094,623.2416381835938,842.6451416015625,2455.844970703125,0,0,0,0,0,0,0,0,0,0,0,0,0.05019647628068924,0.0359281450510025,0.15853671729564667,0.05709204822778702,0.013691545464098454,0.03458145633339882,0.01666199043393135,0.0463675893843174,0.08178479969501495,0.054902102798223495,0.10656031966209412,0.09640660136938095
541,18.033333333333335,,,,insightface_bbox,0.609365701675415,120.57762145996094,623.2416381835938,842.6451416015625,2455.844970703125,0,0,0,0,0,0,0,0,0,0,0,0,0.04596320912241936,0.03250763937830925,0.15244752168655396,0.04755830764770508,0.013045779429376125,0.03341178596019745,0.016295580193400383,0.04461125284433365,0.08177053183317184,0.05428990349173546,0.09852050244808197,0.08843614161014557
542,18.066666666666666,,,,insightface_bbox,0.609365701675415,120.57762145996094,623.2416381835938,842.6451416015625,2455.844970703125,0,0,0,0,0,0,0,0,0,0,0,0,0.045698415488004684,0.031234629452228546,0.16886085271835327,0.04435606300830841,0.013152752071619034,0.03386674448847771,0.01639658957719803,0.04499534144997597,0.08234702050685883,0.05546819791197777,0.09974175691604614,0.08451990783214569
543,18.1,,,,insightface_bbox,0.609365701675415,120.57762145996094,623.2416381835938,842.6451416015625,2455.844970703125,0,0,0,0,0,0,0,0,0,0,0,0,0.04518147557973862,0.030262690037488937,0.18304592370986938,0.040001608431339264,0.012889952398836613,0.033282894641160965,0.015802498906850815,0.04514118283987045,0.08631478995084763,0.057927124202251434,0.10443717241287231,0.08911730349063873
544,18.133333333333333,,,,insightface_bbox,0.609365701675415,120.57762145996094,623.2416381835938,842.6451416015625,2455.844970703125,0,0,0,0,0,0,0,0,0,0,0,0,0.04595063999295235,0.030501829460263252,0.18541006743907928,0.041795603930950165,0.012642856687307358,0.03276989981532097,0.016101457178592682,0.044440098106861115,0.08741287887096405,0.0557505264878273,0.10536394268274307,0.08812595158815384
545,18.166666666666668,,,,insightface_bbox,0.609365701675415,120.57762145996094,623.2416381835938,842.6451416015625,2455.844970703125,0,0,0,0,0,0,0,0,0,0,0,0,0.044869787991046906,0.030591310933232307,0.16559593379497528,0.04411071538925171,0.01203731819987297,0.03196176886558533,0.015701591968536377,0.04311565309762955,0.0829133465886116,0.052690088748931885,0.10091005265712738,0.08735738694667816
546,18.2,,,,insightface_bbox,0.6429425477981567,115.4913330078125,630.8112182617188,807.5194091796875,2425.62255859375,0,0,0,0,0,0,0,0,0,0,0,0,0.05874799191951752,0.03899858519434929,0.23288704454898834,0.059741564095020294,0.016529172658920288,0.04095558077096939,0.02415592037141323,0.06260156631469727,0.0940098986029625,0.06064783036708832,0.1684374213218689,0.11395279318094254
547,18.233333333333334,,,,insightface_bbox,0.6429425477981567,115.4913330078125,630.8112182617188,807.5194091796875,2425.62255859375,0,0,0,0,0,0,0,0,0,0,0,0,0.05022164434194565,0.03209158033132553,0.20124754309654236,0.046353571116924286,0.013309815898537636,0.03588104620575905,0.018370065838098526,0.054900605231523514,0.08967436850070953,0.05180645361542702,0.12516745924949646,0.08341899514198303
548,18.266666666666666,,,,insightface_bbox,0.6429425477981567,115.4913330078125,630.8112182617188,807.5194091796875,2425.62255859375,0,0,0,0,0,0,0,0,0,0,0,0,0.0492703951895237,0.030107302591204643,0.183230459690094,0.04314160346984863,0.011894562281668186,0.03338447958230972,0.01531030610203743,0.04743356257677078,0.0902957171201706,0.05173599347472191,0.12792235612869263,0.07897067815065384
549,18.3,,,,insightface_bbox,0.6429425477981567,115.4913330078125,630.8112182617188,807.5194091796875,2425.62255859375,0,0,0,0,0,0,0,0,0,0,0,0,0.04715019464492798,0.02801056206226349,0.19880376756191254,0.03805849328637123,0.011157565750181675,0.031198609620332718,0.014155248180031776,0.044534601271152496,0.08379118144512177,0.049463436007499695,0.12369927763938904,0.07176609337329865
550,18.333333333333332,,,,insightface_bbox,0.6429425477981567,115.4913330078125,630.8112182617188,807.5194091796875,2425.62255859375,0,0,0,0,0,0,0,0,0,0,0,0,0.04940870404243469,0.02814665250480175,0.19533173739910126,0.03656664118170738,0.011060263961553574,0.030297746881842613,0.013923058286309242,0.045039549469947815,0.08604001253843307,0.048525724560022354,0.11384846270084381,0.06932668387889862
551,18.366666666666667,,,,insightface_bbox,0.6429425477981567,115.4913330078125,630.8112182617188,807.5194091796875,2425.62255859375,0,0,0,0,0,0,0,0,0,0,0,0,0.04666512459516525,0.027587899938225746,0.1755918562412262,0.035447604954242706,0.01072679553180933,0.029488354921340942,0.014559846371412277,0.04438227042555809,0.08235242962837219,0.049018267542123795,0.09719307720661163,0.06441450864076614
552,18.4,,,,insightface_bbox,0.6177998185157776,64.87989044189453,584.035400390625,845.6351928710938,2500.2607421875,0,0,0,0,0,0,0,0,0,0,0,0,0.07782889902591705,0.057492733001708984,0.2514478266239166,0.11499502509832382,0.01673118583858013,0.038695961236953735,0.027058858424425125,0.06459628790616989,0.10210974514484406,0.07202993333339691,0.05577335134148598,0.08520949631929398
553,18.433333333333334,,,,insightface_bbox,0.6177998185157776,64.87989044189453,584.035400390625,845.6351928710938,2500.2607421875,0,0,0,0,0,0,0,0,0,0,0,0,0.07237263023853302,0.053145766258239746,0.26994749903678894,0.10581951588392258,0.015533939003944397,0.0366654209792614,0.02428777888417244,0.059202998876571655,0.09651769697666168,0.06757629662752151,0.06394413858652115,0.08314172923564911
554,18.466666666666665,,,,insightface_bbox,0.6177998185157776,64.87989044189453,584.035400390625,845.6351928710938,2500.2607421875,0,0,0,0,0,0,0,0,0,0,0,0,0.07305949926376343,0.05375128984451294,0.2680559456348419,0.11113345623016357,0.01540099736303091,0.036106549203395844,0.022753044962882996,0.0607670396566391,0.09414646774530411,0.06695239990949631,0.06688302010297775,0.08219029754400253
555,18.5,,,,insightface_bbox,0.6177998185157776,64.87989044189453,584.035400390625,845.6351928710938,2500.2607421875,0,0,0,0,0,0,0,0,0,0,0,0,0.08042779564857483,0.060570456087589264,0.26657232642173767,0.13397730886936188,0.016820283606648445,0.039522506296634674,0.02651597559452057,0.06523485481739044,0.09752050042152405,0.07082530111074448,0.07451309263706207,0.09194464981555939
556,18.533333333333335,,,,insightface_bbox,0.6177998185157776,64.87989044189453,584.035400390625,845.6351928710938,2500.2607421875,0,0,0,0,0,0,0,0,0,0,0,0,0.08272692561149597,0.06305790692567825,0.23864927887916565,0.13611489534378052,0.017645996063947678,0.040661007165908813,0.029982971027493477,0.06477786600589752,0.10212595760822296,0.07273389399051666,0.0716957300901413,0.09601447731256485
557,18.566666666666666,,,,insightface_bbox,0.6177998185157776,64.87989044189453,584.035400390625,845.6351928710938,2500.2607421875,0,0,0,0,0,0,0,0,0,0,0,0,0.08305280655622482,0.06401588022708893,0.2359492927789688,0.14125096797943115,0.017525434494018555,0.03952817618846893,0.027296489104628563,0.05938216298818588,0.09530942887067795,0.06717482209205627,0.06944064795970917,0.08812058717012405
558,18.6,,,,insightface_bbox,0.6370006799697876,61.73906707763672,585.1962890625,844.7761840820312,2516.752197265625,0,0,0,0,0,0,0,0,0,0,0,0,0.0905284732580185,0.06887145340442657,0.28211507201194763,0.15255050361156464,0.018903683871030807,0.042396076023578644,0.030729928985238075,0.06740660220384598,0.09589093923568726,0.06836968660354614,0.07004120945930481,0.09041324257850647
559,18.633333333333333,,,,insightface_bbox,0.6370006799697876,61.73906707763672,585.1962890625,844.7761840820312,2516.752197265625,0,0,0,0,0,0,0,0,0,0,0,0,0.08640110492706299,0.06657068431377411,0.2413199096918106,0.1458672285079956,0.018590649589896202,0.039679888635873795,0.027856530621647835,0.06530977040529251,0.09627725183963776,0.06797431409358978,0.0612967386841774,0.08975028246641159
560,18.666666666666668,,,,insightface_bbox,0.6370006799697876,61.73906707763672,585.1962890625,844.7761840820312,2516.752197265625,0,0,0,0,0,0,0,0,0,0,0,0,0.08836139738559723,0.06738577783107758,0.2657005786895752,0.14647933840751648,0.01905979961156845,0.04110042378306389,0.02758956328034401,0.06985683739185333,0.09655320644378662,0.0699867382645607,0.06439574807882309,0.09288321435451508
561,18.7,,,,insightface_bbox,0.6370006799697876,61.73906707763672,585.1962890625,844.7761840820312,2516.752197265625,0,0,0,0,0,0,0,0,0,0,0,0,0.08311759680509567,0.06389407068490982,0.2540322542190552,0.13803474605083466,0.01980755850672722,0.040320612490177155,0.026363229379057884,0.06866130232810974,0.09602633118629456,0.06842437386512756,0.06304843723773956,0.09065226465463638
562,18.733333333333334,,,,insightface_bbox,0.6370006799697876,61.73906707763672,585.1962890625,844.7761840820312,2516.752197265625,0,0,0,0,0,0,0,0,0,0,0,0,0.08057056367397308,0.06037992238998413,0.2455073595046997,0.12615761160850525,0.01974719762802124,0.040288399904966354,0.026559576392173767,0.06985024362802505,0.10177633166313171,0.07032220810651779,0.06336130946874619,0.09176306426525116
563,18.766666666666666,,,,insightface_bbox,0.6370006799697876,61.73906707763672,585.1962890625,844.7761840820312,2516.752197265625,0,0,0,0,0,0,0,0,0,0,0,0,0.08171382546424866,0.059931766241788864,0.23221933841705322,0.1199689581990242,0.019521620124578476,0.039863359183073044,0.026318464428186417,0.0682080090045929,0.10414738953113556,0.07080905139446259,0.06358028203248978,0.0921296700835228
564,18.8,,,,insightface_bbox,0.6192261576652527,36.22799301147461,623.1497192382812,825.7593383789062,2478.840087890625,0,0,0,0,0,0,0,0,0,0,0,0,0.06880706548690796,0.04762983322143555,0.26936936378479004,0.09049104154109955,0.019719332456588745,0.03963874652981758,0.028172088786959648,0.07325495779514313,0.11115224659442902,0.0735657811164856,0.062187738716602325,0.09025757014751434
565,18.833333333333332,,,,insightface_bbox,0.6192261576652527,36.22799301147461,623.1497192382812,825.7593383789062,2478.840087890625,0,0,0,0,0,0,0,0,0,0,0,0,0.06434348225593567,0.04464852064847946,0.23669594526290894,0.0827983021736145,0.01753338985145092,0.03697352111339569,0.026596739888191223,0.06456132978200912,0.1077360212802887,0.0685141533613205,0.05223270133137703,0.08008803427219391
566,18.866666666666667,,,,insightface_bbox,0.6192261576652527,36.22799301147461,623.1497192382812,825.7593383789062,2478.840087890625,0,0,0,0,0,0,0,0,0,0,0,0,0.06826372444629669,0.04688891023397446,0.26642176508903503,0.08800116181373596,0.017404578626155853,0.03779672086238861,0.02745400182902813,0.065134696662426,0.11165367066860199,0.07035861164331436,0.053312502801418304,0.08380670100450516
567,18.9,,,,insightface_bbox,0.6192261576652527,36.22799301147461,623.1497192382812,825.7593383789062,2478.840087890625,0,0,0,0,0,0,0,0,0,0,0,0,0.06516992300748825,0.0456780344247818,0.24540957808494568,0.08303087949752808,0.01799836941063404,0.03818829357624054,0.028700988739728928,0.06919553130865097,0.11338059604167938,0.07344632595777512,0.05574232339859009,0.08712927997112274
568,18.933333333333334,,,,insightface_bbox,0.6192261576652527,36.22799301147461,623.1497192382812,825.7593383789062,2478.840087890625,0,0,0,0,0,0,0,0,0,0,0,0,0.06640300899744034,0.046622708439826965,0.24750277400016785,0.08508218824863434,0.017966901883482933,0.03844381868839264,0.029796529561281204,0.07073994725942612,0.11520735919475555,0.07449062168598175,0.05533681809902191,0.08970099687576294
569,18.966666666666665,,,,insightface_bbox,0.6192261576652527,36.22799301147461,623.1497192382812,825.7593383789062,2478.840087890625,0,0,0,0,0,0,0,0,0,0,0,0,0.06990836560726166,0.049035586416721344,0.27637729048728943,0.09415435791015625,0.018245114013552666,0.03982856497168541,0.031701818108558655,0.07114157825708389,0.11514642834663391,0.07424835860729218,0.05691123008728027,0.08869819343090057
570,19.0,,,,insightface_bbox,0.6213264465332031,49.47675323486328,621.550048828125,843.400390625,2457.5849609375,0,0,1,0,0,0,0,0,0,0,0,0,0.07219798862934113,0.04910200834274292,0.27366721630096436,0.09731952100992203,0.016421586275100708,0.036071524024009705,0.02441566064953804,0.0601784810423851,0.10209456831216812,0.06695567816495895,0.052022986114025116,0.0796760693192482
571,19.033333333333335,,,,insightface_bbox,0.6213264465332031,49.47675323486328,621.550048828125,843.400390625,2457.5849609375,0,0,0,0,0,0,0,0,0,0,0,0,0.07402430474758148,0.05044107139110565,0.2571222186088562,0.10024509578943253,0.017103487625718117,0.0375668965280056,0.02627827227115631,0.06421823799610138,0.10716692358255386,0.07026516646146774,0.05194777250289917,0.08325204998254776
572,19.066666666666666,,,,insightface_bbox,0.6213264465332031,49.47675323486328,621.550048828125,843.400390625,2457.5849609375,0,0,0,0,0,0,0,0,0,0,0,0,0.06443270295858383,0.0460229255259037,0.2195604145526886,0.08270927518606186,0.017774930223822594,0.0382675975561142,0.027067584916949272,0.07245705276727676,0.10817137360572815,0.07853273302316666,0.061151254922151566,0.09209281206130981
573,19.1,,,,insightface_bbox,0.6213264465332031,49.47675323486328,621.550048828125,843.400390625,2457.5849609375,0,0,0,0,0,0,0,0,0,0,0,0,0.0733589380979538,0.05564308911561966,0.251725971698761,0.11194438487291336,0.020977046340703964,0.04367172718048096,0.030199170112609863,0.0787106305360794,0.10781724750995636,0.07788927853107452,0.08147656917572021,0.1102573499083519
574,19.133333333333333,,,,insightface_bbox,0.6213264465332031,49.47675323486328,621.550048828125,843.400390625,2457.5849609375,0,0,0,0,0,0,0,0,0,0,0,0,0.08690035343170166,0.06489668786525726,0.2805558443069458,0.14854799211025238,0.023291397839784622,0.046789925545454025,0.03329877555370331,0.0836464911699295,0.11136048287153244,0.08012761175632477,0.09460281580686569,0.11592891067266464
575,19.166666666666668,,,,insightface_bbox,0.6213264465332031,49.47675323486328,621.550048828125,843.400390625,2457.5849609375,0,0,0,0,0,0,0,0,0,0,0,0,0.07905477285385132,0.05733182281255722,0.2564433813095093,0.13178502023220062,0.020527390763163567,0.04207071661949158,0.028952933847904205,0.07703268527984619,0.10960624366998672,0.07746334373950958,0.06890048086643219,0.09467460215091705
576,19.2,,,,insightface_bbox,0.6169333457946777,89.64868927001953,606.6740112304688,845.0311279296875,2477.959716796875,0,0,1,0,0,0,0,0,0,0,0,0,0.06776183098554611,0.045869581401348114,0.2854880094528198,0.08820103108882904,0.01772930659353733,0.038642317056655884,0.024815630167722702,0.07203762233257294,0.09725512564182281,0.07293016463518143,0.0820307806134224,0.08764636516571045
577,19.233333333333334,,,,insightface_bbox,0.6169333457946777,89.64868927001953,606.6740112304688,845.0311279296875,2477.959716796875,0,0,1,0,0,0,0,0,0,0,0,0,0.0739232525229454,0.04464685544371605,0.30803608894348145,0.08534915745258331,0.01562625542283058,0.034612637013196945,0.020514048635959625,0.06286241114139557,0.09939643740653992,0.06899034976959229,0.07246366143226624,0.085462786257267
578,19.266666666666666,,,,insightface_bbox,0.6169333457946777,89.64868927001953,606.6740112304688,845.0311279296875,2477.959716796875,0,0,0,0,0,0,0,0,0,0,0,0,0.06213650479912758,0.0419517457485199,0.23636841773986816,0.0793684720993042,0.014765458181500435,0.03274856507778168,0.018413245677947998,0.05513393133878708,0.09059688448905945,0.06193825975060463,0.06796418130397797,0.08418682962656021
579,19.3,,,,insightface_bbox,0.6169333457946777,89.64868927001953,606.6740112304688,845.0311279296875,2477.959716796875,0,0,0,0,0,0,0,0,0,0,0,0,0.06421525776386261,0.04484770447015762,0.22605933248996735,0.08517563343048096,0.015443283133208752,0.03577515110373497,0.02059612050652504,0.05963138863444328,0.09964187443256378,0.06642457842826843,0.07629162818193436,0.09142711013555527
580,19.333333333333332,,,,insightface_bbox,0.6169333457946777,89.64868927001953,606.6740112304688,845.0311279296875,2477.959716796875,0,0,0,0,0,0,0,0,0,0,0,0,0.06881725788116455,0.04991000518202782,0.24307885766029358,0.0986444354057312,0.016971975564956665,0.038878947496414185,0.02384178154170513,0.06464704126119614,0.09989835321903229,0.06845488399267197,0.0895606279373169,0.10330581665039062
581,19.366666666666667,,,,insightface_bbox,0.6169333457946777,89.64868927001953,606.6740112304688,845.0311279296875,2477.959716796875,0,0,0,0,0,0,0,0,0,0,0,0,0.061824433505535126,0.04379658401012421,0.23370471596717834,0.0800919458270073,0.015974802896380424,0.0359061062335968,0.021887345239520073,0.06029241159558296,0.09827225655317307,0.06620696932077408,0.0772264301776886,0.09289136528968811
582,19.4,,,,insightface_bbox,0.6429232358932495,87.37320709228516,602.3941040039062,829.38232421875,2502.986083984375,0,0,0,0,0,0,0,0,0,0,0,0,0.06301850080490112,0.04244541376829147,0.21930791437625885,0.07402875274419785,0.014896201901137829,0.03371833264827728,0.020271314308047295,0.05871547386050224,0.10057857632637024,0.0677662342786789,0.07624725997447968,0.10079216957092285
583,19.433333333333334,,,,insightface_bbox,0.6429232358932495,87.37320709228516,602.3941040039062,829.38232421875,2502.986083984375,0,0,0,0,0,0,0,0,0,0,0,0,0.05511357635259628,0.036825135350227356,0.17930246889591217,0.060429755598306656,0.013241887092590332,0.029606902971863747,0.01655554212629795,0.05229983478784561,0.09370814263820648,0.06254193186759949,0.06321626156568527,0.08756504952907562
584,19.466666666666665,,,,insightface_bbox,0.6429232358932495,87.37320709228516,602.3941040039062,829.38232421875,2502.986083984375,0,0,0,0,0,0,0,0,0,0,0,0,0.05232498422265053,0.03453333303332329,0.15883681178092957,0.05543792247772217,0.013232343830168247,0.028693415224552155,0.01631675474345684,0.055049315094947815,0.09578127413988113,0.06356944888830185,0.06567799299955368,0.0889625996351242
585,19.5,,,,insightface_bbox,0.6429232358932495,87.37320709228516,602.3941040039062,829.38232421875,2502.986083984375,0,0,0,0,0,0,0,0,0,0,0,0,0.05400431901216507,0.035231053829193115,0.16614051163196564,0.056690752506256104,0.013178103603422642,0.02935894764959812,0.01632099412381649,0.055668704211711884,0.09579411894083023,0.0637996643781662,0.0668746829032898,0.0905667394399643
586,19.533333333333335,,,,insightface_bbox,0.6429232358932495,87.37320709228516,602.3941040039062,829.38232421875,2502.986083984375,0,0,0,0,0,0,0,0,0,0,0,0,0.05337327718734741,0.03523222729563713,0.15562136471271515,0.05777168273925781,0.013233400881290436,0.029710553586483,0.016835253685712814,0.05685998499393463,0.09719523787498474,0.06462513655424118,0.07007000595331192,0.0917273610830307
587,19.566666666666666,,,,insightface_bbox,0.6429232358932495,87.37320709228516,602.3941040039062,829.38232421875,2502.986083984375,0,0,0,0,0,0,0,0,0,0,0,0,0.0536271408200264,0.03533772751688957,0.15706183016300201,0.059160999953746796,0.013316855765879154,0.029853545129299164,0.017072338610887527,0.055366311222314835,0.09730148315429688,0.06422271579504013,0.07119443267583847,0.09123073518276215
588,19.6,,,,insightface_bbox,0.6413871645927429,89.03581237792969,606.5885620117188,834.9237060546875,2483.384765625,0,0,0,0,0,0,0,0,0,0,0,0,0.05604555830359459,0.0383373387157917,0.18914827704429626,0.06763000786304474,0.013125624507665634,0.03131001815199852,0.016227779909968376,0.05404939502477646,0.09644807875156403,0.06387404352426529,0.06471341103315353,0.08385398238897324
589,19.633333333333333,,,,insightface_bbox,0.6413871645927429,89.03581237792969,606.5885620117188,834.9237060546875,2483.384765625,0,0,0,0,0,0,0,0,0,0,0,0,0.05908124893903732,0.04180825874209404,0.21193765103816986,0.0812147706747055,0.014815501868724823,0.034601688385009766,0.01905933767557144,0.059179432690143585,0.09571519494056702,0.06401219964027405,0.08139306306838989,0.08989762514829636
590,19.666666666666668,,,,insightface_bbox,0.6413871645927429,89.03581237792969,606.5885620117188,834.9237060546875,2483.384765625,0,0,0,0,0,0,0,0,0,0,0,0,0.07193327695131302,0.05206137150526047,0.269756555557251,0.11653193086385727,0.017366643995046616,0.03944840282201767,0.024887507781386375,0.06571456044912338,0.09795376658439636,0.06726257503032684,0.11032641679048538,0.11110662668943405
591,19.7,,,,insightface_bbox,0.6413871645927429,89.03581237792969,606.5885620117188,834.9237060546875,2483.384765625,0,0,0,0,0,0,0,0,0,0,0,0,0.06652318686246872,0.048858463764190674,0.22003936767578125,0.09963858872652054,0.017600901424884796,0.04223991557955742,0.025947371497750282,0.06728621572256088,0.09694025665521622,0.0697278156876564,0.11117888987064362,0.11395860463380814
592,19.733333333333334,,,,insightface_bbox,0.6413871645927429,89.03581237792969,606.5885620117188,834.9237060546875,2483.384765625,0,0,0,0,0,0,0,0,0,0,0,0,0.06806910783052444,0.04500565677881241,0.22156855463981628,0.08281949907541275,0.01639176905155182,0.04233390465378761,0.02387130819261074,0.06248559057712555,0.10598449409008026,0.07071281969547272,0.11376497149467468,0.11307264864444733
593,19.766666666666666,,,,insightface_bbox,0.6413871645927429,89.03581237792969,606.5885620117188,834.9237060546875,2483.384765625,0,0,0,0,0,0,0,0,0,0,0,0,0.06398192793130875,0.04263628274202347,0.20792455971240997,0.07616567611694336,0.014797764830291271,0.038995057344436646,0.020580163225531578,0.05625944957137108,0.09713544696569443,0.06502654403448105,0.09261918067932129,0.09763654321432114
594,19.8,,,,insightface_bbox,0.6450126767158508,109.3785400390625,610.0858154296875,830.97021484375,2452.3154296875,0,0,0,0,0,0,0,0,0,0,0,0,0.05700919032096863,0.034542474895715714,0.18287433683872223,0.050762057304382324,0.011279143393039703,0.033523570746183395,0.014379196800291538,0.039341095834970474,0.09155713021755219,0.05342615395784378,0.09853772073984146,0.08549488335847855
595,19.833333333333332,,,,insightface_bbox,0.6450126767158508,109.3785400390625,610.0858154296875,830.97021484375,2452.3154296875,0,0,0,0,0,0,0,0,0,0,0,0,0.05196920037269592,0.03242386132478714,0.1651686578989029,0.04632868245244026,0.010203830897808075,0.030246995389461517,0.01290819700807333,0.037606969475746155,0.08532143384218216,0.05040975287556648,0.08676071465015411,0.07967895269393921
596,19.866666666666667,,,,insightface_bbox,0.6450126767158508,109.3785400390625,610.0858154296875,830.97021484375,2452.3154296875,0,0,0,0,0,0,0,0,0,0,0,0,0.05027581751346588,0.032881394028663635,0.1441226750612259,0.04836190491914749,0.01149819977581501,0.030296441167593002,0.014031818136572838,0.04421202465891838,0.0889945924282074,0.054547592997550964,0.08665411174297333,0.08536431193351746
597,19.9,,,,insightface_bbox,0.6450126767158508,109.3785400390625,610.0858154296875,830.97021484375,2452.3154296875,0,0,0,0,0,0,0,0,0,0,0,0,0.05418557673692703,0.035650692880153656,0.15318083763122559,0.054166536778211594,0.012688621878623962,0.03204609081149101,0.0154978446662426,0.047998592257499695,0.09283371269702911,0.058475133031606674,0.09252917766571045,0.09632415324449539
598,19.933333333333334,,,,insightface_bbox,0.6450126767158508,109.3785400390625,610.0858154296875,830.97021484375,2452.3154296875,0,0,0,0,0,0,0,0,0,0,0,0,0.05776889994740486,0.03793114051222801,0.16785971820354462,0.05822533741593361,0.013288120739161968,0.03342114016413689,0.0162985697388649,0.0516364723443985,0.09577374905347824,0.06161485239863396,0.09697559475898743,0.10390564799308777
599,19.966666666666665,,,,insightface_bbox,0.6450126767158508,109.3785400390625,610.0858154296875,830.97021484375,2452.3154296875,0,0,0,0,0,0,0,0,0,0,0,0,0.05366626754403114,0.03489440679550171,0.15510940551757812,0.05187235400080681,0.011831480078399181,0.031110960990190506,0.014340810477733612,0.04690196365118027,0.09239093959331512,0.05706898495554924,0.08947388827800751,0.09302369505167007
600,20.0,,,,insightface_bbox,0.6215057373046875,77.70745086669922,593.5502319335938,842.285400390625,2446.7353515625,0,0,0,0,0,0,0,0,0,0,0,0,0.05719081312417984,0.039039306342601776,0.1854878067970276,0.0729479193687439,0.013921622186899185,0.03594808652997017,0.02223457209765911,0.05596982315182686,0.10135259479284286,0.06107641011476517,0.08233632147312164,0.08251607418060303
601,20.033333333333335,,,,insightface_bbox,0.6215057373046875,77.70745086669922,593.5502319335938,842.285400390625,2446.7353515625,0,0,0,0,0,0,0,0,0,0,0,0,0.05686359852552414,0.0397026501595974,0.18575811386108398,0.07665814459323883,0.01402396708726883,0.03621862456202507,0.023348651826381683,0.05688782036304474,0.09967584162950516,0.06106242537498474,0.08463731408119202,0.08335798978805542
602,20.066666666666666,,,,insightface_bbox,0.6215057373046875,77.70745086669922,593.5502319335938,842.285400390625,2446.7353515625,0,0,0,0,0,0,0,0,0,0,0,0,0.05776498094201088,0.04019703343510628,0.1907300353050232,0.07953770458698273,0.014071994461119175,0.03602534905076027,0.023172598332166672,0.05630084127187729,0.10016440600156784,0.061655931174755096,0.08413691818714142,0.08295328170061111
603,20.1,,,,insightface_bbox,0.6215057373046875,77.70745086669922,593.5502319335938,842.285400390625,2446.7353515625,0,0,0,0,0,0,0,0,0,0,0,0,0.05560985952615738,0.037459809333086014,0.17939837276935577,0.07022510468959808,0.013440911658108234,0.03318909928202629,0.020242983475327492,0.05360028147697449,0.0985770970582962,0.06027667969465256,0.07444991171360016,0.07603498548269272
604,20.133333333333333,,,,insightface_bbox,0.6215057373046875,77.70745086669922,593.5502319335938,842.285400390625,2446.7353515625,0,0,0,0,0,0,0,0,0,0,0,0,0.053382668644189835,0.03547908365726471,0.19479778409004211,0.06402253359556198,0.013929799199104309,0.034217625856399536,0.020336929708719254,0.052637651562690735,0.09602140635251999,0.06060972809791565,0.07032434642314911,0.0740441381931305
605,20.166666666666668,,,,insightface_bbox,0.6215057373046875,77.70745086669922,593.5502319335938,842.285400390625,2446.7353515625,0,0,0,0,0,0,0,0,0,0,0,0,0.05540888383984566,0.03712031617760658,0.19788897037506104,0.06936010718345642,0.014667358249425888,0.034765928983688354,0.021635863929986954,0.05507891997694969,0.09772093594074249,0.0626102015376091,0.07411997020244598,0.07677186280488968
606,20.2,,,,insightface_bbox,0.64266037940979,59.6435546875,615.5509033203125,823.0902709960938,2415.93505859375,0,0,0,0,0,0,0,0,0,0,0,0,0.06053425371646881,0.04192173108458519,0.20699568092823029,0.081990547478199,0.015339083038270473,0.035833243280649185,0.024412890896201134,0.061070218682289124,0.09816138446331024,0.06567131727933884,0.08276379108428955,0.08322867751121521
607,20.233333333333334,,,,insightface_bbox,0.64266037940979,59.6435546875,615.5509033203125,823.0902709960938,2415.93505859375,0,0,0,0,0,0,0,0,0,0,0,0,0.06151079759001732,0.04450163245201111,0.21406441926956177,0.08514465391635895,0.01607806608080864,0.039722129702568054,0.028716670349240303,0.0696902871131897,0.1057661920785904,0.07488924264907837,0.08681581914424896,0.09874311089515686
608,20.266666666666666,,,,insightface_bbox,0.64266037940979,59.6435546875,615.5509033203125,823.0902709960938,2415.93505859375,0,0,0,0,0,0,0,0,0,0,0,0,0.0623340904712677,0.045488592237234116,0.21140488982200623,0.08916009962558746,0.016382016241550446,0.04007482901215553,0.029800821095705032,0.0685025230050087,0.10779942572116852,0.07510000467300415,0.08558577299118042,0.10358633100986481
609,20.3,,,,insightface_bbox,0.64266037940979,59.6435546875,615.5509033203125,823.0902709960938,2415.93505859375,0,0,0,0,0,0,0,0,0,0,0,0,0.06149935722351074,0.04477430880069733,0.1957750916481018,0.08376725763082504,0.01648622564971447,0.03918934613466263,0.03023047372698784,0.06331177800893784,0.10824613273143768,0.07398328930139542,0.07857048511505127,0.0987585261464119
610,20.333333333333332,,,,insightface_bbox,0.64266037940979,59.6435546875,615.5509033203125,823.0902709960938,2415.93505859375,0,0,0,0,0,0,0,0,0,0,0,0,0.05949951335787773,0.04304901510477066,0.18828853964805603,0.08117600530385971,0.015545478090643883,0.03729236125946045,0.02717214822769165,0.057179443538188934,0.10413604974746704,0.06900271773338318,0.06835731118917465,0.08986996114253998
611,20.366666666666667,,,,insightface_bbox,0.64266037940979,59.6435546875,615.5509033203125,823.0902709960938,2415.93505859375,0,0,0,0,0,0,0,0,0,0,0,0,0.058336079120635986,0.04130535200238228,0.1919044852256775,0.0769827663898468,0.01600305736064911,0.038262054324150085,0.026419732719659805,0.054496344178915024,0.10032126307487488,0.0662657842040062,0.07309398055076599,0.08832171559333801
612,20.4,,,,insightface_bbox,0.6668848991394043,96.01519012451172,610.3974609375,831.970703125,2426.33203125,0,0,0,0,0,0,0,0,0,0,0,0,0.06592421233654022,0.045301612466573715,0.22308948636054993,0.08934899419546127,0.015958599746227264,0.038142673671245575,0.0214591883122921,0.057434361428022385,0.0829758495092392,0.06231244280934334,0.09060205519199371,0.10088616609573364
613,20.433333333333334,,,,insightface_bbox,0.6668848991394043,96.01519012451172,610.3974609375,831.970703125,2426.33203125,0,0,0,0,0,0,0,0,0,0,0,0,0.06643430143594742,0.046308085322380066,0.22760379314422607,0.1001124158501625,0.017456810921430588,0.03880493715405464,0.02370094694197178,0.06092317774891853,0.08215644955635071,0.06382270902395248,0.10271055996417999,0.10299432277679443
614,20.466666666666665,,,,insightface_bbox,0.6668848991394043,96.01519012451172,610.3974609375,831.970703125,2426.33203125,0,0,0,0,0,0,0,0,0,0,0,0,0.06524977087974548,0.04643261060118675,0.20966660976409912,0.10129892826080322,0.017112990841269493,0.0379762277007103,0.02417687140405178,0.06346122920513153,0.08449721336364746,0.06560728698968887,0.10815852880477905,0.10996333509683609
615,20.5,,,,insightface_bbox,0.6668848991394043,96.01519012451172,610.3974609375,831.970703125,2426.33203125,0,0,0,0,0,0,0,0,0,0,0,0,0.06174365431070328,0.04438598453998566,0.18925189971923828,0.09219303727149963,0.015932610258460045,0.03599413111805916,0.022534646093845367,0.06542735546827316,0.08710101991891861,0.06509126722812653,0.09754230082035065,0.10494775325059891
616,20.533333333333335,,,,insightface_bbox,0.6668848991394043,96.01519012451172,610.3974609375,831.970703125,2426.33203125,0,0,0,0,0,0,0,0,0,0,0,0,0.06449678540229797,0.04665425419807434,0.21018236875534058,0.10469891130924225,0.016884995624423027,0.0378119982779026,0.023220403119921684,0.06419116258621216,0.08438174426555634,0.06471992284059525,0.09916163235902786,0.1016714796423912
617,20.566666666666666,,,,insightface_bbox,0.6668848991394043,96.01519012451172,610.3974609375,831.970703125,2426.33203125,0,0,0,0,0,0,0,0,0,0,0,0,0.0636124312877655,0.04434874653816223,0.20231874287128448,0.09276875853538513,0.017153888940811157,0.037652865052223206,0.023947758600115776,0.05686003714799881,0.08305319398641586,0.06182160973548889,0.07994379103183746,0.08915191888809204
618,20.6,,,,insightface_bbox,0.6333244442939758,111.69437408447266,615.1785278320312,842.3871459960938,2436.54541015625,0,0,0,0,0,0,0,0,0,0,0,0,0.059331540018320084,0.03834863752126694,0.17716223001480103,0.06650685518980026,0.013158826157450676,0.033033326268196106,0.019295725971460342,0.048340898007154465,0.09037019312381744,0.060051120817661285,0.0675988644361496,0.0903460681438446
619,20.633333333333333,,,,insightface_bbox,0.6333244442939758,111.69437408447266,615.1785278320312,842.3871459960938,2436.54541015625,0,0,0,0,0,0,0,0,0,0,0,0,0.058045048266649246,0.038676097989082336,0.17010889947414398,0.06711891293525696,0.014022080227732658,0.03372480347752571,0.018745945766568184,0.05073027312755585,0.08900263905525208,0.05929306149482727,0.07163789868354797,0.09154205024242401
620,20.666666666666668,,,,insightface_bbox,0.6333244442939758,111.69437408447266,615.1785278320312,842.3871459960938,2436.54541015625,0,0,0,0,0,0,0,0,0,0,0,0,0.06254491209983826,0.04095524922013283,0.18743307888507843,0.07307474315166473,0.014844169840216637,0.03478538990020752,0.01929260976612568,0.05068439617753029,0.08755820989608765,0.05976957082748413,0.06823448836803436,0.08700819313526154
621,20.7,,,,insightface_bbox,0.6333244442939758,111.69437408447266,615.1785278320312,842.3871459960938,2436.54541015625,0,0,0,0,0,0,0,0,0,0,0,0,0.0678158551454544,0.044838715344667435,0.22261211276054382,0.0817316472530365,0.015690458938479424,0.03821249678730965,0.023259781301021576,0.05614696443080902,0.08833616226911545,0.06332999467849731,0.08935912698507309,0.09995497763156891
622,20.733333333333334,,,,insightface_bbox,0.6333244442939758,111.69437408447266,615.1785278320312,842.3871459960938,2436.54541015625,0,0,0,0,0,0,0,0,0,0,0,0,0.06336826086044312,0.04230441153049469,0.2019292712211609,0.06998028606176376,0.014678644947707653,0.03694210201501846,0.024242941290140152,0.06177719682455063,0.09472252428531647,0.06529533118009567,0.0861736536026001,0.09675350040197372
623,20.766666666666666,,,,insightface_bbox,0.6333244442939758,111.69437408447266,615.1785278320312,842.3871459960938,2436.54541015625,0,0,0,0,0,0,0,0,0,0,0,0,0.06716733425855637,0.04524737969040871,0.19820308685302734,0.07464530318975449,0.014528485015034676,0.03750457987189293,0.023402424529194832,0.0605064332485199,0.09481498599052429,0.06570877879858017,0.08656620234251022,0.10409539937973022
624,20.8,,,,insightface_bbox,0.6394002437591553,78.95010375976562,597.4058227539062,817.8933715820312,2469.23876953125,0,0,0,0,0,0,0,0,0,0,0,0,0.06145010143518448,0.04281330481171608,0.1872677505016327,0.07335138320922852,0.013749927282333374,0.03461798280477524,0.01983959972858429,0.056360967457294464,0.09668006002902985,0.06527732312679291,0.08116865158081055,0.10326342284679413
625,20.833333333333332,,,,insightface_bbox,0.6394002437591553,78.95010375976562,597.4058227539062,817.8933715820312,2469.23876953125,0,0,0,0,0,0,0,0,0,0,0,0,0.05695944279432297,0.040174923837184906,0.17095360159873962,0.06758799403905869,0.013367477804422379,0.034143343567848206,0.019251808524131775,0.05436185374855995,0.09401578456163406,0.06268825381994247,0.07894399762153625,0.0979539304971695
626,20.866666666666667,,,,insightface_bbox,0.6394002437591553,78.95010375976562,597.4058227539062,817.8933715820312,2469.23876953125,0,0,0,0,0,0,0,0,0,0,0,0,0.060174569487571716,0.04424574226140976,0.1969628632068634,0.09017141163349152,0.016710523515939713,0.03883173316717148,0.023453105241060257,0.07075971364974976,0.0921422690153122,0.0680081844329834,0.10487176477909088,0.11337428539991379
627,20.9,,,,insightface_bbox,0.6394002437591553,78.95010375976562,597.4058227539062,817.8933715820312,2469.23876953125,0,0,0,0,0,0,0,0,0,0,0,0,0.060357000678777695,0.04457671567797661,0.21335439383983612,0.09262688457965851,0.01666337065398693,0.03939402103424072,0.023997223004698753,0.07026916742324829,0.09128817915916443,0.06725842505693436,0.11015728861093521,0.11116859316825867
628,20.933333333333334,,,,insightface_bbox,0.6394002437591553,78.95010375976562,597.4058227539062,817.8933715820312,2469.23876953125,0,0,0,0,0,0,0,0,0,0,0,0,0.06107313185930252,0.04454653710126877,0.24041476845741272,0.09436037391424179,0.017069967463612556,0.040526073426008224,0.024482959881424904,0.06936950981616974,0.09216029942035675,0.06687706708908081,0.1101951003074646,0.10795967280864716
629,20.966666666666665,,,,insightface_bbox,0.6394002437591553,78.95010375976562,597.4058227539062,817.8933715820312,2469.23876953125,0,0,0,0,0,0,0,0,0,0,0,0,0.06420862674713135,0.04655368998646736,0.2489299327135086,0.0976010337471962,0.016968781128525734,0.04134117066860199,0.024028969928622246,0.06589313596487045,0.09542406350374222,0.06783633679151535,0.10991137474775314,0.11764881014823914
630,21.0,,,,insightface_bbox,0.6844784617424011,87.44189453125,615.79443359375,805.67724609375,2452.66796875,0,0,0,0,0,0,0,0,0,0,0,0,0.05525452643632889,0.03567679971456528,0.17958638072013855,0.05350199341773987,0.011977043002843857,0.03167270869016647,0.017173627391457558,0.04419815167784691,0.08091773092746735,0.05322962626814842,0.07590334862470627,0.08104740083217621
631,21.033333333333335,,,,insightface_bbox,0.6844784617424011,87.44189453125,615.79443359375,805.67724609375,2452.66796875,0,0,0,0,0,0,0,0,0,0,0,0,0.05415959283709526,0.03570745140314102,0.17749759554862976,0.054077498614788055,0.012176502496004105,0.03289476037025452,0.018387477844953537,0.0455334447324276,0.08446528762578964,0.055535413324832916,0.07741913944482803,0.08134700357913971
632,21.066666666666666,,,,insightface_bbox,0.6844784617424011,87.44189453125,615.79443359375,805.67724609375,2452.66796875,0,0,0,0,0,0,0,0,0,0,0,0,0.054261792451143265,0.03568614274263382,0.1851334571838379,0.05403754115104675,0.012125465087592602,0.03306538611650467,0.01789223589003086,0.04537331312894821,0.08487143367528915,0.0550064891576767,0.08159804344177246,0.08291633427143097
633,21.1,,,,insightface_bbox,0.6844784617424011,87.44189453125,615.79443359375,805.67724609375,2452.66796875,0,0,0,0,0,0,0,0,0,0,0,0,0.0535091906785965,0.034956421703100204,0.1928236186504364,0.05106512829661369,0.011644788086414337,0.03178907558321953,0.01687662862241268,0.04325653612613678,0.08197832107543945,0.05199677497148514,0.07592467963695526,0.08066792041063309
634,21.133333333333333,,,,insightface_bbox,0.6844784617424011,87.44189453125,615.79443359375,805.67724609375,2452.66796875,0,0,0,0,0,0,0,0,0,0,0,0,0.051857493817806244,0.03441176563501358,0.17915618419647217,0.04998864606022835,0.011598109267652035,0.030654728412628174,0.016904320567846298,0.045006997883319855,0.08105689287185669,0.053007468581199646,0.0792066901922226,0.08739562332630157
635,21.166666666666668,,,,insightface_bbox,0.6844784617424011,87.44189453125,615.79443359375,805.67724609375,2452.66796875,0,0,0,0,0,0,0,0,0,0,0,0,0.0538269504904747,0.03649348020553589,0.18528637290000916,0.055135391652584076,0.011831086128950119,0.03143380954861641,0.017994437366724014,0.0505019910633564,0.08419311046600342,0.05633474886417389,0.08436185121536255,0.09638430178165436
636,21.2,,,,insightface_bbox,0.6644893288612366,85.01953125,599.74951171875,819.4818115234375,2461.549560546875,0,0,0,0,0,0,0,0,0,0,0,0,0.05355590954422951,0.03658080846071243,0.1523331105709076,0.059438738971948624,0.0119157824665308,0.028080187737941742,0.015444443561136723,0.05661502853035927,0.08712674677371979,0.060620807111263275,0.06561581045389175,0.08297297358512878
637,21.233333333333334,,,,insightface_bbox,0.6644893288612366,85.01953125,599.74951171875,819.4818115234375,2461.549560546875,0,0,0,0,0,0,0,0,0,0,0,0,0.051630355417728424,0.03563293069601059,0.1427418440580368,0.05664514750242233,0.0121302530169487,0.028194725513458252,0.015684261918067932,0.05661182850599289,0.08732150495052338,0.06223270669579506,0.0651470497250557,0.0840492844581604
638,21.266666666666666,,,,insightface_bbox,0.6644893288612366,85.01953125,599.74951171875,819.4818115234375,2461.549560546875,0,0,0,0,0,0,0,0,0,0,0,0,0.05609012767672539,0.03893180936574936,0.16664312779903412,0.06462213397026062,0.013038460165262222,0.030589602887630463,0.01800583489239216,0.06066711246967316,0.09112302958965302,0.064376100897789,0.07396115362644196,0.09170026332139969
639,21.3,,,,insightface_bbox,0.6644893288612366,85.01953125,599.74951171875,819.4818115234375,2461.549560546875,0,0,0,0,0,0,0,0,0,0,0,0,0.06755264848470688,0.047622837126255035,0.20103611052036285,0.0800168588757515,0.014511854387819767,0.03706924244761467,0.023036770522594452,0.06126637011766434,0.10092145949602127,0.06923569738864899,0.10076571255922318,0.11784537881612778
640,21.333333333333332,,,,insightface_bbox,0.6644893288612366,85.01953125,599.74951171875,819.4818115234375,2461.549560546875,0,0,0,0,0,0,0,0,0,0,0,0,0.06842800974845886,0.04731559008359909,0.25180402398109436,0.07973696291446686,0.014922619797289371,0.03945807367563248,0.023067515343427658,0.05699986591935158,0.09675472229719162,0.06641988456249237,0.09765222668647766,0.11102993041276932
641,21.366666666666667,,,,insightface_bbox,0.6644893288612366,85.01953125,599.74951171875,819.4818115234375,2461.549560546875,0,0,0,0,0,0,0,0,0,0,0,0,0.06130179017782211,0.0416528657078743,0.22065438330173492,0.07139550894498825,0.014717133715748787,0.03707708790898323,0.021320074796676636,0.052378930151462555,0.08957993239164352,0.06069314479827881,0.08141262829303741,0.08930590748786926
642,21.4,,,,insightface_bbox,0.6618415117263794,94.3232421875,620.7683715820312,834.525634765625,2418.946533203125,0,0,0,0,0,0,0,0,0,0,0,0,0.05358565226197243,0.03873471915721893,0.17257732152938843,0.06866586208343506,0.015095723792910576,0.037736061960458755,0.02268659882247448,0.05470782145857811,0.08763391524553299,0.06496649235486984,0.0728159248828888,0.0893273651599884
643,21.433333333333334,,,,insightface_bbox,0.6618415117263794,94.3232421875,620.7683715820312,834.525634765625,2418.946533203125,0,0,0,0,0,0,0,0,0,0,0,0,0.05241260677576065,0.03953729569911957,0.1742217242717743,0.07474501430988312,0.01658680848777294,0.03733472898602486,0.02391953393816948,0.05996919423341751,0.08672848343849182,0.06619905680418015,0.07760526239871979,0.09536568820476532
644,21.466666666666665,,,,insightface_bbox,0.6618415117263794,94.3232421875,620.7683715820312,834.525634765625,2418.946533203125,0,0,0,0,0,0,0,0,0,0,0,0,0.05448850244283676,0.04132698476314545,0.18292829394340515,0.08627273142337799,0.016420243307948112,0.03706217557191849,0.023855168372392654,0.06305073201656342,0.08607062697410583,0.06735902279615402,0.0803188607096672,0.09862295538187027
645,21.5,,,,insightface_bbox,0.6618415117263794,94.3232421875,620.7683715820312,834.525634765625,2418.946533203125,0,0,0,0,0,0,0,0,0,0,0,0,0.05511612445116043,0.04026755318045616,0.20831513404846191,0.08159749954938889,0.015108524821698666,0.037063684314489365,0.02088364213705063,0.060613349080085754,0.08790953457355499,0.06409916281700134,0.08262243866920471,0.0929049402475357
646,21.533333333333335,,,,insightface_bbox,0.6618415117263794,94.3232421875,620.7683715820312,834.525634765625,2418.946533203125,0,0,0,0,0,0,0,0,0,0,0,0,0.056231655180454254,0.04063236713409424,0.20353996753692627,0.08336909115314484,0.014869668520987034,0.037467531859874725,0.021854877471923828,0.06053784862160683,0.09019802510738373,0.06513208150863647,0.08259950578212738,0.0954497754573822
647,21.566666666666666,,,,insightface_bbox,0.6618415117263794,94.3232421875,620.7683715820312,834.525634765625,2418.946533203125,0,0,0,0,0,0,0,0,0,0,0,0,0.05345802381634712,0.03978760913014412,0.17637407779693604,0.0804244801402092,0.014464530162513256,0.03562376648187637,0.021708393469452858,0.0566566064953804,0.08396688848733902,0.06250159442424774,0.07705143094062805,0.09142036736011505
648,21.6,,,,insightface_bbox,0.6565371751785278,87.37151336669922,631.23876953125,825.3780517578125,2390.450927734375,0,0,0,0,0,0,0,0,0,0,0,0,0.05473935604095459,0.0410321019589901,0.20948559045791626,0.08455637097358704,0.016496822237968445,0.03728523477911949,0.02252570353448391,0.06403832882642746,0.08572490513324738,0.06507812440395355,0.0854792594909668,0.0966348797082901
649,21.633333333333333,,,,insightface_bbox,0.6565371751785278,87.37151336669922,631.23876953125,825.3780517578125,2390.450927734375,0,0,0,0,0,0,0,0,0,0,0,0,0.059178538620471954,0.04325839877128601,0.26125568151474,0.08822743594646454,0.01623772457242012,0.03905646502971649,0.022143013775348663,0.0675540491938591,0.09274707734584808,0.06880386173725128,0.08625131100416183,0.1019933745265007
650,21.666666666666668,,,,insightface_bbox,0.6565371751785278,87.37151336669922,631.23876953125,825.3780517578125,2390.450927734375,0,0,0,0,0,0,0,0,0,0,0,0,0.06111874431371689,0.043642427772283554,0.23676492273807526,0.08965332806110382,0.014925763010978699,0.035531461238861084,0.02049393206834793,0.06683925539255142,0.08998586982488632,0.06655339896678925,0.07872641086578369,0.09333748370409012
651,21.7,,,,insightface_bbox,0.6565371751785278,87.37151336669922,631.23876953125,825.3780517578125,2390.450927734375,0,0,0,0,0,0,0,0,0,0,0,0,0.05095776915550232,0.03431996330618858,0.20468899607658386,0.05514979362487793,0.01346754003316164,0.0305503960698843,0.017932279035449028,0.06257043778896332,0.09024754911661148,0.0648462250828743,0.07251492887735367,0.08064941316843033
652,21.733333333333334,,,,insightface_bbox,0.6565371751785278,87.37151336669922,631.23876953125,825.3780517578125,2390.450927734375,0,0,0,0,0,0,0,0,0,0,0,0,0.05906248465180397,0.03986215218901634,0.241695374250412,0.07515064626932144,0.013502026908099651,0.03034203313291073,0.01860032230615616,0.05780112370848656,0.09054103493690491,0.06567014008760452,0.06820306926965714,0.08306656032800674
653,21.766666666666666,,,,insightface_bbox,0.6565371751785278,87.37151336669922,631.23876953125,825.3780517578125,2390.450927734375,0,0,0,0,0,0,0,0,0,0,0,0,0.059507474303245544,0.04075118154287338,0.21937936544418335,0.08152776211500168,0.01297827623784542,0.02946222573518753,0.018454451113939285,0.056126080453395844,0.08751239627599716,0.06256066262722015,0.06009533256292343,0.08142648637294769
654,21.8,,,,insightface_bbox,0.6247960329055786,58.76883316040039,590.42236328125,850.369140625,2471.581298828125,0,0,0,0,0,0,0,0,0,0,0,0,0.09467951953411102,0.06782452017068863,0.2611232399940491,0.16161775588989258,0.01774096116423607,0.038768090307712555,0.03961876407265663,0.07271205633878708,0.10300670564174652,0.07370450347661972,0.03991122916340828,0.07978437840938568
655,21.833333333333332,,,,insightface_bbox,0.6247960329055786,58.76883316040039,590.42236328125,850.369140625,2471.581298828125,0,0,0,0,0,0,0,0,0,0,0,0,0.09654776751995087,0.06697145849466324,0.2517024874687195,0.15662147104740143,0.01784820295870304,0.03835098445415497,0.037973079830408096,0.07228489965200424,0.10587979853153229,0.073319211602211,0.0399436391890049,0.08254332840442657
656,21.866666666666667,,,,insightface_bbox,0.6247960329055786,58.76883316040039,590.42236328125,850.369140625,2471.581298828125,0,0,0,0,0,0,0,0,0,0,0,0,0.09581498801708221,0.0675072893500328,0.24559137225151062,0.15805354714393616,0.017969515174627304,0.03857899084687233,0.039642661809921265,0.07343552261590958,0.10578255355358124,0.07348156720399857,0.04060685262084007,0.0820314809679985
657,21.9,,,,insightface_bbox,0.6247960329055786,58.76883316040039,590.42236328125,850.369140625,2471.581298828125,0,0,0,0,0,0,0,0,0,0,0,0,0.09061859548091888,0.06412384659051895,0.23428404331207275,0.14929400384426117,0.0167832188308239,0.036273155361413956,0.03410797938704491,0.06930438429117203,0.10539999604225159,0.06986995041370392,0.03681652620434761,0.07747916877269745
658,21.933333333333334,,,,insightface_bbox,0.6247960329055786,58.76883316040039,590.42236328125,850.369140625,2471.581298828125,0,0,0,0,0,0,0,0,0,0,0,0,0.08478888124227524,0.060474008321762085,0.22099994122982025,0.13580933213233948,0.016205089166760445,0.03502977639436722,0.03322216123342514,0.06716101616621017,0.10554704815149307,0.06865514069795609,0.03368004411458969,0.07207167893648148
659,21.966666666666665,,,,insightface_bbox,0.6247960329055786,58.76883316040039,590.42236328125,850.369140625,2471.581298828125,0,0,0,0,0,0,0,0,0,0,0,0,0.08349356055259705,0.059095002710819244,0.2250409722328186,0.13061431050300598,0.015694428235292435,0.03394773229956627,0.031020762398838997,0.06296208500862122,0.10290562361478806,0.065233014523983,0.03202720731496811,0.06732431054115295
660,22.0,,,,insightface_bbox,0.6190125346183777,51.49396896362305,587.7449951171875,837.1754150390625,2487.80078125,0,0,0,0,0,0,0,0,0,0,0,0,0.0892467051744461,0.06253185868263245,0.21898208558559418,0.1380644589662552,0.01633690483868122,0.036038342863321304,0.03455255553126335,0.0731210708618164,0.1087435930967331,0.07309988886117935,0.035351596772670746,0.07446977496147156
661,22.033333333333335,,,,insightface_bbox,0.6190125346183777,51.49396896362305,587.7449951171875,837.1754150390625,2487.80078125,0,0,0,0,0,0,0,0,0,0,0,0,0.08921261131763458,0.06448185443878174,0.2507096827030182,0.1533193737268448,0.01872398890554905,0.040772002190351486,0.03625938296318054,0.07832324504852295,0.1026076078414917,0.07510273158550262,0.047299906611442566,0.08473293483257294
662,22.066666666666666,,,,insightface_bbox,0.6190125346183777,51.49396896362305,587.7449951171875,837.1754150390625,2487.80078125,0,0,0,0,0,0,0,0,0,0,0,0,0.09918686747550964,0.0745784267783165,0.28103864192962646,0.2048264592885971,0.02212083339691162,0.04503541439771652,0.04386841878294945,0.08700419217348099,0.10402970761060715,0.07752399146556854,0.061902448534965515,0.09662289172410965
663,22.1,,,,insightface_bbox,0.6190125346183777,51.49396896362305,587.7449951171875,837.1754150390625,2487.80078125,0,0,0,0,0,0,0,0,0,0,0,0,0.10153473913669586,0.07973897457122803,0.30510348081588745,0.22263380885124207,0.024358034133911133,0.049177225679159164,0.05135030299425125,0.09343992173671722,0.1054469645023346,0.08130693435668945,0.07683755457401276,0.10426820069551468
664,22.133333333333333,,,,insightface_bbox,0.6190125346183777,51.49396896362305,587.7449951171875,837.1754150390625,2487.80078125,0,0,0,0,0,0,0,0,0,0,0,0,0.08822377026081085,0.06964157521724701,0.2620508074760437,0.16775549948215485,0.021346278488636017,0.046860530972480774,0.04525602236390114,0.08152493089437485,0.10024705529212952,0.07847157120704651,0.07940758764743805,0.1020442396402359
665,22.166666666666668,,,,insightface_bbox,0.6190125346183777,51.49396896362305,587.7449951171875,837.1754150390625,2487.80078125,0,0,0,0,0,0,0,0,0,0,0,0,0.08043746650218964,0.06339497119188309,0.22372132539749146,0.14754150807857513,0.02053757943212986,0.043726980686187744,0.03943183273077011,0.0783722922205925,0.09756039083003998,0.07523045688867569,0.07188146561384201,0.09467040002346039
666,22.2,,,,insightface_bbox,0.612653911113739,48.96923065185547,616.212646484375,788.9796752929688,2389.345703125,0,0,0,0,0,0,0,0,0,0,0,0,0.06414376944303513,0.04436063766479492,0.2581389248371124,0.09488087892532349,0.0158742293715477,0.035008564591407776,0.02268633060157299,0.0664229542016983,0.09219178557395935,0.06361761689186096,0.08340530097484589,0.08622907847166061
667,22.233333333333334,,,,insightface_bbox,0.612653911113739,48.96923065185547,616.212646484375,788.9796752929688,2389.345703125,0,0,0,0,0,0,0,0,0,0,0,0,0.06555916368961334,0.044154830276966095,0.24969536066055298,0.09789007902145386,0.01571536809206009,0.03475725278258324,0.023706380277872086,0.06771703064441681,0.09521935135126114,0.06558175384998322,0.08460977673530579,0.09049473702907562
668,22.266666666666666,,,,insightface_bbox,0.612653911113739,48.96923065185547,616.212646484375,788.9796752929688,2389.345703125,0,0,0,0,0,0,0,0,0,0,0,0,0.06580337136983871,0.045100137591362,0.25484731793403625,0.09879788756370544,0.017302483320236206,0.03809092566370964,0.028009220957756042,0.0730237364768982,0.10002094507217407,0.06929457932710648,0.1072339341044426,0.10293059051036835
669,22.3,,,,insightface_bbox,0.612653911113739,48.96923065185547,616.212646484375,788.9796752929688,2389.345703125,0,0,0,0,0,0,0,0,0,0,0,0,0.06562700867652893,0.0442543588578701,0.2652195692062378,0.08937761932611465,0.01671583577990532,0.038042955100536346,0.025958215817809105,0.070475734770298,0.1006806492805481,0.06902163475751877,0.10455664992332458,0.10277894139289856
670,22.333333333333332,,,,insightface_bbox,0.612653911113739,48.96923065185547,616.212646484375,788.9796752929688,2389.345703125,0,0,0,0,0,0,0,0,0,0,0,0,0.06616973131895065,0.042385078966617584,0.2787806987762451,0.07888911664485931,0.017184149473905563,0.03757917881011963,0.02436034381389618,0.0704699382185936,0.10139457136392593,0.06974998116493225,0.09999129176139832,0.10061796009540558
671,22.366666666666667,,,,insightface_bbox,0.612653911113739,48.96923065185547,616.212646484375,788.9796752929688,2389.345703125,0,0,0,0,0,0,0,0,0,0,0,0,0.0581013485789299,0.03951716423034668,0.20281091332435608,0.07310709357261658,0.015188973397016525,0.03350677341222763,0.01991540566086769,0.062004946172237396,0.08885906636714935,0.06277664005756378,0.07647763937711716,0.08447986841201782
672,22.4,,,,insightface_bbox,0.6623204946517944,80.90238189697266,636.468505859375,801.0949096679688,2390.843017578125,0,0,0,0,0,0,0,0,0,0,0,0,0.05739757791161537,0.040251389145851135,0.1780073642730713,0.0651329755783081,0.01484702154994011,0.034467004239559174,0.01869877055287361,0.07179898023605347,0.09419748187065125,0.0677032470703125,0.09072773903608322,0.11352229118347168
673,22.433333333333334,,,,insightface_bbox,0.6623204946517944,80.90238189697266,636.468505859375,801.0949096679688,2390.843017578125,0,0,0,0,0,0,0,0,0,0,0,0,0.05315100774168968,0.0371914878487587,0.15497654676437378,0.058548808097839355,0.014701861888170242,0.034333910793066025,0.01827702485024929,0.0701102688908577,0.09432145953178406,0.06713981926441193,0.08825675398111343,0.11199966818094254
674,22.466666666666665,,,,insightface_bbox,0.6623204946517944,80.90238189697266,636.468505859375,801.0949096679688,2390.843017578125,0,0,0,0,0,0,0,0,0,0,0,0,0.05444647744297981,0.037626463919878006,0.15698683261871338,0.05981355160474777,0.0142129547894001,0.03425825759768486,0.018050361424684525,0.06621008366346359,0.09569589048624039,0.06747154146432877,0.08290401846170425,0.10497886687517166
675,22.5,,,,insightface_bbox,0.6623204946517944,80.90238189697266,636.468505859375,801.0949096679688,2390.843017578125,0,0,0,0,0,0,0,0,0,0,0,0,0.054557934403419495,0.038294367492198944,0.1592864692211151,0.06206474453210831,0.014361808076500893,0.03432957082986832,0.01998697593808174,0.06562179327011108,0.094707190990448,0.06653311103582382,0.08296406269073486,0.10336638242006302
676,22.533333333333335,,,,insightface_bbox,0.6623204946517944,80.90238189697266,636.468505859375,801.0949096679688,2390.843017578125,0,0,0,0,0,0,0,0,0,0,0,0,0.059819094836711884,0.0421045683324337,0.17139403522014618,0.06970614939928055,0.015283104032278061,0.037106264382600784,0.02259235642850399,0.06723745912313461,0.09840923547744751,0.06986170262098312,0.09272028505802155,0.11200428009033203
677,22.566666666666666,,,,insightface_bbox,0.6623204946517944,80.90238189697266,636.468505859375,801.0949096679688,2390.843017578125,0,0,0,0,0,0,0,0,0,0,0,0,0.06420920789241791,0.044884175062179565,0.1864006519317627,0.07614943385124207,0.01604650355875492,0.03972749784588814,0.02369571663439274,0.06963767856359482,0.10173369199037552,0.07201895862817764,0.10228376090526581,0.12173332273960114
678,22.6,,,,insightface_bbox,0.6165246963500977,104.75575256347656,587.3041381835938,839.5305786132812,2457.672607421875,0,0,0,0,0,0,0,0,0,0,0,0,0.06461875140666962,0.04660606011748314,0.172942116856575,0.0891924649477005,0.015846284106373787,0.03755652904510498,0.023207522928714752,0.0736953616142273,0.10305853188037872,0.07313626259565353,0.1049310564994812,0.12381483614444733
679,22.633333333333333,,,,insightface_bbox,0.6165246963500977,104.75575256347656,587.3041381835938,839.5305786132812,2457.672607421875,0,0,0,0,0,0,0,0,0,0,0,0,0.06755430996417999,0.05137759819626808,0.18502727150917053,0.1027175709605217,0.017423056066036224,0.0409405380487442,0.025812683627009392,0.07568442076444626,0.1028757095336914,0.07442924380302429,0.11564210057258606,0.1317756175994873
680,22.666666666666668,,,,insightface_bbox,0.6165246963500977,104.75575256347656,587.3041381835938,839.5305786132812,2457.672607421875,0,0,0,0,0,0,0,0,0,0,0,0,0.06840738654136658,0.051526132971048355,0.19292953610420227,0.10521076619625092,0.017610881477594376,0.04205683246254921,0.026133928447961807,0.07789984345436096,0.10114604234695435,0.07671298831701279,0.12557686865329742,0.13616935908794403
681,22.7,,,,insightface_bbox,0.6165246963500977,104.75575256347656,587.3041381835938,839.5305786132812,2457.672607421875,0,0,0,0,0,0,0,0,0,0,0,0,0.06945523619651794,0.05365517735481262,0.19309961795806885,0.10958924144506454,0.01838536560535431,0.04366789013147354,0.029153497889637947,0.07891510426998138,0.10313711315393448,0.080268494784832,0.1396290808916092,0.1475640833377838
682,22.733333333333334,,,,insightface_bbox,0.6165246963500977,104.75575256347656,587.3041381835938,839.5305786132812,2457.672607421875,0,0,0,0,0,0,0,0,0,0,0,0,0.06896965205669403,0.05267439782619476,0.21524189412593842,0.11193212121725082,0.019108381122350693,0.044038932770490646,0.030576830729842186,0.07636493444442749,0.09846863150596619,0.07686750590801239,0.1481146514415741,0.1440112441778183
683,22.766666666666666,,,,insightface_bbox,0.6165246963500977,104.75575256347656,587.3041381835938,839.5305786132812,2457.672607421875,0,0,0,0,0,0,0,0,0,0,0,0,0.07302627712488174,0.05441012233495712,0.24479953944683075,0.11379630863666534,0.019693642854690552,0.045496974140405655,0.02840110845863819,0.07400083541870117,0.10228955745697021,0.07551559805870056,0.135393425822258,0.13628539443016052
684,22.8,,,,insightface_bbox,0.6270127892494202,103.56510925292969,581.8988037109375,847.529296875,2484.610595703125,0,0,0,0,0,0,0,0,0,0,0,0,0.057971589267253876,0.04444505646824837,0.15838579833507538,0.08118262887001038,0.01665111444890499,0.04009109362959862,0.02834777906537056,0.06375822424888611,0.10406859964132309,0.07325364649295807,0.09625294059515,0.11142753064632416
685,22.833333333333332,,,,insightface_bbox,0.6270127892494202,103.56510925292969,581.8988037109375,847.529296875,2484.610595703125,0,0,0,0,0,0,0,0,0,0,0,0,0.06725770235061646,0.05076361447572708,0.1596977561712265,0.09103254973888397,0.017693793401122093,0.04195958375930786,0.03070240467786789,0.0673145204782486,0.10573738813400269,0.07806427031755447,0.10043883323669434,0.122027687728405
686,22.866666666666667,,,,insightface_bbox,0.6270127892494202,103.56510925292969,581.8988037109375,847.529296875,2484.610595703125,0,0,0,0,0,0,0,0,0,0,0,0,0.06746646761894226,0.050378233194351196,0.15593141317367554,0.08729033917188644,0.017527498304843903,0.04168766736984253,0.029388241469860077,0.06499336659908295,0.10345233976840973,0.07616227865219116,0.0989171490073204,0.11713427305221558
687,22.9,,,,insightface_bbox,0.6270127892494202,103.56510925292969,581.8988037109375,847.529296875,2484.610595703125,0,0,0,0,0,0,0,0,0,0,0,0,0.0654609203338623,0.049735527485609055,0.16929510235786438,0.08949887752532959,0.017631806433200836,0.042393412441015244,0.02997964434325695,0.06819065660238266,0.10841664671897888,0.07849080860614777,0.10679438710212708,0.12346924096345901
688,22.933333333333334,,,,insightface_bbox,0.6270127892494202,103.56510925292969,581.8988037109375,847.529296875,2484.610595703125,0,0,0,0,0,0,0,0,0,0,0,0,0.06213808432221413,0.047489240765571594,0.18249817192554474,0.08636527508497238,0.017538798972964287,0.041552964597940445,0.03036333993077278,0.06853993237018585,0.10826968401670456,0.07656285911798477,0.09763195365667343,0.11702956259250641
689,22.966666666666665,,,,insightface_bbox,0.6270127892494202,103.56510925292969,581.8988037109375,847.529296875,2484.610595703125,0,0,0,0,0,0,0,0,0,0,0,0,0.06134765222668648,0.04658237472176552,0.18692387640476227,0.08329690992832184,0.01759813353419304,0.04160676151514053,0.029542624950408936,0.06828604638576508,0.10541507601737976,0.07558950036764145,0.09573635458946228,0.11607571691274643
690,23.0,,,,insightface_bbox,0.6477721929550171,87.93392181396484,591.5831298828125,836.8372802734375,2475.8310546875,0,0,0,0,0,0,0,0,0,0,0,0,0.05554475635290146,0.04291417449712753,0.15052875876426697,0.07514796406030655,0.01678273268043995,0.03843940049409866,0.027671992778778076,0.064970463514328,0.09978355467319489,0.07348059862852097,0.0891198143362999,0.11222083121538162
691,23.033333333333335,,,,insightface_bbox,0.6477721929550171,87.93392181396484,591.5831298828125,836.8372802734375,2475.8310546875,0,0,0,0,0,0,0,0,0,0,0,0,0.05854536220431328,0.045381806790828705,0.16146095097064972,0.0814996212720871,0.01752565987408161,0.03984812647104263,0.028599781915545464,0.06544505804777145,0.10093970596790314,0.07410537451505661,0.09580424427986145,0.1160091981291771
692,23.066666666666666,,,,insightface_bbox,0.6477721929550171,87.93392181396484,591.5831298828125,836.8372802734375,2475.8310546875,0,0,0,0,0,0,0,0,0,0,0,0,0.062482886016368866,0.04761379584670067,0.1734711229801178,0.08492580056190491,0.017572397366166115,0.040466561913490295,0.02708873525261879,0.06378410756587982,0.10157416760921478,0.07263319939374924,0.09918241947889328,0.11755198985338211
693,23.1,,,,insightface_bbox,0.6477721929550171,87.93392181396484,591.5831298828125,836.8372802734375,2475.8310546875,0,0,0,0,0,0,0,0,0,0,0,0,0.06708699464797974,0.05044541507959366,0.18421433866024017,0.09272286295890808,0.018382977694272995,0.04098745435476303,0.026335295289754868,0.0643647164106369,0.09923715889453888,0.07164140045642853,0.10180595517158508,0.11979163438081741
694,23.133333333333333,,,,insightface_bbox,0.6477721929550171,87.93392181396484,591.5831298828125,836.8372802734375,2475.8310546875,0,0,0,0,0,0,0,0,0,0,0,0,0.06231701374053955,0.045826543122529984,0.1803576946258545,0.07885786890983582,0.018587356433272362,0.039868149906396866,0.02462250366806984,0.06499713659286499,0.0976826623082161,0.07105465233325958,0.09697873890399933,0.11376810073852539
695,23.166666666666668,,,,insightface_bbox,0.6477721929550171,87.93392181396484,591.5831298828125,836.8372802734375,2475.8310546875,0,0,0,0,0,0,0,0,0,0,0,0,0.05962270498275757,0.043781064450740814,0.20115740597248077,0.07454814016819,0.02085069566965103,0.041606802493333817,0.026802150532603264,0.07221278548240662,0.1016925647854805,0.07421679049730301,0.10245718061923981,0.11468545347452164
696,23.2,,,,insightface_bbox,0.6376464366912842,99.39189910888672,618.3876342773438,819.20849609375,2423.653564453125,0,0,0,0,0,0,0,0,0,0,0,0,0.04877994954586029,0.03295277804136276,0.1839187741279602,0.04806666821241379,0.017245173454284668,0.03545314446091652,0.023298783227801323,0.060261569917201996,0.08962209522724152,0.06796232610940933,0.09868834167718887,0.1029348224401474
697,23.233333333333334,,,,insightface_bbox,0.6376464366912842,99.39189910888672,618.3876342773438,819.20849609375,2423.653564453125,0,0,0,0,0,0,0,0,0,0,0,0,0.05229590833187103,0.03632159158587456,0.19709812104701996,0.054698918014764786,0.0197809636592865,0.03767887130379677,0.02604564279317856,0.06389313191175461,0.09125621616840363,0.07107766717672348,0.11335425823926926,0.11409249901771545
698,23.266666666666666,,,,insightface_bbox,0.6376464366912842,99.39189910888672,618.3876342773438,819.20849609375,2423.653564453125,0,0,0,0,0,0,0,0,0,0,0,0,0.05272335931658745,0.03596905991435051,0.20025984942913055,0.052540093660354614,0.01950404979288578,0.03719174861907959,0.02587229758501053,0.06406090408563614,0.09016156941652298,0.0695413202047348,0.11353428661823273,0.11746427416801453
699,23.3,,,,insightface_bbox,0.6376464366912842,99.39189910888672,618.3876342773438,819.20849609375,2423.653564453125,0,0,0,0,0,0,0,0,0,0,0,0,0.0452783927321434,0.029425855726003647,0.15213114023208618,0.03734780475497246,0.013258340768516064,0.030422065407037735,0.016279958188533783,0.05264947563409805,0.07635553181171417,0.05214102193713188,0.07762166112661362,0.08446667343378067
700,23.333333333333332,,,,insightface_bbox,0.6376464366912842,99.39189910888672,618.3876342773438,819.20849609375,2423.653564453125,0,0,0,0,0,0,0,0,0,0,0,0,0.04839692637324333,0.03081556223332882,0.16717177629470825,0.04097893089056015,0.011287861503660679,0.029277589172124863,0.012528054416179657,0.04734691604971886,0.0752422884106636,0.05023326352238655,0.0681137889623642,0.08457817137241364
701,23.366666666666667,,,,insightface_bbox,0.6376464366912842,99.39189910888672,618.3876342773438,819.20849609375,2423.653564453125,0,0,0,0,0,0,0,0,0,0,0,0,0.06416940689086914,0.04256096109747887,0.22053280472755432,0.06702986359596252,0.013230204582214355,0.03303255885839462,0.0141579145565629,0.06061820685863495,0.0846087858080864,0.060438405722379684,0.0958099290728569,0.12243331223726273
702,23.4,,,,insightface_bbox,0.6141344308853149,82.9577407836914,586.255615234375,828.2010498046875,2527.369384765625,0,0,1,0,0,0,0,0,0,0,0,0,0.0768081322312355,0.04973144084215164,0.3945925235748291,0.10380911827087402,0.017199162393808365,0.03753923997282982,0.02140604890882969,0.06640224158763885,0.09045527130365372,0.06389785557985306,0.11328884959220886,0.10724325478076935
703,23.433333333333334,,,,insightface_bbox,0.6141344308853149,82.9577407836914,586.255615234375,828.2010498046875,2527.369384765625,0,0,1,0,0,0,0,0,0,0,0,0,0.07835178077220917,0.050119947642087936,0.37269172072410583,0.11011001467704773,0.018067341297864914,0.037568140774965286,0.02480355277657509,0.07634937018156052,0.09725174307823181,0.06736726313829422,0.10780877619981766,0.10554225742816925
704,23.466666666666665,,,,insightface_bbox,0.6141344308853149,82.9577407836914,586.255615234375,828.2010498046875,2527.369384765625,0,0,0,0,0,0,0,0,0,0,0,0,0.07914594560861588,0.05175530165433884,0.32898572087287903,0.11419165879487991,0.018287237733602524,0.03949301317334175,0.026363741606473923,0.07970814406871796,0.10000818967819214,0.06926340609788895,0.10976924747228622,0.11119000613689423
705,23.5,,,,insightface_bbox,0.6141344308853149,82.9577407836914,586.255615234375,828.2010498046875,2527.369384765625,0,0,1,0,0,0,0,0,0,0,0,0,0.07184746116399765,0.04646536707878113,0.321845144033432,0.08911371976137161,0.019272003322839737,0.041078176349401474,0.02814394421875477,0.08518022298812866,0.10711926966905594,0.07223501801490784,0.10616015642881393,0.10919734835624695
706,23.533333333333335,,,,insightface_bbox,0.6141344308853149,82.9577407836914,586.255615234375,828.2010498046875,2527.369384765625,0,0,0,0,0,0,0,0,0,0,0,0,0.05759042501449585,0.039844810962677,0.23701289296150208,0.06776584684848785,0.016052767634391785,0.037231091409921646,0.02234639786183834,0.06540210545063019,0.09231358021497726,0.06417077779769897,0.09148599207401276,0.09778644144535065
707,23.566666666666666,,,,insightface_bbox,0.6141344308853149,82.9577407836914,586.255615234375,828.2010498046875,2527.369384765625,0,0,0,0,0,0,0,0,0,0,0,0,0.054159000515937805,0.03818359598517418,0.20647987723350525,0.061036232858896255,0.0168126430362463,0.038112491369247437,0.025281069800257683,0.06716901063919067,0.09609988331794739,0.06930755078792572,0.086380735039711,0.09878990054130554
708,23.6,,,,insightface_bbox,0.6044808030128479,97.6502914428711,592.80517578125,844.0452270507812,2467.00390625,0,0,0,0,0,0,0,0,0,0,0,0,0.05217708274722099,0.038099415600299835,0.16564321517944336,0.06121479719877243,0.017988009378314018,0.03831678628921509,0.02829970419406891,0.07315269112586975,0.09869825839996338,0.07455215603113174,0.09073454141616821,0.10084697604179382
709,23.633333333333333,,,,insightface_bbox,0.6044808030128479,97.6502914428711,592.80517578125,844.0452270507812,2467.00390625,0,0,0,0,0,0,0,0,0,0,0,0,0.05589308217167854,0.04077784717082977,0.16227948665618896,0.06722898036241531,0.018062978982925415,0.03856504708528519,0.028163941577076912,0.07628879696130753,0.10090868175029755,0.07872071862220764,0.09098649770021439,0.10954013466835022
710,23.666666666666668,,,,insightface_bbox,0.6044808030128479,97.6502914428711,592.80517578125,844.0452270507812,2467.00390625,0,0,0,0,0,0,0,0,0,0,0,0,0.05585303530097008,0.040358394384384155,0.16402684152126312,0.06697016954421997,0.01778423972427845,0.03836417198181152,0.028086742386221886,0.07778685539960861,0.1036628931760788,0.0813453197479248,0.08574230968952179,0.10935552418231964
711,23.7,,,,insightface_bbox,0.6044808030128479,97.6502914428711,592.80517578125,844.0452270507812,2467.00390625,0,0,0,0,0,0,0,0,0,0,0,0,0.05437551438808441,0.03953684866428375,0.15879157185554504,0.06471727788448334,0.01737344264984131,0.037988193333148956,0.027846772223711014,0.07680109888315201,0.10368917882442474,0.08049193769693375,0.08359858393669128,0.10667417198419571
712,23.733333333333334,,,,insightface_bbox,0.6044808030128479,97.6502914428711,592.80517578125,844.0452270507812,2467.00390625,0,0,0,0,0,0,0,0,0,0,0,0,0.05681958049535751,0.04162592813372612,0.17397725582122803,0.06807317584753036,0.01801459863781929,0.040027182549238205,0.028999872505664825,0.07934840023517609,0.10401155054569244,0.08143526315689087,0.08519004285335541,0.10669369250535965
713,23.766666666666666,,,,insightface_bbox,0.6044808030128479,97.6502914428711,592.80517578125,844.0452270507812,2467.00390625,0,0,0,0,0,0,0,0,0,0,0,0,0.0559585839509964,0.04057688266038895,0.1718856394290924,0.06516019254922867,0.0177223589271307,0.040041327476501465,0.028166158124804497,0.08124948292970657,0.10603295266628265,0.08201174437999725,0.08660003542900085,0.10836812853813171
714,23.8,,,,insightface_bbox,0.5649510025978088,110.56922149658203,605.7022094726562,876.7609252929688,2447.721923828125,0,0,0,0,0,0,0,0,0,0,0,0,0.06561389565467834,0.04647079110145569,0.16583195328712463,0.0860229954123497,0.017731977626681328,0.039935365319252014,0.029115693643689156,0.08134974539279938,0.11721453815698624,0.08900110423564911,0.06420835852622986,0.09853404015302658
715,23.833333333333332,,,,insightface_bbox,0.5649510025978088,110.56922149658203,605.7022094726562,876.7609252929688,2447.721923828125,0,0,0,0,0,0,0,0,0,0,0,0,0.06901637464761734,0.0478607639670372,0.2039784938097,0.09000730514526367,0.01793288253247738,0.040904074907302856,0.027951426804065704,0.08480482548475266,0.11803525686264038,0.09041833877563477,0.06492898613214493,0.10161922872066498
716,23.866666666666667,,,,insightface_bbox,0.5649510025978088,110.56922149658203,605.7022094726562,876.7609252929688,2447.721923828125,0,0,0,0,0,0,0,0,0,0,0,0,0.06971247494220734,0.05160577967762947,0.20373138785362244,0.0966082438826561,0.01900613121688366,0.042010996490716934,0.032308630645275116,0.08275017142295837,0.1055186316370964,0.08148857206106186,0.08196352422237396,0.10155748575925827
717,23.9,,,,insightface_bbox,0.5649510025978088,110.56922149658203,605.7022094726562,876.7609252929688,2447.721923828125,0,0,0,0,0,0,0,0,0,0,0,0,0.06857140362262726,0.050093553960323334,0.19965311884880066,0.09700559079647064,0.01906966231763363,0.041216783225536346,0.03032788820564747,0.07548609375953674,0.10153478384017944,0.07454648613929749,0.07186998426914215,0.09851352125406265
718,23.933333333333334,,,,insightface_bbox,0.5649510025978088,110.56922149658203,605.7022094726562,876.7609252929688,2447.721923828125,0,0,0,0,0,0,0,0,0,0,0,0,0.08282160758972168,0.06281596422195435,0.21794092655181885,0.14335045218467712,0.021538950502872467,0.04600207880139351,0.033724404871463776,0.08128233999013901,0.11091859638690948,0.07922665774822235,0.09054823964834213,0.11599696427583694
719,23.966666666666665,,,,insightface_bbox,0.5649510025978088,110.56922149658203,605.7022094726562,876.7609252929688,2447.721923828125,0,0,0,0,0,0,0,0,0,0,0,0,0.06994620710611343,0.052477359771728516,0.18307584524154663,0.11215611547231674,0.019355015829205513,0.04071008041501045,0.026112627238035202,0.06746954470872879,0.09744737297296524,0.06968147307634354,0.05862846598029137,0.08345599472522736
720,24.0,,,,insightface_bbox,0.6394736766815186,101.3024673461914,621.7938842773438,817.9200439453125,2413.73193359375,0,0,0,0,0,0,0,0,0,0,0,0,0.046302035450935364,0.029909148812294006,0.1934821754693985,0.04304353892803192,0.015247580595314503,0.03588306903839111,0.02095290645956993,0.05985747277736664,0.09004656970500946,0.06298957020044327,0.08676860481500626,0.08591096103191376
721,24.033333333333335,,,,insightface_bbox,0.6394736766815186,101.3024673461914,621.7938842773438,817.9200439453125,2413.73193359375,0,0,0,0,0,0,0,0,0,0,0,0,0.04461650550365448,0.02989717200398445,0.17276540398597717,0.044473759829998016,0.014891061931848526,0.03576250001788139,0.021641805768013,0.05908748134970665,0.08896401524543762,0.0647708848118782,0.08572065085172653,0.08738395571708679
722,24.066666666666666,,,,insightface_bbox,0.6394736766815186,101.3024673461914,621.7938842773438,817.9200439453125,2413.73193359375,0,0,0,0,0,0,0,0,0,0,0,0,0.0441955029964447,0.029102765023708344,0.181845560669899,0.04222901165485382,0.014539058320224285,0.035684335976839066,0.02056417241692543,0.05946994572877884,0.08873721957206726,0.0631394311785698,0.08336334675550461,0.08708979934453964
723,24.1,,,,insightface_bbox,0.6394736766815186,101.3024673461914,621.7938842773438,817.9200439453125,2413.73193359375,0,0,0,0,0,0,0,0,0,0,0,0,0.042995255440473557,0.02835817262530327,0.16948407888412476,0.041361451148986816,0.014213461428880692,0.034884657710790634,0.019916240125894547,0.05799495056271553,0.08751288801431656,0.06334288418292999,0.08234675228595734,0.08746349066495895
724,24.133333333333333,,,,insightface_bbox,0.6394736766815186,101.3024673461914,621.7938842773438,817.9200439453125,2413.73193359375,0,0,0,0,0,0,0,0,0,0,0,0,0.04577352851629257,0.030084721744060516,0.17721828818321228,0.04542892426252365,0.014811038039624691,0.03686864674091339,0.021469125524163246,0.058811236172914505,0.09000635892152786,0.06506838649511337,0.08645261824131012,0.08940520882606506
725,24.166666666666668,,,,insightface_bbox,0.6394736766815186,101.3024673461914,621.7938842773438,817.9200439453125,2413.73193359375,0,0,0,0,0,0,0,0,0,0,0,0,0.04567462578415871,0.031082725152373314,0.15565460920333862,0.05135529488325119,0.014419499784708023,0.03577953949570656,0.023241881281137466,0.05787743255496025,0.09011823683977127,0.0635128766298294,0.08445166796445847,0.08635394275188446
726,24.2,,,,insightface_bbox,0.6140722632408142,122.06868743896484,619.6959838867188,823.1238403320312,2387.8857421875,0,0,0,0,0,0,0,0,0,0,0,0,0.05186708644032478,0.035044558346271515,0.18060223758220673,0.050328075885772705,0.015750015154480934,0.039036959409713745,0.0220867320895195,0.06585187464952469,0.09752386063337326,0.06311874091625214,0.13945750892162323,0.11691607534885406
727,24.233333333333334,,,,insightface_bbox,0.6140722632408142,122.06868743896484,619.6959838867188,823.1238403320312,2387.8857421875,0,0,0,0,0,0,0,0,0,0,0,0,0.05331464111804962,0.03658018261194229,0.17819078266620636,0.05392446741461754,0.017055269330739975,0.040481533855199814,0.023464079946279526,0.06799941509962082,0.09789720922708511,0.06501583009958267,0.14795230329036713,0.1252802610397339
728,24.266666666666666,,,,insightface_bbox,0.6140722632408142,122.06868743896484,619.6959838867188,823.1238403320312,2387.8857421875,0,0,0,0,0,0,0,0,0,0,0,0,0.051927436143159866,0.038256119936704636,0.1631743460893631,0.0558655709028244,0.020076937973499298,0.04352693259716034,0.02885647490620613,0.07591298222541809,0.09513133019208908,0.06943286955356598,0.1535366177558899,0.1297832876443863
729,24.3,,,,insightface_bbox,0.6140722632408142,122.06868743896484,619.6959838867188,823.1238403320312,2387.8857421875,0,0,0,0,0,0,0,0,0,0,0,0,0.051142238080501556,0.03703233227133751,0.14585837721824646,0.052762895822525024,0.01896049454808235,0.04063721001148224,0.026198621839284897,0.06944606453180313,0.08967428654432297,0.06579092144966125,0.14727990329265594,0.12060283124446869
730,24.333333333333332,,,,insightface_bbox,0.6140722632408142,122.06868743896484,619.6959838867188,823.1238403320312,2387.8857421875,0,0,0,0,0,0,0,0,0,0,0,0,0.05075450986623764,0.036125216633081436,0.1421264410018921,0.05057023838162422,0.017674744129180908,0.039487335830926895,0.024016544222831726,0.06474525481462479,0.09115210920572281,0.0646098181605339,0.13887622952461243,0.11620470136404037
731,24.366666666666667,,,,insightface_bbox,0.6140722632408142,122.06868743896484,619.6959838867188,823.1238403320312,2387.8857421875,0,0,0,0,0,0,0,0,0,0,0,0,0.056137487292289734,0.0383501835167408,0.18883199989795685,0.06072835624217987,0.018039001151919365,0.04279707372188568,0.023043300956487656,0.06578519940376282,0.09411211311817169,0.059789739549160004,0.15306586027145386,0.12842412292957306
732,24.4,,,,insightface_bbox,0.6093645691871643,125.15189361572266,606.1976928710938,842.5014038085938,2497.7333984375,0,0,0,0,0,0,0,0,0,0,0,0,0.06437412649393082,0.041830819100141525,0.17789369821548462,0.07410398870706558,0.015522779896855354,0.03881993889808655,0.024056971073150635,0.058362528681755066,0.09073402732610703,0.062128495424985886,0.09494426846504211,0.107422836124897
733,24.433333333333334,,,,insightface_bbox,0.6093645691871643,125.15189361572266,606.1976928710938,842.5014038085938,2497.7333984375,0,0,0,0,0,0,0,0,0,0,0,0,0.06619749963283539,0.0425591915845871,0.21577391028404236,0.07222673296928406,0.01666709966957569,0.04125036299228668,0.02536795847117901,0.06338189542293549,0.08668002486228943,0.06403094530105591,0.10079090297222137,0.11312462389469147
734,24.466666666666665,,,,insightface_bbox,0.6093645691871643,125.15189361572266,606.1976928710938,842.5014038085938,2497.7333984375,0,0,0,0,0,0,0,0,0,0,0,0,0.06629391014575958,0.04240240901708603,0.20549066364765167,0.07363981008529663,0.016799211502075195,0.039833370596170425,0.024828994646668434,0.06049754098057747,0.08364469558000565,0.0629645437002182,0.09229806065559387,0.11140815168619156
735,24.5,,,,insightface_bbox,0.6093645691871643,125.15189361572266,606.1976928710938,842.5014038085938,2497.7333984375,0,0,0,0,0,0,0,0,0,0,0,0,0.06271529942750931,0.04009012505412102,0.17869630455970764,0.06817910820245743,0.01611723192036152,0.03755555301904678,0.025010008364915848,0.058538708835840225,0.08332937955856323,0.06045392155647278,0.08124297857284546,0.10144571959972382
736,24.533333333333335,,,,insightface_bbox,0.6093645691871643,125.15189361572266,606.1976928710938,842.5014038085938,2497.7333984375,0,0,0,0,0,0,0,0,0,0,0,0,0.06281305849552155,0.039652269333601,0.1744650900363922,0.06497126817703247,0.015391885302960873,0.03744780644774437,0.023219529539346695,0.05678123980760574,0.08325517177581787,0.0582377091050148,0.0859627053141594,0.10199320316314697
737,24.566666666666666,,,,insightface_bbox,0.6093645691871643,125.15189361572266,606.1976928710938,842.5014038085938,2497.7333984375,0,0,0,0,0,0,0,0,0,0,0,0,0.058737583458423615,0.038618478924036026,0.15194347500801086,0.06234985589981079,0.015285929664969444,0.03725535050034523,0.024587327614426613,0.056211356073617935,0.0844353586435318,0.05806400999426842,0.09029171615839005,0.1012960895895958
738,24.6,,,,insightface_bbox,0.5466832518577576,132.8187713623047,579.994384765625,878.8580932617188,2540.44189453125,0,0,0,0,0,0,0,0,0,0,0,0,0.057118531316518784,0.04020974785089493,0.14225131273269653,0.07120762765407562,0.014703033491969109,0.0409051775932312,0.023954171687364578,0.06025223061442375,0.09655722230672836,0.07262194156646729,0.09987268596887589,0.11413684487342834
739,24.633333333333333,,,,insightface_bbox,0.5466832518577576,132.8187713623047,579.994384765625,878.8580932617188,2540.44189453125,0,0,0,0,0,0,0,0,0,0,0,0,0.050054505467414856,0.033997006714344025,0.1438707560300827,0.0497979074716568,0.014249947853386402,0.03773551061749458,0.021138478070497513,0.05838203802704811,0.0973585695028305,0.072132907807827,0.09239982813596725,0.10275004804134369
740,24.666666666666668,,,,insightface_bbox,0.5466832518577576,132.8187713623047,579.994384765625,878.8580932617188,2540.44189453125,0,0,0,0,0,0,0,0,0,0,0,0,0.04843186214566231,0.03426257148385048,0.1390555202960968,0.04758819192647934,0.017027176916599274,0.03897801786661148,0.024676751345396042,0.05592748150229454,0.0967046469449997,0.07160444557666779,0.08413068950176239,0.09040550142526627
741,24.7,,,,insightface_bbox,0.5466832518577576,132.8187713623047,579.994384765625,878.8580932617188,2540.44189453125,0,0,0,0,0,0,0,0,0,0,0,0,0.049617744982242584,0.03599832206964493,0.13854651153087616,0.05497319623827934,0.01717635989189148,0.03691391274333,0.02241874299943447,0.05240056291222572,0.09743987768888474,0.067658931016922,0.07907652109861374,0.0886649638414383
742,24.733333333333334,,,,insightface_bbox,0.5466832518577576,132.8187713623047,579.994384765625,878.8580932617188,2540.44189453125,0,0,0,0,0,0,0,0,0,0,0,0,0.048285000026226044,0.03379222750663757,0.13676303625106812,0.05101184919476509,0.016125768423080444,0.0351925790309906,0.020963791757822037,0.05230827257037163,0.09812992811203003,0.06769365817308426,0.07061605155467987,0.0851241797208786
743,24.766666666666666,,,,insightface_bbox,0.5466832518577576,132.8187713623047,579.994384765625,878.8580932617188,2540.44189453125,0,0,0,0,0,0,0,0,0,0,0,0,0.05174160376191139,0.036866556853055954,0.14387717843055725,0.058155208826065063,0.01729455217719078,0.03707614168524742,0.022727537900209427,0.05259627103805542,0.10164353251457214,0.06893680989742279,0.07333897799253464,0.08739198744297028
744,24.8,,,,insightface_bbox,0.5816169381141663,120.42658233642578,624.2591552734375,855.2801513671875,2490.61376953125,0,0,0,0,0,0,0,0,0,0,0,0,0.05064830556511879,0.03470993414521217,0.17106546461582184,0.04811244457960129,0.017676180228590965,0.039162229746580124,0.02108866162598133,0.058967627584934235,0.09636246412992477,0.06869741529226303,0.08774729073047638,0.0967196673154831
745,24.833333333333332,,,,insightface_bbox,0.5816169381141663,120.42658233642578,624.2591552734375,855.2801513671875,2490.61376953125,0,0,0,0,0,0,0,0,0,0,0,0,0.05189014598727226,0.03525388240814209,0.16239669919013977,0.047323014587163925,0.01732509210705757,0.04191017150878906,0.022529233247041702,0.06236184015870094,0.1017843633890152,0.0706460028886795,0.10814912617206573,0.11069174855947495
746,24.866666666666667,,,,insightface_bbox,0.5816169381141663,120.42658233642578,624.2591552734375,855.2801513671875,2490.61376953125,0,0,0,0,0,0,0,0,0,0,0,0,0.05065179988741875,0.03450613096356392,0.15473391115665436,0.046688299626111984,0.016836293041706085,0.0413660854101181,0.02263144589960575,0.06070639193058014,0.09996160119771957,0.06940490007400513,0.10674812644720078,0.10706759989261627
747,24.9,,,,insightface_bbox,0.5816169381141663,120.42658233642578,624.2591552734375,855.2801513671875,2490.61376953125,0,0,0,0,0,0,0,0,0,0,0,0,0.05115766078233719,0.03459775820374489,0.1556430160999298,0.047369953244924545,0.016597973182797432,0.040740352123975754,0.022302944213151932,0.05911457911133766,0.09733520448207855,0.06872614473104477,0.1023806780576706,0.10427986085414886
748,24.933333333333334,,,,insightface_bbox,0.5816169381141663,120.42658233642578,624.2591552734375,855.2801513671875,2490.61376953125,0,0,0,0,0,0,0,0,0,0,0,0,0.05023437738418579,0.034106701612472534,0.1539122462272644,0.04678972810506821,0.01569001004099846,0.038805343210697174,0.021347910165786743,0.05691201239824295,0.09528207778930664,0.06748083978891373,0.09922823309898376,0.10176719725131989
749,24.966666666666665,,,,insightface_bbox,0.5816169381141663,120.42658233642578,624.2591552734375,855.2801513671875,2490.61376953125,0,0,0,0,0,0,0,0,0,0,0,0,0.05186537280678749,0.03527311980724335,0.15909504890441895,0.04775414615869522,0.015194794163107872,0.03847657889127731,0.020978569984436035,0.05498950928449631,0.09703916311264038,0.0673191100358963,0.09374596923589706,0.10185416042804718
750,25.0,,,,insightface_bbox,0.5923811197280884,120.42400360107422,617.7216796875,839.8272705078125,2480.36572265625,0,0,0,0,0,0,0,0,0,0,0,0,0.053022224456071854,0.03549667447805405,0.15807075798511505,0.049043480306863785,0.014266150072216988,0.03820633143186569,0.02028474770486355,0.05439993739128113,0.09710343182086945,0.06325407326221466,0.10246053338050842,0.10177582502365112
751,25.033333333333335,,,,insightface_bbox,0.5923811197280884,120.42400360107422,617.7216796875,839.8272705078125,2480.36572265625,0,0,0,0,0,0,0,0,0,0,0,0,0.05753594636917114,0.03889034688472748,0.16491520404815674,0.05776422098278999,0.015117605216801167,0.040408723056316376,0.0229058675467968,0.0576506145298481,0.09614065289497375,0.06504502892494202,0.09994801133871078,0.10180369764566422
752,25.066666666666666,,,,insightface_bbox,0.5923811197280884,120.42400360107422,617.7216796875,839.8272705078125,2480.36572265625,0,0,0,0,0,0,0,0,0,0,0,0,0.057021282613277435,0.03870072215795517,0.16796281933784485,0.06064705178141594,0.015506848692893982,0.04085782915353775,0.024221256375312805,0.05739413946866989,0.0961194783449173,0.06490471959114075,0.10140686482191086,0.10083228349685669
753,25.1,,,,insightface_bbox,0.5923811197280884,120.42400360107422,617.7216796875,839.8272705078125,2480.36572265625,0,0,0,0,0,0,0,0,0,0,0,0,0.058086127042770386,0.0391509085893631,0.17088265717029572,0.06444705277681351,0.016036806628108025,0.04217328503727913,0.024793632328510284,0.05737591162323952,0.09655828773975372,0.06481638550758362,0.0997963547706604,0.09746701270341873
754,25.133333333333333,,,,insightface_bbox,0.5923811197280884,120.42400360107422,617.7216796875,839.8272705078125,2480.36572265625,0,0,0,0,0,0,0,0,0,0,0,0,0.05482202768325806,0.03693056479096413,0.15781980752944946,0.05917432904243469,0.015114501118659973,0.0399332121014595,0.022679904475808144,0.053955912590026855,0.09379572421312332,0.0623592883348465,0.09397013485431671,0.09221234917640686
755,25.166666666666668,,,,insightface_bbox,0.5923811197280884,120.42400360107422,617.7216796875,839.8272705078125,2480.36572265625,0,0,0,0,0,0,0,0,0,0,0,0,0.054469723254442215,0.03666078299283981,0.16012676060199738,0.05715850368142128,0.01485805120319128,0.03913778439164162,0.022349242120981216,0.05380626395344734,0.0928628072142601,0.06120043992996216,0.09320702403783798,0.0914035439491272
756,25.2,,,,insightface_bbox,0.5522387027740479,121.54330444335938,608.0289916992188,862.5671997070312,2486.799560546875,0,0,0,0,0,0,0,0,0,0,0,0,0.05390442907810211,0.038007598370313644,0.15597668290138245,0.05424610525369644,0.01480790600180626,0.03939712047576904,0.0210005771368742,0.05300081893801689,0.09648234397172928,0.06537006795406342,0.09737898409366608,0.10265056043863297
757,25.233333333333334,,,,insightface_bbox,0.5522387027740479,121.54330444335938,608.0289916992188,862.5671997070312,2486.799560546875,0,0,0,0,0,0,0,0,0,0,0,0,0.05483301728963852,0.038800306618213654,0.15936022996902466,0.05698486790060997,0.014957472681999207,0.039726126939058304,0.021443258970975876,0.05453791841864586,0.09514633566141129,0.06642785668373108,0.09774959087371826,0.10518823564052582
758,25.266666666666666,,,,insightface_bbox,0.5522387027740479,121.54330444335938,608.0289916992188,862.5671997070312,2486.799560546875,0,0,0,0,0,0,0,0,0,0,0,0,0.053576625883579254,0.038417235016822815,0.16482853889465332,0.05959995090961456,0.015776466578245163,0.039059534668922424,0.02432415448129177,0.059632815420627594,0.09472833573818207,0.06917552649974823,0.09542181342840195,0.10717229545116425
759,25.3,,,,insightface_bbox,0.5522387027740479,121.54330444335938,608.0289916992188,862.5671997070312,2486.799560546875,0,0,0,0,0,0,0,0,0,0,0,0,0.062015485018491745,0.04308916628360748,0.18068677186965942,0.07587245851755142,0.01661285012960434,0.04084039852023125,0.025948021560907364,0.06344276666641235,0.09886997938156128,0.07108428329229355,0.08632832765579224,0.10645000636577606
760,25.333333333333332,,,,insightface_bbox,0.5522387027740479,121.54330444335938,608.0289916992188,862.5671997070312,2486.799560546875,0,0,0,0,0,0,0,0,0,0,0,0,0.05824942886829376,0.03837519511580467,0.1599932610988617,0.06176566705107689,0.01488107442855835,0.03891175240278244,0.022384874522686005,0.05959976464509964,0.09965653717517853,0.07192661613225937,0.0756886824965477,0.09877613931894302
761,25.366666666666667,,,,insightface_bbox,0.5522387027740479,121.54330444335938,608.0289916992188,862.5671997070312,2486.799560546875,0,0,0,0,0,0,0,0,0,0,0,0,0.057794585824012756,0.03906341642141342,0.15480104088783264,0.0655800923705101,0.01545221358537674,0.03953065723180771,0.024492744356393814,0.05878341197967529,0.10093725472688675,0.07009171694517136,0.0755937322974205,0.09357531368732452
762,25.4,,,,insightface_bbox,0.6026941537857056,144.51197814941406,619.0731811523438,870.9148559570312,2482.4443359375,0,0,0,0,0,0,0,0,0,0,0,0,0.059284649789333344,0.04004994407296181,0.1331297755241394,0.06126059591770172,0.017885537818074226,0.04041426628828049,0.031805314123630524,0.05883052200078964,0.09577225148677826,0.06665229052305222,0.0841377004981041,0.09369544684886932
763,25.433333333333334,,,,insightface_bbox,0.6026941537857056,144.51197814941406,619.0731811523438,870.9148559570312,2482.4443359375,0,0,0,0,0,0,0,0,0,0,0,0,0.05573233962059021,0.03804979473352432,0.13032108545303345,0.057403258979320526,0.016153428703546524,0.0385483019053936,0.02788211777806282,0.05466755852103233,0.09390521049499512,0.06408721208572388,0.0772814005613327,0.09045670926570892
764,25.466666666666665,,,,insightface_bbox,0.6026941537857056,144.51197814941406,619.0731811523438,870.9148559570312,2482.4443359375,0,0,0,0,0,0,0,0,0,0,0,0,0.05978258699178696,0.04191980138421059,0.1544746458530426,0.07164803892374039,0.01709790527820587,0.04089678078889847,0.02891290932893753,0.05790596827864647,0.10257779061794281,0.067499540746212,0.0771651342511177,0.0926932618021965
765,25.5,,,,insightface_bbox,0.6026941537857056,144.51197814941406,619.0731811523438,870.9148559570312,2482.4443359375,0,0,0,0,0,0,0,0,0,0,0,0,0.06359471380710602,0.04510060325264931,0.16061609983444214,0.0808444619178772,0.018286412581801414,0.04258125275373459,0.030865592882037163,0.0601717047393322,0.10661899298429489,0.06965592503547668,0.08243284374475479,0.09855960309505463
766,25.533333333333335,,,,insightface_bbox,0.6026941537857056,144.51197814941406,619.0731811523438,870.9148559570312,2482.4443359375,0,0,0,0,0,0,0,0,0,0,0,0,0.061866048723459244,0.04341806471347809,0.16502785682678223,0.0776769146323204,0.0179801806807518,0.04209423437714577,0.02950114943087101,0.05900067836046219,0.10560990869998932,0.06815499812364578,0.08185510337352753,0.09699627757072449
767,25.566666666666666,,,,insightface_bbox,0.6026941537857056,144.51197814941406,619.0731811523438,870.9148559570312,2482.4443359375,0,0,0,0,0,0,0,0,0,0,0,0,0.059203919023275375,0.04102783277630806,0.15806914865970612,0.07053135335445404,0.017431022599339485,0.041067976504564285,0.028024446219205856,0.057126179337501526,0.104339599609375,0.0672089010477066,0.077683225274086,0.09290137887001038
768,25.6,,,,insightface_bbox,0.6081317663192749,138.80709838867188,616.60693359375,863.0846557617188,2479.859130859375,0,0,0,0,0,0,0,0,0,0,0,0,0.05465997755527496,0.03747832030057907,0.14209064841270447,0.05948202311992645,0.015950126573443413,0.03838111460208893,0.025311384350061417,0.051494598388671875,0.09601309150457382,0.0626392811536789,0.07569138705730438,0.08918281644582748
769,25.633333333333333,,,,insightface_bbox,0.6081317663192749,138.80709838867188,616.60693359375,863.0846557617188,2479.859130859375,0,0,0,0,0,0,0,0,0,0,0,0,0.06131371110677719,0.041446954011917114,0.14116087555885315,0.06421981751918793,0.017954938113689423,0.04232572019100189,0.03439035639166832,0.05533084273338318,0.09573706984519958,0.0654313787817955,0.08670300990343094,0.09270783513784409
770,25.666666666666668,,,,insightface_bbox,0.6081317663192749,138.80709838867188,616.60693359375,863.0846557617188,2479.859130859375,0,0,0,0,0,0,0,0,0,0,0,0,0.0611712783575058,0.04087255150079727,0.1428328901529312,0.06373085826635361,0.01720200851559639,0.04151074215769768,0.031814925372600555,0.05486755073070526,0.09548956155776978,0.0647972896695137,0.08826497197151184,0.09365793317556381
771,25.7,,,,insightface_bbox,0.6081317663192749,138.80709838867188,616.60693359375,863.0846557617188,2479.859130859375,0,0,0,0,0,0,0,0,0,0,0,0,0.060115039348602295,0.04293303191661835,0.16432605683803558,0.07332716882228851,0.018674422055482864,0.04524729773402214,0.03455732762813568,0.06267792731523514,0.0988873764872551,0.06911992281675339,0.11333688348531723,0.11105112731456757
772,25.733333333333334,,,,insightface_bbox,0.6081317663192749,138.80709838867188,616.60693359375,863.0846557617188,2479.859130859375,0,0,0,0,0,0,0,0,0,0,0,0,0.0639939159154892,0.045690663158893585,0.17534352838993073,0.08274233341217041,0.018664434552192688,0.04496705159544945,0.0340685099363327,0.0605146661400795,0.09609188139438629,0.06572788953781128,0.10582201927900314,0.10453268140554428
773,25.766666666666666,,,,insightface_bbox,0.6081317663192749,138.80709838867188,616.60693359375,863.0846557617188,2479.859130859375,0,0,0,0,0,0,0,0,0,0,0,0,0.05558961629867554,0.03800225630402565,0.14950302243232727,0.06141006574034691,0.01546443346887827,0.03808543086051941,0.023343466222286224,0.0497078076004982,0.09076379239559174,0.057671673595905304,0.07663486897945404,0.08313721418380737
774,25.8,,,,insightface_bbox,0.6183376908302307,143.25985717773438,642.1589965820312,832.9881591796875,2430.339599609375,0,0,0,0,0,0,0,0,0,0,0,0,0.04842298477888107,0.02968362718820572,0.17185112833976746,0.03787950053811073,0.01374951470643282,0.0351770855486393,0.018442314118146896,0.05534665286540985,0.0932897999882698,0.059541914612054825,0.10769319534301758,0.09224257618188858
775,25.833333333333332,,,,insightface_bbox,0.6183376908302307,143.25985717773438,642.1589965820312,832.9881591796875,2430.339599609375,0,0,0,0,0,0,0,0,0,0,0,0,0.04739092290401459,0.029240084812045097,0.16529569029808044,0.037328191101551056,0.013604453764855862,0.0342247374355793,0.019345629960298538,0.057210713624954224,0.09166209399700165,0.059776559472084045,0.09424291551113129,0.08220316469669342
776,25.866666666666667,,,,insightface_bbox,0.6183376908302307,143.25985717773438,642.1589965820312,832.9881591796875,2430.339599609375,0,0,0,0,0,0,0,0,0,0,0,0,0.0479649193584919,0.02961740270256996,0.16687369346618652,0.03886347636580467,0.013671733438968658,0.034643400460481644,0.01963650807738304,0.05796976014971733,0.09240393340587616,0.05992962047457695,0.09471818059682846,0.08202213048934937
777,25.9,,,,insightface_bbox,0.6183376908302307,143.25985717773438,642.1589965820312,832.9881591796875,2430.339599609375,0,0,0,0,0,0,0,0,0,0,0,0,0.04888467490673065,0.03003937005996704,0.16768276691436768,0.039793916046619415,0.013650069013237953,0.03463119640946388,0.019108833745121956,0.05842570960521698,0.09363655000925064,0.06041036918759346,0.08986416459083557,0.07870586216449738
778,25.933333333333334,,,,insightface_bbox,0.6183376908302307,143.25985717773438,642.1589965820312,832.9881591796875,2430.339599609375,0,0,0,0,0,0,0,0,0,0,0,0,0.049536604434251785,0.030569804832339287,0.17240777611732483,0.040673259645700455,0.013766969554126263,0.03525684028863907,0.020227570086717606,0.05945686250925064,0.09497222304344177,0.06060521677136421,0.09334103763103485,0.08133627474308014
779,25.966666666666665,,,,insightface_bbox,0.6183376908302307,143.25985717773438,642.1589965820312,832.9881591796875,2430.339599609375,0,0,0,0,0,0,0,0,0,0,0,0,0.04910704120993614,0.03025294840335846,0.16396470367908478,0.03871527686715126,0.013665440492331982,0.034478560090065,0.020072368904948235,0.059338171035051346,0.09568257629871368,0.06261824816465378,0.09577228128910065,0.08656515181064606
780,26.0,,,,insightface_bbox,0.598260760307312,124.6845703125,625.501953125,843.1738891601562,2410.988037109375,0,0,0,0,0,0,0,0,0,0,0,0,0.04569359868764877,0.029658958315849304,0.12622401118278503,0.041859567165374756,0.011908568441867828,0.03270557150244713,0.015897251665592194,0.04601351171731949,0.09037426859140396,0.053626712411642075,0.0723922848701477,0.07092711329460144
781,26.033333333333335,,,,insightface_bbox,0.598260760307312,124.6845703125,625.501953125,843.1738891601562,2410.988037109375,0,0,0,0,0,0,0,0,0,0,0,0,0.045857250690460205,0.030006159096956253,0.12080314755439758,0.04315971955657005,0.01182586420327425,0.03230508044362068,0.016274280846118927,0.04594189673662186,0.09086664766073227,0.05419692397117615,0.07063906639814377,0.07035844773054123
782,26.066666666666666,,,,insightface_bbox,0.598260760307312,124.6845703125,625.501953125,843.1738891601562,2410.988037109375,0,0,0,0,0,0,0,0,0,0,0,0,0.04613996297121048,0.030278250575065613,0.11951519548892975,0.04359947517514229,0.011991090141236782,0.03248023986816406,0.016477501019835472,0.045781247317790985,0.09242448210716248,0.054473597556352615,0.07266488671302795,0.07081057876348495
783,26.1,,,,insightface_bbox,0.598260760307312,124.6845703125,625.501953125,843.1738891601562,2410.988037109375,0,0,0,0,0,0,0,0,0,0,0,0,0.04802491515874863,0.0317327156662941,0.12424647808074951,0.047236569225788116,0.01236657239496708,0.03313217684626579,0.017342720180749893,0.047367941588163376,0.09390328079462051,0.05598956719040871,0.073369100689888,0.07223121076822281
784,26.133333333333333,,,,insightface_bbox,0.598260760307312,124.6845703125,625.501953125,843.1738891601562,2410.988037109375,0,0,0,0,0,0,0,0,0,0,0,0,0.04976009577512741,0.033201899379491806,0.1303442120552063,0.05144881084561348,0.012747727334499359,0.03389418497681618,0.01797911524772644,0.04895598068833351,0.09489275515079498,0.056531764566898346,0.07675809413194656,0.0766751691699028
785,26.166666666666668,,,,insightface_bbox,0.598260760307312,124.6845703125,625.501953125,843.1738891601562,2410.988037109375,0,0,0,0,0,0,0,0,0,0,0,0,0.05016132444143295,0.03392741084098816,0.1303720325231552,0.05312603339552879,0.012849407270550728,0.033632002770900726,0.017409922555088997,0.04645770415663719,0.09159503877162933,0.05456835404038429,0.07565417885780334,0.07620992511510849
786,26.2,,,,insightface_bbox,0.6190876364707947,135.95790100097656,628.0220336914062,827.62353515625,2446.2578125,0,0,0,0,0,0,0,0,0,0,0,0,0.04368630796670914,0.028338253498077393,0.14404085278511047,0.036183957010507584,0.013658853247761726,0.033774483948946,0.021069064736366272,0.05755097046494484,0.09342268854379654,0.05781262367963791,0.09910999983549118,0.08693802356719971
787,26.233333333333334,,,,insightface_bbox,0.6190876364707947,135.95790100097656,628.0220336914062,827.62353515625,2446.2578125,0,0,0,0,0,0,0,0,0,0,0,0,0.045465558767318726,0.029481731355190277,0.1433832347393036,0.03806893900036812,0.013790229335427284,0.034662384539842606,0.021006159484386444,0.05568518862128258,0.09389446675777435,0.057055965065956116,0.10169830173254013,0.08863972127437592
788,26.266666666666666,,,,insightface_bbox,0.6190876364707947,135.95790100097656,628.0220336914062,827.62353515625,2446.2578125,0,0,0,0,0,0,0,0,0,0,0,0,0.0452691987156868,0.02895965799689293,0.1299370676279068,0.03634504973888397,0.013039898127317429,0.03425025939941406,0.020683586597442627,0.046745479106903076,0.09084999561309814,0.05474092811346054,0.09769007563591003,0.0813513845205307
789,26.3,,,,insightface_bbox,0.6190876364707947,135.95790100097656,628.0220336914062,827.62353515625,2446.2578125,0,0,0,0,0,0,0,0,0,0,0,0,0.04388008639216423,0.027598904445767403,0.12283626198768616,0.03513111174106598,0.01233688648790121,0.03336863964796066,0.017900662496685982,0.04214093089103699,0.09015370905399323,0.052128031849861145,0.08402036130428314,0.06754442304372787
790,26.333333333333332,,,,insightface_bbox,0.6190876364707947,135.95790100097656,628.0220336914062,827.62353515625,2446.2578125,0,0,0,0,0,0,0,0,0,0,0,0,0.04421235993504524,0.02759736031293869,0.1285330057144165,0.03534674644470215,0.012265238910913467,0.03398921713232994,0.01765652932226658,0.043022219091653824,0.09447668492794037,0.05440250411629677,0.08400531113147736,0.07088378816843033
791,26.366666666666667,,,,insightface_bbox,0.6190876364707947,135.95790100097656,628.0220336914062,827.62353515625,2446.2578125,0,0,0,0,0,0,0,0,0,0,0,0,0.04750499501824379,0.029918622225522995,0.14502187073230743,0.03880811482667923,0.013131700456142426,0.035986412316560745,0.019605448469519615,0.04678044468164444,0.09349988400936127,0.056154876947402954,0.08842889219522476,0.07861526310443878
792,26.4,,,,insightface_bbox,0.6258076429367065,118.36836242675781,590.3892211914062,849.4927368164062,2504.56103515625,0,0,0,0,0,0,0,0,0,0,0,0,0.05933324992656708,0.03540114313364029,0.17009299993515015,0.06073310598731041,0.012500650249421597,0.03586665913462639,0.01694769226014614,0.0473489947617054,0.09589602053165436,0.06216032803058624,0.05767335742712021,0.07422547042369843
793,26.433333333333334,,,,insightface_bbox,0.6258076429367065,118.36836242675781,590.3892211914062,849.4927368164062,2504.56103515625,0,0,0,0,0,0,0,0,0,0,0,0,0.06404460221529007,0.038081102073192596,0.16978949308395386,0.06700742244720459,0.012660510838031769,0.03634320944547653,0.016884369775652885,0.05147978290915489,0.10230296105146408,0.06439980119466782,0.06922124326229095,0.08207900822162628
794,26.466666666666665,,,,insightface_bbox,0.6258076429367065,118.36836242675781,590.3892211914062,849.4927368164062,2504.56103515625,0,0,0,0,0,0,0,0,0,0,0,0,0.06292420625686646,0.03644236922264099,0.17181001603603363,0.058513201773166656,0.011515969410538673,0.03312412649393082,0.015851911157369614,0.050500255078077316,0.10318104922771454,0.06362614780664444,0.06038467586040497,0.0790867954492569
795,26.5,,,,insightface_bbox,0.6258076429367065,118.36836242675781,590.3892211914062,849.4927368164062,2504.56103515625,0,0,0,0,0,0,0,0,0,0,0,0,0.06047391891479492,0.03467423468828201,0.18198513984680176,0.05477597564458847,0.010893364436924458,0.031440407037734985,0.014618034474551678,0.05081664398312569,0.09941713511943817,0.06225799769163132,0.060555048286914825,0.07544732093811035
796,26.533333333333335,,,,insightface_bbox,0.6258076429367065,118.36836242675781,590.3892211914062,849.4927368164062,2504.56103515625,0,0,0,0,0,0,0,0,0,0,0,0,0.06072066351771355,0.035623498260974884,0.18912950158119202,0.05715521425008774,0.010982710868120193,0.03166928514838219,0.014810530468821526,0.05211625248193741,0.09597263485193253,0.061518244445323944,0.06188061833381653,0.07504891604185104
797,26.566666666666666,,,,insightface_bbox,0.6258076429367065,118.36836242675781,590.3892211914062,849.4927368164062,2504.56103515625,0,0,0,0,0,0,0,0,0,0,0,0,0.0640135258436203,0.037229157984256744,0.20498964190483093,0.060271766036748886,0.011556246317923069,0.033138424158096313,0.016214560717344284,0.05449950695037842,0.10254667699337006,0.06502384692430496,0.06263219565153122,0.07849231362342834
798,26.6,,,,insightface_bbox,0.6100555658340454,114.99488830566406,578.94189453125,864.9654541015625,2485.318603515625,0,0,0,0,0,0,0,0,0,0,0,0,0.05713105574250221,0.03841439634561539,0.19486196339130402,0.07197686284780502,0.013911641202867031,0.03764555603265762,0.0208540428429842,0.053749341517686844,0.09853599965572357,0.06271069496870041,0.08927099406719208,0.08561991155147552
799,26.633333333333333,,,,insightface_bbox,0.6100555658340454,114.99488830566406,578.94189453125,864.9654541015625,2485.318603515625,0,0,0,0,0,0,0,0,0,0,0,0,0.057832468301057816,0.0391082800924778,0.18226027488708496,0.07407046109437943,0.013291232287883759,0.03676021471619606,0.01933300867676735,0.05318622291088104,0.09563569724559784,0.06260550767183304,0.08868976682424545,0.08746788650751114
800,26.666666666666668,,,,insightface_bbox,0.6100555658340454,114.99488830566406,578.94189453125,864.9654541015625,2485.318603515625,0,0,0,0,0,0,0,0,0,0,0,0,0.059347786009311676,0.03986656665802002,0.18115180730819702,0.07615962624549866,0.012682388536632061,0.035307154059410095,0.01840016432106495,0.05297932028770447,0.09352580457925797,0.06287126243114471,0.08229659497737885,0.08465912938117981
801,26.7,,,,insightface_bbox,0.6100555658340454,114.99488830566406,578.94189453125,864.9654541015625,2485.318603515625,0,0,0,0,0,0,0,0,0,0,0,0,0.05598299577832222,0.038715094327926636,0.16063299775123596,0.07088717818260193,0.012715966440737247,0.03518036752939224,0.01824185624718666,0.05157826840877533,0.09715623408555984,0.06341813504695892,0.0814036875963211,0.086651511490345
802,26.733333333333334,,,,insightface_bbox,0.6100555658340454,114.99488830566406,578.94189453125,864.9654541015625,2485.318603515625,0,0,0,0,0,0,0,0,0,0,0,0,0.05361747741699219,0.03737041726708412,0.1462792158126831,0.06482136249542236,0.01261230930685997,0.03467215225100517,0.018591593950986862,0.05058534815907478,0.09772367775440216,0.06277299672365189,0.0787450298666954,0.08502832800149918
803,26.766666666666666,,,,insightface_bbox,0.6100555658340454,114.99488830566406,578.94189453125,864.9654541015625,2485.318603515625,0,0,0,0,0,0,0,0,0,0,0,0,0.05365118011832237,0.03736811876296997,0.13755697011947632,0.06242794543504715,0.012978807091712952,0.03464290872216225,0.019293690100312233,0.051366645842790604,0.09949429333209991,0.06505654007196426,0.07389019429683685,0.08555039763450623
804,26.8,,,,insightface_bbox,0.594956636428833,135.52731323242188,614.74267578125,860.71533203125,2418.240234375,0,0,0,0,0,0,0,0,0,0,0,0,0.05465134605765343,0.038285598158836365,0.12769334018230438,0.06098002940416336,0.015994587913155556,0.04123912751674652,0.027448546141386032,0.052756451070308685,0.09743224829435349,0.06422613561153412,0.0828668549656868,0.08511152863502502
805,26.833333333333332,,,,insightface_bbox,0.594956636428833,135.52731323242188,614.74267578125,860.71533203125,2418.240234375,0,0,0,0,0,0,0,0,0,0,0,0,0.05712120234966278,0.03891763091087341,0.13687749207019806,0.062072113156318665,0.015463712625205517,0.04101766645908356,0.027350857853889465,0.05319822207093239,0.09676612168550491,0.06348127126693726,0.07572352141141891,0.08244079351425171
806,26.866666666666667,,,,insightface_bbox,0.594956636428833,135.52731323242188,614.74267578125,860.71533203125,2418.240234375,0,0,0,0,0,0,0,0,0,0,0,0,0.05712227523326874,0.03809843957424164,0.13928531110286713,0.06184007227420807,0.015393553301692009,0.04134754836559296,0.02582617849111557,0.053717099130153656,0.09843722730875015,0.06388203799724579,0.07979995012283325,0.08417636901140213
807,26.9,,,,insightface_bbox,0.594956636428833,135.52731323242188,614.74267578125,860.71533203125,2418.240234375,0,0,0,0,0,0,0,0,0,0,0,0,0.05666287988424301,0.03648156672716141,0.13529671728610992,0.05941818654537201,0.01495524775236845,0.03926381841301918,0.026052063331007957,0.056300364434719086,0.10147326439619064,0.06627582758665085,0.07717803865671158,0.08282408118247986
808,26.933333333333334,,,,insightface_bbox,0.594956636428833,135.52731323242188,614.74267578125,860.71533203125,2418.240234375,0,0,0,0,0,0,0,0,0,0,0,0,0.055703990161418915,0.03583795949816704,0.13125449419021606,0.05755165219306946,0.015150881372392178,0.038021937012672424,0.025783371180295944,0.05695882439613342,0.10114213824272156,0.06596293300390244,0.07768034189939499,0.08483388274908066
809,26.966666666666665,,,,insightface_bbox,0.594956636428833,135.52731323242188,614.74267578125,860.71533203125,2418.240234375,0,0,0,0,0,0,0,0,0,0,0,0,0.057108327746391296,0.03678371012210846,0.13696619868278503,0.060814548283815384,0.015597091056406498,0.03844653069972992,0.025530707091093063,0.058330412954092026,0.10305531322956085,0.06656153500080109,0.07639285922050476,0.08485302329063416
810,27.0,,,,insightface_bbox,0.5950629115104675,137.12681579589844,595.9204711914062,864.5905151367188,2472.685546875,0,0,0,0,0,0,0,0,0,0,0,0,0.053462155163288116,0.03576035797595978,0.1283891648054123,0.060322895646095276,0.013806883245706558,0.036435190588235855,0.02132260426878929,0.052509043365716934,0.09686313569545746,0.06350100785493851,0.06740600615739822,0.07986040413379669
811,27.033333333333335,,,,insightface_bbox,0.5950629115104675,137.12681579589844,595.9204711914062,864.5905151367188,2472.685546875,0,0,0,0,0,0,0,0,0,0,0,0,0.05584843084216118,0.0369575098156929,0.13211305439472198,0.06216348707675934,0.0140360277146101,0.03687233105301857,0.021738871932029724,0.0545099712908268,0.10210613906383514,0.06623198837041855,0.06864135712385178,0.08290614932775497
812,27.066666666666666,,,,insightface_bbox,0.5950629115104675,137.12681579589844,595.9204711914062,864.5905151367188,2472.685546875,0,0,0,0,0,0,0,0,0,0,0,0,0.06353362649679184,0.04059072211384773,0.15401197969913483,0.0669960081577301,0.014212772250175476,0.03968837857246399,0.02285161241889,0.05810324102640152,0.10815813392400742,0.07133764028549194,0.08285488933324814,0.0985010638833046
813,27.1,,,,insightface_bbox,0.5950629115104675,137.12681579589844,595.9204711914062,864.5905151367188,2472.685546875,0,0,0,0,0,0,0,0,0,0,0,0,0.06214824318885803,0.040296707302331924,0.1543322652578354,0.06519105285406113,0.013998403213918209,0.04025455191731453,0.022960836067795753,0.05746452510356903,0.10786062479019165,0.07216247916221619,0.08413951843976974,0.10213639587163925
814,27.133333333333333,,,,insightface_bbox,0.5950629115104675,137.12681579589844,595.9204711914062,864.5905151367188,2472.685546875,0,0,0,0,0,0,0,0,0,0,0,0,0.06302641332149506,0.04059402272105217,0.16692952811717987,0.06989052146673203,0.01455205399543047,0.04017600417137146,0.022704677656292915,0.057442206889390945,0.10410584509372711,0.06890598684549332,0.0855916291475296,0.09472386538982391
815,27.166666666666668,,,,insightface_bbox,0.5950629115104675,137.12681579589844,595.9204711914062,864.5905151367188,2472.685546875,0,0,0,0,0,0,0,0,0,0,0,0,0.06050152704119682,0.04005669057369232,0.15391921997070312,0.07166533917188644,0.014743844047188759,0.03892980143427849,0.02343975007534027,0.058734990656375885,0.10162380337715149,0.06802533566951752,0.07892925292253494,0.08817125111818314
816,27.2,,,,insightface_bbox,0.6241109371185303,119.14987182617188,616.4715576171875,833.3217163085938,2406.969970703125,0,0,0,0,0,0,0,0,0,0,0,0,0.05956410989165306,0.037889111787080765,0.14344340562820435,0.05900420621037483,0.012853343039751053,0.03614811971783638,0.02012002281844616,0.043201178312301636,0.09906277805566788,0.05488915741443634,0.07986809313297272,0.07493188232183456
817,27.233333333333334,,,,insightface_bbox,0.6241109371185303,119.14987182617188,616.4715576171875,833.3217163085938,2406.969970703125,0,0,0,0,0,0,0,0,0,0,0,0,0.055351532995700836,0.03594154864549637,0.13762353360652924,0.05592840909957886,0.011705617420375347,0.03366483002901077,0.01865255832672119,0.039966337382793427,0.09283944964408875,0.053052350878715515,0.07296255230903625,0.07408839464187622
818,27.266666666666666,,,,insightface_bbox,0.6241109371185303,119.14987182617188,616.4715576171875,833.3217163085938,2406.969970703125,0,0,0,0,0,0,0,0,0,0,0,0,0.054292719811201096,0.034702833741903305,0.136837437748909,0.052635595202445984,0.011426778510212898,0.03355594351887703,0.017551859840750694,0.040911659598350525,0.09249142557382584,0.052274469286203384,0.07400139421224594,0.0757521241903305
819,27.3,,,,insightface_bbox,0.6241109371185303,119.14987182617188,616.4715576171875,833.3217163085938,2406.969970703125,0,0,0,0,0,0,0,0,0,0,0,0,0.05347486585378647,0.034216538071632385,0.14572520554065704,0.05077052116394043,0.011387866921722889,0.03340586647391319,0.017740026116371155,0.042485468089580536,0.09543600678443909,0.052395667880773544,0.07688556611537933,0.077957384288311
820,27.333333333333332,,,,insightface_bbox,0.6241109371185303,119.14987182617188,616.4715576171875,833.3217163085938,2406.969970703125,0,0,0,0,0,0,0,0,0,0,0,0,0.051599763333797455,0.0320231094956398,0.13844361901283264,0.04659261181950569,0.01082898024469614,0.03204955533146858,0.01594223827123642,0.038690485060214996,0.09103738516569138,0.04978770390152931,0.07034868746995926,0.06892699003219604
821,27.366666666666667,,,,insightface_bbox,0.6241109371185303,119.14987182617188,616.4715576171875,833.3217163085938,2406.969970703125,0,0,0,0,0,0,0,0,0,0,0,0,0.054397884756326675,0.03288905695080757,0.16091138124465942,0.048285890370607376,0.01139811147004366,0.03398120403289795,0.016733475029468536,0.041218068450689316,0.0948931872844696,0.051462411880493164,0.08098974078893661,0.07261095196008682
822,27.4,,,,insightface_bbox,0.6155785918235779,107.84334564208984,622.2954711914062,841.8910522460938,2384.87353515625,0,0,0,0,0,0,0,0,0,0,0,0,0.06373605132102966,0.04142622649669647,0.18698066473007202,0.07547865062952042,0.01345660537481308,0.036023929715156555,0.0198235884308815,0.050923123955726624,0.0930122435092926,0.062157582491636276,0.08669812977313995,0.08778709918260574
823,27.433333333333334,,,,insightface_bbox,0.6155785918235779,107.84334564208984,622.2954711914062,841.8910522460938,2384.87353515625,0,0,0,0,0,0,0,0,0,0,0,0,0.06386261433362961,0.04313243180513382,0.17907240986824036,0.08568272739648819,0.014410555362701416,0.03655300289392471,0.02067500352859497,0.05034305155277252,0.08580348640680313,0.060434333980083466,0.07719893753528595,0.08871710300445557
824,27.466666666666665,,,,insightface_bbox,0.6155785918235779,107.84334564208984,622.2954711914062,841.8910522460938,2384.87353515625,0,0,0,0,0,0,0,0,0,0,0,0,0.06532037258148193,0.04355286806821823,0.19063028693199158,0.08475034683942795,0.015103979036211967,0.03842349350452423,0.02172083780169487,0.051784448325634,0.08825735747814178,0.06230410560965538,0.07995820045471191,0.09107054024934769
825,27.5,,,,insightface_bbox,0.6155785918235779,107.84334564208984,622.2954711914062,841.8910522460938,2384.87353515625,0,0,0,0,0,0,0,0,0,0,0,0,0.06304754316806793,0.03957356512546539,0.1709657609462738,0.06990484893321991,0.013212617486715317,0.0352519154548645,0.018460003659129143,0.04918094724416733,0.08968797326087952,0.05965299531817436,0.07119651138782501,0.08399621397256851
826,27.533333333333335,,,,insightface_bbox,0.6155785918235779,107.84334564208984,622.2954711914062,841.8910522460938,2384.87353515625,0,0,0,0,0,0,0,0,0,0,0,0,0.055491458624601364,0.03417966142296791,0.14163541793823242,0.05540399253368378,0.011752184480428696,0.031007399782538414,0.015722136944532394,0.04439637064933777,0.08636936545372009,0.05610523372888565,0.059281546622514725,0.07564326375722885
827,27.566666666666666,,,,insightface_bbox,0.6155785918235779,107.84334564208984,622.2954711914062,841.8910522460938,2384.87353515625,0,0,0,0,0,0,0,0,0,0,0,0,0.05161561816930771,0.033335939049720764,0.14341534674167633,0.05422221124172211,0.012136232107877731,0.03134612739086151,0.015567313879728317,0.04646722972393036,0.08575905859470367,0.05563393235206604,0.06293479353189468,0.07582291960716248
828,27.6,,,,insightface_bbox,0.6325677633285522,99.78936004638672,625.5882568359375,829.6257934570312,2383.3232421875,0,0,0,0,0,0,0,0,0,0,0,0,0.05106445401906967,0.032930806279182434,0.1497557908296585,0.052215129137039185,0.012117600068449974,0.03177603334188461,0.016125965863466263,0.04654955491423607,0.08342781662940979,0.05603007599711418,0.06674524396657944,0.07876025140285492
829,27.633333333333333,,,,insightface_bbox,0.6325677633285522,99.78936004638672,625.5882568359375,829.6257934570312,2383.3232421875,0,0,0,0,0,0,0,0,0,0,0,0,0.05282977968454361,0.034695934504270554,0.15669983625411987,0.05782483145594597,0.012868868187069893,0.03256405144929886,0.017763903364539146,0.047613684087991714,0.08442012965679169,0.05663753300905228,0.07351388037204742,0.08136150240898132
830,27.666666666666668,,,,insightface_bbox,0.6325677633285522,99.78936004638672,625.5882568359375,829.6257934570312,2383.3232421875,0,0,0,0,0,0,0,0,0,0,0,0,0.05267069488763809,0.035550862550735474,0.15590427815914154,0.058271318674087524,0.013184082694351673,0.03287011757493019,0.01805906742811203,0.0499093197286129,0.08815672248601913,0.058867208659648895,0.07667575031518936,0.08563981205224991
831,27.7,,,,insightface_bbox,0.6325677633285522,99.78936004638672,625.5882568359375,829.6257934570312,2383.3232421875,0,0,0,0,0,0,0,0,0,0,0,0,0.05333535000681877,0.03545817732810974,0.15494588017463684,0.05763635039329529,0.013016724027693272,0.03237161412835121,0.017941318452358246,0.050120726227760315,0.0889798104763031,0.058838486671447754,0.07906530797481537,0.08667133003473282
832,27.733333333333334,,,,insightface_bbox,0.6325677633285522,99.78936004638672,625.5882568359375,829.6257934570312,2383.3232421875,0,0,0,0,0,0,0,0,0,0,0,0,0.05797169730067253,0.038641948252916336,0.15911057591438293,0.06769126653671265,0.013880440965294838,0.033920951187610626,0.019510731101036072,0.05174790322780609,0.08737622946500778,0.06039639562368393,0.08649046719074249,0.09107441455125809
833,27.766666666666666,,,,insightface_bbox,0.6325677633285522,99.78936004638672,625.5882568359375,829.6257934570312,2383.3232421875,0,0,0,0,0,0,0,0,0,0,0,0,0.061763230711221695,0.04058238863945007,0.16369648277759552,0.0737595483660698,0.014660783112049103,0.03537936136126518,0.020073026418685913,0.05281195789575577,0.08824761211872101,0.06036903336644173,0.08829982578754425,0.09124889969825745
834,27.8,,,,insightface_bbox,0.6553694009780884,109.14364624023438,633.019775390625,823.3983154296875,2377.441162109375,0,0,0,0,0,0,0,0,0,0,0,0,0.0504523366689682,0.03080548718571663,0.16066208481788635,0.04365156963467598,0.012376288883388042,0.03288796544075012,0.015427552163600922,0.041930049657821655,0.08905185759067535,0.05129244178533554,0.0776594802737236,0.07160302251577377
835,27.833333333333332,,,,insightface_bbox,0.6553694009780884,109.14364624023438,633.019775390625,823.3983154296875,2377.441162109375,0,0,0,0,0,0,0,0,0,0,0,0,0.049044083803892136,0.03035149537026882,0.14746178686618805,0.043356433510780334,0.012535260990262032,0.03107823245227337,0.012890840880572796,0.04066608473658562,0.0822247564792633,0.04841715842485428,0.07255634665489197,0.06503759324550629
836,27.866666666666667,,,,insightface_bbox,0.6553694009780884,109.14364624023438,633.019775390625,823.3983154296875,2377.441162109375,0,0,0,0,0,0,0,0,0,0,0,0,0.05431187152862549,0.034140367060899734,0.16304440796375275,0.05380058288574219,0.013480477035045624,0.03205506503582001,0.012444890104234219,0.04117678850889206,0.07599479705095291,0.04754934459924698,0.08013922721147537,0.07116569578647614
837,27.9,,,,insightface_bbox,0.6553694009780884,109.14364624023438,633.019775390625,823.3983154296875,2377.441162109375,0,0,0,0,0,0,0,0,0,0,0,0,0.05701558291912079,0.03645337373018265,0.1717423051595688,0.06079830974340439,0.014172793366014957,0.033030226826667786,0.013013549149036407,0.044264379888772964,0.07621221989393234,0.049630820751190186,0.08960891515016556,0.07747283577919006
838,27.933333333333334,,,,insightface_bbox,0.6553694009780884,109.14364624023438,633.019775390625,823.3983154296875,2377.441162109375,0,0,0,0,0,0,0,0,0,0,0,0,0.05917884781956673,0.03761937469244003,0.1836528182029724,0.06367619335651398,0.014049015939235687,0.03299669921398163,0.01287949737161398,0.045510709285736084,0.07660406827926636,0.050704225897789,0.09114950150251389,0.08099068701267242
839,27.966666666666665,,,,insightface_bbox,0.6553694009780884,109.14364624023438,633.019775390625,823.3983154296875,2377.441162109375,0,0,0,0,0,0,0,0,0,0,0,0,0.05602040886878967,0.03584752976894379,0.16501310467720032,0.06048688292503357,0.013540022075176239,0.0321151539683342,0.01282605342566967,0.04447924345731735,0.07727375626564026,0.050081517547369,0.0826725959777832,0.07824435830116272
840,28.0,,,,insightface_bbox,0.6379554271697998,119.63130187988281,638.3828735351562,839.3034057617188,2368.829345703125,0,0,0,0,0,0,0,0,0,0,0,0,0.04822978749871254,0.03058546781539917,0.12808075547218323,0.045081235468387604,0.011451387777924538,0.028826938942074776,0.013173935934901237,0.0394773930311203,0.080677829682827,0.05030043423175812,0.05941277742385864,0.06564643979072571
841,28.033333333333335,,,,insightface_bbox,0.6379554271697998,119.63130187988281,638.3828735351562,839.3034057617188,2368.829345703125,0,0,0,0,0,0,0,0,0,0,0,0,0.05175623670220375,0.03181716054677963,0.15051743388175964,0.04703916609287262,0.011684024706482887,0.030313486233353615,0.014322357252240181,0.04124604910612106,0.08471169322729111,0.05167345702648163,0.06183445081114769,0.06861437112092972
842,28.066666666666666,,,,insightface_bbox,0.6379554271697998,119.63130187988281,638.3828735351562,839.3034057617188,2368.829345703125,0,0,0,0,0,0,0,0,0,0,0,0,0.05745653435587883,0.03521354869008064,0.18476521968841553,0.05303460732102394,0.01316806674003601,0.033851258456707,0.018607571721076965,0.04651893302798271,0.08888733386993408,0.05458640307188034,0.07963047176599503,0.08029767870903015
843,28.1,,,,insightface_bbox,0.6379554271697998,119.63130187988281,638.3828735351562,839.3034057617188,2368.829345703125,0,0,0,0,0,0,0,0,0,0,0,0,0.05697023123502731,0.035640452057123184,0.18520088493824005,0.0546172559261322,0.013804210349917412,0.03407483547925949,0.01906486041843891,0.04781950265169144,0.08275796473026276,0.05380679666996002,0.08410970866680145,0.08042029291391373
844,28.133333333333333,,,,insightface_bbox,0.6379554271697998,119.63130187988281,638.3828735351562,839.3034057617188,2368.829345703125,0,0,0,0,0,0,0,0,0,0,0,0,0.061171069741249084,0.036995016038417816,0.2087940126657486,0.05879787728190422,0.014358707703649998,0.035262998193502426,0.01901884749531746,0.051936082541942596,0.08727099746465683,0.05640413984656334,0.09391029179096222,0.08371394127607346
845,28.166666666666668,,,,insightface_bbox,0.6379554271697998,119.63130187988281,638.3828735351562,839.3034057617188,2368.829345703125,0,0,0,0,0,0,0,0,0,0,0,0,0.054688647389411926,0.03362024575471878,0.18906834721565247,0.04995731636881828,0.013580847531557083,0.0331050381064415,0.01647988148033619,0.04747695475816727,0.08438444137573242,0.053177013993263245,0.07743437588214874,0.07451777905225754
846,28.2,,,,insightface_bbox,0.6540372371673584,94.32239532470703,645.2002563476562,822.9382934570312,2376.42578125,0,0,0,0,0,0,0,0,0,0,0,0,0.05970475822687149,0.03835192322731018,0.17472954094409943,0.06568203866481781,0.014138150960206985,0.03525979071855545,0.0204935260117054,0.050719670951366425,0.08421899378299713,0.06042100861668587,0.07671575248241425,0.08856041729450226
847,28.233333333333334,,,,insightface_bbox,0.6540372371673584,94.32239532470703,645.2002563476562,822.9382934570312,2376.42578125,0,0,0,0,0,0,0,0,0,0,0,0,0.06019503250718117,0.03786136209964752,0.1935616433620453,0.06418013572692871,0.013727525249123573,0.03498496487736702,0.02046053856611252,0.0503312386572361,0.08373289555311203,0.058274805545806885,0.07314430177211761,0.08428969979286194
848,28.266666666666666,,,,insightface_bbox,0.6540372371673584,94.32239532470703,645.2002563476562,822.9382934570312,2376.42578125,0,0,0,0,0,0,0,0,0,0,0,0,0.05371525138616562,0.03407444432377815,0.16484694182872772,0.05308166518807411,0.012928479351103306,0.03252210468053818,0.01908256486058235,0.047150347381830215,0.08179929852485657,0.05527698993682861,0.06642913818359375,0.07784062623977661
849,28.3,,,,insightface_bbox,0.6540372371673584,94.32239532470703,645.2002563476562,822.9382934570312,2376.42578125,0,0,0,0,0,0,0,0,0,0,0,0,0.05076054856181145,0.03252452611923218,0.1517854928970337,0.049371231347322464,0.013120818883180618,0.03177708387374878,0.01845257543027401,0.0470707044005394,0.07980339229106903,0.05386827886104584,0.058975882828235626,0.07003825902938843
850,28.333333333333332,,,,insightface_bbox,0.6540372371673584,94.32239532470703,645.2002563476562,822.9382934570312,2376.42578125,0,0,0,0,0,0,0,0,0,0,0,0,0.05824723839759827,0.03680792078375816,0.1831083744764328,0.05790121853351593,0.01403053104877472,0.03494573011994362,0.020737677812576294,0.05055014044046402,0.08204460144042969,0.05643872171640396,0.06847748905420303,0.07841314375400543
851,28.366666666666667,,,,insightface_bbox,0.6540372371673584,94.32239532470703,645.2002563476562,822.9382934570312,2376.42578125,0,0,0,0,0,0,0,0,0,0,0,0,0.06370791047811508,0.039746277034282684,0.20848289132118225,0.06479793041944504,0.015121343545615673,0.038076870143413544,0.021987630054354668,0.05694276839494705,0.08849717676639557,0.06181671470403671,0.0864999070763588,0.09516880661249161
852,28.4,,,,insightface_bbox,0.6500002145767212,104.92361450195312,637.1224975585938,828.5089721679688,2396.19091796875,0,0,0,0,0,0,0,0,0,0,0,0,0.05981724336743355,0.03658083826303482,0.18239736557006836,0.059590913355350494,0.01324345450848341,0.03321007639169693,0.014940757304430008,0.04674112796783447,0.08341018110513687,0.05501459538936615,0.06713643670082092,0.07856971770524979
853,28.433333333333334,,,,insightface_bbox,0.6500002145767212,104.92361450195312,637.1224975585938,828.5089721679688,2396.19091796875,0,0,0,0,0,0,0,0,0,0,0,0,0.05391238257288933,0.035158950835466385,0.17212361097335815,0.05671440809965134,0.014067323878407478,0.03389684855937958,0.015116636641323566,0.04961735010147095,0.08231717348098755,0.05429166927933693,0.08645516633987427,0.09294077754020691
854,28.466666666666665,,,,insightface_bbox,0.6500002145767212,104.92361450195312,637.1224975585938,828.5089721679688,2396.19091796875,0,0,0,0,0,0,0,0,0,0,0,0,0.054889678955078125,0.03501146659255028,0.1828705072402954,0.05548546090722084,0.014584636315703392,0.035746775567531586,0.017049571499228477,0.05609173700213432,0.09407200664281845,0.060137636959552765,0.08803419768810272,0.09720078855752945
855,28.5,,,,insightface_bbox,0.6500002145767212,104.92361450195312,637.1224975585938,828.5089721679688,2396.19091796875,0,0,0,0,0,0,0,0,0,0,0,0,0.05237087607383728,0.0327884741127491,0.1920943260192871,0.04741978645324707,0.01378698367625475,0.034870490431785583,0.018427232280373573,0.05093764513731003,0.10018501430749893,0.06047562137246132,0.08668448030948639,0.09573155641555786
856,28.533333333333335,,,,insightface_bbox,0.6500002145767212,104.92361450195312,637.1224975585938,828.5089721679688,2396.19091796875,0,0,0,0,0,0,0,0,0,0,0,0,0.05674834921956062,0.03703688830137253,0.19373460114002228,0.05760815367102623,0.015014867298305035,0.03747143596410751,0.022114712744951248,0.0578053742647171,0.09796833992004395,0.06473065912723541,0.09511178731918335,0.10592468827962875
857,28.566666666666666,,,,insightface_bbox,0.6500002145767212,104.92361450195312,637.1224975585938,828.5089721679688,2396.19091796875,0,0,0,0,0,0,0,0,0,0,0,0,0.047089070081710815,0.03166048973798752,0.1725691854953766,0.048126835376024246,0.014512724243104458,0.03425293415784836,0.020550506189465523,0.0559689998626709,0.09313830733299255,0.0633111298084259,0.08468624204397202,0.09573773294687271
858,28.6,,,,insightface_bbox,0.6239644289016724,111.69485473632812,614.0733032226562,819.9688720703125,2402.476318359375,0,0,0,0,0,0,0,0,0,0,0,0,0.04366925358772278,0.025326013565063477,0.1788812279701233,0.029757702723145485,0.011798197403550148,0.029882395640015602,0.01372203417122364,0.04599866271018982,0.09242638200521469,0.054051484912633896,0.08595549315214157,0.07327140122652054
859,28.633333333333333,,,,insightface_bbox,0.6239644289016724,111.69485473632812,614.0733032226562,819.9688720703125,2402.476318359375,0,0,0,0,0,0,0,0,0,0,0,0,0.05023907497525215,0.0309903621673584,0.18559756875038147,0.04219736158847809,0.013428580947220325,0.034605950117111206,0.017282821238040924,0.04917483776807785,0.09688827395439148,0.05866759270429611,0.0959925726056099,0.0870559811592102
860,28.666666666666668,,,,insightface_bbox,0.6239644289016724,111.69485473632812,614.0733032226562,819.9688720703125,2402.476318359375,0,0,0,0,0,0,0,0,0,0,0,0,0.04776768386363983,0.02971668541431427,0.17813189327716827,0.03928639367222786,0.013655009679496288,0.0344725176692009,0.01646009087562561,0.047668881714344025,0.09399323910474777,0.057943202555179596,0.09543418139219284,0.08406016230583191
861,28.7,,,,insightface_bbox,0.6239644289016724,111.69485473632812,614.0733032226562,819.9688720703125,2402.476318359375,0,0,0,0,0,0,0,0,0,0,0,0,0.04714426398277283,0.027871133759617805,0.16814091801643372,0.03484258055686951,0.013148242607712746,0.0324639156460762,0.015702225267887115,0.04817670211195946,0.0989484116435051,0.05983291193842888,0.08611339330673218,0.08086961507797241
862,28.733333333333334,,,,insightface_bbox,0.6239644289016724,111.69485473632812,614.0733032226562,819.9688720703125,2402.476318359375,0,0,0,0,0,0,0,0,0,0,0,0,0.044415175914764404,0.026132848113775253,0.15475016832351685,0.03291921690106392,0.012456384487450123,0.03130428120493889,0.014705942943692207,0.04748917743563652,0.09929724037647247,0.05846576392650604,0.08485917747020721,0.07617916166782379
863,28.766666666666666,,,,insightface_bbox,0.6239644289016724,111.69485473632812,614.0733032226562,819.9688720703125,2402.476318359375,0,0,0,0,0,0,0,0,0,0,0,0,0.04527764394879341,0.02674531191587448,0.1601293534040451,0.03355761244893074,0.012334434315562248,0.03189794346690178,0.014948849566280842,0.048418574035167694,0.10082827508449554,0.05828414112329483,0.08857663720846176,0.08023976534605026
864,28.8,,,,insightface_bbox,0.6003367900848389,104.87403106689453,611.2081298828125,835.4642944335938,2439.05126953125,0,0,0,0,0,0,0,0,0,0,0,0,0.05750809609889984,0.040631383657455444,0.1737765669822693,0.07038094848394394,0.016647230833768845,0.03645718842744827,0.021242834627628326,0.0629582330584526,0.09488620609045029,0.06845266371965408,0.08553941547870636,0.10928560048341751
865,28.833333333333332,,,,insightface_bbox,0.6003367900848389,104.87403106689453,611.2081298828125,835.4642944335938,2439.05126953125,0,0,0,0,0,0,0,0,0,0,0,0,0.05590850114822388,0.03896378353238106,0.15898241102695465,0.06524629890918732,0.014770513400435448,0.03382551670074463,0.017734361812472343,0.061362531036138535,0.09467843919992447,0.06633980572223663,0.08053378760814667,0.10827037692070007
866,28.866666666666667,,,,insightface_bbox,0.6003367900848389,104.87403106689453,611.2081298828125,835.4642944335938,2439.05126953125,0,0,0,0,0,0,0,0,0,0,0,0,0.054669179022312164,0.03668185696005821,0.1522827297449112,0.05662132799625397,0.013423050753772259,0.031232155859470367,0.016252119094133377,0.059001483023166656,0.09223762899637222,0.0656353235244751,0.0663585364818573,0.09914334863424301
867,28.9,,,,insightface_bbox,0.6003367900848389,104.87403106689453,611.2081298828125,835.4642944335938,2439.05126953125,0,0,0,0,0,0,0,0,0,0,0,0,0.05009215697646141,0.033631905913352966,0.1330317258834839,0.04946458339691162,0.012745780870318413,0.028305578976869583,0.015321766957640648,0.054628100246191025,0.08010945469141006,0.05945153534412384,0.05579754710197449,0.08723866194486618
868,28.933333333333334,,,,insightface_bbox,0.6003367900848389,104.87403106689453,611.2081298828125,835.4642944335938,2439.05126953125,0,0,0,0,0,0,0,0,0,0,0,0,0.05128692463040352,0.03505268692970276,0.14132872223854065,0.05432935059070587,0.013318046927452087,0.029665526002645493,0.01603439636528492,0.058497484773397446,0.08084393292665482,0.06201758608222008,0.061337072402238846,0.09018911421298981
869,28.966666666666665,,,,insightface_bbox,0.6003367900848389,104.87403106689453,611.2081298828125,835.4642944335938,2439.05126953125,0,0,0,0,0,0,0,0,0,0,0,0,0.05496842786669731,0.038014866411685944,0.16302871704101562,0.0640595555305481,0.014127767644822598,0.03172300383448601,0.017451195046305656,0.06419394165277481,0.08376351743936539,0.06565694510936737,0.06945442408323288,0.09629753232002258
870,29.0,,,,insightface_bbox,0.6366760730743408,87.62845611572266,607.749755859375,840.7072143554688,2464.951904296875,0,0,0,0,0,0,0,0,0,0,0,0,0.06129566580057144,0.04525735229253769,0.18506741523742676,0.08765703439712524,0.01718265563249588,0.03708226606249809,0.02580181136727333,0.07004674524068832,0.10010077059268951,0.07206344604492188,0.0844540074467659,0.09997773915529251
871,29.033333333333335,,,,insightface_bbox,0.6366760730743408,87.62845611572266,607.749755859375,840.7072143554688,2464.951904296875,0,0,0,0,0,0,0,0,0,0,0,0,0.06244143843650818,0.046012770384550095,0.1930341124534607,0.08915680646896362,0.01820579543709755,0.038556259125471115,0.028933312743902206,0.0745682343840599,0.10448045283555984,0.07548077404499054,0.08163042366504669,0.09958193451166153
872,29.066666666666666,,,,insightface_bbox,0.6366760730743408,87.62845611572266,607.749755859375,840.7072143554688,2464.951904296875,0,0,0,0,0,0,0,0,0,0,0,0,0.06434111297130585,0.04429000988602638,0.20321235060691833,0.09506288170814514,0.014785653911530972,0.03232923895120621,0.023637322708964348,0.0657854825258255,0.09968893229961395,0.0695185586810112,0.07180502265691757,0.09619462490081787
873,29.1,,,,insightface_bbox,0.6366760730743408,87.62845611572266,607.749755859375,840.7072143554688,2464.951904296875,0,0,0,0,0,0,0,0,0,0,0,0,0.061248041689395905,0.03899439424276352,0.2056400179862976,0.07618910074234009,0.013094580732285976,0.029632218182086945,0.021129876375198364,0.05355603247880936,0.09906817227602005,0.06786419451236725,0.05346063897013664,0.07403811812400818
874,29.133333333333333,,,,insightface_bbox,0.6366760730743408,87.62845611572266,607.749755859375,840.7072143554688,2464.951904296875,0,0,0,0,0,0,0,0,0,0,0,0,0.061743102967739105,0.040945377200841904,0.21208250522613525,0.08079327642917633,0.014124954119324684,0.03147759661078453,0.022450022399425507,0.05103332921862602,0.09120703488588333,0.06646578013896942,0.06384451687335968,0.07884391397237778
875,29.166666666666668,,,,insightface_bbox,0.6366760730743408,87.62845611572266,607.749755859375,840.7072143554688,2464.951904296875,0,0,0,0,0,0,0,0,0,0,0,0,0.06290288269519806,0.042302727699279785,0.21226799488067627,0.08488543331623077,0.013893317431211472,0.031189989298582077,0.021401038393378258,0.05079757422208786,0.0897161215543747,0.06693325191736221,0.06635984778404236,0.08436449617147446
876,29.2,,,,insightface_bbox,0.5945824980735779,29.327211380004883,573.3381958007812,834.3153686523438,2536.95751953125,0,0,0,0,0,0,0,0,0,0,0,0,0.08382721245288849,0.06179928407073021,0.2089882791042328,0.14188173413276672,0.01831209473311901,0.03575879707932472,0.0338466539978981,0.07539376616477966,0.10474547743797302,0.08279670774936676,0.0307462178170681,0.0797881931066513
877,29.233333333333334,,,,insightface_bbox,0.5945824980735779,29.327211380004883,573.3381958007812,834.3153686523438,2536.95751953125,0,0,0,0,0,0,0,0,0,0,0,0,0.0781031921505928,0.05699024349451065,0.18537096679210663,0.12495498359203339,0.016700519248843193,0.03268242999911308,0.02753210999071598,0.06862718611955643,0.10171329975128174,0.07920534908771515,0.027354061603546143,0.07318222522735596
878,29.266666666666666,,,,insightface_bbox,0.5945824980735779,29.327211380004883,573.3381958007812,834.3153686523438,2536.95751953125,0,0,0,0,0,0,0,0,0,0,0,0,0.08011043816804886,0.05831526964902878,0.2016924023628235,0.13349445164203644,0.016172980889678,0.032366786152124405,0.027431940659880638,0.07027123868465424,0.10341823846101761,0.07771199941635132,0.02508079633116722,0.07105125486850739
879,29.3,,,,insightface_bbox,0.5945824980735779,29.327211380004883,573.3381958007812,834.3153686523438,2536.95751953125,0,0,0,0,0,0,0,0,0,0,0,0,0.08749563246965408,0.06285684555768967,0.21523070335388184,0.15526080131530762,0.015690816566348076,0.03228043019771576,0.027635155245661736,0.07069377601146698,0.10461870580911636,0.07586308568716049,0.025387147441506386,0.07399690896272659
880,29.333333333333332,,,,insightface_bbox,0.5945824980735779,29.327211380004883,573.3381958007812,834.3153686523438,2536.95751953125,0,0,0,0,0,0,0,0,0,0,0,0,0.09820335358381271,0.07038266211748123,0.2257927656173706,0.18825209140777588,0.01589028723537922,0.033813536167144775,0.03033125028014183,0.07025991380214691,0.0999935120344162,0.07429646700620651,0.02823830395936966,0.07906917482614517
881,29.366666666666667,,,,insightface_bbox,0.5945824980735779,29.327211380004883,573.3381958007812,834.3153686523438,2536.95751953125,0,0,0,0,0,0,0,0,0,0,0,0,0.09032332897186279,0.06390616297721863,0.21660269796848297,0.1571422666311264,0.017466766759753227,0.03670818731188774,0.03387933969497681,0.07463955134153366,0.10787045955657959,0.0818336009979248,0.03421466052532196,0.08786522597074509
882,29.4,,,,insightface_bbox,0.6208953857421875,76.72807312011719,586.40234375,855.9713134765625,2503.778076171875,0,0,0,0,0,0,0,0,0,0,0,0,0.08169198036193848,0.06472194194793701,0.20256084203720093,0.16535058617591858,0.020705314353108406,0.04041796177625656,0.039014969021081924,0.07896874845027924,0.1028042882680893,0.07858215272426605,0.05677901208400726,0.09297409653663635
883,29.433333333333334,,,,insightface_bbox,0.6208953857421875,76.72807312011719,586.40234375,855.9713134765625,2503.778076171875,0,0,0,0,0,0,0,0,0,0,0,0,0.08191867172718048,0.06658609211444855,0.1973138004541397,0.16253980994224548,0.020882204174995422,0.04412168264389038,0.040510762482881546,0.07890232652425766,0.09903944283723831,0.07650615274906158,0.07164672017097473,0.09853950142860413
884,29.466666666666665,,,,insightface_bbox,0.6208953857421875,76.72807312011719,586.40234375,855.9713134765625,2503.778076171875,0,0,0,0,0,0,0,0,0,0,0,0,0.08835987001657486,0.07074989378452301,0.20423157513141632,0.17615407705307007,0.022083166986703873,0.046539176255464554,0.04613975062966347,0.08246473222970963,0.10263878107070923,0.07972629368305206,0.07752380520105362,0.10555259883403778
885,29.5,,,,insightface_bbox,0.6208953857421875,76.72807312011719,586.40234375,855.9713134765625,2503.778076171875,0,0,0,0,0,0,0,0,0,0,0,0,0.08743814378976822,0.06885950267314911,0.1986342966556549,0.16755720973014832,0.020878726616501808,0.0441419743001461,0.04151001572608948,0.07952255010604858,0.10349322110414505,0.07810267060995102,0.06601932644844055,0.0991482138633728
886,29.533333333333335,,,,insightface_bbox,0.6208953857421875,76.72807312011719,586.40234375,855.9713134765625,2503.778076171875,0,0,0,0,0,0,0,0,0,0,0,0,0.08923127502202988,0.06982499361038208,0.20533889532089233,0.16567574441432953,0.020004382357001305,0.04316628724336624,0.039215367287397385,0.07694478332996368,0.09952573478221893,0.07525154948234558,0.06671221554279327,0.09588322788476944
887,29.566666666666666,,,,insightface_bbox,0.6208953857421875,76.72807312011719,586.40234375,855.9713134765625,2503.778076171875,0,0,0,0,0,0,0,0,0,0,0,0,0.08871793001890182,0.06850448250770569,0.2068115472793579,0.15528228878974915,0.02002941444516182,0.04399775713682175,0.03808436542749405,0.07589475810527802,0.10058332234621048,0.07613123953342438,0.07864796370267868,0.10139691829681396
888,29.6,,,,insightface_bbox,0.6429873704910278,84.34675598144531,584.9862670898438,850.6162109375,2505.643798828125,0,0,0,0,0,0,0,0,0,0,0,0,0.0640435442328453,0.04986436665058136,0.1587999016046524,0.09181301295757294,0.02000102959573269,0.040998272597789764,0.0396089069545269,0.0775139108300209,0.10231134295463562,0.08426781743764877,0.07341913878917694,0.0995587632060051
889,29.633333333333333,,,,insightface_bbox,0.6429873704910278,84.34675598144531,584.9862670898438,850.6162109375,2505.643798828125,0,0,0,0,0,0,0,0,0,0,0,0,0.06337100267410278,0.04932602867484093,0.16461023688316345,0.08929762244224548,0.019792985171079636,0.041436292231082916,0.03785846382379532,0.07569599896669388,0.10187333822250366,0.08239167928695679,0.07652390003204346,0.10128326714038849
890,29.666666666666668,,,,insightface_bbox,0.6429873704910278,84.34675598144531,584.9862670898438,850.6162109375,2505.643798828125,0,0,0,0,0,0,0,0,0,0,0,0,0.0615646131336689,0.046952661126852036,0.16605326533317566,0.08577220141887665,0.01907077431678772,0.04018598794937134,0.033836957067251205,0.07155602425336838,0.09875495731830597,0.07812343537807465,0.07490070164203644,0.09795907884836197
891,29.7,,,,insightface_bbox,0.6429873704910278,84.34675598144531,584.9862670898438,850.6162109375,2505.643798828125,0,0,0,0,0,0,0,0,0,0,0,0,0.06132263317704201,0.04665643721818924,0.16257791221141815,0.08425091207027435,0.018852798268198967,0.03972005844116211,0.03338345140218735,0.07081997394561768,0.09842488914728165,0.07807676494121552,0.07377944141626358,0.0967767983675003
892,29.733333333333334,,,,insightface_bbox,0.6429873704910278,84.34675598144531,584.9862670898438,850.6162109375,2505.643798828125,0,0,0,0,0,0,0,0,0,0,0,0,0.0606699138879776,0.04533872380852699,0.1469011902809143,0.08102550357580185,0.017573557794094086,0.03749746456742287,0.028381183743476868,0.06560494005680084,0.09683802723884583,0.07354770600795746,0.06548966467380524,0.0923784002661705
893,29.766666666666666,,,,insightface_bbox,0.6429873704910278,84.34675598144531,584.9862670898438,850.6162109375,2505.643798828125,0,0,0,0,0,0,0,0,0,0,0,0,0.07772623002529144,0.060124412178993225,0.17564521729946136,0.13266460597515106,0.018578704446554184,0.042455367743968964,0.02753513865172863,0.06663711369037628,0.09574592858552933,0.06990733742713928,0.08706916123628616,0.10707694292068481
894,29.8,,,,insightface_bbox,0.6201651692390442,105.87663269042969,566.6245727539062,846.917236328125,2494.23876953125,0,0,0,0,0,0,0,0,0,0,0,0,0.05622296780347824,0.041573718190193176,0.15561038255691528,0.07131816446781158,0.016196442767977715,0.03546956554055214,0.019298015162348747,0.057561278343200684,0.0892493799328804,0.06480478495359421,0.07952684164047241,0.09954654425382614
895,29.833333333333332,,,,insightface_bbox,0.6201651692390442,105.87663269042969,566.6245727539062,846.917236328125,2494.23876953125,0,0,0,0,0,0,0,0,0,0,0,0,0.05577445402741432,0.04149351269006729,0.15169376134872437,0.06867722421884537,0.015833506360650063,0.03562626242637634,0.01996064931154251,0.05601789802312851,0.08942396193742752,0.06445321440696716,0.08309845626354218,0.10015464574098587
896,29.866666666666667,,,,insightface_bbox,0.6201651692390442,105.87663269042969,566.6245727539062,846.917236328125,2494.23876953125,0,0,0,0,0,0,0,0,0,0,0,0,0.05736717954277992,0.04261397197842598,0.1438833475112915,0.06973636895418167,0.016987694427371025,0.036918263882398605,0.022380325943231583,0.05615080147981644,0.0912228599190712,0.06497758626937866,0.08283807337284088,0.09896845370531082
897,29.9,,,,insightface_bbox,0.6201651692390442,105.87663269042969,566.6245727539062,846.917236328125,2494.23876953125,0,0,0,0,0,0,0,0,0,0,0,0,0.05932486802339554,0.044744521379470825,0.13432914018630981,0.07554183900356293,0.017781628295779228,0.03822213411331177,0.025616895407438278,0.05727773904800415,0.0925489217042923,0.06565231829881668,0.08802153915166855,0.1006680428981781
898,29.933333333333334,,,,insightface_bbox,0.6201651692390442,105.87663269042969,566.6245727539062,846.917236328125,2494.23876953125,0,0,0,0,0,0,0,0,0,0,0,0,0.06231261417269707,0.047178931534290314,0.14105579257011414,0.0841231569647789,0.01792313903570175,0.03891550749540329,0.02510080486536026,0.05775482952594757,0.09554103016853333,0.06740587204694748,0.08858804404735565,0.10414360463619232
899,29.966666666666665,,,,insightface_bbox,0.6201651692390442,105.87663269042969,566.6245727539062,846.917236328125,2494.23876953125,0,0,0,0,0,0,0,0,0,0,0,0,0.05874384194612503,0.04521096497774124,0.14101335406303406,0.07870550453662872,0.01770167052745819,0.03959862142801285,0.02572871930897236,0.0579981803894043,0.09409443289041519,0.0681372806429863,0.09666673839092255,0.1102789044380188
900,30.0,,,,insightface_bbox,0.6132345795631409,109.964111328125,584.3301391601562,850.1889038085938,2465.7431640625,0,0,0,0,0,0,0,0,0,0,0,0,0.054142504930496216,0.041089657694101334,0.12745559215545654,0.06526553630828857,0.015915729105472565,0.035129349678754807,0.019849343225359917,0.0523793026804924,0.08549731969833374,0.06300481408834457,0.08612638711929321,0.10613581538200378
901,30.033333333333335,,,,insightface_bbox,0.6132345795631409,109.964111328125,584.3301391601562,850.1889038085938,2465.7431640625,0,0,0,0,0,0,0,0,0,0,0,0,0.050605081021785736,0.037516701966524124,0.1203388124704361,0.056847766041755676,0.014985915273427963,0.03391231596469879,0.018896598368883133,0.05074560269713402,0.08568590879440308,0.06222197785973549,0.08380921185016632,0.101307213306427
902,30.066666666666666,,,,insightface_bbox,0.6132345795631409,109.964111328125,584.3301391601562,850.1889038085938,2465.7431640625,0,0,0,0,0,0,0,0,0,0,0,0,0.05537571385502815,0.04273981228470802,0.13093894720077515,0.07310372591018677,0.0164177305996418,0.03540448099374771,0.02072834223508835,0.052629634737968445,0.08666674792766571,0.06351128965616226,0.08502621203660965,0.1055028960108757
903,30.1,,,,insightface_bbox,0.6132345795631409,109.964111328125,584.3301391601562,850.1889038085938,2465.7431640625,0,0,0,0,0,0,0,0,0,0,0,0,0.057981014251708984,0.04422254115343094,0.1288946270942688,0.07432393729686737,0.017003266140818596,0.03623649477958679,0.02169332280755043,0.052780475467443466,0.08639612048864365,0.06293615698814392,0.08908988535404205,0.10133817791938782
904,30.133333333333333,,,,insightface_bbox,0.6132345795631409,109.964111328125,584.3301391601562,850.1889038085938,2465.7431640625,0,0,0,0,0,0,0,0,0,0,0,0,0.052560895681381226,0.03954209014773369,0.11457762867212296,0.06025458872318268,0.015534375794231892,0.034720323979854584,0.02008318156003952,0.04936271905899048,0.08007019758224487,0.058500323444604874,0.0811295211315155,0.08773566782474518
905,30.166666666666668,,,,insightface_bbox,0.6132345795631409,109.964111328125,584.3301391601562,850.1889038085938,2465.7431640625,0,0,0,0,0,0,0,0,0,0,0,0,0.05331084504723549,0.0396614596247673,0.1125718504190445,0.058150194585323334,0.014985901303589344,0.034540459513664246,0.019220586866140366,0.04830382019281387,0.0799306333065033,0.058710966259241104,0.08104754984378815,0.08735944330692291
906,30.2,,,,insightface_bbox,0.6348097324371338,109.48507690429688,602.8777465820312,848.9030151367188,2419.6396484375,0,0,0,0,0,0,0,0,0,0,0,0,0.051127467304468155,0.0376693494617939,0.12187530100345612,0.05340372771024704,0.01407797820866108,0.033306390047073364,0.017916599288582802,0.047146450728178024,0.07993050664663315,0.05823902785778046,0.07682086527347565,0.08529859781265259
907,30.233333333333334,,,,insightface_bbox,0.6348097324371338,109.48507690429688,602.8777465820312,848.9030151367188,2419.6396484375,0,0,0,0,0,0,0,0,0,0,0,0,0.053083669394254684,0.03930775448679924,0.12678781151771545,0.05681933835148811,0.014833024702966213,0.034991297870874405,0.01909733936190605,0.04947865754365921,0.08056201785802841,0.05960989370942116,0.08297546952962875,0.08996493369340897
908,30.266666666666666,,,,insightface_bbox,0.6348097324371338,109.48507690429688,602.8777465820312,848.9030151367188,2419.6396484375,0,0,0,0,0,0,0,0,0,0,0,0,0.051529411226511,0.03810186684131622,0.12501980364322662,0.05489058792591095,0.015052976086735725,0.03462652117013931,0.01938530243933201,0.050034113228321075,0.0817311555147171,0.06092243269085884,0.0859832912683487,0.09334327280521393
909,30.3,,,,insightface_bbox,0.6348097324371338,109.48507690429688,602.8777465820312,848.9030151367188,2419.6396484375,0,0,0,0,0,0,0,0,0,0,0,0,0.05126052349805832,0.038221992552280426,0.1404794454574585,0.058901701122522354,0.015253569930791855,0.03394265100359917,0.019029302522540092,0.0510798804461956,0.08291129022836685,0.060546234250068665,0.09271058440208435,0.09847114980220795
910,30.333333333333332,,,,insightface_bbox,0.6348097324371338,109.48507690429688,602.8777465820312,848.9030151367188,2419.6396484375,0,0,0,0,0,0,0,0,0,0,0,0,0.060811422765254974,0.045683152973651886,0.19106948375701904,0.08709985017776489,0.017850026488304138,0.03658230975270271,0.020482858642935753,0.05705833062529564,0.08448319137096405,0.0628030002117157,0.10136175155639648,0.11393839120864868
911,30.366666666666667,,,,insightface_bbox,0.6348097324371338,109.48507690429688,602.8777465820312,848.9030151367188,2419.6396484375,0,0,0,0,0,0,0,0,0,0,0,0,0.0504734180867672,0.037918757647275925,0.16171696782112122,0.0602554976940155,0.01718967780470848,0.03725418448448181,0.022148270159959793,0.06077253818511963,0.08899126946926117,0.06343115121126175,0.09512145072221756,0.10426446050405502
912,30.4,,,,insightface_bbox,0.6123287081718445,94.72835540771484,581.2195434570312,845.0286254882812,2534.5146484375,0,0,0,0,0,0,0,0,0,0,0,0,0.04671339690685272,0.030521349981427193,0.11902845650911331,0.04046514630317688,0.014629039913415909,0.03367344290018082,0.020733561366796494,0.058263324201107025,0.09354128688573837,0.06743136793375015,0.0707581415772438,0.09118051081895828
913,30.433333333333334,,,,insightface_bbox,0.6123287081718445,94.72835540771484,581.2195434570312,845.0286254882812,2534.5146484375,0,0,0,0,0,0,0,0,0,0,0,0,0.04858918860554695,0.034077998250722885,0.12056753039360046,0.04646247252821922,0.015255570411682129,0.034761782735586166,0.02172473631799221,0.061751589179039,0.09566250443458557,0.07111948728561401,0.07612215727567673,0.09924326092004776
914,30.466666666666665,,,,insightface_bbox,0.6123287081718445,94.72835540771484,581.2195434570312,845.0286254882812,2534.5146484375,0,0,0,0,0,0,0,0,0,0,0,0,0.04879116639494896,0.034751709550619125,0.12290292978286743,0.04673924669623375,0.015512769110500813,0.03575300797820091,0.021920518949627876,0.0639098584651947,0.09682847559452057,0.07278739660978317,0.0773143544793129,0.10245205461978912
915,30.5,,,,insightface_bbox,0.6123287081718445,94.72835540771484,581.2195434570312,845.0286254882812,2534.5146484375,0,0,0,0,0,0,0,0,0,0,0,0,0.04889095574617386,0.03503188118338585,0.12301461398601532,0.047744158655405045,0.015432216227054596,0.0357222780585289,0.022028854116797447,0.06302881985902786,0.09609817713499069,0.07162322103977203,0.0784645825624466,0.10117792338132858
916,30.533333333333335,,,,insightface_bbox,0.6123287081718445,94.72835540771484,581.2195434570312,845.0286254882812,2534.5146484375,0,0,0,0,0,0,0,0,0,0,0,0,0.04899545758962631,0.03502225875854492,0.12329111993312836,0.04732469096779823,0.015523583628237247,0.03649470955133438,0.021982157602906227,0.062042444944381714,0.09553443640470505,0.07077836990356445,0.08488193154335022,0.10383594036102295
917,30.566666666666666,,,,insightface_bbox,0.6123287081718445,94.72835540771484,581.2195434570312,845.0286254882812,2534.5146484375,0,0,0,0,0,0,0,0,0,0,0,0,0.04803546145558357,0.03443874418735504,0.12170176208019257,0.04500287026166916,0.01531094778329134,0.03599982336163521,0.020590566098690033,0.061274562031030655,0.09568555653095245,0.070309117436409,0.08626355975866318,0.104279063642025
918,30.6,,,,insightface_bbox,0.6325663328170776,106.35945892333984,604.134521484375,825.8429565429688,2558.132568359375,0,0,0,0,0,0,0,0,0,0,0,0,0.05091899633407593,0.03814909979701042,0.1403782069683075,0.05458541959524155,0.017910480499267578,0.04093550145626068,0.023534677922725677,0.06656846404075623,0.10134489089250565,0.07419699430465698,0.1004679799079895,0.11461302638053894
919,30.633333333333333,,,,insightface_bbox,0.6325663328170776,106.35945892333984,604.134521484375,825.8429565429688,2558.132568359375,0,0,0,0,0,0,0,0,0,0,0,0,0.05167693644762039,0.03950749337673187,0.14212563633918762,0.0594765841960907,0.01889270357787609,0.04097427800297737,0.023438550531864166,0.06382357329130173,0.10097743570804596,0.07311177253723145,0.0964713841676712,0.10948308557271957
920,30.666666666666668,,,,insightface_bbox,0.6325663328170776,106.35945892333984,604.134521484375,825.8429565429688,2558.132568359375,0,0,0,0,0,0,0,0,0,0,0,0,0.05282245948910713,0.040763407945632935,0.14738664031028748,0.06374583393335342,0.019079258665442467,0.039947327226400375,0.023007605224847794,0.06099599972367287,0.10078861564397812,0.07176211476325989,0.09063222259283066,0.10639922320842743
921,30.7,,,,insightface_bbox,0.6325663328170776,106.35945892333984,604.134521484375,825.8429565429688,2558.132568359375,0,0,0,0,0,0,0,0,0,0,0,0,0.05272674560546875,0.040362730622291565,0.1442483514547348,0.06127266213297844,0.018577035516500473,0.039466287940740585,0.022932833060622215,0.05854759365320206,0.09805276244878769,0.07020667940378189,0.09019698947668076,0.10299790650606155
922,30.733333333333334,,,,insightface_bbox,0.6325663328170776,106.35945892333984,604.134521484375,825.8429565429688,2558.132568359375,0,0,0,0,0,0,0,0,0,0,0,0,0.05122692883014679,0.0377783365547657,0.13683734834194183,0.05302602797746658,0.017392316833138466,0.03895578533411026,0.022630348801612854,0.057900428771972656,0.09931240975856781,0.07013902068138123,0.08664119988679886,0.10106268525123596
923,30.766666666666666,,,,insightface_bbox,0.6325663328170776,106.35945892333984,604.134521484375,825.8429565429688,2558.132568359375,0,0,0,0,0,0,0,0,0,0,0,0,0.050093647092580795,0.036587245762348175,0.142093688249588,0.05381288379430771,0.01719406247138977,0.03842509165406227,0.021938642486929893,0.059064071625471115,0.09880225360393524,0.0697367936372757,0.08645804226398468,0.10057558119297028
924,30.8,,,,insightface_bbox,0.614808201789856,111.00813293457031,634.150390625,836.3956298828125,2461.02001953125,0,0,0,0,0,0,0,0,0,0,0,0,0.04709741473197937,0.03395318239927292,0.136517733335495,0.04658396542072296,0.017888061702251434,0.03384437784552574,0.01940762624144554,0.05553527921438217,0.07855600118637085,0.05943590775132179,0.07048361748456955,0.08292064815759659
925,30.833333333333332,,,,insightface_bbox,0.614808201789856,111.00813293457031,634.150390625,836.3956298828125,2461.02001953125,0,0,0,0,0,0,0,0,0,0,0,0,0.04521895572543144,0.03142974525690079,0.1341555267572403,0.042983632534742355,0.01582982763648033,0.03308885917067528,0.017457272857427597,0.053565382957458496,0.08198370039463043,0.06090082973241806,0.07131735980510712,0.0822477862238884
926,30.866666666666667,,,,insightface_bbox,0.614808201789856,111.00813293457031,634.150390625,836.3956298828125,2461.02001953125,0,0,0,0,0,0,0,0,0,0,0,0,0.0440790168941021,0.031441688537597656,0.1286049783229828,0.04356171935796738,0.015967583283782005,0.033957358449697495,0.019235849380493164,0.05344674363732338,0.08235304802656174,0.06216004118323326,0.08250787109136581,0.08847665786743164
927,30.9,,,,insightface_bbox,0.614808201789856,111.00813293457031,634.150390625,836.3956298828125,2461.02001953125,0,0,0,0,0,0,0,0,0,0,0,0,0.045223016291856766,0.032771363854408264,0.13293826580047607,0.046012360602617264,0.016956964507699013,0.03587379306554794,0.02146686241030693,0.05707528069615364,0.08615576475858688,0.06641489267349243,0.08997604250907898,0.09517940878868103
928,30.933333333333334,,,,insightface_bbox,0.614808201789856,111.00813293457031,634.150390625,836.3956298828125,2461.02001953125,0,0,0,0,0,0,0,0,0,0,0,0,0.04702705889940262,0.034148577600717545,0.13787053525447845,0.04849734157323837,0.01738974079489708,0.037225231528282166,0.022235427051782608,0.0579790435731411,0.0876021459698677,0.06820271909236908,0.09136848896741867,0.09961774945259094
929,30.966666666666665,,,,insightface_bbox,0.614808201789856,111.00813293457031,634.150390625,836.3956298828125,2461.02001953125,0,0,0,0,0,0,0,0,0,0,0,0,0.047901351004838943,0.03419280797243118,0.13700249791145325,0.04968605935573578,0.016324222087860107,0.03712574392557144,0.021932123228907585,0.055546537041664124,0.08871173858642578,0.06862088292837143,0.09090970456600189,0.0983121395111084
930,31.0,,,,insightface_bbox,0.630136251449585,110.01004791259766,609.8146362304688,847.3792724609375,2444.60693359375,0,0,0,0,0,0,0,0,0,0,0,0,0.05100750923156738,0.036581892520189285,0.1426537036895752,0.0522942841053009,0.016226161271333694,0.0363815613090992,0.02134614810347557,0.05103536695241928,0.08633902668952942,0.06226599961519241,0.08024909347295761,0.09419973194599152
931,31.033333333333335,,,,insightface_bbox,0.630136251449585,110.01004791259766,609.8146362304688,847.3792724609375,2444.60693359375,0,0,0,0,0,0,0,0,0,0,0,0,0.05277540162205696,0.03777267038822174,0.14231377840042114,0.054489195346832275,0.015501564368605614,0.03692740201950073,0.020195182412862778,0.05082717165350914,0.08736377954483032,0.062173064798116684,0.08153529465198517,0.09345808625221252
932,31.066666666666666,,,,insightface_bbox,0.630136251449585,110.01004791259766,609.8146362304688,847.3792724609375,2444.60693359375,0,0,0,0,0,0,0,0,0,0,0,0,0.05361029878258705,0.03838363662362099,0.1446768194437027,0.05700386315584183,0.015538761392235756,0.03731585666537285,0.02066028118133545,0.0520746111869812,0.08853299915790558,0.06302377581596375,0.0813140794634819,0.09364322572946548
933,31.1,,,,insightface_bbox,0.630136251449585,110.01004791259766,609.8146362304688,847.3792724609375,2444.60693359375,0,0,0,0,0,0,0,0,0,0,0,0,0.052633136510849,0.037442646920681,0.14050689339637756,0.0560918003320694,0.015293212607502937,0.03616614639759064,0.020327571779489517,0.051310889422893524,0.08820831030607224,0.06257177144289017,0.0775723084807396,0.09034807980060577
934,31.133333333333333,,,,insightface_bbox,0.630136251449585,110.01004791259766,609.8146362304688,847.3792724609375,2444.60693359375,0,0,0,0,0,0,0,0,0,0,0,0,0.05276879668235779,0.0373677983880043,0.14126695692539215,0.055972084403038025,0.015161625109612942,0.035796869546175,0.020212681964039803,0.05069350823760033,0.08821099251508713,0.0629330724477768,0.0752464309334755,0.08930497616529465
935,31.166666666666668,,,,insightface_bbox,0.630136251449585,110.01004791259766,609.8146362304688,847.3792724609375,2444.60693359375,0,0,0,0,0,0,0,0,0,0,0,0,0.053669605404138565,0.03826618567109108,0.14976808428764343,0.0607876256108284,0.015617530792951584,0.03553391993045807,0.02082468569278717,0.05173274129629135,0.08951128274202347,0.06335853785276413,0.0764397606253624,0.09210630506277084
936,31.2,,,,insightface_bbox,0.6288588047027588,108.73455810546875,618.0938110351562,835.0161743164062,2463.314697265625,0,0,0,0,0,0,0,0,0,0,0,0,0.04765130206942558,0.03262196481227875,0.12152047455310822,0.04229027405381203,0.014202543534338474,0.03225569799542427,0.019127704203128815,0.04613756760954857,0.08185376226902008,0.06014002114534378,0.08266325294971466,0.09025391191244125
937,31.233333333333334,,,,insightface_bbox,0.6288588047027588,108.73455810546875,618.0938110351562,835.0161743164062,2463.314697265625,0,0,0,0,0,0,0,0,0,0,0,0,0.04605729132890701,0.03221122920513153,0.11400847882032394,0.04332549497485161,0.0140182264149189,0.030426176264882088,0.017370572313666344,0.0438704676926136,0.08084002882242203,0.05766425281763077,0.07561925053596497,0.084352046251297
