frame_idx,frame_time_in_ms,pitch,yaw,roll,face_alignment_method,face_detection_score,face_bbox_xmin,face_bbox_ymin,face_bbox_xmax,face_bbox_ymax,au_1,au_2,au_4,au_6,au_7,au_10,au_12,au_14,au_15,au_17,au_23,au_24,au_1_intensity,au_2_intensity,au_4_intensity,au_5_intensity,au_6_intensity,au_9_intensity,au_12_intensity,au_15_intensity,au_17_intensity,au_20_intensity,au_25_intensity,au_26_intensity
0,0.0,,,,insightface_bbox,0.6143672466278076,56.956031799316406,886.8775634765625,1074.28955078125,2338.159912109375,0,0,1,0,0,0,0,0,0,1,0,1,0.05355650931596756,0.023871738463640213,0.18371301889419556,0.023694245144724846,0.006698975805193186,0.016304638236761093,0.0073812296614050865,0.059809379279613495,0.1031184196472168,0.09000513702630997,0.006152831483632326,0.030497683212161064
1,0.03333333333333333,,,,insightface_bbox,0.6143672466278076,56.956031799316406,886.8775634765625,1074.28955078125,2338.159912109375,0,0,1,0,0,0,0,0,0,1,0,1,0.04395691677927971,0.021537097170948982,0.13307766616344452,0.02363072708249092,0.006853921338915825,0.015830278396606445,0.010134373791515827,0.04889656603336334,0.10898584127426147,0.10486578941345215,0.0062233153730630875,0.03759891167283058
2,0.06666666666666667,,,,insightface_bbox,0.6143672466278076,56.956031799316406,886.8775634765625,1074.28955078125,2338.159912109375,0,0,1,0,0,0,0,0,0,1,0,1,0.038303717970848083,0.01870828866958618,0.10151203721761703,0.020870249718427658,0.00672652805224061,0.01604035682976246,0.009800632484257221,0.044615644961595535,0.10692354291677475,0.10435800999403,0.006373003125190735,0.03597428649663925
3,0.1,,,,insightface_bbox,0.6143672466278076,56.956031799316406,886.8775634765625,1074.28955078125,2338.159912109375,0,0,1,0,0,0,0,0,0,1,0,1,0.03920824080705643,0.019472308456897736,0.10445283353328705,0.020704476162791252,0.006953217089176178,0.016896458342671394,0.00976763665676117,0.043147191405296326,0.10591335594654083,0.10662682354450226,0.006805178243666887,0.03689104691147804
4,0.13333333333333333,,,,insightface_bbox,0.6143672466278076,56.956031799316406,886.8775634765625,1074.28955078125,2338.159912109375,0,0,1,0,0,0,0,0,0,1,0,1,0.040261369198560715,0.020471997559070587,0.10431498289108276,0.021377021446824074,0.007301932666450739,0.018096568062901497,0.010419473983347416,0.043785884976387024,0.10371091961860657,0.10607574135065079,0.008174091577529907,0.03918018564581871
5,0.16666666666666666,,,,insightface_bbox,0.6143672466278076,56.956031799316406,886.8775634765625,1074.28955078125,2338.159912109375,0,0,1,0,0,0,0,0,0,1,0,1,0.04024501517415047,0.020915856584906578,0.10727415978908539,0.021949227899312973,0.007604136131703854,0.018880052492022514,0.011791767552495003,0.04491068795323372,0.1077633947134018,0.10946381092071533,0.008040130138397217,0.039821259677410126
6,0.2,,,,insightface_bbox,0.6479040384292603,49.46950149536133,825.5214233398438,1052.5216064453125,2331.28369140625,0,0,1,0,0,0,0,0,0,1,0,1,0.03841985762119293,0.020215323194861412,0.10834166407585144,0.022073660045862198,0.008619844913482666,0.01912924088537693,0.014867525547742844,0.044754188507795334,0.09629093110561371,0.09663301706314087,0.005740047432482243,0.0351213663816452
7,0.23333333333333334,,,,insightface_bbox,0.6479040384292603,49.46950149536133,825.5214233398438,1052.5216064453125,2331.28369140625,0,0,1,0,0,0,0,0,0,1,0,1,0.03958543390035629,0.021511243656277657,0.10292167961597443,0.022026952356100082,0.008334411308169365,0.01838470809161663,0.014371998608112335,0.04048076272010803,0.09701851010322571,0.09648403525352478,0.005775874480605125,0.0373171865940094
8,0.26666666666666666,,,,insightface_bbox,0.6479040384292603,49.46950149536133,825.5214233398438,1052.5216064453125,2331.28369140625,0,0,1,0,0,0,0,0,0,1,0,1,0.03873997926712036,0.021306341513991356,0.09956404566764832,0.02235160768032074,0.008479523472487926,0.019563373178243637,0.015039006248116493,0.0426204651594162,0.09728926420211792,0.10120745003223419,0.006456254981458187,0.039104264229536057
9,0.3,,,,insightface_bbox,0.6479040384292603,49.46950149536133,825.5214233398438,1052.5216064453125,2331.28369140625,0,0,1,0,0,0,0,0,0,1,0,1,0.04008739814162254,0.02218654379248619,0.10144371539354324,0.022963834926486015,0.008891353383660316,0.02136227861046791,0.01624557003378868,0.04322728514671326,0.0993809923529625,0.10659963637590408,0.007759205996990204,0.04305921122431755
10,0.3333333333333333,,,,insightface_bbox,0.6479040384292603,49.46950149536133,825.5214233398438,1052.5216064453125,2331.28369140625,0,0,1,0,0,0,0,0,0,1,0,0,0.0472836047410965,0.025868691504001617,0.1201690137386322,0.026535892859101295,0.009817095473408699,0.025403162464499474,0.0240028016269207,0.04568008333444595,0.10372856259346008,0.1117064505815506,0.009798328392207623,0.04847284406423569
11,0.36666666666666664,,,,insightface_bbox,0.6479040384292603,49.46950149536133,825.5214233398438,1052.5216064453125,2331.28369140625,0,0,1,0,0,0,0,0,0,1,0,0,0.057431355118751526,0.03161315247416496,0.15398620069026947,0.031763821840286255,0.011211475357413292,0.03125511854887009,0.033234864473342896,0.049687229096889496,0.11026671528816223,0.1192968487739563,0.01190897636115551,0.051995448768138885
12,0.4,,,,insightface_bbox,0.6165033578872681,67.93821716308594,876.0142211914062,1035.4298095703125,2369.847412109375,0,0,1,0,0,0,0,0,0,1,0,0,0.048691995441913605,0.023404834792017937,0.14899376034736633,0.021391987800598145,0.008716258220374584,0.023190345615148544,0.015943873673677444,0.03727695345878601,0.09736573696136475,0.10050556808710098,0.008570506237447262,0.04715210944414139
13,0.43333333333333335,,,,insightface_bbox,0.6165033578872681,67.93821716308594,876.0142211914062,1035.4298095703125,2369.847412109375,0,0,1,0,0,0,0,0,0,1,0,0,0.0507337749004364,0.02402348630130291,0.16772180795669556,0.02244340255856514,0.008327102288603783,0.022850584238767624,0.015705108642578125,0.03741050139069557,0.10036902129650116,0.09825556725263596,0.010286925360560417,0.050600871443748474
14,0.4666666666666667,,,,insightface_bbox,0.6165033578872681,67.93821716308594,876.0142211914062,1035.4298095703125,2369.847412109375,0,0,1,0,0,0,0,0,0,1,0,0,0.05149562284350395,0.02452528104186058,0.17910349369049072,0.022371849045157433,0.008238198235630989,0.022861648350954056,0.014697612263262272,0.0358448326587677,0.09785626083612442,0.09549077600240707,0.011468823067843914,0.05182197317481041
15,0.5,,,,insightface_bbox,0.6165033578872681,67.93821716308594,876.0142211914062,1035.4298095703125,2369.847412109375,0,0,1,0,0,0,0,0,0,1,0,0,0.051210589706897736,0.02437233179807663,0.1923801749944687,0.023138726130127907,0.00835162028670311,0.022315114736557007,0.016314705833792686,0.03800791874527931,0.09777102619409561,0.09678499400615692,0.01103908009827137,0.05221003293991089
16,0.5333333333333333,,,,insightface_bbox,0.6165033578872681,67.93821716308594,876.0142211914062,1035.4298095703125,2369.847412109375,0,0,1,0,0,0,0,0,0,1,0,0,0.05078374594449997,0.024846769869327545,0.2067107856273651,0.023716667667031288,0.00832133274525404,0.022417176514863968,0.01661405712366104,0.0379992313683033,0.09645426273345947,0.09271398931741714,0.012838643975555897,0.05535800755023956
17,0.5666666666666667,,,,insightface_bbox,0.6165033578872681,67.93821716308594,876.0142211914062,1035.4298095703125,2369.847412109375,0,0,1,0,0,0,0,0,0,1,0,0,0.05196243152022362,0.024852532893419266,0.22635099291801453,0.024101190268993378,0.008338876068592072,0.022483795881271362,0.01765568181872368,0.036263059824705124,0.09555105865001678,0.08903191238641739,0.013282909989356995,0.0549321249127388
18,0.6,,,,insightface_bbox,0.6633052229881287,90.92676544189453,874.8410034179688,1036.3358154296875,2405.0458984375,0,0,1,0,0,0,0,0,0,1,0,0,0.04508667066693306,0.021794427186250687,0.18718531727790833,0.02115679159760475,0.007370599079877138,0.019980065524578094,0.013726996257901192,0.037547361105680466,0.08163999766111374,0.08205787092447281,0.010116762481629848,0.047814950346946716
19,0.6333333333333333,,,,insightface_bbox,0.6633052229881287,90.92676544189453,874.8410034179688,1036.3358154296875,2405.0458984375,0,0,1,0,0,0,0,0,0,1,0,0,0.04443448781967163,0.021481523290276527,0.17993134260177612,0.020149581134319305,0.00708757946267724,0.018806127831339836,0.012451923452317715,0.0349358394742012,0.08095832169055939,0.07678209990262985,0.009223265573382378,0.04587040841579437
20,0.6666666666666666,,,,insightface_bbox,0.6633052229881287,90.92676544189453,874.8410034179688,1036.3358154296875,2405.0458984375,0,0,1,0,0,0,0,0,0,1,0,0,0.04506537318229675,0.02213602513074875,0.18467414379119873,0.020402323454618454,0.007158748339861631,0.019373733550310135,0.012459240853786469,0.034869495779275894,0.08082568645477295,0.07389846444129944,0.010043344460427761,0.04662057012319565
21,0.7,,,,insightface_bbox,0.6633052229881287,90.92676544189453,874.8410034179688,1036.3358154296875,2405.0458984375,0,0,1,0,0,0,0,0,0,1,0,0,0.04635648801922798,0.02272534742951393,0.19129112362861633,0.020765049383044243,0.007269559893757105,0.020070701837539673,0.013094289228320122,0.03540360927581787,0.0819917768239975,0.07521095871925354,0.010627863928675652,0.04858604818582535
22,0.7333333333333333,,,,insightface_bbox,0.6633052229881287,90.92676544189453,874.8410034179688,1036.3358154296875,2405.0458984375,0,0,1,0,0,0,0,0,0,1,0,0,0.04806893318891525,0.023708879947662354,0.20199838280677795,0.021747171878814697,0.007369616534560919,0.02079000510275364,0.014376010745763779,0.03729875013232231,0.08312956243753433,0.07541126012802124,0.012045045383274555,0.05086909979581833
23,0.7666666666666667,,,,insightface_bbox,0.6633052229881287,90.92676544189453,874.8410034179688,1036.3358154296875,2405.0458984375,0,0,1,0,0,0,0,0,0,1,0,0,0.05079582706093788,0.025131050497293472,0.21425022184848785,0.023026712238788605,0.00746299559250474,0.021885016933083534,0.016024120151996613,0.0397174097597599,0.08551090955734253,0.07744410634040833,0.01408796850591898,0.05378984659910202
24,0.8,,,,insightface_bbox,0.6717089414596558,109.5042953491211,877.7733764648438,1047.6971435546875,2417.753173828125,0,0,1,0,0,0,0,0,0,1,0,0,0.04704298824071884,0.024264289066195488,0.19924341142177582,0.019150789827108383,0.006766798906028271,0.017873456701636314,0.011748411692678928,0.02890990674495697,0.07667208462953568,0.06333983689546585,0.008017633110284805,0.04195484519004822
25,0.8333333333333334,,,,insightface_bbox,0.6717089414596558,109.5042953491211,877.7733764648438,1047.6971435546875,2417.753173828125,0,0,1,0,0,0,0,0,0,1,0,0,0.045883260667324066,0.02349172718822956,0.1941833645105362,0.01898486353456974,0.006954054813832045,0.01766383647918701,0.01142547931522131,0.02958090789616108,0.08230146020650864,0.06694698333740234,0.007243290543556213,0.041005197912454605
26,0.8666666666666667,,,,insightface_bbox,0.6717089414596558,109.5042953491211,877.7733764648438,1047.6971435546875,2417.753173828125,0,0,1,0,0,0,0,0,0,1,0,0,0.044448453933000565,0.022728193551301956,0.19830091297626495,0.01887560449540615,0.00690038688480854,0.017899224534630775,0.010826672427356243,0.03144790232181549,0.08683013916015625,0.07309074699878693,0.007623688317835331,0.041171468794345856
27,0.9,,,,insightface_bbox,0.6717089414596558,109.5042953491211,877.7733764648438,1047.6971435546875,2417.753173828125,0,0,1,0,0,0,0,0,0,1,0,0,0.046221498399972916,0.023327341303229332,0.20704837143421173,0.019182518124580383,0.0068261148408055305,0.018242886289954185,0.010891318321228027,0.031534597277641296,0.08763748407363892,0.07364697754383087,0.008447011932730675,0.043135471642017365
28,0.9333333333333333,,,,insightface_bbox,0.6717089414596558,109.5042953491211,877.7733764648438,1047.6971435546875,2417.753173828125,0,0,1,0,0,0,0,0,0,1,0,0,0.046962641179561615,0.023354370146989822,0.2138291597366333,0.01931258849799633,0.00687564630061388,0.0185035802423954,0.011045732535421848,0.03214613348245621,0.08902077376842499,0.07635363191366196,0.008527617901563644,0.04411415755748749
29,0.9666666666666667,,,,insightface_bbox,0.6717089414596558,109.5042953491211,877.7733764648438,1047.6971435546875,2417.753173828125,0,0,1,0,0,0,0,0,0,1,0,0,0.04750247672200203,0.022947609424591064,0.20065738260746002,0.019268954172730446,0.006990584544837475,0.01873204857110977,0.011200914159417152,0.032473236322402954,0.0927310436964035,0.07917466759681702,0.00824078731238842,0.043428145349025726
30,1.0,,,,insightface_bbox,0.6496292352676392,118.87783813476562,828.7413940429688,1074.1378173828125,2397.284912109375,0,0,1,0,0,0,0,0,0,1,0,0,0.05672818049788475,0.02744198590517044,0.2320517748594284,0.02757418155670166,0.008037516847252846,0.027429714798927307,0.019560085609555244,0.04733944684267044,0.0963468849658966,0.09179748594760895,0.028795907273888588,0.06895356625318527
31,1.0333333333333334,,,,insightface_bbox,0.6496292352676392,118.87783813476562,828.7413940429688,1074.1378173828125,2397.284912109375,0,0,1,0,0,0,0,0,0,1,0,0,0.0569685697555542,0.0270457211881876,0.22895094752311707,0.026302888989448547,0.00819888524711132,0.02637641318142414,0.02027406543493271,0.043522924184799194,0.10136646032333374,0.09295913577079773,0.02123570442199707,0.06547591835260391
32,1.0666666666666667,,,,insightface_bbox,0.6496292352676392,118.87783813476562,828.7413940429688,1074.1378173828125,2397.284912109375,0,0,1,0,0,0,0,0,0,1,0,0,0.05550522357225418,0.026943275704979897,0.21278314292430878,0.025024905800819397,0.00810345821082592,0.0251307412981987,0.019251864403486252,0.04135237634181976,0.10266749560832977,0.09056758880615234,0.0170107651501894,0.06085159629583359
33,1.1,,,,insightface_bbox,0.6496292352676392,118.87783813476562,828.7413940429688,1074.1378173828125,2397.284912109375,0,0,1,0,0,0,0,0,0,1,0,0,0.05786272883415222,0.0276486836373806,0.21941088140010834,0.024749591946601868,0.008506223559379578,0.024862132966518402,0.02008684352040291,0.039810821413993835,0.10910330712795258,0.09150713682174683,0.014447657391428947,0.05990608036518097
34,1.1333333333333333,,,,insightface_bbox,0.6496292352676392,118.87783813476562,828.7413940429688,1074.1378173828125,2397.284912109375,0,0,1,0,0,0,0,0,0,1,0,0,0.05775126814842224,0.028001967817544937,0.22756171226501465,0.025767918676137924,0.00910938810557127,0.025689061731100082,0.021649932488799095,0.042127106338739395,0.10975806415081024,0.09216595441102982,0.01574133336544037,0.0615515410900116
35,1.1666666666666667,,,,insightface_bbox,0.6496292352676392,118.87783813476562,828.7413940429688,1074.1378173828125,2397.284912109375,0,0,1,0,0,0,0,0,0,1,0,0,0.061003755778074265,0.029117640107870102,0.2622928321361542,0.029257681220769882,0.009943071752786636,0.029545526951551437,0.027100609615445137,0.04850434511899948,0.11088016629219055,0.09594075381755829,0.02190225012600422,0.06730423122644424
36,1.2,,,,insightface_bbox,0.6992319822311401,128.09588623046875,896.5433349609375,1045.41162109375,2457.948974609375,0,0,1,0,0,0,0,0,0,1,0,1,0.051430609077215195,0.025633830577135086,0.23768728971481323,0.019647255539894104,0.0073176054283976555,0.020250942558050156,0.012187865562736988,0.02891669049859047,0.08479107171297073,0.07427734136581421,0.006437704432755709,0.03795383870601654
37,1.2333333333333334,,,,insightface_bbox,0.6992319822311401,128.09588623046875,896.5433349609375,1045.41162109375,2457.948974609375,0,0,1,0,0,0,0,0,0,1,0,1,0.0471813790500164,0.024125907570123672,0.2057134509086609,0.017946409061551094,0.006961834151297808,0.018882377073168755,0.010165411978960037,0.026772383600473404,0.08465678989887238,0.07116713374853134,0.004917675629258156,0.033752478659152985
38,1.2666666666666666,,,,insightface_bbox,0.6992319822311401,128.09588623046875,896.5433349609375,1045.41162109375,2457.948974609375,0,0,1,0,0,0,0,0,0,1,0,1,0.04271506890654564,0.022012483328580856,0.1683357059955597,0.01627390831708908,0.006804338656365871,0.017402371391654015,0.009056182578206062,0.02563193254172802,0.08134356886148453,0.06906686723232269,0.004486117511987686,0.03199945017695427
39,1.3,,,,insightface_bbox,0.6992319822311401,128.09588623046875,896.5433349609375,1045.41162109375,2457.948974609375,0,0,1,0,0,0,0,0,0,1,0,1,0.04255291447043419,0.021310390904545784,0.17994298040866852,0.01584988459944725,0.006737603805959225,0.017021391540765762,0.00861375778913498,0.02570508047938347,0.07829413563013077,0.06758036464452744,0.004386745393276215,0.031079750508069992
40,1.3333333333333333,,,,insightface_bbox,0.6992319822311401,128.09588623046875,896.5433349609375,1045.41162109375,2457.948974609375,0,0,1,0,0,0,0,0,0,1,0,1,0.0429689884185791,0.021479707211256027,0.17752131819725037,0.016026366502046585,0.006811798550188541,0.01677597686648369,0.008635707199573517,0.025496697053313255,0.0796096920967102,0.06875559687614441,0.004545561503618956,0.0317433625459671
41,1.3666666666666667,,,,insightface_bbox,0.6992319822311401,128.09588623046875,896.5433349609375,1045.41162109375,2457.948974609375,0,0,1,0,0,0,0,0,0,1,0,1,0.04430898278951645,0.02224607765674591,0.17748324573040009,0.016512447968125343,0.006782838609069586,0.016833940520882607,0.008947771973907948,0.025300506502389908,0.07859449833631516,0.06743042171001434,0.004645928740501404,0.03167003393173218
42,1.4,,,,insightface_bbox,0.6723890900611877,118.00837707519531,867.3403930664062,1053.955810546875,2433.633544921875,0,0,1,0,0,0,0,0,0,1,0,0,0.04550548642873764,0.022650908678770065,0.1711653769016266,0.01849648542702198,0.007411455735564232,0.018925713375210762,0.012891185469925404,0.02775566652417183,0.08674551546573639,0.07076243311166763,0.005920824594795704,0.036904845386743546
43,1.4333333333333333,,,,insightface_bbox,0.6723890900611877,118.00837707519531,867.3403930664062,1053.955810546875,2433.633544921875,0,0,1,0,0,0,0,0,0,1,0,0,0.04539619758725166,0.02234717085957527,0.1689014434814453,0.0184794832020998,0.007576670031994581,0.019175993278622627,0.013073598966002464,0.028138957917690277,0.08640612661838531,0.07127587497234344,0.006594696082174778,0.03839034214615822
44,1.4666666666666666,,,,insightface_bbox,0.6723890900611877,118.00837707519531,867.3403930664062,1053.955810546875,2433.633544921875,0,0,1,0,0,0,0,0,0,1,0,0,0.043722085654735565,0.021963298320770264,0.16209346055984497,0.017930250614881516,0.007398138754069805,0.01877383142709732,0.012275195680558681,0.027310136705636978,0.08326508849859238,0.06968625634908676,0.006123770028352737,0.03612615913152695
45,1.5,,,,insightface_bbox,0.6723890900611877,118.00837707519531,867.3403930664062,1053.955810546875,2433.633544921875,0,0,1,0,0,0,0,0,0,1,0,0,0.04397160932421684,0.0221390500664711,0.16672754287719727,0.01806487701833248,0.007345525082200766,0.018589608371257782,0.011863170191645622,0.02802492305636406,0.08574973791837692,0.0726543664932251,0.005864263512194157,0.03630538284778595
46,1.5333333333333334,,,,insightface_bbox,0.6723890900611877,118.00837707519531,867.3403930664062,1053.955810546875,2433.633544921875,0,0,1,0,0,0,0,0,0,1,0,0,0.044080618768930435,0.02182900160551071,0.17517009377479553,0.018711328506469727,0.007203119341284037,0.01859939657151699,0.011902298778295517,0.028032587841153145,0.08735731244087219,0.07141678780317307,0.0063489992171525955,0.037720780819654465
47,1.5666666666666667,,,,insightface_bbox,0.6723890900611877,118.00837707519531,867.3403930664062,1053.955810546875,2433.633544921875,0,0,1,0,0,0,0,0,0,1,0,0,0.04430912807583809,0.02216365933418274,0.17194174230098724,0.018619313836097717,0.007154925260692835,0.018170470371842384,0.012104609049856663,0.02646154910326004,0.08337471634149551,0.06651973724365234,0.00625743018463254,0.03706680238246918
48,1.6,,,,insightface_bbox,0.6465609073638916,92.89601135253906,816.6640625,1053.8922119140625,2412.0830078125,0,0,1,0,0,0,0,0,0,1,0,0,0.045942630618810654,0.02132323384284973,0.18611066043376923,0.02134351246058941,0.008174752816557884,0.021817294880747795,0.016281940042972565,0.03683890774846077,0.0982789546251297,0.08811159431934357,0.011677045375108719,0.055147115141153336
49,1.6333333333333333,,,,insightface_bbox,0.6465609073638916,92.89601135253906,816.6640625,1053.8922119140625,2412.0830078125,0,0,1,0,0,0,0,0,0,1,0,1,0.050070807337760925,0.022696390748023987,0.20397204160690308,0.02288278378546238,0.008617404848337173,0.022393696010112762,0.020091809332370758,0.038584381341934204,0.10170164704322815,0.09040884673595428,0.01037635374814272,0.05456892400979996
50,1.6666666666666667,,,,insightface_bbox,0.6465609073638916,92.89601135253906,816.6640625,1053.8922119140625,2412.0830078125,0,0,1,0,0,0,0,0,0,1,0,0,0.04944928362965584,0.022312169894576073,0.19876796007156372,0.02249358408153057,0.008547181263566017,0.02225363254547119,0.018801042810082436,0.03859869763255119,0.09640640020370483,0.08434970676898956,0.012157280929386616,0.05407232046127319
51,1.7,,,,insightface_bbox,0.6465609073638916,92.89601135253906,816.6640625,1053.8922119140625,2412.0830078125,0,0,1,0,0,0,0,0,0,1,0,0,0.04846278950572014,0.02277929149568081,0.18840858340263367,0.021996252238750458,0.008092263713479042,0.021460605785250664,0.017624350264668465,0.03551477938890457,0.09643978625535965,0.08551591634750366,0.010385071858763695,0.05126722529530525
52,1.7333333333333334,,,,insightface_bbox,0.6465609073638916,92.89601135253906,816.6640625,1053.8922119140625,2412.0830078125,0,0,1,0,0,0,0,0,0,1,0,0,0.05022481828927994,0.0246182419359684,0.18207082152366638,0.023262981325387955,0.008230192586779594,0.023046953603625298,0.01935357041656971,0.0359521210193634,0.09504969418048859,0.08706168830394745,0.012602906674146652,0.05518150329589844
53,1.7666666666666666,,,,insightface_bbox,0.6465609073638916,92.89601135253906,816.6640625,1053.8922119140625,2412.0830078125,0,0,1,0,0,0,0,0,0,1,0,0,0.049797553569078445,0.023746510967612267,0.18506614863872528,0.022605936974287033,0.00831781979650259,0.023032627999782562,0.018392302095890045,0.03665238618850708,0.09634185582399368,0.08797165751457214,0.012485022656619549,0.055482715368270874
54,1.8,,,,insightface_bbox,0.6411482691764832,111.50199890136719,850.3816528320312,1057.745849609375,2420.710693359375,0,0,1,0,0,0,0,0,0,1,0,0,0.04530724510550499,0.021879635751247406,0.19485607743263245,0.020031211897730827,0.0077474964782595634,0.02110854722559452,0.01338933128863573,0.03241734951734543,0.08910763263702393,0.07772889733314514,0.009968318976461887,0.04731621965765953
55,1.8333333333333333,,,,insightface_bbox,0.6411482691764832,111.50199890136719,850.3816528320312,1057.745849609375,2420.710693359375,0,0,1,0,0,0,0,0,0,1,0,0,0.04718918353319168,0.023544475436210632,0.2028076946735382,0.020731907337903976,0.008517292328178883,0.022039063274860382,0.014191068708896637,0.03312688693404198,0.09124748408794403,0.07791326195001602,0.00985660683363676,0.05018040910363197
56,1.8666666666666667,,,,insightface_bbox,0.6411482691764832,111.50199890136719,850.3816528320312,1057.745849609375,2420.710693359375,0,0,1,0,0,0,0,0,0,1,0,0,0.0470040962100029,0.024440813809633255,0.1831684410572052,0.021529797464609146,0.008274554274976254,0.02151167206466198,0.01569821685552597,0.03420510143041611,0.08936004340648651,0.08049669861793518,0.010556116700172424,0.04719390720129013
57,1.9,,,,insightface_bbox,0.6411482691764832,111.50199890136719,850.3816528320312,1057.745849609375,2420.710693359375,0,0,1,0,0,0,0,0,0,1,0,0,0.04689914733171463,0.024144060909748077,0.180378258228302,0.02055167779326439,0.007645905949175358,0.0220138318836689,0.014487547799944878,0.032195091247558594,0.08441948145627975,0.07618938386440277,0.014447059482336044,0.04988795518875122
58,1.9333333333333333,,,,insightface_bbox,0.6411482691764832,111.50199890136719,850.3816528320312,1057.745849609375,2420.710693359375,0,0,1,0,0,0,0,0,0,1,0,0,0.04414059594273567,0.022720277309417725,0.1665571630001068,0.01873878762125969,0.007273292168974876,0.019235996529459953,0.011003891006112099,0.030815957114100456,0.08314687758684158,0.07692701369524002,0.010312676429748535,0.04512695595622063
59,1.9666666666666666,,,,insightface_bbox,0.6411482691764832,111.50199890136719,850.3816528320312,1057.745849609375,2420.710693359375,0,0,1,0,0,0,0,0,0,1,0,0,0.04826268553733826,0.02641359344124794,0.17109079658985138,0.022217752411961555,0.007852969691157341,0.021234435960650444,0.016223331913352013,0.033029332756996155,0.08417214453220367,0.07898910343647003,0.012303833849728107,0.04849972203373909
60,2.0,,,,insightface_bbox,0.7081581354141235,97.96234893798828,913.6807861328125,1016.2796630859375,2472.07958984375,0,0,1,0,0,0,0,0,0,1,0,1,0.05096960440278053,0.024941490963101387,0.209847554564476,0.022091094404459,0.009419286623597145,0.018687022849917412,0.01909223198890686,0.03525109589099884,0.0907624363899231,0.07426024973392487,0.00482574850320816,0.03692203387618065
61,2.033333333333333,,,,insightface_bbox,0.7081581354141235,97.96234893798828,913.6807861328125,1016.2796630859375,2472.07958984375,0,0,1,0,0,0,0,0,0,1,0,0,0.04830094426870346,0.02387501299381256,0.18512921035289764,0.02144474722445011,0.009472190402448177,0.018001345917582512,0.01813553087413311,0.037219904363155365,0.08990936726331711,0.07848121970891953,0.004567914176732302,0.038534678518772125
62,2.066666666666667,,,,insightface_bbox,0.7081581354141235,97.96234893798828,913.6807861328125,1016.2796630859375,2472.07958984375,0,0,1,0,0,0,0,0,0,1,0,0,0.04443703219294548,0.023378323763608932,0.16807499527931213,0.02020137757062912,0.007869789376854897,0.018642067909240723,0.015408861450850964,0.03431142866611481,0.08519954979419708,0.07544086873531342,0.00672825425863266,0.041037868708372116
63,2.1,,,,insightface_bbox,0.7081581354141235,97.96234893798828,913.6807861328125,1016.2796630859375,2472.07958984375,0,0,1,0,0,0,0,0,0,1,0,0,0.04147373512387276,0.021301113069057465,0.1597042977809906,0.017502298578619957,0.007519950624555349,0.017059307545423508,0.011358097195625305,0.030229516327381134,0.07799190282821655,0.06423930823802948,0.0059484136290848255,0.03795211389660835
64,2.1333333333333333,,,,insightface_bbox,0.7081581354141235,97.96234893798828,913.6807861328125,1016.2796630859375,2472.07958984375,0,0,1,0,0,0,0,0,0,1,0,0,0.04132436588406563,0.020779266953468323,0.15470698475837708,0.016229279339313507,0.007452208548784256,0.01636688783764839,0.010316656902432442,0.027264224365353584,0.07675091922283173,0.06073387339711189,0.005567797925323248,0.037264466285705566
65,2.1666666666666665,,,,insightface_bbox,0.7081581354141235,97.96234893798828,913.6807861328125,1016.2796630859375,2472.07958984375,0,0,1,0,0,0,0,0,0,1,0,0,0.042678434401750565,0.021535463631153107,0.15205083787441254,0.016313977539539337,0.007985512726008892,0.017044201493263245,0.010021597146987915,0.026055453345179558,0.07837612926959991,0.06405992060899734,0.006420989986509085,0.0392233282327652
66,2.2,,,,insightface_bbox,0.682380199432373,104.22219848632812,846.19384765625,1059.5941162109375,2357.8388671875,0,0,1,0,0,0,0,0,0,1,0,0,0.043220337480306625,0.02272038720548153,0.1315125674009323,0.022181764245033264,0.008252827450633049,0.023232296109199524,0.02066490240395069,0.03909531235694885,0.0972352847456932,0.09518927335739136,0.012868317775428295,0.05864855274558067
67,2.2333333333333334,,,,insightface_bbox,0.682380199432373,104.22219848632812,846.19384765625,1059.5941162109375,2357.8388671875,0,0,1,0,0,0,0,0,0,1,0,0,0.04679355025291443,0.023924054577946663,0.14262722432613373,0.024081652984023094,0.008229252882301807,0.024458307772874832,0.022171571850776672,0.04119908809661865,0.10037120431661606,0.09490938484668732,0.0173812136054039,0.06301247328519821
68,2.2666666666666666,,,,insightface_bbox,0.682380199432373,104.22219848632812,846.19384765625,1059.5941162109375,2357.8388671875,0,0,1,0,0,0,0,0,0,1,0,0,0.049075331538915634,0.025788400322198868,0.14956963062286377,0.023129822686314583,0.008779953233897686,0.025546057149767876,0.02110329456627369,0.03980496525764465,0.09862029552459717,0.09455439448356628,0.013839486055076122,0.05698135122656822
69,2.3,,,,insightface_bbox,0.682380199432373,104.22219848632812,846.19384765625,1059.5941162109375,2357.8388671875,0,0,1,0,0,0,0,0,0,1,0,0,0.048724465072155,0.024773066863417625,0.14504635334014893,0.021712198853492737,0.00878677237778902,0.023849206045269966,0.018249033018946648,0.03897583857178688,0.0963173508644104,0.09058915823698044,0.012081087566912174,0.05475267395377159
70,2.3333333333333335,,,,insightface_bbox,0.682380199432373,104.22219848632812,846.19384765625,1059.5941162109375,2357.8388671875,0,0,1,0,0,0,0,0,0,1,0,0,0.042925335466861725,0.02226569689810276,0.1373632848262787,0.019709501415491104,0.008324039168655872,0.021382076665759087,0.012991559691727161,0.03523162379860878,0.0888725072145462,0.08613170683383942,0.010762306861579418,0.05227141082286835
71,2.3666666666666667,,,,insightface_bbox,0.682380199432373,104.22219848632812,846.19384765625,1059.5941162109375,2357.8388671875,0,0,1,0,0,0,0,0,0,1,0,1,0.039195671677589417,0.019775673747062683,0.13462898135185242,0.01742219552397728,0.007737389765679836,0.017910709604620934,0.01003844104707241,0.03127522021532059,0.08648515492677689,0.08092578500509262,0.006719422992318869,0.044171400368213654
72,2.4,,,,insightface_bbox,0.6662206053733826,85.73408508300781,884.035888671875,1011.727294921875,2412.49072265625,0,0,1,0,0,0,0,0,0,1,0,0,0.03875037655234337,0.020395686849951744,0.14728206396102905,0.01577278971672058,0.007880160585045815,0.015612869523465633,0.008684137836098671,0.027065815404057503,0.07394961267709732,0.06204218417406082,0.004355838522315025,0.033511266112327576
73,2.433333333333333,,,,insightface_bbox,0.6662206053733826,85.73408508300781,884.035888671875,1011.727294921875,2412.49072265625,0,0,1,0,0,0,0,0,0,1,0,1,0.03718527406454086,0.019281825050711632,0.13396108150482178,0.014607119373977184,0.007543676532804966,0.015349943190813065,0.007953002117574215,0.0262572281062603,0.07373775541782379,0.06379909068346024,0.004035671707242727,0.03203774243593216
74,2.466666666666667,,,,insightface_bbox,0.6662206053733826,85.73408508300781,884.035888671875,1011.727294921875,2412.49072265625,0,0,1,0,0,0,0,0,0,1,0,1,0.03908345475792885,0.019958054646849632,0.13499438762664795,0.015289338305592537,0.00778980553150177,0.016614673659205437,0.008402381092309952,0.028642622753977776,0.07871188223361969,0.07298003882169724,0.004456813912838697,0.03490552678704262
75,2.5,,,,insightface_bbox,0.6662206053733826,85.73408508300781,884.035888671875,1011.727294921875,2412.49072265625,0,0,1,0,0,0,0,0,0,1,0,0,0.04218999668955803,0.02210741862654686,0.13589109480381012,0.016566606238484383,0.00788995809853077,0.018359214067459106,0.009951469488441944,0.030115509405732155,0.08053663372993469,0.0769425481557846,0.00623499508947134,0.0404256246984005
76,2.533333333333333,,,,insightface_bbox,0.6662206053733826,85.73408508300781,884.035888671875,1011.727294921875,2412.49072265625,0,0,1,0,0,0,0,0,0,1,0,0,0.04256229102611542,0.022666912525892258,0.13825850188732147,0.016495615243911743,0.00794074684381485,0.018675539642572403,0.010179364122450352,0.02852412685751915,0.0801345705986023,0.07578659802675247,0.006512622348964214,0.04024432599544525
77,2.566666666666667,,,,insightface_bbox,0.6662206053733826,85.73408508300781,884.035888671875,1011.727294921875,2412.49072265625,0,0,1,0,0,0,0,0,0,1,0,0,0.042987655848264694,0.0229613296687603,0.139558807015419,0.016338154673576355,0.008153027854859829,0.018958862870931625,0.009984344244003296,0.02706266939640045,0.07860202342271805,0.0739409327507019,0.006841304711997509,0.040990445762872696
78,2.6,,,,insightface_bbox,0.6731966733932495,79.01331329345703,839.37939453125,1059.92236328125,2340.816650390625,0,0,1,0,0,0,0,0,0,1,0,0,0.05914829298853874,0.03509458526968956,0.1608712077140808,0.030358590185642242,0.0108609264716506,0.03540436178445816,0.024034297093749046,0.04160965234041214,0.10626338422298431,0.11884577572345734,0.029285335913300514,0.06324013322591782
79,2.6333333333333333,,,,insightface_bbox,0.6731966733932495,79.01331329345703,839.37939453125,1059.92236328125,2340.816650390625,0,0,1,0,0,0,0,0,0,1,0,0,0.05888921022415161,0.03451024740934372,0.16249457001686096,0.030634675174951553,0.01097847893834114,0.03540043905377388,0.025297721847891808,0.04156701639294624,0.10571106523275375,0.11907710134983063,0.029779687523841858,0.0652339905500412
80,2.6666666666666665,,,,insightface_bbox,0.6731966733932495,79.01331329345703,839.37939453125,1059.92236328125,2340.816650390625,0,0,1,0,0,0,0,0,0,1,0,0,0.06209547072649002,0.0365804061293602,0.17178115248680115,0.03243516758084297,0.01105607021600008,0.036612678319215775,0.02881084568798542,0.04277047514915466,0.10835554450750351,0.12312477827072144,0.0335676446557045,0.06770846992731094
81,2.7,,,,insightface_bbox,0.6731966733932495,79.01331329345703,839.37939453125,1059.92236328125,2340.816650390625,0,0,1,0,0,0,0,0,0,0,0,0,0.059842582792043686,0.03597301244735718,0.163044273853302,0.03131429851055145,0.010830918326973915,0.035041071474552155,0.027523506432771683,0.04066193103790283,0.10379181802272797,0.11740851402282715,0.031176161020994186,0.06448446214199066
82,2.7333333333333334,,,,insightface_bbox,0.6731966733932495,79.01331329345703,839.37939453125,1059.92236328125,2340.816650390625,0,0,1,0,0,0,0,0,0,1,0,0,0.05529069900512695,0.03220141679048538,0.15259848535060883,0.02791823446750641,0.010380210354924202,0.032626792788505554,0.022375289350748062,0.037927623838186264,0.09983383119106293,0.10873202234506607,0.02831195667386055,0.06594008952379227
83,2.7666666666666666,,,,insightface_bbox,0.6731966733932495,79.01331329345703,839.37939453125,1059.92236328125,2340.816650390625,0,0,1,0,0,0,0,0,0,1,0,0,0.05721889063715935,0.0332631953060627,0.1590467393398285,0.030356232076883316,0.011816013604402542,0.03514166176319122,0.028795143589377403,0.043144866824150085,0.10285510122776031,0.12061803787946701,0.029557514935731888,0.0653180405497551
84,2.8,,,,insightface_bbox,0.6520041227340698,76.02923583984375,840.4884033203125,1051.525634765625,2368.3662109375,0,0,1,0,0,0,0,0,0,1,0,0,0.05139140039682388,0.027938533574342728,0.17116793990135193,0.02465919405221939,0.010359544306993484,0.030002007260918617,0.019036851823329926,0.03603971004486084,0.10122797638177872,0.10333506762981415,0.01883818954229355,0.060015883296728134
85,2.8333333333333335,,,,insightface_bbox,0.6520041227340698,76.02923583984375,840.4884033203125,1051.525634765625,2368.3662109375,0,0,1,0,0,0,0,0,0,1,0,0,0.046706125140190125,0.026574749499559402,0.12831170856952667,0.022347765043377876,0.009324866347014904,0.024902377277612686,0.015473022125661373,0.03289031982421875,0.09658470749855042,0.0956277996301651,0.013507911004126072,0.05103159323334694
86,2.8666666666666667,,,,insightface_bbox,0.6520041227340698,76.02923583984375,840.4884033203125,1051.525634765625,2368.3662109375,0,0,1,0,0,0,0,0,0,1,0,0,0.04895521700382233,0.027050234377384186,0.1411190927028656,0.023423602804541588,0.010106927715241909,0.026615187525749207,0.017369629815220833,0.034258466213941574,0.10137691348791122,0.09721166640520096,0.013816682621836662,0.054719507694244385
87,2.9,,,,insightface_bbox,0.6520041227340698,76.02923583984375,840.4884033203125,1051.525634765625,2368.3662109375,0,0,1,0,0,0,0,0,0,1,0,0,0.05058136582374573,0.02747223526239395,0.1495564579963684,0.02371738664805889,0.010500399395823479,0.026884673163294792,0.01859373226761818,0.03464149683713913,0.10239888727664948,0.1000172570347786,0.013808563351631165,0.05416661500930786
88,2.933333333333333,,,,insightface_bbox,0.6520041227340698,76.02923583984375,840.4884033203125,1051.525634765625,2368.3662109375,0,0,1,0,0,0,0,0,0,1,0,0,0.0516064427793026,0.02776031196117401,0.1602126657962799,0.02380787394940853,0.009711154736578465,0.02892494387924671,0.018467389047145844,0.03377636894583702,0.09956948459148407,0.09713540971279144,0.016122909262776375,0.056790791451931
89,2.966666666666667,,,,insightface_bbox,0.6520041227340698,76.02923583984375,840.4884033203125,1051.525634765625,2368.3662109375,0,0,1,0,0,0,0,0,0,1,0,0,0.049868058413267136,0.026716507971286774,0.15565592050552368,0.02301296964287758,0.009176989085972309,0.028575723990797997,0.0169204268604517,0.03345480561256409,0.09532710909843445,0.09527339786291122,0.0183112770318985,0.058747608214616776
90,3.0,,,,insightface_bbox,0.6375026702880859,78.14620971679688,829.85595703125,1055.163330078125,2384.37890625,0,0,1,0,0,0,0,0,0,1,0,0,0.05307465419173241,0.028307661414146423,0.15140873193740845,0.02742854878306389,0.009553752839565277,0.03025439754128456,0.02415752410888672,0.039107538759708405,0.10213599354028702,0.11354668438434601,0.025980686768889427,0.06787128001451492
91,3.033333333333333,,,,insightface_bbox,0.6375026702880859,78.14620971679688,829.85595703125,1055.163330078125,2384.37890625,0,0,1,0,0,0,0,0,0,1,0,0,0.048564597964286804,0.026227066293358803,0.13953396677970886,0.0253749992698431,0.008118463680148125,0.02808438427746296,0.021280724555253983,0.036718495190143585,0.09146474301815033,0.10552546381950378,0.02936214953660965,0.06479472666978836
92,3.066666666666667,,,,insightface_bbox,0.6375026702880859,78.14620971679688,829.85595703125,1055.163330078125,2384.37890625,0,0,1,0,0,0,0,0,0,1,0,0,0.05262330546975136,0.028667880222201347,0.14908884465694427,0.02874380350112915,0.01031394861638546,0.031149491667747498,0.030644534155726433,0.04030641168355942,0.09479366987943649,0.11768782138824463,0.03352976217865944,0.06756431609392166
93,3.1,,,,insightface_bbox,0.6375026702880859,78.14620971679688,829.85595703125,1055.163330078125,2384.37890625,0,0,1,0,0,0,0,0,0,1,0,0,0.05419033020734787,0.02878003567457199,0.1535172313451767,0.029300276190042496,0.011608127504587173,0.02995738573372364,0.03129802271723747,0.041874341666698456,0.09682086110115051,0.11733770370483398,0.030085794627666473,0.0673614963889122
94,3.1333333333333333,,,,insightface_bbox,0.6375026702880859,78.14620971679688,829.85595703125,1055.163330078125,2384.37890625,0,0,1,0,0,0,0,0,0,1,0,0,0.04700141027569771,0.025783371180295944,0.13468874990940094,0.02695702761411667,0.010851741768419743,0.025288229808211327,0.026016831398010254,0.04153011739253998,0.0950927883386612,0.11337573826313019,0.01775325834751129,0.05243345722556114
95,3.1666666666666665,,,,insightface_bbox,0.6375026702880859,78.14620971679688,829.85595703125,1055.163330078125,2384.37890625,0,0,1,0,0,0,0,0,0,1,0,0,0.04859597980976105,0.02872232161462307,0.15883176028728485,0.0333828404545784,0.010834777727723122,0.02626209706068039,0.025340989232063293,0.048345696181058884,0.09339983761310577,0.12110286206007004,0.021827852353453636,0.058869294822216034
96,3.2,,,,insightface_bbox,0.7003442049026489,125.78829956054688,852.1792602539062,1022.3593139648438,2446.093505859375,0,0,1,0,0,0,0,0,0,1,0,0,0.04251355677843094,0.021741628646850586,0.16373497247695923,0.01952572911977768,0.0077802459709346294,0.016226693987846375,0.009682275354862213,0.030474679544568062,0.07616491615772247,0.06909379363059998,0.00520526384934783,0.033486753702163696
97,3.2333333333333334,,,,insightface_bbox,0.7003442049026489,125.78829956054688,852.1792602539062,1022.3593139648438,2446.093505859375,0,0,1,0,0,0,0,0,0,1,0,0,0.04739188402891159,0.02375946380198002,0.16899368166923523,0.020319456234574318,0.008206453174352646,0.016725532710552216,0.008834699168801308,0.03392680361866951,0.08299562335014343,0.07415295392274857,0.006639260798692703,0.03790993243455887
98,3.2666666666666666,,,,insightface_bbox,0.7003442049026489,125.78829956054688,852.1792602539062,1022.3593139648438,2446.093505859375,0,0,1,0,0,0,0,0,0,1,0,0,0.049257680773735046,0.025105714797973633,0.18562304973602295,0.02063930779695511,0.008146214298903942,0.016373205929994583,0.009024366736412048,0.03308713063597679,0.0863812267780304,0.07132791727781296,0.0069227260537445545,0.03977746143937111
99,3.3,,,,insightface_bbox,0.7003442049026489,125.78829956054688,852.1792602539062,1022.3593139648438,2446.093505859375,0,0,1,0,0,0,0,0,0,1,0,0,0.04745170846581459,0.024012763053178787,0.2043331265449524,0.020411742851138115,0.008225911296904087,0.015799451619386673,0.009944790974259377,0.03186596930027008,0.08184155821800232,0.06653086096048355,0.007311664056032896,0.04175795614719391
100,3.3333333333333335,,,,insightface_bbox,0.7003442049026489,125.78829956054688,852.1792602539062,1022.3593139648438,2446.093505859375,0,0,1,0,0,0,0,0,0,1,0,0,0.042328719049692154,0.020773623138666153,0.18328475952148438,0.01714864745736122,0.007795229554176331,0.014638676308095455,0.008818235248327255,0.02986261621117592,0.08098758012056351,0.06731297075748444,0.00571533152833581,0.03746214509010315
101,3.3666666666666667,,,,insightface_bbox,0.7003442049026489,125.78829956054688,852.1792602539062,1022.3593139648438,2446.093505859375,0,0,1,0,0,0,0,0,0,1,0,0,0.04014922305941582,0.02095756307244301,0.16822075843811035,0.016553426161408424,0.007607278414070606,0.014515222981572151,0.00866948813199997,0.028376635164022446,0.07821567356586456,0.0645996555685997,0.005007488187402487,0.03580240160226822
102,3.4,,,,insightface_bbox,0.6910485029220581,114.94386291503906,873.799072265625,1000.442138671875,2373.304443359375,0,0,1,0,0,0,0,0,0,1,0,0,0.04239870235323906,0.021524401381611824,0.1941104233264923,0.017211951315402985,0.0077271112240850925,0.015119560062885284,0.009719708003103733,0.03103364259004593,0.08241076022386551,0.06680945307016373,0.005791063420474529,0.03844032809138298
103,3.433333333333333,,,,insightface_bbox,0.6910485029220581,114.94386291503906,873.799072265625,1000.442138671875,2373.304443359375,0,0,1,0,0,0,0,0,0,1,0,0,0.04275335371494293,0.022103451192378998,0.20233154296875,0.017778342589735985,0.008157693780958652,0.01583506539463997,0.009707832708954811,0.032163165509700775,0.08186358958482742,0.06898081302642822,0.006274254526942968,0.04069346562027931
104,3.466666666666667,,,,insightface_bbox,0.6910485029220581,114.94386291503906,873.799072265625,1000.442138671875,2373.304443359375,0,0,1,0,0,0,0,0,0,1,0,0,0.04284709692001343,0.02211078815162182,0.1901150643825531,0.018383178859949112,0.008244811557233334,0.015442556701600552,0.009694835171103477,0.03370414301753044,0.08425615727901459,0.06670521199703217,0.006605822592973709,0.041020505130290985
105,3.5,,,,insightface_bbox,0.6910485029220581,114.94386291503906,873.799072265625,1000.442138671875,2373.304443359375,0,0,1,0,0,0,0,0,0,1,0,0,0.04560275375843048,0.024007953703403473,0.1998201161623001,0.021009303629398346,0.00825972855091095,0.015989722684025764,0.009407464414834976,0.03536619991064072,0.08770591765642166,0.06807273626327515,0.007163443602621555,0.04166945442557335
106,3.533333333333333,,,,insightface_bbox,0.6910485029220581,114.94386291503906,873.799072265625,1000.442138671875,2373.304443359375,0,0,1,0,0,0,0,0,0,1,0,0,0.0450894832611084,0.0235120952129364,0.1998928189277649,0.020324651151895523,0.007947616279125214,0.015921277925372124,0.0084886709228158,0.03456829488277435,0.08723992854356766,0.06891175359487534,0.007072995416820049,0.039691679179668427
107,3.566666666666667,,,,insightface_bbox,0.6910485029220581,114.94386291503906,873.799072265625,1000.442138671875,2373.304443359375,0,0,1,0,0,0,0,0,0,1,0,0,0.045447513461112976,0.022836627438664436,0.18818862736225128,0.019674597308039665,0.008474714122712612,0.016824135556817055,0.009183049201965332,0.0353604257106781,0.08389413356781006,0.06939579546451569,0.006196812726557255,0.03500864654779434
108,3.6,,,,insightface_bbox,0.6899570226669312,127.69087982177734,891.2366943359375,1026.1429443359375,2369.05517578125,0,0,1,0,0,0,0,0,0,1,0,1,0.0418892502784729,0.019783491268754005,0.15457278490066528,0.015308341011404991,0.007230471819639206,0.014728235080838203,0.0072875008918344975,0.028119999915361404,0.08010837435722351,0.06291381269693375,0.004489570390433073,0.03158862888813019
109,3.6333333333333333,,,,insightface_bbox,0.6899570226669312,127.69087982177734,891.2366943359375,1026.1429443359375,2369.05517578125,0,0,1,0,0,0,0,0,0,1,0,1,0.03928356617689133,0.018356090411543846,0.1446862518787384,0.014374274760484695,0.007421738468110561,0.014795919880270958,0.0069051822647452354,0.027716288343071938,0.08170627057552338,0.06480170786380768,0.004003598354756832,0.030499909073114395
110,3.6666666666666665,,,,insightface_bbox,0.6899570226669312,127.69087982177734,891.2366943359375,1026.1429443359375,2369.05517578125,0,0,1,0,0,0,0,0,0,1,0,1,0.036620959639549255,0.016764437779784203,0.14058858156204224,0.013662518933415413,0.007398850750178099,0.014397571794688702,0.006763393059372902,0.027406977489590645,0.08593615889549255,0.07108408212661743,0.003370759543031454,0.028765559196472168
111,3.7,,,,insightface_bbox,0.6899570226669312,127.69087982177734,891.2366943359375,1026.1429443359375,2369.05517578125,0,0,1,0,0,0,0,0,0,1,0,1,0.038136426359415054,0.018316341564059258,0.13505040109157562,0.01518536452203989,0.007258592173457146,0.015357760712504387,0.007906608283519745,0.028748327866196632,0.08614026010036469,0.07469454407691956,0.004298902116715908,0.03040701523423195
112,3.7333333333333334,,,,insightface_bbox,0.6899570226669312,127.69087982177734,891.2366943359375,1026.1429443359375,2369.05517578125,0,0,1,0,0,0,0,0,0,1,0,1,0.03873904049396515,0.01860225945711136,0.1474204808473587,0.015824628993868828,0.007017896976321936,0.016349177807569504,0.008451532572507858,0.030344348400831223,0.08334212005138397,0.08191828429698944,0.004980212543159723,0.032658908516168594
113,3.7666666666666666,,,,insightface_bbox,0.6899570226669312,127.69087982177734,891.2366943359375,1026.1429443359375,2369.05517578125,0,0,1,0,0,0,0,0,0,1,0,0,0.0452750138938427,0.021725375205278397,0.1648131161928177,0.018024437129497528,0.007901260629296303,0.021497877314686775,0.012354932725429535,0.03362949937582016,0.08847598731517792,0.08741983026266098,0.00824743416160345,0.03962597995996475
114,3.8,,,,insightface_bbox,0.6944577097892761,139.99917602539062,855.0306396484375,1061.3701171875,2439.11572265625,0,0,1,0,0,0,0,0,0,1,0,1,0.03891034051775932,0.01917099393904209,0.11097551137208939,0.015689391642808914,0.007691317703574896,0.015991149470210075,0.011852825991809368,0.026128573343157768,0.08640588074922562,0.07282109558582306,0.0037384149618446827,0.034096334129571915
115,3.8333333333333335,,,,insightface_bbox,0.6944577097892761,139.99917602539062,855.0306396484375,1061.3701171875,2439.11572265625,0,0,1,0,0,0,0,0,0,1,0,1,0.04086540639400482,0.020125433802604675,0.12904657423496246,0.017733804881572723,0.008897928521037102,0.01826987974345684,0.014176405966281891,0.02918650582432747,0.0951927900314331,0.08237706124782562,0.004511062055826187,0.03755708038806915
116,3.8666666666666667,,,,insightface_bbox,0.6944577097892761,139.99917602539062,855.0306396484375,1061.3701171875,2439.11572265625,0,0,1,0,0,0,0,0,0,1,0,1,0.03793667256832123,0.019252194091677666,0.10940868407487869,0.016764478757977486,0.0079488605260849,0.016363147646188736,0.011257180012762547,0.027489682659506798,0.08731357008218765,0.074333056807518,0.004396443255245686,0.03544911369681358
117,3.9,,,,insightface_bbox,0.6944577097892761,139.99917602539062,855.0306396484375,1061.3701171875,2439.11572265625,0,0,1,0,0,0,0,0,0,1,0,0,0.03701607137918472,0.019367698580026627,0.10799818485975266,0.016331275925040245,0.007428194396197796,0.01635967195034027,0.009445247240364552,0.027380241081118584,0.08273937553167343,0.07343397289514542,0.0051217880100011826,0.034275490790605545
118,3.933333333333333,,,,insightface_bbox,0.6944577097892761,139.99917602539062,855.0306396484375,1061.3701171875,2439.11572265625,0,0,1,0,0,0,0,0,0,1,0,0,0.03788398578763008,0.02051842398941517,0.11309333890676498,0.0166005939245224,0.007028270047158003,0.01579863950610161,0.009723419323563576,0.027067597955465317,0.07918718457221985,0.07002408802509308,0.005555183161050081,0.0360172800719738
119,3.966666666666667,,,,insightface_bbox,0.6944577097892761,139.99917602539062,855.0306396484375,1061.3701171875,2439.11572265625,0,0,1,0,0,0,0,0,0,1,0,0,0.03865985572338104,0.020474661141633987,0.11686143279075623,0.016097694635391235,0.007482846267521381,0.015986431390047073,0.009212862700223923,0.0278666652739048,0.078653983771801,0.06828896701335907,0.00560641847550869,0.03720085322856903
120,4.0,,,,insightface_bbox,0.6869705319404602,142.4537811279297,875.01953125,1052.709716796875,2380.89892578125,0,0,1,0,0,0,0,0,0,1,0,1,0.03859511762857437,0.019908558577299118,0.13392294943332672,0.01680127903819084,0.00815265066921711,0.01654662936925888,0.009774407371878624,0.030743667855858803,0.08832969516515732,0.07723486423492432,0.004904782399535179,0.033762264996767044
121,4.033333333333333,,,,insightface_bbox,0.6869705319404602,142.4537811279297,875.01953125,1052.709716796875,2380.89892578125,0,0,1,0,0,0,0,0,0,1,0,1,0.03786852955818176,0.019680624827742577,0.1281924992799759,0.016543980687856674,0.008256862871348858,0.016171419993042946,0.009615767747163773,0.03271893039345741,0.08912428468465805,0.07689721882343292,0.004591183736920357,0.03281927481293678
122,4.066666666666666,,,,insightface_bbox,0.6869705319404602,142.4537811279297,875.01953125,1052.709716796875,2380.89892578125,0,0,1,0,0,0,0,0,0,1,0,1,0.037710532546043396,0.019189901649951935,0.12606976926326752,0.015656545758247375,0.00821290910243988,0.015735842287540436,0.008695161901414394,0.028700856491923332,0.0809227004647255,0.06655652821063995,0.004561317153275013,0.03139982372522354
123,4.1,,,,insightface_bbox,0.6869705319404602,142.4537811279297,875.01953125,1052.709716796875,2380.89892578125,0,0,1,0,0,0,0,0,0,1,0,0,0.03784927725791931,0.01883116364479065,0.13623107969760895,0.015273327007889748,0.007703301962465048,0.01621725596487522,0.008777006529271603,0.02500087395310402,0.07649817317724228,0.0634089931845665,0.00519454525783658,0.03326817601919174
124,4.133333333333334,,,,insightface_bbox,0.6869705319404602,142.4537811279297,875.01953125,1052.709716796875,2380.89892578125,0,0,1,0,0,0,0,0,0,1,0,0,0.03990598022937775,0.019105510786175728,0.14889231324195862,0.015571637079119682,0.007785070221871138,0.017343971878290176,0.009869547560811043,0.025189721956849098,0.07733152061700821,0.06541968137025833,0.005777698941528797,0.03649190813302994
125,4.166666666666667,,,,insightface_bbox,0.6869705319404602,142.4537811279297,875.01953125,1052.709716796875,2380.89892578125,0,0,1,0,0,0,0,0,0,1,0,0,0.04126540943980217,0.019642673432826996,0.15521574020385742,0.016246842220425606,0.008252996951341629,0.018267691135406494,0.011036450043320656,0.02582836151123047,0.07784862816333771,0.06561549007892609,0.006481809075921774,0.037962786853313446
126,4.2,,,,insightface_bbox,0.6778608560562134,119.70098876953125,868.3543090820312,1051.9959716796875,2409.7626953125,0,0,1,0,0,0,0,0,0,1,0,0,0.03872526437044144,0.019665289670228958,0.12752512097358704,0.016261443495750427,0.008590439334511757,0.01776343211531639,0.01239110343158245,0.02546142414212227,0.0778265967965126,0.06750722229480743,0.00575223658233881,0.03658771142363548
127,4.233333333333333,,,,insightface_bbox,0.6778608560562134,119.70098876953125,868.3543090820312,1051.9959716796875,2409.7626953125,0,0,1,0,0,0,0,0,0,1,0,0,0.04037569463253021,0.02082989551126957,0.13723325729370117,0.016994711011648178,0.008673049509525299,0.01889807917177677,0.012685530818998814,0.025440149009227753,0.07647235691547394,0.06661336123943329,0.007653842214494944,0.04189220070838928
128,4.266666666666667,,,,insightface_bbox,0.6778608560562134,119.70098876953125,868.3543090820312,1051.9959716796875,2409.7626953125,0,0,1,0,0,0,0,0,0,1,0,0,0.04050621762871742,0.020328808575868607,0.13454478979110718,0.01623133011162281,0.008404255844652653,0.018666934221982956,0.012200423516333103,0.02508748322725296,0.07691354304552078,0.06657864153385162,0.0065146517008543015,0.03899889811873436
129,4.3,,,,insightface_bbox,0.6778608560562134,119.70098876953125,868.3543090820312,1051.9959716796875,2409.7626953125,0,0,1,0,0,0,0,0,0,1,0,0,0.03956066817045212,0.020045610144734383,0.12850874662399292,0.015256847254931927,0.007760964799672365,0.01781676895916462,0.010542628355324268,0.024276532232761383,0.07115716487169266,0.06368914246559143,0.0066315410658717155,0.039071179926395416
130,4.333333333333333,,,,insightface_bbox,0.6778608560562134,119.70098876953125,868.3543090820312,1051.9959716796875,2409.7626953125,0,0,1,0,0,0,0,0,0,1,0,0,0.038504116237163544,0.021312251687049866,0.10221517831087112,0.015190482139587402,0.007455132901668549,0.018067657947540283,0.009878179989755154,0.024401091039180756,0.07459787279367447,0.06654168665409088,0.0064994702115654945,0.037772584706544876
131,4.366666666666666,,,,insightface_bbox,0.6778608560562134,119.70098876953125,868.3543090820312,1051.9959716796875,2409.7626953125,0,0,1,0,0,0,0,0,0,1,0,0,0.04325234144926071,0.02213524654507637,0.11366105824708939,0.01785808429121971,0.00805054884403944,0.02018512412905693,0.01271504070609808,0.028320375829935074,0.08347269892692566,0.07307934761047363,0.00919935293495655,0.04534279555082321
132,4.4,,,,insightface_bbox,0.6947437524795532,126.29817962646484,842.8967895507812,1066.611083984375,2343.713134765625,0,0,1,0,0,0,0,0,0,1,0,0,0.0429341197013855,0.020935215055942535,0.11691571027040482,0.019759319722652435,0.00840083323419094,0.02233290672302246,0.015424011275172234,0.034795261919498444,0.0935625433921814,0.08278582990169525,0.01385754905641079,0.05429822579026222
133,4.433333333333334,,,,insightface_bbox,0.6947437524795532,126.29817962646484,842.8967895507812,1066.611083984375,2343.713134765625,0,0,1,0,0,0,0,0,0,1,0,0,0.04385653883218765,0.02093486674129963,0.13082225620746613,0.020578093826770782,0.009026572108268738,0.02286049723625183,0.01727239415049553,0.03593255206942558,0.09778173267841339,0.0839979499578476,0.013135048560798168,0.055382292717695236
134,4.466666666666667,,,,insightface_bbox,0.6947437524795532,126.29817962646484,842.8967895507812,1066.611083984375,2343.713134765625,0,0,1,0,0,0,0,0,0,1,0,0,0.049523767083883286,0.02428477257490158,0.1467527151107788,0.02182142809033394,0.009237155318260193,0.024790575727820396,0.020501818507909775,0.035842981189489365,0.09299162775278091,0.08150026947259903,0.015469146892428398,0.05725811421871185
135,4.5,,,,insightface_bbox,0.6947437524795532,126.29817962646484,842.8967895507812,1066.611083984375,2343.713134765625,0,0,1,0,0,0,0,0,0,1,0,0,0.04640010744333267,0.025036901235580444,0.14276869595050812,0.02066320739686489,0.009080098941922188,0.024954916909337044,0.01701670140028,0.034483570605516434,0.09046875685453415,0.07760009169578552,0.017284289002418518,0.059247370809316635
136,4.533333333333333,,,,insightface_bbox,0.6947437524795532,126.29817962646484,842.8967895507812,1066.611083984375,2343.713134765625,0,0,1,0,0,0,0,0,0,1,0,0,0.04571933671832085,0.023226208984851837,0.15709085762500763,0.020141087472438812,0.00902669969946146,0.02285943366587162,0.015383926220238209,0.03258054703474045,0.09061575680971146,0.07765883207321167,0.014898120425641537,0.061526648700237274
137,4.566666666666666,,,,insightface_bbox,0.6947437524795532,126.29817962646484,842.8967895507812,1066.611083984375,2343.713134765625,0,0,1,0,0,0,0,0,0,1,0,0,0.04616960138082504,0.023148732259869576,0.17729751765727997,0.020948946475982666,0.009365313686430454,0.02332507073879242,0.01663607731461525,0.03305436298251152,0.08984952419996262,0.07806510478258133,0.014010196551680565,0.05844441056251526
138,4.6,,,,insightface_bbox,0.6383911371231079,110.79999542236328,841.8345336914062,1057.8463134765625,2416.329833984375,0,0,1,0,0,0,0,0,0,1,0,0,0.04933778941631317,0.025193579494953156,0.16300013661384583,0.023102687671780586,0.009582478553056717,0.0256400927901268,0.020445309579372406,0.03414059430360794,0.08755959570407867,0.08477151393890381,0.020281542092561722,0.06013987585902214
139,4.633333333333334,,,,insightface_bbox,0.6383911371231079,110.79999542236328,841.8345336914062,1057.8463134765625,2416.329833984375,0,0,1,0,0,0,0,0,0,1,0,0,0.043953489512205124,0.0221102312207222,0.13063158094882965,0.02038787119090557,0.008701811544597149,0.022521652281284332,0.016297252848744392,0.032121747732162476,0.08320800215005875,0.08089667558670044,0.01622060127556324,0.055814601480960846
140,4.666666666666667,,,,insightface_bbox,0.6383911371231079,110.79999542236328,841.8345336914062,1057.8463134765625,2416.329833984375,0,0,1,0,0,0,0,0,0,1,0,0,0.04341297224164009,0.021879198029637337,0.13614878058433533,0.01958293467760086,0.008737921714782715,0.022122012451291084,0.014734846539795399,0.031024053692817688,0.0860648900270462,0.08027240633964539,0.012600737623870373,0.05236847698688507
141,4.7,,,,insightface_bbox,0.6383911371231079,110.79999542236328,841.8345336914062,1057.8463134765625,2416.329833984375,0,0,1,0,0,0,0,0,0,1,0,0,0.043755993247032166,0.021569712087512016,0.14454412460327148,0.019171370193362236,0.009813009761273861,0.022233759984374046,0.014720605686306953,0.03232080116868019,0.09360180795192719,0.07518059015274048,0.010103206150233746,0.05216004326939583
142,4.733333333333333,,,,insightface_bbox,0.6383911371231079,110.79999542236328,841.8345336914062,1057.8463134765625,2416.329833984375,0,0,1,0,0,0,0,0,0,1,0,0,0.04534219950437546,0.02214069291949272,0.15343987941741943,0.020542925223708153,0.010129804722964764,0.023551909253001213,0.015458287671208382,0.033985696732997894,0.09308092296123505,0.07883007824420929,0.01287919282913208,0.056815341114997864
143,4.766666666666667,,,,insightface_bbox,0.6383911371231079,110.79999542236328,841.8345336914062,1057.8463134765625,2416.329833984375,0,0,1,0,0,0,0,0,0,1,0,0,0.04517052322626114,0.02198544517159462,0.1491314023733139,0.02050057053565979,0.009807420894503593,0.02358623594045639,0.015291845425963402,0.03376266360282898,0.0918709859251976,0.0790046975016594,0.013720515184104443,0.05718671530485153
144,4.8,,,,insightface_bbox,0.6314399242401123,95.70037078857422,791.335693359375,1046.484619140625,2422.18212890625,0,0,1,0,0,0,0,0,0,1,0,0,0.04407443478703499,0.02185436710715294,0.13826173543930054,0.020758090540766716,0.008730368688702583,0.02236490324139595,0.015527958981692791,0.03277704492211342,0.0879066064953804,0.08025474846363068,0.013638019561767578,0.05644478648900986
145,4.833333333333333,,,,insightface_bbox,0.6314399242401123,95.70037078857422,791.335693359375,1046.484619140625,2422.18212890625,0,0,1,0,0,0,0,0,0,1,0,0,0.047688599675893784,0.02350890263915062,0.15660077333450317,0.021003568544983864,0.009106258861720562,0.02419886365532875,0.014697827398777008,0.03232729434967041,0.0858750194311142,0.08162300288677216,0.016465546563267708,0.06118236482143402
146,4.866666666666666,,,,insightface_bbox,0.6314399242401123,95.70037078857422,791.335693359375,1046.484619140625,2422.18212890625,0,0,1,0,0,0,0,0,0,1,0,0,0.047138966619968414,0.022528570145368576,0.14746543765068054,0.020028509199619293,0.008611498400568962,0.022626623511314392,0.014146240428090096,0.03151925653219223,0.08906231075525284,0.08447903394699097,0.014131918549537659,0.05671095848083496
147,4.9,,,,insightface_bbox,0.6314399242401123,95.70037078857422,791.335693359375,1046.484619140625,2422.18212890625,0,0,1,0,0,0,0,0,0,1,0,0,0.04860451817512512,0.023591743782162666,0.1509760022163391,0.020970582962036133,0.008857319131493568,0.02419259399175644,0.016124434769153595,0.033343978226184845,0.09235522896051407,0.08939758688211441,0.015317942947149277,0.05750132352113724
148,4.933333333333334,,,,insightface_bbox,0.6314399242401123,95.70037078857422,791.335693359375,1046.484619140625,2422.18212890625,0,0,1,0,0,0,0,0,0,1,0,0,0.049328286200761795,0.023131294175982475,0.15116529166698456,0.020858220756053925,0.009075485169887543,0.023436501622200012,0.015235329046845436,0.03359972685575485,0.09270691126585007,0.08835804462432861,0.01461098063737154,0.05611483380198479
149,4.966666666666667,,,,insightface_bbox,0.6314399242401123,95.70037078857422,791.335693359375,1046.484619140625,2422.18212890625,0,0,1,0,0,0,0,0,0,1,0,0,0.05039352551102638,0.023603864014148712,0.16672593355178833,0.022017396986484528,0.010121515952050686,0.024493694305419922,0.01882847212255001,0.0348220095038414,0.09743764996528625,0.09023398905992508,0.014278378337621689,0.054393962025642395
150,5.0,,,,insightface_bbox,0.7141069173812866,107.94251251220703,878.6759033203125,1032.538330078125,2454.1728515625,0,0,1,0,0,0,0,0,0,1,0,0,0.040258150547742844,0.02116408571600914,0.15451323986053467,0.017257437109947205,0.007286994252353907,0.015510061755776405,0.011422833427786827,0.026216795668005943,0.06876040995121002,0.06342953443527222,0.004740558564662933,0.03669866919517517
151,5.033333333333333,,,,insightface_bbox,0.7141069173812866,107.94251251220703,878.6759033203125,1032.538330078125,2454.1728515625,0,0,1,0,0,0,0,0,0,1,0,0,0.0357695147395134,0.019809873774647713,0.13195136189460754,0.015505978837609291,0.006461425218731165,0.014957153238356113,0.010686768218874931,0.023926926776766777,0.06554988026618958,0.06219959259033203,0.003909698221832514,0.03220731019973755
152,5.066666666666666,,,,insightface_bbox,0.7141069173812866,107.94251251220703,878.6759033203125,1032.538330078125,2454.1728515625,0,0,1,0,0,0,0,0,0,1,0,0,0.03518494591116905,0.019139211624860764,0.12653028964996338,0.015616016462445259,0.006548624485731125,0.014900472946465015,0.011465637013316154,0.02501150406897068,0.06972947716712952,0.0664755329489708,0.0038662597071379423,0.03194749355316162
153,5.1,,,,insightface_bbox,0.7141069173812866,107.94251251220703,878.6759033203125,1032.538330078125,2454.1728515625,0,0,1,0,0,0,0,0,0,1,0,1,0.034196920692920685,0.018368452787399292,0.12575103342533112,0.014751669950783253,0.006600162014365196,0.015088850632309914,0.010337709449231625,0.025368452072143555,0.07272879779338837,0.07021833956241608,0.003508620895445347,0.030749013647437096
154,5.133333333333334,,,,insightface_bbox,0.7141069173812866,107.94251251220703,878.6759033203125,1032.538330078125,2454.1728515625,0,0,1,0,0,0,0,0,0,1,0,1,0.03349888697266579,0.017679162323474884,0.11891759186983109,0.01481255330145359,0.006791882216930389,0.014974163845181465,0.01008889265358448,0.027290482074022293,0.07880259305238724,0.07213908433914185,0.0037233689799904823,0.032432083040475845
155,5.166666666666667,,,,insightface_bbox,0.7141069173812866,107.94251251220703,878.6759033203125,1032.538330078125,2454.1728515625,0,0,1,0,0,0,0,0,0,1,0,1,0.03665415942668915,0.01901572197675705,0.13304246962070465,0.01577771082520485,0.007513180375099182,0.01603819988667965,0.009084261953830719,0.02811313420534134,0.08152268081903458,0.06891895085573196,0.004862302914261818,0.03557708114385605
156,5.2,,,,insightface_bbox,0.6845334768295288,115.00320434570312,888.6636962890625,1046.7181396484375,2414.462158203125,0,0,1,0,0,0,0,0,0,1,0,0,0.036657314747571945,0.01955495774745941,0.13430918753147125,0.018344704061746597,0.00811393465846777,0.016457362100481987,0.008500838652253151,0.03188711032271385,0.08377145975828171,0.06670458614826202,0.006582221947610378,0.0386713407933712
157,5.233333333333333,,,,insightface_bbox,0.6845334768295288,115.00320434570312,888.6636962890625,1046.7181396484375,2414.462158203125,0,0,1,0,0,0,0,0,0,1,0,0,0.03770550340414047,0.019543562084436417,0.1386784315109253,0.017898110672831535,0.007426864467561245,0.015058609656989574,0.007332658860832453,0.029533956199884415,0.07971854507923126,0.06097166985273361,0.0061897579580545425,0.03850755840539932
158,5.266666666666667,,,,insightface_bbox,0.6845334768295288,115.00320434570312,888.6636962890625,1046.7181396484375,2414.462158203125,0,0,1,0,0,0,0,0,0,1,0,1,0.03617236018180847,0.018589043989777565,0.13958805799484253,0.016853392124176025,0.00734702916815877,0.014552121981978416,0.007428279612213373,0.029688607901334763,0.08140833675861359,0.060879722237586975,0.0046499939635396,0.03520749509334564
159,5.3,,,,insightface_bbox,0.6845334768295288,115.00320434570312,888.6636962890625,1046.7181396484375,2414.462158203125,0,0,1,0,0,0,0,0,0,1,0,1,0.03388022258877754,0.017244558781385422,0.12048061937093735,0.015526831150054932,0.007346742786467075,0.014523250982165337,0.007274868432432413,0.02886676788330078,0.08245337009429932,0.0640810877084732,0.0040137311443686485,0.03322270140051842
160,5.333333333333333,,,,insightface_bbox,0.6845334768295288,115.00320434570312,888.6636962890625,1046.7181396484375,2414.462158203125,0,0,1,0,0,0,0,0,0,1,0,1,0.03451256826519966,0.017246762290596962,0.1040600836277008,0.015863964334130287,0.007781090680509806,0.014884769916534424,0.0079147694632411,0.028690489009022713,0.08737065643072128,0.06918655335903168,0.004135212395340204,0.03299116715788841
161,5.366666666666666,,,,insightface_bbox,0.6845334768295288,115.00320434570312,888.6636962890625,1046.7181396484375,2414.462158203125,0,0,1,0,0,0,0,0,0,1,0,1,0.034548841416835785,0.01693234033882618,0.10916297137737274,0.0154554583132267,0.007815995253622532,0.014966178685426712,0.007538358680903912,0.02848730981349945,0.08751522749662399,0.06886063516139984,0.004641192499548197,0.03468192368745804
162,5.4,,,,insightface_bbox,0.6539767980575562,107.35676574707031,842.551025390625,1062.8543701171875,2375.683837890625,0,0,1,0,0,0,0,0,0,1,0,0,0.03639273717999458,0.018019264563918114,0.1177254393696785,0.01671833172440529,0.007490827236324549,0.017198411747813225,0.008862970396876335,0.028003990650177002,0.08861925452947617,0.07881985604763031,0.008624771609902382,0.045174531638622284
163,5.433333333333334,,,,insightface_bbox,0.6539767980575562,107.35676574707031,842.551025390625,1062.8543701171875,2375.683837890625,0,0,1,0,0,0,0,0,0,1,0,0,0.036421000957489014,0.017889633774757385,0.11572055518627167,0.016520706936717033,0.007465537171810865,0.01757550612092018,0.009050103835761547,0.029732009395956993,0.08798541128635406,0.07905065268278122,0.007999449968338013,0.042912185192108154
164,5.466666666666667,,,,insightface_bbox,0.6539767980575562,107.35676574707031,842.551025390625,1062.8543701171875,2375.683837890625,0,0,1,0,0,0,0,0,0,1,0,0,0.037294693291187286,0.018340034410357475,0.12153683602809906,0.016890523955225945,0.007403742056339979,0.018780380487442017,0.009887317195534706,0.029574910178780556,0.0890844315290451,0.08348029106855392,0.009470964781939983,0.0458950512111187
165,5.5,,,,insightface_bbox,0.6539767980575562,107.35676574707031,842.551025390625,1062.8543701171875,2375.683837890625,0,0,1,0,0,0,0,0,0,1,0,0,0.03833724558353424,0.01821127161383629,0.13220931589603424,0.016195328906178474,0.006991720292717218,0.018999343737959862,0.00845661573112011,0.027471181005239487,0.08781104534864426,0.08143749088048935,0.008788306266069412,0.0417441800236702
166,5.533333333333333,,,,insightface_bbox,0.6539767980575562,107.35676574707031,842.551025390625,1062.8543701171875,2375.683837890625,0,0,1,0,0,0,0,0,0,1,0,0,0.04396211355924606,0.019690973684191704,0.15995047986507416,0.017007267102599144,0.006812778301537037,0.02106374129652977,0.0082621518522501,0.027887459844350815,0.08985170722007751,0.08335911482572556,0.010580470785498619,0.04369867593050003
167,5.566666666666666,,,,insightface_bbox,0.6539767980575562,107.35676574707031,842.551025390625,1062.8543701171875,2375.683837890625,0,0,1,0,0,0,0,0,0,1,0,0,0.046181682497262955,0.020220834761857986,0.171974316239357,0.01747966930270195,0.006713372655212879,0.022732263430953026,0.007971677929162979,0.028672145679593086,0.09350541979074478,0.08541105687618256,0.012154841795563698,0.046052705496549606
168,5.6,,,,insightface_bbox,0.6743040680885315,131.37408447265625,845.8174438476562,1040.8251953125,2414.8076171875,0,0,1,0,0,0,0,0,0,1,0,1,0.039754852652549744,0.01850714720785618,0.14444413781166077,0.014217386022210121,0.006450069136917591,0.01608322560787201,0.006530554965138435,0.0243002288043499,0.07638084888458252,0.07041747868061066,0.005053441971540451,0.032901227474212646
169,5.633333333333334,,,,insightface_bbox,0.6743040680885315,131.37408447265625,845.8174438476562,1040.8251953125,2414.8076171875,0,0,1,0,0,0,0,0,0,1,0,1,0.042708445340394974,0.01957857981324196,0.16850176453590393,0.014224400743842125,0.006318777333945036,0.01629636250436306,0.006309880409389734,0.024272974580526352,0.0767955482006073,0.06838216632604599,0.005365987308323383,0.034543540328741074
170,5.666666666666667,,,,insightface_bbox,0.6743040680885315,131.37408447265625,845.8174438476562,1040.8251953125,2414.8076171875,0,0,1,0,0,0,0,0,0,1,0,1,0.0380062498152256,0.018488727509975433,0.1355956494808197,0.014038658700883389,0.006688441149890423,0.015032287687063217,0.006650272291153669,0.02478315308690071,0.07858860492706299,0.06817439198493958,0.004645523615181446,0.03316439688205719
171,5.7,,,,insightface_bbox,0.6743040680885315,131.37408447265625,845.8174438476562,1040.8251953125,2414.8076171875,0,0,1,0,0,0,0,0,0,1,0,1,0.03896916285157204,0.019367558881640434,0.14426115155220032,0.014854852110147476,0.007440905086696148,0.015610857866704464,0.007177961524575949,0.025243842974305153,0.07949046790599823,0.0645340159535408,0.004844492767006159,0.035497549921274185
172,5.733333333333333,,,,insightface_bbox,0.6743040680885315,131.37408447265625,845.8174438476562,1040.8251953125,2414.8076171875,0,0,1,0,0,0,0,0,0,1,0,0,0.039404090493917465,0.020068148151040077,0.14870674908161163,0.015931839123368263,0.0076005044393241405,0.015811404213309288,0.0070686922408640385,0.026005199179053307,0.07407955080270767,0.05901692062616348,0.005793479271233082,0.03810132294893265
173,5.766666666666667,,,,insightface_bbox,0.6743040680885315,131.37408447265625,845.8174438476562,1040.8251953125,2414.8076171875,0,0,1,0,0,0,0,0,0,1,0,0,0.04050394147634506,0.02094942331314087,0.15822140872478485,0.016678493469953537,0.007798388134688139,0.015940245240926743,0.0078063784167170525,0.026741065084934235,0.07479347288608551,0.0566411167383194,0.005224462598562241,0.036951616406440735
174,5.8,,,,insightface_bbox,0.6778351068496704,129.98153686523438,860.317138671875,1053.8001708984375,2365.26806640625,0,0,1,0,0,0,0,0,0,1,0,1,0.037517718970775604,0.019118057563900948,0.117952361702919,0.014688285067677498,0.007596203126013279,0.014525564387440681,0.007346217520534992,0.02441505715250969,0.07471991330385208,0.05863575637340546,0.003325867000967264,0.032883137464523315
175,5.833333333333333,,,,insightface_bbox,0.6778351068496704,129.98153686523438,860.317138671875,1053.8001708984375,2365.26806640625,0,0,1,0,0,0,0,0,0,1,0,1,0.03720742091536522,0.017744535580277443,0.12384270131587982,0.014707873575389385,0.007438737899065018,0.014435249380767345,0.007159075699746609,0.026017263531684875,0.0779140293598175,0.0628041923046112,0.0035360543988645077,0.03399428725242615
176,5.866666666666666,,,,insightface_bbox,0.6778351068496704,129.98153686523438,860.317138671875,1053.8001708984375,2365.26806640625,0,0,1,0,0,0,0,0,0,1,0,1,0.036644648760557175,0.01743069291114807,0.11855697631835938,0.014602528885006905,0.007820116356015205,0.014795083552598953,0.007422678638249636,0.026515519246459007,0.08044448494911194,0.0624823197722435,0.0034349074121564627,0.03364928811788559
177,5.9,,,,insightface_bbox,0.6778351068496704,129.98153686523438,860.317138671875,1053.8001708984375,2365.26806640625,0,0,1,0,0,0,0,0,0,1,0,1,0.03622061386704445,0.017586464062333107,0.10706469416618347,0.014725429005920887,0.007541133556514978,0.014648890122771263,0.007881507277488708,0.025717763230204582,0.080458864569664,0.06080111488699913,0.0037323476281017065,0.03553527966141701
178,5.933333333333334,,,,insightface_bbox,0.6778351068496704,129.98153686523438,860.317138671875,1053.8001708984375,2365.26806640625,0,0,1,0,0,0,0,0,0,1,0,0,0.039588019251823425,0.019423777237534523,0.12309122085571289,0.016799185425043106,0.008029413409531116,0.01650138758122921,0.00914488360285759,0.02826008014380932,0.08318392932415009,0.06559722125530243,0.004667211789637804,0.039219893515110016
179,5.966666666666667,,,,insightface_bbox,0.6778351068496704,129.98153686523438,860.317138671875,1053.8001708984375,2365.26806640625,0,0,1,0,0,0,0,0,0,1,0,0,0.04418213292956352,0.023772941902279854,0.16723480820655823,0.020639708265662193,0.008044074289500713,0.021492060273885727,0.010640423744916916,0.03317118436098099,0.08033359050750732,0.06458533555269241,0.008711637929081917,0.045530907809734344
180,6.0,,,,insightface_bbox,0.6784064173698425,123.1956787109375,869.4365844726562,1012.390380859375,2460.533203125,0,0,1,0,0,0,0,0,0,1,0,0,0.04634808003902435,0.02424151450395584,0.20530733466148376,0.020332325249910355,0.00798764917999506,0.020564239472150803,0.009534457698464394,0.033466074615716934,0.08307898044586182,0.07037512212991714,0.006744755432009697,0.0373353436589241
181,6.033333333333333,,,,insightface_bbox,0.6784064173698425,123.1956787109375,869.4365844726562,1012.390380859375,2460.533203125,0,0,1,0,0,0,0,0,0,1,0,0,0.048865482211112976,0.025536799803376198,0.23598799109458923,0.023121710866689682,0.00866525899618864,0.021380938589572906,0.011757917702198029,0.03549686074256897,0.08043301105499268,0.07318862527608871,0.007489850278943777,0.03647439554333687
182,6.066666666666666,,,,insightface_bbox,0.6784064173698425,123.1956787109375,869.4365844726562,1012.390380859375,2460.533203125,0,0,1,0,0,0,0,0,0,1,0,0,0.05097629874944687,0.025260087102651596,0.24933788180351257,0.021889785304665565,0.008880676701664925,0.02265830710530281,0.013412133790552616,0.03203469142317772,0.07779145240783691,0.0757613331079483,0.008993582800030708,0.03727014735341072
183,6.1,,,,insightface_bbox,0.6784064173698425,123.1956787109375,869.4365844726562,1012.390380859375,2460.533203125,0,0,1,0,0,0,0,0,0,1,0,0,0.05213074013590813,0.025749878957867622,0.27823516726493835,0.02280203253030777,0.009539122693240643,0.026541519910097122,0.017825616523623466,0.032462213188409805,0.07884535938501358,0.08102989941835403,0.013566654175519943,0.04296122491359711
184,6.133333333333334,,,,insightface_bbox,0.6784064173698425,123.1956787109375,869.4365844726562,1012.390380859375,2460.533203125,0,0,1,0,0,0,0,0,0,1,0,0,0.053614094853401184,0.026207230985164642,0.3313969373703003,0.0221906416118145,0.009049086831510067,0.028892187401652336,0.017655732110142708,0.02935246378183365,0.07528969645500183,0.07694442570209503,0.016943706199526787,0.04196327179670334
185,6.166666666666667,,,,insightface_bbox,0.6784064173698425,123.1956787109375,869.4365844726562,1012.390380859375,2460.533203125,0,0,1,0,0,0,0,0,0,1,0,0,0.052729953080415726,0.025756467133760452,0.3641967475414276,0.02176619879901409,0.008911214768886566,0.028351852670311928,0.016317743808031082,0.027955297380685806,0.07129140943288803,0.0710998922586441,0.015529259108006954,0.04109276831150055
186,6.2,,,,insightface_bbox,0.6017072796821594,99.67189025878906,835.8291015625,1018.21533203125,2448.727783203125,0,0,1,0,0,0,0,0,0,1,0,0,0.04904920235276222,0.02220420353114605,0.2916501760482788,0.019406309351325035,0.00781920738518238,0.0247923843562603,0.01103478018194437,0.026973512023687363,0.07354743033647537,0.06493955105543137,0.013541856780648232,0.037617772817611694
187,6.233333333333333,,,,insightface_bbox,0.6017072796821594,99.67189025878906,835.8291015625,1018.21533203125,2448.727783203125,0,0,1,0,0,0,0,0,0,1,0,0,0.04906395822763443,0.024067347869277,0.26783353090286255,0.020398719236254692,0.008758696727454662,0.026089832186698914,0.011747675016522408,0.028118176385760307,0.07831817865371704,0.06691300123929977,0.012145265005528927,0.037844009697437286
188,6.266666666666667,,,,insightface_bbox,0.6017072796821594,99.67189025878906,835.8291015625,1018.21533203125,2448.727783203125,0,0,1,0,0,0,0,0,0,1,0,0,0.04860575869679451,0.023995503783226013,0.2524568438529968,0.019528113305568695,0.008876551873981953,0.024492278695106506,0.010664327070116997,0.027619775384664536,0.0774756371974945,0.06343655288219452,0.011111191473901272,0.03875195235013962
189,6.3,,,,insightface_bbox,0.6017072796821594,99.67189025878906,835.8291015625,1018.21533203125,2448.727783203125,0,0,1,0,0,0,0,0,0,1,0,0,0.047441404312849045,0.023706987500190735,0.24522192776203156,0.019647572189569473,0.008260468952357769,0.023000214248895645,0.008897821418941021,0.02884368970990181,0.07644471526145935,0.06108708307147026,0.011635883711278439,0.040993332862854004
190,6.333333333333333,,,,insightface_bbox,0.6017072796821594,99.67189025878906,835.8291015625,1018.21533203125,2448.727783203125,0,0,1,0,0,0,0,0,0,1,0,0,0.0496133491396904,0.024651240557432175,0.26054662466049194,0.022662382572889328,0.0089053800329566,0.024673717096447945,0.010639496147632599,0.031701888889074326,0.07669072598218918,0.06438647210597992,0.014201531186699867,0.0473063625395298
191,6.366666666666666,,,,insightface_bbox,0.6017072796821594,99.67189025878906,835.8291015625,1018.21533203125,2448.727783203125,0,0,1,0,0,0,0,0,0,1,0,0,0.0493491105735302,0.025000091642141342,0.2626560926437378,0.02393903210759163,0.009248721413314342,0.0257553793489933,0.011348574422299862,0.035548459738492966,0.0789228081703186,0.06881621479988098,0.017236072570085526,0.05242336168885231
192,6.4,,,,insightface_bbox,0.670490026473999,146.30938720703125,941.5856323242188,1003.3842163085938,2337.08056640625,0,0,1,0,0,0,0,0,0,1,0,1,0.05033370852470398,0.02324581891298294,0.3402373194694519,0.016189085319638252,0.007786238100379705,0.01794082671403885,0.007709116209298372,0.025967134162783623,0.07722518593072891,0.0665111318230629,0.006307881325483322,0.038678478449583054
193,6.433333333333334,,,,insightface_bbox,0.670490026473999,146.30938720703125,941.5856323242188,1003.3842163085938,2337.08056640625,0,0,1,0,0,0,0,0,0,1,0,1,0.05130718648433685,0.023761706426739693,0.35229283571243286,0.017203472554683685,0.008482475765049458,0.019722377881407738,0.00846241507679224,0.0294117983430624,0.08094821870326996,0.07147840410470963,0.007320919539779425,0.041003718972206116
194,6.466666666666667,,,,insightface_bbox,0.670490026473999,146.30938720703125,941.5856323242188,1003.3842163085938,2337.08056640625,0,0,1,0,0,0,0,0,0,1,0,1,0.05008123442530632,0.024105709046125412,0.33032166957855225,0.018132377415895462,0.008906939998269081,0.019696829840540886,0.00895667728036642,0.03124845400452614,0.08255372941493988,0.07192198932170868,0.007680472452193499,0.041012316942214966
195,6.5,,,,insightface_bbox,0.670490026473999,146.30938720703125,941.5856323242188,1003.3842163085938,2337.08056640625,0,0,1,0,0,0,0,0,0,1,0,1,0.05046248435974121,0.02413795329630375,0.32725465297698975,0.018529009073972702,0.009487245231866837,0.02062034048140049,0.009280674159526825,0.03493355214595795,0.08925263583660126,0.07863865792751312,0.007601224817335606,0.04220472276210785
196,6.533333333333333,,,,insightface_bbox,0.670490026473999,146.30938720703125,941.5856323242188,1003.3842163085938,2337.08056640625,0,0,1,0,0,0,0,0,0,1,0,1,0.04938265308737755,0.024104563519358635,0.3158586621284485,0.01840059459209442,0.008835358545184135,0.01974460855126381,0.009069625288248062,0.03353063762187958,0.0892498716711998,0.07831402122974396,0.0077330581843853,0.04160387068986893
197,6.566666666666666,,,,insightface_bbox,0.670490026473999,146.30938720703125,941.5856323242188,1003.3842163085938,2337.08056640625,0,0,1,0,0,0,0,0,0,1,0,1,0.046506501734256744,0.023529473692178726,0.3271164298057556,0.019130349159240723,0.008081399835646152,0.019586840644478798,0.009323664009571075,0.03782728686928749,0.08673633635044098,0.0768512710928917,0.00828954391181469,0.04341629892587662
198,6.6,,,,insightface_bbox,0.646108865737915,124.40826416015625,827.6856079101562,1009.6372680664062,2399.86328125,0,0,1,0,0,0,0,0,0,1,0,0,0.04733942449092865,0.024014286696910858,0.2050948441028595,0.021219830960035324,0.007685497403144836,0.016915515065193176,0.012833643704652786,0.030670221894979477,0.08688870072364807,0.07047481089830399,0.00463743694126606,0.03543200343847275
199,6.633333333333334,,,,insightface_bbox,0.646108865737915,124.40826416015625,827.6856079101562,1009.6372680664062,2399.86328125,0,0,1,0,0,0,0,0,0,1,0,0,0.04603029787540436,0.023156434297561646,0.18353267014026642,0.02012954279780388,0.00681927939876914,0.01691276580095291,0.013763697817921638,0.029067935422062874,0.08606332540512085,0.07256203889846802,0.0052139535546302795,0.036354463547468185
200,6.666666666666667,,,,insightface_bbox,0.646108865737915,124.40826416015625,827.6856079101562,1009.6372680664062,2399.86328125,0,0,1,0,0,0,0,0,0,1,0,0,0.04725531488656998,0.023795537650585175,0.18928246200084686,0.019881119951605797,0.006623550318181515,0.017215993255376816,0.013431486673653126,0.027446335181593895,0.08353424072265625,0.07111527025699615,0.005969091318547726,0.03591370955109596
201,6.7,,,,insightface_bbox,0.646108865737915,124.40826416015625,827.6856079101562,1009.6372680664062,2399.86328125,0,0,1,0,0,0,0,0,0,1,0,0,0.044571515172719955,0.02257877215743065,0.179303377866745,0.018913429230451584,0.00637973565608263,0.01671617664396763,0.012366373091936111,0.027237625792622566,0.08067658543586731,0.06922426074743271,0.005533499643206596,0.03432396054267883
202,6.733333333333333,,,,insightface_bbox,0.646108865737915,124.40826416015625,827.6856079101562,1009.6372680664062,2399.86328125,0,0,1,0,0,0,0,0,0,1,0,1,0.04333870857954025,0.021595174446702003,0.17168974876403809,0.01810598373413086,0.006074563600122929,0.016204828396439552,0.012725604698061943,0.02767990529537201,0.08249858021736145,0.07014185935258865,0.00475879805162549,0.03559320792555809
203,6.766666666666667,,,,insightface_bbox,0.646108865737915,124.40826416015625,827.6856079101562,1009.6372680664062,2399.86328125,0,0,1,0,0,0,0,0,0,1,0,0,0.040049076080322266,0.02022319659590721,0.13795199990272522,0.015479141846299171,0.005237214267253876,0.013375979848206043,0.009413178078830242,0.022698266431689262,0.07232819497585297,0.058180321007966995,0.0041625527665019035,0.03369844704866409
204,6.8,,,,insightface_bbox,0.6980946660041809,132.19488525390625,816.2698364257812,1027.048828125,2357.52734375,0,0,1,0,0,0,0,0,0,1,0,0,0.03596865013241768,0.017974117770791054,0.12216199934482574,0.014872560277581215,0.005733697209507227,0.014055684208869934,0.007900869473814964,0.02445300668478012,0.07699266076087952,0.06459740549325943,0.005281597375869751,0.03513021767139435
205,6.833333333333333,,,,insightface_bbox,0.6980946660041809,132.19488525390625,816.2698364257812,1027.048828125,2357.52734375,0,0,1,0,0,0,0,0,0,1,0,1,0.03471042588353157,0.017091795802116394,0.11266590654850006,0.013600359670817852,0.006078334990888834,0.012807916849851608,0.0070528569631278515,0.023488640785217285,0.07835787534713745,0.061966411769390106,0.0034224640112370253,0.03021193854510784
206,6.866666666666666,,,,insightface_bbox,0.6980946660041809,132.19488525390625,816.2698364257812,1027.048828125,2357.52734375,0,0,1,0,0,0,0,0,0,1,0,0,0.03717091307044029,0.018747763708233833,0.13190016150474548,0.015031130984425545,0.006230100989341736,0.01384440902620554,0.007629879284650087,0.02307303436100483,0.07133868336677551,0.05612874776124954,0.004658437334001064,0.03570828214287758
207,6.9,,,,insightface_bbox,0.6980946660041809,132.19488525390625,816.2698364257812,1027.048828125,2357.52734375,0,0,1,0,0,0,0,0,0,1,0,0,0.03732350841164589,0.019860612228512764,0.1301891952753067,0.015628090128302574,0.00633656932041049,0.014628095552325249,0.00737021304666996,0.02342556044459343,0.06936822831630707,0.05474472418427467,0.0059303948655724525,0.0390738770365715
208,6.933333333333334,,,,insightface_bbox,0.6980946660041809,132.19488525390625,816.2698364257812,1027.048828125,2357.52734375,0,0,1,0,0,0,0,0,0,1,0,0,0.03891666978597641,0.02020791359245777,0.14413297176361084,0.015544266439974308,0.005966848693788052,0.014481913298368454,0.007209868635982275,0.02299698255956173,0.06916370987892151,0.0541253425180912,0.0055586714297533035,0.037769969552755356
209,6.966666666666667,,,,insightface_bbox,0.6980946660041809,132.19488525390625,816.2698364257812,1027.048828125,2357.52734375,0,0,1,0,0,0,0,0,0,1,0,1,0.03543313965201378,0.017977140843868256,0.1349937617778778,0.013480836525559425,0.005831745453178883,0.013180309906601906,0.00624620309099555,0.021617116406559944,0.07260037213563919,0.056064218282699585,0.003815926844254136,0.03247778117656708
210,7.0,,,,insightface_bbox,0.716294527053833,120.622314453125,845.2327880859375,1044.407470703125,2325.875732421875,0,0,1,0,0,0,0,0,0,1,0,1,0.0334341861307621,0.01611974462866783,0.11029018461704254,0.014209764078259468,0.006296644452959299,0.014116695150732994,0.006921546999365091,0.02533716708421707,0.0803222507238388,0.07077553868293762,0.004818859044462442,0.03358776122331619
211,7.033333333333333,,,,insightface_bbox,0.716294527053833,120.622314453125,845.2327880859375,1044.407470703125,2325.875732421875,0,0,1,0,0,0,0,0,0,1,0,1,0.035342730581760406,0.01724057085812092,0.11646770685911179,0.01434311456978321,0.006143379956483841,0.014571592211723328,0.006848550867289305,0.02429301105439663,0.07854242622852325,0.07079717516899109,0.005437652114778757,0.035923995077610016
212,7.066666666666666,,,,insightface_bbox,0.716294527053833,120.622314453125,845.2327880859375,1044.407470703125,2325.875732421875,0,0,1,0,0,0,0,0,0,1,0,1,0.03540787100791931,0.017298981547355652,0.12396416813135147,0.014327172189950943,0.006466658785939217,0.015437925234436989,0.006914902478456497,0.02495025284588337,0.08143365383148193,0.07569301873445511,0.0054489378817379475,0.03618936613202095
213,7.1,,,,insightface_bbox,0.716294527053833,120.622314453125,845.2327880859375,1044.407470703125,2325.875732421875,0,0,1,0,0,0,0,0,0,1,0,1,0.03503068536520004,0.01782115362584591,0.11660267412662506,0.014431921765208244,0.006388308946043253,0.014911266043782234,0.0069016944617033005,0.024024270474910736,0.0770990177989006,0.07023636996746063,0.005566529929637909,0.03696883097290993
214,7.133333333333334,,,,insightface_bbox,0.716294527053833,120.622314453125,845.2327880859375,1044.407470703125,2325.875732421875,0,0,1,0,0,0,0,0,0,1,0,0,0.03757418692111969,0.019215885549783707,0.12478124350309372,0.015476671047508717,0.0066582392901182175,0.015634028241038322,0.008028705604374409,0.023968588560819626,0.07616735249757767,0.06773312389850616,0.005457424093037844,0.03715498000383377
215,7.166666666666667,,,,insightface_bbox,0.716294527053833,120.622314453125,845.2327880859375,1044.407470703125,2325.875732421875,0,0,1,0,0,0,0,0,0,1,0,0,0.039286673069000244,0.019518034532666206,0.1392933875322342,0.015359767712652683,0.006717177573591471,0.01564590074121952,0.00975383073091507,0.022462405264377594,0.07323075830936432,0.06217704713344574,0.005399018991738558,0.03724217787384987
216,7.2,,,,insightface_bbox,0.6545173525810242,110.8664779663086,832.9066772460938,1015.6981201171875,2434.3486328125,0,0,1,0,0,0,0,0,0,1,0,1,0.04465518891811371,0.02081948332488537,0.21640890836715698,0.015767909586429596,0.006891743279993534,0.01629461906850338,0.010292698629200459,0.022468440234661102,0.07807255536317825,0.06304143369197845,0.00443135853856802,0.03547634556889534
217,7.233333333333333,,,,insightface_bbox,0.6545173525810242,110.8664779663086,832.9066772460938,1015.6981201171875,2434.3486328125,0,0,1,0,0,0,0,0,0,1,0,0,0.04715941101312637,0.02117050811648369,0.21014076471328735,0.01671745628118515,0.007305420469492674,0.01799836941063404,0.011995768174529076,0.023056769743561745,0.0749063640832901,0.06265868991613388,0.005731021985411644,0.03891367092728615
218,7.266666666666667,,,,insightface_bbox,0.6545173525810242,110.8664779663086,832.9066772460938,1015.6981201171875,2434.3486328125,0,0,1,0,0,0,0,0,0,1,0,1,0.04111432284116745,0.018086809664964676,0.16652078926563263,0.015437486581504345,0.00650916900485754,0.01702157035470009,0.009346703998744488,0.024978134781122208,0.07606516778469086,0.06659073382616043,0.00464152405038476,0.034103475511074066
219,7.3,,,,insightface_bbox,0.6545173525810242,110.8664779663086,832.9066772460938,1015.6981201171875,2434.3486328125,0,0,1,0,0,0,0,0,0,1,0,1,0.04235777258872986,0.01833352819085121,0.17355166375637054,0.015549631789326668,0.006594005506485701,0.01693262904882431,0.008841502480208874,0.02566031739115715,0.0830146074295044,0.0717276856303215,0.004597833845764399,0.03526749089360237
220,7.333333333333333,,,,insightface_bbox,0.6545173525810242,110.8664779663086,832.9066772460938,1015.6981201171875,2434.3486328125,0,0,1,0,0,0,0,0,0,1,0,1,0.03950420767068863,0.017692556604743004,0.14700457453727722,0.014283769764006138,0.00633015064522624,0.015614805743098259,0.0063845133408904076,0.02548825368285179,0.08179296553134918,0.07116097211837769,0.004831227473914623,0.031239662319421768
221,7.366666666666666,,,,insightface_bbox,0.6545173525810242,110.8664779663086,832.9066772460938,1015.6981201171875,2434.3486328125,0,0,1,0,0,0,0,0,0,1,0,1,0.03989692032337189,0.0185407642275095,0.15582558512687683,0.014429109171032906,0.007290524430572987,0.015792634338140488,0.006447955500334501,0.026320699602365494,0.08230006694793701,0.07036657631397247,0.0045029777102172375,0.0327054001390934
222,7.4,,,,insightface_bbox,0.6749529838562012,119.24142456054688,891.2774047851562,1039.1634521484375,2360.34765625,0,0,1,0,0,0,0,0,0,1,0,1,0.03708605468273163,0.018102500587701797,0.14053256809711456,0.015694599598646164,0.007866110652685165,0.016589725390076637,0.009252437390387058,0.02925403229892254,0.0822417289018631,0.07360363006591797,0.004012564197182655,0.03463520109653473
223,7.433333333333334,,,,insightface_bbox,0.6749529838562012,119.24142456054688,891.2774047851562,1039.1634521484375,2360.34765625,0,0,1,0,0,0,0,0,0,1,0,1,0.036799799650907516,0.018618948757648468,0.14149878919124603,0.015285675413906574,0.007615037262439728,0.016000503674149513,0.008232948370277882,0.028107857331633568,0.08068911731243134,0.07061740756034851,0.003787208115682006,0.03320504352450371
224,7.466666666666667,,,,insightface_bbox,0.6749529838562012,119.24142456054688,891.2774047851562,1039.1634521484375,2360.34765625,0,0,1,0,0,0,0,0,0,1,0,1,0.03557322546839714,0.018232092261314392,0.14128170907497406,0.014722500927746296,0.00708340248093009,0.01477476954460144,0.007498918101191521,0.025392040610313416,0.0753178521990776,0.06321721524000168,0.003349731210619211,0.03049551509320736
225,7.5,,,,insightface_bbox,0.6749529838562012,119.24142456054688,891.2774047851562,1039.1634521484375,2360.34765625,0,0,1,0,0,0,0,0,0,1,0,0,0.03572847321629524,0.01877741701900959,0.13107413053512573,0.01468796655535698,0.006709843873977661,0.014986335299909115,0.0075300512835383415,0.023856405168771744,0.07175762206315994,0.06166809797286987,0.003585951402783394,0.030211452394723892
226,7.533333333333333,,,,insightface_bbox,0.6749529838562012,119.24142456054688,891.2774047851562,1039.1634521484375,2360.34765625,0,0,1,0,0,0,0,0,0,1,0,0,0.0342278853058815,0.018342308700084686,0.12688131630420685,0.014565745368599892,0.006997761782258749,0.014932846650481224,0.006963079795241356,0.023673541843891144,0.07004091888666153,0.058551985770463943,0.0038640385027974844,0.03144901990890503
227,7.566666666666666,,,,insightface_bbox,0.6749529838562012,119.24142456054688,891.2774047851562,1039.1634521484375,2360.34765625,0,0,1,0,0,0,0,0,0,1,0,0,0.037604138255119324,0.019593577831983566,0.14410117268562317,0.015540099702775478,0.007486922666430473,0.015605212189257145,0.007532468065619469,0.02481517195701599,0.07289768010377884,0.06146935373544693,0.004437630996108055,0.036227818578481674
228,7.6,,,,insightface_bbox,0.6550253629684448,98.47716522216797,866.8888549804688,994.4232177734375,2405.486572265625,0,0,1,0,0,0,0,0,0,1,0,1,0.044324565678834915,0.019957739859819412,0.2746751606464386,0.01642630808055401,0.008127138018608093,0.021988660097122192,0.009176110848784447,0.03217314928770065,0.08323628455400467,0.07674166560173035,0.006624534726142883,0.036444954574108124
229,7.633333333333334,,,,insightface_bbox,0.6550253629684448,98.47716522216797,866.8888549804688,994.4232177734375,2405.486572265625,0,0,1,0,0,0,0,0,0,1,0,1,0.04004458338022232,0.01930926740169525,0.22271974384784698,0.015342028811573982,0.007602097000926733,0.019477173686027527,0.007448221556842327,0.028787879273295403,0.08508951961994171,0.07501843571662903,0.00491570308804512,0.03476174548268318
230,7.666666666666667,,,,insightface_bbox,0.6550253629684448,98.47716522216797,866.8888549804688,994.4232177734375,2405.486572265625,0,0,1,0,0,0,0,0,0,1,0,1,0.03496403619647026,0.018075427040457726,0.16872861981391907,0.014146838337182999,0.006694132462143898,0.015433082357048988,0.006389133632183075,0.027153007686138153,0.07421565055847168,0.0675528347492218,0.003995331935584545,0.029836706817150116
231,7.7,,,,insightface_bbox,0.6550253629684448,98.47716522216797,866.8888549804688,994.4232177734375,2405.486572265625,0,0,1,0,0,0,0,0,0,1,0,1,0.03520454466342926,0.018238501623272896,0.17113912105560303,0.014324196614325047,0.006394363008439541,0.015161559917032719,0.0063001541420817375,0.027294624596834183,0.07390710711479187,0.06719821691513062,0.004509471822530031,0.03154657036066055
232,7.733333333333333,,,,insightface_bbox,0.6550253629684448,98.47716522216797,866.8888549804688,994.4232177734375,2405.486572265625,0,0,1,0,0,0,0,0,0,1,0,1,0.03560742735862732,0.017618054524064064,0.18048472702503204,0.014180626720190048,0.005880785174667835,0.015243426896631718,0.005855853669345379,0.027886955067515373,0.07459409534931183,0.06980017572641373,0.0050529721193015575,0.031380511820316315
233,7.766666666666667,,,,insightface_bbox,0.6550253629684448,98.47716522216797,866.8888549804688,994.4232177734375,2405.486572265625,0,0,1,0,0,0,0,0,0,1,0,1,0.03466200828552246,0.01726105436682701,0.18377134203910828,0.014044646173715591,0.005737537983804941,0.014721851795911789,0.0054919542744755745,0.02905808389186859,0.07656095921993256,0.06941933184862137,0.004553711507469416,0.029873985797166824
234,7.8,,,,insightface_bbox,0.6965744495391846,111.8520736694336,828.732421875,1053.5462646484375,2328.619384765625,0,0,1,0,0,0,0,0,0,1,0,0,0.03330184891819954,0.016277380287647247,0.1218455359339714,0.016012772917747498,0.006569701246917248,0.017645088955760002,0.008600814267992973,0.0307999849319458,0.08895501494407654,0.0842057317495346,0.008152080699801445,0.040640898048877716
235,7.833333333333333,,,,insightface_bbox,0.6965744495391846,111.8520736694336,828.732421875,1053.5462646484375,2328.619384765625,0,0,1,0,0,0,0,0,0,1,0,0,0.0383201465010643,0.01840820163488388,0.1387295126914978,0.017071153968572617,0.007157872896641493,0.019544808194041252,0.010094243101775646,0.027995437383651733,0.08654483407735825,0.07785490900278091,0.010277810506522655,0.04642285034060478
236,7.866666666666666,,,,insightface_bbox,0.6965744495391846,111.8520736694336,828.732421875,1053.5462646484375,2328.619384765625,0,0,1,0,0,0,0,0,0,1,0,0,0.03922024741768837,0.01904088631272316,0.14488020539283752,0.017944185063242912,0.007508767303079367,0.020503032952547073,0.010352656245231628,0.029345326125621796,0.0857047364115715,0.07744338363409042,0.01085546426475048,0.04526299238204956
237,7.9,,,,insightface_bbox,0.6965744495391846,111.8520736694336,828.732421875,1053.5462646484375,2328.619384765625,0,0,1,0,0,0,0,0,0,1,0,0,0.041452936828136444,0.02035146951675415,0.16379414498806,0.019835300743579865,0.008875682018697262,0.023401323705911636,0.013345371931791306,0.0326775424182415,0.0888751745223999,0.08217260241508484,0.013470371253788471,0.050345905125141144
238,7.933333333333334,,,,insightface_bbox,0.6965744495391846,111.8520736694336,828.732421875,1053.5462646484375,2328.619384765625,0,0,1,0,0,0,0,0,0,1,0,0,0.042596831917762756,0.020758436992764473,0.16545361280441284,0.019537560641765594,0.008893230929970741,0.023248929530382156,0.012606042437255383,0.03246963769197464,0.08474000543355942,0.07921141386032104,0.013643169775605202,0.05107732489705086
239,7.966666666666667,,,,insightface_bbox,0.6965744495391846,111.8520736694336,828.732421875,1053.5462646484375,2328.619384765625,0,0,1,0,0,0,0,0,0,1,0,0,0.04087179899215698,0.019881119951605797,0.15405410528182983,0.018692538142204285,0.00830384623259306,0.022315166890621185,0.011099419556558132,0.03083779662847519,0.0845242291688919,0.07782790809869766,0.013073716312646866,0.050467271357774734
240,8.0,,,,insightface_bbox,0.669879138469696,101.59567260742188,882.4464721679688,1022.314208984375,2347.482666015625,0,0,1,0,0,0,0,0,0,1,0,0,0.03886737674474716,0.01976752281188965,0.1547384411096573,0.0158670786768198,0.007500478066504002,0.017634209245443344,0.007642997428774834,0.024799715727567673,0.07622785866260529,0.0636945366859436,0.006040843203663826,0.037712462246418
241,8.033333333333333,,,,insightface_bbox,0.669879138469696,101.59567260742188,882.4464721679688,1022.314208984375,2347.482666015625,0,0,1,0,0,0,0,0,0,1,0,0,0.04010249301791191,0.019104305654764175,0.1496439278125763,0.01477091945707798,0.007212839089334011,0.016753122210502625,0.007599672302603722,0.023323632776737213,0.0741020068526268,0.06119127571582794,0.005057824309915304,0.03527632728219032
242,8.066666666666666,,,,insightface_bbox,0.669879138469696,101.59567260742188,882.4464721679688,1022.314208984375,2347.482666015625,0,0,1,0,0,0,0,0,0,1,0,1,0.039362240582704544,0.01853155344724655,0.1472058743238449,0.014237458817660809,0.007040083408355713,0.015211164951324463,0.007140354719012976,0.022911500185728073,0.07758300006389618,0.060153085738420486,0.0036597587168216705,0.032119020819664
243,8.1,,,,insightface_bbox,0.669879138469696,101.59567260742188,882.4464721679688,1022.314208984375,2347.482666015625,0,0,1,0,0,0,0,0,0,1,0,1,0.03968197479844093,0.018785107880830765,0.1592550277709961,0.015317987650632858,0.007340473122894764,0.016538945958018303,0.008889321237802505,0.024304956197738647,0.07830692827701569,0.06260212510824203,0.004189268220216036,0.033618178218603134
244,8.133333333333333,,,,insightface_bbox,0.669879138469696,101.59567260742188,882.4464721679688,1022.314208984375,2347.482666015625,0,0,1,0,0,0,0,0,0,1,0,1,0.04010624811053276,0.018780022859573364,0.15393351018428802,0.016824224963784218,0.007336084730923176,0.017907800152897835,0.011392900720238686,0.024427363649010658,0.08205918967723846,0.06658584624528885,0.004810226149857044,0.03438285365700722
245,8.166666666666666,,,,insightface_bbox,0.669879138469696,101.59567260742188,882.4464721679688,1022.314208984375,2347.482666015625,0,0,1,0,0,0,0,0,0,1,0,0,0.03863755986094475,0.018987523391842842,0.13873234391212463,0.016414586454629898,0.006118001416325569,0.018395787104964256,0.009581406600773335,0.02286527305841446,0.07312331348657608,0.061943307518959045,0.005601944867521524,0.034424278885126114
246,8.2,,,,insightface_bbox,0.649440348148346,97.04739379882812,830.0906982421875,1027.930419921875,2385.7705078125,0,0,1,0,0,0,0,0,0,1,0,0,0.04063090309500694,0.01885536126792431,0.15392230451107025,0.0182475782930851,0.00668026739731431,0.019645508378744125,0.009173167869448662,0.026561228558421135,0.08064505457878113,0.07171803712844849,0.006380227394402027,0.03868944197893143
247,8.233333333333333,,,,insightface_bbox,0.649440348148346,97.04739379882812,830.0906982421875,1027.930419921875,2385.7705078125,0,0,1,0,0,0,0,0,0,1,0,0,0.03529370203614235,0.01687401533126831,0.13474664092063904,0.016515878960490227,0.006184494588524103,0.017105218023061752,0.007532162591814995,0.025879908353090286,0.0716022476553917,0.06831401586532593,0.006467523518949747,0.03656293824315071
248,8.266666666666667,,,,insightface_bbox,0.649440348148346,97.04739379882812,830.0906982421875,1027.930419921875,2385.7705078125,0,0,1,0,0,0,0,0,0,1,0,0,0.03619697690010071,0.01735995151102543,0.1366497129201889,0.016701940447092056,0.00679507153108716,0.01825711503624916,0.007737337611615658,0.02845553494989872,0.07628937810659409,0.07508181035518646,0.007792909629642963,0.039422884583473206
249,8.3,,,,insightface_bbox,0.649440348148346,97.04739379882812,830.0906982421875,1027.930419921875,2385.7705078125,0,0,1,0,0,0,0,0,0,1,0,1,0.036658111959695816,0.017431022599339485,0.13856855034828186,0.01577213779091835,0.006659384351223707,0.01666048727929592,0.007469280622899532,0.026810262352228165,0.07772189378738403,0.07420109957456589,0.0055313920602202415,0.03607027605175972
250,8.333333333333334,,,,insightface_bbox,0.649440348148346,97.04739379882812,830.0906982421875,1027.930419921875,2385.7705078125,0,0,1,0,0,0,0,0,0,1,0,1,0.03489860147237778,0.01609925366938114,0.13376472890377045,0.01425110548734665,0.00631262082606554,0.015778159722685814,0.008062581531703472,0.024006526917219162,0.07967520505189896,0.0701657310128212,0.0034013253170996904,0.03014346957206726
251,8.366666666666667,,,,insightface_bbox,0.649440348148346,97.04739379882812,830.0906982421875,1027.930419921875,2385.7705078125,0,0,1,0,0,0,0,0,0,1,0,1,0.03738267719745636,0.017527982592582703,0.15239636600017548,0.015470867976546288,0.0062540010549128056,0.017494259402155876,0.00837333220988512,0.024923749268054962,0.07567499577999115,0.0697474256157875,0.004391509108245373,0.034539613872766495
252,8.4,,,,insightface_bbox,0.6890688538551331,98.5219955444336,851.575927734375,1052.567626953125,2338.256591796875,0,0,1,0,0,0,0,0,0,1,0,0,0.04328257590532303,0.019844358786940575,0.1852647215127945,0.019932571798563004,0.007683184929192066,0.027649011462926865,0.012938641011714935,0.037398286163806915,0.09011013805866241,0.09332160651683807,0.01833333447575569,0.05951784551143646
253,8.433333333333334,,,,insightface_bbox,0.6890688538551331,98.5219955444336,851.575927734375,1052.567626953125,2338.256591796875,0,0,1,0,0,0,0,0,0,1,0,0,0.04269009456038475,0.019513454288244247,0.1703074872493744,0.018671786412596703,0.007241000421345234,0.02636902965605259,0.010581573471426964,0.03320882096886635,0.08908630162477493,0.08443080633878708,0.015327143482863903,0.054155271500349045
254,8.466666666666667,,,,insightface_bbox,0.6890688538551331,98.5219955444336,851.575927734375,1052.567626953125,2338.256591796875,0,0,1,0,0,0,0,0,0,1,0,0,0.045224983245134354,0.020815527066588402,0.18734416365623474,0.019738655537366867,0.007424774579703808,0.027785558253526688,0.01088901236653328,0.03497988358139992,0.09359706193208694,0.0881485790014267,0.018408821895718575,0.0592602975666523
255,8.5,,,,insightface_bbox,0.6890688538551331,98.5219955444336,851.575927734375,1052.567626953125,2338.256591796875,0,0,1,0,0,0,0,0,0,1,0,0,0.04410579800605774,0.02045995555818081,0.18555518984794617,0.01902390643954277,0.007141327951103449,0.026610178872942924,0.01040719449520111,0.03515688329935074,0.09635660797357559,0.09022125601768494,0.016923490911722183,0.05656970292329788
256,8.533333333333333,,,,insightface_bbox,0.6890688538551331,98.5219955444336,851.575927734375,1052.567626953125,2338.256591796875,0,0,1,0,0,0,0,0,0,1,0,0,0.04359685629606247,0.020056312903761864,0.17941386997699738,0.01886218786239624,0.00727958045899868,0.02524186670780182,0.01074165478348732,0.035194430500268936,0.09751701354980469,0.0905693992972374,0.015323588624596596,0.052400458604097366
257,8.566666666666666,,,,insightface_bbox,0.6890688538551331,98.5219955444336,851.575927734375,1052.567626953125,2338.256591796875,0,0,1,0,0,0,0,0,0,1,0,0,0.04460544139146805,0.019708817824721336,0.17597231268882751,0.019828181713819504,0.008053869009017944,0.02455407753586769,0.011646394617855549,0.036149684339761734,0.09766259044408798,0.09202328324317932,0.015722593292593956,0.057925429195165634
258,8.6,,,,insightface_bbox,0.6496177315711975,80.68221282958984,815.0985717773438,1046.958984375,2383.264404296875,0,0,1,0,0,0,0,0,0,1,0,0,0.049023523926734924,0.023630570620298386,0.19414430856704712,0.023821832612156868,0.009683606214821339,0.028117375448346138,0.018755940720438957,0.039109885692596436,0.1002906933426857,0.0984523817896843,0.020673971623182297,0.06270419806241989
259,8.633333333333333,,,,insightface_bbox,0.6496177315711975,80.68221282958984,815.0985717773438,1046.958984375,2383.264404296875,0,0,1,0,0,0,0,0,0,1,0,0,0.05060987547039986,0.02378721721470356,0.19950398802757263,0.025224246084690094,0.009834449738264084,0.03119012340903282,0.01999722048640251,0.03966512158513069,0.09842361509799957,0.09802646934986115,0.026750627905130386,0.0659283995628357
260,8.666666666666666,,,,insightface_bbox,0.6496177315711975,80.68221282958984,815.0985717773438,1046.958984375,2383.264404296875,0,0,1,0,0,0,0,0,0,1,0,0,0.04785025492310524,0.02320694923400879,0.20510715246200562,0.022235099226236343,0.008055564016103745,0.028671275824308395,0.013217715546488762,0.036966048181056976,0.09407113492488861,0.09352460503578186,0.02358480542898178,0.06414745002985
261,8.7,,,,insightface_bbox,0.6496177315711975,80.68221282958984,815.0985717773438,1046.958984375,2383.264404296875,0,0,1,0,0,0,0,0,0,1,0,0,0.04503237456083298,0.021192755550146103,0.1989777535200119,0.020052552223205566,0.007242055609822273,0.028033338487148285,0.01142994686961174,0.035693082958459854,0.09465896338224411,0.08579045534133911,0.020233245566487312,0.05766645446419716
262,8.733333333333333,,,,insightface_bbox,0.6496177315711975,80.68221282958984,815.0985717773438,1046.958984375,2383.264404296875,0,0,1,0,0,0,0,0,0,1,0,0,0.044193562120199203,0.020615505054593086,0.1892106533050537,0.019582681357860565,0.007225079461932182,0.028297407552599907,0.011728130280971527,0.035091742873191833,0.09312484413385391,0.083880715072155,0.019913354888558388,0.05902542173862457
263,8.766666666666667,,,,insightface_bbox,0.6496177315711975,80.68221282958984,815.0985717773438,1046.958984375,2383.264404296875,0,0,1,0,0,0,0,0,0,1,0,0,0.04299280047416687,0.02057487517595291,0.17802554368972778,0.01962391845881939,0.0073564802296459675,0.0278813224285841,0.012734698131680489,0.03488676995038986,0.09490974247455597,0.08736718446016312,0.018364358693361282,0.05876247212290764
264,8.8,,,,insightface_bbox,0.694574236869812,81.86961364746094,820.8298950195312,1064.5604248046875,2329.107421875,0,0,1,0,0,0,0,0,0,1,0,0,0.06114546209573746,0.030809810385107994,0.22598153352737427,0.026522351428866386,0.010357237420976162,0.03335370868444443,0.022265708073973656,0.03867591917514801,0.11237242072820663,0.10842561721801758,0.01614091359078884,0.060452960431575775
265,8.833333333333334,,,,insightface_bbox,0.694574236869812,81.86961364746094,820.8298950195312,1064.5604248046875,2329.107421875,0,0,1,0,0,0,0,0,0,1,0,0,0.053138617426157,0.0279874075204134,0.19832058250904083,0.023101482540369034,0.008678782731294632,0.03244170546531677,0.014405883848667145,0.03693116083741188,0.10847107321023941,0.09978340566158295,0.014929665252566338,0.05283142626285553
266,8.866666666666667,,,,insightface_bbox,0.694574236869812,81.86961364746094,820.8298950195312,1064.5604248046875,2329.107421875,0,0,1,0,0,0,0,0,0,1,0,0,0.052828382700681686,0.027525439858436584,0.19828325510025024,0.023599259555339813,0.008631408214569092,0.03238178417086601,0.017300356179475784,0.03743696212768555,0.10777034610509872,0.0995156317949295,0.017505910247564316,0.05614703893661499
267,8.9,,,,insightface_bbox,0.694574236869812,81.86961364746094,820.8298950195312,1064.5604248046875,2329.107421875,0,0,1,0,0,0,0,0,0,1,0,0,0.059790246188640594,0.030477222055196762,0.238039031624794,0.027794070541858673,0.010131197981536388,0.03581975772976875,0.0264841727912426,0.04058154299855232,0.11246436834335327,0.10875485092401505,0.026680074632167816,0.06933802366256714
268,8.933333333333334,,,,insightface_bbox,0.694574236869812,81.86961364746094,820.8298950195312,1064.5604248046875,2329.107421875,0,0,1,0,0,0,0,0,0,1,0,0,0.05958523973822594,0.030483607202768326,0.22848790884017944,0.027620207518339157,0.009660352021455765,0.03445649519562721,0.025684917345643044,0.04040840268135071,0.10920275747776031,0.1102488785982132,0.026935571804642677,0.06832407414913177
269,8.966666666666667,,,,insightface_bbox,0.694574236869812,81.86961364746094,820.8298950195312,1064.5604248046875,2329.107421875,0,0,1,0,0,0,0,0,0,1,0,0,0.058391302824020386,0.02934419736266136,0.2208159863948822,0.02733892947435379,0.009561407379806042,0.03281261771917343,0.025373419746756554,0.039436742663383484,0.10573716461658478,0.10371048003435135,0.026663493365049362,0.06767462193965912
270,9.0,,,,insightface_bbox,0.669308066368103,78.40006256103516,822.693359375,1087.253662109375,2354.6806640625,0,0,1,0,0,0,0,0,0,0,0,0,0.06087014451622963,0.03694276884198189,0.22221343219280243,0.03878513351082802,0.014893737621605396,0.03765532374382019,0.059815775603055954,0.04868098348379135,0.09544570744037628,0.10655064135789871,0.028548981994390488,0.05846865475177765
271,9.033333333333333,,,,insightface_bbox,0.669308066368103,78.40006256103516,822.693359375,1087.253662109375,2354.6806640625,0,0,1,0,0,0,0,0,0,0,0,0,0.05950522422790527,0.036265257745981216,0.22200652956962585,0.04074239730834961,0.01605668105185032,0.03784017637372017,0.06071505695581436,0.049799010157585144,0.09631272405385971,0.10754742473363876,0.027377866208553314,0.05546479672193527
272,9.066666666666666,,,,insightface_bbox,0.669308066368103,78.40006256103516,822.693359375,1087.253662109375,2354.6806640625,0,0,1,0,0,0,0,0,0,0,0,0,0.0675470232963562,0.03992808982729912,0.264230340719223,0.045132048428058624,0.02028297446668148,0.04272408038377762,0.08037646114826202,0.05311493203043938,0.1043534129858017,0.11435933411121368,0.031027717515826225,0.06324448436498642
273,9.1,,,,insightface_bbox,0.669308066368103,78.40006256103516,822.693359375,1087.253662109375,2354.6806640625,0,0,1,0,0,0,0,0,0,0,0,0,0.07607774436473846,0.04685771465301514,0.273301362991333,0.0528414212167263,0.022190440446138382,0.04689077287912369,0.0978686586022377,0.05656759440898895,0.10833200812339783,0.12560485303401947,0.03867187350988388,0.0732521265745163
274,9.133333333333333,,,,insightface_bbox,0.669308066368103,78.40006256103516,822.693359375,1087.253662109375,2354.6806640625,0,0,1,0,0,0,0,0,0,0,0,0,0.07917258143424988,0.0501408651471138,0.2606135308742523,0.05657028779387474,0.021266451105475426,0.04753895103931427,0.09075827151536942,0.05877051129937172,0.1148868277668953,0.13466842472553253,0.04132305085659027,0.07717984914779663
275,9.166666666666666,,,,insightface_bbox,0.669308066368103,78.40006256103516,822.693359375,1087.253662109375,2354.6806640625,0,0,1,0,0,0,0,0,0,0,0,0,0.07725495845079422,0.048163119703531265,0.2645215392112732,0.054354697465896606,0.02000068873167038,0.0486861988902092,0.07817251980304718,0.05771588906645775,0.11290926486253738,0.1360633671283722,0.04035782068967819,0.0740649402141571
276,9.2,,,,insightface_bbox,0.6558369994163513,95.37731170654297,875.2584228515625,1032.273193359375,2382.60498046875,0,0,1,0,0,0,0,0,0,1,0,1,0.040674127638339996,0.019672568887472153,0.15671341121196747,0.016071408987045288,0.008319352753460407,0.017545057460665703,0.008737115189433098,0.027435611933469772,0.08426781743764877,0.07110009342432022,0.004315462429076433,0.03569040074944496
277,9.233333333333333,,,,insightface_bbox,0.6558369994163513,95.37731170654297,875.2584228515625,1032.273193359375,2382.60498046875,0,0,1,0,0,0,0,0,0,1,0,1,0.040242210030555725,0.01944713108241558,0.169808030128479,0.016950422897934914,0.008218529634177685,0.018901681527495384,0.008635920472443104,0.029297901317477226,0.08741872012615204,0.07834438234567642,0.006009172648191452,0.04221787303686142
278,9.266666666666667,,,,insightface_bbox,0.6558369994163513,95.37731170654297,875.2584228515625,1032.273193359375,2382.60498046875,0,0,1,0,0,0,0,0,0,1,0,1,0.038030318915843964,0.01860985904932022,0.14342069625854492,0.016337977722287178,0.008089066483080387,0.018405236303806305,0.008038404397666454,0.028727702796459198,0.08861447870731354,0.07635313272476196,0.005710977595299482,0.0415063239634037
279,9.3,,,,insightface_bbox,0.6558369994163513,95.37731170654297,875.2584228515625,1032.273193359375,2382.60498046875,0,0,1,0,0,0,0,0,0,1,0,1,0.03870357573032379,0.018447579815983772,0.13197243213653564,0.015599040314555168,0.007657155394554138,0.01697586476802826,0.0074566807597875595,0.026129912585020065,0.08823099732398987,0.07404330372810364,0.005161885637789965,0.04081178829073906
280,9.333333333333334,,,,insightface_bbox,0.6558369994163513,95.37731170654297,875.2584228515625,1032.273193359375,2382.60498046875,0,0,1,0,0,0,0,0,0,1,0,1,0.0392950177192688,0.01785082370042801,0.12677159905433655,0.015169995836913586,0.007047317922115326,0.01623542606830597,0.007933568209409714,0.025033455342054367,0.08531023561954498,0.06980863958597183,0.004645596258342266,0.03797437250614166
281,9.366666666666667,,,,insightface_bbox,0.6558369994163513,95.37731170654297,875.2584228515625,1032.273193359375,2382.60498046875,0,0,1,0,0,0,0,0,0,1,0,1,0.04168316721916199,0.01858144998550415,0.14092020690441132,0.01589631475508213,0.0074920435436069965,0.019083751365542412,0.00929314736276865,0.02639031410217285,0.09062564373016357,0.07534445077180862,0.005336394067853689,0.04066750779747963
282,9.4,,,,insightface_bbox,0.6952964663505554,96.07437896728516,846.6983032226562,1045.48583984375,2362.206298828125,0,0,1,0,0,0,0,0,0,1,0,0,0.039696935564279556,0.018778542056679726,0.15293914079666138,0.016843680292367935,0.006951994728296995,0.021967854350805283,0.00901549682021141,0.02790139988064766,0.08531815558671951,0.08167600631713867,0.011571253649890423,0.051974840462207794
283,9.433333333333334,,,,insightface_bbox,0.6952964663505554,96.07437896728516,846.6983032226562,1045.48583984375,2362.206298828125,0,0,1,0,0,0,0,0,0,1,0,0,0.03746236115694046,0.0180241446942091,0.13972684741020203,0.01637399196624756,0.006662174593657255,0.02279076725244522,0.008117192424833775,0.029921669512987137,0.08724552392959595,0.08198155462741852,0.012934794649481773,0.04927933216094971
284,9.466666666666667,,,,insightface_bbox,0.6952964663505554,96.07437896728516,846.6983032226562,1045.48583984375,2362.206298828125,0,0,1,0,0,0,0,0,0,1,0,0,0.03826954960823059,0.01848526857793331,0.1429297924041748,0.016498759388923645,0.006599540822207928,0.023476526141166687,0.008095739409327507,0.029557811096310616,0.08806570619344711,0.08141200244426727,0.012772154062986374,0.050438933074474335
285,9.5,,,,insightface_bbox,0.6952964663505554,96.07437896728516,846.6983032226562,1045.48583984375,2362.206298828125,0,0,1,0,0,0,0,0,0,1,0,0,0.03761092200875282,0.0182738546282053,0.14700783789157867,0.01625293679535389,0.006479219999164343,0.023294635117053986,0.007876154035329819,0.029505064710974693,0.0874655544757843,0.0806429386138916,0.012481970712542534,0.050098419189453125
286,9.533333333333333,,,,insightface_bbox,0.6952964663505554,96.07437896728516,846.6983032226562,1045.48583984375,2362.206298828125,0,0,1,0,0,0,0,0,0,1,0,0,0.04039895534515381,0.01913561299443245,0.1681995540857315,0.017107577994465828,0.006751596927642822,0.025610890239477158,0.008695666678249836,0.030518949031829834,0.09072844684123993,0.0808277428150177,0.014277666807174683,0.0515579991042614
287,9.566666666666666,,,,insightface_bbox,0.6952964663505554,96.07437896728516,846.6983032226562,1045.48583984375,2362.206298828125,0,0,1,0,0,0,0,0,0,1,0,0,0.03942118585109711,0.019006656482815742,0.16448178887367249,0.016731176525354385,0.006528711412101984,0.025638986378908157,0.008425443433225155,0.030438320711255074,0.08972372114658356,0.08051814138889313,0.013154285028576851,0.05005091056227684
288,9.6,,,,insightface_bbox,0.7015414237976074,93.61807250976562,837.18115234375,1054.895751953125,2326.56591796875,0,0,1,0,0,0,0,0,0,1,0,1,0.042636483907699585,0.02025824412703514,0.1770005226135254,0.018510989844799042,0.007523518055677414,0.028030741959810257,0.010477364994585514,0.03344501927495003,0.09677745401859283,0.09781675040721893,0.014011181890964508,0.054973095655441284
289,9.633333333333333,,,,insightface_bbox,0.7015414237976074,93.61807250976562,837.18115234375,1054.895751953125,2326.56591796875,0,0,1,0,0,0,0,0,0,1,0,0,0.04369968920946121,0.021305644884705544,0.1697043776512146,0.018963810056447983,0.007437544409185648,0.02846772037446499,0.010874561034142971,0.032868873327970505,0.0964512974023819,0.09367767721414566,0.014738868921995163,0.055436328053474426
290,9.666666666666666,,,,insightface_bbox,0.7015414237976074,93.61807250976562,837.18115234375,1054.895751953125,2326.56591796875,0,0,1,0,0,0,0,0,0,1,0,0,0.04045528918504715,0.020021500065922737,0.17811349034309387,0.018327152356505394,0.007106801960617304,0.026683706790208817,0.009785485453903675,0.03272344172000885,0.09243862330913544,0.0889788493514061,0.016167309135198593,0.0575055256485939
291,9.7,,,,insightface_bbox,0.7015414237976074,93.61807250976562,837.18115234375,1054.895751953125,2326.56591796875,0,0,1,0,0,0,0,0,0,1,0,0,0.04184369742870331,0.02043977566063404,0.18599474430084229,0.018387161195278168,0.007016004994511604,0.02683502808213234,0.00976764690130949,0.0326545313000679,0.09318949282169342,0.08585396409034729,0.01656121388077736,0.05722106993198395
292,9.733333333333333,,,,insightface_bbox,0.7015414237976074,93.61807250976562,837.18115234375,1054.895751953125,2326.56591796875,0,0,1,0,0,0,0,0,0,1,0,0,0.042283616960048676,0.02033085562288761,0.18901723623275757,0.018073875457048416,0.007134628482162952,0.02694644406437874,0.009367993101477623,0.03173406794667244,0.09359872341156006,0.08283950388431549,0.01649850234389305,0.05569354072213173
293,9.766666666666667,,,,insightface_bbox,0.7015414237976074,93.61807250976562,837.18115234375,1054.895751953125,2326.56591796875,0,0,1,0,0,0,0,0,0,1,0,0,0.04291768744587898,0.020431652665138245,0.19035938382148743,0.018167715519666672,0.007160203997045755,0.027075160294771194,0.00898715015500784,0.03359154611825943,0.09484542906284332,0.08704680949449539,0.0159163661301136,0.055106040090322495
294,9.8,,,,insightface_bbox,0.6710704565048218,73.81732177734375,819.4631958007812,1048.5203857421875,2334.278564453125,0,0,1,0,0,0,0,0,0,1,0,0,0.041628845036029816,0.02104470692574978,0.15874972939491272,0.01839308626949787,0.007553305011242628,0.025690877810120583,0.008491214364767075,0.03252226114273071,0.09041544795036316,0.09282641857862473,0.01426842249929905,0.05620197206735611
295,9.833333333333334,,,,insightface_bbox,0.6710704565048218,73.81732177734375,819.4631958007812,1048.5203857421875,2334.278564453125,0,0,1,0,0,0,0,0,0,1,0,0,0.04024269059300423,0.020864740014076233,0.1568932682275772,0.018903089687228203,0.00809764675796032,0.024230990558862686,0.008799370378255844,0.03363080695271492,0.09102533757686615,0.0939793735742569,0.015722516924142838,0.06125243380665779
296,9.866666666666667,,,,insightface_bbox,0.6710704565048218,73.81732177734375,819.4631958007812,1048.5203857421875,2334.278564453125,0,0,1,0,0,0,0,0,0,1,0,0,0.04103563725948334,0.021201370283961296,0.15751910209655762,0.019960785284638405,0.008085017092525959,0.024626709520816803,0.00983242318034172,0.03484264761209488,0.09148508310317993,0.09551304578781128,0.01867346093058586,0.0646917000412941
297,9.9,,,,insightface_bbox,0.6710704565048218,73.81732177734375,819.4631958007812,1048.5203857421875,2334.278564453125,0,0,1,0,0,0,0,0,0,1,0,0,0.043483953922986984,0.02203407511115074,0.17529812455177307,0.020864930003881454,0.007800583261996508,0.027534784749150276,0.011179894208908081,0.03555566444993019,0.09335438907146454,0.09540688246488571,0.020838402211666107,0.0652187392115593
298,9.933333333333334,,,,insightface_bbox,0.6710704565048218,73.81732177734375,819.4631958007812,1048.5203857421875,2334.278564453125,0,0,1,0,0,0,0,0,0,1,0,0,0.04161570966243744,0.021437445655465126,0.17451483011245728,0.020206820219755173,0.007286061532795429,0.026775483042001724,0.01158886682242155,0.03361950069665909,0.09478896856307983,0.09518076479434967,0.01894255168735981,0.06204236298799515
299,9.966666666666667,,,,insightface_bbox,0.6710704565048218,73.81732177734375,819.4631958007812,1048.5203857421875,2334.278564453125,0,0,1,0,0,0,0,0,0,1,0,0,0.04223412275314331,0.02162615954875946,0.17670416831970215,0.01928449049592018,0.007062696851789951,0.026038464158773422,0.010245256125926971,0.03090900555253029,0.09257790446281433,0.0919969230890274,0.016681548207998276,0.056975603103637695
300,10.0,,,,insightface_bbox,0.6846640110015869,79.87989807128906,809.3604125976562,1065.64111328125,2336.047119140625,0,0,1,0,0,0,0,0,0,1,0,0,0.049097537994384766,0.028032895177602768,0.16207367181777954,0.023413311690092087,0.008544281125068665,0.027601143345236778,0.017610255628824234,0.034207336604595184,0.0938878133893013,0.09689126908779144,0.014624644070863724,0.046803541481494904
301,10.033333333333333,,,,insightface_bbox,0.6846640110015869,79.87989807128906,809.3604125976562,1065.64111328125,2336.047119140625,0,0,1,0,0,0,0,0,0,1,0,0,0.05148854851722717,0.02907821722328663,0.17323775589466095,0.02420111559331417,0.009020966477692127,0.02928040735423565,0.019041338935494423,0.03457438573241234,0.0956275686621666,0.0963980108499527,0.015172497369349003,0.04733070358633995
302,10.066666666666666,,,,insightface_bbox,0.6846640110015869,79.87989807128906,809.3604125976562,1065.64111328125,2336.047119140625,0,0,1,0,0,0,0,0,0,1,0,0,0.05075245350599289,0.028327370062470436,0.16901451349258423,0.023009276017546654,0.008608786389231682,0.02834892086684704,0.016985297203063965,0.032574404031038284,0.0938018411397934,0.09300883114337921,0.01456145104020834,0.046437740325927734
303,10.1,,,,insightface_bbox,0.6846640110015869,79.87989807128906,809.3604125976562,1065.64111328125,2336.047119140625,0,0,1,0,0,0,0,0,0,1,0,0,0.04844055324792862,0.02667505294084549,0.17030549049377441,0.022915435954928398,0.008683186955749989,0.0281851664185524,0.01690322905778885,0.03425684571266174,0.09391804039478302,0.09662450104951859,0.01670502871274948,0.05020931735634804
304,10.133333333333333,,,,insightface_bbox,0.6846640110015869,79.87989807128906,809.3604125976562,1065.64111328125,2336.047119140625,0,0,1,0,0,0,0,0,0,1,0,0,0.045502301305532455,0.02632918953895569,0.15830710530281067,0.022493116557598114,0.008209304884076118,0.027834391221404076,0.015818778425455093,0.03412528336048126,0.09102396667003632,0.09542344510555267,0.01840202696621418,0.05244157463312149
305,10.166666666666666,,,,insightface_bbox,0.6846640110015869,79.87989807128906,809.3604125976562,1065.64111328125,2336.047119140625,0,0,1,0,0,0,0,0,0,1,0,0,0.0432564914226532,0.025051182135939598,0.14787960052490234,0.021036624908447266,0.007852188311517239,0.02531803958117962,0.013522376306355,0.031619295477867126,0.08944155275821686,0.09123380482196808,0.015468927100300789,0.05073676258325577
306,10.2,,,,insightface_bbox,0.710133969783783,84.48329162597656,819.9660034179688,1071.1197509765625,2362.95751953125,0,0,1,0,0,0,0,0,0,1,0,0,0.052252620458602905,0.030422814190387726,0.16673995554447174,0.02518649399280548,0.009004081599414349,0.027687743306159973,0.020351499319076538,0.0342269092798233,0.09494614601135254,0.09424245357513428,0.01715332642197609,0.053106170147657394
307,10.233333333333333,,,,insightface_bbox,0.710133969783783,84.48329162597656,819.9660034179688,1071.1197509765625,2362.95751953125,0,0,1,0,0,0,0,0,0,1,0,0,0.05731306970119476,0.033373381942510605,0.19192343950271606,0.028187938034534454,0.009570250287652016,0.03337512165307999,0.027209650725126266,0.03721747547388077,0.1024009957909584,0.10539637506008148,0.022020533680915833,0.05770742893218994
308,10.266666666666667,,,,insightface_bbox,0.710133969783783,84.48329162597656,819.9660034179688,1071.1197509765625,2362.95751953125,0,0,1,0,0,0,0,0,0,1,0,0,0.05197425186634064,0.030626503750681877,0.17521576583385468,0.02699393779039383,0.009600650519132614,0.030030841007828712,0.026096738874912262,0.03804365545511246,0.09794315695762634,0.10419386625289917,0.01897677592933178,0.05695750564336777
309,10.3,,,,insightface_bbox,0.710133969783783,84.48329162597656,819.9660034179688,1071.1197509765625,2362.95751953125,0,0,1,0,0,0,0,0,0,1,0,0,0.05069573223590851,0.030525561422109604,0.17130818963050842,0.026092780753970146,0.009150214493274689,0.029642319306731224,0.02315952442586422,0.038228340446949005,0.09968336671590805,0.10689987242221832,0.016191478818655014,0.05369047820568085
310,10.333333333333334,,,,insightface_bbox,0.710133969783783,84.48329162597656,819.9660034179688,1071.1197509765625,2362.95751953125,0,0,1,0,0,0,0,0,0,1,0,0,0.049619581550359726,0.030360635370016098,0.16419999301433563,0.025624088943004608,0.008860950358211994,0.029773376882076263,0.022170783951878548,0.037196218967437744,0.09910765290260315,0.10485003888607025,0.017628666013479233,0.05821509659290314
311,10.366666666666667,,,,insightface_bbox,0.710133969783783,84.48329162597656,819.9660034179688,1071.1197509765625,2362.95751953125,0,0,1,0,0,0,0,0,0,1,0,0,0.05156495422124863,0.030727308243513107,0.16694368422031403,0.026421863585710526,0.00940241850912571,0.030482104048132896,0.024636482819914818,0.0389445424079895,0.09940193593502045,0.10688994824886322,0.018019504845142365,0.057378508150577545
312,10.4,,,,insightface_bbox,0.704125165939331,90.428955078125,801.5755004882812,1070.2633056640625,2331.552001953125,0,0,1,0,0,0,0,0,0,1,0,0,0.052511416375637054,0.03290211409330368,0.16067224740982056,0.026511261239647865,0.00970563292503357,0.03161656856536865,0.02429739013314247,0.037765022367239,0.10229529440402985,0.10551963746547699,0.017405465245246887,0.05514531955122948
313,10.433333333333334,,,,insightface_bbox,0.704125165939331,90.428955078125,801.5755004882812,1070.2633056640625,2331.552001953125,0,0,1,0,0,0,0,0,0,1,0,0,0.05372386425733566,0.03419314697384834,0.16258978843688965,0.027537411078810692,0.00962162297219038,0.03274843841791153,0.02483484148979187,0.03856232762336731,0.10339072346687317,0.10534876585006714,0.020521247759461403,0.058050550520420074
314,10.466666666666667,,,,insightface_bbox,0.704125165939331,90.428955078125,801.5755004882812,1070.2633056640625,2331.552001953125,0,0,1,0,0,0,0,0,0,1,0,0,0.051155854016542435,0.03130035102367401,0.15825966000556946,0.025307711213827133,0.009227769449353218,0.030749861150979996,0.021146569401025772,0.03627971187233925,0.10243538022041321,0.10150672495365143,0.017281802371144295,0.05578691512346268
315,10.5,,,,insightface_bbox,0.704125165939331,90.428955078125,801.5755004882812,1070.2633056640625,2331.552001953125,0,0,1,0,0,0,0,0,0,1,0,0,0.04854561761021614,0.028840623795986176,0.15121160447597504,0.024233117699623108,0.008318120613694191,0.027992263436317444,0.021316593512892723,0.03439014405012131,0.10258923470973969,0.10379598289728165,0.014610495418310165,0.05191684514284134
316,10.533333333333333,,,,insightface_bbox,0.704125165939331,90.428955078125,801.5755004882812,1070.2633056640625,2331.552001953125,0,0,1,0,0,0,0,0,0,1,0,0,0.047835953533649445,0.02698318287730217,0.1549084335565567,0.023690566420555115,0.008669905364513397,0.02733585610985756,0.023831261321902275,0.034380603581666946,0.09895128011703491,0.10186091810464859,0.013655385002493858,0.05340201407670975
317,10.566666666666666,,,,insightface_bbox,0.704125165939331,90.428955078125,801.5755004882812,1070.2633056640625,2331.552001953125,0,0,1,0,0,0,0,0,0,1,0,0,0.05535978823900223,0.030164038762450218,0.16342273354530334,0.025496840476989746,0.009378370828926563,0.028199631720781326,0.026343343779444695,0.0360301248729229,0.10003917664289474,0.10532648861408234,0.013141259551048279,0.057495009154081345
318,10.6,,,,insightface_bbox,0.6348211765289307,71.0156478881836,810.804443359375,1049.8021240234375,2391.042236328125,0,0,1,0,0,0,0,0,0,1,0,0,0.05130324140191078,0.02812250703573227,0.1722213476896286,0.024354567751288414,0.008831297978758812,0.02726765163242817,0.02153134159743786,0.036133188754320145,0.10001645982265472,0.09507478028535843,0.014777466654777527,0.05718798190355301
319,10.633333333333333,,,,insightface_bbox,0.6348211765289307,71.0156478881836,810.804443359375,1049.8021240234375,2391.042236328125,0,0,1,0,0,0,0,0,0,1,0,0,0.053169336169958115,0.029580052942037582,0.18050523102283478,0.02710420824587345,0.009842886589467525,0.030487971380352974,0.02599610760807991,0.03837602585554123,0.10045629739761353,0.09706732630729675,0.02041829749941826,0.062321681529283524
320,10.666666666666666,,,,insightface_bbox,0.6348211765289307,71.0156478881836,810.804443359375,1049.8021240234375,2391.042236328125,0,0,1,0,0,0,0,0,0,1,0,0,0.061252377927303314,0.0340861938893795,0.20105499029159546,0.030807608738541603,0.010504426434636116,0.03414793312549591,0.03557135909795761,0.03845854103565216,0.10278284549713135,0.10344724357128143,0.025555923581123352,0.06621883809566498
321,10.7,,,,insightface_bbox,0.6348211765289307,71.0156478881836,810.804443359375,1049.8021240234375,2391.042236328125,0,0,1,0,0,0,0,0,0,1,0,0,0.056560397148132324,0.03263045474886894,0.19072693586349487,0.02890435792505741,0.010389653965830803,0.03040339983999729,0.030705690383911133,0.03681570664048195,0.09863797575235367,0.09557325392961502,0.021584678441286087,0.061502136290073395
322,10.733333333333333,,,,insightface_bbox,0.6348211765289307,71.0156478881836,810.804443359375,1049.8021240234375,2391.042236328125,0,0,1,0,0,0,0,0,0,1,0,0,0.047400277107954025,0.02699328400194645,0.17478463053703308,0.024569323286414146,0.008765103295445442,0.027791449800133705,0.020370937883853912,0.034539464861154556,0.09328821301460266,0.09905508905649185,0.018540315330028534,0.05667894333600998
323,10.766666666666667,,,,insightface_bbox,0.6348211765289307,71.0156478881836,810.804443359375,1049.8021240234375,2391.042236328125,0,0,1,0,0,0,0,0,0,1,0,0,0.04870261624455452,0.028840459883213043,0.17334169149398804,0.02545299381017685,0.008803497068583965,0.029176339507102966,0.019651342183351517,0.03506404161453247,0.0897233858704567,0.09736533463001251,0.022540327161550522,0.05408208817243576
324,10.8,,,,insightface_bbox,0.7055825591087341,97.52542877197266,845.9359130859375,1053.359619140625,2325.859130859375,0,0,1,0,0,0,0,0,0,1,0,0,0.03944224864244461,0.02173694036900997,0.13802118599414825,0.019335506483912468,0.007621205877512693,0.020587924867868423,0.013283793814480305,0.031356003135442734,0.08184550702571869,0.07755005359649658,0.01036152709275484,0.04495511204004288
325,10.833333333333334,,,,insightface_bbox,0.7055825591087341,97.52542877197266,845.9359130859375,1053.359619140625,2325.859130859375,0,0,1,0,0,0,0,0,0,1,0,0,0.040695905685424805,0.022723600268363953,0.1568220555782318,0.019131138920783997,0.007950336672365665,0.021394964307546616,0.0134573420509696,0.029247641563415527,0.08113119006156921,0.07531561702489853,0.011327811516821384,0.0478350929915905
326,10.866666666666667,,,,insightface_bbox,0.7055825591087341,97.52542877197266,845.9359130859375,1053.359619140625,2325.859130859375,0,0,1,0,0,0,0,0,0,1,0,0,0.042433176189661026,0.023162757977843285,0.17417383193969727,0.020612478256225586,0.008402368053793907,0.023249061778187752,0.01611884869635105,0.031695570796728134,0.08234098553657532,0.0808267593383789,0.014053698629140854,0.053041741251945496
327,10.9,,,,insightface_bbox,0.7055825591087341,97.52542877197266,845.9359130859375,1053.359619140625,2325.859130859375,0,0,1,0,0,0,0,0,0,1,0,0,0.04433738440275192,0.023584268987178802,0.18627789616584778,0.0218178853392601,0.008876252919435501,0.024712007492780685,0.01782800629734993,0.03345144912600517,0.0858355388045311,0.08468107879161835,0.0159609355032444,0.05761825293302536
328,10.933333333333334,,,,insightface_bbox,0.7055825591087341,97.52542877197266,845.9359130859375,1053.359619140625,2325.859130859375,0,0,1,0,0,0,0,0,0,1,0,0,0.04445125162601471,0.024376416578888893,0.17393440008163452,0.02210213989019394,0.008849658071994781,0.022804707288742065,0.01831747218966484,0.031888797879219055,0.08302737772464752,0.07780691236257553,0.014329992234706879,0.05628909170627594
329,10.966666666666667,,,,insightface_bbox,0.7055825591087341,97.52542877197266,845.9359130859375,1053.359619140625,2325.859130859375,0,0,1,0,0,0,0,0,0,1,0,0,0.04335739463567734,0.02368638478219509,0.188090518116951,0.022879047319293022,0.008514073677361012,0.021305561065673828,0.01710532419383526,0.0341937318444252,0.07487456500530243,0.06480339169502258,0.013965100049972534,0.052804965525865555
330,11.0,,,,insightface_bbox,0.6614405512809753,106.06617736816406,861.513671875,1016.6714477539062,2406.830078125,0,0,1,0,0,0,0,0,0,1,0,0,0.03692799434065819,0.02005959115922451,0.16821864247322083,0.016551198437809944,0.006648888811469078,0.01379854790866375,0.009523989632725716,0.025359366089105606,0.067366823554039,0.047573965042829514,0.004678872413933277,0.034661974757909775
331,11.033333333333333,,,,insightface_bbox,0.6614405512809753,106.06617736816406,861.513671875,1016.6714477539062,2406.830078125,0,0,1,0,0,0,0,0,0,1,0,0,0.03600047156214714,0.019281139597296715,0.1709459125995636,0.015899866819381714,0.006791096180677414,0.014054620638489723,0.008920551277697086,0.026944797486066818,0.07077101618051529,0.04969468712806702,0.004604673478752375,0.03429237753152847
332,11.066666666666666,,,,insightface_bbox,0.6614405512809753,106.06617736816406,861.513671875,1016.6714477539062,2406.830078125,0,0,1,0,0,0,0,0,0,1,0,0,0.036463625729084015,0.020699238404631615,0.16860413551330566,0.01661679893732071,0.006955862510949373,0.013909252360463142,0.008682542480528355,0.025311613455414772,0.06615941971540451,0.048856221139431,0.004842492751777172,0.03583317622542381
333,11.1,,,,insightface_bbox,0.6614405512809753,106.06617736816406,861.513671875,1016.6714477539062,2406.830078125,0,0,1,0,0,0,0,0,0,1,0,0,0.041992176324129105,0.025426624342799187,0.18222244083881378,0.020620744675397873,0.007367346435785294,0.015331434085965157,0.010120591148734093,0.026265226304531097,0.06476951390504837,0.04943079873919487,0.006624824367463589,0.04085492715239525
334,11.133333333333333,,,,insightface_bbox,0.6614405512809753,106.06617736816406,861.513671875,1016.6714477539062,2406.830078125,0,0,1,0,0,0,0,0,0,1,0,0,0.03732488676905632,0.02171923965215683,0.15840569138526917,0.016102101653814316,0.00688133854418993,0.013883542269468307,0.008853988721966743,0.023913167417049408,0.0679599940776825,0.05202554166316986,0.004373917356133461,0.03381633758544922
335,11.166666666666666,,,,insightface_bbox,0.6614405512809753,106.06617736816406,861.513671875,1016.6714477539062,2406.830078125,0,0,1,0,0,0,0,0,0,1,0,0,0.03734545409679413,0.020842667669057846,0.15560373663902283,0.015424326062202454,0.006668393034487963,0.013560017570853233,0.007739139720797539,0.02273412048816681,0.0687137097120285,0.05404733121395111,0.004323314875364304,0.03248485550284386
336,11.2,,,,insightface_bbox,0.7064065337181091,149.88356018066406,894.4605712890625,1011.8795776367188,2382.80029296875,0,0,1,0,0,0,0,0,0,1,0,0,0.04072082042694092,0.022853771224617958,0.21728532016277313,0.0176528450101614,0.0077960495837032795,0.016090061515569687,0.009531154297292233,0.03146498650312424,0.07698056101799011,0.05996068939566612,0.006174360401928425,0.03758610039949417
337,11.233333333333333,,,,insightface_bbox,0.7064065337181091,149.88356018066406,894.4605712890625,1011.8795776367188,2382.80029296875,0,0,1,0,0,0,0,0,0,1,0,0,0.040596865117549896,0.02312905341386795,0.2092880755662918,0.017676500603556633,0.007411843165755272,0.015575522556900978,0.010087434202432632,0.029577992856502533,0.06990873068571091,0.05648288130760193,0.006483688950538635,0.03882822394371033
338,11.266666666666667,,,,insightface_bbox,0.7064065337181091,149.88356018066406,894.4605712890625,1011.8795776367188,2382.80029296875,0,0,1,0,0,0,0,0,0,1,0,0,0.040584538131952286,0.022802410647273064,0.20831209421157837,0.017425118014216423,0.007446445059031248,0.015780379995703697,0.010017133317887783,0.028949663043022156,0.07009395956993103,0.05735844746232033,0.0066530476324260235,0.039387576282024384
339,11.3,,,,insightface_bbox,0.7064065337181091,149.88356018066406,894.4605712890625,1011.8795776367188,2382.80029296875,0,0,1,0,0,0,0,0,0,1,0,0,0.04108680412173271,0.022596603259444237,0.21376846730709076,0.01664024405181408,0.007303000893443823,0.015758492052555084,0.009419722482562065,0.02567809261381626,0.06822985410690308,0.05678977444767952,0.00663016177713871,0.039212122559547424
340,11.333333333333334,,,,insightface_bbox,0.7064065337181091,149.88356018066406,894.4605712890625,1011.8795776367188,2382.80029296875,0,0,1,0,0,0,0,0,0,1,0,0,0.04051652550697327,0.022247442975640297,0.20310768485069275,0.01599380373954773,0.007017087657004595,0.01537039689719677,0.00843560416251421,0.024030759930610657,0.06428356468677521,0.053765084594488144,0.007201106753200293,0.03968537226319313
341,11.366666666666667,,,,insightface_bbox,0.7064065337181091,149.88356018066406,894.4605712890625,1011.8795776367188,2382.80029296875,0,0,1,0,0,0,0,0,0,1,0,0,0.04204621538519859,0.022856179624795914,0.20136086642742157,0.01606239750981331,0.007290558889508247,0.01570354774594307,0.008329317905008793,0.023444414138793945,0.062186188995838165,0.050841379910707474,0.007885917089879513,0.04193786531686783
342,11.4,,,,insightface_bbox,0.6664949655532837,139.61297607421875,885.5350952148438,1044.5335693359375,2387.439208984375,0,0,1,0,0,0,0,0,0,1,0,1,0.040528833866119385,0.01999361254274845,0.16009727120399475,0.015275148674845695,0.006683500483632088,0.014243368990719318,0.007851728238165379,0.024195292964577675,0.07758884131908417,0.05935370922088623,0.004348044283688068,0.03305373713374138
343,11.433333333333334,,,,insightface_bbox,0.6664949655532837,139.61297607421875,885.5350952148438,1044.5335693359375,2387.439208984375,0,0,1,0,0,0,0,0,0,1,0,1,0.04117918014526367,0.02083078771829605,0.16140148043632507,0.015838762745261192,0.0067772893235087395,0.014515824615955353,0.008335069753229618,0.02483467571437359,0.07660658657550812,0.05840817838907242,0.004797527566552162,0.034739844501018524
344,11.466666666666667,,,,insightface_bbox,0.6664949655532837,139.61297607421875,885.5350952148438,1044.5335693359375,2387.439208984375,0,0,1,0,0,0,0,0,0,1,0,0,0.039519645273685455,0.021532680839300156,0.15865927934646606,0.016645148396492004,0.006530411541461945,0.014028448611497879,0.008400388062000275,0.024795008823275566,0.07196255773305893,0.05483141168951988,0.004971252754330635,0.03419484943151474
345,11.5,,,,insightface_bbox,0.6664949655532837,139.61297607421875,885.5350952148438,1044.5335693359375,2387.439208984375,0,0,1,0,0,0,0,0,0,1,0,0,0.04882596805691719,0.028177764266729355,0.20524026453495026,0.025707857683300972,0.007614688482135534,0.017892558127641678,0.00969532411545515,0.030430298298597336,0.07569771260023117,0.05834374949336052,0.009141460061073303,0.04557839035987854
346,11.533333333333333,,,,insightface_bbox,0.6664949655532837,139.61297607421875,885.5350952148438,1044.5335693359375,2387.439208984375,0,0,1,0,0,0,0,0,0,1,0,0,0.04156544432044029,0.02289389818906784,0.18825678527355194,0.02059662900865078,0.006613543257117271,0.01699071191251278,0.008745220489799976,0.027864009141921997,0.07100147008895874,0.05897404998540878,0.00897052139043808,0.04341945797204971
347,11.566666666666666,,,,insightface_bbox,0.6664949655532837,139.61297607421875,885.5350952148438,1044.5335693359375,2387.439208984375,0,0,1,0,0,0,0,0,0,1,0,0,0.040134526789188385,0.022137705236673355,0.17865854501724243,0.01985791325569153,0.0064701419323682785,0.016536511480808258,0.008722919970750809,0.027154050767421722,0.06999519467353821,0.059601496905088425,0.008361425250768661,0.04171917214989662
348,11.6,,,,insightface_bbox,0.6772330403327942,119.72428894042969,868.8656005859375,1006.3518676757812,2456.046630859375,0,0,1,0,0,0,0,0,0,1,0,0,0.041431356221437454,0.023188188672065735,0.209186851978302,0.01941489242017269,0.00606163963675499,0.01632634736597538,0.008268986828625202,0.027443964034318924,0.06604800373315811,0.0595577098429203,0.007194799836724997,0.034490711987018585
349,11.633333333333333,,,,insightface_bbox,0.6772330403327942,119.72428894042969,868.8656005859375,1006.3518676757812,2456.046630859375,0,0,1,0,0,0,0,0,0,1,0,0,0.04564623534679413,0.026313409209251404,0.21903330087661743,0.02222142368555069,0.00688208919018507,0.017583172768354416,0.009211980737745762,0.030084867030382156,0.06570788472890854,0.059824567288160324,0.007909988984465599,0.03887269273400307
350,11.666666666666666,,,,insightface_bbox,0.6772330403327942,119.72428894042969,868.8656005859375,1006.3518676757812,2456.046630859375,0,0,1,0,0,0,0,0,0,1,0,0,0.046746138483285904,0.026629457250237465,0.21323414146900177,0.022311758249998093,0.007379511371254921,0.0179930180311203,0.009142664261162281,0.02905089408159256,0.06559848040342331,0.05565127730369568,0.008628482930362225,0.04172554612159729
351,11.7,,,,insightface_bbox,0.6772330403327942,119.72428894042969,868.8656005859375,1006.3518676757812,2456.046630859375,0,0,1,0,0,0,0,0,0,1,0,0,0.045014165341854095,0.023722687736153603,0.1942848563194275,0.019551679491996765,0.0070236194878816605,0.016961542889475822,0.00820276141166687,0.027663307264447212,0.06916742026805878,0.05653541535139084,0.007421123795211315,0.03947009891271591
352,11.733333333333333,,,,insightface_bbox,0.6772330403327942,119.72428894042969,868.8656005859375,1006.3518676757812,2456.046630859375,0,0,1,0,0,0,0,0,0,1,0,0,0.04136776924133301,0.021454166620969772,0.18003231287002563,0.017646020278334618,0.006891885306686163,0.01573314145207405,0.007395853288471699,0.02525424212217331,0.06812583655118942,0.05299649387598038,0.006137683056294918,0.035245440900325775
353,11.766666666666667,,,,insightface_bbox,0.6772330403327942,119.72428894042969,868.8656005859375,1006.3518676757812,2456.046630859375,0,0,1,0,0,0,0,0,0,1,0,0,0.03938254341483116,0.020550331100821495,0.1711162030696869,0.016396231949329376,0.006596612744033337,0.01519559696316719,0.007068144157528877,0.024691598489880562,0.0655672550201416,0.05327162891626358,0.006056927144527435,0.03361254185438156
354,11.8,,,,insightface_bbox,0.686130166053772,111.07188415527344,862.5891723632812,1033.7216796875,2347.075927734375,0,0,1,0,0,0,0,0,0,1,0,0,0.03548889607191086,0.020151544362306595,0.12696103751659393,0.01756037026643753,0.006871771067380905,0.015530957840383053,0.007013837341219187,0.028217246755957603,0.07162001729011536,0.05762597173452377,0.005132104270160198,0.032328687608242035
355,11.833333333333334,,,,insightface_bbox,0.686130166053772,111.07188415527344,862.5891723632812,1033.7216796875,2347.075927734375,0,0,1,0,0,0,0,0,0,1,0,0,0.036873623728752136,0.020706791430711746,0.13684207201004028,0.01871718466281891,0.006629451178014278,0.015463896095752716,0.007086382247507572,0.027434388175606728,0.07101581990718842,0.05678830295801163,0.0055039068683981895,0.03319661691784859
356,11.866666666666667,,,,insightface_bbox,0.686130166053772,111.07188415527344,862.5891723632812,1033.7216796875,2347.075927734375,0,0,1,0,0,0,0,0,0,1,0,0,0.03478265926241875,0.019672103226184845,0.1220647320151329,0.017113737761974335,0.006380908191204071,0.014371929690241814,0.006779199466109276,0.02474285289645195,0.06759871542453766,0.05304356664419174,0.005223303567618132,0.03258588910102844
357,11.9,,,,insightface_bbox,0.686130166053772,111.07188415527344,862.5891723632812,1033.7216796875,2347.075927734375,0,0,1,0,0,0,0,0,0,1,0,0,0.03325522318482399,0.01857663132250309,0.11416500806808472,0.015103748068213463,0.006309791933745146,0.013770806603133678,0.007157753687351942,0.02286161482334137,0.06661245226860046,0.050971340388059616,0.004192193038761616,0.02932542748749256
358,11.933333333333334,,,,insightface_bbox,0.686130166053772,111.07188415527344,862.5891723632812,1033.7216796875,2347.075927734375,0,0,1,0,0,0,0,0,0,1,0,0,0.03341851010918617,0.01911815069615841,0.10656971484422684,0.014682505279779434,0.006305676884949207,0.013200629502534866,0.007097410969436169,0.022059602662920952,0.06418059021234512,0.05082402750849724,0.004198736045509577,0.029283739626407623
359,11.966666666666667,,,,insightface_bbox,0.686130166053772,111.07188415527344,862.5891723632812,1033.7216796875,2347.075927734375,0,0,1,0,0,0,0,0,0,1,0,0,0.03624524548649788,0.019663508981466293,0.11658601462841034,0.0154022928327322,0.0067429314367473125,0.014147954061627388,0.008370510302484035,0.02319691702723503,0.06918144226074219,0.052298303693532944,0.004333593416959047,0.031003963202238083
360,12.0,,,,insightface_bbox,0.686159610748291,100.77002716064453,828.099609375,1029.0357666015625,2369.843017578125,0,0,1,0,0,0,0,0,0,1,0,0,0.03552250191569328,0.01840677484869957,0.11211612820625305,0.015611458569765091,0.006826563738286495,0.013962565921247005,0.008067019283771515,0.0230085551738739,0.07534073293209076,0.05678955838084221,0.0037044708151370287,0.0299517959356308
361,12.033333333333333,,,,insightface_bbox,0.686159610748291,100.77002716064453,828.099609375,1029.0357666015625,2369.843017578125,0,0,1,0,0,0,0,0,0,1,0,0,0.038318295031785965,0.019823256880044937,0.12386352568864822,0.017752723768353462,0.006757769733667374,0.01473965309560299,0.009490587748587132,0.024242021143436432,0.07832567393779755,0.05858512595295906,0.004471991211175919,0.03374183177947998
362,12.066666666666666,,,,insightface_bbox,0.686159610748291,100.77002716064453,828.099609375,1029.0357666015625,2369.843017578125,0,0,1,0,0,0,0,0,0,1,0,0,0.03801077976822853,0.019915319979190826,0.13301286101341248,0.016911311075091362,0.006417935714125633,0.015112590976059437,0.009581428952515125,0.023207345977425575,0.07539521157741547,0.05679858475923538,0.005178526509553194,0.034920621663331985
363,12.1,,,,insightface_bbox,0.686159610748291,100.77002716064453,828.099609375,1029.0357666015625,2369.843017578125,0,0,1,0,0,0,0,0,0,1,0,0,0.03750276938080788,0.0197703018784523,0.1201520785689354,0.015914861112833023,0.0061198812909424305,0.014904489740729332,0.008359547704458237,0.02234071120619774,0.07321485877037048,0.05702149495482445,0.005679667927324772,0.036891497671604156
364,12.133333333333333,,,,insightface_bbox,0.686159610748291,100.77002716064453,828.099609375,1029.0357666015625,2369.843017578125,0,0,1,0,0,0,0,0,0,1,0,0,0.03890593722462654,0.019787229597568512,0.12710356712341309,0.015477480366826057,0.005967271979898214,0.01639302261173725,0.007762974593788385,0.02222154103219509,0.07167975604534149,0.055683061480522156,0.007539005018770695,0.042287856340408325
365,12.166666666666666,,,,insightface_bbox,0.686159610748291,100.77002716064453,828.099609375,1029.0357666015625,2369.843017578125,0,0,1,0,0,0,0,0,0,1,0,0,0.0402677059173584,0.020760979503393173,0.13453829288482666,0.015950560569763184,0.0060598477721214294,0.017360825091600418,0.008082310669124126,0.02191813476383686,0.06875459849834442,0.052667662501335144,0.007632622495293617,0.04140286147594452
366,12.2,,,,insightface_bbox,0.7068971991539001,107.39236450195312,798.7586059570312,1041.9918212890625,2351.1962890625,0,0,1,0,0,0,0,0,0,1,0,0,0.042309876531362534,0.02166677452623844,0.15417760610580444,0.01721079833805561,0.0067733172327280045,0.021309982985258102,0.01041571144014597,0.02504493109881878,0.0780448168516159,0.06240728870034218,0.007205335423350334,0.042488183826208115
367,12.233333333333333,,,,insightface_bbox,0.7068971991539001,107.39236450195312,798.7586059570312,1041.9918212890625,2351.1962890625,0,0,1,0,0,0,0,0,0,1,0,0,0.04235576465725899,0.02099071629345417,0.15101464092731476,0.016778115183115005,0.006815942004323006,0.021474283188581467,0.010247275233268738,0.024193236604332924,0.07772301137447357,0.0602702870965004,0.007566975429654121,0.042618509382009506
368,12.266666666666667,,,,insightface_bbox,0.7068971991539001,107.39236450195312,798.7586059570312,1041.9918212890625,2351.1962890625,0,0,1,0,0,0,0,0,0,1,0,0,0.03995193541049957,0.02006502076983452,0.13527406752109528,0.016156017780303955,0.006454779766499996,0.018961260095238686,0.009596255607903004,0.022753920406103134,0.07371416687965393,0.05603419616818428,0.007144918665289879,0.04167572036385536
369,12.3,,,,insightface_bbox,0.7068971991539001,107.39236450195312,798.7586059570312,1041.9918212890625,2351.1962890625,0,0,1,0,0,0,0,0,0,1,0,0,0.03713388368487358,0.01915835216641426,0.1192636638879776,0.015468396246433258,0.00664195790886879,0.01935463584959507,0.008666195906698704,0.023877277970314026,0.07659032940864563,0.05988046154379845,0.006966243963688612,0.039999209344387054
370,12.333333333333334,,,,insightface_bbox,0.7068971991539001,107.39236450195312,798.7586059570312,1041.9918212890625,2351.1962890625,0,0,1,0,0,0,0,0,0,1,0,0,0.03419572114944458,0.017510060220956802,0.10878095030784607,0.01475801132619381,0.006387027911841869,0.01797519251704216,0.007834279909729958,0.0237477608025074,0.07785831391811371,0.06260925531387329,0.0070071774534881115,0.04023575782775879
371,12.366666666666667,,,,insightface_bbox,0.7068971991539001,107.39236450195312,798.7586059570312,1041.9918212890625,2351.1962890625,0,0,1,0,0,0,0,0,0,1,0,0,0.03425121679902077,0.0172535739839077,0.11054520308971405,0.015143775381147861,0.006584240589290857,0.017287477850914,0.007825706154108047,0.024032436311244965,0.07755955308675766,0.06306099146604538,0.007614435162395239,0.04484359174966812
372,12.4,,,,insightface_bbox,0.693214476108551,111.32176971435547,821.3751831054688,1035.297607421875,2322.21533203125,0,0,1,0,0,0,0,0,0,1,0,0,0.033070459961891174,0.01676248572766781,0.10732357203960419,0.013785292394459248,0.005566763691604137,0.01330422144383192,0.006293073296546936,0.020279718562960625,0.06679320335388184,0.051327407360076904,0.005407118704169989,0.037722937762737274
373,12.433333333333334,,,,insightface_bbox,0.693214476108551,111.32176971435547,821.3751831054688,1035.297607421875,2322.21533203125,0,0,1,0,0,0,0,0,0,1,0,0,0.035071227699518204,0.017365263774991035,0.11055036634206772,0.014121320098638535,0.006176677532494068,0.015871597453951836,0.007364561781287193,0.021851202473044395,0.07748330384492874,0.05770403519272804,0.00576845183968544,0.037493277341127396
374,12.466666666666667,,,,insightface_bbox,0.693214476108551,111.32176971435547,821.3751831054688,1035.297607421875,2322.21533203125,0,0,1,0,0,0,0,0,0,1,0,0,0.03470740467309952,0.017205122858285904,0.10732950270175934,0.013746069744229317,0.006107267923653126,0.015922192484140396,0.007948777638375759,0.021201904863119125,0.07497623562812805,0.05387333780527115,0.0061563896015286446,0.03594791889190674
375,12.5,,,,insightface_bbox,0.693214476108551,111.32176971435547,821.3751831054688,1035.297607421875,2322.21533203125,0,0,1,0,0,0,0,0,0,1,0,0,0.0330820232629776,0.016941513866186142,0.10539811104536057,0.013724032789468765,0.005873261019587517,0.014463100582361221,0.007150033954530954,0.02095731347799301,0.07164765894412994,0.0539681538939476,0.0064924331381917,0.03807530179619789
376,12.533333333333333,,,,insightface_bbox,0.693214476108551,111.32176971435547,821.3751831054688,1035.297607421875,2322.21533203125,0,0,1,0,0,0,0,0,0,1,0,0,0.032835040241479874,0.016559429466724396,0.10486751049757004,0.013207811862230301,0.005782529711723328,0.014405205845832825,0.0065515125170350075,0.020013144239783287,0.06779269874095917,0.05126243084669113,0.006559688597917557,0.037169452756643295
377,12.566666666666666,,,,insightface_bbox,0.693214476108551,111.32176971435547,821.3751831054688,1035.297607421875,2322.21533203125,0,0,1,0,0,0,0,0,0,1,0,0,0.032720014452934265,0.01674438826739788,0.09974516183137894,0.012864530086517334,0.00561542296782136,0.013722564093768597,0.006217414513230324,0.019095495343208313,0.06386806070804596,0.048482298851013184,0.006348264869302511,0.036381419748067856
378,12.6,,,,insightface_bbox,0.719291090965271,112.10446166992188,811.045166015625,1058.050537109375,2319.433837890625,0,0,1,0,0,0,0,0,0,1,0,0,0.032665178179740906,0.016961775720119476,0.09928181022405624,0.014912791550159454,0.006220915354788303,0.01724057085812092,0.008165542967617512,0.023576142266392708,0.07325632870197296,0.06353725492954254,0.01081259734928608,0.045604538172483444
379,12.633333333333333,,,,insightface_bbox,0.719291090965271,112.10446166992188,811.045166015625,1058.050537109375,2319.433837890625,0,0,1,0,0,0,0,0,0,1,0,0,0.03204639256000519,0.016458231955766678,0.10353727638721466,0.01437549851834774,0.0061494093388319016,0.017240241169929504,0.007613089866936207,0.023027870804071426,0.07307127863168716,0.06341589242219925,0.009538345970213413,0.04261425882577896
380,12.666666666666666,,,,insightface_bbox,0.719291090965271,112.10446166992188,811.045166015625,1058.050537109375,2319.433837890625,0,0,1,0,0,0,0,0,0,1,0,0,0.03289170563220978,0.016914254054427147,0.10765792429447174,0.014992869459092617,0.006106982938945293,0.018069744110107422,0.008317209780216217,0.02379409596323967,0.07379479706287384,0.06437855958938599,0.010453765280544758,0.04440474510192871
381,12.7,,,,insightface_bbox,0.719291090965271,112.10446166992188,811.045166015625,1058.050537109375,2319.433837890625,0,0,1,0,0,0,0,0,0,1,0,0,0.03370171785354614,0.017381576821208,0.11128830909729004,0.015047423541545868,0.0060758744366467,0.019298523664474487,0.008922606706619263,0.02365696243941784,0.07429562509059906,0.06663454324007034,0.010485240258276463,0.043517839163541794
382,12.733333333333333,,,,insightface_bbox,0.719291090965271,112.10446166992188,811.045166015625,1058.050537109375,2319.433837890625,0,0,1,0,0,0,0,0,0,1,0,0,0.03466292470693588,0.017692431807518005,0.12103839218616486,0.015356810763478279,0.006396223790943623,0.02115694433450699,0.0089827636256814,0.02523026615381241,0.07818301022052765,0.07049829512834549,0.010836996138095856,0.04424900561571121
383,12.766666666666667,,,,insightface_bbox,0.719291090965271,112.10446166992188,811.045166015625,1058.050537109375,2319.433837890625,0,0,1,0,0,0,0,0,0,1,0,0,0.03687121346592903,0.01889585331082344,0.14107730984687805,0.0167869683355093,0.006800743285566568,0.0233998354524374,0.009878231212496758,0.02718452364206314,0.0785362720489502,0.07295659184455872,0.013387160375714302,0.04768151417374611
384,12.8,,,,insightface_bbox,0.6921169757843018,101.08564758300781,792.9738159179688,1035.6390380859375,2366.117431640625,0,0,1,0,0,0,0,0,0,1,0,0,0.03851522505283356,0.019545067101716995,0.13815993070602417,0.017693456262350082,0.007401986513286829,0.021334756165742874,0.010880502872169018,0.028674239292740822,0.08678828179836273,0.07537560164928436,0.00712468521669507,0.04360860586166382
385,12.833333333333334,,,,insightface_bbox,0.6921169757843018,101.08564758300781,792.9738159179688,1035.6390380859375,2366.117431640625,0,0,1,0,0,0,0,0,0,1,0,0,0.04029325768351555,0.020451046526432037,0.1372881382703781,0.019842803478240967,0.007686153054237366,0.021954866126179695,0.013156550005078316,0.029894934967160225,0.08151992410421371,0.07368864119052887,0.010242721065878868,0.044304899871349335
386,12.866666666666667,,,,insightface_bbox,0.6921169757843018,101.08564758300781,792.9738159179688,1035.6390380859375,2366.117431640625,0,0,1,0,0,0,0,0,0,1,0,0,0.03119209036231041,0.016522284597158432,0.10582070797681808,0.014503832906484604,0.006237998139113188,0.015347784385085106,0.00905521772801876,0.022870561107993126,0.07262071967124939,0.05994487181305885,0.004665088374167681,0.029280448332428932
387,12.9,,,,insightface_bbox,0.6921169757843018,101.08564758300781,792.9738159179688,1035.6390380859375,2366.117431640625,0,0,1,0,0,0,0,0,0,1,0,0,0.03144523501396179,0.0167416762560606,0.10984615981578827,0.014970384538173676,0.006473779212683439,0.014355069026350975,0.007606785744428635,0.023135818541049957,0.07269730418920517,0.060469988733530045,0.0047722854651510715,0.028845738619565964
388,12.933333333333334,,,,insightface_bbox,0.6921169757843018,101.08564758300781,792.9738159179688,1035.6390380859375,2366.117431640625,0,0,1,0,0,0,0,0,0,1,0,0,0.03359541669487953,0.017656514421105385,0.11438725888729095,0.01566978357732296,0.007037231232970953,0.015283197164535522,0.0077503337524831295,0.02493247762322426,0.06659163534641266,0.06283258646726608,0.006819987669587135,0.030600327998399734
389,12.966666666666667,,,,insightface_bbox,0.6921169757843018,101.08564758300781,792.9738159179688,1035.6390380859375,2366.117431640625,0,0,1,0,0,0,0,0,0,1,0,0,0.03360692039132118,0.018280427902936935,0.11846178025007248,0.01622377149760723,0.0074026137590408325,0.016660042107105255,0.008352061733603477,0.027796786278486252,0.06794688105583191,0.06931358575820923,0.007963151670992374,0.03022013232111931
390,13.0,,,,insightface_bbox,0.6644301414489746,104.11585235595703,859.4932861328125,1007.218017578125,2496.253662109375,0,0,1,0,0,0,0,0,0,1,0,0,0.03745454177260399,0.020518384873867035,0.17187871038913727,0.016890060156583786,0.0061995345167815685,0.016505999490618706,0.008330793119966984,0.024350635707378387,0.0646362453699112,0.06215851381421089,0.006470195017755032,0.029939204454421997
391,13.033333333333333,,,,insightface_bbox,0.6644301414489746,104.11585235595703,859.4932861328125,1007.218017578125,2496.253662109375,0,0,1,0,0,0,0,0,0,1,0,0,0.03879326209425926,0.021836817264556885,0.15476945042610168,0.020041707903146744,0.006884206552058458,0.015605909749865532,0.008944323286414146,0.02452891319990158,0.062154944986104965,0.05785126984119415,0.0078018526546657085,0.03851654380559921
392,13.066666666666666,,,,insightface_bbox,0.6644301414489746,104.11585235595703,859.4932861328125,1007.218017578125,2496.253662109375,0,0,1,0,0,0,0,0,0,1,0,0,0.03805610164999962,0.020410649478435516,0.14625054597854614,0.018291452899575233,0.006671273615211248,0.014958418905735016,0.006990810856223106,0.022698599845170975,0.06180018559098244,0.050764624029397964,0.007787294685840607,0.03947065770626068
393,13.1,,,,insightface_bbox,0.6644301414489746,104.11585235595703,859.4932861328125,1007.218017578125,2496.253662109375,0,0,1,0,0,0,0,0,0,1,0,0,0.03721002861857414,0.02010485529899597,0.14253109693527222,0.017490576952695847,0.0069234948605299,0.014188294298946857,0.00683413865044713,0.022363269701600075,0.063070148229599,0.050686951726675034,0.00626830430701375,0.03773792088031769
394,13.133333333333333,,,,insightface_bbox,0.6644301414489746,104.11585235595703,859.4932861328125,1007.218017578125,2496.253662109375,0,0,1,0,0,0,0,0,0,1,0,0,0.039998143911361694,0.022027883678674698,0.1510426551103592,0.019215986132621765,0.007422841619700193,0.014827948063611984,0.007123942486941814,0.02394992858171463,0.06837370991706848,0.053213756531476974,0.00708552123978734,0.04105834662914276
395,13.166666666666666,,,,insightface_bbox,0.6644301414489746,104.11585235595703,859.4932861328125,1007.218017578125,2496.253662109375,0,0,1,0,0,0,0,0,0,1,0,0,0.038663946092128754,0.020892690867185593,0.14644865691661835,0.017151623964309692,0.007231197785586119,0.014237288385629654,0.006275096908211708,0.023851852864027023,0.0676783099770546,0.05150497704744339,0.006353672593832016,0.03851023316383362
396,13.2,,,,insightface_bbox,0.690031886100769,111.03831481933594,870.4439697265625,1018.1434326171875,2337.173583984375,0,0,1,0,0,0,0,0,0,1,0,0,0.04311615973711014,0.022360997274518013,0.1830172836780548,0.018884215503931046,0.007768675684928894,0.016098711639642715,0.007291447836905718,0.02518654055893421,0.06598933041095734,0.052004456520080566,0.006873043719679117,0.03988335281610489
397,13.233333333333333,,,,insightface_bbox,0.690031886100769,111.03831481933594,870.4439697265625,1018.1434326171875,2337.173583984375,0,0,1,0,0,0,0,0,0,1,0,0,0.043481841683387756,0.0216825008392334,0.20777909457683563,0.018637828528881073,0.007836507633328438,0.016637582331895828,0.007169903255999088,0.026206884533166885,0.06844696402549744,0.05263857543468475,0.007445810362696648,0.041848406195640564
398,13.266666666666667,,,,insightface_bbox,0.690031886100769,111.03831481933594,870.4439697265625,1018.1434326171875,2337.173583984375,0,0,1,0,0,0,0,0,0,1,0,0,0.04286966845393181,0.020937399938702583,0.20229122042655945,0.016565026715397835,0.007952089421451092,0.01741970330476761,0.006907162256538868,0.02568686567246914,0.06901326030492783,0.05097918584942818,0.007115084677934647,0.038446877151727676
399,13.3,,,,insightface_bbox,0.690031886100769,111.03831481933594,870.4439697265625,1018.1434326171875,2337.173583984375,0,0,1,0,0,0,0,0,0,1,0,0,0.042579635977745056,0.021626777946949005,0.2132064700126648,0.01714581996202469,0.007566025014966726,0.017457265406847,0.0074418592266738415,0.025986282154917717,0.06707781553268433,0.04845013841986656,0.0069139571860432625,0.03693336248397827
400,13.333333333333334,,,,insightface_bbox,0.690031886100769,111.03831481933594,870.4439697265625,1018.1434326171875,2337.173583984375,0,0,1,0,0,0,0,0,0,1,0,0,0.041348762810230255,0.020725075155496597,0.19945934414863586,0.01633869670331478,0.007466546259820461,0.017627866938710213,0.007120110094547272,0.026286376640200615,0.06735607236623764,0.052889883518218994,0.007057418581098318,0.03663306310772896
401,13.366666666666667,,,,insightface_bbox,0.690031886100769,111.03831481933594,870.4439697265625,1018.1434326171875,2337.173583984375,0,0,1,0,0,0,0,0,0,1,0,0,0.04217926412820816,0.021536657586693764,0.1936623454093933,0.017828207463026047,0.007566129323095083,0.01727735809981823,0.007412351667881012,0.02594875916838646,0.06793464720249176,0.055799178779125214,0.0073493593372404575,0.03906147554516792
402,13.4,,,,insightface_bbox,0.7234538793563843,115.55928802490234,876.131591796875,1029.2864990234375,2308.341552734375,0,0,1,0,0,0,0,0,0,1,0,0,0.040545687079429626,0.021797943860292435,0.16444498300552368,0.01757189817726612,0.007978003472089767,0.01938648335635662,0.008366267196834087,0.029079390689730644,0.07363151013851166,0.06316258758306503,0.008680046536028385,0.03817366063594818
403,13.433333333333334,,,,insightface_bbox,0.7234538793563843,115.55928802490234,876.131591796875,1029.2864990234375,2308.341552734375,0,0,1,0,0,0,0,0,0,1,0,0,0.043965037912130356,0.02354889176785946,0.1672573983669281,0.020272336900234222,0.008532769978046417,0.021209707483649254,0.009672046639025211,0.03169315308332443,0.07953236997127533,0.06701599061489105,0.011671819724142551,0.04260225221514702
404,13.466666666666667,,,,insightface_bbox,0.7234538793563843,115.55928802490234,876.131591796875,1029.2864990234375,2308.341552734375,0,0,1,0,0,0,0,0,0,1,0,0,0.04058075696229935,0.022180845960974693,0.14536052942276,0.018856443464756012,0.008121730759739876,0.018244655802845955,0.00895814411342144,0.027712790295481682,0.07473241537809372,0.06201443821191788,0.007934501394629478,0.03748594969511032
405,13.5,,,,insightface_bbox,0.7234538793563843,115.55928802490234,876.131591796875,1029.2864990234375,2308.341552734375,0,0,1,0,0,0,0,0,0,1,0,0,0.03826317936182022,0.020904259756207466,0.14618931710720062,0.017289062961935997,0.0077504548244178295,0.01630115881562233,0.008331098593771458,0.024742968380451202,0.07069185376167297,0.05752699449658394,0.00576900877058506,0.0351075641810894
406,13.533333333333333,,,,insightface_bbox,0.7234538793563843,115.55928802490234,876.131591796875,1029.2864990234375,2308.341552734375,0,0,1,0,0,0,0,0,0,1,0,0,0.03689747303724289,0.01978830248117447,0.14721977710723877,0.01567879132926464,0.007817141711711884,0.01561268325895071,0.007948262616991997,0.023971203714609146,0.07154829055070877,0.05586794763803482,0.004258097615092993,0.0330272875726223
407,13.566666666666666,,,,insightface_bbox,0.7234538793563843,115.55928802490234,876.131591796875,1029.2864990234375,2308.341552734375,0,0,1,0,0,0,0,0,0,1,0,0,0.03721349313855171,0.01977447234094143,0.14827771484851837,0.015875015407800674,0.007728126831352711,0.015426019206643105,0.007505554240196943,0.024654584005475044,0.07339630275964737,0.0552610345184803,0.004279937595129013,0.032949842512607574
408,13.6,,,,insightface_bbox,0.6862843036651611,109.40276336669922,831.0035400390625,1026.74658203125,2380.69921875,0,0,1,0,0,0,0,0,0,1,0,0,0.040985673666000366,0.02262832783162594,0.17453008890151978,0.018586643040180206,0.008497740142047405,0.017896343022584915,0.008588929660618305,0.028648218140006065,0.07774337381124496,0.05913427099585533,0.006112054921686649,0.039748966693878174
409,13.633333333333333,,,,insightface_bbox,0.6862843036651611,109.40276336669922,831.0035400390625,1026.74658203125,2380.69921875,0,0,1,0,0,0,0,0,0,1,0,0,0.0395013689994812,0.021826952695846558,0.15957412123680115,0.01757633127272129,0.008099254220724106,0.01706470362842083,0.008726072497665882,0.026726340875029564,0.07499972730875015,0.056299008429050446,0.005801156163215637,0.037740133702754974
410,13.666666666666666,,,,insightface_bbox,0.6862843036651611,109.40276336669922,831.0035400390625,1026.74658203125,2380.69921875,0,0,1,0,0,0,0,0,0,1,0,0,0.03814509138464928,0.021898744627833366,0.15159642696380615,0.017227638512849808,0.0075838444754481316,0.016410499811172485,0.00819898210465908,0.026528265327215195,0.07365891337394714,0.05574921518564224,0.0056352149695158005,0.03569699078798294
411,13.7,,,,insightface_bbox,0.6862843036651611,109.40276336669922,831.0035400390625,1026.74658203125,2380.69921875,0,0,1,0,0,0,0,0,0,1,0,0,0.03805290907621384,0.021931258961558342,0.15825553238391876,0.017682529985904694,0.0076257833279669285,0.01653330586850643,0.00797165185213089,0.027081158012151718,0.0751628577709198,0.057542506605386734,0.0056111766025424,0.03482671082019806
412,13.733333333333333,,,,insightface_bbox,0.6862843036651611,109.40276336669922,831.0035400390625,1026.74658203125,2380.69921875,0,0,1,0,0,0,0,0,0,1,0,0,0.04132784157991409,0.02169971913099289,0.18784204125404358,0.01821007765829563,0.008097914047539234,0.017765145748853683,0.008097747340798378,0.028765330091118813,0.08112457394599915,0.0591699481010437,0.005716611165553331,0.03560139983892441
413,13.766666666666667,,,,insightface_bbox,0.6862843036651611,109.40276336669922,831.0035400390625,1026.74658203125,2380.69921875,0,0,1,0,0,0,0,0,0,1,0,0,0.04139765352010727,0.021090254187583923,0.195306658744812,0.018098201602697372,0.00808003731071949,0.017722249031066895,0.007904481142759323,0.02920960821211338,0.08117600530385971,0.058915916830301285,0.0057601602748036385,0.03514353930950165
414,13.8,,,,insightface_bbox,0.6913670301437378,99.90306854248047,831.3921508789062,1022.5907592773438,2357.932861328125,0,0,1,0,0,0,0,0,0,1,0,0,0.034811802208423615,0.018422147259116173,0.12707360088825226,0.015213044360280037,0.006833347491919994,0.014539971016347408,0.006942266598343849,0.026011120527982712,0.07051683217287064,0.05514131858944893,0.005103301256895065,0.03381558507680893
415,13.833333333333334,,,,insightface_bbox,0.6913670301437378,99.90306854248047,831.3921508789062,1022.5907592773438,2357.932861328125,0,0,1,0,0,0,0,0,0,1,0,0,0.03639131039381027,0.018780359998345375,0.11418591439723969,0.014552144333720207,0.006604086607694626,0.014755604788661003,0.007558254990726709,0.02445574477314949,0.06781754642724991,0.053712185472249985,0.005378889851272106,0.037697933614254
416,13.866666666666667,,,,insightface_bbox,0.6913670301437378,99.90306854248047,831.3921508789062,1022.5907592773438,2357.932861328125,0,0,1,0,0,0,0,0,0,1,0,0,0.035894691944122314,0.01816335693001747,0.09533270448446274,0.015277866274118423,0.0062210275791585445,0.01457684300839901,0.0075763193890452385,0.024033235386013985,0.07260937988758087,0.05639220029115677,0.006547074299305677,0.04044702649116516
417,13.9,,,,insightface_bbox,0.6913670301437378,99.90306854248047,831.3921508789062,1022.5907592773438,2357.932861328125,0,0,1,0,0,0,0,0,0,1,0,0,0.0363268181681633,0.018972070887684822,0.09277202188968658,0.016163336113095284,0.006297819782048464,0.015555154532194138,0.007389109581708908,0.024643942713737488,0.07333660125732422,0.05900818482041359,0.008038293570280075,0.04327661916613579
418,13.933333333333334,,,,insightface_bbox,0.6913670301437378,99.90306854248047,831.3921508789062,1022.5907592773438,2357.932861328125,0,0,1,0,0,0,0,0,0,1,0,0,0.0338120311498642,0.017382783815264702,0.08810102194547653,0.014779146760702133,0.0059690517373383045,0.016483014449477196,0.006719817407429218,0.02466818131506443,0.0740380808711052,0.06150560826063156,0.008373778313398361,0.041712190955877304
419,13.966666666666667,,,,insightface_bbox,0.6913670301437378,99.90306854248047,831.3921508789062,1022.5907592773438,2357.932861328125,0,0,1,0,0,0,0,0,0,1,0,0,0.03566594421863556,0.01857876591384411,0.09410865604877472,0.016047213226556778,0.006484016310423613,0.017657972872257233,0.007173256948590279,0.02566944807767868,0.07240653783082962,0.05835865065455437,0.011694240383803844,0.0485394224524498
420,14.0,,,,insightface_bbox,0.6800985932350159,114.15263366699219,757.3751831054688,1056.168212890625,2303.260986328125,0,0,1,0,0,0,0,0,0,1,0,0,0.04425685107707977,0.022230233997106552,0.14847004413604736,0.021250523626804352,0.00891497265547514,0.02475782297551632,0.01420500222593546,0.03364473208785057,0.08638688921928406,0.08398258686065674,0.018427835777401924,0.059843793511390686
421,14.033333333333333,,,,insightface_bbox,0.6800985932350159,114.15263366699219,757.3751831054688,1056.168212890625,2303.260986328125,0,0,1,0,0,0,0,0,0,1,0,0,0.042418189346790314,0.02113332971930504,0.1453227996826172,0.02075166441500187,0.008680219762027264,0.024615952745079994,0.014105347916483879,0.034518979489803314,0.08838110417127609,0.08591345697641373,0.01757194846868515,0.058082979172468185
422,14.066666666666666,,,,insightface_bbox,0.6800985932350159,114.15263366699219,757.3751831054688,1056.168212890625,2303.260986328125,0,0,1,0,0,0,0,0,0,1,0,0,0.04095893353223801,0.02073061652481556,0.1431032419204712,0.020729171112179756,0.008368080481886864,0.02649822272360325,0.01282922551035881,0.03455477952957153,0.0857316106557846,0.08530823886394501,0.0209340900182724,0.059296268969774246
423,14.1,,,,insightface_bbox,0.6800985932350159,114.15263366699219,757.3751831054688,1056.168212890625,2303.260986328125,0,0,1,0,0,0,0,0,0,1,0,0,0.038517724722623825,0.018721817061305046,0.15102270245552063,0.01883532479405403,0.008093769662082195,0.023427048698067665,0.011607571505010128,0.03502534329891205,0.08486344665288925,0.08328043669462204,0.014809495769441128,0.04841025546193123
424,14.133333333333333,,,,insightface_bbox,0.6800985932350159,114.15263366699219,757.3751831054688,1056.168212890625,2303.260986328125,0,0,1,0,0,0,0,0,0,1,0,0,0.03756268322467804,0.01866377890110016,0.15897396206855774,0.01768368110060692,0.007173741236329079,0.020828422158956528,0.011631758883595467,0.031306300312280655,0.07482577115297318,0.0713169202208519,0.00960688479244709,0.03738400340080261
425,14.166666666666666,,,,insightface_bbox,0.6800985932350159,114.15263366699219,757.3751831054688,1056.168212890625,2303.260986328125,0,0,1,0,0,0,0,0,0,1,0,0,0.03407735005021095,0.017412196844816208,0.13319018483161926,0.015967825427651405,0.006438189186155796,0.017324648797512054,0.008718748576939106,0.029951438307762146,0.06899593770503998,0.06199691817164421,0.006731112953275442,0.029851645231246948
426,14.2,,,,insightface_bbox,0.6828452348709106,83.6043701171875,719.7114868164062,1004.486572265625,2430.174560546875,0,0,1,0,0,0,0,0,0,1,0,0,0.03552250191569328,0.018627194687724113,0.1268138587474823,0.016397058963775635,0.006549048237502575,0.01544189639389515,0.007327866740524769,0.02550724521279335,0.06920710951089859,0.05399499088525772,0.006880234461277723,0.030476747080683708
427,14.233333333333333,,,,insightface_bbox,0.6828452348709106,83.6043701171875,719.7114868164062,1004.486572265625,2430.174560546875,0,0,1,0,0,0,0,0,0,1,0,0,0.03623433783650398,0.01877106912434101,0.14298371970653534,0.016871880739927292,0.006457995157688856,0.015859516337513924,0.006834177300333977,0.026917003095149994,0.0666385293006897,0.05375367030501366,0.0075232600793242455,0.03234388679265976
428,14.266666666666667,,,,insightface_bbox,0.6828452348709106,83.6043701171875,719.7114868164062,1004.486572265625,2430.174560546875,0,0,1,0,0,0,0,0,0,1,0,0,0.034599754959344864,0.01779305562376976,0.13439424335956573,0.01569204032421112,0.006038252264261246,0.015152256935834885,0.006319427862763405,0.026942240074276924,0.06708333641290665,0.05463719740509987,0.006917112041264772,0.03057032637298107
429,14.3,,,,insightface_bbox,0.6828452348709106,83.6043701171875,719.7114868164062,1004.486572265625,2430.174560546875,0,0,1,0,0,0,0,0,0,1,0,0,0.037138015031814575,0.01902400702238083,0.1347273290157318,0.01647104136645794,0.006039390340447426,0.015631025657057762,0.007206553593277931,0.026155581697821617,0.06677263230085373,0.05255338177084923,0.007063837256282568,0.031070003286004066
430,14.333333333333334,,,,insightface_bbox,0.6828452348709106,83.6043701171875,719.7114868164062,1004.486572265625,2430.174560546875,0,0,1,0,0,0,0,0,0,1,0,0,0.03410919010639191,0.016518201678991318,0.11130781471729279,0.014041602611541748,0.005466875620186329,0.01288999617099762,0.006479266099631786,0.023062195628881454,0.06823533773422241,0.05164271220564842,0.004020971711724997,0.027770262211561203
431,14.366666666666667,,,,insightface_bbox,0.6828452348709106,83.6043701171875,719.7114868164062,1004.486572265625,2430.174560546875,0,0,1,0,0,0,0,0,0,1,0,0,0.03109745867550373,0.015819890424609184,0.09625651687383652,0.013213333673775196,0.005315705202519894,0.011620013043284416,0.005845797248184681,0.02249969355762005,0.06385386735200882,0.05046893656253815,0.0036739427596330643,0.028066055849194527
432,14.4,,,,insightface_bbox,0.6586711406707764,84.65682220458984,791.6856079101562,1040.7667236328125,2306.634765625,0,0,1,0,0,0,0,0,0,1,0,0,0.03917740657925606,0.019969649612903595,0.15675045549869537,0.01925644651055336,0.007289090193808079,0.019306296482682228,0.011865812353789806,0.035233475267887115,0.07960087805986404,0.08144772052764893,0.012900574132800102,0.04782138392329216
433,14.433333333333334,,,,insightface_bbox,0.6586711406707764,84.65682220458984,791.6856079101562,1040.7667236328125,2306.634765625,0,0,1,0,0,0,0,0,0,1,0,0,0.03829412907361984,0.019439760595560074,0.14696626365184784,0.018350249156355858,0.007082606665790081,0.01856202445924282,0.011382315307855606,0.030310170724987984,0.0761062502861023,0.07443039864301682,0.011082781478762627,0.04274476319551468
434,14.466666666666667,,,,insightface_bbox,0.6586711406707764,84.65682220458984,791.6856079101562,1040.7667236328125,2306.634765625,0,0,1,0,0,0,0,0,0,1,0,0,0.039679139852523804,0.019526679068803787,0.15715616941452026,0.018864372745156288,0.0069707902148365974,0.019369961693882942,0.012178829871118069,0.030135255306959152,0.07684402167797089,0.07577767223119736,0.01136917993426323,0.044105444103479385
435,14.5,,,,insightface_bbox,0.6586711406707764,84.65682220458984,791.6856079101562,1040.7667236328125,2306.634765625,0,0,1,0,0,0,0,0,0,1,0,0,0.0436757355928421,0.02119641937315464,0.15389752388000488,0.020399009808897972,0.007535656914114952,0.021824173629283905,0.012893067672848701,0.03220610320568085,0.08085515350103378,0.07995271682739258,0.016134178265929222,0.052161846309900284
436,14.533333333333333,,,,insightface_bbox,0.6586711406707764,84.65682220458984,791.6856079101562,1040.7667236328125,2306.634765625,0,0,1,0,0,0,0,0,0,1,0,0,0.04302769526839256,0.02126704715192318,0.1561662256717682,0.020884744822978973,0.0073990412056446075,0.023381497710943222,0.012859977781772614,0.03129842132329941,0.0790192112326622,0.0763167142868042,0.017761051654815674,0.05284997820854187
437,14.566666666666666,,,,insightface_bbox,0.6586711406707764,84.65682220458984,791.6856079101562,1040.7667236328125,2306.634765625,0,0,1,0,0,0,0,0,0,1,0,0,0.0409659817814827,0.020024050027132034,0.1588319092988968,0.02042015828192234,0.007487368769943714,0.02252017892897129,0.015587047673761845,0.03027406334877014,0.07576774060726166,0.07228062301874161,0.014654908329248428,0.049628835171461105
438,14.6,,,,insightface_bbox,0.720199465751648,105.55239868164062,784.5604248046875,1027.172607421875,2323.8330078125,0,0,1,0,0,0,0,0,0,1,0,0,0.031019290909171104,0.015625571832060814,0.1011059582233429,0.014719311147928238,0.0064079067669808865,0.013329654932022095,0.007554498501121998,0.026761338114738464,0.06942307949066162,0.053896620869636536,0.0050905304960906506,0.03447728604078293
439,14.633333333333333,,,,insightface_bbox,0.720199465751648,105.55239868164062,784.5604248046875,1027.172607421875,2323.8330078125,0,0,1,0,0,0,0,0,0,1,0,0,0.03166584670543671,0.0157527644187212,0.10156272351741791,0.013226279057562351,0.006119715049862862,0.011789079755544662,0.0059917038306593895,0.022251445800065994,0.0704926997423172,0.051131471991539,0.0030828341841697693,0.027429768815636635
440,14.666666666666666,,,,insightface_bbox,0.720199465751648,105.55239868164062,784.5604248046875,1027.172607421875,2323.8330078125,0,0,1,0,0,0,0,0,0,1,0,0,0.03495638817548752,0.017606915906071663,0.13197822868824005,0.016147971153259277,0.007305653765797615,0.015159138478338718,0.009021168574690819,0.025443337857723236,0.06493622064590454,0.05551459267735481,0.005365859251469374,0.03223597630858421
441,14.7,,,,insightface_bbox,0.720199465751648,105.55239868164062,784.5604248046875,1027.172607421875,2323.8330078125,0,0,1,0,0,0,0,0,0,1,0,0,0.037475019693374634,0.017757026478648186,0.11810056865215302,0.01589161716401577,0.006581130437552929,0.013965805992484093,0.00965571403503418,0.022358078509569168,0.06683504581451416,0.051514655351638794,0.004998337477445602,0.03154340013861656
442,14.733333333333333,,,,insightface_bbox,0.720199465751648,105.55239868164062,784.5604248046875,1027.172607421875,2323.8330078125,0,0,1,0,0,0,0,0,0,1,0,0,0.03619586303830147,0.01760353520512581,0.10761289298534393,0.014832749962806702,0.006211870349943638,0.01190965622663498,0.007312314584851265,0.021227147430181503,0.07194700092077255,0.051850348711013794,0.0033482182770967484,0.031340837478637695
443,14.766666666666667,,,,insightface_bbox,0.720199465751648,105.55239868164062,784.5604248046875,1027.172607421875,2323.8330078125,0,0,1,0,0,0,0,0,0,1,0,0,0.036478783935308456,0.01778990402817726,0.1034422218799591,0.015603787265717983,0.0062751565128564835,0.014529888518154621,0.007669009268283844,0.02315714955329895,0.07332303375005722,0.05831604450941086,0.006356867961585522,0.04002858325839043
444,14.8,,,,insightface_bbox,0.6965906620025635,91.56441497802734,780.98046875,1042.9169921875,2309.830322265625,0,0,1,0,0,0,0,0,0,1,0,0,0.044523343443870544,0.02191348187625408,0.1715916097164154,0.02046334743499756,0.009002799168229103,0.02398316189646721,0.015683427453041077,0.03214595466852188,0.08281658589839935,0.07544005662202835,0.015202546492218971,0.05103038623929024
445,14.833333333333334,,,,insightface_bbox,0.6965906620025635,91.56441497802734,780.98046875,1042.9169921875,2309.830322265625,0,0,1,0,0,0,0,0,0,1,0,0,0.04260488599538803,0.021054262295365334,0.16581368446350098,0.01961919479072094,0.008533854968845844,0.023051206022500992,0.014890970662236214,0.030100641772150993,0.08263177424669266,0.07309369742870331,0.013956617563962936,0.0480739064514637
446,14.866666666666667,,,,insightface_bbox,0.6965906620025635,91.56441497802734,780.98046875,1042.9169921875,2309.830322265625,0,0,1,0,0,0,0,0,0,1,0,0,0.03641995042562485,0.018993722274899483,0.13836465775966644,0.016902673989534378,0.006783297285437584,0.01948426105082035,0.010419612750411034,0.026839345693588257,0.07010278105735779,0.06604493409395218,0.012068073265254498,0.043818164616823196
447,14.9,,,,insightface_bbox,0.6965906620025635,91.56441497802734,780.98046875,1042.9169921875,2309.830322265625,0,0,1,0,0,0,0,0,0,1,0,0,0.03475276008248329,0.01855662651360035,0.1370350420475006,0.017011065036058426,0.007026101928204298,0.02050512656569481,0.010283314622938633,0.027978161349892616,0.06945846974849701,0.06820210814476013,0.012040205299854279,0.042675748467445374
448,14.933333333333334,,,,insightface_bbox,0.6965906620025635,91.56441497802734,780.98046875,1042.9169921875,2309.830322265625,0,0,1,0,0,0,0,0,0,1,0,0,0.04023073613643646,0.019346164539456367,0.15019485354423523,0.01876879297196865,0.00827156100422144,0.020445844158530235,0.013834958896040916,0.02994253858923912,0.07936564087867737,0.07149215042591095,0.013408243656158447,0.05008260905742645
449,14.966666666666667,,,,insightface_bbox,0.6965906620025635,91.56441497802734,780.98046875,1042.9169921875,2309.830322265625,0,0,1,0,0,0,0,0,0,1,0,0,0.041644416749477386,0.019533615559339523,0.15158747136592865,0.018544605001807213,0.00861355010420084,0.019288934767246246,0.013918709009885788,0.02933155745267868,0.08103826642036438,0.07064255326986313,0.011799554340541363,0.05236566439270973
450,15.0,,,,insightface_bbox,0.7013036608695984,88.36396026611328,783.3304443359375,1049.909912109375,2332.959228515625,0,0,1,0,0,0,0,0,0,1,0,0,0.046562906354665756,0.02330290526151657,0.18191324174404144,0.02203484997153282,0.008868291974067688,0.025930441915988922,0.01763218268752098,0.03408149629831314,0.08857269585132599,0.08493191748857498,0.01575322076678276,0.053561870008707047
451,15.033333333333333,,,,insightface_bbox,0.7013036608695984,88.36396026611328,783.3304443359375,1049.909912109375,2332.959228515625,0,0,1,0,0,0,0,0,0,1,0,0,0.04337150231003761,0.02150612697005272,0.1654188632965088,0.019972389563918114,0.008832398802042007,0.024806905537843704,0.014979155734181404,0.033410631120204926,0.08735325932502747,0.08066054433584213,0.013660425320267677,0.04801482334733009
452,15.066666666666666,,,,insightface_bbox,0.7013036608695984,88.36396026611328,783.3304443359375,1049.909912109375,2332.959228515625,0,0,1,0,0,0,0,0,0,1,0,0,0.041898757219314575,0.02077927626669407,0.16955900192260742,0.01876918412744999,0.00731479749083519,0.023794058710336685,0.01274030189961195,0.02901194617152214,0.07633867859840393,0.06857985258102417,0.015290501527488232,0.04678629711270332
453,15.1,,,,insightface_bbox,0.7013036608695984,88.36396026611328,783.3304443359375,1049.909912109375,2332.959228515625,0,0,1,0,0,0,0,0,0,1,0,0,0.04005406051874161,0.019694631919264793,0.1588173806667328,0.01865829899907112,0.007462626323103905,0.023274388164281845,0.012716799974441528,0.02971654385328293,0.07290305942296982,0.06995048373937607,0.014550579711794853,0.043827611953020096
454,15.133333333333333,,,,insightface_bbox,0.7013036608695984,88.36396026611328,783.3304443359375,1049.909912109375,2332.959228515625,0,0,1,0,0,0,0,0,0,1,0,0,0.03901845961809158,0.01947670988738537,0.15999509394168854,0.018289096653461456,0.007308663334697485,0.022716214880347252,0.011735497042536736,0.03081395849585533,0.07157580554485321,0.07025796175003052,0.012911016121506691,0.04257665574550629
455,15.166666666666666,,,,insightface_bbox,0.7013036608695984,88.36396026611328,783.3304443359375,1049.909912109375,2332.959228515625,0,0,1,0,0,0,0,0,0,1,0,0,0.04025685042142868,0.019910896196961403,0.1636771261692047,0.018137961626052856,0.007219401188194752,0.023495808243751526,0.0114784250035882,0.030690068379044533,0.07469401508569717,0.07521720230579376,0.013786912895739079,0.04518260061740875
456,15.2,,,,insightface_bbox,0.6768145561218262,76.10491943359375,778.7498168945312,1024.256103515625,2339.4169921875,0,0,1,0,0,0,0,0,0,1,0,0,0.033298853784799576,0.01694333553314209,0.13056813180446625,0.015518632717430592,0.0069510149769485,0.01714226044714451,0.009158710017800331,0.026577142998576164,0.07099686563014984,0.06585191190242767,0.008752571418881416,0.04100331664085388
457,15.233333333333333,,,,insightface_bbox,0.6768145561218262,76.10491943359375,778.7498168945312,1024.256103515625,2339.4169921875,0,0,1,0,0,0,0,0,0,1,0,0,0.034837283194065094,0.01740439608693123,0.12504521012306213,0.015067918226122856,0.007000802084803581,0.01683013327419758,0.008571840822696686,0.025823863223195076,0.07114796340465546,0.06415053457021713,0.008378012105822563,0.041509874165058136
458,15.266666666666667,,,,insightface_bbox,0.6768145561218262,76.10491943359375,778.7498168945312,1024.256103515625,2339.4169921875,0,0,1,0,0,0,0,0,0,1,0,0,0.033636778593063354,0.016628079116344452,0.11179797351360321,0.014129668474197388,0.006789292208850384,0.015144357457756996,0.007585011422634125,0.02379584312438965,0.06867393106222153,0.06108539178967476,0.0072693657130002975,0.03777004033327103
459,15.3,,,,insightface_bbox,0.6768145561218262,76.10491943359375,778.7498168945312,1024.256103515625,2339.4169921875,0,0,1,0,0,0,0,0,0,1,0,0,0.03580636531114578,0.017279691994190216,0.12173033505678177,0.014683706685900688,0.007028270047158003,0.015786275267601013,0.007845518179237843,0.024368634447455406,0.07290025055408478,0.06294681876897812,0.007660239934921265,0.04102011024951935
460,15.333333333333334,,,,insightface_bbox,0.6768145561218262,76.10491943359375,778.7498168945312,1024.256103515625,2339.4169921875,0,0,1,0,0,0,0,0,0,1,0,0,0.04075505584478378,0.019180521368980408,0.13698062300682068,0.01704946532845497,0.007885188795626163,0.0182083398103714,0.010368160903453827,0.026593271642923355,0.07935435324907303,0.06845083832740784,0.010587546043097973,0.04970904812216759
461,15.366666666666667,,,,insightface_bbox,0.6768145561218262,76.10491943359375,778.7498168945312,1024.256103515625,2339.4169921875,0,0,1,0,0,0,0,0,0,1,0,0,0.04286275804042816,0.020071979612112045,0.13390444219112396,0.017691489309072495,0.007886952720582485,0.018569909036159515,0.011458991095423698,0.027741558849811554,0.08337217569351196,0.06973883509635925,0.011402059346437454,0.05049963295459747
462,15.4,,,,insightface_bbox,0.7000817060470581,82.6591567993164,785.52294921875,1060.275390625,2328.728515625,0,0,1,0,0,0,0,0,0,1,0,0,0.06084606423974037,0.033215805888175964,0.21928326785564423,0.030002105981111526,0.012240288779139519,0.03388253226876259,0.03363325819373131,0.04270658642053604,0.10098900645971298,0.10908781737089157,0.01995760016143322,0.057561662048101425
463,15.433333333333334,,,,insightface_bbox,0.7000817060470581,82.6591567993164,785.52294921875,1060.275390625,2328.728515625,0,0,1,0,0,0,0,0,0,1,0,0,0.061808064579963684,0.032594360411167145,0.2265891283750534,0.029635967686772346,0.012474657967686653,0.03406950831413269,0.03268740326166153,0.04197539761662483,0.09684060513973236,0.10792796313762665,0.021331913769245148,0.0580347403883934
464,15.466666666666667,,,,insightface_bbox,0.7000817060470581,82.6591567993164,785.52294921875,1060.275390625,2328.728515625,0,0,1,0,0,0,0,0,0,1,0,0,0.06067582964897156,0.03212154656648636,0.2177509069442749,0.028928907588124275,0.012170052155852318,0.03326943516731262,0.031104695051908493,0.04184607416391373,0.09554248303174973,0.10880468785762787,0.020599808543920517,0.05683029070496559
465,15.5,,,,insightface_bbox,0.7000817060470581,82.6591567993164,785.52294921875,1060.275390625,2328.728515625,0,0,1,0,0,0,0,0,0,1,0,0,0.059929728507995605,0.03207872062921524,0.20910410583019257,0.028243817389011383,0.011774737387895584,0.031794555485248566,0.029857054352760315,0.040905311703681946,0.09452692419290543,0.10590430349111557,0.01953304000198841,0.055907104164361954
466,15.533333333333333,,,,insightface_bbox,0.7000817060470581,82.6591567993164,785.52294921875,1060.275390625,2328.728515625,0,0,1,0,0,0,0,0,0,1,0,0,0.05543222278356552,0.029536716639995575,0.18930846452713013,0.026012564077973366,0.010086286813020706,0.0290346872061491,0.024258937686681747,0.03932702913880348,0.08770496398210526,0.09890585392713547,0.018880169838666916,0.053935661911964417
467,15.566666666666666,,,,insightface_bbox,0.7000817060470581,82.6591567993164,785.52294921875,1060.275390625,2328.728515625,0,0,1,0,0,0,0,0,0,1,0,0,0.050806738436222076,0.02710297517478466,0.17522099614143372,0.023668281733989716,0.00904840137809515,0.026569178327918053,0.020193150267004967,0.03682958334684372,0.08178103715181351,0.09244228899478912,0.01703006401658058,0.05018584057688713
468,15.6,,,,insightface_bbox,0.7154437899589539,83.05315399169922,770.703125,1049.5069580078125,2313.355224609375,0,0,1,0,0,0,0,0,0,1,0,0,0.04627275466918945,0.0235915444791317,0.1656273752450943,0.0209956094622612,0.008790415711700916,0.026645425707101822,0.013976635411381721,0.03445328027009964,0.0825975239276886,0.08465782552957535,0.017299015074968338,0.04910958930850029
469,15.633333333333333,,,,insightface_bbox,0.7154437899589539,83.05315399169922,770.703125,1049.5069580078125,2313.355224609375,0,0,1,0,0,0,0,0,0,1,0,0,0.044304393231868744,0.022348379716277122,0.1577502191066742,0.02016565203666687,0.008748655207455158,0.024974532425403595,0.013875681906938553,0.03384797275066376,0.08197228610515594,0.08449012041091919,0.015028257854282856,0.04709232226014137
470,15.666666666666666,,,,insightface_bbox,0.7154437899589539,83.05315399169922,770.703125,1049.5069580078125,2313.355224609375,0,0,1,0,0,0,0,0,0,1,0,0,0.046455904841423035,0.024138767272233963,0.1683104932308197,0.021441355347633362,0.008914659731090069,0.02669268287718296,0.014717651531100273,0.03514869883656502,0.08522846549749374,0.08736751228570938,0.016836214810609818,0.047775961458683014
471,15.7,,,,insightface_bbox,0.7154437899589539,83.05315399169922,770.703125,1049.5069580078125,2313.355224609375,0,0,1,0,0,0,0,0,0,1,0,0,0.042971182614564896,0.021863477304577827,0.15508359670639038,0.018931370228528976,0.008263925090432167,0.023709192872047424,0.011245161294937134,0.032463476061820984,0.08253731578588486,0.08227024227380753,0.01442815363407135,0.04531662538647652
472,15.733333333333333,,,,insightface_bbox,0.7154437899589539,83.05315399169922,770.703125,1049.5069580078125,2313.355224609375,0,0,1,0,0,0,0,0,0,1,0,0,0.04274272173643112,0.021727975457906723,0.14744384586811066,0.018461579456925392,0.0086934519931674,0.02323712408542633,0.011107059195637703,0.031238269060850143,0.08053594082593918,0.0782664567232132,0.012600606307387352,0.043566517531871796
473,15.766666666666667,,,,insightface_bbox,0.7154437899589539,83.05315399169922,770.703125,1049.5069580078125,2313.355224609375,0,0,1,0,0,0,0,0,0,1,0,0,0.0429396852850914,0.021830391138792038,0.14938917756080627,0.01848374865949154,0.008484506979584694,0.02376628667116165,0.010593874379992485,0.03055010735988617,0.0798245519399643,0.07683583348989487,0.013288728892803192,0.045301467180252075
474,15.8,,,,insightface_bbox,0.6928988099098206,65.37066650390625,798.607421875,1051.472412109375,2319.379150390625,0,0,1,0,0,0,0,0,0,0,0,0,0.0544014535844326,0.030373644083738327,0.19424301385879517,0.0269736647605896,0.010144063271582127,0.029944412410259247,0.024911407381296158,0.03988873213529587,0.08896064013242722,0.09797629714012146,0.018262261524796486,0.051134224981069565
475,15.833333333333334,,,,insightface_bbox,0.6928988099098206,65.37066650390625,798.607421875,1051.472412109375,2319.379150390625,0,0,1,0,0,0,0,0,0,1,0,0,0.0558665469288826,0.031226666644215584,0.19605442881584167,0.027398034930229187,0.01065380871295929,0.03062089905142784,0.027215223759412766,0.040180400013923645,0.08840847760438919,0.09770900756120682,0.017399543896317482,0.0504399798810482
476,15.866666666666667,,,,insightface_bbox,0.6928988099098206,65.37066650390625,798.607421875,1051.472412109375,2319.379150390625,0,0,1,0,0,0,0,0,0,0,0,0,0.06100863963365555,0.03483035787940025,0.20724324882030487,0.031258951872587204,0.012063096277415752,0.03381609916687012,0.03639097884297371,0.04401015490293503,0.09361197054386139,0.11012385785579681,0.02000214159488678,0.05808037519454956
477,15.9,,,,insightface_bbox,0.6928988099098206,65.37066650390625,798.607421875,1051.472412109375,2319.379150390625,0,0,1,0,0,0,0,0,0,0,0,0,0.06611158698797226,0.037582848221063614,0.21724192798137665,0.03491479903459549,0.012201143428683281,0.03620969131588936,0.04215739294886589,0.04570093750953674,0.0951949805021286,0.11130940169095993,0.02671622857451439,0.06520406156778336
478,15.933333333333334,,,,insightface_bbox,0.6928988099098206,65.37066650390625,798.607421875,1051.472412109375,2319.379150390625,0,0,1,0,0,0,0,0,0,0,0,0,0.06710890680551529,0.03803647309541702,0.2284417748451233,0.035443998873233795,0.012478183954954147,0.03723281994462013,0.04744873195886612,0.04673108085989952,0.1035725474357605,0.11225525289773941,0.027392253279685974,0.06610474735498428
479,15.966666666666667,,,,insightface_bbox,0.6928988099098206,65.37066650390625,798.607421875,1051.472412109375,2319.379150390625,0,0,1,0,0,0,0,0,0,0,0,0,0.06929460912942886,0.03861939534544945,0.2459060549736023,0.03674132376909256,0.013775299303233624,0.039802685379981995,0.055373016744852066,0.048558130860328674,0.10052933543920517,0.11411941051483154,0.031954575330019,0.07056120038032532
480,16.0,,,,insightface_bbox,0.6733355522155762,74.99441528320312,822.7079467773438,1036.029052734375,2349.167236328125,0,0,1,0,0,0,0,0,0,1,0,0,0.044744230806827545,0.02184050902724266,0.16174599528312683,0.01876814104616642,0.008206143975257874,0.02115991711616516,0.012729696929454803,0.029482077807188034,0.08050420135259628,0.07368573546409607,0.012415250763297081,0.05337667465209961
481,16.033333333333335,,,,insightface_bbox,0.6733355522155762,74.99441528320312,822.7079467773438,1036.029052734375,2349.167236328125,0,0,1,0,0,0,0,0,0,1,0,0,0.04034610465168953,0.01950695924460888,0.14671123027801514,0.016918865963816643,0.0076871588826179504,0.01876784861087799,0.009913405403494835,0.028264380991458893,0.07560114562511444,0.06965669989585876,0.010513422079384327,0.0459333211183548
482,16.066666666666666,,,,insightface_bbox,0.6733355522155762,74.99441528320312,822.7079467773438,1036.029052734375,2349.167236328125,0,0,1,0,0,0,0,0,0,1,0,0,0.03842594474554062,0.01899801567196846,0.13643799722194672,0.01610591448843479,0.007461844943463802,0.018341097980737686,0.008169278502464294,0.02715284191071987,0.07472001761198044,0.0661211758852005,0.01066097803413868,0.043671563267707825
483,16.1,,,,insightface_bbox,0.6733355522155762,74.99441528320312,822.7079467773438,1036.029052734375,2349.167236328125,0,0,1,0,0,0,0,0,0,1,0,0,0.03808840364217758,0.01857013814151287,0.14163878560066223,0.015924258157610893,0.007301115430891514,0.018940268084406853,0.008076456375420094,0.027319902554154396,0.07644464075565338,0.06925942748785019,0.011401832103729248,0.047121137380599976
484,16.133333333333333,,,,insightface_bbox,0.6733355522155762,74.99441528320312,822.7079467773438,1036.029052734375,2349.167236328125,0,0,1,0,0,0,0,0,0,1,0,0,0.03663424775004387,0.018082145601511,0.1310112178325653,0.016077667474746704,0.007402826566249132,0.018448246642947197,0.00848044827580452,0.02907218039035797,0.07798948884010315,0.07172009348869324,0.011330652050673962,0.04932302609086037
485,16.166666666666668,,,,insightface_bbox,0.6733355522155762,74.99441528320312,822.7079467773438,1036.029052734375,2349.167236328125,0,0,1,0,0,0,0,0,0,1,0,0,0.03630663827061653,0.017957046627998352,0.13175277411937714,0.015874139964580536,0.00708132516592741,0.017794229090213776,0.008118228055536747,0.02906341291964054,0.07785534858703613,0.07178383320569992,0.010237292386591434,0.04730815440416336
486,16.2,,,,insightface_bbox,0.6843230724334717,74.14505767822266,806.4207153320312,1036.494140625,2327.0205078125,0,0,1,0,0,0,0,0,0,1,0,0,0.03850546106696129,0.01905326172709465,0.13719290494918823,0.016595251858234406,0.007359808776527643,0.018757037818431854,0.009024868719279766,0.029419198632240295,0.07738061994314194,0.07183912396430969,0.011136182583868504,0.048233386129140854
487,16.233333333333334,,,,insightface_bbox,0.6843230724334717,74.14505767822266,806.4207153320312,1036.494140625,2327.0205078125,0,0,1,0,0,0,0,0,0,1,0,0,0.03858102113008499,0.019115598872303963,0.13835908472537994,0.01666274294257164,0.007161728106439114,0.019090326502919197,0.00838114507496357,0.029985982924699783,0.07926689088344574,0.07443585246801376,0.011698258109390736,0.05033252760767937
488,16.266666666666666,,,,insightface_bbox,0.6843230724334717,74.14505767822266,806.4207153320312,1036.494140625,2327.0205078125,0,0,1,0,0,0,0,0,0,1,0,0,0.038266364485025406,0.019251864403486252,0.13276886940002441,0.01666921377182007,0.0069606732577085495,0.019243674352765083,0.008518139831721783,0.030373817309737206,0.08064623177051544,0.0746861919760704,0.011975163593888283,0.0498279370367527
489,16.3,,,,insightface_bbox,0.6843230724334717,74.14505767822266,806.4207153320312,1036.494140625,2327.0205078125,0,0,1,0,0,0,0,0,0,1,0,0,0.037703946232795715,0.01898065209388733,0.13224074244499207,0.016483493149280548,0.006866089534014463,0.018674012273550034,0.00844735000282526,0.02975315786898136,0.07860689610242844,0.0731387734413147,0.01160137727856636,0.048554785549640656
490,16.333333333333332,,,,insightface_bbox,0.6843230724334717,74.14505767822266,806.4207153320312,1036.494140625,2327.0205078125,0,0,1,0,0,0,0,0,0,1,0,0,0.03916799649596214,0.01959063485264778,0.1350189447402954,0.016904819756746292,0.007377669680863619,0.019449636340141296,0.009870928712189198,0.02872338332235813,0.0795666053891182,0.07179287821054459,0.011134544387459755,0.046809978783130646
491,16.366666666666667,,,,insightface_bbox,0.6843230724334717,74.14505767822266,806.4207153320312,1036.494140625,2327.0205078125,0,0,1,0,0,0,0,0,0,1,0,0,0.03803939372301102,0.019388968124985695,0.12880781292915344,0.017165392637252808,0.007507241331040859,0.019162872806191444,0.010954910889267921,0.02818496897816658,0.07640337198972702,0.06786240637302399,0.011120875366032124,0.043732188642024994
492,16.4,,,,insightface_bbox,0.6994502544403076,46.086273193359375,802.7073364257812,992.5551147460938,2344.5888671875,0,0,1,0,0,0,0,0,0,1,0,0,0.03416367620229721,0.0166009571403265,0.11861811578273773,0.014708536677062511,0.006912350654602051,0.016537107527256012,0.007501459680497646,0.026698950678110123,0.07221933454275131,0.06235335394740105,0.007207078859210014,0.03823425620794296
493,16.433333333333334,,,,insightface_bbox,0.6994502544403076,46.086273193359375,802.7073364257812,992.5551147460938,2344.5888671875,0,0,1,0,0,0,0,0,0,1,0,0,0.034249693155288696,0.01684972457587719,0.11464386433362961,0.014387886971235275,0.006783610209822655,0.016226178035140038,0.007727667223662138,0.025458382442593575,0.07192276418209076,0.06074760854244232,0.0058358414098620415,0.035240668803453445
494,16.466666666666665,,,,insightface_bbox,0.6994502544403076,46.086273193359375,802.7073364257812,992.5551147460938,2344.5888671875,0,0,1,0,0,0,0,0,0,1,0,0,0.03642219305038452,0.01813209429383278,0.13092337548732758,0.01590559631586075,0.007071590982377529,0.017748557031154633,0.010109299793839455,0.02649887651205063,0.07662209123373032,0.06562386453151703,0.006784596014767885,0.03851911053061485
495,16.5,,,,insightface_bbox,0.6994502544403076,46.086273193359375,802.7073364257812,992.5551147460938,2344.5888671875,0,0,1,0,0,0,0,0,0,1,0,0,0.043680109083652496,0.02052742801606655,0.16063669323921204,0.018986813724040985,0.007854009047150612,0.021382512524724007,0.014624040573835373,0.030574947595596313,0.08244830369949341,0.07207970321178436,0.011098796501755714,0.04981627315282822
496,16.533333333333335,,,,insightface_bbox,0.6994502544403076,46.086273193359375,802.7073364257812,992.5551147460938,2344.5888671875,0,0,1,0,0,0,0,0,0,1,0,0,0.04382652789354324,0.02060120739042759,0.17376624047756195,0.02020101621747017,0.008411387912929058,0.023115312680602074,0.013800146989524364,0.033830977976322174,0.08637931942939758,0.07767100632190704,0.014884407632052898,0.060131944715976715
497,16.566666666666666,,,,insightface_bbox,0.6994502544403076,46.086273193359375,802.7073364257812,992.5551147460938,2344.5888671875,0,0,1,0,0,0,0,0,0,1,0,0,0.04052833467721939,0.018714359030127525,0.1406499147415161,0.017686396837234497,0.007465994916856289,0.020245030522346497,0.010224449448287487,0.03152821585536003,0.09015307575464249,0.07864785194396973,0.010013402439653873,0.05403468757867813
498,16.6,,,,insightface_bbox,0.6511783003807068,87.48150634765625,821.0813598632812,1053.6646728515625,2389.2041015625,0,0,1,0,0,0,0,0,0,1,0,0,0.043150052428245544,0.022870751097798347,0.12097465991973877,0.021342679858207703,0.008218941278755665,0.02370716817677021,0.018150694668293,0.03476472944021225,0.08866675198078156,0.07881469279527664,0.018270157277584076,0.05493204668164253
499,16.633333333333333,,,,insightface_bbox,0.6511783003807068,87.48150634765625,821.0813598632812,1053.6646728515625,2389.2041015625,0,0,1,0,0,0,0,0,0,1,0,0,0.03898908197879791,0.020017821341753006,0.12581482529640198,0.019086046144366264,0.007586224004626274,0.022167174145579338,0.014306506142020226,0.0327763631939888,0.08347316831350327,0.07809744030237198,0.014988992363214493,0.0524432547390461
500,16.666666666666668,,,,insightface_bbox,0.6511783003807068,87.48150634765625,821.0813598632812,1053.6646728515625,2389.2041015625,0,0,1,0,0,0,0,0,0,1,0,0,0.0399971604347229,0.021531179547309875,0.12941224873065948,0.018999578431248665,0.007856780663132668,0.023384593427181244,0.011698352172970772,0.03252758830785751,0.08976717293262482,0.08843021094799042,0.01378212682902813,0.05340581759810448
501,16.7,,,,insightface_bbox,0.6511783003807068,87.48150634765625,821.0813598632812,1053.6646728515625,2389.2041015625,0,0,1,0,0,0,0,0,0,1,0,0,0.04326950013637543,0.024289367720484734,0.13942232728004456,0.021198362112045288,0.008705220185220242,0.025543440133333206,0.014672484248876572,0.0352252721786499,0.09485727548599243,0.09842339903116226,0.01477533858269453,0.054505959153175354
502,16.733333333333334,,,,insightface_bbox,0.6511783003807068,87.48150634765625,821.0813598632812,1053.6646728515625,2389.2041015625,0,0,1,0,0,0,0,0,0,1,0,0,0.04116823896765709,0.023534445092082024,0.14181633293628693,0.021010329946875572,0.009081187658011913,0.024139879271388054,0.014997517690062523,0.035199880599975586,0.09217293560504913,0.09637504070997238,0.013604396022856236,0.052111729979515076
503,16.766666666666666,,,,insightface_bbox,0.6511783003807068,87.48150634765625,821.0813598632812,1053.6646728515625,2389.2041015625,0,0,1,0,0,0,0,0,0,1,0,0,0.0458369106054306,0.025441115722060204,0.16324558854103088,0.02283122017979622,0.009963979944586754,0.025985457003116608,0.017919469624757767,0.03627878427505493,0.09802702069282532,0.09955517947673798,0.014966364949941635,0.05399700626730919
504,16.8,,,,insightface_bbox,0.708946168422699,95.02458190917969,847.2177734375,1069.624267578125,2319.392822265625,0,0,1,0,0,0,0,0,0,1,0,0,0.05793924629688263,0.03180995211005211,0.18205581605434418,0.029324663802981377,0.011487027630209923,0.03326959162950516,0.029580937698483467,0.0406639464199543,0.1062842607498169,0.11197732388973236,0.01901189424097538,0.05650754272937775
505,16.833333333333332,,,,insightface_bbox,0.708946168422699,95.02458190917969,847.2177734375,1069.624267578125,2319.392822265625,0,0,1,0,0,0,0,0,0,1,0,0,0.05755004286766052,0.03115890920162201,0.19699817895889282,0.027782553806900978,0.010631830431520939,0.03282658010721207,0.027077358216047287,0.03916669636964798,0.103898786008358,0.11291253566741943,0.01946030929684639,0.06040871515870094
506,16.866666666666667,,,,insightface_bbox,0.708946168422699,95.02458190917969,847.2177734375,1069.624267578125,2319.392822265625,0,0,1,0,0,0,0,0,0,1,0,0,0.0586831159889698,0.030726639553904533,0.20240861177444458,0.02797418273985386,0.010464206337928772,0.032518208026885986,0.027353841811418533,0.03918903321027756,0.10470609366893768,0.11349592357873917,0.020374467596411705,0.06294611096382141
507,16.9,,,,insightface_bbox,0.708946168422699,95.02458190917969,847.2177734375,1069.624267578125,2319.392822265625,0,0,1,0,0,0,0,0,0,1,0,0,0.052295174449682236,0.028134873136878014,0.18425284326076508,0.026490092277526855,0.010786017403006554,0.030398787930607796,0.02252606861293316,0.0405530110001564,0.10496488213539124,0.10814488679170609,0.019333679229021072,0.05971817672252655
508,16.933333333333334,,,,insightface_bbox,0.708946168422699,95.02458190917969,847.2177734375,1069.624267578125,2319.392822265625,0,0,1,0,0,0,0,0,0,1,0,0,0.052992966026067734,0.02861524373292923,0.18547311425209045,0.026918023824691772,0.01079162210226059,0.028455249965190887,0.02195928245782852,0.040414612740278244,0.10217194259166718,0.10388164222240448,0.02040071412920952,0.0617399625480175
509,16.966666666666665,,,,insightface_bbox,0.708946168422699,95.02458190917969,847.2177734375,1069.624267578125,2319.392822265625,0,0,1,0,0,0,0,0,0,1,0,0,0.052330438047647476,0.028131335973739624,0.19063326716423035,0.025802474468946457,0.010703032836318016,0.028235504403710365,0.020264413207769394,0.03997492045164108,0.10151923447847366,0.10136982798576355,0.02071455866098404,0.06184428930282593
510,17.0,,,,insightface_bbox,0.6357012391090393,75.22615051269531,846.2865600585938,1036.626953125,2379.533447265625,0,0,1,0,0,0,0,0,0,1,0,0,0.04617456719279289,0.023731188848614693,0.195833221077919,0.02206839993596077,0.009364207275211811,0.023913145065307617,0.01578924059867859,0.037641867995262146,0.08503006398677826,0.08269496262073517,0.01453970093280077,0.05639523267745972
511,17.033333333333335,,,,insightface_bbox,0.6357012391090393,75.22615051269531,846.2865600585938,1036.626953125,2379.533447265625,0,0,1,0,0,0,0,0,0,1,0,0,0.048836156725883484,0.024726949632167816,0.19715750217437744,0.02238980494439602,0.0092927236109972,0.026907773688435555,0.018501408398151398,0.036059845238924026,0.09027639031410217,0.08638125658035278,0.018460607156157494,0.053722091019153595
512,17.066666666666666,,,,insightface_bbox,0.6357012391090393,75.22615051269531,846.2865600585938,1036.626953125,2379.533447265625,0,0,1,0,0,0,0,0,0,1,0,0,0.050239741802215576,0.024596452713012695,0.2008354812860489,0.022264081984758377,0.009914509952068329,0.027967775240540504,0.018230661749839783,0.036703240126371384,0.09799824655056,0.08916790783405304,0.017490951344370842,0.0536450557410717
513,17.1,,,,insightface_bbox,0.6357012391090393,75.22615051269531,846.2865600585938,1036.626953125,2379.533447265625,0,0,1,0,0,0,0,0,0,1,0,0,0.050291795283555984,0.025875428691506386,0.18572641909122467,0.02440742403268814,0.009999582543969154,0.02782341092824936,0.02156526781618595,0.03954382613301277,0.09837606549263,0.09643897414207458,0.020688341930508614,0.06084457412362099
514,17.133333333333333,,,,insightface_bbox,0.6357012391090393,75.22615051269531,846.2865600585938,1036.626953125,2379.533447265625,0,0,1,0,0,0,0,0,0,1,0,0,0.05301884934306145,0.028446026146411896,0.20363682508468628,0.028700420632958412,0.009723377414047718,0.029732927680015564,0.026126593351364136,0.043526791036129,0.09624965488910675,0.10335787385702133,0.02847815677523613,0.07503239810466766
515,17.166666666666668,,,,insightface_bbox,0.6357012391090393,75.22615051269531,846.2865600585938,1036.626953125,2379.533447265625,0,0,1,0,0,0,0,0,0,1,0,0,0.04859735816717148,0.027265138924121857,0.18192268908023834,0.027554797008633614,0.00847624335438013,0.026920970529317856,0.018626950681209564,0.0403120331466198,0.08945056051015854,0.08972930908203125,0.029262246564030647,0.06712684035301208
516,17.2,,,,insightface_bbox,0.6580213308334351,116.74665069580078,863.8885498046875,1032.652099609375,2366.57421875,0,0,1,0,0,0,0,0,0,1,0,0,0.039783015847206116,0.021539080888032913,0.15943017601966858,0.02014116197824478,0.008306391537189484,0.0167568139731884,0.01121476199477911,0.02975001558661461,0.08272242546081543,0.06727270036935806,0.005887631326913834,0.043024271726608276
517,17.233333333333334,,,,insightface_bbox,0.6580213308334351,116.74665069580078,863.8885498046875,1032.652099609375,2366.57421875,0,0,1,0,0,0,0,0,0,1,0,0,0.037050988525152206,0.019289037212729454,0.15538828074932098,0.015162020921707153,0.007956648245453835,0.014109540730714798,0.008268773555755615,0.023941226303577423,0.0712602287530899,0.054373905062675476,0.004110109992325306,0.034651897847652435
518,17.266666666666666,,,,insightface_bbox,0.6580213308334351,116.74665069580078,863.8885498046875,1032.652099609375,2366.57421875,0,0,1,0,0,0,0,0,0,1,0,0,0.04099583253264427,0.020204978063702583,0.16761690378189087,0.01658623293042183,0.008327292278409004,0.015086806379258633,0.008991703391075134,0.025975029915571213,0.07492122054100037,0.05626972019672394,0.0046386681497097015,0.03648809343576431
519,17.3,,,,insightface_bbox,0.6580213308334351,116.74665069580078,863.8885498046875,1032.652099609375,2366.57421875,0,0,1,0,0,0,0,0,0,1,0,0,0.03981763869524002,0.020342368632555008,0.1529379040002823,0.01633106730878353,0.008369318209588528,0.015495935454964638,0.008754520677030087,0.024793574586510658,0.07334218174219131,0.0554041787981987,0.005107780918478966,0.03777095675468445
520,17.333333333333332,,,,insightface_bbox,0.6580213308334351,116.74665069580078,863.8885498046875,1032.652099609375,2366.57421875,0,0,1,0,0,0,0,0,0,1,0,0,0.037955380976200104,0.019866235554218292,0.14522597193717957,0.016412638127803802,0.008567051962018013,0.0156618170440197,0.008832016959786415,0.02441566064953804,0.07415260374546051,0.05756274238228798,0.005003795027732849,0.03779493644833565
521,17.366666666666667,,,,insightface_bbox,0.6580213308334351,116.74665069580078,863.8885498046875,1032.652099609375,2366.57421875,0,0,1,0,0,0,0,0,0,1,0,0,0.03693839907646179,0.019393961876630783,0.13518093526363373,0.01589980721473694,0.008100993931293488,0.014819089323282242,0.008372479118406773,0.023443713784217834,0.07181508094072342,0.05698506161570549,0.0049802884459495544,0.03731386736035347
522,17.4,,,,insightface_bbox,0.7236825227737427,143.74996948242188,879.5606689453125,1019.2276611328125,2342.167236328125,0,0,1,0,0,0,0,0,0,1,0,0,0.03996562212705612,0.02029336988925934,0.20214101672172546,0.015170038677752018,0.008033805526793003,0.01673383265733719,0.008268572390079498,0.025613626465201378,0.07266133278608322,0.06577315926551819,0.007175235077738762,0.03782255947589874
523,17.433333333333334,,,,insightface_bbox,0.7236825227737427,143.74996948242188,879.5606689453125,1019.2276611328125,2342.167236328125,0,0,1,0,0,0,0,0,0,1,0,0,0.03829748556017876,0.019005129113793373,0.18522724509239197,0.013962299562990665,0.007472524885088205,0.014997967518866062,0.006915995851159096,0.024278154596686363,0.07267571240663528,0.06268849968910217,0.0055848173797130585,0.03201725706458092
524,17.466666666666665,,,,insightface_bbox,0.7236825227737427,143.74996948242188,879.5606689453125,1019.2276611328125,2342.167236328125,0,0,1,0,0,0,0,0,0,1,0,0,0.040678590536117554,0.019452543929219246,0.19771398603916168,0.014172862283885479,0.007794126868247986,0.015092939138412476,0.007016055751591921,0.024713683873414993,0.07292474806308746,0.06176936626434326,0.005854351446032524,0.0338628813624382
525,17.5,,,,insightface_bbox,0.7236825227737427,143.74996948242188,879.5606689453125,1019.2276611328125,2342.167236328125,0,0,1,0,0,0,0,0,0,1,0,0,0.04233402758836746,0.02030738815665245,0.22133100032806396,0.015416312962770462,0.00823180377483368,0.01758810319006443,0.007962381467223167,0.02877458930015564,0.07603196054697037,0.06928405165672302,0.00751511612907052,0.03804677352309227
526,17.533333333333335,,,,insightface_bbox,0.7236825227737427,143.74996948242188,879.5606689453125,1019.2276611328125,2342.167236328125,0,0,1,0,0,0,0,0,0,1,0,0,0.042620036751031876,0.021008506417274475,0.2374332845211029,0.01601366512477398,0.007231882773339748,0.01717512682080269,0.007816620171070099,0.027249669656157494,0.0661652609705925,0.06246534734964371,0.00884760171175003,0.03742780163884163
527,17.566666666666666,,,,insightface_bbox,0.7236825227737427,143.74996948242188,879.5606689453125,1019.2276611328125,2342.167236328125,0,0,1,0,0,0,0,0,0,1,0,0,0.04320419952273369,0.02127302624285221,0.2684992253780365,0.016155172139406204,0.006921767257153988,0.01786023937165737,0.008328485302627087,0.027071088552474976,0.06737487018108368,0.06422992050647736,0.009062306955456734,0.041109368205070496
528,17.6,,,,insightface_bbox,0.7207644581794739,127.76421356201172,862.2928466796875,1052.980712890625,2321.563232421875,0,0,1,0,0,0,0,0,0,1,0,1,0.03458470478653908,0.01736580953001976,0.12515239417552948,0.014461451210081577,0.0065361373126506805,0.014087632298469543,0.0057163843885064125,0.024601131677627563,0.06827351450920105,0.058078598231077194,0.0046760509721934795,0.03503251075744629
529,17.633333333333333,,,,insightface_bbox,0.7207644581794739,127.76421356201172,862.2928466796875,1052.980712890625,2321.563232421875,0,0,1,0,0,0,0,0,0,1,0,0,0.03628764674067497,0.019039999693632126,0.12165375053882599,0.015378238633275032,0.006634937599301338,0.014932889491319656,0.005824847146868706,0.025604940950870514,0.07130241394042969,0.06138952821493149,0.0057451375760138035,0.037573542445898056
530,17.666666666666668,,,,insightface_bbox,0.7207644581794739,127.76421356201172,862.2928466796875,1052.980712890625,2321.563232421875,0,0,1,0,0,0,0,0,0,1,0,0,0.039184801280498505,0.019889280200004578,0.1328616440296173,0.016397010535001755,0.007239328231662512,0.017243346199393272,0.0059800404123961926,0.029103800654411316,0.0784604549407959,0.06761746853590012,0.007059677038341761,0.040564119815826416
531,17.7,,,,insightface_bbox,0.7207644581794739,127.76421356201172,862.2928466796875,1052.980712890625,2321.563232421875,0,0,1,0,0,0,0,0,0,1,0,0,0.04059098660945892,0.019582364708185196,0.16067087650299072,0.01685052551329136,0.006759189069271088,0.01897493563592434,0.005559471435844898,0.031393200159072876,0.08289794623851776,0.0710514485836029,0.00852656178176403,0.042171746492385864
532,17.733333333333334,,,,insightface_bbox,0.7207644581794739,127.76421356201172,862.2928466796875,1052.980712890625,2321.563232421875,0,0,1,0,0,0,0,0,0,1,0,0,0.04173768311738968,0.019702715799212456,0.16270816326141357,0.01667502149939537,0.006728913635015488,0.020083298906683922,0.005403838120400906,0.030047671869397163,0.08527325093746185,0.07046695053577423,0.009351576678454876,0.043545618653297424
533,17.766666666666666,,,,insightface_bbox,0.7207644581794739,127.76421356201172,862.2928466796875,1052.980712890625,2321.563232421875,0,0,1,0,0,0,0,0,0,1,0,0,0.041098251938819885,0.019822560250759125,0.1485619843006134,0.01684524305164814,0.006848156917840242,0.019743897020816803,0.0055013434030115604,0.029692985117435455,0.08449456095695496,0.06965939700603485,0.010084813460707664,0.04461437463760376
534,17.8,,,,insightface_bbox,0.719258189201355,138.2915802001953,835.8968505859375,1047.2552490234375,2318.358642578125,0,0,1,0,0,0,0,0,0,1,0,1,0.03657675161957741,0.01806265488266945,0.11499419063329697,0.013677859678864479,0.0060879443772137165,0.013499190099537373,0.005984881427139044,0.022274501621723175,0.07601422071456909,0.0625794306397438,0.003789096139371395,0.03246430307626724
535,17.833333333333332,,,,insightface_bbox,0.719258189201355,138.2915802001953,835.8968505859375,1047.2552490234375,2318.358642578125,0,0,1,0,0,0,0,0,0,1,0,1,0.03904017433524132,0.019148487597703934,0.11622727662324905,0.014096653088927269,0.006139010190963745,0.01327444240450859,0.006488488987088203,0.021394018083810806,0.0755511000752449,0.05846380814909935,0.004217163659632206,0.03393908217549324
536,17.866666666666667,,,,insightface_bbox,0.719258189201355,138.2915802001953,835.8968505859375,1047.2552490234375,2318.358642578125,0,0,1,0,0,0,0,0,0,1,0,0,0.03963696211576462,0.020708469673991203,0.1256682276725769,0.015858549624681473,0.006566792260855436,0.014490274712443352,0.007873042486608028,0.022963855415582657,0.07355175167322159,0.057971369475126266,0.005153338424861431,0.03776566684246063
537,17.9,,,,insightface_bbox,0.719258189201355,138.2915802001953,835.8968505859375,1047.2552490234375,2318.358642578125,0,0,1,0,0,0,0,0,0,1,0,1,0.03916371241211891,0.020139096304774284,0.13523530960083008,0.01575971394777298,0.007167121395468712,0.01482484769076109,0.008643100969493389,0.025909423828125,0.0774826928973198,0.06169557943940163,0.004527564626187086,0.036861516535282135
538,17.933333333333334,,,,insightface_bbox,0.719258189201355,138.2915802001953,835.8968505859375,1047.2552490234375,2318.358642578125,0,0,1,0,0,0,0,0,0,1,0,1,0.03636429086327553,0.018910877406597137,0.126626119017601,0.01488835085183382,0.007415369618684053,0.014130637049674988,0.008259276859462261,0.0260293148458004,0.07806738466024399,0.06021122634410858,0.003647763282060623,0.03403201326727867
539,17.966666666666665,,,,insightface_bbox,0.719258189201355,138.2915802001953,835.8968505859375,1047.2552490234375,2318.358642578125,0,0,1,0,0,0,0,0,0,1,0,1,0.03676588833332062,0.01906704343855381,0.1298743188381195,0.014957737177610397,0.007778564468026161,0.015205387957394123,0.008651175536215305,0.026331337168812752,0.0771481916308403,0.05970967933535576,0.0038141729310154915,0.03349574655294418
540,18.0,,,,insightface_bbox,0.7131284475326538,127.20574188232422,869.8760375976562,1048.3924560546875,2329.117431640625,0,0,1,0,0,0,0,0,0,1,0,1,0.036035530269145966,0.01751922257244587,0.11873452365398407,0.01532097440212965,0.00797535665333271,0.016755245625972748,0.008903088048100471,0.02779555693268776,0.07880492508411407,0.06727971881628036,0.005038123577833176,0.034236930310726166
541,18.033333333333335,,,,insightface_bbox,0.7131284475326538,127.20574188232422,869.8760375976562,1048.3924560546875,2329.117431640625,0,0,1,0,0,0,0,0,0,1,0,0,0.0376414954662323,0.018609844148159027,0.13414403796195984,0.016621679067611694,0.008077118545770645,0.017944950610399246,0.010425534099340439,0.030820602551102638,0.07960633188486099,0.07155817747116089,0.006345731671899557,0.04024261236190796
542,18.066666666666666,,,,insightface_bbox,0.7131284475326538,127.20574188232422,869.8760375976562,1048.3924560546875,2329.117431640625,0,0,1,0,0,0,0,0,0,1,0,0,0.037855491042137146,0.018569042906165123,0.14646638929843903,0.016969304531812668,0.008255723863840103,0.018140073865652084,0.010037408210337162,0.032271549105644226,0.08005429804325104,0.07328930497169495,0.006343851797282696,0.0419909842312336
543,18.1,,,,insightface_bbox,0.7131284475326538,127.20574188232422,869.8760375976562,1048.3924560546875,2329.117431640625,0,0,1,0,0,0,0,0,0,1,0,0,0.036947522312402725,0.019071020185947418,0.15412366390228271,0.017237531021237373,0.00743803009390831,0.01595815271139145,0.007546898443251848,0.031374089419841766,0.07424507290124893,0.06451081484556198,0.00631901528686285,0.04154043272137642
544,18.133333333333333,,,,insightface_bbox,0.7131284475326538,127.20574188232422,869.8760375976562,1048.3924560546875,2329.117431640625,0,0,1,0,0,0,0,0,0,1,0,0,0.03711030259728432,0.019126171246170998,0.1387251317501068,0.017138829454779625,0.007146620191633701,0.016882795840501785,0.008064362220466137,0.030935397371649742,0.0743168517947197,0.06659875065088272,0.007086938712745905,0.041005875915288925
545,18.166666666666668,,,,insightface_bbox,0.7131284475326538,127.20574188232422,869.8760375976562,1048.3924560546875,2329.117431640625,0,0,1,0,0,0,0,0,0,1,0,0,0.03726194426417351,0.01838552951812744,0.13224227726459503,0.015972882509231567,0.006947014480829239,0.017452465370297432,0.007861483842134476,0.02909800410270691,0.07415974885225296,0.0652763694524765,0.007335781119763851,0.040142349898815155
546,18.2,,,,insightface_bbox,0.7036461234092712,109.49744415283203,846.4267578125,1043.6536865234375,2319.427490234375,0,0,1,0,0,0,0,0,0,1,0,0,0.03391888365149498,0.017284683883190155,0.10206323862075806,0.01471514068543911,0.007079438306391239,0.01609351672232151,0.007910097949206829,0.027456123381853104,0.07376682758331299,0.06830541044473648,0.005272789392620325,0.036971695721149445
547,18.233333333333334,,,,insightface_bbox,0.7036461234092712,109.49744415283203,846.4267578125,1043.6536865234375,2319.427490234375,0,0,1,0,0,0,0,0,0,1,0,0,0.03593580052256584,0.019202090799808502,0.12384247034788132,0.01572268269956112,0.007071479223668575,0.017171423882246017,0.007772175129503012,0.026883549988269806,0.068781279027462,0.06277468800544739,0.007760136388242245,0.04229531064629555
548,18.266666666666666,,,,insightface_bbox,0.7036461234092712,109.49744415283203,846.4267578125,1043.6536865234375,2319.427490234375,0,0,1,0,0,0,0,0,0,1,0,0,0.03553800657391548,0.019793659448623657,0.14072450995445251,0.015535076148808002,0.0078046731650829315,0.01946639083325863,0.007528075948357582,0.026978783309459686,0.06836961954832077,0.06110288202762604,0.008299036882817745,0.04388485848903656
549,18.3,,,,insightface_bbox,0.7036461234092712,109.49744415283203,846.4267578125,1043.6536865234375,2319.427490234375,0,0,1,0,0,0,0,0,0,1,0,0,0.03250200301408768,0.016961719840765,0.12636317312717438,0.014112807810306549,0.007415080443024635,0.015879187732934952,0.006545415148139,0.02639157883822918,0.07007992267608643,0.0620390921831131,0.005086431745439768,0.036486588418483734
550,18.333333333333332,,,,insightface_bbox,0.7036461234092712,109.49744415283203,846.4267578125,1043.6536865234375,2319.427490234375,0,0,1,0,0,0,0,0,0,1,0,0,0.03511858731508255,0.01807713694870472,0.14020469784736633,0.015025743283331394,0.007874361239373684,0.016980784013867378,0.006855070125311613,0.02733856625854969,0.07184691727161407,0.06169801950454712,0.005699591711163521,0.03782302513718605
551,18.366666666666667,,,,insightface_bbox,0.7036461234092712,109.49744415283203,846.4267578125,1043.6536865234375,2319.427490234375,0,0,1,0,0,0,0,0,0,1,0,0,0.03431875631213188,0.017657989636063576,0.14850345253944397,0.014245890080928802,0.007686426863074303,0.015748951584100723,0.006394253112375736,0.024830728769302368,0.06936337053775787,0.0575663298368454,0.004544608760625124,0.034652192145586014
552,18.4,,,,insightface_bbox,0.6378999948501587,84.8355484008789,851.6260375976562,974.3078002929688,2425.160888671875,0,0,1,0,0,0,0,0,0,1,0,0,0.042004961520433426,0.019741758704185486,0.3363630473613739,0.015030651353299618,0.0070901187136769295,0.01935075968503952,0.007454149425029755,0.02408149093389511,0.06045118719339371,0.05442267656326294,0.006445431616157293,0.03345005586743355
553,18.433333333333334,,,,insightface_bbox,0.6378999948501587,84.8355484008789,851.6260375976562,974.3078002929688,2425.160888671875,0,0,1,0,0,0,0,0,0,1,0,0,0.04054062440991402,0.02004132606089115,0.3137752115726471,0.015284789726138115,0.008044219575822353,0.02018612064421177,0.007623808924108744,0.026468539610505104,0.06286492943763733,0.05843675881624222,0.006798926740884781,0.035154424607753754
554,18.466666666666665,,,,insightface_bbox,0.6378999948501587,84.8355484008789,851.6260375976562,974.3078002929688,2425.160888671875,0,0,1,0,0,0,0,0,0,1,0,0,0.03841639682650566,0.019036978483200073,0.3016339838504791,0.014660470187664032,0.007610498461872339,0.019703052937984467,0.006973104551434517,0.025537721812725067,0.06279978156089783,0.058678023517131805,0.0062211137264966965,0.03248968720436096
555,18.5,,,,insightface_bbox,0.6378999948501587,84.8355484008789,851.6260375976562,974.3078002929688,2425.160888671875,0,0,1,0,0,0,0,0,0,1,0,0,0.03756342828273773,0.01884341612458229,0.28885936737060547,0.014701399952173233,0.007550546433776617,0.02019810676574707,0.006411255337297916,0.02705027349293232,0.06301018595695496,0.057887494564056396,0.006481799762696028,0.031217392534017563
556,18.533333333333335,,,,insightface_bbox,0.6378999948501587,84.8355484008789,851.6260375976562,974.3078002929688,2425.160888671875,0,0,1,0,0,0,0,0,0,1,0,0,0.03904736042022705,0.01942995935678482,0.2798179090023041,0.015169316902756691,0.007592067122459412,0.019256306812167168,0.006519111339002848,0.02713664434850216,0.06504279375076294,0.057941511273384094,0.006434826646000147,0.03184596821665764
557,18.566666666666666,,,,insightface_bbox,0.6378999948501587,84.8355484008789,851.6260375976562,974.3078002929688,2425.160888671875,0,0,1,0,0,0,0,0,0,1,0,0,0.03906593099236488,0.019076412543654442,0.2598407566547394,0.014525420032441616,0.006908126175403595,0.016924118623137474,0.006149394903331995,0.024513203650712967,0.06439629197120667,0.053657837212085724,0.0052606696262955666,0.029903408139944077
558,18.6,,,,insightface_bbox,0.6386681795120239,84.10188293457031,827.9212036132812,1013.3948974609375,2385.495361328125,0,0,1,0,0,0,0,0,0,1,0,0,0.03645927459001541,0.018353693187236786,0.16565443575382233,0.014933280646800995,0.006832319777458906,0.015860818326473236,0.005561394616961479,0.02411244623363018,0.06645301729440689,0.05193085968494415,0.005097892601042986,0.031128330156207085
559,18.633333333333333,,,,insightface_bbox,0.6386681795120239,84.10188293457031,827.9212036132812,1013.3948974609375,2385.495361328125,0,0,1,0,0,0,0,0,0,1,0,0,0.04076201841235161,0.02004844881594181,0.2173069268465042,0.016537722200155258,0.007117574568837881,0.018355801701545715,0.006041263695806265,0.026801984757184982,0.07401391863822937,0.053494878113269806,0.006393385119736195,0.034382328391075134
560,18.666666666666668,,,,insightface_bbox,0.6386681795120239,84.10188293457031,827.9212036132812,1013.3948974609375,2385.495361328125,0,0,1,0,0,0,0,0,0,1,0,0,0.0454828105866909,0.021329855546355247,0.29192548990249634,0.01795993000268936,0.007005823310464621,0.019026773050427437,0.006128665991127491,0.026497242972254753,0.07120685279369354,0.05108029022812843,0.00738110626116395,0.03609491139650345
561,18.7,,,,insightface_bbox,0.6386681795120239,84.10188293457031,827.9212036132812,1013.3948974609375,2385.495361328125,0,0,1,0,0,0,0,0,0,1,0,0,0.041606247425079346,0.02066023275256157,0.2570355534553528,0.017298514023423195,0.007427646312862635,0.017553914338350296,0.0061515336856245995,0.02778727374970913,0.07121716439723969,0.05371808633208275,0.00534999230876565,0.034518927335739136
562,18.733333333333334,,,,insightface_bbox,0.6386681795120239,84.10188293457031,827.9212036132812,1013.3948974609375,2385.495361328125,0,0,1,0,0,0,0,0,0,1,0,0,0.042097341269254684,0.020270226523280144,0.2509785294532776,0.016429360955953598,0.00748739019036293,0.017718646675348282,0.0060727642849087715,0.027597295120358467,0.06933493167161942,0.053326692432165146,0.005459329579025507,0.035502757877111435
563,18.766666666666666,,,,insightface_bbox,0.6386681795120239,84.10188293457031,827.9212036132812,1013.3948974609375,2385.495361328125,0,0,1,0,0,0,0,0,0,1,0,0,0.04251793771982193,0.02058805152773857,0.2393265664577484,0.01660061627626419,0.008038148283958435,0.01858408749103546,0.006500142626464367,0.027386579662561417,0.06757314503192902,0.05376366525888443,0.005585027392953634,0.035017386078834534
564,18.8,,,,insightface_bbox,0.6690719127655029,90.0074234008789,924.1834106445312,955.1983032226562,2338.718505859375,0,0,1,0,0,0,0,0,0,1,0,1,0.04923393949866295,0.022368185222148895,0.45320960879325867,0.016081832349300385,0.0073611438274383545,0.017255552113056183,0.00839927326887846,0.024674899876117706,0.06622098386287689,0.05797019600868225,0.006349951960146427,0.03885108605027199
565,18.833333333333332,,,,insightface_bbox,0.6690719127655029,90.0074234008789,924.1834106445312,955.1983032226562,2338.718505859375,0,0,1,0,0,0,0,0,0,1,0,1,0.049739569425582886,0.022136446088552475,0.497458279132843,0.015765991061925888,0.00736934645101428,0.017493020743131638,0.007909579202532768,0.0225343257188797,0.06406232714653015,0.056330129504203796,0.006303554400801659,0.03732774779200554
566,18.866666666666667,,,,insightface_bbox,0.6690719127655029,90.0074234008789,924.1834106445312,955.1983032226562,2338.718505859375,0,0,1,0,0,0,0,0,0,1,0,1,0.049712151288986206,0.02218702808022499,0.49881529808044434,0.015722421929240227,0.007145014125853777,0.017308305948972702,0.007614804897457361,0.022057991474866867,0.06236419081687927,0.05503825843334198,0.0065222568809986115,0.036924201995134354
567,18.9,,,,insightface_bbox,0.6690719127655029,90.0074234008789,924.1834106445312,955.1983032226562,2338.718505859375,0,0,1,0,0,0,0,0,0,1,0,1,0.04910578951239586,0.022108204662799835,0.49687471985816956,0.015728071331977844,0.007218067534267902,0.017115285620093346,0.007924097590148449,0.022679494693875313,0.06209810823202133,0.05554475635290146,0.006476863287389278,0.037524960935115814
568,18.933333333333334,,,,insightface_bbox,0.6690719127655029,90.0074234008789,924.1834106445312,955.1983032226562,2338.718505859375,0,0,1,0,0,0,0,0,0,1,0,0,0.050194840878248215,0.022856907919049263,0.5298852920532227,0.016245484352111816,0.007285912521183491,0.017467886209487915,0.008390888571739197,0.022741585969924927,0.0615016408264637,0.05405926704406738,0.007353003136813641,0.03929448127746582
569,18.966666666666665,,,,insightface_bbox,0.6690719127655029,90.0074234008789,924.1834106445312,955.1983032226562,2338.718505859375,0,0,1,0,0,0,0,0,0,1,0,0,0.051097095012664795,0.023150578141212463,0.542415976524353,0.016333574429154396,0.007189098279923201,0.017478877678513527,0.008397390134632587,0.022496297955513,0.061031315475702286,0.053027428686618805,0.007523560896515846,0.03924569487571716
570,19.0,,,,insightface_bbox,0.6801027655601501,98.3996353149414,958.281005859375,949.2098999023438,2334.685791015625,0,0,1,0,0,0,0,0,0,1,0,0,0.056607745587825775,0.02564285323023796,0.5850791335105896,0.016650941222906113,0.007811598479747772,0.0168740376830101,0.008531913161277771,0.021903548389673233,0.06035265326499939,0.0506352074444294,0.008075803518295288,0.04182310774922371
571,19.033333333333335,,,,insightface_bbox,0.6801027655601501,98.3996353149414,958.281005859375,949.2098999023438,2334.685791015625,0,0,1,0,0,0,0,0,0,1,0,0,0.05616861954331398,0.025226401165127754,0.6102316975593567,0.01700649783015251,0.007652684114873409,0.017846954986453056,0.008992645889520645,0.02264733985066414,0.06029814854264259,0.05115041509270668,0.008427685126662254,0.04117507487535477
572,19.066666666666666,,,,insightface_bbox,0.6801027655601501,98.3996353149414,958.281005859375,949.2098999023438,2334.685791015625,0,0,1,0,0,0,0,0,0,1,0,0,0.051600392907857895,0.023160362616181374,0.557357907295227,0.015715621411800385,0.007209982257336378,0.01766757294535637,0.0080875838175416,0.02142750471830368,0.0575726255774498,0.051155317574739456,0.008084485307335854,0.03739101439714432
573,19.1,,,,insightface_bbox,0.6801027655601501,98.3996353149414,958.281005859375,949.2098999023438,2334.685791015625,0,0,1,0,0,0,0,0,0,1,0,0,0.048106975853443146,0.02190345525741577,0.4813203513622284,0.014859754592180252,0.006873979698866606,0.016898255795240402,0.0069774785079061985,0.02192419208586216,0.0590536929666996,0.0508294552564621,0.007961325347423553,0.03705449402332306
574,19.133333333333333,,,,insightface_bbox,0.6801027655601501,98.3996353149414,958.281005859375,949.2098999023438,2334.685791015625,0,0,1,0,0,0,0,0,0,1,0,0,0.046746138483285904,0.021343320608139038,0.43978798389434814,0.014608432538807392,0.0066383350640535355,0.01622658595442772,0.006663783453404903,0.021903008222579956,0.06123204156756401,0.05108264833688736,0.007252881303429604,0.035864558070898056
575,19.166666666666668,,,,insightface_bbox,0.6801027655601501,98.3996353149414,958.281005859375,949.2098999023438,2334.685791015625,0,0,1,0,0,0,0,0,0,1,0,0,0.046211279928684235,0.021457303315401077,0.42335009574890137,0.01486133597791195,0.00699880113825202,0.016199076548218727,0.006875777151435614,0.02335878275334835,0.06715169548988342,0.05457564443349838,0.006076939404010773,0.03535625338554382
576,19.2,,,,insightface_bbox,0.7091192007064819,64.54077911376953,827.5545043945312,968.5210571289062,2350.395751953125,0,0,1,0,0,0,0,0,0,1,0,1,0.036570414900779724,0.017540188506245613,0.16791927814483643,0.014589240774512291,0.006676874123513699,0.012442422099411488,0.006235092878341675,0.024383021518588066,0.0655098557472229,0.05161379277706146,0.002767988946288824,0.02831466682255268
577,19.233333333333334,,,,insightface_bbox,0.7091192007064819,64.54077911376953,827.5545043945312,968.5210571289062,2350.395751953125,0,0,1,0,0,0,0,0,0,1,0,0,0.038578517735004425,0.01877618581056595,0.1980135142803192,0.015193840488791466,0.006705225445330143,0.013826357200741768,0.006509206257760525,0.024147050455212593,0.06384788453578949,0.05453586205840111,0.0038053016178309917,0.031026773154735565
578,19.266666666666666,,,,insightface_bbox,0.7091192007064819,64.54077911376953,827.5545043945312,968.5210571289062,2350.395751953125,0,0,1,0,0,0,0,0,0,1,0,0,0.03743559867143631,0.01868833787739277,0.1843128800392151,0.014876061119139194,0.00640430673956871,0.013200998306274414,0.006123717874288559,0.02173406258225441,0.058094367384910583,0.049528349190950394,0.003783012740314007,0.029500683769583702
579,19.3,,,,insightface_bbox,0.7091192007064819,64.54077911376953,827.5545043945312,968.5210571289062,2350.395751953125,0,0,1,0,0,0,0,0,0,1,0,0,0.0366048626601696,0.01822040230035782,0.1721522957086563,0.013818527571856976,0.006499894894659519,0.013317774049937725,0.006493047811090946,0.020850837230682373,0.05681711435317993,0.04719337448477745,0.0039372192695736885,0.03078221157193184
580,19.333333333333332,,,,insightface_bbox,0.7091192007064819,64.54077911376953,827.5545043945312,968.5210571289062,2350.395751953125,0,0,1,0,0,0,0,0,0,1,0,0,0.035264402627944946,0.017472170293331146,0.16366153955459595,0.013331436552107334,0.006437159143388271,0.0130272526293993,0.006368239875882864,0.020928850397467613,0.05748710036277771,0.04693642631173134,0.0036237677559256554,0.02997727133333683
581,19.366666666666667,,,,insightface_bbox,0.7091192007064819,64.54077911376953,827.5545043945312,968.5210571289062,2350.395751953125,0,0,1,0,0,0,0,0,0,1,0,0,0.03543277084827423,0.01747039332985878,0.1682366132736206,0.01366929616779089,0.006473902612924576,0.013025928288698196,0.0065756794065237045,0.021663043648004532,0.05870526656508446,0.04812774062156677,0.003539747791364789,0.02992982231080532
582,19.4,,,,insightface_bbox,0.6619299650192261,90.06227111816406,833.1945190429688,1024.671630859375,2383.666259765625,0,0,1,0,0,0,0,0,0,1,0,0,0.037984997034072876,0.01913706585764885,0.1571161448955536,0.014406397007405758,0.007358098402619362,0.014454260468482971,0.007151144091039896,0.022181522101163864,0.06938476860523224,0.05624181032180786,0.003791982075199485,0.03220224380493164
583,19.433333333333334,,,,insightface_bbox,0.6619299650192261,90.06227111816406,833.1945190429688,1024.671630859375,2383.666259765625,0,0,1,0,0,0,0,0,0,1,0,0,0.03838438168168068,0.019841812551021576,0.16020537912845612,0.014816145412623882,0.007410093676298857,0.015105508267879486,0.007841753773391247,0.02292991802096367,0.06756259500980377,0.057034533470869064,0.004613433964550495,0.035091180354356766
584,19.466666666666665,,,,insightface_bbox,0.6619299650192261,90.06227111816406,833.1945190429688,1024.671630859375,2383.666259765625,0,0,1,0,0,0,0,0,0,1,0,0,0.03605465590953827,0.01822211593389511,0.15563799440860748,0.014498620294034481,0.007580920122563839,0.015363470651209354,0.008091912604868412,0.023936238139867783,0.06988506764173508,0.05917968228459358,0.004616914317011833,0.036159247159957886
585,19.5,,,,insightface_bbox,0.6619299650192261,90.06227111816406,833.1945190429688,1024.671630859375,2383.666259765625,0,0,1,0,0,0,0,0,0,1,0,0,0.036336708813905716,0.01832079514861107,0.15571965277194977,0.014768434688448906,0.007761227432638407,0.015788694843649864,0.008748767897486687,0.02428826130926609,0.06931354850530624,0.05837961658835411,0.004979168064892292,0.03657027706503868
586,19.533333333333335,,,,insightface_bbox,0.6619299650192261,90.06227111816406,833.1945190429688,1024.671630859375,2383.666259765625,0,0,1,0,0,0,0,0,0,1,0,0,0.037449564784765244,0.01902526244521141,0.16042408347129822,0.01551107969135046,0.008146361447870731,0.016616174951195717,0.009747001342475414,0.025266705080866814,0.06980591267347336,0.059079769998788834,0.005748679395765066,0.03891759365797043
587,19.566666666666666,,,,insightface_bbox,0.6619299650192261,90.06227111816406,833.1945190429688,1024.671630859375,2383.666259765625,0,0,1,0,0,0,0,0,0,1,0,0,0.03705772012472153,0.01892721652984619,0.15263263881206512,0.01514650322496891,0.007952497340738773,0.015841644257307053,0.009161360561847687,0.024152666330337524,0.06847810745239258,0.05773681402206421,0.005045172292739153,0.03692759573459625
588,19.6,,,,insightface_bbox,0.665389895439148,90.50957489013672,849.3748168945312,1031.145751953125,2384.231201171875,0,0,1,0,0,0,0,0,0,1,0,0,0.03818986564874649,0.018497901037335396,0.14860683679580688,0.014560164883732796,0.0076854899525642395,0.01543508656322956,0.007859593257308006,0.02298862487077713,0.07200678437948227,0.058085355907678604,0.003973261918872595,0.03331468999385834
589,19.633333333333333,,,,insightface_bbox,0.665389895439148,90.50957489013672,849.3748168945312,1031.145751953125,2384.231201171875,0,0,1,0,0,0,0,0,0,1,0,0,0.037769921123981476,0.018884314224123955,0.14794912934303284,0.015314129181206226,0.0076496233232319355,0.01648714393377304,0.007920981384813786,0.02374868653714657,0.07052955776453018,0.06220264360308647,0.00668927188962698,0.04121977090835571
590,19.666666666666668,,,,insightface_bbox,0.665389895439148,90.50957489013672,849.3748168945312,1031.145751953125,2384.231201171875,0,0,1,0,0,0,0,0,0,1,0,0,0.04017722234129906,0.019484464079141617,0.14586958289146423,0.016308743506669998,0.00820116512477398,0.01748310774564743,0.009487120434641838,0.02488313987851143,0.07077451050281525,0.06134944036602974,0.007540595252066851,0.044410452246665955
591,19.7,,,,insightface_bbox,0.665389895439148,90.50957489013672,849.3748168945312,1031.145751953125,2384.231201171875,0,0,1,0,0,0,0,0,0,1,0,0,0.037183601409196854,0.017542580142617226,0.11955264210700989,0.015023629181087017,0.00695918221026659,0.01639271154999733,0.008400872349739075,0.023675404489040375,0.07378990948200226,0.06040405482053757,0.006272784434258938,0.041156597435474396
592,19.733333333333334,,,,insightface_bbox,0.665389895439148,90.50957489013672,849.3748168945312,1031.145751953125,2384.231201171875,0,0,1,0,0,0,0,0,0,1,0,0,0.038832489401102066,0.018657315522432327,0.11316556483507156,0.01582162082195282,0.006843833718448877,0.017119888216257095,0.010813111439347267,0.023806892335414886,0.07602131366729736,0.0644492655992508,0.006610262673348188,0.04070722311735153
593,19.766666666666666,,,,insightface_bbox,0.665389895439148,90.50957489013672,849.3748168945312,1031.145751953125,2384.231201171875,0,0,1,0,0,0,0,0,0,1,0,0,0.03994664177298546,0.018643822520971298,0.12367524951696396,0.015693718567490578,0.006902217399328947,0.017257019877433777,0.010541755706071854,0.023519571870565414,0.08252241462469101,0.06695875525474548,0.006110569927841425,0.03951175510883331
594,19.8,,,,insightface_bbox,0.6684118509292603,109.03858947753906,828.9176025390625,1048.3116455078125,2375.232666015625,0,0,1,0,0,0,0,0,0,1,0,0,0.04060424119234085,0.01909702830016613,0.14910303056240082,0.016363894566893578,0.007488979957997799,0.01753595657646656,0.0094055300578475,0.025109466165304184,0.08152209967374802,0.06792209297418594,0.0061409370973706245,0.041597165167331696
595,19.833333333333332,,,,insightface_bbox,0.6684118509292603,109.03858947753906,828.9176025390625,1048.3116455078125,2375.232666015625,0,0,1,0,0,0,0,0,0,1,0,0,0.038946256041526794,0.018429342657327652,0.13917171955108643,0.01590808480978012,0.007825848646461964,0.016682956367731094,0.009129071608185768,0.025039680302143097,0.07684019953012466,0.06464269757270813,0.005391253158450127,0.03855380788445473
596,19.866666666666667,,,,insightface_bbox,0.6684118509292603,109.03858947753906,828.9176025390625,1048.3116455078125,2375.232666015625,0,0,1,0,0,0,0,0,0,1,0,0,0.04033096879720688,0.0193332489579916,0.1462549865245819,0.0164398904889822,0.008039820939302444,0.017533689737319946,0.00881974957883358,0.025744885206222534,0.07148610055446625,0.061598315834999084,0.006402004510164261,0.04014204442501068
597,19.9,,,,insightface_bbox,0.6684118509292603,109.03858947753906,828.9176025390625,1048.3116455078125,2375.232666015625,0,0,1,0,0,0,0,0,0,1,0,0,0.03928752616047859,0.01909019984304905,0.14735625684261322,0.015390290878713131,0.007600454147905111,0.01678655296564102,0.008514435030519962,0.025183219462633133,0.06936271488666534,0.0590105764567852,0.005428162403404713,0.03780854865908623
598,19.933333333333334,,,,insightface_bbox,0.6684118509292603,109.03858947753906,828.9176025390625,1048.3116455078125,2375.232666015625,0,0,1,0,0,0,0,0,0,1,0,0,0.03916364163160324,0.018949339166283607,0.1419842690229416,0.014826150611042976,0.007361403666436672,0.016077790409326553,0.007983091287314892,0.02385871484875679,0.06662492454051971,0.05533579736948013,0.00523933582007885,0.036535948514938354
599,19.966666666666665,,,,insightface_bbox,0.6684118509292603,109.03858947753906,828.9176025390625,1048.3116455078125,2375.232666015625,0,0,1,0,0,0,0,0,0,1,0,0,0.039699487388134,0.018679514527320862,0.13908952474594116,0.014982709661126137,0.007763491477817297,0.01599191129207611,0.007522758562117815,0.02372859977185726,0.07155238837003708,0.05816291645169258,0.00475822389125824,0.03509596362709999
600,20.0,,,,insightface_bbox,0.6738395690917969,93.8338623046875,835.268310546875,1064.177001953125,2363.802978515625,0,0,1,0,0,0,0,0,0,1,0,0,0.04410719498991966,0.026251912117004395,0.1348452866077423,0.02237539552152157,0.009385697543621063,0.0222517941147089,0.019245829433202744,0.033869776874780655,0.07973748445510864,0.08103758841753006,0.013312254101037979,0.05283239856362343
601,20.033333333333335,,,,insightface_bbox,0.6738395690917969,93.8338623046875,835.268310546875,1064.177001953125,2363.802978515625,0,0,1,0,0,0,0,0,0,1,0,0,0.042647190392017365,0.025640055537223816,0.12399046123027802,0.021191436797380447,0.00910878088325262,0.022044800221920013,0.017882555723190308,0.03225204721093178,0.07851198315620422,0.08182263374328613,0.012363197281956673,0.05049622803926468
602,20.066666666666666,,,,insightface_bbox,0.6738395690917969,93.8338623046875,835.268310546875,1064.177001953125,2363.802978515625,0,0,1,0,0,0,0,0,0,1,0,0,0.04312131926417351,0.025701822713017464,0.12791061401367188,0.021691881120204926,0.00890375766903162,0.02170775830745697,0.017096344381570816,0.03220110014081001,0.07977119833230972,0.0834399089217186,0.014080146327614784,0.05475861579179764
603,20.1,,,,insightface_bbox,0.6738395690917969,93.8338623046875,835.268310546875,1064.177001953125,2363.802978515625,0,0,1,0,0,0,0,0,0,1,0,0,0.04219716042280197,0.025654898956418037,0.13070887327194214,0.021869219839572906,0.008912691846489906,0.02149585820734501,0.01736433245241642,0.03385491296648979,0.07937465608119965,0.08289569616317749,0.0134457191452384,0.052447609603405
604,20.133333333333333,,,,insightface_bbox,0.6738395690917969,93.8338623046875,835.268310546875,1064.177001953125,2363.802978515625,0,0,1,0,0,0,0,0,0,1,0,0,0.0392480343580246,0.023346636444330215,0.1269819140434265,0.019788987934589386,0.008856505155563354,0.019783705472946167,0.013101882301270962,0.03259897977113724,0.07799475640058517,0.07802625000476837,0.0115386126562953,0.050108689814805984
605,20.166666666666668,,,,insightface_bbox,0.6738395690917969,93.8338623046875,835.268310546875,1064.177001953125,2363.802978515625,0,0,1,0,0,0,0,0,0,1,0,0,0.03763841465115547,0.022081343457102776,0.12161772698163986,0.018543336540460587,0.008561625145375729,0.01929340697824955,0.011949921026825905,0.03228520601987839,0.07585260272026062,0.07655947655439377,0.01002890057861805,0.046620793640613556
606,20.2,,,,insightface_bbox,0.6749293804168701,76.6502914428711,810.2401733398438,1044.3270263671875,2325.7275390625,0,0,1,0,0,0,0,0,0,1,0,0,0.03485363349318504,0.01971699297428131,0.10563582181930542,0.016304923221468925,0.007381468079984188,0.01629975438117981,0.009877149946987629,0.02730337716639042,0.07197839021682739,0.07179834693670273,0.008141828700900078,0.043141912668943405
607,20.233333333333334,,,,insightface_bbox,0.6749293804168701,76.6502914428711,810.2401733398438,1044.3270263671875,2325.7275390625,0,0,1,0,0,0,0,0,0,1,0,0,0.03722570464015007,0.021230412647128105,0.1085885539650917,0.017205236479640007,0.007318417076021433,0.018742697313427925,0.011245857924222946,0.029084820300340652,0.07582251727581024,0.07888323068618774,0.00944442953914404,0.04731269180774689
608,20.266666666666666,,,,insightface_bbox,0.6749293804168701,76.6502914428711,810.2401733398438,1044.3270263671875,2325.7275390625,0,0,1,0,0,0,0,0,0,1,0,0,0.03882469981908798,0.021974489092826843,0.11478111892938614,0.01795792393386364,0.0074345385655760765,0.020458994433283806,0.012142091989517212,0.030239000916481018,0.07710965722799301,0.07841987907886505,0.011545145884156227,0.0466790571808815
609,20.3,,,,insightface_bbox,0.6749293804168701,76.6502914428711,810.2401733398438,1044.3270263671875,2325.7275390625,0,0,1,0,0,0,0,0,0,1,0,0,0.0439656600356102,0.024618402123451233,0.14200693368911743,0.02048983797430992,0.008421814069151878,0.025489740073680878,0.01637176424264908,0.03258383646607399,0.08328083157539368,0.08469942957162857,0.013471877202391624,0.04824841767549515
610,20.333333333333332,,,,insightface_bbox,0.6749293804168701,76.6502914428711,810.2401733398438,1044.3270263671875,2325.7275390625,0,0,1,0,0,0,0,0,0,1,0,0,0.04218413680791855,0.02309730462729931,0.1356416642665863,0.019047100096940994,0.0076105352491140366,0.024023910984396935,0.01421547494828701,0.030553989112377167,0.0805092304944992,0.0803007036447525,0.013496545143425465,0.046925898641347885
611,20.366666666666667,,,,insightface_bbox,0.6749293804168701,76.6502914428711,810.2401733398438,1044.3270263671875,2325.7275390625,0,0,1,0,0,0,0,0,0,1,0,0,0.04030177742242813,0.02272038720548153,0.1301659196615219,0.018201738595962524,0.006977279670536518,0.02395402267575264,0.011936994269490242,0.028853492811322212,0.0787811428308487,0.0761122927069664,0.015016252174973488,0.047442927956581116
612,20.4,,,,insightface_bbox,0.6958383321762085,94.52581787109375,798.6828002929688,1068.8028564453125,2342.93896484375,0,0,1,0,0,0,0,0,0,1,0,0,0.04243815317749977,0.02362780272960663,0.14056874811649323,0.019659390673041344,0.007225182373076677,0.0240185409784317,0.011870701797306538,0.029820237308740616,0.07883463054895401,0.07920654118061066,0.015308210626244545,0.04719145596027374
613,20.433333333333334,,,,insightface_bbox,0.6958383321762085,94.52581787109375,798.6828002929688,1068.8028564453125,2342.93896484375,0,0,1,0,0,0,0,0,0,1,0,0,0.040615569800138474,0.02326321229338646,0.12748773396015167,0.0196875911206007,0.007088467478752136,0.023031795397400856,0.011617399752140045,0.030464861541986465,0.07460639625787735,0.07800833880901337,0.015719320625066757,0.04641551896929741
614,20.466666666666665,,,,insightface_bbox,0.6958383321762085,94.52581787109375,798.6828002929688,1068.8028564453125,2342.93896484375,0,0,1,0,0,0,0,0,0,1,0,0,0.040841445326805115,0.023570213466882706,0.12310230731964111,0.020344752818346024,0.00775451585650444,0.023117396980524063,0.012438610196113586,0.03213060274720192,0.07659022510051727,0.08096158504486084,0.01538668293505907,0.047041453421115875
615,20.5,,,,insightface_bbox,0.6958383321762085,94.52581787109375,798.6828002929688,1068.8028564453125,2342.93896484375,0,0,1,0,0,0,0,0,0,1,0,0,0.04161089286208153,0.022933661937713623,0.1261487454175949,0.020051810890436172,0.008010616526007652,0.02315540239214897,0.012663095258176327,0.032403700053691864,0.08210888504981995,0.08548863232135773,0.013708112761378288,0.04582197219133377
616,20.533333333333335,,,,insightface_bbox,0.6958383321762085,94.52581787109375,798.6828002929688,1068.8028564453125,2342.93896484375,0,0,1,0,0,0,0,0,0,1,0,0,0.04041457548737526,0.022395938634872437,0.12377917021512985,0.019933603703975677,0.008064266294240952,0.022553158923983574,0.012978640384972095,0.032769158482551575,0.08089955151081085,0.08440152555704117,0.01317308284342289,0.04413476213812828
617,20.566666666666666,,,,insightface_bbox,0.6958383321762085,94.52581787109375,798.6828002929688,1068.8028564453125,2342.93896484375,0,0,1,0,0,0,0,0,0,1,0,0,0.04527069628238678,0.02521340548992157,0.13451135158538818,0.022616885602474213,0.007881217636168003,0.024680567905306816,0.017289111390709877,0.035003941506147385,0.08667449653148651,0.08962192386388779,0.015601822175085545,0.04615631327033043
618,20.6,,,,insightface_bbox,0.6942578554153442,110.1762924194336,801.7396850585938,1063.662109375,2351.22216796875,0,0,1,0,0,0,0,0,0,1,0,0,0.03709857165813446,0.01901598460972309,0.12624569237232208,0.017540862783789635,0.0067113591358065605,0.019842803478240967,0.013154866173863411,0.02762896940112114,0.07850229740142822,0.07704383134841919,0.008929573930799961,0.04614397510886192
619,20.633333333333333,,,,insightface_bbox,0.6942578554153442,110.1762924194336,801.7396850585938,1063.662109375,2351.22216796875,0,0,1,0,0,0,0,0,0,1,0,0,0.034391336143016815,0.018465228378772736,0.11728265881538391,0.016636015847325325,0.005929369479417801,0.0195674616843462,0.01063094474375248,0.02731470763683319,0.07577183842658997,0.07287381589412689,0.010690104216337204,0.047137852758169174
620,20.666666666666668,,,,insightface_bbox,0.6942578554153442,110.1762924194336,801.7396850585938,1063.662109375,2351.22216796875,0,0,1,0,0,0,0,0,0,1,0,0,0.03394758701324463,0.018452180549502373,0.10840994119644165,0.01544230803847313,0.0057945093140006065,0.020056359469890594,0.009400544688105583,0.025677986443042755,0.07440194487571716,0.06918655335903168,0.010377025231719017,0.04330647736787796
621,20.7,,,,insightface_bbox,0.6942578554153442,110.1762924194336,801.7396850585938,1063.662109375,2351.22216796875,0,0,1,0,0,0,0,0,0,1,0,0,0.035252250730991364,0.01861732266843319,0.1103554219007492,0.01606091670691967,0.006364610977470875,0.020268568769097328,0.009785727597773075,0.026310976594686508,0.07223111391067505,0.06773165613412857,0.010865670628845692,0.043747466057538986
622,20.733333333333334,,,,insightface_bbox,0.6942578554153442,110.1762924194336,801.7396850585938,1063.662109375,2351.22216796875,0,0,1,0,0,0,0,0,0,1,0,0,0.03715116158127785,0.01992061920464039,0.12329892814159393,0.017819561064243317,0.006973040755838156,0.020062562078237534,0.01050439104437828,0.028586415573954582,0.0737847089767456,0.07257483154535294,0.0123274065554142,0.05020296573638916
623,20.766666666666666,,,,insightface_bbox,0.6942578554153442,110.1762924194336,801.7396850585938,1063.662109375,2351.22216796875,0,0,1,0,0,0,0,0,0,1,0,0,0.038058873265981674,0.019934676587581635,0.1282459944486618,0.017446178942918777,0.007422654423862696,0.02037249319255352,0.012268898077309132,0.028178822249174118,0.07523024082183838,0.07311829179525375,0.009146503172814846,0.04273965582251549
624,20.8,,,,insightface_bbox,0.6481533050537109,83.15328216552734,785.5672607421875,1036.572509765625,2399.938232421875,0,0,1,0,0,0,0,0,0,1,0,0,0.03962189331650734,0.020901838317513466,0.12652400135993958,0.018635418266057968,0.007817722856998444,0.02152121067047119,0.013969950377941132,0.029895443469285965,0.07815651595592499,0.0789971724152565,0.01099304761737585,0.046873919665813446
625,20.833333333333332,,,,insightface_bbox,0.6481533050537109,83.15328216552734,785.5672607421875,1036.572509765625,2399.938232421875,0,0,1,0,0,0,0,0,0,1,0,0,0.03721601888537407,0.02060859464108944,0.11083626002073288,0.017404679208993912,0.007088383659720421,0.01991848275065422,0.010868525132536888,0.027998849749565125,0.077068030834198,0.07373920828104019,0.01081998273730278,0.047683872282505035
626,20.866666666666667,,,,insightface_bbox,0.6481533050537109,83.15328216552734,785.5672607421875,1036.572509765625,2399.938232421875,0,0,1,0,0,0,0,0,0,1,0,0,0.03310930356383324,0.01795206405222416,0.09664178639650345,0.01449167262762785,0.0063470215536653996,0.01633371412754059,0.007754065096378326,0.0250931978225708,0.07229381054639816,0.06705749034881592,0.00696912407875061,0.03839648514986038
627,20.9,,,,insightface_bbox,0.6481533050537109,83.15328216552734,785.5672607421875,1036.572509765625,2399.938232421875,0,0,1,0,0,0,0,0,0,1,0,0,0.03168464079499245,0.0174541138112545,0.0943584144115448,0.013982923701405525,0.006267164833843708,0.016238605603575706,0.007037590257823467,0.024408305063843727,0.07194115966558456,0.06763149797916412,0.0069858720526099205,0.03819208964705467
628,20.933333333333334,,,,insightface_bbox,0.6481533050537109,83.15328216552734,785.5672607421875,1036.572509765625,2399.938232421875,0,0,1,0,0,0,0,0,0,1,0,0,0.031126443296670914,0.016735749319195747,0.09368418902158737,0.013962412253022194,0.006097529083490372,0.015852604061365128,0.006865435745567083,0.024074774235486984,0.06998436152935028,0.06551302224397659,0.006903479341417551,0.03682168573141098
629,20.966666666666665,,,,insightface_bbox,0.6481533050537109,83.15328216552734,785.5672607421875,1036.572509765625,2399.938232421875,0,0,1,0,0,0,0,0,0,1,0,0,0.03651883080601692,0.020142395049333572,0.11569778621196747,0.017248673364520073,0.006783471908420324,0.020074229687452316,0.010089738294482231,0.0278962142765522,0.07635165750980377,0.07305359840393066,0.01245325617492199,0.04777047783136368
630,21.0,,,,insightface_bbox,0.6887308359146118,86.22066497802734,790.2877197265625,1041.7828369140625,2353.858642578125,0,0,1,0,0,0,0,0,0,1,0,0,0.03808178752660751,0.020615994930267334,0.12250789254903793,0.018036380410194397,0.0070012351498007774,0.020599300041794777,0.011062178760766983,0.029356569051742554,0.07873590290546417,0.07571388781070709,0.013122554868459702,0.051029808819293976
631,21.033333333333335,,,,insightface_bbox,0.6887308359146118,86.22066497802734,790.2877197265625,1041.7828369140625,2353.858642578125,0,0,1,0,0,0,0,0,0,1,0,0,0.03598574921488762,0.019215412437915802,0.10824470221996307,0.015838082879781723,0.006701937410980463,0.01837793178856373,0.008598485961556435,0.02629281021654606,0.07346002757549286,0.0680774375796318,0.009343426674604416,0.0429425910115242
632,21.066666666666666,,,,insightface_bbox,0.6887308359146118,86.22066497802734,790.2877197265625,1041.7828369140625,2353.858642578125,0,0,1,0,0,0,0,0,0,1,0,0,0.03552458435297012,0.019069254398345947,0.11204417794942856,0.015840552747249603,0.006845496129244566,0.017907485365867615,0.008488519117236137,0.02651289291679859,0.07411795854568481,0.06828764081001282,0.008588017895817757,0.04397239536046982
633,21.1,,,,insightface_bbox,0.6887308359146118,86.22066497802734,790.2877197265625,1041.7828369140625,2353.858642578125,0,0,1,0,0,0,0,0,0,1,0,0,0.0376250222325325,0.020148862153291702,0.1276807188987732,0.01708591729402542,0.007617723196744919,0.019760914146900177,0.010429464280605316,0.027903053909540176,0.07427004724740982,0.07355838268995285,0.010641932487487793,0.04874856024980545
634,21.133333333333333,,,,insightface_bbox,0.6887308359146118,86.22066497802734,790.2877197265625,1041.7828369140625,2353.858642578125,0,0,1,0,0,0,0,0,0,1,0,0,0.03407347574830055,0.018532540649175644,0.11351846158504486,0.015513557009398937,0.007189084310084581,0.017116375267505646,0.009577353484928608,0.024911703541874886,0.06952696293592453,0.06664533168077469,0.00762471929192543,0.0396796278655529
635,21.166666666666668,,,,insightface_bbox,0.6887308359146118,86.22066497802734,790.2877197265625,1041.7828369140625,2353.858642578125,0,0,1,0,0,0,0,0,0,1,0,0,0.033253252506256104,0.018257487565279007,0.11487271636724472,0.01611788384616375,0.007476062048226595,0.016987895593047142,0.011124743148684502,0.025478389114141464,0.06761746853590012,0.06315265595912933,0.008177383802831173,0.038707148283720016
636,21.2,,,,insightface_bbox,0.6737630367279053,58.3592643737793,799.090576171875,991.4413452148438,2384.6103515625,0,0,1,0,0,0,0,0,0,1,0,0,0.03201761841773987,0.015198016539216042,0.10257558524608612,0.01203972939401865,0.006178135983645916,0.011706303805112839,0.006230985280126333,0.01952664740383625,0.059669747948646545,0.04431252181529999,0.0029881149530410767,0.02461731806397438
637,21.233333333333334,,,,insightface_bbox,0.6737630367279053,58.3592643737793,799.090576171875,991.4413452148438,2384.6103515625,0,0,1,0,0,0,0,0,0,1,0,0,0.033271897584199905,0.01581854559481144,0.11386266350746155,0.01267451886087656,0.006510545499622822,0.012710893526673317,0.00648899283260107,0.02059515193104744,0.060064252465963364,0.04723677039146423,0.003395320847630501,0.027038177475333214
638,21.266666666666666,,,,insightface_bbox,0.6737630367279053,58.3592643737793,799.090576171875,991.4413452148438,2384.6103515625,0,0,1,0,0,0,0,0,0,1,0,0,0.03214237093925476,0.015179264359176159,0.10551582276821136,0.012481918558478355,0.00624101422727108,0.012165270745754242,0.006581375375390053,0.020485594868659973,0.062228135764598846,0.04800011217594147,0.003103702561929822,0.02707131952047348
639,21.3,,,,insightface_bbox,0.6737630367279053,58.3592643737793,799.090576171875,991.4413452148438,2384.6103515625,0,0,1,0,0,0,0,0,0,1,0,0,0.031179264187812805,0.015057478100061417,0.09919565171003342,0.012432524003088474,0.005879675038158894,0.012174868956208229,0.0069678532890975475,0.020471423864364624,0.06154704838991165,0.049663592129945755,0.0034099866170436144,0.029110105708241463
640,21.333333333333332,,,,insightface_bbox,0.6737630367279053,58.3592643737793,799.090576171875,991.4413452148438,2384.6103515625,0,0,1,0,0,0,0,0,0,1,0,0,0.030045492574572563,0.014731127768754959,0.09128574281930923,0.01234896294772625,0.005222297739237547,0.012189175933599472,0.006604583002626896,0.02009803056716919,0.06285841763019562,0.05097949504852295,0.00392173184081912,0.03148079290986061
641,21.366666666666667,,,,insightface_bbox,0.6737630367279053,58.3592643737793,799.090576171875,991.4413452148438,2384.6103515625,0,0,1,0,0,0,0,0,0,1,0,0,0.031588371843099594,0.016933554783463478,0.10589148104190826,0.01264355331659317,0.004531207028776407,0.013372259214520454,0.006000195629894733,0.019498435780405998,0.060060515999794006,0.047608621418476105,0.004858174826949835,0.0316709503531456
642,21.4,,,,insightface_bbox,0.691435694694519,91.28656005859375,817.1954345703125,1057.7955322265625,2326.656005859375,0,0,1,0,0,0,0,0,0,1,0,0,0.03809797763824463,0.023114148527383804,0.11119984835386276,0.017666321247816086,0.006359247490763664,0.02011912688612938,0.008977505378425121,0.02649185247719288,0.07191428542137146,0.07250368595123291,0.012012835592031479,0.0413505956530571
643,21.433333333333334,,,,insightface_bbox,0.691435694694519,91.28656005859375,817.1954345703125,1057.7955322265625,2326.656005859375,0,0,1,0,0,0,0,0,0,1,0,0,0.03833501413464546,0.021917270496487617,0.11051896959543228,0.017759593203663826,0.006021601147949696,0.020761355757713318,0.009640314616262913,0.027599560096859932,0.07174915820360184,0.0785164088010788,0.013054833747446537,0.04051796719431877
644,21.466666666666665,,,,insightface_bbox,0.691435694694519,91.28656005859375,817.1954345703125,1057.7955322265625,2326.656005859375,0,0,1,0,0,0,0,0,0,1,0,0,0.038576312363147736,0.0213709007948637,0.11359576880931854,0.018176574259996414,0.006360986735671759,0.01945102959871292,0.010110434144735336,0.027643201872706413,0.07276926934719086,0.07992447167634964,0.012080622836947441,0.0410558246076107
645,21.5,,,,insightface_bbox,0.691435694694519,91.28656005859375,817.1954345703125,1057.7955322265625,2326.656005859375,0,0,1,0,0,0,0,0,0,1,0,0,0.03894839435815811,0.021929237991571426,0.12066516280174255,0.01897871308028698,0.006882659625262022,0.01869579590857029,0.010409532114863396,0.029549796134233475,0.07700080424547195,0.08385598659515381,0.01054765097796917,0.039543602615594864
646,21.533333333333335,,,,insightface_bbox,0.691435694694519,91.28656005859375,817.1954345703125,1057.7955322265625,2326.656005859375,0,0,1,0,0,0,0,0,0,1,0,0,0.04091227799654007,0.022505536675453186,0.12979070842266083,0.019107310101389885,0.006541050039231777,0.01982707902789116,0.011043698526918888,0.029866889119148254,0.07784025371074677,0.0846773087978363,0.01168909016996622,0.03956083208322525
647,21.566666666666666,,,,insightface_bbox,0.691435694694519,91.28656005859375,817.1954345703125,1057.7955322265625,2326.656005859375,0,0,1,0,0,0,0,0,0,1,0,0,0.038332078605890274,0.020369049161672592,0.12842701375484467,0.017067713662981987,0.006055857520550489,0.018432142212986946,0.009135514497756958,0.026979727670550346,0.07469120621681213,0.07987138628959656,0.010846445336937904,0.041658759117126465
648,21.6,,,,insightface_bbox,0.7171257734298706,93.3292465209961,791.9818115234375,1070.18896484375,2324.009521484375,0,0,1,0,0,0,0,0,0,1,0,0,0.03868519514799118,0.021920058876276016,0.11257684975862503,0.01913044974207878,0.006923049688339233,0.021179676055908203,0.011699431575834751,0.03065391629934311,0.07820451259613037,0.08365332335233688,0.01314560417085886,0.04130023717880249
649,21.633333333333333,,,,insightface_bbox,0.7171257734298706,93.3292465209961,791.9818115234375,1070.18896484375,2324.009521484375,0,0,1,0,0,0,0,0,0,1,0,0,0.0397675484418869,0.02381998859345913,0.10740140080451965,0.02013128250837326,0.007899556308984756,0.023116955533623695,0.013443258590996265,0.03244525566697121,0.0816001445055008,0.08325845003128052,0.013014020398259163,0.0400916263461113
650,21.666666666666668,,,,insightface_bbox,0.7171257734298706,93.3292465209961,791.9818115234375,1070.18896484375,2324.009521484375,0,0,1,0,0,0,0,0,0,1,0,0,0.04187065735459328,0.02354154735803604,0.1318214237689972,0.020522894337773323,0.008051035925745964,0.023745790123939514,0.015201108530163765,0.03292049467563629,0.0777987688779831,0.08325494080781937,0.016892265528440475,0.04482325538992882
651,21.7,,,,insightface_bbox,0.7171257734298706,93.3292465209961,791.9818115234375,1070.18896484375,2324.009521484375,0,0,1,0,0,0,0,0,0,1,0,0,0.046071480959653854,0.02422294393181801,0.20082375407218933,0.023881709203124046,0.008414704352617264,0.028074920177459717,0.02330697886645794,0.03589453548192978,0.07690761238336563,0.08314156532287598,0.01915411837399006,0.04856746643781662
652,21.733333333333334,,,,insightface_bbox,0.7171257734298706,93.3292465209961,791.9818115234375,1070.18896484375,2324.009521484375,0,0,1,0,0,0,0,0,0,0,0,0,0.04575445502996445,0.02517828531563282,0.20617327094078064,0.025054417550563812,0.009040424600243568,0.027585480362176895,0.020986858755350113,0.03574635460972786,0.07207764685153961,0.07671262323856354,0.021921994164586067,0.05014058202505112
653,21.766666666666666,,,,insightface_bbox,0.7171257734298706,93.3292465209961,791.9818115234375,1070.18896484375,2324.009521484375,0,0,1,0,0,0,0,0,0,0,0,0,0.04577028006315231,0.02488933876156807,0.2075764238834381,0.02380594238638878,0.008991929702460766,0.025571037083864212,0.019192306324839592,0.03319983929395676,0.06912537664175034,0.07369865477085114,0.01905200630426407,0.04918960481882095
654,21.8,,,,insightface_bbox,0.6888970732688904,27.3515567779541,790.8829956054688,986.5899658203125,2395.90478515625,0,0,1,0,0,0,0,0,0,1,0,0,0.03436530381441116,0.019415078684687614,0.1410641372203827,0.018264705315232277,0.007931940257549286,0.01964457519352436,0.011230165138840675,0.02841084450483322,0.06431148201227188,0.06162742152810097,0.010569888167083263,0.039812348783016205
655,21.833333333333332,,,,insightface_bbox,0.6888970732688904,27.3515567779541,790.8829956054688,986.5899658203125,2395.90478515625,0,0,1,0,0,0,0,0,0,1,0,0,0.034299083054065704,0.019198333844542503,0.13997501134872437,0.017451303079724312,0.007775392383337021,0.019113963469862938,0.010812988504767418,0.027191435918211937,0.060836952179670334,0.05832013487815857,0.009821816347539425,0.03954489156603813
656,21.866666666666667,,,,insightface_bbox,0.6888970732688904,27.3515567779541,790.8829956054688,986.5899658203125,2395.90478515625,0,0,1,0,0,0,0,0,0,1,0,0,0.03367982059717178,0.01846148446202278,0.13959723711013794,0.016799984499812126,0.007470575626939535,0.018628982827067375,0.010026042349636555,0.027031460776925087,0.05970858410000801,0.05764549970626831,0.009476771578192711,0.03894291818141937
657,21.9,,,,insightface_bbox,0.6888970732688904,27.3515567779541,790.8829956054688,986.5899658203125,2395.90478515625,0,0,1,0,0,0,0,0,0,1,0,0,0.03538050502538681,0.01811910793185234,0.1550205647945404,0.01651027426123619,0.007025422994047403,0.018399756401777267,0.009894076734781265,0.027018435299396515,0.05993921682238579,0.0595092698931694,0.009283673949539661,0.03896651417016983
658,21.933333333333334,,,,insightface_bbox,0.6888970732688904,27.3515567779541,790.8829956054688,986.5899658203125,2395.90478515625,0,0,1,0,0,0,0,0,0,1,0,0,0.03788464516401291,0.018446413800120354,0.1641518473625183,0.016716400161385536,0.007344385609030724,0.018535904586315155,0.009986964985728264,0.026975072920322418,0.06380975246429443,0.06095805764198303,0.009175704792141914,0.041107501834630966
659,21.966666666666665,,,,insightface_bbox,0.6888970732688904,27.3515567779541,790.8829956054688,986.5899658203125,2395.90478515625,0,0,1,0,0,0,0,0,0,1,0,0,0.038008708506822586,0.01796487160027027,0.16029582917690277,0.016158897429704666,0.007159188389778137,0.018291102722287178,0.009645922109484673,0.02662244811654091,0.06402084976434708,0.06173531711101532,0.008383838459849358,0.040948186069726944
660,22.0,,,,insightface_bbox,0.6945074796676636,13.615038871765137,762.6483154296875,968.6388549804688,2388.072998046875,0,0,1,0,0,0,0,0,0,1,0,0,0.03368068113923073,0.01685171015560627,0.14678773283958435,0.01518223900347948,0.006372686941176653,0.017238808795809746,0.008621199056506157,0.025712287053465843,0.06189437583088875,0.05835939198732376,0.007209690287709236,0.034567199647426605
661,22.033333333333335,,,,insightface_bbox,0.6945074796676636,13.615038871765137,762.6483154296875,968.6388549804688,2388.072998046875,0,0,1,0,0,0,0,0,0,1,0,0,0.03328637778759003,0.017835961654782295,0.1455029845237732,0.016557296738028526,0.006783743388950825,0.019699741154909134,0.009212340228259563,0.02795923501253128,0.060536764562129974,0.061882779002189636,0.01115691103041172,0.036786146461963654
662,22.066666666666666,,,,insightface_bbox,0.6945074796676636,13.615038871765137,762.6483154296875,968.6388549804688,2388.072998046875,0,0,1,0,0,0,0,0,0,1,0,0,0.03420853614807129,0.01874399557709694,0.15074743330478668,0.0169389471411705,0.007059704512357712,0.019635705277323723,0.009477800689637661,0.030161291360855103,0.06362636387348175,0.06867648661136627,0.008946886286139488,0.035276927053928375
663,22.1,,,,insightface_bbox,0.6945074796676636,13.615038871765137,762.6483154296875,968.6388549804688,2388.072998046875,0,0,1,0,0,0,0,0,0,1,0,0,0.037265628576278687,0.020808551460504532,0.16174659132957458,0.018425358459353447,0.0070828902535140514,0.021059822291135788,0.010322589427232742,0.03277306631207466,0.0735853761434555,0.07695707678794861,0.012322635389864445,0.03941236436367035
664,22.133333333333333,,,,insightface_bbox,0.6945074796676636,13.615038871765137,762.6483154296875,968.6388549804688,2388.072998046875,0,0,1,0,0,0,0,0,0,1,0,0,0.0397990345954895,0.021211542189121246,0.169597789645195,0.018490398302674294,0.0072272224351763725,0.02219301089644432,0.010348103940486908,0.03235548734664917,0.07190434634685516,0.07552056014537811,0.010827222838997841,0.036144837737083435
665,22.166666666666668,,,,insightface_bbox,0.6945074796676636,13.615038871765137,762.6483154296875,968.6388549804688,2388.072998046875,0,0,1,0,0,0,0,0,0,1,0,0,0.04272518679499626,0.02148270606994629,0.1840289682149887,0.018926462158560753,0.007684333715587854,0.023041220381855965,0.010413125157356262,0.03281087428331375,0.07449238002300262,0.0736263245344162,0.010790815576910973,0.03570345789194107
666,22.2,,,,insightface_bbox,0.7075871229171753,34.092464447021484,757.2512817382812,941.8800048828125,2300.126708984375,0,0,1,0,0,0,0,0,0,1,0,1,0.028317715972661972,0.01449647732079029,0.119020976126194,0.011558550409972668,0.00524634076282382,0.011522199958562851,0.003971053287386894,0.021961254999041557,0.06381846219301224,0.052646152675151825,0.0030724506359547377,0.02394726872444153
667,22.233333333333334,,,,insightface_bbox,0.7075871229171753,34.092464447021484,757.2512817382812,941.8800048828125,2300.126708984375,0,0,1,0,0,0,0,0,0,1,0,1,0.029947731643915176,0.015017837285995483,0.11333688348531723,0.01167729590088129,0.0051575154066085815,0.011215625330805779,0.004284944385290146,0.020938921719789505,0.06095346435904503,0.04871756583452225,0.0030627353116869926,0.024000197649002075
668,22.266666666666666,,,,insightface_bbox,0.7075871229171753,34.092464447021484,757.2512817382812,941.8800048828125,2300.126708984375,0,0,1,0,0,0,0,0,0,1,0,0,0.030277464538812637,0.015439650975167751,0.11299432814121246,0.012205875478684902,0.0054681808687746525,0.011552441865205765,0.004770402796566486,0.02143808826804161,0.06027105450630188,0.04787898808717728,0.00306151807308197,0.024569369852542877
669,22.3,,,,insightface_bbox,0.7075871229171753,34.092464447021484,757.2512817382812,941.8800048828125,2300.126708984375,0,0,1,0,0,0,0,0,0,1,0,1,0.03145083785057068,0.015926023945212364,0.12296338379383087,0.012499717064201832,0.005948580801486969,0.012349085882306099,0.0054000066593289375,0.022573456168174744,0.06450413167476654,0.04991212487220764,0.0028198075015097857,0.024484027177095413
670,22.333333333333332,,,,insightface_bbox,0.7075871229171753,34.092464447021484,757.2512817382812,941.8800048828125,2300.126708984375,0,0,1,0,0,0,0,0,0,1,0,1,0.03180694207549095,0.016234662383794785,0.12350212037563324,0.012663787230849266,0.006253572180867195,0.012870924547314644,0.005205097142606974,0.02346339076757431,0.06756889075040817,0.0537293404340744,0.0029398452024906874,0.024629199877381325
671,22.366666666666667,,,,insightface_bbox,0.7075871229171753,34.092464447021484,757.2512817382812,941.8800048828125,2300.126708984375,0,0,1,0,0,0,0,0,0,1,0,1,0.03076913207769394,0.01661629229784012,0.1259544938802719,0.01298695057630539,0.006372441537678242,0.013256543315947056,0.0048301732167601585,0.024722691625356674,0.06888295710086823,0.05734400823712349,0.0034695970825850964,0.02650332637131214
672,22.4,,,,insightface_bbox,0.704258918762207,52.791622161865234,782.478759765625,966.0830078125,2318.694091796875,0,0,1,0,0,0,0,0,0,1,0,1,0.02899041585624218,0.015447358600795269,0.11063310503959656,0.012835243716835976,0.006404630374163389,0.01376405730843544,0.005093596410006285,0.02783162146806717,0.06989774107933044,0.06305283308029175,0.0035990483593195677,0.025722753256559372
673,22.433333333333334,,,,insightface_bbox,0.704258918762207,52.791622161865234,782.478759765625,966.0830078125,2318.694091796875,0,0,1,0,0,0,0,0,0,1,0,1,0.03080369532108307,0.01636713743209839,0.12116232514381409,0.013117325492203236,0.006524630822241306,0.014385554939508438,0.0050537013448774815,0.0259987972676754,0.06986337900161743,0.060669053345918655,0.004091726150363684,0.026745017617940903
674,22.466666666666665,,,,insightface_bbox,0.704258918762207,52.791622161865234,782.478759765625,966.0830078125,2318.694091796875,0,0,1,0,0,0,0,0,0,1,0,1,0.029851987957954407,0.01606532372534275,0.11697504669427872,0.012946335598826408,0.006697173696011305,0.013543396256864071,0.005237613804638386,0.026190606877207756,0.06766322255134583,0.05955212190747261,0.0034809575881808996,0.025860421359539032
675,22.5,,,,insightface_bbox,0.704258918762207,52.791622161865234,782.478759765625,966.0830078125,2318.694091796875,0,0,1,0,0,0,0,0,0,1,0,1,0.029755979776382446,0.016392359510064125,0.11737577617168427,0.012758481316268444,0.00647041667252779,0.01291981153190136,0.005287613719701767,0.024841168895363808,0.06617890298366547,0.0577784925699234,0.0033116687554866076,0.02598002180457115
676,22.533333333333335,,,,insightface_bbox,0.704258918762207,52.791622161865234,782.478759765625,966.0830078125,2318.694091796875,0,0,1,0,0,0,0,0,0,1,0,0,0.03198996186256409,0.017024466767907143,0.12163513153791428,0.012991318479180336,0.006202231161296368,0.013248980045318604,0.005750015377998352,0.024285541847348213,0.06684859842061996,0.05562417209148407,0.0035246284678578377,0.026338905096054077
677,22.566666666666666,,,,insightface_bbox,0.704258918762207,52.791622161865234,782.478759765625,966.0830078125,2318.694091796875,0,0,1,0,0,0,0,0,0,1,0,0,0.03492733836174011,0.017844537273049355,0.12590643763542175,0.013856375589966774,0.006203728727996349,0.013843033462762833,0.006129751447588205,0.02410230040550232,0.06994505971670151,0.05503353103995323,0.003928801044821739,0.028611773625016212
678,22.6,,,,insightface_bbox,0.6833143830299377,92.20777893066406,814.2198486328125,1013.9411010742188,2355.207763671875,0,0,1,0,0,0,0,0,0,1,0,0,0.03473377600312233,0.018442340195178986,0.10773423314094543,0.013810697942972183,0.006476942915469408,0.013569872826337814,0.006498870439827442,0.02219368703663349,0.06985786557197571,0.05714220553636551,0.0037147828843444586,0.028198642656207085
679,22.633333333333333,,,,insightface_bbox,0.6833143830299377,92.20777893066406,814.2198486328125,1013.9411010742188,2355.207763671875,0,0,1,0,0,0,0,0,0,1,0,0,0.034863390028476715,0.01903386041522026,0.10460503399372101,0.014431359246373177,0.006306346505880356,0.013805228285491467,0.0063189612701535225,0.022510729730129242,0.06541576981544495,0.05309814587235451,0.00442899065092206,0.02990010380744934
680,22.666666666666668,,,,insightface_bbox,0.6833143830299377,92.20777893066406,814.2198486328125,1013.9411010742188,2355.207763671875,0,0,1,0,0,0,0,0,0,1,0,0,0.0341661162674427,0.019082002341747284,0.10532061755657196,0.014672080054879189,0.0062665618024766445,0.013819309882819653,0.00624069245532155,0.022632669657468796,0.06294003129005432,0.05225873738527298,0.0051499055698513985,0.03213813900947571
681,22.7,,,,insightface_bbox,0.6833143830299377,92.20777893066406,814.2198486328125,1013.9411010742188,2355.207763671875,0,0,1,0,0,0,0,0,0,1,0,0,0.03605262190103531,0.019724365323781967,0.10917764902114868,0.015539849177002907,0.006657601799815893,0.01478533074259758,0.006843765266239643,0.02366599068045616,0.06652995198965073,0.053698379546403885,0.005904354155063629,0.03529921546578407
682,22.733333333333334,,,,insightface_bbox,0.6833143830299377,92.20777893066406,814.2198486328125,1013.9411010742188,2355.207763671875,0,0,1,0,0,0,0,0,0,1,0,0,0.03709188848733902,0.019949229434132576,0.12056772410869598,0.015407359227538109,0.006773727014660835,0.014966578222811222,0.006919394247233868,0.02338455058634281,0.06638283282518387,0.053824618458747864,0.00608744565397501,0.03727727010846138
683,22.766666666666666,,,,insightface_bbox,0.6833143830299377,92.20777893066406,814.2198486328125,1013.9411010742188,2355.207763671875,0,0,1,0,0,0,0,0,0,1,0,0,0.03769276291131973,0.02046784572303295,0.12848873436450958,0.015520550310611725,0.007028491236269474,0.015362593345344067,0.007316448725759983,0.024055074900388718,0.06631621718406677,0.05418853834271431,0.006406924221664667,0.03873695805668831
684,22.8,,,,insightface_bbox,0.7042808532714844,112.18636322021484,828.34814453125,1022.0117797851562,2344.9375,0,0,1,0,0,0,0,0,0,1,0,0,0.04138156399130821,0.021546876057982445,0.13704335689544678,0.017248526215553284,0.0077646225690841675,0.016520438715815544,0.007764190435409546,0.025216586887836456,0.06780551373958588,0.05432524532079697,0.0069902255199849606,0.04156530648469925
685,22.833333333333332,,,,insightface_bbox,0.7042808532714844,112.18636322021484,828.34814453125,1022.0117797851562,2344.9375,0,0,1,0,0,0,0,0,0,1,0,0,0.03760036826133728,0.020531805232167244,0.12041689455509186,0.01578599028289318,0.006913931109011173,0.01488890964537859,0.006815091706812382,0.023960741236805916,0.06473343074321747,0.05314065143465996,0.006330753676593304,0.03949381783604622
686,22.866666666666667,,,,insightface_bbox,0.7042808532714844,112.18636322021484,828.34814453125,1022.0117797851562,2344.9375,0,0,1,0,0,0,0,0,0,1,0,0,0.03680161386728287,0.020596090704202652,0.11592499911785126,0.01636015996336937,0.006683076731860638,0.014694789424538612,0.006881054025143385,0.025648489594459534,0.06538853794336319,0.0540962740778923,0.0062140547670423985,0.039320141077041626
687,22.9,,,,insightface_bbox,0.7042808532714844,112.18636322021484,828.34814453125,1022.0117797851562,2344.9375,0,0,1,0,0,0,0,0,0,1,0,0,0.03656390681862831,0.020194269716739655,0.11625691503286362,0.015565924346446991,0.006540402770042419,0.014568716287612915,0.006526164710521698,0.02391951158642769,0.06329408288002014,0.0514010526239872,0.005966834258288145,0.037170879542827606
688,22.933333333333334,,,,insightface_bbox,0.7042808532714844,112.18636322021484,828.34814453125,1022.0117797851562,2344.9375,0,0,1,0,0,0,0,0,0,1,0,0,0.03730316460132599,0.02024243399500847,0.12225701659917831,0.015379934571683407,0.006623651832342148,0.014822132885456085,0.0063181789591908455,0.024025514721870422,0.0640072301030159,0.05160519480705261,0.005888077430427074,0.036775946617126465
689,22.966666666666665,,,,insightface_bbox,0.7042808532714844,112.18636322021484,828.34814453125,1022.0117797851562,2344.9375,0,0,1,0,0,0,0,0,0,1,0,0,0.03775804862380028,0.02003389410674572,0.12934637069702148,0.015350235626101494,0.00669971015304327,0.015263077802956104,0.006177280563861132,0.0247083380818367,0.06525677442550659,0.052547380328178406,0.0063357120379805565,0.03789126127958298
690,23.0,,,,insightface_bbox,0.7057006359100342,112.33147430419922,819.6178588867188,1020.5475463867188,2328.255126953125,0,0,1,0,0,0,0,0,0,1,0,0,0.03601519763469696,0.019017664715647697,0.12964831292629242,0.014984803274273872,0.00682337861508131,0.015315678901970387,0.005971758626401424,0.02501106634736061,0.06763993203639984,0.0559680312871933,0.005584519822150469,0.03420780599117279
691,23.033333333333335,,,,insightface_bbox,0.7057006359100342,112.33147430419922,819.6178588867188,1020.5475463867188,2328.255126953125,0,0,1,0,0,0,0,0,0,1,0,0,0.03587473928928375,0.019498270004987717,0.12322935461997986,0.014844411052763462,0.006849686149507761,0.014749118126928806,0.006008769851177931,0.02436729148030281,0.06674467772245407,0.05470939353108406,0.005547729786485434,0.03477337211370468
692,23.066666666666666,,,,insightface_bbox,0.7057006359100342,112.33147430419922,819.6178588867188,1020.5475463867188,2328.255126953125,0,0,1,0,0,0,0,0,0,1,0,0,0.035704728215932846,0.01953595131635666,0.1235336884856224,0.014640222303569317,0.006712183356285095,0.014903540723025799,0.005913947708904743,0.0239174235612154,0.06618431955575943,0.053252074867486954,0.006651675328612328,0.036617424339056015
693,23.1,,,,insightface_bbox,0.7057006359100342,112.33147430419922,819.6178588867188,1020.5475463867188,2328.255126953125,0,0,1,0,0,0,0,0,0,1,0,0,0.03789569437503815,0.021108638495206833,0.14589861035346985,0.0159038957208395,0.007438482716679573,0.016402117908000946,0.006661112420260906,0.02545398660004139,0.06854792684316635,0.055142439901828766,0.007826176472008228,0.041105519980192184
694,23.133333333333333,,,,insightface_bbox,0.7057006359100342,112.33147430419922,819.6178588867188,1020.5475463867188,2328.255126953125,0,0,1,0,0,0,0,0,0,1,0,0,0.04340558871626854,0.024127785116434097,0.1788800060749054,0.018151134252548218,0.008004681207239628,0.01923147402703762,0.00800841674208641,0.027871649712324142,0.0693201944231987,0.055833712220191956,0.011107941158115864,0.04782980680465698
695,23.166666666666668,,,,insightface_bbox,0.7057006359100342,112.33147430419922,819.6178588867188,1020.5475463867188,2328.255126953125,0,0,1,0,0,0,0,0,0,1,0,0,0.04565749317407608,0.025034036487340927,0.21042464673519135,0.020421534776687622,0.008303644135594368,0.021855611354112625,0.009211375378072262,0.03232507407665253,0.07324280589818954,0.05942828953266144,0.014396585524082184,0.048965852707624435
696,23.2,,,,insightface_bbox,0.6849557161331177,116.73866271972656,875.8529052734375,1013.78271484375,2329.8349609375,0,0,1,0,0,0,0,0,0,1,0,0,0.044732749462127686,0.023555047810077667,0.22019700706005096,0.018580807372927666,0.006890260614454746,0.01900138333439827,0.007874973118305206,0.02910887822508812,0.0684807151556015,0.05652579665184021,0.009006460197269917,0.04028230160474777
697,23.233333333333334,,,,insightface_bbox,0.6849557161331177,116.73866271972656,875.8529052734375,1013.78271484375,2329.8349609375,0,0,1,0,0,0,0,0,0,1,0,0,0.04447512328624725,0.02326350286602974,0.2037438005208969,0.017706770449876785,0.0066146994940936565,0.018399745225906372,0.007352961227297783,0.02797864004969597,0.06597907841205597,0.05438344180583954,0.009946830570697784,0.04156118258833885
698,23.266666666666666,,,,insightface_bbox,0.6849557161331177,116.73866271972656,875.8529052734375,1013.78271484375,2329.8349609375,0,0,1,0,0,0,0,0,0,1,0,0,0.04556712508201599,0.023506291210651398,0.19630509614944458,0.017935151234269142,0.006543985102325678,0.01750354655086994,0.007132057100534439,0.027766868472099304,0.0636710673570633,0.05078868567943573,0.00920029915869236,0.040179233998060226
699,23.3,,,,insightface_bbox,0.6849557161331177,116.73866271972656,875.8529052734375,1013.78271484375,2329.8349609375,0,0,1,0,0,0,0,0,0,1,0,0,0.051709678024053574,0.025187581777572632,0.23626521229743958,0.01976289600133896,0.007611085660755634,0.020679766312241554,0.0108121857047081,0.03058157116174698,0.08068926632404327,0.06500493735074997,0.008266699500381947,0.03935203701257706
700,23.333333333333332,,,,insightface_bbox,0.6849557161331177,116.73866271972656,875.8529052734375,1013.78271484375,2329.8349609375,0,0,1,0,0,0,0,0,0,1,0,1,0.03954683989286423,0.01925020106136799,0.17317327857017517,0.015806520357728004,0.006989003624767065,0.01611756905913353,0.00907364021986723,0.027215545997023582,0.07382111996412277,0.0577554814517498,0.004535777494311333,0.03299829363822937
701,23.366666666666667,,,,insightface_bbox,0.6849557161331177,116.73866271972656,875.8529052734375,1013.78271484375,2329.8349609375,0,0,1,0,0,0,0,0,0,1,0,0,0.038508228957653046,0.01978045515716076,0.1601516604423523,0.015466361306607723,0.006219357252120972,0.01499040424823761,0.007714410778135061,0.024862807244062424,0.06904812157154083,0.0609712079167366,0.005341404117643833,0.03209221735596657
702,23.4,,,,insightface_bbox,0.6473913788795471,90.22571563720703,835.7182006835938,951.6227416992188,2471.168701171875,0,0,1,0,0,0,0,0,0,1,0,0,0.04682512581348419,0.024195993319153786,0.3910507559776306,0.019009850919246674,0.008800450712442398,0.027523767203092575,0.013058474287390709,0.03086702711880207,0.0793536901473999,0.07827439904212952,0.015884244814515114,0.047440506517887115
703,23.433333333333334,,,,insightface_bbox,0.6473913788795471,90.22571563720703,835.7182006835938,951.6227416992188,2471.168701171875,0,0,1,0,0,0,0,0,0,1,0,0,0.048432596027851105,0.025665976107120514,0.4039849638938904,0.019268633797764778,0.008211635053157806,0.026709791272878647,0.012171667069196701,0.02873053401708603,0.07126475125551224,0.06538650393486023,0.016716567799448967,0.04425783082842827
704,23.466666666666665,,,,insightface_bbox,0.6473913788795471,90.22571563720703,835.7182006835938,951.6227416992188,2471.168701171875,0,0,1,0,0,0,0,0,0,1,0,0,0.04901397228240967,0.025632686913013458,0.39497190713882446,0.01937280222773552,0.008322623558342457,0.02487364038825035,0.011701191775500774,0.029808012768626213,0.06986580789089203,0.06007848307490349,0.013563085347414017,0.04106656089425087
705,23.5,,,,insightface_bbox,0.6473913788795471,90.22571563720703,835.7182006835938,951.6227416992188,2471.168701171875,0,0,1,0,0,0,0,0,0,1,0,0,0.04472777992486954,0.024060998111963272,0.34218746423721313,0.01868976652622223,0.008626087568700314,0.023590367287397385,0.01041189581155777,0.03523432835936546,0.07900092750787735,0.07055579125881195,0.009659864939749241,0.04032191261649132
706,23.533333333333335,,,,insightface_bbox,0.6473913788795471,90.22571563720703,835.7182006835938,951.6227416992188,2471.168701171875,0,0,1,0,0,0,0,0,0,1,0,0,0.04546765610575676,0.02376885898411274,0.32982292771339417,0.018170850351452827,0.008442847989499569,0.022260529920458794,0.009582861326634884,0.03283555805683136,0.07268800586462021,0.0698501467704773,0.01140475645661354,0.045177608728408813
707,23.566666666666666,,,,insightface_bbox,0.6473913788795471,90.22571563720703,835.7182006835938,951.6227416992188,2471.168701171875,0,0,1,0,0,0,0,0,0,1,0,0,0.04700178653001785,0.02317449077963829,0.3149401843547821,0.01720832847058773,0.008145447820425034,0.01973678171634674,0.009166477248072624,0.030163493007421494,0.07629574835300446,0.06686316430568695,0.00858989916741848,0.041875582188367844
708,23.6,,,,insightface_bbox,0.6810370683670044,107.02320861816406,852.1688842773438,1008.8546752929688,2322.037353515625,0,0,1,0,0,0,0,0,0,1,0,0,0.03916740044951439,0.020603448152542114,0.19857069849967957,0.01760232448577881,0.007792070973664522,0.018777061253786087,0.008029818534851074,0.029228568077087402,0.06823641061782837,0.059326235204935074,0.007821467705070972,0.04119107872247696
709,23.633333333333333,,,,insightface_bbox,0.6810370683670044,107.02320861816406,852.1688842773438,1008.8546752929688,2322.037353515625,0,0,1,0,0,0,0,0,0,1,0,0,0.04313342645764351,0.022265266627073288,0.20813710987567902,0.018252378329634666,0.007459321990609169,0.018648091703653336,0.00860561802983284,0.028104551136493683,0.06912645697593689,0.0573088563978672,0.007932140491902828,0.04008401930332184
710,23.666666666666668,,,,insightface_bbox,0.6810370683670044,107.02320861816406,852.1688842773438,1008.8546752929688,2322.037353515625,0,0,1,0,0,0,0,0,0,1,0,0,0.044224295765161514,0.022470928728580475,0.21882487833499908,0.018014710396528244,0.0072401766665279865,0.01903046853840351,0.008564658463001251,0.027329687029123306,0.06910126656293869,0.057225193828344345,0.00817466713488102,0.038530997931957245
711,23.7,,,,insightface_bbox,0.6810370683670044,107.02320861816406,852.1688842773438,1008.8546752929688,2322.037353515625,0,0,1,0,0,0,0,0,0,1,0,0,0.044874414801597595,0.02308625727891922,0.2256917804479599,0.018701685592532158,0.0074162608943879604,0.01980057917535305,0.009262369945645332,0.028772598132491112,0.06962621957063675,0.058430202305316925,0.009215893223881721,0.04034459590911865
712,23.733333333333334,,,,insightface_bbox,0.6810370683670044,107.02320861816406,852.1688842773438,1008.8546752929688,2322.037353515625,0,0,1,0,0,0,0,0,0,1,0,0,0.0452287420630455,0.02331828512251377,0.23198986053466797,0.018444783985614777,0.00742148095741868,0.020057599991559982,0.009244417771697044,0.028239063918590546,0.06802354007959366,0.057456158101558685,0.009759064763784409,0.04127059876918793
713,23.766666666666666,,,,insightface_bbox,0.6810370683670044,107.02320861816406,852.1688842773438,1008.8546752929688,2322.037353515625,0,0,1,0,0,0,0,0,0,1,0,0,0.04529771953821182,0.023448798805475235,0.23122204840183258,0.018649835139513016,0.007591853849589825,0.020575933158397675,0.009314699098467827,0.028704136610031128,0.06802190095186234,0.0586489662528038,0.010510090738534927,0.04305689036846161
714,23.8,,,,insightface_bbox,0.6660114526748657,120.83792114257812,900.8179931640625,1012.1530151367188,2319.3447265625,0,0,1,0,0,0,0,0,0,1,0,0,0.04431945085525513,0.021474607288837433,0.23214423656463623,0.016886921599507332,0.006674346514046192,0.018517032265663147,0.007888774387538433,0.025679131969809532,0.06539829075336456,0.05309434235095978,0.008796116337180138,0.04107470065355301
715,23.833333333333332,,,,insightface_bbox,0.6660114526748657,120.83792114257812,900.8179931640625,1012.1530151367188,2319.3447265625,0,0,1,0,0,0,0,0,0,1,0,0,0.04386329650878906,0.021136870607733727,0.23159459233283997,0.0170452781021595,0.006916877347975969,0.017615677788853645,0.008463848382234573,0.025373496115207672,0.06753341853618622,0.054301679134368896,0.006065419875085354,0.037231869995594025
716,23.866666666666667,,,,insightface_bbox,0.6660114526748657,120.83792114257812,900.8179931640625,1012.1530151367188,2319.3447265625,0,0,1,0,0,0,0,0,0,1,0,0,0.04213595390319824,0.021008655428886414,0.23151329159736633,0.01560699287801981,0.006067841313779354,0.016190892085433006,0.006935971323400736,0.021197453141212463,0.05967311933636665,0.049219854176044464,0.00593486987054348,0.03244875743985176
717,23.9,,,,insightface_bbox,0.6660114526748657,120.83792114257812,900.8179931640625,1012.1530151367188,2319.3447265625,0,0,1,0,0,0,0,0,0,1,0,0,0.04131373018026352,0.02176089584827423,0.2104913294315338,0.017068970948457718,0.0060660261660814285,0.017128244042396545,0.007176696788519621,0.024110913276672363,0.06149787828326225,0.055701494216918945,0.007144334260374308,0.032466426491737366
718,23.933333333333334,,,,insightface_bbox,0.6660114526748657,120.83792114257812,900.8179931640625,1012.1530151367188,2319.3447265625,0,0,1,0,0,0,0,0,0,1,0,0,0.03909127786755562,0.02079196646809578,0.19089794158935547,0.016930030658841133,0.006083408370614052,0.01589224487543106,0.006641075946390629,0.026416713371872902,0.07194572687149048,0.05939215049147606,0.005875252652913332,0.032786980271339417
719,23.966666666666665,,,,insightface_bbox,0.6660114526748657,120.83792114257812,900.8179931640625,1012.1530151367188,2319.3447265625,0,0,1,0,0,0,0,0,0,1,0,0,0.04187922924757004,0.023387257009744644,0.19237764179706573,0.01897316984832287,0.006329855415970087,0.01628871075809002,0.00780458003282547,0.02740861475467682,0.07370571792125702,0.06052592769265175,0.006325724069029093,0.03522772341966629
720,24.0,,,,insightface_bbox,0.6552402377128601,115.68297576904297,848.6512451171875,1018.523193359375,2360.033447265625,0,0,1,0,0,0,0,0,0,1,0,0,0.04039439558982849,0.022010236978530884,0.17283836007118225,0.0180656835436821,0.006574415136128664,0.01616193726658821,0.007085180841386318,0.028225678950548172,0.07023517787456512,0.057339441031217575,0.00881151296198368,0.039767440408468246
721,24.033333333333335,,,,insightface_bbox,0.6552402377128601,115.68297576904297,848.6512451171875,1018.523193359375,2360.033447265625,0,0,1,0,0,0,0,0,0,1,0,0,0.037539828568696976,0.020574260503053665,0.15075825154781342,0.01654016599059105,0.006834701634943485,0.015189507976174355,0.007062272634357214,0.025214888155460358,0.06551709771156311,0.05337521806359291,0.0070911580696702,0.03942672535777092
722,24.066666666666666,,,,insightface_bbox,0.6552402377128601,115.68297576904297,848.6512451171875,1018.523193359375,2360.033447265625,0,0,1,0,0,0,0,0,0,1,0,0,0.03877945989370346,0.021102624014019966,0.15711313486099243,0.016873132437467575,0.006884625647217035,0.015823544934391975,0.007531363051384687,0.025064367800951004,0.06447748094797134,0.052755702286958694,0.007202749140560627,0.04027974605560303
723,24.1,,,,insightface_bbox,0.6552402377128601,115.68297576904297,848.6512451171875,1018.523193359375,2360.033447265625,0,0,1,0,0,0,0,0,0,1,0,0,0.03779707849025726,0.020844964310526848,0.1565885841846466,0.016894057393074036,0.006616772618144751,0.015474102459847927,0.007017799187451601,0.025204304605722427,0.06358497589826584,0.053424738347530365,0.007061781827360392,0.03998129814863205
724,24.133333333333333,,,,insightface_bbox,0.6552402377128601,115.68297576904297,848.6512451171875,1018.523193359375,2360.033447265625,0,0,1,0,0,0,0,0,0,1,0,0,0.03652328997850418,0.019238537177443504,0.15604698657989502,0.015225917100906372,0.006141385063529015,0.015062275342643261,0.0062669203616678715,0.025011470541357994,0.06495698541402817,0.055544786155223846,0.006635650992393494,0.037611544132232666
725,24.166666666666668,,,,insightface_bbox,0.6552402377128601,115.68297576904297,848.6512451171875,1018.523193359375,2360.033447265625,0,0,1,0,0,0,0,0,0,1,0,0,0.03569468855857849,0.018330425024032593,0.14696824550628662,0.014633096754550934,0.005868309177458286,0.014257213100790977,0.006112959701567888,0.024581145495176315,0.06707876175642014,0.055980272591114044,0.0065022725611925125,0.037064772099256516
726,24.2,,,,insightface_bbox,0.7027994394302368,146.4106903076172,875.6692504882812,1038.1820068359375,2315.9892578125,0,0,1,0,0,0,0,0,0,1,0,1,0.03267868608236313,0.01639859564602375,0.13102003931999207,0.013121125288307667,0.005334869492799044,0.01284694392234087,0.0057994294911623,0.024960964918136597,0.07333908975124359,0.062293656170368195,0.00419794162735343,0.030120035633444786
727,24.233333333333334,,,,insightface_bbox,0.7027994394302368,146.4106903076172,875.6692504882812,1038.1820068359375,2315.9892578125,0,0,1,0,0,0,0,0,0,1,0,1,0.034566137939691544,0.017119653522968292,0.1440400928258896,0.013506529852747917,0.00556967593729496,0.013563286513090134,0.005966302938759327,0.025849295780062675,0.07223324477672577,0.06303688883781433,0.004700845573097467,0.03178313747048378
728,24.266666666666666,,,,insightface_bbox,0.7027994394302368,146.4106903076172,875.6692504882812,1038.1820068359375,2315.9892578125,0,0,1,0,0,0,0,0,0,1,0,1,0.034522805362939835,0.01655571535229683,0.13916993141174316,0.013474145904183388,0.006118172779679298,0.013476592488586903,0.006302281282842159,0.025496236979961395,0.07864737510681152,0.06725925207138062,0.0037253862246870995,0.029770920053124428
729,24.3,,,,insightface_bbox,0.7027994394302368,146.4106903076172,875.6692504882812,1038.1820068359375,2315.9892578125,0,0,1,0,0,0,0,0,0,1,0,1,0.036453310400247574,0.017393574118614197,0.14517363905906677,0.013707243837416172,0.0061184559017419815,0.01330508291721344,0.0073373205959796906,0.024314483627676964,0.08412493765354156,0.06703860312700272,0.0031265621073544025,0.030531812459230423
730,24.333333333333332,,,,insightface_bbox,0.7027994394302368,146.4106903076172,875.6692504882812,1038.1820068359375,2315.9892578125,0,0,1,0,0,0,0,0,0,1,0,1,0.03627294674515724,0.01722707226872444,0.14941462874412537,0.013749351724982262,0.006037032697349787,0.013236843049526215,0.007601029239594936,0.024478940293192863,0.08367465436458588,0.06569258123636246,0.0030047560576349497,0.030587410554289818
731,24.366666666666667,,,,insightface_bbox,0.7027994394302368,146.4106903076172,875.6692504882812,1038.1820068359375,2315.9892578125,0,0,1,0,0,0,0,0,0,1,0,1,0.03729744255542755,0.017480606213212013,0.1503978669643402,0.014073419384658337,0.00564050767570734,0.012873630970716476,0.008263181895017624,0.02221556007862091,0.07253407686948776,0.0552128441631794,0.0035821637138724327,0.0314660407602787
732,24.4,,,,insightface_bbox,0.6431397199630737,122.65469360351562,805.7568969726562,1020.8515014648438,2402.98876953125,0,0,1,0,0,0,0,0,0,1,0,0,0.04733817279338837,0.022856418043375015,0.1828964352607727,0.018823618069291115,0.0063194097019732,0.016903702169656754,0.013377074152231216,0.023926766589283943,0.06708848476409912,0.05998854339122772,0.007409039419144392,0.04246130958199501
733,24.433333333333334,,,,insightface_bbox,0.6431397199630737,122.65469360351562,805.7568969726562,1020.8515014648438,2402.98876953125,0,0,1,0,0,0,0,0,0,1,0,0,0.04357868805527687,0.02167319692671299,0.17413699626922607,0.018790917471051216,0.005687924567610025,0.01752195507287979,0.010931989178061485,0.022900810465216637,0.05916259437799454,0.05238805338740349,0.011147473938763142,0.04354829341173172
734,24.466666666666665,,,,insightface_bbox,0.6431397199630737,122.65469360351562,805.7568969726562,1020.8515014648438,2402.98876953125,0,0,1,0,0,0,0,0,0,1,0,0,0.040646784007549286,0.020339982584118843,0.14848726987838745,0.016046633943915367,0.005047939717769623,0.015777701511979103,0.008710140362381935,0.020746206864714622,0.059324972331523895,0.0499085895717144,0.008556948974728584,0.03690173476934433
735,24.5,,,,insightface_bbox,0.6431397199630737,122.65469360351562,805.7568969726562,1020.8515014648438,2402.98876953125,0,0,1,0,0,0,0,0,0,1,0,0,0.0415157712996006,0.020870447158813477,0.1495313048362732,0.016005925834178925,0.005540839396417141,0.015622705221176147,0.009423197247087955,0.021471701562404633,0.06587234139442444,0.05537433177232742,0.006333214230835438,0.0349949412047863
736,24.533333333333335,,,,insightface_bbox,0.6431397199630737,122.65469360351562,805.7568969726562,1020.8515014648438,2402.98876953125,0,0,1,0,0,0,0,0,0,1,0,0,0.04180663824081421,0.02089589461684227,0.15426845848560333,0.015601548366248608,0.005531167145818472,0.015558703802525997,0.008718909695744514,0.021729297935962677,0.06646095961332321,0.05541839450597763,0.0057507907040417194,0.033685822039842606
737,24.566666666666666,,,,insightface_bbox,0.6431397199630737,122.65469360351562,805.7568969726562,1020.8515014648438,2402.98876953125,0,0,1,0,0,0,0,0,0,1,0,0,0.04265664517879486,0.020678116008639336,0.15809424221515656,0.015244964510202408,0.005462027154862881,0.015871763229370117,0.008033988997340202,0.021778643131256104,0.06686023622751236,0.05558662489056587,0.006360944360494614,0.03392550349235535
738,24.6,,,,insightface_bbox,0.7207554578781128,167.24118041992188,873.7543334960938,1024.8349609375,2405.66650390625,0,0,1,0,0,0,0,0,0,1,0,1,0.046068109571933746,0.02145618200302124,0.3281567692756653,0.017790289595723152,0.008091292344033718,0.0222175195813179,0.009453117847442627,0.03311412036418915,0.08260443061590195,0.07302305102348328,0.009111907333135605,0.04579368606209755
739,24.633333333333333,,,,insightface_bbox,0.7207554578781128,167.24118041992188,873.7543334960938,1024.8349609375,2405.66650390625,0,0,1,0,0,0,0,0,0,1,0,0,0.04285271465778351,0.023058179765939713,0.2537023723125458,0.017439281567931175,0.008097264915704727,0.017679423093795776,0.009634549729526043,0.02662936970591545,0.07341375201940536,0.055591218173503876,0.008105603978037834,0.04131010174751282
740,24.666666666666668,,,,insightface_bbox,0.7207554578781128,167.24118041992188,873.7543334960938,1024.8349609375,2405.66650390625,0,0,1,0,0,0,0,0,0,1,0,0,0.043557699769735336,0.0233909972012043,0.2804942727088928,0.01764216274023056,0.008072213269770145,0.016468089073896408,0.009635429829359055,0.027907129377126694,0.07604087889194489,0.059048935770988464,0.006877685897052288,0.03769911453127861
741,24.7,,,,insightface_bbox,0.7207554578781128,167.24118041992188,873.7543334960938,1024.8349609375,2405.66650390625,0,0,1,0,0,0,0,0,0,1,0,0,0.04332224279642105,0.02455865778028965,0.2913927137851715,0.018588680773973465,0.00782395526766777,0.015114451758563519,0.009455736726522446,0.0253851730376482,0.06706693023443222,0.04921286553144455,0.00740461703389883,0.038876570761203766
742,24.733333333333334,,,,insightface_bbox,0.7207554578781128,167.24118041992188,873.7543334960938,1024.8349609375,2405.66650390625,0,0,1,0,0,0,0,0,0,1,0,0,0.04105985909700394,0.02433619648218155,0.29666876792907715,0.01846691407263279,0.007471151649951935,0.014057334512472153,0.009165857918560505,0.024400537833571434,0.06792490184307098,0.04866468161344528,0.0072742342017591,0.0380077064037323
743,24.766666666666666,,,,insightface_bbox,0.7207554578781128,167.24118041992188,873.7543334960938,1024.8349609375,2405.66650390625,0,0,1,0,0,0,0,0,0,1,0,0,0.043181777000427246,0.024870097637176514,0.30374497175216675,0.01864209584891796,0.007632259279489517,0.015197264961898327,0.008925950154662132,0.02462916448712349,0.06476804614067078,0.04998151585459709,0.008366160094738007,0.039094939827919006
744,24.8,,,,insightface_bbox,0.660585880279541,158.6693572998047,931.9903564453125,1014.528564453125,2338.379150390625,0,0,1,0,0,0,0,0,0,1,0,0,0.0416121706366539,0.024266153573989868,0.2740771472454071,0.018119212239980698,0.007848301902413368,0.015407338738441467,0.00910000130534172,0.025700068101286888,0.06987036764621735,0.055360354483127594,0.008375879377126694,0.041309863328933716
745,24.833333333333332,,,,insightface_bbox,0.660585880279541,158.6693572998047,931.9903564453125,1014.528564453125,2338.379150390625,0,0,1,0,0,0,0,0,0,1,0,0,0.04225519299507141,0.023777568712830544,0.27605924010276794,0.017977764829993248,0.00810500979423523,0.016481934115290642,0.009104104712605476,0.026460405439138412,0.07008321583271027,0.05685269832611084,0.008930444717407227,0.04145454242825508
746,24.866666666666667,,,,insightface_bbox,0.660585880279541,158.6693572998047,931.9903564453125,1014.528564453125,2338.379150390625,0,0,1,0,0,0,0,0,0,1,0,0,0.04348518326878548,0.024137793108820915,0.28004175424575806,0.018655845895409584,0.008495313115417957,0.017540112137794495,0.009576044976711273,0.027774441987276077,0.07056892663240433,0.05796495079994202,0.01010739803314209,0.04333028942346573
747,24.9,,,,insightface_bbox,0.660585880279541,158.6693572998047,931.9903564453125,1014.528564453125,2338.379150390625,0,0,1,0,0,0,0,0,0,1,0,0,0.043800562620162964,0.024286694824695587,0.2804702818393707,0.018986037001013756,0.008688855916261673,0.017650218680500984,0.009171875193715096,0.027881350368261337,0.06930038332939148,0.05795232951641083,0.011076667346060276,0.04407676309347153
748,24.933333333333334,,,,insightface_bbox,0.660585880279541,158.6693572998047,931.9903564453125,1014.528564453125,2338.379150390625,0,0,1,0,0,0,0,0,0,1,0,0,0.04420837014913559,0.024079471826553345,0.2857380211353302,0.018876269459724426,0.008486256003379822,0.017630120739340782,0.009311706759035587,0.028138287365436554,0.07046474516391754,0.05864094942808151,0.010491658002138138,0.044118888676166534
749,24.966666666666665,,,,insightface_bbox,0.660585880279541,158.6693572998047,931.9903564453125,1014.528564453125,2338.379150390625,0,0,1,0,0,0,0,0,0,1,0,0,0.043335799127817154,0.02344813011586666,0.2554416358470917,0.018397193402051926,0.008234746754169464,0.01764596253633499,0.009190465323626995,0.027996420860290527,0.06864410638809204,0.0574919730424881,0.010209907777607441,0.042848940938711166
750,25.0,,,,insightface_bbox,0.6955347657203674,176.36624145507812,930.5925903320312,1035.729736328125,2319.547119140625,0,0,1,0,0,0,0,0,0,1,0,0,0.04616135358810425,0.024526096880435944,0.2695879340171814,0.01962611824274063,0.008467382751405239,0.018665621057152748,0.009756788611412048,0.028839897364377975,0.07203659415245056,0.060078032314777374,0.010397963225841522,0.04204951599240303
751,25.033333333333335,,,,insightface_bbox,0.6955347657203674,176.36624145507812,930.5925903320312,1035.729736328125,2319.547119140625,0,0,1,0,0,0,0,0,0,1,0,0,0.04687416926026344,0.02477770857512951,0.3025436997413635,0.019259188324213028,0.007977000437676907,0.018458854407072067,0.010004641488194466,0.029163271188735962,0.0731566771864891,0.05919918045401573,0.010928391478955746,0.04351191595196724
752,25.066666666666666,,,,insightface_bbox,0.6955347657203674,176.36624145507812,930.5925903320312,1035.729736328125,2319.547119140625,0,0,1,0,0,0,0,0,0,1,0,0,0.051134899258613586,0.026511169970035553,0.37134793400764465,0.019899219274520874,0.00816123653203249,0.020084623247385025,0.011048275977373123,0.029123036190867424,0.07451609522104263,0.060050249099731445,0.011922109872102737,0.046882808208465576
753,25.1,,,,insightface_bbox,0.6955347657203674,176.36624145507812,930.5925903320312,1035.729736328125,2319.547119140625,0,0,1,0,0,0,0,0,0,1,0,0,0.04969644919037819,0.025609105825424194,0.37154749035835266,0.019054846838116646,0.007962559349834919,0.020193658769130707,0.01064006332308054,0.028000084683299065,0.07524003088474274,0.05980363115668297,0.011223525740206242,0.04704238846898079
754,25.133333333333333,,,,insightface_bbox,0.6955347657203674,176.36624145507812,930.5925903320312,1035.729736328125,2319.547119140625,0,0,1,0,0,0,0,0,0,1,0,0,0.050060831010341644,0.025929506868124008,0.38615909218788147,0.0194699689745903,0.008049437776207924,0.020886201411485672,0.01066352054476738,0.028651030734181404,0.07542482018470764,0.06120634824037552,0.012544960714876652,0.04748765379190445
755,25.166666666666668,,,,insightface_bbox,0.6955347657203674,176.36624145507812,930.5925903320312,1035.729736328125,2319.547119140625,0,0,1,0,0,0,0,0,0,1,0,0,0.05300331860780716,0.02728329971432686,0.39280903339385986,0.02051452547311783,0.008274594321846962,0.021301448345184326,0.010949625633656979,0.02983006462454796,0.07628672569990158,0.06294675916433334,0.014305852353572845,0.04818543791770935
756,25.2,,,,insightface_bbox,0.695465087890625,159.56985473632812,902.526611328125,1036.56689453125,2319.679443359375,0,0,1,0,0,0,0,0,0,1,0,0,0.0465170219540596,0.025681883096694946,0.26145464181900024,0.021496795117855072,0.0077678132802248,0.019793903455138206,0.010433057323098183,0.028140954673290253,0.0674324780702591,0.05420725420117378,0.010255685076117516,0.03964013606309891
757,25.233333333333334,,,,insightface_bbox,0.695465087890625,159.56985473632812,902.526611328125,1036.56689453125,2319.679443359375,0,0,1,0,0,0,0,0,0,1,0,0,0.04992049187421799,0.027411693707108498,0.2936706244945526,0.023631872609257698,0.008158198557794094,0.02312764711678028,0.011389520019292831,0.03105233982205391,0.06803002953529358,0.058049894869327545,0.014477569609880447,0.04396025836467743
758,25.266666666666666,,,,insightface_bbox,0.695465087890625,159.56985473632812,902.526611328125,1036.56689453125,2319.679443359375,0,0,1,0,0,0,0,0,0,1,0,0,0.04239886626601219,0.02389460802078247,0.24032382667064667,0.02097986452281475,0.0077350246720016,0.02338407374918461,0.012665485963225365,0.03173483535647392,0.07594649493694305,0.06532031297683716,0.013452498242259026,0.04130535200238228
759,25.3,,,,insightface_bbox,0.695465087890625,159.56985473632812,902.526611328125,1036.56689453125,2319.679443359375,0,0,1,0,0,0,0,0,0,1,0,0,0.04616290330886841,0.024395788088440895,0.2514936923980713,0.02126142382621765,0.007729304023087025,0.02282874844968319,0.016149016097187996,0.03304514288902283,0.0890684425830841,0.07066234946250916,0.01130063459277153,0.03963383287191391
760,25.333333333333332,,,,insightface_bbox,0.695465087890625,159.56985473632812,902.526611328125,1036.56689453125,2319.679443359375,0,0,1,0,0,0,0,0,0,1,0,0,0.04345136880874634,0.021834103390574455,0.21349161863327026,0.018915314227342606,0.006834902800619602,0.01908496767282486,0.0108793331310153,0.029492676258087158,0.07814011722803116,0.0657336488366127,0.009052950888872147,0.035210177302360535
761,25.366666666666667,,,,insightface_bbox,0.695465087890625,159.56985473632812,902.526611328125,1036.56689453125,2319.679443359375,0,0,1,0,0,0,0,0,0,1,0,0,0.04223548248410225,0.021505281329154968,0.1890019178390503,0.0184941329061985,0.0066239601001143456,0.01705780439078808,0.010483793914318085,0.02801930345594883,0.07256732881069183,0.05968751758337021,0.007104876451194286,0.03240383788943291
762,25.4,,,,insightface_bbox,0.6784517168998718,136.7219696044922,821.162353515625,1035.5985107421875,2354.603759765625,0,0,1,0,0,0,0,0,0,1,0,0,0.043026041239500046,0.02160813845694065,0.14892639219760895,0.018919188529253006,0.007125583942979574,0.016796406358480453,0.011539078317582607,0.02561536431312561,0.07628579437732697,0.061648931354284286,0.006606423296034336,0.0352943018078804
763,25.433333333333334,,,,insightface_bbox,0.6784517168998718,136.7219696044922,821.162353515625,1035.5985107421875,2354.603759765625,0,0,1,0,0,0,0,0,0,1,0,0,0.04224604368209839,0.02104482799768448,0.14288964867591858,0.017875447869300842,0.0070381928235292435,0.0165554229170084,0.011573499999940395,0.024976367130875587,0.07768132537603378,0.060947634279727936,0.006203220691531897,0.03545242175459862
764,25.466666666666665,,,,insightface_bbox,0.6784517168998718,136.7219696044922,821.162353515625,1035.5985107421875,2354.603759765625,0,0,1,0,0,0,0,0,0,1,0,0,0.042943503707647324,0.020811505615711212,0.14303840696811676,0.018268899992108345,0.007650763727724552,0.016887996345758438,0.013034336268901825,0.02657889574766159,0.08399798721075058,0.06518158316612244,0.005225485656410456,0.03549939766526222
765,25.5,,,,insightface_bbox,0.6784517168998718,136.7219696044922,821.162353515625,1035.5985107421875,2354.603759765625,0,0,1,0,0,0,0,0,0,1,0,0,0.0441594235599041,0.02129185013473034,0.13931578397750854,0.01903356984257698,0.008203058503568172,0.01780260168015957,0.01342061161994934,0.028292231261730194,0.08775129169225693,0.066834457218647,0.0056261662393808365,0.03632035478949547
766,25.533333333333335,,,,insightface_bbox,0.6784517168998718,136.7219696044922,821.162353515625,1035.5985107421875,2354.603759765625,0,0,1,0,0,0,0,0,0,1,0,0,0.044133905321359634,0.021379224956035614,0.1363624483346939,0.01894955337047577,0.008221867494285107,0.017773766070604324,0.013560551218688488,0.027952753007411957,0.08687722682952881,0.06632734835147858,0.0056442455388605595,0.035931650549173355
767,25.566666666666666,,,,insightface_bbox,0.6784517168998718,136.7219696044922,821.162353515625,1035.5985107421875,2354.603759765625,0,0,1,0,0,0,0,0,0,1,0,0,0.043156132102012634,0.020534370094537735,0.13837410509586334,0.018013374879956245,0.007978918962180614,0.017242157831788063,0.01264241710305214,0.02582259103655815,0.08255133032798767,0.06279122829437256,0.005786731373518705,0.03681161254644394
768,25.6,,,,insightface_bbox,0.6919623613357544,136.43008422851562,850.9427490234375,1046.8077392578125,2340.630126953125,0,0,1,0,0,0,0,0,0,1,0,0,0.03923509642481804,0.019664909690618515,0.11925849318504333,0.018083922564983368,0.008382696658372879,0.01643984392285347,0.011170843616127968,0.02577030099928379,0.07991742342710495,0.059007324278354645,0.005295656621456146,0.03518827632069588
769,25.633333333333333,,,,insightface_bbox,0.6919623613357544,136.43008422851562,850.9427490234375,1046.8077392578125,2340.630126953125,0,0,1,0,0,0,0,0,0,1,0,0,0.03807099163532257,0.019723501056432724,0.10977886617183685,0.018326586112380028,0.008000131696462631,0.015673911198973656,0.009472230449318886,0.02602193132042885,0.07497609406709671,0.05561326444149017,0.005327880382537842,0.034612298011779785
770,25.666666666666668,,,,insightface_bbox,0.6919623613357544,136.43008422851562,850.9427490234375,1046.8077392578125,2340.630126953125,0,0,1,0,0,0,0,0,0,1,0,0,0.03711845353245735,0.01915230043232441,0.11227361857891083,0.017318565398454666,0.007714396342635155,0.015451807528734207,0.009607026353478432,0.025029368698596954,0.0719960555434227,0.053147897124290466,0.005266343243420124,0.0341842882335186
771,25.7,,,,insightface_bbox,0.6919623613357544,136.43008422851562,850.9427490234375,1046.8077392578125,2340.630126953125,0,0,1,0,0,0,0,0,0,1,0,0,0.03872152790427208,0.019681129604578018,0.12316637486219406,0.017390845343470573,0.008025912567973137,0.01647523045539856,0.010423213243484497,0.02490796521306038,0.0735967829823494,0.05594000592827797,0.005649165250360966,0.03495049849152565
772,25.733333333333334,,,,insightface_bbox,0.6919623613357544,136.43008422851562,850.9427490234375,1046.8077392578125,2340.630126953125,0,0,1,0,0,0,0,0,0,1,0,0,0.038750648498535156,0.019607989117503166,0.1162022203207016,0.0170280821621418,0.007711139507591724,0.0158609040081501,0.00993899442255497,0.025158608332276344,0.07823855429887772,0.061079949140548706,0.005515135824680328,0.03631110489368439
773,25.766666666666666,,,,insightface_bbox,0.6919623613357544,136.43008422851562,850.9427490234375,1046.8077392578125,2340.630126953125,0,0,1,0,0,0,0,0,0,1,0,0,0.040618717670440674,0.019994981586933136,0.11430353671312332,0.015985548496246338,0.007535266224294901,0.014815784990787506,0.009649062529206276,0.02279757335782051,0.08134989440441132,0.061813537031412125,0.004235925618559122,0.0352415032684803
774,25.8,,,,insightface_bbox,0.7161889672279358,138.7674560546875,822.597900390625,1038.04443359375,2312.71923828125,0,0,1,0,0,0,0,0,0,1,0,0,0.04192321002483368,0.020065298303961754,0.1576603353023529,0.015189038589596748,0.00725963618606329,0.01400151289999485,0.010222109034657478,0.02175377868115902,0.0776447281241417,0.054065994918346405,0.003962659742683172,0.03601519763469696
775,25.833333333333332,,,,insightface_bbox,0.7161889672279358,138.7674560546875,822.597900390625,1038.04443359375,2312.71923828125,0,0,1,0,0,0,0,0,0,1,0,0,0.04082817956805229,0.019854512065649033,0.15189392864704132,0.01439308188855648,0.006902960129082203,0.01335698552429676,0.009207128547132015,0.02028554677963257,0.07075422257184982,0.04993465542793274,0.0038702315650880337,0.034089501947164536
776,25.866666666666667,,,,insightface_bbox,0.7161889672279358,138.7674560546875,822.597900390625,1038.04443359375,2312.71923828125,0,0,1,0,0,0,0,0,0,1,0,0,0.04003318399190903,0.0193485077470541,0.15040002763271332,0.014048220589756966,0.006845821626484394,0.013668041676282883,0.009023679420351982,0.020144280046224594,0.06941723823547363,0.04929380863904953,0.00400474714115262,0.03323223441839218
777,25.9,,,,insightface_bbox,0.7161889672279358,138.7674560546875,822.597900390625,1038.04443359375,2312.71923828125,0,0,1,0,0,0,0,0,0,1,0,0,0.040407709777355194,0.019245391711592674,0.1528031975030899,0.013958953320980072,0.00680981669574976,0.013978561386466026,0.008871372789144516,0.02006150782108307,0.06752929836511612,0.048146091401576996,0.004271316342055798,0.03337489813566208
778,25.933333333333334,,,,insightface_bbox,0.7161889672279358,138.7674560546875,822.597900390625,1038.04443359375,2312.71923828125,0,0,1,0,0,0,0,0,0,1,0,0,0.041771795600652695,0.01973421312868595,0.15977196395397186,0.014297598041594028,0.007129537872970104,0.014785941690206528,0.00938537996262312,0.02022435888648033,0.06777516007423401,0.04824905842542648,0.005136291030794382,0.03666914999485016
779,25.966666666666665,,,,insightface_bbox,0.7161889672279358,138.7674560546875,822.597900390625,1038.04443359375,2312.71923828125,0,0,1,0,0,0,0,0,0,1,0,0,0.043569646775722504,0.02058684080839157,0.1622527837753296,0.014873875305056572,0.007288194727152586,0.015210145153105259,0.010047498159110546,0.02056104876101017,0.06886079162359238,0.04851101338863373,0.005906376056373119,0.04039280489087105
780,26.0,,,,insightface_bbox,0.7002963423728943,120.7236557006836,832.177001953125,1067.14990234375,2317.598876953125,0,0,1,0,0,0,0,0,0,1,0,0,0.0552472248673439,0.030165638774633408,0.19247817993164062,0.02881874330341816,0.011021217331290245,0.030466431751847267,0.030686315149068832,0.040804240852594376,0.0971396267414093,0.09004268050193787,0.024531230330467224,0.07335442304611206
781,26.033333333333335,,,,insightface_bbox,0.7002963423728943,120.7236557006836,832.177001953125,1067.14990234375,2317.598876953125,0,0,1,0,0,0,0,0,0,1,0,0,0.05778731405735016,0.030666181817650795,0.20450544357299805,0.02917325124144554,0.011381777934730053,0.031736820936203,0.0322011336684227,0.04114435985684395,0.10038433969020844,0.09371994435787201,0.025806695222854614,0.07542379945516586
782,26.066666666666666,,,,insightface_bbox,0.7002963423728943,120.7236557006836,832.177001953125,1067.14990234375,2317.598876953125,0,0,1,0,0,0,0,0,0,1,0,0,0.05761377513408661,0.03033287450671196,0.20926502346992493,0.02915298379957676,0.011618492193520069,0.03135726600885391,0.031731244176626205,0.04156053066253662,0.10071661323308945,0.09303056448698044,0.02481117844581604,0.07525607198476791
783,26.1,,,,insightface_bbox,0.7002963423728943,120.7236557006836,832.177001953125,1067.14990234375,2317.598876953125,0,0,1,0,0,0,0,0,0,1,0,0,0.059097226709127426,0.03189631178975105,0.217803955078125,0.030404523015022278,0.01224065013229847,0.03376680612564087,0.034491166472435,0.04418635368347168,0.10075543075799942,0.09594230353832245,0.027697104960680008,0.07682118564844131
784,26.133333333333333,,,,insightface_bbox,0.7002963423728943,120.7236557006836,832.177001953125,1067.14990234375,2317.598876953125,0,0,1,0,0,0,0,0,0,1,0,0,0.057593245059251785,0.03148901090025902,0.20806950330734253,0.029630418866872787,0.01206672377884388,0.03344652056694031,0.033282820135354996,0.043599437922239304,0.09808230400085449,0.09095960110425949,0.027409955859184265,0.07244105637073517
785,26.166666666666668,,,,insightface_bbox,0.7002963423728943,120.7236557006836,832.177001953125,1067.14990234375,2317.598876953125,0,0,1,0,0,0,0,0,0,1,0,0,0.05667246878147125,0.030548978596925735,0.20329618453979492,0.02890760265290737,0.011933065950870514,0.032703571021556854,0.03198042884469032,0.04211191087961197,0.09881287813186646,0.08882361650466919,0.027030715718865395,0.0716068297624588
786,26.2,,,,insightface_bbox,0.6960623860359192,128.9468994140625,818.5499267578125,1057.7960205078125,2322.619140625,0,0,1,0,0,0,0,0,0,1,0,0,0.04164126515388489,0.020564895123243332,0.1353585124015808,0.018707221373915672,0.008216217160224915,0.021519087255001068,0.014860503375530243,0.029227502644062042,0.08161197602748871,0.06511572003364563,0.012357043102383614,0.04909704998135567
787,26.233333333333334,,,,insightface_bbox,0.6960623860359192,128.9468994140625,818.5499267578125,1057.7960205078125,2322.619140625,0,0,1,0,0,0,0,0,0,1,0,0,0.040903497487306595,0.019927792251110077,0.1340194046497345,0.017699040472507477,0.008097655139863491,0.020309751853346825,0.013802975416183472,0.027496658265590668,0.0787261426448822,0.06242367997765541,0.010345175862312317,0.04643633961677551
788,26.266666666666666,,,,insightface_bbox,0.6960623860359192,128.9468994140625,818.5499267578125,1057.7960205078125,2322.619140625,0,0,1,0,0,0,0,0,0,1,0,0,0.04174606874585152,0.02035118266940117,0.14722676575183868,0.017976397648453712,0.008133488707244396,0.019948026165366173,0.01381693221628666,0.027270661666989326,0.08128032088279724,0.06522275507450104,0.008622586727142334,0.04427609592676163
789,26.3,,,,insightface_bbox,0.6960623860359192,128.9468994140625,818.5499267578125,1057.7960205078125,2322.619140625,0,0,1,0,0,0,0,0,0,1,0,0,0.04416397213935852,0.021515510976314545,0.15541276335716248,0.019627314060926437,0.008817835710942745,0.020340774208307266,0.014698667451739311,0.02917812205851078,0.08381494134664536,0.06963413953781128,0.007590397261083126,0.041775770485401154
790,26.333333333333332,,,,insightface_bbox,0.6960623860359192,128.9468994140625,818.5499267578125,1057.7960205078125,2322.619140625,0,0,1,0,0,0,0,0,0,1,0,0,0.04425615444779396,0.021784860640764236,0.1570182889699936,0.019741814583539963,0.00881173461675644,0.019403617829084396,0.015215922147035599,0.028069525957107544,0.08328105509281158,0.06516201049089432,0.007125940173864365,0.04182255268096924
791,26.366666666666667,,,,insightface_bbox,0.6960623860359192,128.9468994140625,818.5499267578125,1057.7960205078125,2322.619140625,0,0,1,0,0,0,0,0,0,1,0,0,0.041045937687158585,0.02043226547539234,0.14311255514621735,0.018252994865179062,0.007876168936491013,0.017954876646399498,0.014355779625475407,0.026137597858905792,0.08208431303501129,0.06534731388092041,0.00720588443800807,0.04231523349881172
792,26.4,,,,insightface_bbox,0.6659140586853027,144.34080505371094,861.40478515625,1015.35107421875,2395.964599609375,0,0,1,0,0,0,0,0,0,1,0,0,0.051330313086509705,0.024888653308153152,0.2619372010231018,0.02068445086479187,0.00817389227449894,0.021327028051018715,0.01647162064909935,0.029372382909059525,0.0784415602684021,0.07002066820859909,0.01008294615894556,0.046155449002981186
793,26.433333333333334,,,,insightface_bbox,0.6659140586853027,144.34080505371094,861.40478515625,1015.35107421875,2395.964599609375,0,0,1,0,0,0,0,0,0,1,0,0,0.05129726231098175,0.02451489120721817,0.2778737545013428,0.01998647302389145,0.00801071897149086,0.02146761491894722,0.015926122665405273,0.029364654794335365,0.07721452414989471,0.06861721724271774,0.00920721236616373,0.04316847398877144
794,26.466666666666665,,,,insightface_bbox,0.6659140586853027,144.34080505371094,861.40478515625,1015.35107421875,2395.964599609375,0,0,1,0,0,0,0,0,0,1,0,0,0.051452331244945526,0.0247686468064785,0.30325233936309814,0.01919483207166195,0.007929135113954544,0.02148348093032837,0.015334846451878548,0.026721246540546417,0.06853977590799332,0.06493090838193893,0.010185735300183296,0.04246203228831291
795,26.5,,,,insightface_bbox,0.6659140586853027,144.34080505371094,861.40478515625,1015.35107421875,2395.964599609375,0,0,1,0,0,0,0,0,0,1,0,0,0.049889229238033295,0.024137690663337708,0.2998535931110382,0.01904396153986454,0.007540724240243435,0.021369652822613716,0.015206080861389637,0.02725718915462494,0.06743787229061127,0.06761246919631958,0.00934781227260828,0.040994901210069656
796,26.533333333333335,,,,insightface_bbox,0.6659140586853027,144.34080505371094,861.40478515625,1015.35107421875,2395.964599609375,0,0,1,0,0,0,0,0,0,1,0,0,0.046521157026290894,0.022722670808434486,0.2826485335826874,0.01805993542075157,0.007115066982805729,0.02019180729985237,0.013545901514589787,0.026881804689764977,0.06650566309690475,0.06738634407520294,0.009487619623541832,0.040796078741550446
797,26.566666666666666,,,,insightface_bbox,0.6659140586853027,144.34080505371094,861.40478515625,1015.35107421875,2395.964599609375,0,0,1,0,0,0,0,0,0,1,0,0,0.04982885345816612,0.023830344900488853,0.2956748306751251,0.01879541575908661,0.007822141982614994,0.020419152453541756,0.0150156170129776,0.026511233299970627,0.06727761030197144,0.06335611641407013,0.009156770072877407,0.04115235432982445
798,26.6,,,,insightface_bbox,0.6663762927055359,114.25128936767578,814.162353515625,1024.65771484375,2356.1533203125,0,0,1,0,0,0,0,0,0,1,0,0,0.041145529597997665,0.02194795571267605,0.15238088369369507,0.018034398555755615,0.006636817939579487,0.016217965632677078,0.010709645226597786,0.023998748511075974,0.06777483969926834,0.05233222246170044,0.006093824747949839,0.03791831061244011
799,26.633333333333333,,,,insightface_bbox,0.6663762927055359,114.25128936767578,814.162353515625,1024.65771484375,2356.1533203125,0,0,1,0,0,0,0,0,0,1,0,0,0.048998698592185974,0.02569466643035412,0.1784135103225708,0.022200914099812508,0.0077879177406430244,0.02074442431330681,0.015787124633789062,0.027864009141921997,0.07271758466959,0.06041697412729263,0.011348077096045017,0.04766559228301048
800,26.666666666666668,,,,insightface_bbox,0.6663762927055359,114.25128936767578,814.162353515625,1024.65771484375,2356.1533203125,0,0,1,0,0,0,0,0,0,1,0,0,0.04898812621831894,0.02641870640218258,0.18015429377555847,0.023583874106407166,0.0084355678409338,0.021985113620758057,0.01791323721408844,0.03110675886273384,0.07454270124435425,0.06434529274702072,0.013580229133367538,0.050689250230789185
801,26.7,,,,insightface_bbox,0.6663762927055359,114.25128936767578,814.162353515625,1024.65771484375,2356.1533203125,0,0,1,0,0,0,0,0,0,1,0,0,0.04710722714662552,0.024774866178631783,0.16256579756736755,0.021376414224505424,0.008095053024590015,0.02119779773056507,0.015509192831814289,0.02901938557624817,0.07186055928468704,0.060553908348083496,0.013078542426228523,0.04597087949514389
802,26.733333333333334,,,,insightface_bbox,0.6663762927055359,114.25128936767578,814.162353515625,1024.65771484375,2356.1533203125,0,0,1,0,0,0,0,0,0,1,0,0,0.047857508063316345,0.024703625589609146,0.162695974111557,0.02102891355752945,0.008651381358504295,0.021933235228061676,0.015056891366839409,0.029960425570607185,0.07327281683683395,0.05879269540309906,0.013393172062933445,0.04645577818155289
803,26.766666666666666,,,,insightface_bbox,0.6663762927055359,114.25128936767578,814.162353515625,1024.65771484375,2356.1533203125,0,0,1,0,0,0,0,0,0,1,0,0,0.047184187918901443,0.02435731701552868,0.15387685596942902,0.020456789061427116,0.00851668044924736,0.022082412615418434,0.013212951831519604,0.02970385178923607,0.07267550379037857,0.05666077136993408,0.013716954737901688,0.04583555459976196
804,26.8,,,,insightface_bbox,0.7210569381713867,141.54832458496094,840.6205444335938,1056.561279296875,2290.900390625,0,0,1,0,0,0,0,0,0,1,0,0,0.049280986189842224,0.026043059304356575,0.1556185483932495,0.023235615342855453,0.009342484176158905,0.024580026045441628,0.014039313420653343,0.03167567774653435,0.07631219923496246,0.05986308306455612,0.01743408851325512,0.04959658160805702
805,26.833333333333332,,,,insightface_bbox,0.7210569381713867,141.54832458496094,840.6205444335938,1056.561279296875,2290.900390625,0,0,1,0,0,0,0,0,0,1,0,0,0.04780731350183487,0.024567920714616776,0.15278400480747223,0.022161955013871193,0.008973631076514721,0.023760952055454254,0.012816943228244781,0.031473588198423386,0.0764436349272728,0.05965546518564224,0.01680992729961872,0.04879114031791687
806,26.866666666666667,,,,insightface_bbox,0.7210569381713867,141.54832458496094,840.6205444335938,1056.561279296875,2290.900390625,0,0,1,0,0,0,0,0,0,1,0,0,0.04779406264424324,0.02458689734339714,0.14080080389976501,0.02251080423593521,0.008694669231772423,0.021903082728385925,0.014612517319619656,0.031124450266361237,0.07676508277654648,0.06007200479507446,0.01406486239284277,0.04713355749845505
807,26.9,,,,insightface_bbox,0.7210569381713867,141.54832458496094,840.6205444335938,1056.561279296875,2290.900390625,0,0,1,0,0,0,0,0,0,1,0,0,0.04170043766498566,0.020565206184983253,0.12249253690242767,0.01742839813232422,0.006909757386893034,0.016491085290908813,0.01030721701681614,0.023785682395100594,0.0690324455499649,0.05349778011441231,0.006657566409558058,0.03693753853440285
808,26.933333333333334,,,,insightface_bbox,0.7210569381713867,141.54832458496094,840.6205444335938,1056.561279296875,2290.900390625,0,0,1,0,0,0,0,0,0,1,0,0,0.039907924830913544,0.020014170557260513,0.12182026356458664,0.01724388636648655,0.006933217402547598,0.015955224633216858,0.010646860115230083,0.02391800284385681,0.07050224393606186,0.057891152799129486,0.0058625489473342896,0.03676426410675049
809,26.966666666666665,,,,insightface_bbox,0.7210569381713867,141.54832458496094,840.6205444335938,1056.561279296875,2290.900390625,0,0,1,0,0,0,0,0,0,1,0,0,0.040040306746959686,0.02004987560212612,0.12100449204444885,0.017632709816098213,0.007173813879489899,0.01612207293510437,0.012113640084862709,0.023934805765748024,0.07029476761817932,0.05566410720348358,0.007580183446407318,0.04066427797079086
810,27.0,,,,insightface_bbox,0.7000523209571838,125.0262222290039,810.9390869140625,1015.2372436523438,2350.107421875,0,0,1,0,0,0,0,0,0,1,0,0,0.04123612865805626,0.02006015181541443,0.14185480773448944,0.01772112026810646,0.006782534532248974,0.015209514647722244,0.013693914748728275,0.0232023224234581,0.07252460718154907,0.0543963722884655,0.005424001254141331,0.036678384989500046
811,27.033333333333335,,,,insightface_bbox,0.7000523209571838,125.0262222290039,810.9390869140625,1015.2372436523438,2350.107421875,0,0,1,0,0,0,0,0,0,1,0,0,0.04017461836338043,0.019700508564710617,0.1381458193063736,0.016698257997632027,0.0064048864878714085,0.014613913372159004,0.011400215327739716,0.022356074303388596,0.07170158624649048,0.05399356782436371,0.0051240455359220505,0.036729708313941956
812,27.066666666666666,,,,insightface_bbox,0.7000523209571838,125.0262222290039,810.9390869140625,1015.2372436523438,2350.107421875,0,0,1,0,0,0,0,0,0,1,0,0,0.03627253696322441,0.018670838326215744,0.1211051195859909,0.0148246418684721,0.005961783230304718,0.013153395615518093,0.008423983119428158,0.021048476919531822,0.06395687162876129,0.048149410635232925,0.0043706996366381645,0.03120427206158638
813,27.1,,,,insightface_bbox,0.7000523209571838,125.0262222290039,810.9390869140625,1015.2372436523438,2350.107421875,0,0,1,0,0,0,0,0,0,1,0,0,0.034609340131282806,0.01820567436516285,0.11185948550701141,0.014203744940459728,0.005799824371933937,0.012785112485289574,0.007182389497756958,0.02138756960630417,0.06479279696941376,0.05008092522621155,0.004035923629999161,0.029105372726917267
814,27.133333333333333,,,,insightface_bbox,0.7000523209571838,125.0262222290039,810.9390869140625,1015.2372436523438,2350.107421875,0,0,1,0,0,0,0,0,0,1,0,0,0.03355174884200096,0.01772208884358406,0.10603491216897964,0.013694727793335915,0.005392673425376415,0.01215464435517788,0.006687804590910673,0.020843559876084328,0.06245605647563934,0.048546213656663895,0.004086497239768505,0.029409369453787804
815,27.166666666666668,,,,insightface_bbox,0.7000523209571838,125.0262222290039,810.9390869140625,1015.2372436523438,2350.107421875,0,0,1,0,0,0,0,0,0,1,0,0,0.034129586070775986,0.018088536337018013,0.10196872800588608,0.01416363287717104,0.005358097143471241,0.012364137917757034,0.007103895768523216,0.020645461976528168,0.062461674213409424,0.04857927933335304,0.0043944185599684715,0.03016495145857334
816,27.2,,,,insightface_bbox,0.6852715015411377,105.4991683959961,805.328857421875,1018.0489501953125,2304.148681640625,0,0,1,0,0,0,0,0,0,1,0,0,0.03347336873412132,0.01705026812851429,0.0997777208685875,0.012969357892870903,0.0058415415696799755,0.012853662483394146,0.00578671507537365,0.02016725391149521,0.0607772096991539,0.04666869342327118,0.005343184806406498,0.03128823637962341
817,27.233333333333334,,,,insightface_bbox,0.6852715015411377,105.4991683959961,805.328857421875,1018.0489501953125,2304.148681640625,0,0,1,0,0,0,0,0,0,1,0,0,0.03245927393436432,0.016885286197066307,0.10516159236431122,0.012795873917639256,0.005639419425278902,0.012240194715559483,0.005478840786963701,0.01945994794368744,0.05736568942666054,0.04422943666577339,0.004702494014054537,0.029299430549144745
818,27.266666666666666,,,,insightface_bbox,0.6852715015411377,105.4991683959961,805.328857421875,1018.0489501953125,2304.148681640625,0,0,1,0,0,0,0,0,0,1,0,0,0.03451135754585266,0.017455970868468285,0.11197061091661453,0.013098093681037426,0.005688924342393875,0.012351499870419502,0.005656108725816011,0.019320322200655937,0.057187341153621674,0.04388704150915146,0.004492514301091433,0.029332168400287628
819,27.3,,,,insightface_bbox,0.6852715015411377,105.4991683959961,805.328857421875,1018.0489501953125,2304.148681640625,0,0,1,0,0,0,0,0,0,1,0,0,0.035911887884140015,0.01771727204322815,0.12296333909034729,0.013505399227142334,0.005814716219902039,0.012674368917942047,0.006579109467566013,0.019269146025180817,0.06104626506567001,0.04656761512160301,0.004171538166701794,0.030168898403644562
820,27.333333333333332,,,,insightface_bbox,0.6852715015411377,105.4991683959961,805.328857421875,1018.0489501953125,2304.148681640625,0,0,1,0,0,0,0,0,0,1,0,0,0.0362834557890892,0.017990367487072945,0.12427638471126556,0.013617263175547123,0.005834612529724836,0.012652012519538403,0.0071437424048781395,0.018756885081529617,0.06261969357728958,0.04692334681749344,0.004359097220003605,0.032349370419979095
821,27.366666666666667,,,,insightface_bbox,0.6852715015411377,105.4991683959961,805.328857421875,1018.0489501953125,2304.148681640625,0,0,1,0,0,0,0,0,0,1,0,0,0.03649705648422241,0.018403198570013046,0.11514449119567871,0.014830026775598526,0.0056064617820084095,0.012706275098025799,0.006681520491838455,0.020170098170638084,0.06234287470579147,0.04759389907121658,0.005580296739935875,0.03568979352712631
822,27.4,,,,insightface_bbox,0.7060899138450623,100.08263397216797,802.7591552734375,1050.7657470703125,2296.203857421875,0,0,1,0,0,0,0,0,0,1,0,0,0.04539982229471207,0.0225143413990736,0.14082489907741547,0.019020553678274155,0.007247337140142918,0.02100364863872528,0.01059921458363533,0.030996397137641907,0.08135966956615448,0.07797465473413467,0.013221267610788345,0.05326690152287483
823,27.433333333333334,,,,insightface_bbox,0.7060899138450623,100.08263397216797,802.7591552734375,1050.7657470703125,2296.203857421875,0,0,1,0,0,0,0,0,0,1,0,0,0.04149845242500305,0.021118823438882828,0.1303945779800415,0.018696224316954613,0.006882620044052601,0.021029504016041756,0.010099672712385654,0.032544977962970734,0.08526058495044708,0.08340811729431152,0.01357526145875454,0.049974698573350906
824,27.466666666666665,,,,insightface_bbox,0.7060899138450623,100.08263397216797,802.7591552734375,1050.7657470703125,2296.203857421875,0,0,1,0,0,0,0,0,0,1,0,0,0.04239615425467491,0.02071540616452694,0.13821138441562653,0.01844255067408085,0.006861121393740177,0.021113991737365723,0.010378318838775158,0.032117437571287155,0.08926647901535034,0.08701712638139725,0.013526063412427902,0.05061568319797516
825,27.5,,,,insightface_bbox,0.7060899138450623,100.08263397216797,802.7591552734375,1050.7657470703125,2296.203857421875,0,0,1,0,0,0,0,0,0,1,0,0,0.050794608891010284,0.025192219763994217,0.16938310861587524,0.022918133065104485,0.007813967764377594,0.025913678109645844,0.01810360886156559,0.036987658590078354,0.09961651265621185,0.09515868127346039,0.0202934667468071,0.05979909002780914
826,27.533333333333335,,,,insightface_bbox,0.7060899138450623,100.08263397216797,802.7591552734375,1050.7657470703125,2296.203857421875,0,0,1,0,0,0,0,0,0,1,0,0,0.04876009747385979,0.02569580078125,0.17031006515026093,0.023524248972535133,0.007591969333589077,0.02490169368684292,0.018210673704743385,0.033491622656583786,0.09251785278320312,0.08527177572250366,0.022633861750364304,0.061069734394550323
827,27.566666666666666,,,,insightface_bbox,0.7060899138450623,100.08263397216797,802.7591552734375,1050.7657470703125,2296.203857421875,0,0,1,0,0,0,0,0,0,1,0,0,0.0419309027493,0.023199304938316345,0.13794539868831635,0.019307222217321396,0.00670740008354187,0.02114805579185486,0.010862481780350208,0.030235502868890762,0.08333763480186462,0.07841005176305771,0.014638885855674744,0.0508837029337883
828,27.6,,,,insightface_bbox,0.7173039317131042,102.67172241210938,793.9574584960938,1048.1572265625,2303.634765625,0,0,1,0,0,0,0,0,0,1,0,0,0.040140941739082336,0.021292325109243393,0.12563636898994446,0.019511833786964417,0.006821903400123119,0.021037884056568146,0.012783798389136791,0.03175020590424538,0.08221438527107239,0.07743159681558609,0.013914988376200199,0.05015019699931145
829,27.633333333333333,,,,insightface_bbox,0.7173039317131042,102.67172241210938,793.9574584960938,1048.1572265625,2303.634765625,0,0,1,0,0,0,0,0,0,1,0,0,0.03823140263557434,0.020221209153532982,0.13459837436676025,0.018851006403565407,0.006793460808694363,0.020321588963270187,0.011592824943363667,0.03255004808306694,0.07774743437767029,0.07442033290863037,0.013324775733053684,0.050063762813806534
830,27.666666666666668,,,,insightface_bbox,0.7173039317131042,102.67172241210938,793.9574584960938,1048.1572265625,2303.634765625,0,0,1,0,0,0,0,0,0,1,0,0,0.03600865229964256,0.02008126676082611,0.12599991261959076,0.018564166501164436,0.0068417382426559925,0.020492471754550934,0.010807598009705544,0.033663030713796616,0.0765068382024765,0.07432111352682114,0.013826112262904644,0.048953041434288025
831,27.7,,,,insightface_bbox,0.7173039317131042,102.67172241210938,793.9574584960938,1048.1572265625,2303.634765625,0,0,1,0,0,0,0,0,0,1,0,0,0.03368724137544632,0.01874036341905594,0.1213168278336525,0.017189759761095047,0.006460551172494888,0.019086800515651703,0.009141724556684494,0.03218351677060127,0.07500359416007996,0.07283937186002731,0.012463320046663284,0.046429429203271866
832,27.733333333333334,,,,insightface_bbox,0.7173039317131042,102.67172241210938,793.9574584960938,1048.1572265625,2303.634765625,0,0,1,0,0,0,0,0,0,1,0,0,0.03577324002981186,0.019344720989465714,0.12880554795265198,0.01777966320514679,0.006628962233662605,0.020058324560523033,0.010229131206870079,0.03196408599615097,0.07769005000591278,0.07412014156579971,0.013630752451717854,0.04981086030602455
833,27.766666666666666,,,,insightface_bbox,0.7173039317131042,102.67172241210938,793.9574584960938,1048.1572265625,2303.634765625,0,0,1,0,0,0,0,0,0,1,0,0,0.04013684019446373,0.021326057612895966,0.14505065977573395,0.019195934757590294,0.006943446584045887,0.022015463560819626,0.011783876456320286,0.03242626041173935,0.08166186511516571,0.07502865791320801,0.015545321628451347,0.05191735923290253
834,27.8,,,,insightface_bbox,0.7111976742744446,100.26360321044922,807.8280029296875,1045.2723388671875,2294.5478515625,0,0,1,0,0,0,0,0,0,1,0,0,0.04508969932794571,0.024126339703798294,0.15849532186985016,0.022214040160179138,0.00803980603814125,0.025133240967988968,0.01639821194112301,0.036953069269657135,0.08689042180776596,0.08552771061658859,0.018202628940343857,0.058249182999134064
835,27.833333333333332,,,,insightface_bbox,0.7111976742744446,100.26360321044922,807.8280029296875,1045.2723388671875,2294.5478515625,0,0,1,0,0,0,0,0,0,1,0,0,0.0442153736948967,0.023582227528095245,0.1541566252708435,0.021310823038220406,0.007905577309429646,0.0248432420194149,0.01476527564227581,0.03672721982002258,0.08886393904685974,0.08894355595111847,0.01696529984474182,0.05700410157442093
836,27.866666666666667,,,,insightface_bbox,0.7111976742744446,100.26360321044922,807.8280029296875,1045.2723388671875,2294.5478515625,0,0,1,0,0,0,0,0,0,1,0,0,0.044768765568733215,0.02350464090704918,0.1585727035999298,0.021169213578104973,0.007443251088261604,0.02595381997525692,0.015121566131711006,0.03713776916265488,0.0908079743385315,0.09080485254526138,0.01896050199866295,0.05625714361667633
837,27.9,,,,insightface_bbox,0.7111976742744446,100.26360321044922,807.8280029296875,1045.2723388671875,2294.5478515625,0,0,1,0,0,0,0,0,0,1,0,0,0.04222022742033005,0.021531863138079643,0.15377658605575562,0.019972333684563637,0.00700406264513731,0.024945564568042755,0.014228343963623047,0.03538809344172478,0.09132140874862671,0.09107355773448944,0.015721891075372696,0.05308803170919418
838,27.933333333333334,,,,insightface_bbox,0.7111976742744446,100.26360321044922,807.8280029296875,1045.2723388671875,2294.5478515625,0,0,1,0,0,0,0,0,0,1,0,0,0.04225717857480049,0.021338576450943947,0.149366095662117,0.01977803185582161,0.006965195760130882,0.024430781602859497,0.013687741942703724,0.03496282547712326,0.09201803058385849,0.09162569046020508,0.015468396246433258,0.05316334217786789
839,27.966666666666665,,,,insightface_bbox,0.7111976742744446,100.26360321044922,807.8280029296875,1045.2723388671875,2294.5478515625,0,0,1,0,0,0,0,0,0,1,0,0,0.040835458785295486,0.020167378708720207,0.14983893930912018,0.019032955169677734,0.0069694556295871735,0.023462511599063873,0.013229637406766415,0.0344792939722538,0.09074390679597855,0.08918160200119019,0.013822248205542564,0.05194605141878128
840,28.0,,,,insightface_bbox,0.718271017074585,107.76725006103516,783.1207275390625,1065.261474609375,2307.125,0,0,1,0,0,0,0,0,0,1,0,0,0.044602908194065094,0.022166457027196884,0.15775127708911896,0.019391972571611404,0.006897765677422285,0.02457224763929844,0.01049403939396143,0.033439233899116516,0.08865250647068024,0.08740254491567612,0.01763734593987465,0.05395558103919029
841,28.033333333333335,,,,insightface_bbox,0.718271017074585,107.76725006103516,783.1207275390625,1065.261474609375,2307.125,0,0,1,0,0,0,0,0,0,1,0,0,0.042257051914930344,0.020848045125603676,0.149793803691864,0.01866188831627369,0.006990265101194382,0.023774713277816772,0.01010159496217966,0.0329989530146122,0.08631191402673721,0.08866533637046814,0.01563072018325329,0.05123993754386902
842,28.066666666666666,,,,insightface_bbox,0.718271017074585,107.76725006103516,783.1207275390625,1065.261474609375,2307.125,0,0,1,0,0,0,0,0,0,1,0,0,0.043439701199531555,0.021925782784819603,0.15002188086509705,0.019687870517373085,0.007828550413250923,0.024657871574163437,0.012295070104300976,0.03439917042851448,0.08555669337511063,0.08942945301532745,0.015130936168134212,0.05395226925611496
843,28.1,,,,insightface_bbox,0.718271017074585,107.76725006103516,783.1207275390625,1065.261474609375,2307.125,0,0,1,0,0,0,0,0,0,1,0,0,0.041633863002061844,0.02173454686999321,0.14618708193302155,0.019819943234324455,0.007840316742658615,0.025050576776266098,0.012588677927851677,0.03577820211648941,0.08845142275094986,0.08800525218248367,0.01494351401925087,0.05467493087053299
844,28.133333333333333,,,,insightface_bbox,0.718271017074585,107.76725006103516,783.1207275390625,1065.261474609375,2307.125,0,0,1,0,0,0,0,0,0,1,0,0,0.043074991554021835,0.022281982004642487,0.15151256322860718,0.019772415980696678,0.007893839851021767,0.025134721770882607,0.012005261145532131,0.0345161035656929,0.08976590633392334,0.09247924387454987,0.014072810299694538,0.05287134647369385
845,28.166666666666668,,,,insightface_bbox,0.718271017074585,107.76725006103516,783.1207275390625,1065.261474609375,2307.125,0,0,1,0,0,0,0,0,0,1,0,0,0.044661205261945724,0.02339075319468975,0.15303222835063934,0.0200900137424469,0.0075928037986159325,0.026683099567890167,0.011700567789375782,0.03343513607978821,0.08792217075824738,0.09032784402370453,0.01574944518506527,0.05180593580007553
846,28.2,,,,insightface_bbox,0.6857877969741821,87.30352020263672,801.5623779296875,1065.30810546875,2303.31982421875,0,0,1,0,0,0,0,0,0,1,0,0,0.047220125794410706,0.0250758808106184,0.1596832275390625,0.02119898609817028,0.007459720596671104,0.02650277502834797,0.014477446675300598,0.03408204764127731,0.09279053658246994,0.09260464459657669,0.013666942715644836,0.04373020678758621
847,28.233333333333334,,,,insightface_bbox,0.6857877969741821,87.30352020263672,801.5623779296875,1065.30810546875,2303.31982421875,0,0,1,0,0,0,0,0,0,1,0,0,0.0548720546066761,0.029907504096627235,0.18080638349056244,0.025475500151515007,0.008481203578412533,0.03147207945585251,0.021293509751558304,0.03825457766652107,0.0996309220790863,0.10185578465461731,0.01609029620885849,0.04923693463206291
848,28.266666666666666,,,,insightface_bbox,0.6857877969741821,87.30352020263672,801.5623779296875,1065.30810546875,2303.31982421875,0,0,1,0,0,0,0,0,0,1,0,0,0.05678747221827507,0.03025069832801819,0.1924336850643158,0.024931475520133972,0.008963068947196007,0.03247082605957985,0.017801832407712936,0.0365142859518528,0.10167926549911499,0.09931880235671997,0.017724666744470596,0.0516318678855896
849,28.3,,,,insightface_bbox,0.6857877969741821,87.30352020263672,801.5623779296875,1065.30810546875,2303.31982421875,0,0,1,0,0,0,0,0,0,1,0,0,0.05263564735651016,0.027907660230994225,0.18449360132217407,0.023072674870491028,0.008176324889063835,0.02983611449599266,0.015261106193065643,0.035158053040504456,0.09702496975660324,0.09324264526367188,0.01651792787015438,0.04866914451122284
850,28.333333333333332,,,,insightface_bbox,0.6857877969741821,87.30352020263672,801.5623779296875,1065.30810546875,2303.31982421875,0,0,1,0,0,0,0,0,0,1,0,0,0.04870385676622391,0.025677142664790154,0.16513971984386444,0.02184821479022503,0.007179055362939835,0.02752356044948101,0.014085174538195133,0.03391239419579506,0.09301923215389252,0.09111788868904114,0.01581699587404728,0.04752397909760475
851,28.366666666666667,,,,insightface_bbox,0.6857877969741821,87.30352020263672,801.5623779296875,1065.30810546875,2303.31982421875,0,0,1,0,0,0,0,0,0,1,0,0,0.051200464367866516,0.02644972875714302,0.1788579821586609,0.022809144109487534,0.007601224817335606,0.029688635841012,0.01599060371518135,0.0351208820939064,0.09676716476678848,0.09364805370569229,0.018132749944925308,0.05008906126022339
852,28.4,,,,insightface_bbox,0.7214203476905823,116.41802978515625,818.9635620117188,1061.3792724609375,2314.88330078125,0,0,1,0,0,0,0,0,0,1,0,0,0.04125590622425079,0.020500902086496353,0.15291902422904968,0.019961457699537277,0.0068397256545722485,0.025973627343773842,0.013857832178473473,0.03894074633717537,0.09093710780143738,0.08863042294979095,0.018875451758503914,0.05788864195346832
853,28.433333333333334,,,,insightface_bbox,0.7214203476905823,116.41802978515625,818.9635620117188,1061.3792724609375,2314.88330078125,0,0,1,0,0,0,0,0,0,1,0,0,0.03856446593999863,0.019569097086787224,0.12132574617862701,0.017803600057959557,0.006493512075394392,0.023581860587000847,0.01095365360379219,0.03225107118487358,0.08817902207374573,0.0808088555932045,0.01315099373459816,0.0476660430431366
854,28.466666666666665,,,,insightface_bbox,0.7214203476905823,116.41802978515625,818.9635620117188,1061.3792724609375,2314.88330078125,0,0,1,0,0,0,0,0,0,1,0,0,0.040948279201984406,0.01934920623898506,0.14877183735370636,0.017303939908742905,0.006217663176357746,0.024008728563785553,0.009551848284900188,0.030424978584051132,0.08795122802257538,0.07981710135936737,0.013807802461087704,0.04551062360405922
855,28.5,,,,insightface_bbox,0.7214203476905823,116.41802978515625,818.9635620117188,1061.3792724609375,2314.88330078125,0,0,1,0,0,0,0,0,0,1,0,0,0.04169420897960663,0.02016145922243595,0.15750694274902344,0.01837901398539543,0.0068808505311608315,0.02580268122255802,0.010041417554020882,0.03390836343169212,0.09073396027088165,0.08908534049987793,0.014816918410360813,0.048884905874729156
856,28.533333333333335,,,,insightface_bbox,0.7214203476905823,116.41802978515625,818.9635620117188,1061.3792724609375,2314.88330078125,0,0,1,0,0,0,0,0,0,1,0,0,0.041403718292713165,0.021648462861776352,0.16184404492378235,0.019060932099819183,0.007297000847756863,0.024350706487894058,0.011430828832089901,0.03279237076640129,0.0855913832783699,0.08906073123216629,0.013494440354406834,0.048323191702365875
857,28.566666666666666,,,,insightface_bbox,0.7214203476905823,116.41802978515625,818.9635620117188,1061.3792724609375,2314.88330078125,0,0,1,0,0,0,0,0,0,1,0,0,0.04158783704042435,0.0216481052339077,0.16024558246135712,0.020985525101423264,0.0074950517155230045,0.02377149648964405,0.011655379086732864,0.03489275276660919,0.08269365131855011,0.08607937395572662,0.015411908738315105,0.052151210606098175
858,28.6,,,,insightface_bbox,0.6684923768043518,110.42230224609375,869.8513793945312,1021.6382446289062,2313.570068359375,0,0,1,0,0,0,0,0,0,1,0,0,0.03406531363725662,0.01922033354640007,0.13689859211444855,0.01580205000936985,0.006560909561812878,0.01441997941583395,0.007500539068132639,0.026121065020561218,0.06854531913995743,0.06052766740322113,0.004678466822952032,0.03354424983263016
859,28.633333333333333,,,,insightface_bbox,0.6684923768043518,110.42230224609375,869.8513793945312,1021.6382446289062,2313.570068359375,0,0,1,0,0,0,0,0,0,1,0,1,0.032007213681936264,0.017883211374282837,0.13697923719882965,0.015082711353898048,0.006081404164433479,0.013520339503884315,0.006672379095107317,0.025078831240534782,0.07002820074558258,0.06267391890287399,0.003618746530264616,0.031309667974710464
860,28.666666666666668,,,,insightface_bbox,0.6684923768043518,110.42230224609375,869.8513793945312,1021.6382446289062,2313.570068359375,0,0,1,0,0,0,0,0,0,1,0,1,0.03250594809651375,0.018516261130571365,0.1322876513004303,0.015584818087518215,0.006327332928776741,0.013989347964525223,0.007136530242860317,0.025991927832365036,0.0705566555261612,0.06400936096906662,0.0038295183330774307,0.031649377197027206
861,28.7,,,,insightface_bbox,0.6684923768043518,110.42230224609375,869.8513793945312,1021.6382446289062,2313.570068359375,0,0,1,0,0,0,0,0,0,1,0,0,0.03573429211974144,0.019451169297099113,0.14146316051483154,0.016666686162352562,0.006309185177087784,0.014838511124253273,0.00788235105574131,0.02632150799036026,0.07003746181726456,0.06326565146446228,0.0048752399161458015,0.034811243414878845
862,28.733333333333334,,,,insightface_bbox,0.6684923768043518,110.42230224609375,869.8513793945312,1021.6382446289062,2313.570068359375,0,0,1,0,0,0,0,0,0,1,0,0,0.03721724823117256,0.019860178232192993,0.14729216694831848,0.017267929390072823,0.006304106675088406,0.015185646712779999,0.008001279085874557,0.026388462632894516,0.06741669028997421,0.05892602354288101,0.005919691175222397,0.037065278738737106
863,28.766666666666666,,,,insightface_bbox,0.6684923768043518,110.42230224609375,869.8513793945312,1021.6382446289062,2313.570068359375,0,0,1,0,0,0,0,0,0,1,0,0,0.0358760692179203,0.019256530329585075,0.13631680607795715,0.016057513654232025,0.006117829587310553,0.014404712244868279,0.00779388565570116,0.02514653094112873,0.0683789849281311,0.058433592319488525,0.005511503666639328,0.03671687841415405
864,28.8,,,,insightface_bbox,0.6765106916427612,121.85322570800781,882.9427490234375,1009.692626953125,2334.5927734375,0,0,1,0,0,0,0,0,0,1,0,0,0.040262602269649506,0.019308093935251236,0.22585496306419373,0.015586619265377522,0.006975568365305662,0.018545981496572495,0.008002376183867455,0.026710018515586853,0.07414312660694122,0.0659998208284378,0.005882370285689831,0.03619785234332085
865,28.833333333333332,,,,insightface_bbox,0.6765106916427612,121.85322570800781,882.9427490234375,1009.692626953125,2334.5927734375,0,0,1,0,0,0,0,0,0,1,0,0,0.038202282041311264,0.019125889986753464,0.22544445097446442,0.015549520961940289,0.006765980273485184,0.019022878259420395,0.007503274362534285,0.027450239285826683,0.06704935431480408,0.06167524307966232,0.00672498345375061,0.035260628908872604
866,28.866666666666667,,,,insightface_bbox,0.6765106916427612,121.85322570800781,882.9427490234375,1009.692626953125,2334.5927734375,0,0,1,0,0,0,0,0,0,1,0,0,0.03720727562904358,0.018306098878383636,0.22191940248012543,0.01531947311013937,0.00637636985629797,0.018253766000270844,0.007005520164966583,0.02939380332827568,0.06929106265306473,0.06250404566526413,0.006051650736480951,0.032259501516819
867,28.9,,,,insightface_bbox,0.6765106916427612,121.85322570800781,882.9427490234375,1009.692626953125,2334.5927734375,0,0,1,0,0,0,0,0,0,1,0,0,0.039497293531894684,0.018842432647943497,0.2381151169538498,0.015548360534012318,0.006517856847494841,0.018189923837780952,0.007102996110916138,0.0298114325851202,0.07247994095087051,0.06164417415857315,0.005889703519642353,0.03280669450759888
868,28.933333333333334,,,,insightface_bbox,0.6765106916427612,121.85322570800781,882.9427490234375,1009.692626953125,2334.5927734375,0,0,1,0,0,0,0,0,0,1,0,0,0.039879921823740005,0.018923286348581314,0.22926178574562073,0.0155605748295784,0.006181951146572828,0.016800343990325928,0.006904696114361286,0.02757866680622101,0.06771282851696014,0.056548234075307846,0.00575177650898695,0.03282930329442024
869,28.966666666666665,,,,insightface_bbox,0.6765106916427612,121.85322570800781,882.9427490234375,1009.692626953125,2334.5927734375,0,0,1,0,0,0,0,0,0,1,0,0,0.040478333830833435,0.01963447593152523,0.22534531354904175,0.016031142324209213,0.0063281673938035965,0.01795974373817444,0.007048012223094702,0.028354378417134285,0.0692933052778244,0.059153616428375244,0.0064731501042842865,0.03460672125220299
870,29.0,,,,insightface_bbox,0.649798572063446,86.98756408691406,809.2835083007812,1009.3692016601562,2355.183837890625,0,0,1,0,0,0,0,0,0,1,0,0,0.03282608091831207,0.018286727368831635,0.13003061711788177,0.016377298161387444,0.006183155346661806,0.017850205302238464,0.006852302700281143,0.03421485424041748,0.07290700078010559,0.06559320539236069,0.009679948911070824,0.03573473170399666
871,29.033333333333335,,,,insightface_bbox,0.649798572063446,86.98756408691406,809.2835083007812,1009.3692016601562,2355.183837890625,0,0,1,0,0,0,0,0,0,1,0,0,0.03824999928474426,0.02073698677122593,0.1719142645597458,0.017798805609345436,0.006738030351698399,0.020714696496725082,0.007996076717972755,0.03327764943242073,0.07397966831922531,0.06435571610927582,0.012239869683980942,0.03805503621697426
872,29.066666666666666,,,,insightface_bbox,0.649798572063446,86.98756408691406,809.2835083007812,1009.3692016601562,2355.183837890625,0,0,1,0,0,0,0,0,0,1,0,0,0.04854299873113632,0.021512161940336227,0.2774048447608948,0.018602047115564346,0.006776904221624136,0.022812021896243095,0.008255628868937492,0.029892807826399803,0.06683923304080963,0.056349173188209534,0.01572657749056816,0.03777769207954407
873,29.1,,,,insightface_bbox,0.649798572063446,86.98756408691406,809.2835083007812,1009.3692016601562,2355.183837890625,0,0,1,0,0,0,0,0,0,1,0,0,0.04639708250761032,0.02041589841246605,0.3117150664329529,0.017653610557317734,0.0061735655181109905,0.020018497481942177,0.007992769591510296,0.02967526949942112,0.06334013491868973,0.055519960820674896,0.013158339075744152,0.03546829894185066
874,29.133333333333333,,,,insightface_bbox,0.649798572063446,86.98756408691406,809.2835083007812,1009.3692016601562,2355.183837890625,0,0,1,0,0,0,0,0,0,1,0,0,0.04769347235560417,0.020536262542009354,0.3480256199836731,0.01854422688484192,0.007404753938317299,0.022653618827462196,0.008604096248745918,0.03467091917991638,0.06725222617387772,0.058370232582092285,0.015693025663495064,0.035928212106227875
875,29.166666666666668,,,,insightface_bbox,0.649798572063446,86.98756408691406,809.2835083007812,1009.3692016601562,2355.183837890625,0,0,1,0,0,0,0,0,0,1,0,0,0.04561079293489456,0.019644062966108322,0.34054264426231384,0.0173812136054039,0.00688527524471283,0.020938076078891754,0.007722179405391216,0.03208998218178749,0.0640755370259285,0.05671194940805435,0.013415521010756493,0.03360767289996147
876,29.2,,,,insightface_bbox,0.6755555868148804,34.24306106567383,802.6292114257812,947.713134765625,2427.58935546875,0,0,1,0,0,0,0,0,0,1,0,0,0.04356598109006882,0.018134212121367455,0.3089043200016022,0.013734557665884495,0.00491945119574666,0.014597718603909016,0.004981806967407465,0.022243786603212357,0.058539096266031265,0.04777161031961441,0.006163336802273989,0.027834441512823105
877,29.233333333333334,,,,insightface_bbox,0.6755555868148804,34.24306106567383,802.6292114257812,947.713134765625,2427.58935546875,0,0,1,0,0,0,0,0,0,1,0,0,0.04260610044002533,0.018241388723254204,0.30084624886512756,0.013660835102200508,0.004875253885984421,0.014394784346222878,0.004944100510329008,0.021926334127783775,0.05750717967748642,0.04717313498258591,0.005883191712200642,0.028136033564805984
878,29.266666666666666,,,,insightface_bbox,0.6755555868148804,34.24306106567383,802.6292114257812,947.713134765625,2427.58935546875,0,0,1,0,0,0,0,0,0,1,0,0,0.04152534902095795,0.018273228779435158,0.31842607259750366,0.013443052768707275,0.0047093406319618225,0.014564436860382557,0.0045487284660339355,0.02007950097322464,0.054586172103881836,0.042234402149915695,0.006155460141599178,0.028120746836066246
879,29.3,,,,insightface_bbox,0.6755555868148804,34.24306106567383,802.6292114257812,947.713134765625,2427.58935546875,0,0,1,0,0,0,0,0,0,1,0,0,0.041889943182468414,0.01856178417801857,0.30405429005622864,0.013691017404198647,0.004678451456129551,0.014814953319728374,0.004586271941661835,0.019922861829400063,0.05449250712990761,0.04153416305780411,0.006028459407389164,0.029570143669843674
880,29.333333333333332,,,,insightface_bbox,0.6755555868148804,34.24306106567383,802.6292114257812,947.713134765625,2427.58935546875,0,0,1,0,0,0,0,0,0,1,0,0,0.04084530845284462,0.018384743481874466,0.2524318993091583,0.013742697425186634,0.004862754140049219,0.014731556177139282,0.004874938167631626,0.020758703351020813,0.05582612752914429,0.0428432896733284,0.005220482591539621,0.029395516961812973
881,29.366666666666667,,,,insightface_bbox,0.6755555868148804,34.24306106567383,802.6292114257812,947.713134765625,2427.58935546875,0,0,1,0,0,0,0,0,0,1,0,0,0.03838663548231125,0.018433859571814537,0.19788004457950592,0.01461578905582428,0.0054698605090379715,0.01576070860028267,0.00542049715295434,0.022836441174149513,0.05745921656489372,0.04383552446961403,0.0062100873328745365,0.030575338751077652
882,29.4,,,,insightface_bbox,0.6556993722915649,72.75320434570312,785.2815551757812,1010.3780517578125,2382.39404296875,0,0,1,0,0,0,0,0,0,1,0,0,0.03470415249466896,0.01838095299899578,0.130794495344162,0.016156265512108803,0.00659379456192255,0.02124648727476597,0.00792746338993311,0.03127584606409073,0.07631728053092957,0.07243142277002335,0.009383673779666424,0.03413323685526848
883,29.433333333333334,,,,insightface_bbox,0.6556993722915649,72.75320434570312,785.2815551757812,1010.3780517578125,2382.39404296875,0,0,1,0,0,0,0,0,0,1,0,0,0.03555365651845932,0.01884174346923828,0.1486145704984665,0.017563723027706146,0.007026516832411289,0.024504076689481735,0.009344982914626598,0.035975802689790726,0.07971088588237762,0.0816834345459938,0.012174209579825401,0.0373898446559906
884,29.466666666666665,,,,insightface_bbox,0.6556993722915649,72.75320434570312,785.2815551757812,1010.3780517578125,2382.39404296875,0,0,1,0,0,0,0,0,0,1,0,0,0.036504194140434265,0.019628452137112617,0.16649387776851654,0.018740754574537277,0.007266213186085224,0.024044187739491463,0.010334317572414875,0.03607907146215439,0.0766562819480896,0.08166389167308807,0.01393975131213665,0.04153664410114288
885,29.5,,,,insightface_bbox,0.6556993722915649,72.75320434570312,785.2815551757812,1010.3780517578125,2382.39404296875,0,0,1,0,0,0,0,0,0,1,0,0,0.04138436168432236,0.021903444081544876,0.20805710554122925,0.021345041692256927,0.008120434358716011,0.025663385167717934,0.012426966801285744,0.037432461977005005,0.07764516770839691,0.08149778842926025,0.016808193176984787,0.04927588999271393
886,29.533333333333335,,,,insightface_bbox,0.6556993722915649,72.75320434570312,785.2815551757812,1010.3780517578125,2382.39404296875,0,0,1,0,0,0,0,0,0,1,0,0,0.04055333882570267,0.02060786820948124,0.20092585682868958,0.019410505890846252,0.007688453886657953,0.02428990975022316,0.010757376439869404,0.033801253885030746,0.07489926367998123,0.07727795094251633,0.015430713072419167,0.04766514152288437
887,29.566666666666666,,,,insightface_bbox,0.6556993722915649,72.75320434570312,785.2815551757812,1010.3780517578125,2382.39404296875,0,0,1,0,0,0,0,0,0,1,0,0,0.03764816001057625,0.018259240314364433,0.17848408222198486,0.017193878069519997,0.0072463396936655045,0.02165203168988228,0.008291896432638168,0.032636865973472595,0.07379449158906937,0.07366427779197693,0.01157628558576107,0.040412284433841705
888,29.6,,,,insightface_bbox,0.6621620059013367,93.6680679321289,834.8905029296875,1009.7908325195312,2343.767578125,0,0,1,0,0,0,0,0,0,1,0,0,0.03477524593472481,0.01821548491716385,0.1530318707227707,0.014933818951249123,0.006312089040875435,0.014503206126391888,0.006268015131354332,0.027281787246465683,0.07239025086164474,0.061328526586294174,0.004564001224935055,0.032101985067129135
889,29.633333333333333,,,,insightface_bbox,0.6621620059013367,93.6680679321289,834.8905029296875,1009.7908325195312,2343.767578125,0,0,1,0,0,0,0,0,0,1,0,0,0.03559015318751335,0.018729140982031822,0.14840088784694672,0.015338287688791752,0.006194314453750849,0.014240389689803123,0.006343105807900429,0.02626066841185093,0.06984682381153107,0.05635985732078552,0.004787607584148645,0.03307260945439339
890,29.666666666666668,,,,insightface_bbox,0.6621620059013367,93.6680679321289,834.8905029296875,1009.7908325195312,2343.767578125,0,0,1,0,0,0,0,0,0,1,0,0,0.03548944741487503,0.01857459358870983,0.14352209866046906,0.015407507307827473,0.006456296890974045,0.01436250377446413,0.006222249008715153,0.02648610807955265,0.07026493549346924,0.05661654844880104,0.00482367305085063,0.03337102755904198
891,29.7,,,,insightface_bbox,0.6621620059013367,93.6680679321289,834.8905029296875,1009.7908325195312,2343.767578125,0,0,1,0,0,0,0,0,0,1,0,0,0.035010553896427155,0.018546130508184433,0.14794352650642395,0.015609083697199821,0.006545200478285551,0.014735660515725613,0.006115376483649015,0.027108166366815567,0.06995084136724472,0.05698932707309723,0.005046110134571791,0.03236115723848343
892,29.733333333333334,,,,insightface_bbox,0.6621620059013367,93.6680679321289,834.8905029296875,1009.7908325195312,2343.767578125,0,0,1,0,0,0,0,0,0,1,0,0,0.035029906779527664,0.019745303317904472,0.14867764711380005,0.015651561319828033,0.006428174674510956,0.015351731330156326,0.00617508590221405,0.027503415942192078,0.06633029133081436,0.05510580539703369,0.006145176477730274,0.03527054935693741
893,29.766666666666666,,,,insightface_bbox,0.6621620059013367,93.6680679321289,834.8905029296875,1009.7908325195312,2343.767578125,0,0,1,0,0,0,0,0,0,1,0,0,0.04906008392572403,0.02578459493815899,0.22477847337722778,0.023519424721598625,0.00737672159448266,0.02053436078131199,0.009003052487969398,0.031256139278411865,0.06841481477022171,0.05788329243659973,0.012586336582899094,0.0485614612698555
894,29.8,,,,insightface_bbox,0.6805781722068787,137.7349090576172,911.0860595703125,1037.1904296875,2330.06201171875,0,0,1,0,0,0,0,0,0,1,0,0,0.04076391085982323,0.020967107266187668,0.15822705626487732,0.01655745506286621,0.006308981217443943,0.015137008391320705,0.007386921904981136,0.024104276672005653,0.06520974636077881,0.05447118729352951,0.00608657905831933,0.036285970360040665
895,29.833333333333332,,,,insightface_bbox,0.6805781722068787,137.7349090576172,911.0860595703125,1037.1904296875,2330.06201171875,0,0,1,0,0,0,0,0,0,1,0,0,0.04356268420815468,0.023449063301086426,0.1598730981349945,0.01924017257988453,0.00666248332709074,0.015473669394850731,0.007765218149870634,0.025802692398428917,0.06716963648796082,0.05544840544462204,0.006654216442257166,0.041143305599689484
896,29.866666666666667,,,,insightface_bbox,0.6805781722068787,137.7349090576172,911.0860595703125,1037.1904296875,2330.06201171875,0,0,1,0,0,0,0,0,0,1,0,0,0.04395105317234993,0.023951157927513123,0.17956721782684326,0.021524667739868164,0.0074495552107691765,0.016271965578198433,0.008370804600417614,0.02887415513396263,0.07310809195041656,0.06037898734211922,0.007057089824229479,0.04404590278863907
897,29.9,,,,insightface_bbox,0.6805781722068787,137.7349090576172,911.0860595703125,1037.1904296875,2330.06201171875,0,0,1,0,0,0,0,0,0,1,0,0,0.03999585658311844,0.021146627143025398,0.16372321546077728,0.017421675845980644,0.0076666902750730515,0.01538040954619646,0.007857834920287132,0.02714153565466404,0.07510114461183548,0.05966508388519287,0.005185136571526527,0.038924556225538254
898,29.933333333333334,,,,insightface_bbox,0.6805781722068787,137.7349090576172,911.0860595703125,1037.1904296875,2330.06201171875,0,0,1,0,0,0,0,0,0,1,0,1,0.04000544920563698,0.0210435688495636,0.16499850153923035,0.016331292688846588,0.007860158570110798,0.015411527827382088,0.0076459902338683605,0.025794420391321182,0.07658720761537552,0.05822459235787392,0.00464269844815135,0.03642570599913597
899,29.966666666666665,,,,insightface_bbox,0.6805781722068787,137.7349090576172,911.0860595703125,1037.1904296875,2330.06201171875,0,0,1,0,0,0,0,0,0,1,0,1,0.03914429992437363,0.020928513258695602,0.16270115971565247,0.016109971329569817,0.007845062762498856,0.015498808585107327,0.007352484855800867,0.02554699033498764,0.07570816576480865,0.0583944134414196,0.004460881929844618,0.034552112221717834
900,30.0,,,,insightface_bbox,0.696056604385376,123.73345947265625,814.6177368164062,1033.7359619140625,2317.48681640625,0,0,1,0,0,0,0,0,0,1,0,0,0.04239819943904877,0.02243494614958763,0.14245720207691193,0.017354145646095276,0.008755500428378582,0.01747487485408783,0.010181596502661705,0.027822738513350487,0.07578332722187042,0.06376378238201141,0.006993531249463558,0.04539553448557854
901,30.033333333333335,,,,insightface_bbox,0.696056604385376,123.73345947265625,814.6177368164062,1033.7359619140625,2317.48681640625,0,0,1,0,0,0,0,0,0,1,0,0,0.04158433899283409,0.02167484164237976,0.14267177879810333,0.01714099757373333,0.008577167056500912,0.017200643196702003,0.010087260976433754,0.02835044264793396,0.07455120980739594,0.06329702585935593,0.0067581236362457275,0.044365767389535904
902,30.066666666666666,,,,insightface_bbox,0.696056604385376,123.73345947265625,814.6177368164062,1033.7359619140625,2317.48681640625,0,0,1,0,0,0,0,0,0,1,0,0,0.04141721501946449,0.02210930921137333,0.14054591953754425,0.0171697735786438,0.008673042058944702,0.01738101616501808,0.010086982510983944,0.02854239009320736,0.07826364040374756,0.06493338197469711,0.006476227194070816,0.044456567615270615
903,30.1,,,,insightface_bbox,0.696056604385376,123.73345947265625,814.6177368164062,1033.7359619140625,2317.48681640625,0,0,1,0,0,0,0,0,0,1,0,0,0.04144550859928131,0.022015463560819626,0.14061719179153442,0.018283816054463387,0.008860105648636818,0.01753123849630356,0.010687623172998428,0.0287186186760664,0.08094730973243713,0.06477709859609604,0.006678394041955471,0.045139990746974945
904,30.133333333333333,,,,insightface_bbox,0.696056604385376,123.73345947265625,814.6177368164062,1033.7359619140625,2317.48681640625,0,0,1,0,0,0,0,0,0,1,0,0,0.04231869429349899,0.022851906716823578,0.14482618868350983,0.020857855677604675,0.008453765884041786,0.018224313855171204,0.012006912380456924,0.03174850344657898,0.07930168509483337,0.0664822906255722,0.00659659318625927,0.04445064440369606
905,30.166666666666668,,,,insightface_bbox,0.696056604385376,123.73345947265625,814.6177368164062,1033.7359619140625,2317.48681640625,0,0,1,0,0,0,0,0,0,1,0,0,0.0430823415517807,0.022397946566343307,0.14722305536270142,0.020596051588654518,0.008432845585048199,0.01826312765479088,0.012232506647706032,0.03361035883426666,0.07950076460838318,0.06738104671239853,0.006419898942112923,0.043349284678697586
906,30.2,,,,insightface_bbox,0.7002657651901245,123.45074462890625,809.3549194335938,1043.6419677734375,2307.88427734375,0,0,1,0,0,0,0,0,0,1,0,0,0.04295578598976135,0.022635163739323616,0.14304281771183014,0.01980028860270977,0.008039289154112339,0.019261468201875687,0.012336716055870056,0.03395293653011322,0.07678122818470001,0.06813086569309235,0.00773251336067915,0.04612013325095177
907,30.233333333333334,,,,insightface_bbox,0.7002657651901245,123.45074462890625,809.3549194335938,1043.6419677734375,2307.88427734375,0,0,1,0,0,0,0,0,0,1,0,0,0.03965500742197037,0.020631978288292885,0.12616872787475586,0.01793229579925537,0.007975044660270214,0.01800782047212124,0.011937846429646015,0.03197808191180229,0.0767134577035904,0.06583771854639053,0.006178713403642178,0.04265705123543739
908,30.266666666666666,,,,insightface_bbox,0.7002657651901245,123.45074462890625,809.3549194335938,1043.6419677734375,2307.88427734375,0,0,1,0,0,0,0,0,0,1,0,0,0.03920156508684158,0.020700782537460327,0.1300491988658905,0.01824105903506279,0.007750810123980045,0.017658693715929985,0.011411605402827263,0.03239358589053154,0.0757957398891449,0.06465218961238861,0.005333872977644205,0.038549359887838364
909,30.3,,,,insightface_bbox,0.7002657651901245,123.45074462890625,809.3549194335938,1043.6419677734375,2307.88427734375,0,0,1,0,0,0,0,0,0,1,0,0,0.040327101945877075,0.02185671031475067,0.13421742618083954,0.01907946728169918,0.008060681633651257,0.017444105818867683,0.010789419524371624,0.031268611550331116,0.07747062295675278,0.06790778040885925,0.005965862423181534,0.04288768768310547
910,30.333333333333332,,,,insightface_bbox,0.7002657651901245,123.45074462890625,809.3549194335938,1043.6419677734375,2307.88427734375,0,0,1,0,0,0,0,0,0,1,0,0,0.04203244298696518,0.022270476445555687,0.14629262685775757,0.01688249036669731,0.008414074778556824,0.01673118583858013,0.009556026197969913,0.026558443903923035,0.07655750215053558,0.06281332671642303,0.0063124462030828,0.04421766847372055
911,30.366666666666667,,,,insightface_bbox,0.7002657651901245,123.45074462890625,809.3549194335938,1043.6419677734375,2307.88427734375,0,0,1,0,0,0,0,0,0,1,0,0,0.042981747537851334,0.022727439180016518,0.15817417204380035,0.017581025138497353,0.00878918543457985,0.017571261152625084,0.011268909089267254,0.028805628418922424,0.07242043316364288,0.06169011443853378,0.006965341977775097,0.04713445156812668
912,30.4,,,,insightface_bbox,0.670596718788147,124.61863708496094,858.3118896484375,1008.8119506835938,2398.23046875,0,0,1,0,0,0,0,0,0,1,0,0,0.03962661698460579,0.020499374717473984,0.16754308342933655,0.017536073923110962,0.006919187027961016,0.014143744483590126,0.00774323008954525,0.028370879590511322,0.0633968710899353,0.052549563348293304,0.005464381538331509,0.03320635110139847
913,30.433333333333334,,,,insightface_bbox,0.670596718788147,124.61863708496094,858.3118896484375,1008.8119506835938,2398.23046875,0,0,1,0,0,0,0,0,0,1,0,0,0.04291048273444176,0.02198837883770466,0.1944596916437149,0.01825661212205887,0.00717151490971446,0.014761378988623619,0.009032235480844975,0.02999267727136612,0.06990668177604675,0.05689002200961113,0.006836199201643467,0.03945296257734299
914,30.466666666666665,,,,insightface_bbox,0.670596718788147,124.61863708496094,858.3118896484375,1008.8119506835938,2398.23046875,0,0,1,0,0,0,0,0,0,1,0,0,0.042280055582523346,0.0217437744140625,0.18957383930683136,0.017851926386356354,0.00702112540602684,0.014424312859773636,0.009175542742013931,0.029755132272839546,0.06898577511310577,0.056913215667009354,0.006800645962357521,0.03918337821960449
915,30.5,,,,insightface_bbox,0.670596718788147,124.61863708496094,858.3118896484375,1008.8119506835938,2398.23046875,0,0,1,0,0,0,0,0,0,1,0,0,0.042865902185440063,0.022121863439679146,0.18673229217529297,0.018268298357725143,0.007150888442993164,0.014501550234854221,0.009212029166519642,0.029722021892666817,0.06997828185558319,0.05751403421163559,0.006660772953182459,0.038426473736763
916,30.533333333333335,,,,insightface_bbox,0.670596718788147,124.61863708496094,858.3118896484375,1008.8119506835938,2398.23046875,0,0,1,0,0,0,0,0,0,1,0,0,0.04311377555131912,0.022725608199834824,0.18534384667873383,0.01866990514099598,0.007094400469213724,0.014071043580770493,0.008810551837086678,0.028089739382267,0.06744316965341568,0.05373816192150116,0.0067850807681679726,0.03763315826654434
917,30.566666666666666,,,,insightface_bbox,0.670596718788147,124.61863708496094,858.3118896484375,1008.8119506835938,2398.23046875,0,0,1,0,0,0,0,0,0,1,0,0,0.043277375400066376,0.02283809334039688,0.18727882206439972,0.018744610249996185,0.007093535270541906,0.01390240341424942,0.00846957229077816,0.0276798103004694,0.06780350208282471,0.05303480476140976,0.006657671649008989,0.037319693714380264
918,30.6,,,,insightface_bbox,0.680217444896698,128.70468139648438,879.7999267578125,1015.1868896484375,2396.665771484375,0,0,1,0,0,0,0,0,0,1,0,0,0.04505088925361633,0.024783682078123093,0.20153912901878357,0.021753625944256783,0.007549831178039312,0.015239732339978218,0.009044010192155838,0.03006035089492798,0.07097764313220978,0.0541125051677227,0.00816087145358324,0.041607845574617386
919,30.633333333333333,,,,insightface_bbox,0.680217444896698,128.70468139648438,879.7999267578125,1015.1868896484375,2396.665771484375,0,0,1,0,0,0,0,0,0,1,0,0,0.048346176743507385,0.027514604851603508,0.22699058055877686,0.02646670863032341,0.008019682951271534,0.01649124175310135,0.009882190264761448,0.03311270475387573,0.07658720761537552,0.05571604520082474,0.008992374874651432,0.04376755654811859
920,30.666666666666668,,,,insightface_bbox,0.680217444896698,128.70468139648438,879.7999267578125,1015.1868896484375,2396.665771484375,0,0,1,0,0,0,0,0,0,1,0,0,0.04888250678777695,0.027611853554844856,0.2333625853061676,0.027603840455412865,0.008346171118319035,0.016731105744838715,0.009756417945027351,0.033768851310014725,0.08019204437732697,0.05574968457221985,0.008423911407589912,0.045249179005622864
921,30.7,,,,insightface_bbox,0.680217444896698,128.70468139648438,879.7999267578125,1015.1868896484375,2396.665771484375,0,0,1,0,0,0,0,0,0,1,0,0,0.04772880673408508,0.026453668251633644,0.2272927165031433,0.026076223701238632,0.008224975317716599,0.01664631813764572,0.009625863283872604,0.03500891476869583,0.08099368959665298,0.05619547888636589,0.007408597506582737,0.042439233511686325
922,30.733333333333334,,,,insightface_bbox,0.680217444896698,128.70468139648438,879.7999267578125,1015.1868896484375,2396.665771484375,0,0,1,0,0,0,0,0,0,1,0,0,0.04467961937189102,0.024397268891334534,0.20525963604450226,0.022805549204349518,0.007854397408664227,0.016080664470791817,0.009338412433862686,0.032661985605955124,0.07681076973676682,0.05495593324303627,0.007276101503521204,0.04060980677604675
923,30.766666666666666,,,,insightface_bbox,0.680217444896698,128.70468139648438,879.7999267578125,1015.1868896484375,2396.665771484375,0,0,1,0,0,0,0,0,0,1,0,0,0.04505504295229912,0.02547784522175789,0.20250996947288513,0.023524537682533264,0.0077598486095666885,0.016628120094537735,0.01029898039996624,0.032230403274297714,0.07211694121360779,0.054917797446250916,0.00783536210656166,0.0410480760037899
924,30.8,,,,insightface_bbox,0.6710903644561768,109.36687469482422,868.4107666015625,1024.605224609375,2363.031005859375,0,0,1,0,0,0,0,0,0,1,0,0,0.044498540461063385,0.02442063018679619,0.16451159119606018,0.019575681537389755,0.009718842804431915,0.018270589411258698,0.012874040752649307,0.03175551816821098,0.08077841997146606,0.06128579378128052,0.006702460814267397,0.04572104290127754
925,30.833333333333332,,,,insightface_bbox,0.6710903644561768,109.36687469482422,868.4107666015625,1024.605224609375,2363.031005859375,0,0,1,0,0,0,0,0,0,1,0,0,0.04709450155496597,0.02467840164899826,0.15644702315330505,0.01941920816898346,0.009738271124660969,0.01899620331823826,0.01191860530525446,0.02812778949737549,0.07562358677387238,0.0582861490547657,0.007096806075423956,0.04414068162441254
926,30.866666666666667,,,,insightface_bbox,0.6710903644561768,109.36687469482422,868.4107666015625,1024.605224609375,2363.031005859375,0,0,1,0,0,0,0,0,0,1,0,0,0.04731845483183861,0.025055378675460815,0.15691933035850525,0.019941512495279312,0.009824985638260841,0.019000768661499023,0.011803226545453072,0.027114029973745346,0.07695551216602325,0.05915835127234459,0.007072166074067354,0.044577620923519135
927,30.9,,,,insightface_bbox,0.6710903644561768,109.36687469482422,868.4107666015625,1024.605224609375,2363.031005859375,0,0,1,0,0,0,0,0,0,1,0,0,0.04646347835659981,0.024659041315317154,0.15395024418830872,0.019876929000020027,0.009566743858158588,0.0183467548340559,0.011107017286121845,0.026321260258555412,0.07607952505350113,0.056776683777570724,0.0067092846147716045,0.042842622846364975
928,30.933333333333334,,,,insightface_bbox,0.6710903644561768,109.36687469482422,868.4107666015625,1024.605224609375,2363.031005859375,0,0,1,0,0,0,0,0,0,1,0,0,0.045328639447689056,0.024541104212403297,0.15468232333660126,0.020343007519841194,0.009572996757924557,0.018224123865365982,0.010885857045650482,0.02656593918800354,0.07548807561397552,0.056505221873521805,0.006605102214962244,0.04204182326793671
929,30.966666666666665,,,,insightface_bbox,0.6710903644561768,109.36687469482422,868.4107666015625,1024.605224609375,2363.031005859375,0,0,1,0,0,0,0,0,0,1,0,0,0.04468975588679314,0.024741103872656822,0.15017762780189514,0.01997467502951622,0.009351283311843872,0.018153365701436996,0.01129420567303896,0.026419535279273987,0.07352189719676971,0.056242235004901886,0.006507888436317444,0.041906312108039856
930,31.0,,,,insightface_bbox,0.6866068840026855,110.75743865966797,853.445068359375,1057.984619140625,2351.02685546875,0,0,1,0,0,0,0,0,0,1,0,0,0.05456715077161789,0.028964616358280182,0.18520480394363403,0.026908744126558304,0.011148507706820965,0.027644028887152672,0.0253148190677166,0.04082406312227249,0.09028159081935883,0.08224393427371979,0.022379402071237564,0.0758400708436966
931,31.033333333333335,,,,insightface_bbox,0.6866068840026855,110.75743865966797,853.445068359375,1057.984619140625,2351.02685546875,0,0,1,0,0,0,0,0,0,1,0,0,0.054587095975875854,0.02849038876593113,0.18218764662742615,0.02617608569562435,0.011165047995746136,0.027734551578760147,0.02498793974518776,0.0399128720164299,0.08985233306884766,0.08339637517929077,0.02328982576727867,0.07630470395088196
932,31.066666666666666,,,,insightface_bbox,0.6866068840026855,110.75743865966797,853.445068359375,1057.984619140625,2351.02685546875,0,0,1,0,0,0,0,0,0,1,0,0,0.05416000261902809,0.028231609612703323,0.18016241490840912,0.025827672332525253,0.011109811253845692,0.027640346437692642,0.02480190433561802,0.04003234952688217,0.09070952236652374,0.08465361595153809,0.022666707634925842,0.07709451764822006
933,31.1,,,,insightface_bbox,0.6866068840026855,110.75743865966797,853.445068359375,1057.984619140625,2351.02685546875,0,0,1,0,0,0,0,0,0,1,0,0,0.054534755647182465,0.028465978801250458,0.18124210834503174,0.02607620134949684,0.011192560195922852,0.02796749398112297,0.02541992999613285,0.040490955114364624,0.0907026082277298,0.08522623032331467,0.022813022136688232,0.07725115120410919
934,31.133333333333333,,,,insightface_bbox,0.6866068840026855,110.75743865966797,853.445068359375,1057.984619140625,2351.02685546875,0,0,1,0,0,0,0,0,0,1,0,0,0.05547266826033592,0.029457688331604004,0.18061146140098572,0.02697090059518814,0.011312656104564667,0.028253959491848946,0.02616078034043312,0.040720704942941666,0.08930632472038269,0.08449982106685638,0.02360020950436592,0.07948461174964905
935,31.166666666666668,,,,insightface_bbox,0.6866068840026855,110.75743865966797,853.445068359375,1057.984619140625,2351.02685546875,0,0,1,0,0,0,0,0,0,1,0,0,0.054769620299339294,0.02975333109498024,0.18085607886314392,0.028506077826023102,0.011438635177910328,0.028880905359983444,0.028193483129143715,0.0422850176692009,0.08791616559028625,0.08084886521100998,0.02347578853368759,0.07845853269100189
936,31.2,,,,insightface_bbox,0.6783403158187866,124.08733367919922,888.4223022460938,1047.636474609375,2373.15087890625,0,0,1,0,0,0,0,0,0,1,0,0,0.04505055025219917,0.02396870218217373,0.16320659220218658,0.020029518753290176,0.00937559362500906,0.018774330615997314,0.014266494661569595,0.02915523760020733,0.07621672749519348,0.060549795627593994,0.007052215747535229,0.04518004134297371
937,31.233333333333334,,,,insightface_bbox,0.6783403158187866,124.08733367919922,888.4223022460938,1047.636474609375,2373.15087890625,0,0,1,0,0,0,0,0,0,1,0,0,0.04262011870741844,0.023664329200983047,0.1591048240661621,0.020306983962655067,0.008927572518587112,0.0181743111461401,0.01312082540243864,0.03214152157306671,0.07591339945793152,0.06231803819537163,0.005873325280845165,0.04164542257785797
