frame_idx,frame_time_in_ms,pitch,yaw,roll,face_alignment_method,face_detection_score,face_bbox_xmin,face_bbox_ymin,face_bbox_xmax,face_bbox_ymax,au_1,au_2,au_4,au_6,au_7,au_10,au_12,au_14,au_15,au_17,au_23,au_24,au_1_intensity,au_2_intensity,au_4_intensity,au_5_intensity,au_6_intensity,au_9_intensity,au_12_intensity,au_15_intensity,au_17_intensity,au_20_intensity,au_25_intensity,au_26_intensity
0,0.0,,,,insightface_bbox,0.7425517439842224,61.1163215637207,557.2385864257812,1073.8740234375,2401.4482421875,0,0,0,0,0,0,0,0,0,0,0,0,0.047476284205913544,0.03967117890715599,0.06001067906618118,0.1036640852689743,0.011951563879847527,0.019669830799102783,0.023400669917464256,0.028997370973229408,0.10645048320293427,0.05907606706023216,0.012989119626581669,0.03505969047546387
1,0.03333333333333333,,,,insightface_bbox,0.7425517439842224,61.1163215637207,557.2385864257812,1073.8740234375,2401.4482421875,0,0,0,0,0,0,0,0,0,0,0,0,0.07579350471496582,0.07224476337432861,0.09187698364257812,0.2964317202568054,0.02048548497259617,0.02893565408885479,0.028621962293982506,0.039965562522411346,0.07765617221593857,0.06923748552799225,0.018168028444051743,0.0553436242043972
2,0.06666666666666667,,,,insightface_bbox,0.7425517439842224,61.1163215637207,557.2385864257812,1073.8740234375,2401.4482421875,0,0,0,0,0,0,0,0,0,0,0,0,0.0797564908862114,0.07317215204238892,0.1288892924785614,0.3460165858268738,0.023260001093149185,0.037540238350629807,0.03148941695690155,0.04391311854124069,0.06423880159854889,0.07483940571546555,0.02574763260781765,0.06364843994379044
3,0.1,,,,insightface_bbox,0.7425517439842224,61.1163215637207,557.2385864257812,1073.8740234375,2401.4482421875,0,0,0,0,0,0,0,0,0,0,0,0,0.07520674914121628,0.06929783523082733,0.113954558968544,0.33066433668136597,0.022061455994844437,0.03240947425365448,0.025320306420326233,0.044488534331321716,0.060585178434848785,0.0731290876865387,0.024422254413366318,0.05768309533596039
4,0.13333333333333333,,,,insightface_bbox,0.7425517439842224,61.1163215637207,557.2385864257812,1073.8740234375,2401.4482421875,0,0,0,0,0,0,0,0,0,0,0,0,0.07636001706123352,0.0702059343457222,0.11396558582782745,0.34044188261032104,0.020755115896463394,0.03157282620668411,0.024237971752882004,0.04417336732149124,0.06207530200481415,0.07409806549549103,0.022607523947954178,0.05943881720304489
5,0.16666666666666666,,,,insightface_bbox,0.7425517439842224,61.1163215637207,557.2385864257812,1073.8740234375,2401.4482421875,0,0,0,0,0,0,0,0,0,0,0,0,0.07537683844566345,0.06897678971290588,0.12390203773975372,0.3363698720932007,0.022851385176181793,0.032949626445770264,0.0279386006295681,0.04531043767929077,0.06344775855541229,0.07666322588920593,0.02240629494190216,0.058446064591407776
6,0.2,,,,insightface_bbox,0.698411762714386,65.599853515625,513.2920532226562,1068.6956787109375,2421.87841796875,0,0,0,0,0,0,0,0,0,0,0,0,0.08603069931268692,0.07534516602754593,0.15135639905929565,0.3798007369041443,0.025404727086424828,0.03354750573635101,0.0286463163793087,0.04925132542848587,0.06361722946166992,0.07696495205163956,0.021600045263767242,0.05937712639570236
7,0.23333333333333334,,,,insightface_bbox,0.698411762714386,65.599853515625,513.2920532226562,1068.6956787109375,2421.87841796875,0,0,0,0,0,0,0,0,0,0,0,0,0.09297788888216019,0.08252598345279694,0.1889856904745102,0.41501325368881226,0.02744884416460991,0.03618546575307846,0.036755215376615524,0.05276506766676903,0.07128377258777618,0.08475185185670853,0.0241630170494318,0.06614506989717484
8,0.26666666666666666,,,,insightface_bbox,0.698411762714386,65.599853515625,513.2920532226562,1068.6956787109375,2421.87841796875,0,0,0,0,0,0,1,0,0,0,0,0,0.0909767597913742,0.08186742663383484,0.1906891018152237,0.3794589042663574,0.028361991047859192,0.03684999793767929,0.04202314093708992,0.05399397015571594,0.0763692632317543,0.08907699584960938,0.02340032532811165,0.06675519794225693
9,0.3,,,,insightface_bbox,0.698411762714386,65.599853515625,513.2920532226562,1068.6956787109375,2421.87841796875,0,0,0,0,0,0,1,0,0,0,0,0,0.09122693538665771,0.08411302417516708,0.193912073969841,0.3917445242404938,0.028628189116716385,0.03773209825158119,0.044774074107408524,0.05493471026420593,0.07630643248558044,0.09232714027166367,0.02460712380707264,0.06821098923683167
10,0.3333333333333333,,,,insightface_bbox,0.698411762714386,65.599853515625,513.2920532226562,1068.6956787109375,2421.87841796875,0,0,0,0,0,0,0,0,0,0,0,0,0.08693142235279083,0.08171232044696808,0.1787191480398178,0.369295209646225,0.0267467238008976,0.03676781803369522,0.03941772133111954,0.05354602634906769,0.07583864778280258,0.09145398437976837,0.02394203282892704,0.06584874540567398
11,0.36666666666666664,,,,insightface_bbox,0.698411762714386,65.599853515625,513.2920532226562,1068.6956787109375,2421.87841796875,0,0,0,0,0,0,0,0,0,0,0,0,0.08491408824920654,0.07988356798887253,0.16790463030338287,0.36843404173851013,0.02474397048354149,0.03540128096938133,0.03256545588374138,0.05146399140357971,0.07316276431083679,0.0870293453335762,0.023725852370262146,0.06461072713136673
12,0.4,,,,insightface_bbox,0.6907281279563904,81.44995880126953,541.9104614257812,1046.6822509765625,2389.43603515625,0,0,0,0,0,0,0,0,0,0,0,0,0.04396001249551773,0.03632855787873268,0.13488313555717468,0.07897427678108215,0.012468584813177586,0.023321185261011124,0.010517334565520287,0.03468632325530052,0.07518171519041061,0.06128203868865967,0.010614270344376564,0.03800732642412186
13,0.43333333333333335,,,,insightface_bbox,0.6907281279563904,81.44995880126953,541.9104614257812,1046.6822509765625,2389.43603515625,0,0,0,0,0,0,0,0,0,0,0,0,0.048208221793174744,0.03992187976837158,0.1462838500738144,0.09523126482963562,0.013896020129323006,0.025070739910006523,0.011936450377106667,0.03778819367289543,0.07613513618707657,0.0633138045668602,0.011054427362978458,0.040250591933727264
14,0.4666666666666667,,,,insightface_bbox,0.6907281279563904,81.44995880126953,541.9104614257812,1046.6822509765625,2389.43603515625,0,0,0,0,0,0,0,0,0,0,0,0,0.04862223565578461,0.039882220327854156,0.1473284214735031,0.09568651020526886,0.013859156519174576,0.025083985179662704,0.011997435241937637,0.037453196942806244,0.07542780041694641,0.06227201223373413,0.011317678727209568,0.040487948805093765
15,0.5,,,,insightface_bbox,0.6907281279563904,81.44995880126953,541.9104614257812,1046.6822509765625,2389.43603515625,0,0,0,0,0,0,0,0,0,0,0,0,0.047451216727495193,0.03880871832370758,0.15179435908794403,0.0898810401558876,0.013631400652229786,0.024731149896979332,0.011733017861843109,0.036264482885599136,0.07444637268781662,0.061338748782873154,0.011275554075837135,0.039247144013643265
16,0.5333333333333333,,,,insightface_bbox,0.6907281279563904,81.44995880126953,541.9104614257812,1046.6822509765625,2389.43603515625,0,0,0,0,0,0,0,0,0,0,0,0,0.049125105142593384,0.04054996371269226,0.15686938166618347,0.09670034795999527,0.014345373958349228,0.02558761276304722,0.012211194261908531,0.03710673749446869,0.07498441636562347,0.06259386986494064,0.012042135931551456,0.04117178916931152
17,0.5666666666666667,,,,insightface_bbox,0.6907281279563904,81.44995880126953,541.9104614257812,1046.6822509765625,2389.43603515625,0,0,0,0,0,0,0,0,0,0,0,0,0.04986947029829025,0.041112806648015976,0.1706443428993225,0.09936469793319702,0.01464000716805458,0.02627880871295929,0.01269911415874958,0.03788818046450615,0.07676886767148972,0.06357225775718689,0.01289626769721508,0.041382092982530594
18,0.6,,,,insightface_bbox,0.7272407412528992,83.91226959228516,553.9561767578125,1060.229248046875,2391.392578125,0,0,0,0,0,0,0,0,0,0,0,0,0.050408847630023956,0.03780803084373474,0.1294824779033661,0.09639307856559753,0.014707760885357857,0.02429710514843464,0.015600703656673431,0.039393894374370575,0.08972060680389404,0.06974371522665024,0.010888363234698772,0.04132580757141113
19,0.6333333333333333,,,,insightface_bbox,0.7272407412528992,83.91226959228516,553.9561767578125,1060.229248046875,2391.392578125,0,0,0,0,0,0,0,0,0,0,0,0,0.050064973533153534,0.03731324523687363,0.1239309012889862,0.0963887944817543,0.014515871182084084,0.024235395714640617,0.014758158475160599,0.0388805978000164,0.08965098112821579,0.07045437395572662,0.010993633419275284,0.04101673513650894
20,0.6666666666666666,,,,insightface_bbox,0.7272407412528992,83.91226959228516,553.9561767578125,1060.229248046875,2391.392578125,0,0,0,0,0,0,0,0,0,0,0,0,0.05247325077652931,0.03942803293466568,0.12922602891921997,0.10550162196159363,0.015312571078538895,0.026364076882600784,0.015458553098142147,0.04056506231427193,0.08946601301431656,0.07305139303207397,0.012813438661396503,0.044152140617370605
21,0.7,,,,insightface_bbox,0.7272407412528992,83.91226959228516,553.9561767578125,1060.229248046875,2391.392578125,0,0,0,0,0,0,0,0,0,0,0,0,0.05372391641139984,0.04169430583715439,0.1360926479101181,0.11327143758535385,0.01587112993001938,0.027701571583747864,0.016186200082302094,0.04238266870379448,0.09077286720275879,0.0756731852889061,0.013365507125854492,0.04516260325908661
22,0.7333333333333333,,,,insightface_bbox,0.7272407412528992,83.91226959228516,553.9561767578125,1060.229248046875,2391.392578125,0,0,0,0,0,0,0,0,0,0,0,0,0.05045760050415993,0.03917776048183441,0.12720632553100586,0.10567830502986908,0.014975376427173615,0.026792682707309723,0.0146575216203928,0.04271349310874939,0.08944318443536758,0.07574369013309479,0.012687421403825283,0.042202748358249664
23,0.7666666666666667,,,,insightface_bbox,0.7272407412528992,83.91226959228516,553.9561767578125,1060.229248046875,2391.392578125,0,0,0,0,0,0,0,0,0,0,0,0,0.05134209245443344,0.03995140641927719,0.13663309812545776,0.1039566770195961,0.015101710334420204,0.027456630021333694,0.014469324611127377,0.04247698932886124,0.08605428785085678,0.07352963835000992,0.012983622960746288,0.04200543835759163
24,0.8,,,,insightface_bbox,0.7313969731330872,101.79994201660156,539.9899291992188,1079.6533203125,2407.02001953125,0,0,0,0,0,0,0,0,0,0,0,0,0.0490666925907135,0.03779332712292671,0.12343040108680725,0.10407862067222595,0.015301210805773735,0.027851909399032593,0.015184570103883743,0.041990283876657486,0.08505088090896606,0.07165782898664474,0.013163972645998001,0.04303542524576187
25,0.8333333333333334,,,,insightface_bbox,0.7313969731330872,101.79994201660156,539.9899291992188,1079.6533203125,2407.02001953125,0,0,0,0,0,0,0,0,0,0,0,0,0.048554323613643646,0.03714793175458908,0.12902957201004028,0.10065431892871857,0.015651382505893707,0.028730221092700958,0.015904691070318222,0.042253777384757996,0.08564029633998871,0.07272154837846756,0.014261599630117416,0.043298617005348206
26,0.8666666666666667,,,,insightface_bbox,0.7313969731330872,101.79994201660156,539.9899291992188,1079.6533203125,2407.02001953125,0,0,0,0,0,0,0,0,0,0,0,0,0.05160453915596008,0.04032757505774498,0.12807638943195343,0.11037419736385345,0.016066834330558777,0.029364902526140213,0.017255118116736412,0.04217280447483063,0.0846070796251297,0.07600000500679016,0.013780023902654648,0.04309041053056717
27,0.9,,,,insightface_bbox,0.7313969731330872,101.79994201660156,539.9899291992188,1079.6533203125,2407.02001953125,0,0,0,0,0,0,0,0,0,0,0,0,0.05223442241549492,0.03924565762281418,0.13149772584438324,0.10740891844034195,0.016553953289985657,0.029938722029328346,0.01782947964966297,0.0387280136346817,0.08002181351184845,0.07345981150865555,0.01632055453956127,0.04573310166597366
28,0.9333333333333333,,,,insightface_bbox,0.7313969731330872,101.79994201660156,539.9899291992188,1079.6533203125,2407.02001953125,0,0,0,0,0,0,0,0,0,0,0,0,0.04897866025567055,0.03670912981033325,0.12032416462898254,0.1030936986207962,0.016873732209205627,0.029581230133771896,0.018346674740314484,0.038543909788131714,0.07460726797580719,0.07020407915115356,0.01868002861738205,0.044232822954654694
29,0.9666666666666667,,,,insightface_bbox,0.7313969731330872,101.79994201660156,539.9899291992188,1079.6533203125,2407.02001953125,0,0,0,0,0,0,0,0,0,0,0,0,0.042779333889484406,0.03322206810116768,0.096444271504879,0.0820574164390564,0.016696972772479057,0.027156483381986618,0.018030337989330292,0.035243187099695206,0.07574358582496643,0.06455214321613312,0.017905492335557938,0.04195544123649597
30,1.0,,,,insightface_bbox,0.7779747843742371,114.6175308227539,584.0289916992188,1068.4638671875,2434.424560546875,0,0,0,0,0,0,0,0,0,0,0,0,0.05632003769278526,0.044845178723335266,0.19004635512828827,0.14529797434806824,0.019804107025265694,0.034477222710847855,0.015990011394023895,0.04465223848819733,0.06623505055904388,0.06329994648694992,0.03198229521512985,0.05525444075465202
31,1.0333333333333334,,,,insightface_bbox,0.7779747843742371,114.6175308227539,584.0289916992188,1068.4638671875,2434.424560546875,0,0,0,0,0,0,0,0,0,0,0,0,0.0438511036336422,0.03505723178386688,0.12715786695480347,0.09994511306285858,0.017932355403900146,0.028138834983110428,0.016101796180009842,0.03642084822058678,0.06390438973903656,0.05499503016471863,0.028398357331752777,0.048168446868658066
32,1.0666666666666667,,,,insightface_bbox,0.7779747843742371,114.6175308227539,584.0289916992188,1068.4638671875,2434.424560546875,0,0,0,0,0,0,0,0,0,0,0,0,0.0547698512673378,0.04510516673326492,0.10157812386751175,0.19404956698417664,0.024715665727853775,0.035200078040361404,0.01809673011302948,0.04741237312555313,0.06505026668310165,0.06517753005027771,0.027335546910762787,0.04889354109764099
33,1.1,,,,insightface_bbox,0.7779747843742371,114.6175308227539,584.0289916992188,1068.4638671875,2434.424560546875,0,0,0,0,0,0,0,0,0,0,0,0,0.08336213231086731,0.06733976304531097,0.2248363047838211,0.3657333254814148,0.039301883429288864,0.04642128944396973,0.028762001544237137,0.06845615059137344,0.06403127312660217,0.08086718618869781,0.04358363151550293,0.06571254879236221
34,1.1333333333333333,,,,insightface_bbox,0.7779747843742371,114.6175308227539,584.0289916992188,1068.4638671875,2434.424560546875,0,0,0,0,0,0,0,0,0,0,0,0,0.06340290606021881,0.0500316321849823,0.3109690845012665,0.230312317609787,0.03374127298593521,0.04132293537259102,0.022632144391536713,0.0577244870364666,0.06102398782968521,0.07151030004024506,0.03442804887890816,0.05267149209976196
35,1.1666666666666667,,,,insightface_bbox,0.7779747843742371,114.6175308227539,584.0289916992188,1068.4638671875,2434.424560546875,0,0,0,0,0,0,0,0,0,0,0,0,0.0709926187992096,0.054950933903455734,0.25683915615081787,0.27398693561553955,0.03285732492804527,0.039182983338832855,0.023742221295833588,0.05636413395404816,0.06331171840429306,0.07375916838645935,0.03286027908325195,0.055990755558013916
36,1.2,,,,insightface_bbox,0.7341150641441345,159.71661376953125,553.1550903320312,1096.2723388671875,2403.34912109375,0,0,0,0,0,0,0,0,0,0,0,0,0.08466266095638275,0.06678061187267303,0.29341673851013184,0.3399883210659027,0.037170421332120895,0.04364639148116112,0.027071256190538406,0.06828918308019638,0.05972163751721382,0.0798158347606659,0.0345749594271183,0.06266281753778458
37,1.2333333333333334,,,,insightface_bbox,0.7341150641441345,159.71661376953125,553.1550903320312,1096.2723388671875,2403.34912109375,0,0,0,0,0,0,0,0,0,0,0,0,0.07918811589479446,0.06461656838655472,0.2275337427854538,0.3354511260986328,0.03248802572488785,0.04037397354841232,0.023611493408679962,0.061736010015010834,0.056741684675216675,0.07601135969161987,0.041741352528333664,0.06474466621875763
38,1.2666666666666666,,,,insightface_bbox,0.7341150641441345,159.71661376953125,553.1550903320312,1096.2723388671875,2403.34912109375,0,0,0,0,0,0,0,0,0,0,0,0,0.10242311656475067,0.07705511152744293,0.1962808072566986,0.42074358463287354,0.034757617861032486,0.04257846996188164,0.024445580318570137,0.059162504971027374,0.05561932548880577,0.07540106028318405,0.06413429230451584,0.08150622993707657
39,1.3,,,,insightface_bbox,0.7341150641441345,159.71661376953125,553.1550903320312,1096.2723388671875,2403.34912109375,0,0,0,0,0,0,0,0,0,0,0,0,0.12498103827238083,0.08914732187986374,0.25834178924560547,0.49780839681625366,0.04092992842197418,0.05492281913757324,0.028864353895187378,0.06604408472776413,0.06058700382709503,0.08032862097024918,0.10136893391609192,0.10212235152721405
40,1.3333333333333333,,,,insightface_bbox,0.7341150641441345,159.71661376953125,553.1550903320312,1096.2723388671875,2403.34912109375,0,0,0,0,0,0,0,0,0,0,0,0,0.12696069478988647,0.08758782595396042,0.39642876386642456,0.43979746103286743,0.04059098660945892,0.05471101403236389,0.031917035579681396,0.06772372126579285,0.06357147544622421,0.08051573485136032,0.08664964139461517,0.09554636478424072
41,1.3666666666666667,,,,insightface_bbox,0.7341150641441345,159.71661376953125,553.1550903320312,1096.2723388671875,2403.34912109375,0,0,0,0,0,0,0,0,0,0,0,0,0.10952010750770569,0.07742160558700562,0.4525132179260254,0.3408363461494446,0.0471341609954834,0.05477643758058548,0.03820248320698738,0.06750909984111786,0.07112603634595871,0.07782385498285294,0.08998653292655945,0.08228690922260284
42,1.4,,,,insightface_bbox,0.6929978728294373,235.47105407714844,556.6179809570312,1118.893310546875,2478.205078125,0,0,0,0,0,0,0,0,0,0,0,0,0.07695280760526657,0.0575978122651577,0.3535027503967285,0.2729441225528717,0.026197435334324837,0.03640781342983246,0.018378471955657005,0.043929293751716614,0.05664621293544769,0.05838478356599808,0.035774897783994675,0.05916442722082138
43,1.4333333333333333,,,,insightface_bbox,0.6929978728294373,235.47105407714844,556.6179809570312,1118.893310546875,2478.205078125,0,0,0,0,0,0,0,0,0,0,0,0,0.07252181321382523,0.056270673871040344,0.37622764706611633,0.2581797242164612,0.027260372415184975,0.03977144509553909,0.021069133654236794,0.04320144280791283,0.05445443466305733,0.061040375381708145,0.03472800552845001,0.06271474063396454
44,1.4666666666666666,,,,insightface_bbox,0.6929978728294373,235.47105407714844,556.6179809570312,1118.893310546875,2478.205078125,0,0,0,0,0,0,0,0,0,0,0,0,0.07697698473930359,0.06824840605258942,0.3446144163608551,0.3400364816188812,0.03533349186182022,0.04358696937561035,0.0292966365814209,0.05962447077035904,0.06182044371962547,0.08015073835849762,0.03093167208135128,0.05999058485031128
45,1.5,,,,insightface_bbox,0.6929978728294373,235.47105407714844,556.6179809570312,1118.893310546875,2478.205078125,0,0,0,0,0,0,0,0,0,0,0,0,0.07775991410017014,0.06767662614583969,0.3124575614929199,0.3162909746170044,0.03282008320093155,0.04424160346388817,0.0261244960129261,0.05676127225160599,0.06121470779180527,0.07457274943590164,0.05422146990895271,0.0656198114156723
46,1.5333333333333334,,,,insightface_bbox,0.6929978728294373,235.47105407714844,556.6179809570312,1118.893310546875,2478.205078125,0,0,0,0,0,0,0,0,0,0,0,0,0.07779888063669205,0.0693284422159195,0.3281499147415161,0.3631419241428375,0.033232174813747406,0.04295838624238968,0.02640674263238907,0.061328183859586716,0.05896396189928055,0.07270528376102448,0.06369150429964066,0.06752272695302963
47,1.5666666666666667,,,,insightface_bbox,0.6929978728294373,235.47105407714844,556.6179809570312,1118.893310546875,2478.205078125,0,0,0,0,0,0,0,0,0,0,0,0,0.07685993611812592,0.0670313760638237,0.3503780961036682,0.36137834191322327,0.035768989473581314,0.045323003083467484,0.028973747044801712,0.06775443255901337,0.0627300962805748,0.07558449357748032,0.04196450486779213,0.06487888842821121
48,1.6,,,,insightface_bbox,0.7200820446014404,155.67799377441406,565.4521484375,1100.6702880859375,2363.21435546875,0,0,0,0,0,0,0,0,0,0,0,0,0.07811126112937927,0.06297782808542252,0.36815428733825684,0.3077128529548645,0.048259638249874115,0.05289128050208092,0.032297611236572266,0.0925116166472435,0.074032723903656,0.10987237095832825,0.028154553845524788,0.07260692864656448
49,1.6333333333333333,,,,insightface_bbox,0.7200820446014404,155.67799377441406,565.4521484375,1100.6702880859375,2363.21435546875,0,0,0,0,0,0,0,0,0,0,0,0,0.07884432375431061,0.06385757029056549,0.3245575726032257,0.2934669256210327,0.041363462805747986,0.047338709235191345,0.028445281088352203,0.08593886345624924,0.07374374568462372,0.10413472354412079,0.02516801469027996,0.07009652256965637
50,1.6666666666666667,,,,insightface_bbox,0.7200820446014404,155.67799377441406,565.4521484375,1100.6702880859375,2363.21435546875,0,0,0,0,0,0,0,0,0,0,0,0,0.0797550305724144,0.06650641560554504,0.4081886410713196,0.2981426417827606,0.04206208139657974,0.0499812550842762,0.030398963019251823,0.07603567838668823,0.0699414387345314,0.0993647575378418,0.04179483652114868,0.08081712573766708
51,1.7,,,,insightface_bbox,0.7200820446014404,155.67799377441406,565.4521484375,1100.6702880859375,2363.21435546875,0,0,0,0,0,0,0,0,0,0,0,0,0.07903778553009033,0.06540389358997345,0.38173627853393555,0.29661479592323303,0.04161803424358368,0.050105754286050797,0.03055262565612793,0.07312527298927307,0.06702081114053726,0.09688766300678253,0.0486111044883728,0.0861048698425293
52,1.7333333333333334,,,,insightface_bbox,0.7200820446014404,155.67799377441406,565.4521484375,1100.6702880859375,2363.21435546875,0,0,0,0,0,0,0,0,0,0,0,0,0.07132694125175476,0.05896031856536865,0.2858169674873352,0.2858371436595917,0.03686332702636719,0.043684691190719604,0.024793926626443863,0.07672854512929916,0.06777210533618927,0.08762829005718231,0.03065403364598751,0.06706219911575317
53,1.7666666666666666,,,,insightface_bbox,0.7200820446014404,155.67799377441406,565.4521484375,1100.6702880859375,2363.21435546875,0,0,0,0,0,0,0,0,0,0,0,0,0.07481979578733444,0.06042821332812309,0.3004825711250305,0.3000563681125641,0.03958135098218918,0.043579597026109695,0.026272501796483994,0.08121801912784576,0.06985989212989807,0.08909651637077332,0.02482949197292328,0.06347470730543137
54,1.8,,,,insightface_bbox,0.7389890551567078,162.07846069335938,556.0703735351562,1074.3057861328125,2378.322509765625,0,0,0,0,0,0,0,0,0,0,0,0,0.0793619155883789,0.0680585503578186,0.2232055962085724,0.35533520579338074,0.034212131053209305,0.042350441217422485,0.034437745809555054,0.06675365567207336,0.06477700918912888,0.08269147574901581,0.04584711417555809,0.08150286972522736
55,1.8333333333333333,,,,insightface_bbox,0.7389890551567078,162.07846069335938,556.0703735351562,1074.3057861328125,2378.322509765625,0,0,0,0,0,0,0,0,0,0,0,0,0.08281716704368591,0.0714419037103653,0.22327885031700134,0.3549865484237671,0.03996484354138374,0.04453668370842934,0.041658416390419006,0.07857704162597656,0.07704892754554749,0.0957852154970169,0.03562530130147934,0.07726402580738068
56,1.8666666666666667,,,,insightface_bbox,0.7389890551567078,162.07846069335938,556.0703735351562,1074.3057861328125,2378.322509765625,0,0,0,0,0,0,0,0,0,0,0,0,0.07330239564180374,0.06087499111890793,0.17814907431602478,0.2752644121646881,0.03198167309165001,0.03774747624993324,0.03312450274825096,0.06354299187660217,0.07908516377210617,0.08471034467220306,0.02696315012872219,0.06610661000013351
57,1.9,,,,insightface_bbox,0.7389890551567078,162.07846069335938,556.0703735351562,1074.3057861328125,2378.322509765625,0,0,0,0,0,0,0,0,0,0,0,0,0.06384788453578949,0.0523143969476223,0.12635143101215363,0.22025732696056366,0.022693093866109848,0.03179002180695534,0.01938989944756031,0.04572629928588867,0.070081926882267,0.06615801900625229,0.02698790654540062,0.06221497803926468
58,1.9333333333333333,,,,insightface_bbox,0.7389890551567078,162.07846069335938,556.0703735351562,1074.3057861328125,2378.322509765625,0,0,0,0,0,0,0,0,0,0,0,0,0.06809613853693008,0.05587650462985039,0.13857944309711456,0.24426725506782532,0.023418281227350235,0.03288939967751503,0.019560622051358223,0.04607143998146057,0.06863157451152802,0.06487443298101425,0.031124494969844818,0.06460537016391754
59,1.9666666666666666,,,,insightface_bbox,0.7389890551567078,162.07846069335938,556.0703735351562,1074.3057861328125,2378.322509765625,0,0,0,0,0,0,0,0,0,0,0,0,0.07166160643100739,0.059649791568517685,0.18553051352500916,0.26459503173828125,0.02705308049917221,0.03906075656414032,0.022962786257267,0.05234979838132858,0.06926307827234268,0.06955747306346893,0.04071865975856781,0.07341775298118591
60,2.0,,,,insightface_bbox,0.7521222829818726,180.69483947753906,612.9365234375,1076.00927734375,2373.940673828125,0,0,0,0,0,0,0,0,0,0,0,0,0.06854725629091263,0.05868930369615555,0.2202080488204956,0.29155194759368896,0.027036575600504875,0.04162368178367615,0.024426426738500595,0.05847064405679703,0.06476307660341263,0.07248896360397339,0.05729583650827408,0.08242236077785492
61,2.033333333333333,,,,insightface_bbox,0.7521222829818726,180.69483947753906,612.9365234375,1076.00927734375,2373.940673828125,0,0,0,0,0,0,0,0,0,0,0,0,0.06789746880531311,0.05808985233306885,0.24696296453475952,0.28060805797576904,0.022997789084911346,0.03938049450516701,0.021335355937480927,0.05440332368016243,0.06089259684085846,0.06576396524906158,0.04790074750781059,0.07668618857860565
62,2.066666666666667,,,,insightface_bbox,0.7521222829818726,180.69483947753906,612.9365234375,1076.00927734375,2373.940673828125,0,0,0,0,0,0,0,0,0,0,0,0,0.05705317109823227,0.04817724600434303,0.1986912488937378,0.2024294137954712,0.022652629762887955,0.03604675456881523,0.02122698538005352,0.0509880855679512,0.06332233548164368,0.0666869506239891,0.045982539653778076,0.07710321247577667
63,2.1,,,,insightface_bbox,0.7521222829818726,180.69483947753906,612.9365234375,1076.00927734375,2373.940673828125,0,0,0,0,0,0,0,0,0,0,0,0,0.05911891907453537,0.053048424422740936,0.19422022998332977,0.2229718714952469,0.028742045164108276,0.04048852249979973,0.030901331454515457,0.05153007060289383,0.06711455434560776,0.07473546266555786,0.06410271674394608,0.09204006940126419
64,2.1333333333333333,,,,insightface_bbox,0.7521222829818726,180.69483947753906,612.9365234375,1076.00927734375,2373.940673828125,0,0,0,0,0,0,0,0,0,0,0,0,0.057179659605026245,0.049948472529649734,0.2108045071363449,0.20076103508472443,0.030337177217006683,0.042090654373168945,0.03164638206362724,0.048816535621881485,0.06369595229625702,0.07337978482246399,0.06807958334684372,0.09608224034309387
65,2.1666666666666665,,,,insightface_bbox,0.7521222829818726,180.69483947753906,612.9365234375,1076.00927734375,2373.940673828125,0,0,0,0,0,0,0,0,0,0,0,0,0.053025953471660614,0.044918373227119446,0.2013321965932846,0.17710937559604645,0.027027780190110207,0.03842516243457794,0.02735612727701664,0.0466565266251564,0.06067345291376114,0.07152575999498367,0.06255064904689789,0.0880255401134491
66,2.2,,,,insightface_bbox,0.6847281455993652,240.15513610839844,614.8841552734375,1173.543701171875,2327.222900390625,0,0,0,0,0,0,0,0,0,0,0,0,0.05225341022014618,0.03960135579109192,0.2015492469072342,0.1562335193157196,0.03402792289853096,0.03703683614730835,0.0269461777061224,0.05063442140817642,0.05911959335207939,0.0752633661031723,0.0593189112842083,0.06882236152887344
67,2.2333333333333334,,,,insightface_bbox,0.6847281455993652,240.15513610839844,614.8841552734375,1173.543701171875,2327.222900390625,0,0,0,0,0,0,0,0,0,0,0,0,0.06318014115095139,0.04645051062107086,0.21398626267910004,0.20291832089424133,0.04079102724790573,0.0455651730298996,0.03369273245334625,0.05774881690740585,0.06441247463226318,0.08378057926893234,0.061449840664863586,0.0781051367521286
68,2.2666666666666666,,,,insightface_bbox,0.6847281455993652,240.15513610839844,614.8841552734375,1173.543701171875,2327.222900390625,0,0,0,0,0,0,0,0,0,0,0,0,0.057075172662734985,0.043052900582551956,0.2418619692325592,0.1649835854768753,0.03751906752586365,0.04266951233148575,0.028254535049200058,0.054439932107925415,0.06147566810250282,0.07584908604621887,0.06638142466545105,0.07969226688146591
69,2.3,,,,insightface_bbox,0.6847281455993652,240.15513610839844,614.8841552734375,1173.543701171875,2327.222900390625,0,0,0,0,0,0,0,0,0,0,0,0,0.05861564725637436,0.04520483687520027,0.27015024423599243,0.18134525418281555,0.03486378490924835,0.038665175437927246,0.02733270823955536,0.05441102385520935,0.060671254992485046,0.07405790686607361,0.05798063427209854,0.07198640704154968
70,2.3333333333333335,,,,insightface_bbox,0.6847281455993652,240.15513610839844,614.8841552734375,1173.543701171875,2327.222900390625,0,0,0,0,0,0,0,0,0,0,0,0,0.06284110248088837,0.04971130192279816,0.26239144802093506,0.23424454033374786,0.03514891117811203,0.03619648143649101,0.028253085911273956,0.05715594440698624,0.06632064282894135,0.07673809677362442,0.0409429557621479,0.06915991008281708
71,2.3666666666666667,,,,insightface_bbox,0.6847281455993652,240.15513610839844,614.8841552734375,1173.543701171875,2327.222900390625,0,0,1,0,0,0,0,0,0,0,0,0,0.06162866950035095,0.04888712614774704,0.3633745312690735,0.21120727062225342,0.033737070858478546,0.03774861618876457,0.028923984616994858,0.05758540704846382,0.06915295124053955,0.07500068098306656,0.036266423761844635,0.061746567487716675
72,2.4,,,,insightface_bbox,0.7195152044296265,189.3400115966797,618.1057739257812,1098.5677490234375,2357.70947265625,0,0,1,0,0,0,0,0,0,0,0,0,0.0861676037311554,0.07910431921482086,0.6653625965118408,0.39921489357948303,0.036561522632837296,0.05733862891793251,0.04307187348604202,0.06925737857818604,0.07119825482368469,0.07526639103889465,0.06597621738910675,0.0869389995932579
73,2.433333333333333,,,,insightface_bbox,0.7195152044296265,189.3400115966797,618.1057739257812,1098.5677490234375,2357.70947265625,0,0,0,0,0,0,0,0,0,0,0,0,0.07018192857503891,0.059622228145599365,0.27690428495407104,0.27042219042778015,0.029016636312007904,0.04694642499089241,0.027345307171344757,0.05724559724330902,0.07111841440200806,0.07443571090698242,0.055452845990657806,0.08572864532470703
74,2.466666666666667,,,,insightface_bbox,0.7195152044296265,189.3400115966797,618.1057739257812,1098.5677490234375,2357.70947265625,0,0,0,0,0,0,0,0,0,0,0,0,0.07638361304998398,0.06049767881631851,0.21029391884803772,0.22578760981559753,0.022190863266587257,0.040360115468502045,0.018698737025260925,0.043278541415929794,0.06876900792121887,0.06453067809343338,0.08039169758558273,0.09780377149581909
75,2.5,,,,insightface_bbox,0.7195152044296265,189.3400115966797,618.1057739257812,1098.5677490234375,2357.70947265625,0,0,0,0,0,0,0,0,0,0,0,0,0.09755563735961914,0.0758957639336586,0.18966397643089294,0.3198952078819275,0.027609925717115402,0.04342155158519745,0.023745281621813774,0.04869528114795685,0.07428044825792313,0.06908515095710754,0.06981855630874634,0.0902315229177475
76,2.533333333333333,,,,insightface_bbox,0.7195152044296265,189.3400115966797,618.1057739257812,1098.5677490234375,2357.70947265625,0,0,0,0,0,0,0,0,0,0,0,0,0.08487577736377716,0.06679267436265945,0.1686183512210846,0.2908879518508911,0.026901230216026306,0.04027165099978447,0.023151326924562454,0.04605903476476669,0.07017180323600769,0.06667628139257431,0.05424587428569794,0.08523785322904587
77,2.566666666666667,,,,insightface_bbox,0.7195152044296265,189.3400115966797,618.1057739257812,1098.5677490234375,2357.70947265625,0,0,0,0,0,0,0,0,0,0,0,0,0.08216127008199692,0.062236543744802475,0.1887042224407196,0.24411119520664215,0.026850230991840363,0.0380316898226738,0.02301819995045662,0.04274969920516014,0.06968779861927032,0.06410679966211319,0.049039799720048904,0.08043123781681061
78,2.6,,,,insightface_bbox,0.7488737106323242,132.4058837890625,539.1925048828125,1056.3568115234375,2553.24658203125,0,0,0,0,0,0,1,0,0,0,0,0,0.0963776633143425,0.0732528492808342,0.24869206547737122,0.291754812002182,0.036781761795282364,0.04145536199212074,0.037589214742183685,0.048728130757808685,0.06859249621629715,0.07353426516056061,0.04587734118103981,0.08209798485040665
79,2.6333333333333333,,,,insightface_bbox,0.7488737106323242,132.4058837890625,539.1925048828125,1056.3568115234375,2553.24658203125,0,0,0,0,0,0,0,0,0,0,0,0,0.09007731080055237,0.06719008833169937,0.26733002066612244,0.2717008590698242,0.030832478776574135,0.03889482095837593,0.028323490172624588,0.049375683069229126,0.07333539426326752,0.06826738268136978,0.04246892035007477,0.06955832988023758
80,2.6666666666666665,,,,insightface_bbox,0.7488737106323242,132.4058837890625,539.1925048828125,1056.3568115234375,2553.24658203125,0,0,0,0,0,0,0,0,0,0,0,0,0.0758700743317604,0.05300799384713173,0.22267496585845947,0.17188213765621185,0.026022929698228836,0.03610159456729889,0.024047713726758957,0.044339295476675034,0.08410611748695374,0.0717681497335434,0.02805381640791893,0.061501964926719666
81,2.7,,,,insightface_bbox,0.7488737106323242,132.4058837890625,539.1925048828125,1056.3568115234375,2553.24658203125,0,0,0,0,0,0,0,0,0,0,0,0,0.08626245707273483,0.06391362100839615,0.25584104657173157,0.21286767721176147,0.029521223157644272,0.04189455881714821,0.03422006964683533,0.04909997433423996,0.08599832653999329,0.08212282508611679,0.044471777975559235,0.08751341700553894
82,2.7333333333333334,,,,insightface_bbox,0.7488737106323242,132.4058837890625,539.1925048828125,1056.3568115234375,2553.24658203125,0,0,0,0,0,0,0,0,0,0,0,0,0.09395781904459,0.06703418493270874,0.2692173719406128,0.22574320435523987,0.029696689918637276,0.042971447110176086,0.03530174121260643,0.04900214076042175,0.0864313542842865,0.08492706716060638,0.040121354162693024,0.09217652678489685
83,2.7666666666666666,,,,insightface_bbox,0.7488737106323242,132.4058837890625,539.1925048828125,1056.3568115234375,2553.24658203125,0,0,0,0,0,0,0,0,0,0,0,0,0.09105296432971954,0.06461598724126816,0.21413075923919678,0.2122114598751068,0.026588529348373413,0.039164382964372635,0.02577572874724865,0.04456331953406334,0.07582223415374756,0.07712040841579437,0.04855526611208916,0.09739457815885544
84,2.8,,,,insightface_bbox,0.736790120601654,169.13165283203125,553.1030883789062,1034.101806640625,2559.591796875,0,0,0,0,0,0,0,0,0,0,0,0,0.09215681999921799,0.07625707238912582,0.21039797365665436,0.3298038840293884,0.033545807003974915,0.048902202397584915,0.03174760192632675,0.050831303000450134,0.07052452117204666,0.0813489481806755,0.10637589544057846,0.11645853519439697
85,2.8333333333333335,,,,insightface_bbox,0.736790120601654,169.13165283203125,553.1030883789062,1034.101806640625,2559.591796875,0,0,0,0,0,0,0,0,0,0,0,0,0.08895489573478699,0.07562355697154999,0.21881021559238434,0.33659103512763977,0.03494682163000107,0.05093805491924286,0.03114522434771061,0.052882321178913116,0.07408272475004196,0.07836505770683289,0.10134227573871613,0.10935971140861511
86,2.8666666666666667,,,,insightface_bbox,0.736790120601654,169.13165283203125,553.1030883789062,1034.101806640625,2559.591796875,0,0,0,0,0,0,0,0,0,0,0,0,0.08393020182847977,0.06996601074934006,0.23116743564605713,0.3035324811935425,0.036169178783893585,0.05382108688354492,0.02944314107298851,0.05256461352109909,0.07284696400165558,0.07615508884191513,0.09775251150131226,0.1016911193728447
87,2.9,,,,insightface_bbox,0.736790120601654,169.13165283203125,553.1030883789062,1034.101806640625,2559.591796875,0,0,0,0,0,0,0,0,0,0,0,0,0.10689914971590042,0.09058913588523865,0.2972632944583893,0.41744980216026306,0.049096979200839996,0.06799864768981934,0.05942890793085098,0.068574920296669,0.08509844541549683,0.09762880206108093,0.118026964366436,0.12231031060218811
88,2.933333333333333,,,,insightface_bbox,0.736790120601654,169.13165283203125,553.1030883789062,1034.101806640625,2559.591796875,0,0,0,0,0,0,0,0,0,0,0,0,0.09019865840673447,0.0743163600564003,0.29969680309295654,0.3468073904514313,0.045949772000312805,0.05628252774477005,0.06156066805124283,0.06353913992643356,0.08753412216901779,0.09233835339546204,0.07018302381038666,0.0916663184762001
89,2.966666666666667,,,,insightface_bbox,0.736790120601654,169.13165283203125,553.1030883789062,1034.101806640625,2559.591796875,0,0,0,0,0,0,0,0,0,0,0,0,0.07737629860639572,0.06346281617879868,0.3046460747718811,0.29832205176353455,0.044013526290655136,0.051549628376960754,0.06052031368017197,0.06473415344953537,0.08753211796283722,0.09339620172977448,0.05069391429424286,0.08016352355480194
90,3.0,,,,insightface_bbox,0.7605471611022949,151.7305450439453,581.87890625,1060.88671875,2424.863037109375,0,0,0,0,0,0,0,0,0,0,0,0,0.07352197170257568,0.05873642489314079,0.3292234241962433,0.2516529858112335,0.030104050412774086,0.03507081791758537,0.024316251277923584,0.05789843946695328,0.0742412731051445,0.07352027297019958,0.023624058812856674,0.06424517929553986
91,3.033333333333333,,,,insightface_bbox,0.7605471611022949,151.7305450439453,581.87890625,1060.88671875,2424.863037109375,0,0,0,0,0,0,0,0,0,0,0,0,0.06960897147655487,0.054149702191352844,0.22977977991104126,0.21879838407039642,0.024392476305365562,0.029043111950159073,0.0178095493465662,0.0499214306473732,0.07662356644868851,0.06806334853172302,0.01207017432898283,0.05000542476773262
92,3.066666666666667,,,,insightface_bbox,0.7605471611022949,151.7305450439453,581.87890625,1060.88671875,2424.863037109375,0,0,0,0,0,0,0,0,0,0,0,0,0.06785563379526138,0.05375828966498375,0.2226848304271698,0.22333568334579468,0.024336080998182297,0.02903124690055847,0.016738444566726685,0.051810238510370255,0.0793994665145874,0.06653831154108047,0.011365794576704502,0.04508580267429352
93,3.1,,,,insightface_bbox,0.7605471611022949,151.7305450439453,581.87890625,1060.88671875,2424.863037109375,0,0,0,0,0,0,0,0,0,0,0,0,0.068182572722435,0.053133632987737656,0.27745920419692993,0.21899652481079102,0.025781355798244476,0.030150573700666428,0.018022123724222183,0.052084069699048996,0.07434803247451782,0.06713953614234924,0.01277952454984188,0.046775251626968384
94,3.1333333333333333,,,,insightface_bbox,0.7605471611022949,151.7305450439453,581.87890625,1060.88671875,2424.863037109375,0,0,0,0,0,0,0,0,0,0,0,0,0.07041052728891373,0.054528944194316864,0.23376725614070892,0.2291683852672577,0.025608669966459274,0.02905396558344364,0.018998531624674797,0.0542932003736496,0.07774042338132858,0.06890793144702911,0.011397188529372215,0.04577374458312988
95,3.1666666666666665,,,,insightface_bbox,0.7605471611022949,151.7305450439453,581.87890625,1060.88671875,2424.863037109375,0,0,0,0,0,0,0,0,0,0,0,0,0.06963293254375458,0.05430910736322403,0.22912812232971191,0.23015159368515015,0.026001829653978348,0.028247717767953873,0.019848758354783058,0.057486310601234436,0.0802045688033104,0.07001428306102753,0.010981613770127296,0.046391602605581284
96,3.2,,,,insightface_bbox,0.7449548840522766,146.83030700683594,567.9710083007812,1056.4539794921875,2375.796875,0,0,0,0,0,0,0,0,0,0,0,0,0.07951140403747559,0.06306907534599304,0.22431084513664246,0.2673209011554718,0.029982132837176323,0.03328965976834297,0.02692744880914688,0.06522278487682343,0.08465072512626648,0.07991401851177216,0.014816940762102604,0.056107744574546814
97,3.2333333333333334,,,,insightface_bbox,0.7449548840522766,146.83030700683594,567.9710083007812,1056.4539794921875,2375.796875,0,0,0,0,0,0,0,0,0,0,0,0,0.08320553600788116,0.06731471419334412,0.2164141833782196,0.2930816411972046,0.031116768717765808,0.04139719903469086,0.03115035966038704,0.05728219449520111,0.07652716338634491,0.08047415316104889,0.030814893543720245,0.07970698922872543
98,3.2666666666666666,,,,insightface_bbox,0.7449548840522766,146.83030700683594,567.9710083007812,1056.4539794921875,2375.796875,0,0,0,0,0,0,0,0,0,0,0,0,0.07791808992624283,0.06404345482587814,0.1709456741809845,0.2694542706012726,0.028569914400577545,0.03809402510523796,0.027449339628219604,0.052923280745744705,0.07778047025203705,0.0756848007440567,0.02812034636735916,0.07655344158411026
99,3.3,,,,insightface_bbox,0.7449548840522766,146.83030700683594,567.9710083007812,1056.4539794921875,2375.796875,0,0,0,0,0,0,0,0,0,0,0,0,0.08506132662296295,0.0688735842704773,0.18807074427604675,0.295097291469574,0.030081598088145256,0.03864730894565582,0.029308265075087547,0.053592827171087265,0.07889170199632645,0.07538498193025589,0.027988605201244354,0.07360433042049408
100,3.3333333333333335,,,,insightface_bbox,0.7449548840522766,146.83030700683594,567.9710083007812,1056.4539794921875,2375.796875,0,0,0,0,0,0,0,0,0,0,0,0,0.08698459714651108,0.06990192085504532,0.21591828763484955,0.3058391213417053,0.029164792969822884,0.03648866340517998,0.02777617797255516,0.055939141660928726,0.0771191418170929,0.07241570204496384,0.02353857457637787,0.06553362309932709
101,3.3666666666666667,,,,insightface_bbox,0.7449548840522766,146.83030700683594,567.9710083007812,1056.4539794921875,2375.796875,0,0,0,0,0,0,0,0,0,0,0,0,0.08933067321777344,0.07304933667182922,0.2605820298194885,0.32746943831443787,0.03161174803972244,0.03864875063300133,0.03207964450120926,0.05901093780994415,0.07642946392297745,0.0768868625164032,0.02468094229698181,0.06726295500993729
102,3.4,,,,insightface_bbox,0.7267817854881287,138.5525360107422,565.1587524414062,1069.282470703125,2356.574951171875,0,0,0,0,0,0,0,0,0,0,0,0,0.0776822417974472,0.06377848982810974,0.20553207397460938,0.2747116982936859,0.025370292365550995,0.03071698546409607,0.022743280977010727,0.04772866517305374,0.06172865256667137,0.06570259481668472,0.019907794892787933,0.05775553733110428
103,3.433333333333333,,,,insightface_bbox,0.7267817854881287,138.5525360107422,565.1587524414062,1069.282470703125,2356.574951171875,0,0,0,0,0,0,0,0,0,0,0,0,0.08069690316915512,0.06805157661437988,0.19098803400993347,0.31987693905830383,0.025593683123588562,0.029994383454322815,0.023332003504037857,0.04887126386165619,0.06273425370454788,0.06711339205503464,0.019675802439451218,0.055931441485881805
104,3.466666666666667,,,,insightface_bbox,0.7267817854881287,138.5525360107422,565.1587524414062,1069.282470703125,2356.574951171875,0,0,0,0,0,0,0,0,0,0,0,0,0.08727357536554337,0.07168366760015488,0.20775336027145386,0.34898802638053894,0.02797016128897667,0.032386068254709244,0.025155039504170418,0.05209026858210564,0.06306441128253937,0.0696602538228035,0.020458100363612175,0.05818704143166542
105,3.5,,,,insightface_bbox,0.7267817854881287,138.5525360107422,565.1587524414062,1069.282470703125,2356.574951171875,0,0,0,0,0,0,0,0,0,0,0,0,0.07880829274654388,0.06527385115623474,0.2127191573381424,0.29919689893722534,0.025708064436912537,0.030960002914071083,0.023007018491625786,0.04884561523795128,0.06258334964513779,0.06731647998094559,0.01808328740298748,0.05508751422166824
106,3.533333333333333,,,,insightface_bbox,0.7267817854881287,138.5525360107422,565.1587524414062,1069.282470703125,2356.574951171875,0,0,0,0,0,0,0,0,0,0,0,0,0.07686249166727066,0.06391163170337677,0.19909676909446716,0.2874491512775421,0.024222437292337418,0.029676144942641258,0.022225284948945045,0.04824600741267204,0.06296386569738388,0.06815933436155319,0.017750732600688934,0.054017361253499985
107,3.566666666666667,,,,insightface_bbox,0.7267817854881287,138.5525360107422,565.1587524414062,1069.282470703125,2356.574951171875,0,0,0,0,0,0,0,0,0,0,0,0,0.07462868094444275,0.06306542456150055,0.19191381335258484,0.27858880162239075,0.02337246760725975,0.029449325054883957,0.02202979475259781,0.04647436738014221,0.0605432391166687,0.06642311066389084,0.019876277074217796,0.054729849100112915
108,3.6,,,,insightface_bbox,0.7754550576210022,150.92933654785156,565.5628662109375,1061.0072021484375,2446.37158203125,0,0,0,0,0,0,0,0,0,0,0,0,0.09107590466737747,0.0750579759478569,0.2164744734764099,0.3431302607059479,0.03044258989393711,0.03919678181409836,0.029469672590494156,0.05184832215309143,0.06788472086191177,0.07562650740146637,0.03628307953476906,0.08272634446620941
109,3.6333333333333333,,,,insightface_bbox,0.7754550576210022,150.92933654785156,565.5628662109375,1061.0072021484375,2446.37158203125,0,0,0,0,0,0,0,0,0,0,0,0,0.07894015312194824,0.06657569855451584,0.1871476173400879,0.3053974509239197,0.025101926177740097,0.03761158138513565,0.02336534671485424,0.046413637697696686,0.06215222179889679,0.0713285580277443,0.0479135736823082,0.09754747897386551
110,3.6666666666666665,,,,insightface_bbox,0.7754550576210022,150.92933654785156,565.5628662109375,1061.0072021484375,2446.37158203125,0,0,0,0,0,0,0,0,0,0,0,0,0.07482348382472992,0.06249062716960907,0.17653295397758484,0.2794012427330017,0.0235502440482378,0.0366596058011055,0.020620986819267273,0.04398278892040253,0.0605739988386631,0.06515161693096161,0.04821058735251427,0.08772317320108414
111,3.7,,,,insightface_bbox,0.7754550576210022,150.92933654785156,565.5628662109375,1061.0072021484375,2446.37158203125,0,0,0,0,0,0,0,0,0,0,0,0,0.08007894456386566,0.0675601214170456,0.161749005317688,0.2941577136516571,0.022888433188199997,0.03534236177802086,0.01976468786597252,0.0436163991689682,0.06393556296825409,0.06488450616598129,0.058086734265089035,0.09186558425426483
112,3.7333333333333334,,,,insightface_bbox,0.7754550576210022,150.92933654785156,565.5628662109375,1061.0072021484375,2446.37158203125,0,0,0,0,0,0,0,0,0,0,0,0,0.08230697363615036,0.07002969086170197,0.16778609156608582,0.3223596513271332,0.023493576794862747,0.037387438118457794,0.020774539560079575,0.043270498514175415,0.063560351729393,0.0651746466755867,0.06135232746601105,0.0929495096206665
113,3.7666666666666666,,,,insightface_bbox,0.7754550576210022,150.92933654785156,565.5628662109375,1061.0072021484375,2446.37158203125,0,0,0,0,0,0,0,0,0,0,0,0,0.07650963962078094,0.06455899029970169,0.17959466576576233,0.3105478882789612,0.025369666516780853,0.03918295353651047,0.02313762903213501,0.04552071541547775,0.06296442449092865,0.06591595709323883,0.05644907057285309,0.09102217853069305
114,3.8,,,,insightface_bbox,0.7349377870559692,166.07093811035156,565.9140625,1069.05126953125,2427.2568359375,0,0,0,0,0,0,0,0,0,0,0,0,0.07247776538133621,0.061152927577495575,0.2291589081287384,0.27150335907936096,0.025691337883472443,0.04387855529785156,0.02461177110671997,0.05053459107875824,0.07248812168836594,0.07151517271995544,0.05845055356621742,0.08798439055681229
115,3.8333333333333335,,,,insightface_bbox,0.7349377870559692,166.07093811035156,565.9140625,1069.05126953125,2427.2568359375,0,0,0,0,0,0,0,0,0,0,0,0,0.07405481487512589,0.06223367154598236,0.2983909845352173,0.28185832500457764,0.028401335701346397,0.04990321397781372,0.029290098696947098,0.05244795233011246,0.08130549639463425,0.07747519761323929,0.0684724673628807,0.09219592809677124
116,3.8666666666666667,,,,insightface_bbox,0.7349377870559692,166.07093811035156,565.9140625,1069.05126953125,2427.2568359375,0,0,0,0,0,0,0,0,0,0,0,0,0.07269851863384247,0.061496514827013016,0.37577733397483826,0.29278820753097534,0.03153413161635399,0.05442321300506592,0.03233449533581734,0.056814782321453094,0.08082232624292374,0.07660913467407227,0.06356364488601685,0.0856606513261795
117,3.9,,,,insightface_bbox,0.7349377870559692,166.07093811035156,565.9140625,1069.05126953125,2427.2568359375,0,0,1,0,0,0,0,0,0,0,0,0,0.07679767161607742,0.0653269812464714,0.5269055962562561,0.2907652258872986,0.03161752596497536,0.05986674875020981,0.03687507286667824,0.05778415501117706,0.08468315005302429,0.07762537896633148,0.06647616624832153,0.08534255623817444
118,3.933333333333333,,,,insightface_bbox,0.7349377870559692,166.07093811035156,565.9140625,1069.05126953125,2427.2568359375,0,0,1,0,0,0,0,0,0,0,0,0,0.07709310203790665,0.06627042591571808,0.6411951780319214,0.2969965636730194,0.03278093785047531,0.06430302560329437,0.04256749898195267,0.059311725199222565,0.08516564965248108,0.07907871156930923,0.07254093885421753,0.08932866156101227
119,3.966666666666667,,,,insightface_bbox,0.7349377870559692,166.07093811035156,565.9140625,1069.05126953125,2427.2568359375,0,0,1,0,0,0,0,0,0,0,0,0,0.08245081454515457,0.07299540191888809,0.6928009986877441,0.34831154346466064,0.03713082894682884,0.07005774229764938,0.0453912653028965,0.06814785301685333,0.08683379739522934,0.08219310641288757,0.0838884711265564,0.09186428785324097
120,4.0,,,,insightface_bbox,0.7036856412887573,171.87464904785156,602.6869506835938,1082.78515625,2349.751708984375,0,0,1,0,0,0,0,0,0,0,0,0,0.08821364492177963,0.08065327256917953,0.9114110469818115,0.4085448980331421,0.0436868853867054,0.07726195454597473,0.05280092731118202,0.07177941501140594,0.0841001570224762,0.08457056432962418,0.0940578281879425,0.09810607880353928
121,4.033333333333333,,,,insightface_bbox,0.7036856412887573,171.87464904785156,602.6869506835938,1082.78515625,2349.751708984375,0,0,1,0,0,0,0,0,0,0,0,0,0.09522022306919098,0.08645857870578766,0.9677392244338989,0.4396548867225647,0.04540685936808586,0.07690556347370148,0.06044771522283554,0.0737437903881073,0.08835147321224213,0.08746664971113205,0.104923777282238,0.10571561008691788
122,4.066666666666666,,,,insightface_bbox,0.7036856412887573,171.87464904785156,602.6869506835938,1082.78515625,2349.751708984375,0,0,1,0,0,0,0,0,0,0,0,0,0.0926777645945549,0.08511963486671448,0.9230680465698242,0.4447541832923889,0.04764933884143829,0.07254403829574585,0.057460516691207886,0.07509130239486694,0.08432342112064362,0.08718276023864746,0.10335302352905273,0.10287873446941376
123,4.1,,,,insightface_bbox,0.7036856412887573,171.87464904785156,602.6869506835938,1082.78515625,2349.751708984375,0,0,1,0,0,0,0,0,0,0,0,0,0.0891156867146492,0.08030582219362259,0.7911259531974792,0.4137037396430969,0.042662493884563446,0.06927799433469772,0.05016271770000458,0.07154163718223572,0.07968340069055557,0.08386962860822678,0.10260313749313354,0.1029578223824501
124,4.133333333333334,,,,insightface_bbox,0.7036856412887573,171.87464904785156,602.6869506835938,1082.78515625,2349.751708984375,0,0,1,0,0,0,0,0,0,0,0,0,0.08888168632984161,0.08001813292503357,0.8469688892364502,0.4089198708534241,0.044182758778333664,0.06947983801364899,0.05216524004936218,0.0713418647646904,0.08063182234764099,0.08508261293172836,0.10417462885379791,0.10470829159021378
125,4.166666666666667,,,,insightface_bbox,0.7036856412887573,171.87464904785156,602.6869506835938,1082.78515625,2349.751708984375,0,0,1,0,0,0,0,0,0,0,0,0,0.08464563637971878,0.07672998309135437,0.7320466637611389,0.3901560306549072,0.04489685967564583,0.06743580847978592,0.05062810704112053,0.07287894934415817,0.08327816426753998,0.08759751170873642,0.09957189857959747,0.10381314903497696
126,4.2,,,,insightface_bbox,0.7156971096992493,171.69151306152344,601.12890625,1071.2509765625,2352.015380859375,0,0,1,0,0,0,0,0,0,0,0,0,0.07982239127159119,0.06886594742536545,0.6707775592803955,0.30979543924331665,0.035280849784612656,0.06284824013710022,0.045238640159368515,0.06485247611999512,0.08343587815761566,0.08266405761241913,0.08435425162315369,0.09612944722175598
127,4.233333333333333,,,,insightface_bbox,0.7156971096992493,171.69151306152344,601.12890625,1071.2509765625,2352.015380859375,0,0,1,0,0,0,0,0,0,0,0,0,0.07980789244174957,0.06776013970375061,0.5258437395095825,0.30418750643730164,0.030628273263573647,0.055894866585731506,0.03511855751276016,0.061584800481796265,0.07891546934843063,0.07692943513393402,0.07804042100906372,0.08732154965400696
128,4.266666666666667,,,,insightface_bbox,0.7156971096992493,171.69151306152344,601.12890625,1071.2509765625,2352.015380859375,0,0,0,0,0,0,0,0,0,0,0,0,0.07606255263090134,0.06471505761146545,0.3923874795436859,0.28401046991348267,0.029978593811392784,0.052255526185035706,0.029346995055675507,0.05755555257201195,0.0767548456788063,0.07515738904476166,0.06727232038974762,0.08021574467420578
129,4.3,,,,insightface_bbox,0.7156971096992493,171.69151306152344,601.12890625,1071.2509765625,2352.015380859375,0,0,0,0,0,0,0,0,0,0,0,0,0.07286539673805237,0.061769016087055206,0.3488292098045349,0.2654995322227478,0.029790837317705154,0.05066872388124466,0.02816840074956417,0.05557430908083916,0.07531172782182693,0.07413758337497711,0.06374001502990723,0.07885027676820755
130,4.333333333333333,,,,insightface_bbox,0.7156971096992493,171.69151306152344,601.12890625,1071.2509765625,2352.015380859375,0,0,0,0,0,0,0,0,0,0,0,0,0.07449226081371307,0.06326467543840408,0.3233194947242737,0.27920058369636536,0.029822058975696564,0.04963185638189316,0.027563735842704773,0.055076368153095245,0.07465395331382751,0.07370575517416,0.06079467013478279,0.07889292389154434
131,4.366666666666666,,,,insightface_bbox,0.7156971096992493,171.69151306152344,601.12890625,1071.2509765625,2352.015380859375,0,0,0,0,0,0,0,0,0,0,0,0,0.07699038088321686,0.06614755839109421,0.28893235325813293,0.3034083843231201,0.03269432485103607,0.0492747500538826,0.029296845197677612,0.05676581710577011,0.07503408193588257,0.07664601504802704,0.055437009781599045,0.07748197019100189
132,4.4,,,,insightface_bbox,0.7400006055831909,168.33187866210938,584.6641845703125,1057.4244384765625,2366.1875,0,0,0,0,0,0,0,0,0,0,0,0,0.07580428570508957,0.06624423712491989,0.37050989270210266,0.2781592607498169,0.03084004856646061,0.05320150777697563,0.03209594637155533,0.05467923730611801,0.07453892379999161,0.0745488703250885,0.07985182851552963,0.08540347963571548
133,4.433333333333334,,,,insightface_bbox,0.7400006055831909,168.33187866210938,584.6641845703125,1057.4244384765625,2366.1875,0,0,1,0,0,0,0,0,0,0,0,0,0.08112247288227081,0.06991194188594818,0.4619270861148834,0.30991461873054504,0.032173726707696915,0.055814046412706375,0.03594442829489708,0.056667447090148926,0.07587537914514542,0.07719293981790543,0.09417229890823364,0.08931201696395874
134,4.466666666666667,,,,insightface_bbox,0.7400006055831909,168.33187866210938,584.6641845703125,1057.4244384765625,2366.1875,0,0,0,0,0,0,0,0,0,0,0,0,0.08173608779907227,0.0703364834189415,0.40328752994537354,0.3391672670841217,0.033087026327848434,0.055176928639411926,0.0347694531083107,0.05874641612172127,0.07455702871084213,0.07689833641052246,0.08691924810409546,0.08762997388839722
135,4.5,,,,insightface_bbox,0.7400006055831909,168.33187866210938,584.6641845703125,1057.4244384765625,2366.1875,0,0,1,0,0,0,0,0,0,0,0,0,0.0962536633014679,0.08139222860336304,0.6880847215652466,0.40536171197891235,0.036629077047109604,0.06526905298233032,0.04835423082113266,0.05964813381433487,0.07685578614473343,0.0763905718922615,0.10069602727890015,0.0960848480463028
136,4.533333333333333,,,,insightface_bbox,0.7400006055831909,168.33187866210938,584.6641845703125,1057.4244384765625,2366.1875,0,0,1,0,0,0,0,0,0,0,0,0,0.09103662520647049,0.07806134223937988,0.6951504349708557,0.37779226899147034,0.036308202892541885,0.06585559993982315,0.04727112129330635,0.060267478227615356,0.07803019881248474,0.07730840146541595,0.10089413076639175,0.09623899310827255
137,4.566666666666666,,,,insightface_bbox,0.7400006055831909,168.33187866210938,584.6641845703125,1057.4244384765625,2366.1875,0,0,1,0,0,0,0,0,0,0,0,0,0.09766016900539398,0.08280276507139206,0.7224845290184021,0.41684526205062866,0.037487685680389404,0.06764629483222961,0.049406927078962326,0.062169138342142105,0.07809680700302124,0.0783599466085434,0.1034318059682846,0.09932717680931091
138,4.6,,,,insightface_bbox,0.7199143171310425,175.47576904296875,603.9602661132812,1073.0106201171875,2364.98388671875,0,0,1,0,0,0,0,0,0,0,0,0,0.08790908753871918,0.07336506992578506,0.7205250263214111,0.3271740972995758,0.03753490746021271,0.07259389758110046,0.05308229476213455,0.059850532561540604,0.0829673632979393,0.08236578851938248,0.09566605091094971,0.09957262128591537
139,4.633333333333334,,,,insightface_bbox,0.7199143171310425,175.47576904296875,603.9602661132812,1073.0106201171875,2364.98388671875,0,0,1,0,0,0,0,0,0,0,0,0,0.0869235247373581,0.07245007902383804,0.5471747517585754,0.3173680901527405,0.033018335700035095,0.062063928693532944,0.04297016188502312,0.057639554142951965,0.08132913708686829,0.08165585994720459,0.08648689836263657,0.09690716862678528
140,4.666666666666667,,,,insightface_bbox,0.7199143171310425,175.47576904296875,603.9602661132812,1073.0106201171875,2364.98388671875,0,0,1,0,0,0,0,0,0,0,0,0,0.08637236058712006,0.07126414775848389,0.6550205945968628,0.3003748655319214,0.03511148691177368,0.0644557848572731,0.04712389409542084,0.05656450241804123,0.08131266385316849,0.0832100585103035,0.09266772866249084,0.10344292223453522
141,4.7,,,,insightface_bbox,0.7199143171310425,175.47576904296875,603.9602661132812,1073.0106201171875,2364.98388671875,0,0,1,0,0,0,0,0,0,0,0,0,0.08297942578792572,0.0678543895483017,0.6075147390365601,0.2839072346687317,0.037002719938755035,0.0642036497592926,0.04621433466672897,0.054871123284101486,0.0819157063961029,0.08287284523248672,0.0923011377453804,0.10385040938854218
142,4.733333333333333,,,,insightface_bbox,0.7199143171310425,175.47576904296875,603.9602661132812,1073.0106201171875,2364.98388671875,0,0,1,0,0,0,0,0,0,0,0,0,0.08040659874677658,0.06697044521570206,0.5752410888671875,0.2771536409854889,0.032559920102357864,0.06066557392477989,0.039720889180898666,0.05317051708698273,0.08027368783950806,0.07939104735851288,0.08049896359443665,0.09683075547218323
143,4.766666666666667,,,,insightface_bbox,0.7199143171310425,175.47576904296875,603.9602661132812,1073.0106201171875,2364.98388671875,0,0,1,0,0,0,0,0,0,0,0,0,0.07730542868375778,0.06645382940769196,0.5157742500305176,0.256196528673172,0.03127065673470497,0.06460586190223694,0.03672996535897255,0.05055389553308487,0.08190368115901947,0.07996506243944168,0.085161492228508,0.10402657836675644
144,4.8,,,,insightface_bbox,0.7520751953125,184.7274169921875,586.145751953125,1036.7694091796875,2492.187255859375,0,0,0,0,0,0,0,0,0,0,0,0,0.06616339832544327,0.05438506230711937,0.14285531640052795,0.2071830928325653,0.025767890736460686,0.0367131233215332,0.021862201392650604,0.03931682929396629,0.07008327543735504,0.0643066018819809,0.0632796585559845,0.07680156826972961
145,4.833333333333333,,,,insightface_bbox,0.7520751953125,184.7274169921875,586.145751953125,1036.7694091796875,2492.187255859375,0,0,0,0,0,0,0,0,0,0,0,0,0.05781283974647522,0.04440293461084366,0.1580212116241455,0.14038175344467163,0.023194218054413795,0.034973207861185074,0.019290300086140633,0.03356759622693062,0.06625785678625107,0.05658816173672676,0.06686092913150787,0.07367438077926636
146,4.866666666666666,,,,insightface_bbox,0.7520751953125,184.7274169921875,586.145751953125,1036.7694091796875,2492.187255859375,0,0,0,0,0,0,0,0,0,0,0,0,0.05286289379000664,0.038273897022008896,0.14104720950126648,0.10978132486343384,0.01926044374704361,0.03119027242064476,0.015613552182912827,0.02931090258061886,0.06506265699863434,0.05216989293694496,0.05211777985095978,0.06454319506883621
147,4.9,,,,insightface_bbox,0.7520751953125,184.7274169921875,586.145751953125,1036.7694091796875,2492.187255859375,0,0,0,0,0,0,0,0,0,0,0,0,0.052435167133808136,0.03740166500210762,0.14468519389629364,0.10227441787719727,0.01803774945437908,0.031014278531074524,0.014023393392562866,0.02882491797208786,0.06429032236337662,0.05196743085980415,0.04926060885190964,0.06313788145780563
148,4.933333333333334,,,,insightface_bbox,0.7520751953125,184.7274169921875,586.145751953125,1036.7694091796875,2492.187255859375,0,0,0,0,0,0,0,0,0,0,0,0,0.04934792220592499,0.03447668254375458,0.13183346390724182,0.08665516972541809,0.017047572880983353,0.029710259288549423,0.01316571794450283,0.027226777747273445,0.0644170269370079,0.04971608892083168,0.04507199302315712,0.059676893055438995
149,4.966666666666667,,,,insightface_bbox,0.7520751953125,184.7274169921875,586.145751953125,1036.7694091796875,2492.187255859375,0,0,0,0,0,0,0,0,0,0,0,0,0.047112055122852325,0.031823039054870605,0.12437983602285385,0.07553258538246155,0.01584041863679886,0.028156397864222527,0.012348880991339684,0.02564500831067562,0.06357695162296295,0.04771435633301735,0.04074862226843834,0.054761745035648346
150,5.0,,,,insightface_bbox,0.728190541267395,157.16091918945312,548.6895141601562,1036.234619140625,2553.306884765625,0,0,0,0,0,0,0,0,0,0,0,0,0.062170401215553284,0.04916870594024658,0.2312573790550232,0.1483900398015976,0.022219810634851456,0.04546396806836128,0.01741129532456398,0.03579844906926155,0.07065686583518982,0.05754014477133751,0.08658892661333084,0.08232786506414413
151,5.033333333333333,,,,insightface_bbox,0.728190541267395,157.16091918945312,548.6895141601562,1036.234619140625,2553.306884765625,0,0,0,0,0,0,0,0,0,0,0,0,0.06430130451917648,0.05072431266307831,0.23669050633907318,0.1558772474527359,0.023720290511846542,0.04822375252842903,0.019111594185233116,0.037239622324705124,0.07267448306083679,0.059983573853969574,0.08568040281534195,0.08548738062381744
152,5.066666666666666,,,,insightface_bbox,0.728190541267395,157.16091918945312,548.6895141601562,1036.234619140625,2553.306884765625,0,0,0,0,0,0,0,0,0,0,0,0,0.06220308691263199,0.04993559792637825,0.24839670956134796,0.15754131972789764,0.02478479966521263,0.05006149411201477,0.0205563735216856,0.03771800920367241,0.07191820442676544,0.060249678790569305,0.08088885992765427,0.08401775360107422
153,5.1,,,,insightface_bbox,0.728190541267395,157.16091918945312,548.6895141601562,1036.234619140625,2553.306884765625,0,0,0,0,0,0,0,0,0,0,0,0,0.061406563967466354,0.04767000675201416,0.27901726961135864,0.14223738014698029,0.024499032646417618,0.05151227489113808,0.021359052509069443,0.03704816475510597,0.07221057265996933,0.06120842322707176,0.07947058230638504,0.08094704151153564
154,5.133333333333334,,,,insightface_bbox,0.728190541267395,157.16091918945312,548.6895141601562,1036.234619140625,2553.306884765625,0,0,1,0,0,0,0,0,0,0,0,0,0.06456974148750305,0.04986577481031418,0.4161688983440399,0.1508091688156128,0.024913417175412178,0.05324026942253113,0.025108857080340385,0.03784647956490517,0.07009751349687576,0.06216586381196976,0.09184073656797409,0.08356895297765732
155,5.166666666666667,,,,insightface_bbox,0.728190541267395,157.16091918945312,548.6895141601562,1036.234619140625,2553.306884765625,0,0,1,0,0,0,0,0,0,0,0,0,0.07507455348968506,0.06051044911146164,0.5585801005363464,0.2055562287569046,0.031732697039842606,0.06371529400348663,0.038952264934778214,0.049534499645233154,0.08171700686216354,0.07676097005605698,0.11012184619903564,0.10528136789798737
156,5.2,,,,insightface_bbox,0.7148013114929199,162.0261993408203,601.852783203125,1036.6656494140625,2372.8544921875,0,0,1,0,0,0,0,0,0,0,0,0,0.07231833040714264,0.05964141711592674,0.4636367857456207,0.20467786490917206,0.03554990515112877,0.06362920999526978,0.042000576853752136,0.05171824246644974,0.08264487981796265,0.08193039149045944,0.09255851805210114,0.09417162835597992
157,5.233333333333333,,,,insightface_bbox,0.7148013114929199,162.0261993408203,601.852783203125,1036.6656494140625,2372.8544921875,0,0,1,0,0,0,0,0,0,0,0,0,0.06950698792934418,0.06037168204784393,0.4834550619125366,0.22489553689956665,0.03458006680011749,0.06382657587528229,0.03969624266028404,0.05051708221435547,0.08036172389984131,0.07944750785827637,0.08995324373245239,0.09369149059057236
158,5.266666666666667,,,,insightface_bbox,0.7148013114929199,162.0261993408203,601.852783203125,1036.6656494140625,2372.8544921875,0,0,1,0,0,0,0,0,0,0,0,0,0.08525990694761276,0.07362601161003113,0.46799224615097046,0.3083524703979492,0.036539580672979355,0.06584440916776657,0.041018541902303696,0.0557381696999073,0.07959995418787003,0.08053363859653473,0.09296055138111115,0.09891721606254578
159,5.3,,,,insightface_bbox,0.7148013114929199,162.0261993408203,601.852783203125,1036.6656494140625,2372.8544921875,0,0,1,0,0,0,0,0,0,0,0,0,0.09441380202770233,0.08117391169071198,0.49230945110321045,0.36528557538986206,0.03769936412572861,0.06943098455667496,0.04679755121469498,0.05988878011703491,0.081434465944767,0.083483025431633,0.11503681540489197,0.10984396934509277
160,5.333333333333333,,,,insightface_bbox,0.7148013114929199,162.0261993408203,601.852783203125,1036.6656494140625,2372.8544921875,0,0,0,0,0,0,0,0,0,0,0,0,0.09760092198848724,0.08332203328609467,0.4419277608394623,0.38234010338783264,0.0360100194811821,0.06311903893947601,0.04552305489778519,0.059435855597257614,0.0805932879447937,0.08256260305643082,0.11027014255523682,0.10670121014118195
161,5.366666666666666,,,,insightface_bbox,0.7148013114929199,162.0261993408203,601.852783203125,1036.6656494140625,2372.8544921875,0,0,0,0,0,0,0,0,0,0,0,0,0.09087216854095459,0.076998271048069,0.43706393241882324,0.31691867113113403,0.03678075224161148,0.06475497037172318,0.04488255828619003,0.05633509159088135,0.08265871554613113,0.0830465704202652,0.09941325336694717,0.10462881624698639
162,5.4,,,,insightface_bbox,0.7498067617416382,159.36016845703125,599.4613037109375,1042.9873046875,2399.56201171875,0,0,1,0,0,0,0,0,0,0,0,0,0.07160618156194687,0.06110149994492531,0.5043625235557556,0.24571047723293304,0.033965565264225006,0.06207573786377907,0.03883849456906319,0.05008993670344353,0.07942022383213043,0.07722873985767365,0.07786493003368378,0.0965234711766243
163,5.433333333333334,,,,insightface_bbox,0.7498067617416382,159.36016845703125,599.4613037109375,1042.9873046875,2399.56201171875,0,0,1,0,0,0,0,0,0,0,0,0,0.06811363250017166,0.05835752934217453,0.41643738746643066,0.22455915808677673,0.03066754713654518,0.055510587990283966,0.03340447321534157,0.04681767523288727,0.07857388257980347,0.07456959784030914,0.06361614912748337,0.08639301359653473
164,5.466666666666667,,,,insightface_bbox,0.7498067617416382,159.36016845703125,599.4613037109375,1042.9873046875,2399.56201171875,0,0,1,0,0,0,0,0,0,0,0,0,0.0665624812245369,0.05655573308467865,0.4138822555541992,0.21241512894630432,0.029586657881736755,0.05315098166465759,0.030751461163163185,0.0456833615899086,0.07856252789497375,0.07337882369756699,0.05867716670036316,0.08265560865402222
165,5.5,,,,insightface_bbox,0.7498067617416382,159.36016845703125,599.4613037109375,1042.9873046875,2399.56201171875,0,0,1,0,0,0,0,0,0,0,0,0,0.06809248775243759,0.05710374936461449,0.3903011679649353,0.2225816547870636,0.02986418455839157,0.05425170809030533,0.030447669327259064,0.0466826930642128,0.07837646454572678,0.07330914586782455,0.059900157153606415,0.08485782891511917
166,5.533333333333333,,,,insightface_bbox,0.7498067617416382,159.36016845703125,599.4613037109375,1042.9873046875,2399.56201171875,0,0,0,0,0,0,0,0,0,0,0,0,0.07773105800151825,0.06612192094326019,0.4184889793395996,0.28446000814437866,0.03276899829506874,0.05838935077190399,0.034809697419404984,0.052097905427217484,0.07832295447587967,0.07547453045845032,0.069064199924469,0.08941910415887833
167,5.566666666666666,,,,insightface_bbox,0.7498067617416382,159.36016845703125,599.4613037109375,1042.9873046875,2399.56201171875,0,0,0,0,0,0,0,0,0,0,0,0,0.07726463675498962,0.06614401191473007,0.41751956939697266,0.2848110496997833,0.03223910555243492,0.05739996209740639,0.034305937588214874,0.05231069028377533,0.0770764946937561,0.07443700730800629,0.06794995814561844,0.08460193127393723
168,5.6,,,,insightface_bbox,0.7662725448608398,163.9119873046875,602.8305053710938,1053.106689453125,2400.693115234375,0,0,0,0,0,0,0,0,0,0,0,0,0.0752134621143341,0.062138643115758896,0.3807789385318756,0.2571629583835602,0.02752087078988552,0.04709158465266228,0.02578071877360344,0.04817531257867813,0.0767647922039032,0.0673614963889122,0.044370025396347046,0.06881310790777206
169,5.633333333333334,,,,insightface_bbox,0.7662725448608398,163.9119873046875,602.8305053710938,1053.106689453125,2400.693115234375,0,0,0,0,0,0,0,0,0,0,0,0,0.07119213044643402,0.05908692628145218,0.335713654756546,0.23908795416355133,0.026390403509140015,0.043188683688640594,0.02300833910703659,0.04535261541604996,0.07564813643693924,0.0654204785823822,0.040991589426994324,0.06700408458709717
170,5.666666666666667,,,,insightface_bbox,0.7662725448608398,163.9119873046875,602.8305053710938,1053.106689453125,2400.693115234375,0,0,0,0,0,0,0,0,0,0,0,0,0.0658031553030014,0.053448110818862915,0.29863211512565613,0.1988293081521988,0.024857724085450172,0.04235638678073883,0.022224564105272293,0.042054444551467896,0.07587238401174545,0.06356406211853027,0.040711332112550735,0.06348313391208649
171,5.7,,,,insightface_bbox,0.7662725448608398,163.9119873046875,602.8305053710938,1053.106689453125,2400.693115234375,0,0,0,0,0,0,0,0,0,0,0,0,0.06210064888000488,0.050820935517549515,0.2623148262500763,0.19275471568107605,0.023462992161512375,0.03962628170847893,0.01911803148686886,0.04189880192279816,0.0731118693947792,0.06198596954345703,0.03397190198302269,0.057087574154138565
172,5.733333333333333,,,,insightface_bbox,0.7662725448608398,163.9119873046875,602.8305053710938,1053.106689453125,2400.693115234375,0,0,0,0,0,0,0,0,0,0,0,0,0.07081204652786255,0.05810115486383438,0.3470609188079834,0.22946058213710785,0.02591347135603428,0.042550720274448395,0.02167546935379505,0.04477403685450554,0.07450160384178162,0.06238148361444473,0.037005383521318436,0.06108187139034271
173,5.766666666666667,,,,insightface_bbox,0.7662725448608398,163.9119873046875,602.8305053710938,1053.106689453125,2400.693115234375,0,0,0,0,0,0,0,0,0,0,0,0,0.07405679672956467,0.06146211177110672,0.3959791660308838,0.2568053901195526,0.028659643605351448,0.044539738446474075,0.025068826973438263,0.04745437949895859,0.07577140629291534,0.0643201619386673,0.03923266381025314,0.06299829483032227
174,5.8,,,,insightface_bbox,0.7439360618591309,153.419189453125,589.7578125,1053.6866455078125,2398.850341796875,0,0,1,0,0,0,0,0,0,0,0,0,0.07730013132095337,0.0634286105632782,0.40728524327278137,0.25963035225868225,0.02833263762295246,0.044284701347351074,0.025588374584913254,0.04998694732785225,0.08022892475128174,0.06727001070976257,0.031023569405078888,0.05815162509679794
175,5.833333333333333,,,,insightface_bbox,0.7439360618591309,153.419189453125,589.7578125,1053.6866455078125,2398.850341796875,0,0,1,0,0,0,0,0,0,0,0,0,0.08100227266550064,0.06711159646511078,0.4177135229110718,0.2789219915866852,0.029437391087412834,0.04427534341812134,0.027371970936655998,0.053070053458213806,0.07949262857437134,0.06741601228713989,0.0314827598631382,0.05805104598402977
176,5.866666666666666,,,,insightface_bbox,0.7439360618591309,153.419189453125,589.7578125,1053.6866455078125,2398.850341796875,0,0,0,0,0,0,0,0,0,0,0,0,0.07583395391702652,0.06448100507259369,0.40466535091400146,0.28997501730918884,0.029399894177913666,0.04394788295030594,0.02692244201898575,0.05126052349805832,0.07896670699119568,0.06621668487787247,0.030782314017415047,0.059573620557785034
177,5.9,,,,insightface_bbox,0.7439360618591309,153.419189453125,589.7578125,1053.6866455078125,2398.850341796875,0,0,1,0,0,0,0,0,0,0,0,0,0.07973355054855347,0.06599662452936172,0.40879005193710327,0.29166239500045776,0.029530880972743034,0.045471783727407455,0.0285332128405571,0.05106978118419647,0.07929542660713196,0.06654103100299835,0.03347619250416756,0.06299877166748047
178,5.933333333333334,,,,insightface_bbox,0.7439360618591309,153.419189453125,589.7578125,1053.6866455078125,2398.850341796875,0,0,0,0,0,0,0,0,0,0,0,0,0.07046192139387131,0.05833644047379494,0.31560567021369934,0.2517184019088745,0.026795577257871628,0.04119770601391792,0.02541712298989296,0.04691321775317192,0.07492170482873917,0.06429070234298706,0.0315321609377861,0.06321197748184204
179,5.966666666666667,,,,insightface_bbox,0.7439360618591309,153.419189453125,589.7578125,1053.6866455078125,2398.850341796875,0,0,0,0,0,0,0,0,0,0,0,0,0.07217781245708466,0.058827005326747894,0.28877052664756775,0.25162795186042786,0.026466216892004013,0.0425427109003067,0.025754522532224655,0.04783792048692703,0.07627948373556137,0.06898941099643707,0.03601175919175148,0.0702756717801094
180,6.0,,,,insightface_bbox,0.7623969316482544,171.21505737304688,621.7488403320312,1054.997802734375,2412.694091796875,0,0,0,0,0,0,0,0,0,0,0,0,0.08104647696018219,0.06845765560865402,0.33166125416755676,0.30914613604545593,0.031484637409448624,0.05496666207909584,0.03921501338481903,0.05213654041290283,0.07672113180160522,0.07145073264837265,0.05677507817745209,0.07968029379844666
181,6.033333333333333,,,,insightface_bbox,0.7623969316482544,171.21505737304688,621.7488403320312,1054.997802734375,2412.694091796875,0,0,0,0,0,0,0,0,0,0,0,0,0.09269119054079056,0.07750674337148666,0.32435524463653564,0.3799336552619934,0.03661305829882622,0.05914996564388275,0.044210731983184814,0.05497944355010986,0.07632198184728622,0.07496098428964615,0.06682762503623962,0.0860954225063324
182,6.066666666666666,,,,insightface_bbox,0.7623969316482544,171.21505737304688,621.7488403320312,1054.997802734375,2412.694091796875,0,0,0,0,0,0,0,0,0,0,0,0,0.10409724712371826,0.08600324392318726,0.4613146185874939,0.46240392327308655,0.041967980563640594,0.06063930690288544,0.052660781890153885,0.058228131383657455,0.07023177295923233,0.07572783529758453,0.07704119384288788,0.10110168904066086
183,6.1,,,,insightface_bbox,0.7623969316482544,171.21505737304688,621.7488403320312,1054.997802734375,2412.694091796875,0,0,1,0,0,0,0,0,0,0,0,0,0.09804762154817581,0.08002418279647827,0.5649683475494385,0.4248077869415283,0.05365239456295967,0.06756656616926193,0.06910890340805054,0.06667813658714294,0.07217787206172943,0.0890650674700737,0.11660582572221756,0.13117051124572754
184,6.133333333333334,,,,insightface_bbox,0.7623969316482544,171.21505737304688,621.7488403320312,1054.997802734375,2412.694091796875,0,0,1,0,0,0,0,0,0,0,0,0,0.0802602767944336,0.06541071832180023,0.5886315703392029,0.34490519762039185,0.05120553448796272,0.07133415341377258,0.05000926926732063,0.06262461841106415,0.06915344297885895,0.0818948820233345,0.10519178211688995,0.10547682642936707
185,6.166666666666667,,,,insightface_bbox,0.7623969316482544,171.21505737304688,621.7488403320312,1054.997802734375,2412.694091796875,0,0,1,0,0,0,0,0,0,0,0,0,0.0695871114730835,0.05301567167043686,0.49015116691589355,0.2493787705898285,0.0419534333050251,0.06413567066192627,0.03557944297790527,0.05206441506743431,0.062253840267658234,0.07132594287395477,0.09126736223697662,0.07825890183448792
186,6.2,,,,insightface_bbox,0.6812291145324707,271.78564453125,615.8118286132812,1169.9736328125,2350.78076171875,0,0,1,0,0,0,0,0,0,0,0,0,0.07665984332561493,0.060223035514354706,0.6081311702728271,0.3272646367549896,0.05301117151975632,0.08356582373380661,0.048193879425525665,0.06538096070289612,0.06571005284786224,0.07819273322820663,0.08636888116598129,0.07897435128688812
187,6.233333333333333,,,,insightface_bbox,0.6812291145324707,271.78564453125,615.8118286132812,1169.9736328125,2350.78076171875,0,0,1,0,0,0,0,0,0,0,0,0,0.0748186707496643,0.05998332053422928,0.6392636895179749,0.33394140005111694,0.05060926079750061,0.0720965787768364,0.04492907226085663,0.06446676701307297,0.06330164521932602,0.0745699554681778,0.08054958283901215,0.0790541023015976
188,6.266666666666667,,,,insightface_bbox,0.6812291145324707,271.78564453125,615.8118286132812,1169.9736328125,2350.78076171875,0,0,1,0,0,0,0,0,0,0,0,0,0.07856443524360657,0.061129651963710785,0.673830509185791,0.3370726406574249,0.053202081471681595,0.07598099112510681,0.04744451865553856,0.06579423695802689,0.06433139741420746,0.07685105502605438,0.0943993404507637,0.08568939566612244
189,6.3,,,,insightface_bbox,0.6812291145324707,271.78564453125,615.8118286132812,1169.9736328125,2350.78076171875,0,0,1,0,0,0,0,0,0,0,0,0,0.0821300595998764,0.06390731036663055,0.6759412288665771,0.3407089114189148,0.05702262371778488,0.0783451572060585,0.053960591554641724,0.0651574432849884,0.06439932435750961,0.07961944490671158,0.09825797379016876,0.09202970564365387
190,6.333333333333333,,,,insightface_bbox,0.6812291145324707,271.78564453125,615.8118286132812,1169.9736328125,2350.78076171875,0,0,1,0,0,0,0,0,0,0,0,0,0.08990973979234695,0.07070255279541016,0.7849291563034058,0.40143999457359314,0.05924633890390396,0.08450940996408463,0.05930013209581375,0.06915207207202911,0.06673980504274368,0.08131147921085358,0.10499779880046844,0.09716258943080902
191,6.366666666666666,,,,insightface_bbox,0.6812291145324707,271.78564453125,615.8118286132812,1169.9736328125,2350.78076171875,0,0,1,0,0,0,0,0,0,0,0,0,0.08721312880516052,0.0687774270772934,0.758385181427002,0.3831028640270233,0.05437185615301132,0.08630543947219849,0.04912443459033966,0.06979653239250183,0.0670614019036293,0.07879611849784851,0.09750828146934509,0.08740304410457611
192,6.4,,,,insightface_bbox,0.6833214163780212,302.39105224609375,545.4343872070312,1176.8565673828125,2361.853271484375,0,0,1,0,0,0,0,0,0,0,0,0,0.07114903628826141,0.058791257441043854,0.5057283639907837,0.2750363051891327,0.03576292842626572,0.05779147893190384,0.03233083337545395,0.04915517568588257,0.06182393431663513,0.06702283024787903,0.07769106328487396,0.07456371933221817
193,6.433333333333334,,,,insightface_bbox,0.6833214163780212,302.39105224609375,545.4343872070312,1176.8565673828125,2361.853271484375,0,0,1,0,0,0,0,0,0,0,0,0,0.08056239038705826,0.06576164066791534,0.5167720317840576,0.35479995608329773,0.03821352869272232,0.05868065357208252,0.033852070569992065,0.05295528098940849,0.06370944529771805,0.06767044961452484,0.08483558893203735,0.0797749012708664
194,6.466666666666667,,,,insightface_bbox,0.6833214163780212,302.39105224609375,545.4343872070312,1176.8565673828125,2361.853271484375,0,0,1,0,0,0,0,0,0,0,0,0,0.08026457577943802,0.06683970242738724,0.5607979893684387,0.3359278440475464,0.04033368080854416,0.06614463031291962,0.03508748859167099,0.053713902831077576,0.0650288313627243,0.07072316110134125,0.10713335126638412,0.09044599533081055
195,6.5,,,,insightface_bbox,0.6833214163780212,302.39105224609375,545.4343872070312,1176.8565673828125,2361.853271484375,0,0,1,0,0,0,0,0,0,0,0,0,0.07448171079158783,0.06248411536216736,0.7268358469009399,0.2543865442276001,0.041952840983867645,0.07375916838645935,0.038131218403577805,0.05242526903748512,0.06803624331951141,0.0724337100982666,0.12051354348659515,0.10306382179260254
196,6.533333333333333,,,,insightface_bbox,0.6833214163780212,302.39105224609375,545.4343872070312,1176.8565673828125,2361.853271484375,0,0,1,0,0,0,0,0,0,0,0,0,0.07696688920259476,0.06489314883947372,0.9467414021492004,0.25886133313179016,0.04390070587396622,0.07475759088993073,0.043678563088178635,0.053827591240406036,0.07396125048398972,0.07425641268491745,0.12731778621673584,0.1062714010477066
197,6.566666666666666,,,,insightface_bbox,0.6833214163780212,302.39105224609375,545.4343872070312,1176.8565673828125,2361.853271484375,0,0,1,0,0,0,0,0,0,0,0,0,0.07671327888965607,0.0655689463019371,0.9548442959785461,0.2567821741104126,0.04184439405798912,0.07664497196674347,0.04207566753029823,0.0524822399020195,0.0752662941813469,0.0730702131986618,0.12466466426849365,0.10605230182409286
198,6.6,,,,insightface_bbox,0.6916197538375854,245.08932495117188,573.4688110351562,1163.540283203125,2336.398681640625,0,0,1,0,0,0,0,0,0,0,0,0,0.07188829779624939,0.07053476572036743,0.8341660499572754,0.3101826608181,0.04411855712532997,0.06406185030937195,0.04080609232187271,0.06382724642753601,0.0679904893040657,0.07430439442396164,0.08630213141441345,0.08305685222148895
199,6.633333333333334,,,,insightface_bbox,0.6916197538375854,245.08932495117188,573.4688110351562,1163.540283203125,2336.398681640625,0,0,1,0,0,0,0,0,0,0,0,0,0.08033046126365662,0.07731308788061142,0.7642273902893066,0.3926805853843689,0.044635504484176636,0.06457062810659409,0.040561970323324203,0.06884434819221497,0.06609706580638885,0.07662180066108704,0.08737418055534363,0.08435176312923431
200,6.666666666666667,,,,insightface_bbox,0.6916197538375854,245.08932495117188,573.4688110351562,1163.540283203125,2336.398681640625,0,0,1,0,0,0,0,0,0,0,0,0,0.07703182846307755,0.07435952126979828,0.7442517280578613,0.35649240016937256,0.04451349377632141,0.06438183039426804,0.039857588708400726,0.06705339252948761,0.06723694503307343,0.07702643424272537,0.08406539261341095,0.08263735473155975
201,6.7,,,,insightface_bbox,0.6916197538375854,245.08932495117188,573.4688110351562,1163.540283203125,2336.398681640625,0,0,1,0,0,0,0,0,0,0,0,0,0.07593037188053131,0.07110320776700974,0.7550269365310669,0.29606300592422485,0.04184255003929138,0.06411859393119812,0.038400426506996155,0.058863528072834015,0.0685780793428421,0.07483409345149994,0.09156076610088348,0.09040562808513641
202,6.733333333333333,,,,insightface_bbox,0.6916197538375854,245.08932495117188,573.4688110351562,1163.540283203125,2336.398681640625,0,0,1,0,0,0,0,0,0,0,0,0,0.09502561390399933,0.07993973791599274,0.7016447186470032,0.3412706255912781,0.04220128431916237,0.07616159319877625,0.04136573523283005,0.06165280193090439,0.07987858355045319,0.07993276417255402,0.12771837413311005,0.11086661368608475
203,6.766666666666667,,,,insightface_bbox,0.6916197538375854,245.08932495117188,573.4688110351562,1163.540283203125,2336.398681640625,0,0,1,0,0,0,0,0,0,0,0,0,0.1067158579826355,0.08597482740879059,0.5245857238769531,0.37917760014533997,0.037146784365177155,0.062451526522636414,0.03486641123890877,0.061473093926906586,0.07863648235797882,0.07684139162302017,0.11810113489627838,0.09845838695764542
204,6.8,,,,insightface_bbox,0.7328312397003174,219.60081481933594,589.6731567382812,1093.9150390625,2511.0595703125,0,0,1,0,0,0,0,0,0,0,0,0,0.10576046258211136,0.08267472684383392,0.516217052936554,0.40839913487434387,0.03573811799287796,0.058848679065704346,0.032440196722745895,0.05179990082979202,0.07614793628454208,0.06537900120019913,0.08806764334440231,0.08360415697097778
205,6.833333333333333,,,,insightface_bbox,0.7328312397003174,219.60081481933594,589.6731567382812,1093.9150390625,2511.0595703125,0,0,1,0,0,0,0,0,0,0,0,0,0.1012178510427475,0.08001427352428436,0.5493183135986328,0.37881824374198914,0.03421451523900032,0.06030911207199097,0.029270248487591743,0.04944688081741333,0.07760223001241684,0.0634758397936821,0.08623436838388443,0.07734818011522293
206,6.866666666666666,,,,insightface_bbox,0.7328312397003174,219.60081481933594,589.6731567382812,1093.9150390625,2511.0595703125,0,0,1,0,0,0,0,0,0,0,0,0,0.07817904651165009,0.06395786255598068,0.5244982242584229,0.27704012393951416,0.027760809287428856,0.04746852070093155,0.02082429826259613,0.04226695001125336,0.0696665346622467,0.05541178584098816,0.06710827350616455,0.06274303048849106
207,6.9,,,,insightface_bbox,0.7328312397003174,219.60081481933594,589.6731567382812,1093.9150390625,2511.0595703125,0,0,1,0,0,0,0,0,0,0,0,0,0.0660553053021431,0.05406796187162399,0.495601624250412,0.2145759016275406,0.02400338463485241,0.04407505691051483,0.017434941604733467,0.03895653784275055,0.06324206292629242,0.0532284677028656,0.07317342609167099,0.0671650618314743
208,6.933333333333334,,,,insightface_bbox,0.7328312397003174,219.60081481933594,589.6731567382812,1093.9150390625,2511.0595703125,0,0,1,0,0,0,0,0,0,0,0,0,0.06723612546920776,0.05594789609313011,0.5961145162582397,0.2349250167608261,0.02691224217414856,0.04873795434832573,0.02148628607392311,0.03982129693031311,0.06339291483163834,0.05457088351249695,0.06697215139865875,0.061785656958818436
209,6.966666666666667,,,,insightface_bbox,0.7328312397003174,219.60081481933594,589.6731567382812,1093.9150390625,2511.0595703125,0,0,1,0,0,0,0,0,0,0,0,0,0.07337303459644318,0.06100384518504143,0.5251885652542114,0.2729988992214203,0.02698112279176712,0.045881349593400955,0.022173456847667694,0.042054370045661926,0.062134839594364166,0.05471790209412575,0.061903033405542374,0.06233145296573639
210,7.0,,,,insightface_bbox,0.7507628798484802,176.2442169189453,578.7258911132812,1073.768798828125,2526.3212890625,0,0,0,0,0,0,0,0,0,0,0,0,0.08687612414360046,0.07107563316822052,0.2738295793533325,0.30351659655570984,0.02477705106139183,0.039886876940727234,0.02382664754986763,0.04324418306350708,0.060750558972358704,0.06425655633211136,0.09073589742183685,0.10125486552715302
211,7.033333333333333,,,,insightface_bbox,0.7507628798484802,176.2442169189453,578.7258911132812,1073.768798828125,2526.3212890625,0,0,0,0,0,0,0,0,0,0,0,0,0.09274540841579437,0.07572227716445923,0.2851666510105133,0.38350480794906616,0.026409722864627838,0.042621489614248276,0.025176696479320526,0.04729627072811127,0.0617179311811924,0.06739296764135361,0.07931120693683624,0.09229764342308044
212,7.066666666666666,,,,insightface_bbox,0.7507628798484802,176.2442169189453,578.7258911132812,1073.768798828125,2526.3212890625,0,0,0,0,0,0,0,0,0,0,0,0,0.09045897424221039,0.07690581679344177,0.25850701332092285,0.4276570677757263,0.02884899452328682,0.04083526134490967,0.028304748237133026,0.05225728452205658,0.06243394315242767,0.0677913948893547,0.08106198906898499,0.08534014225006104
213,7.1,,,,insightface_bbox,0.7507628798484802,176.2442169189453,578.7258911132812,1073.768798828125,2526.3212890625,0,0,0,0,0,0,0,0,0,0,0,0,0.09037892520427704,0.0763622373342514,0.308411180973053,0.41436994075775146,0.02877175435423851,0.04093654826283455,0.027826642617583275,0.05316419526934624,0.06251328438520432,0.06627747416496277,0.07995013147592545,0.08506128191947937
214,7.133333333333334,,,,insightface_bbox,0.7507628798484802,176.2442169189453,578.7258911132812,1073.768798828125,2526.3212890625,0,0,0,0,0,0,0,0,0,0,0,0,0.08398964256048203,0.07148677110671997,0.32010290026664734,0.3632974624633789,0.02756783924996853,0.040504224598407745,0.02566481940448284,0.04968702048063278,0.061181243509054184,0.0634310320019722,0.07453031092882156,0.07777174562215805
215,7.166666666666667,,,,insightface_bbox,0.7507628798484802,176.2442169189453,578.7258911132812,1073.768798828125,2526.3212890625,0,0,0,0,0,0,0,0,0,0,0,0,0.08322446048259735,0.07073304057121277,0.3757711946964264,0.37747281789779663,0.029646925628185272,0.040978677570819855,0.02767809107899666,0.05227057263255119,0.06153571978211403,0.062495335936546326,0.05791686102747917,0.06661316752433777
216,7.2,,,,insightface_bbox,0.7361382842063904,166.63816833496094,589.9554443359375,1087.720458984375,2372.76025390625,0,0,0,0,0,0,0,0,0,0,0,0,0.1030382513999939,0.08810210227966309,0.41595470905303955,0.4990983009338379,0.04072744771838188,0.045653004199266434,0.03817667067050934,0.06435931473970413,0.0666610449552536,0.07324028015136719,0.06342560052871704,0.07203460484743118
217,7.233333333333333,,,,insightface_bbox,0.7361382842063904,166.63816833496094,589.9554443359375,1087.720458984375,2372.76025390625,0,0,0,0,0,0,0,0,0,0,0,0,0.08743314445018768,0.07513459026813507,0.3717871308326721,0.4341866970062256,0.036505889147520065,0.039424169808626175,0.031102631241083145,0.0584377720952034,0.062257032841444016,0.06775300204753876,0.04787306487560272,0.06791075319051743
218,7.266666666666667,,,,insightface_bbox,0.7361382842063904,166.63816833496094,589.9554443359375,1087.720458984375,2372.76025390625,0,0,1,0,0,0,0,0,0,0,0,0,0.08310065418481827,0.07323312759399414,0.47097891569137573,0.3967289328575134,0.03571142256259918,0.04128884896636009,0.030496075749397278,0.05856172740459442,0.06529127806425095,0.06728997826576233,0.04423614963889122,0.06686137616634369
219,7.3,,,,insightface_bbox,0.7361382842063904,166.63816833496094,589.9554443359375,1087.720458984375,2372.76025390625,0,0,1,0,0,0,0,0,0,0,0,0,0.08072341978549957,0.07090338319540024,0.46479129791259766,0.37741440534591675,0.036174554377794266,0.04217156767845154,0.029469043016433716,0.058415912091732025,0.0655798688530922,0.06755751371383667,0.046834107488393784,0.06613199412822723
220,7.333333333333333,,,,insightface_bbox,0.7361382842063904,166.63816833496094,589.9554443359375,1087.720458984375,2372.76025390625,0,0,1,0,0,0,0,0,0,0,0,0,0.08131106197834015,0.07129319757223129,0.48529523611068726,0.3673340678215027,0.03740580752491951,0.04357267543673515,0.03024781495332718,0.059921517968177795,0.0664551854133606,0.06891344487667084,0.05232866480946541,0.06843622028827667
221,7.366666666666666,,,,insightface_bbox,0.7361382842063904,166.63816833496094,589.9554443359375,1087.720458984375,2372.76025390625,0,0,0,0,0,0,0,0,0,0,0,0,0.08172811567783356,0.07208698987960815,0.4480114281177521,0.38530614972114563,0.036295585334300995,0.04232387617230415,0.029415713623166084,0.05942555144429207,0.06473830342292786,0.06868016719818115,0.05151752382516861,0.06875026226043701
222,7.4,,,,insightface_bbox,0.7762851119041443,179.73728942871094,617.6502685546875,1096.4580078125,2396.461181640625,0,0,1,0,0,0,0,0,0,0,0,0,0.07262596487998962,0.06500395387411118,0.4667036235332489,0.3079724609851837,0.0351128876209259,0.045380689203739166,0.031246811151504517,0.05616346001625061,0.06810661405324936,0.06840053200721741,0.057931385934352875,0.07415474951267242
223,7.433333333333334,,,,insightface_bbox,0.7762851119041443,179.73728942871094,617.6502685546875,1096.4580078125,2396.461181640625,0,0,1,0,0,0,0,0,0,0,0,0,0.07289258390665054,0.06456944346427917,0.46460551023483276,0.30853548645973206,0.03568492457270622,0.04583234339952469,0.030735481530427933,0.05676046758890152,0.06889759004116058,0.06937208026647568,0.05448482930660248,0.07290590554475784
224,7.466666666666667,,,,insightface_bbox,0.7762851119041443,179.73728942871094,617.6502685546875,1096.4580078125,2396.461181640625,0,0,1,0,0,0,0,0,0,0,0,0,0.07885941118001938,0.06960992515087128,0.5794031620025635,0.3319345712661743,0.038793113082647324,0.0506213903427124,0.035234879702329636,0.05925077944993973,0.07081591337919235,0.07099906355142593,0.06238430738449097,0.07401248812675476
225,7.5,,,,insightface_bbox,0.7762851119041443,179.73728942871094,617.6502685546875,1096.4580078125,2396.461181640625,0,0,1,0,0,0,0,0,0,0,0,0,0.08888259530067444,0.07752005755901337,0.6300494074821472,0.37746334075927734,0.04224107414484024,0.0553978830575943,0.040653180330991745,0.06374034285545349,0.0716383308172226,0.07373331487178802,0.07862567156553268,0.08421920239925385
226,7.533333333333333,,,,insightface_bbox,0.7762851119041443,179.73728942871094,617.6502685546875,1096.4580078125,2396.461181640625,0,0,1,0,0,0,0,0,0,0,0,0,0.08363794535398483,0.0723353922367096,0.5414268970489502,0.32055917382240295,0.03844301775097847,0.06058058887720108,0.03890923038125038,0.055949002504348755,0.06990557909011841,0.07062680274248123,0.10196627676486969,0.09855674207210541
227,7.566666666666666,,,,insightface_bbox,0.7762851119041443,179.73728942871094,617.6502685546875,1096.4580078125,2396.461181640625,0,0,1,0,0,0,0,0,0,0,0,0,0.09748291224241257,0.07780983299016953,0.7249534130096436,0.34902456402778625,0.042581889778375626,0.08711078017950058,0.04151947796344757,0.057443972676992416,0.07687628269195557,0.07015375792980194,0.09740334749221802,0.08630778640508652
228,7.6,,,,insightface_bbox,0.6980955004692078,258.85400390625,566.2350463867188,1151.1728515625,2528.541259765625,0,0,1,0,0,0,0,0,0,0,0,0,0.08569613844156265,0.06789941340684891,0.5843012928962708,0.27559083700180054,0.03175658360123634,0.056273747235536575,0.02957778237760067,0.04875243082642555,0.07057812064886093,0.06098499521613121,0.057076841592788696,0.0610324963927269
229,7.633333333333334,,,,insightface_bbox,0.6980955004692078,258.85400390625,566.2350463867188,1151.1728515625,2528.541259765625,0,0,1,0,0,0,0,0,0,0,0,0,0.0897040143609047,0.07368061691522598,0.810199499130249,0.31114691495895386,0.03770610690116882,0.06652462482452393,0.03831733390688896,0.0504414327442646,0.07530922442674637,0.06693045794963837,0.0925617665052414,0.07257278263568878
230,7.666666666666667,,,,insightface_bbox,0.6980955004692078,258.85400390625,566.2350463867188,1151.1728515625,2528.541259765625,0,0,1,0,0,0,0,0,0,0,0,0,0.09313534945249557,0.08053790777921677,0.810126781463623,0.3888431489467621,0.04294837266206741,0.06554627418518066,0.041366688907146454,0.052999742329120636,0.07312626391649246,0.07124033570289612,0.09112605452537537,0.07382655888795853
231,7.7,,,,insightface_bbox,0.6980955004692078,258.85400390625,566.2350463867188,1151.1728515625,2528.541259765625,0,0,1,0,0,0,0,0,0,0,0,0,0.07470335066318512,0.06780695170164108,0.8398776054382324,0.28870391845703125,0.04172521084547043,0.05953461676836014,0.03500097244977951,0.05214449018239975,0.07464470714330673,0.0680752620100975,0.08096344769001007,0.066189706325531
232,7.733333333333333,,,,insightface_bbox,0.6980955004692078,258.85400390625,566.2350463867188,1151.1728515625,2528.541259765625,0,0,1,0,0,0,0,0,0,0,0,0,0.06903351098299026,0.06533470749855042,0.8475369215011597,0.2822358012199402,0.039507344365119934,0.06047412380576134,0.034810684621334076,0.050865743309259415,0.07169515639543533,0.06794586032629013,0.07864098995923996,0.07325725257396698
233,7.766666666666667,,,,insightface_bbox,0.6980955004692078,258.85400390625,566.2350463867188,1151.1728515625,2528.541259765625,0,0,1,0,0,0,0,0,0,0,0,0,0.07456750422716141,0.06967420130968094,0.8651595115661621,0.3231866955757141,0.03788767382502556,0.06700114160776138,0.03798576816916466,0.0505177266895771,0.07449562847614288,0.06778638809919357,0.09110554307699203,0.08996807038784027
234,7.8,,,,insightface_bbox,0.7234143614768982,238.41258239746094,598.5613403320312,1113.868408203125,2479.186279296875,0,0,1,0,0,0,0,0,0,0,0,0,0.07580681890249252,0.06364238262176514,0.8507961630821228,0.2688172459602356,0.0368586890399456,0.07615508884191513,0.03549988567829132,0.04368665814399719,0.07913784682750702,0.06309808790683746,0.09671534597873688,0.10198956727981567
235,7.833333333333333,,,,insightface_bbox,0.7234143614768982,238.41258239746094,598.5613403320312,1113.868408203125,2479.186279296875,0,0,1,0,0,0,0,0,0,0,0,0,0.08467230945825577,0.06715203821659088,0.9818994402885437,0.2871001064777374,0.03863801807165146,0.05953352525830269,0.039635781198740005,0.04612863063812256,0.0836314857006073,0.0647972896695137,0.08176745474338531,0.08966101706027985
236,7.866666666666666,,,,insightface_bbox,0.7234143614768982,238.41258239746094,598.5613403320312,1113.868408203125,2479.186279296875,0,0,1,0,0,0,0,0,0,0,0,0,0.0876283347606659,0.07113927602767944,0.8598494529724121,0.28895968198776245,0.03868603706359863,0.05427459254860878,0.0395364984869957,0.04797592759132385,0.08220097422599792,0.06827467679977417,0.10103423148393631,0.09257413446903229
237,7.9,,,,insightface_bbox,0.7234143614768982,238.41258239746094,598.5613403320312,1113.868408203125,2479.186279296875,0,0,1,0,0,0,0,0,0,0,0,0,0.09066145867109299,0.0733615905046463,0.8129953145980835,0.29429084062576294,0.036734696477651596,0.053449198603630066,0.03668975830078125,0.04669972136616707,0.08349062502384186,0.06626518815755844,0.0971376821398735,0.10138873010873795
238,7.933333333333334,,,,insightface_bbox,0.7234143614768982,238.41258239746094,598.5613403320312,1113.868408203125,2479.186279296875,0,0,1,0,0,0,0,0,0,0,0,0,0.08299332112073898,0.0684051662683487,0.8852514028549194,0.2676369547843933,0.03677288442850113,0.056191667914390564,0.035153791308403015,0.04651089012622833,0.08468414843082428,0.06413520127534866,0.10255537182092667,0.09607884287834167
239,7.966666666666667,,,,insightface_bbox,0.7234143614768982,238.41258239746094,598.5613403320312,1113.868408203125,2479.186279296875,0,0,1,0,0,0,0,0,0,0,0,0,0.06194336339831352,0.05390292406082153,0.9578778743743896,0.2025042474269867,0.03270208463072777,0.0433943048119545,0.027188867330551147,0.03898924961686134,0.07594649493694305,0.056687142699956894,0.045610833913087845,0.05592621490359306
240,8.0,,,,insightface_bbox,0.7470731735229492,152.9267120361328,550.1422729492188,1096.487548828125,2375.304931640625,0,0,0,0,0,0,0,0,0,0,0,0,0.08461037278175354,0.07530847191810608,0.32709982991218567,0.429310142993927,0.030321534723043442,0.052051566541194916,0.026787113398313522,0.054442137479782104,0.06632692366838455,0.07441151142120361,0.04438390955328941,0.06949660181999207
241,8.033333333333333,,,,insightface_bbox,0.7470731735229492,152.9267120361328,550.1422729492188,1096.487548828125,2375.304931640625,0,0,0,0,0,0,0,0,0,0,0,0,0.0765686109662056,0.07411903142929077,0.2517588138580322,0.4296426773071289,0.028660891577601433,0.04487849026918411,0.03152823448181152,0.050258733332157135,0.06403066962957382,0.07220056653022766,0.0380394272506237,0.06909752637147903
242,8.066666666666666,,,,insightface_bbox,0.7470731735229492,152.9267120361328,550.1422729492188,1096.487548828125,2375.304931640625,0,0,1,0,0,0,0,0,0,0,0,0,0.07368532568216324,0.0713818147778511,0.40580734610557556,0.33668196201324463,0.02982436493039131,0.048331860452890396,0.031196774914860725,0.050629325211048126,0.07334074378013611,0.07741531729698181,0.0395439974963665,0.07417663186788559
243,8.1,,,,insightface_bbox,0.7470731735229492,152.9267120361328,550.1422729492188,1096.487548828125,2375.304931640625,0,0,1,0,0,0,0,0,0,0,0,0,0.08588720113039017,0.0826621726155281,0.566390872001648,0.3987039625644684,0.03583454713225365,0.06059293448925018,0.04032731056213379,0.05730094015598297,0.08007702231407166,0.08699681609869003,0.04060253128409386,0.07962176203727722
244,8.133333333333333,,,,insightface_bbox,0.7470731735229492,152.9267120361328,550.1422729492188,1096.487548828125,2375.304931640625,0,0,1,0,0,0,0,0,0,0,0,0,0.08316715061664581,0.07886611670255661,0.5502203702926636,0.3975565731525421,0.03685200586915016,0.04984191060066223,0.03420247510075569,0.055135466158390045,0.07828152924776077,0.08137031644582748,0.03316411375999451,0.07112810015678406
245,8.166666666666666,,,,insightface_bbox,0.7470731735229492,152.9267120361328,550.1422729492188,1096.487548828125,2375.304931640625,0,0,1,0,0,0,0,0,0,0,0,0,0.07991379499435425,0.0780283734202385,0.6209615468978882,0.3600139021873474,0.03774961829185486,0.04662627354264259,0.03280871361494064,0.05479325354099274,0.08380413800477982,0.08314390480518341,0.031947992742061615,0.06754104793071747
246,8.2,,,,insightface_bbox,0.7769237756729126,174.56109619140625,589.8798828125,1062.1981201171875,2438.72998046875,0,0,1,0,0,0,0,0,0,0,0,0,0.09343244135379791,0.07621826231479645,0.6153345704078674,0.3548068404197693,0.029100816696882248,0.0525161474943161,0.030398931354284286,0.045397914946079254,0.07733195275068283,0.06754899024963379,0.06589815765619278,0.09286580979824066
247,8.233333333333333,,,,insightface_bbox,0.7769237756729126,174.56109619140625,589.8798828125,1062.1981201171875,2438.72998046875,0,0,1,0,0,0,0,0,0,0,0,0,0.09513012319803238,0.07441955804824829,0.5801802277565002,0.3175288438796997,0.025522327050566673,0.040843263268470764,0.02576805278658867,0.04184997081756592,0.07173524051904678,0.06486213207244873,0.07584585249423981,0.10143055766820908
248,8.266666666666667,,,,insightface_bbox,0.7769237756729126,174.56109619140625,589.8798828125,1062.1981201171875,2438.72998046875,0,0,1,0,0,0,0,0,0,0,0,0,0.09277655929327011,0.07368583977222443,0.5246694087982178,0.30621337890625,0.02526547946035862,0.04226790741086006,0.025517631322145462,0.04241746664047241,0.07289798557758331,0.06696131080389023,0.06546125560998917,0.1019582450389862
249,8.3,,,,insightface_bbox,0.7769237756729126,174.56109619140625,589.8798828125,1062.1981201171875,2438.72998046875,0,0,1,0,0,0,0,0,0,0,0,0,0.08158215880393982,0.07021258771419525,0.45813727378845215,0.3006439805030823,0.026012787595391273,0.044305045157670975,0.025728123262524605,0.042369209229946136,0.07338017225265503,0.07004339247941971,0.04646679386496544,0.08628971129655838
250,8.333333333333334,,,,insightface_bbox,0.7769237756729126,174.56109619140625,589.8798828125,1062.1981201171875,2438.72998046875,0,0,1,0,0,0,0,0,0,0,0,0,0.08558481186628342,0.0698939710855484,0.4333479702472687,0.282846599817276,0.0253921952098608,0.0434265211224556,0.02792811021208763,0.04211694747209549,0.07337147742509842,0.07083588093519211,0.05647124722599983,0.0946158841252327
251,8.366666666666667,,,,insightface_bbox,0.7769237756729126,174.56109619140625,589.8798828125,1062.1981201171875,2438.72998046875,0,0,1,0,0,0,0,0,0,0,0,0,0.0809311792254448,0.06395810842514038,0.4440018832683563,0.24021847546100616,0.023939520120620728,0.04290750250220299,0.026340190321207047,0.03962060064077377,0.0734512209892273,0.06801438331604004,0.05961037427186966,0.0923253670334816
252,8.4,,,,insightface_bbox,0.7381766438484192,155.8612823486328,593.6263427734375,1046.601318359375,2516.54443359375,0,0,1,0,0,0,0,0,0,0,0,0,0.08031449466943741,0.06167834997177124,0.46289777755737305,0.20919451117515564,0.022705422714352608,0.04523932561278343,0.0276186503469944,0.03911490738391876,0.0722152590751648,0.07060901075601578,0.07513515651226044,0.10600816458463669
253,8.433333333333334,,,,insightface_bbox,0.7381766438484192,155.8612823486328,593.6263427734375,1046.601318359375,2516.54443359375,0,0,1,0,0,0,0,0,0,0,0,0,0.07372091710567474,0.056865159422159195,0.4983546733856201,0.18635091185569763,0.0244220569729805,0.04703216627240181,0.02674110233783722,0.03865160048007965,0.07297047227621078,0.06645508110523224,0.07159481197595596,0.09423547238111496
254,8.466666666666667,,,,insightface_bbox,0.7381766438484192,155.8612823486328,593.6263427734375,1046.601318359375,2516.54443359375,0,0,1,0,0,0,0,0,0,0,0,0,0.07278893887996674,0.056230783462524414,0.5695363283157349,0.18763640522956848,0.025351498275995255,0.04796557500958443,0.026657626032829285,0.038122352212667465,0.07122945040464401,0.06349950283765793,0.06706415116786957,0.08461429923772812
255,8.5,,,,insightface_bbox,0.7381766438484192,155.8612823486328,593.6263427734375,1046.601318359375,2516.54443359375,0,0,1,0,0,0,0,0,0,0,0,0,0.0761852040886879,0.05845840647816658,0.6684415936470032,0.1979885846376419,0.02503984607756138,0.050478991121053696,0.02712887153029442,0.03758241981267929,0.06756965070962906,0.0591256320476532,0.07810983061790466,0.08218694478273392
256,8.533333333333333,,,,insightface_bbox,0.7381766438484192,155.8612823486328,593.6263427734375,1046.601318359375,2516.54443359375,0,0,1,0,0,0,0,0,0,0,0,0,0.08097317814826965,0.06349950283765793,0.6449205279350281,0.2569538354873657,0.02984795533120632,0.05289537459611893,0.0309724360704422,0.041375476866960526,0.06785503774881363,0.0609879270195961,0.07296926528215408,0.0824589729309082
257,8.566666666666666,,,,insightface_bbox,0.7381766438484192,155.8612823486328,593.6263427734375,1046.601318359375,2516.54443359375,0,0,1,0,0,0,0,0,0,0,0,0,0.08231867104768753,0.06601320207118988,0.6320753693580627,0.2788234353065491,0.03110140562057495,0.0561421699821949,0.03310859575867653,0.04248635470867157,0.06876949965953827,0.06094410642981529,0.0740487277507782,0.07905318588018417
258,8.6,,,,insightface_bbox,0.7776669263839722,178.26768493652344,605.167236328125,1089.177490234375,2428.256103515625,0,0,1,0,0,0,0,0,0,0,0,0,0.08023946732282639,0.07032865285873413,0.7916842699050903,0.3131665289402008,0.03243722766637802,0.05861777812242508,0.03656406328082085,0.05134831741452217,0.07725568860769272,0.06628090143203735,0.0882500484585762,0.07679674029350281
259,8.633333333333333,,,,insightface_bbox,0.7776669263839722,178.26768493652344,605.167236328125,1089.177490234375,2428.256103515625,0,0,1,0,0,0,0,0,0,0,0,0,0.08770308643579483,0.07641395926475525,0.906485915184021,0.3310008645057678,0.03524746000766754,0.05934065580368042,0.0408528670668602,0.05506494641304016,0.07966485619544983,0.07009448111057281,0.09880878776311874,0.08114055544137955
260,8.666666666666666,,,,insightface_bbox,0.7776669263839722,178.26768493652344,605.167236328125,1089.177490234375,2428.256103515625,0,0,1,0,0,0,0,0,0,0,0,0,0.1028980016708374,0.08583743125200272,0.7204139232635498,0.4212043881416321,0.03443261235952377,0.0560058057308197,0.04117877036333084,0.0564061664044857,0.07869286835193634,0.07477904111146927,0.08692372590303421,0.09304176270961761
261,8.7,,,,insightface_bbox,0.7776669263839722,178.26768493652344,605.167236328125,1089.177490234375,2428.256103515625,0,0,1,0,0,0,0,0,0,0,0,0,0.09892713278532028,0.08066122233867645,0.6492476463317871,0.34957075119018555,0.03573222830891609,0.062124691903591156,0.039850540459156036,0.053878843784332275,0.0807562917470932,0.07801057398319244,0.09845609962940216,0.10499119013547897
262,8.733333333333333,,,,insightface_bbox,0.7776669263839722,178.26768493652344,605.167236328125,1089.177490234375,2428.256103515625,0,0,1,0,0,0,0,0,0,0,0,0,0.10150940716266632,0.08235964924097061,0.6193769574165344,0.3498096466064453,0.03643167391419411,0.060778580605983734,0.03888332098722458,0.052250105887651443,0.07858461141586304,0.075770303606987,0.09896789491176605,0.10378602892160416
263,8.766666666666667,,,,insightface_bbox,0.7776669263839722,178.26768493652344,605.167236328125,1089.177490234375,2428.256103515625,0,0,1,0,0,0,0,0,0,0,0,0,0.12459181994199753,0.09843770414590836,0.6444010138511658,0.500552773475647,0.03963598981499672,0.06664946675300598,0.044839970767498016,0.057634007185697556,0.07826870679855347,0.07733701169490814,0.1299154907464981,0.11215604096651077
264,8.8,,,,insightface_bbox,0.7824843525886536,178.1741485595703,573.8408813476562,1096.91796875,2437.72900390625,0,0,1,0,0,0,0,0,0,0,0,0,0.11683481931686401,0.09781376272439957,0.8226203918457031,0.5245591402053833,0.04290525242686272,0.06532668322324753,0.049668628722429276,0.06513015180826187,0.07746428996324539,0.08036032319068909,0.12141364812850952,0.09638682752847672
265,8.833333333333334,,,,insightface_bbox,0.7824843525886536,178.1741485595703,573.8408813476562,1096.91796875,2437.72900390625,0,0,1,0,0,0,0,0,0,0,0,0,0.10593043267726898,0.0911744013428688,0.8427778482437134,0.44511693716049194,0.045649513602256775,0.06574450433254242,0.05042172223329544,0.06415198743343353,0.08236393332481384,0.07892080396413803,0.09572753310203552,0.08190557360649109
266,8.866666666666667,,,,insightface_bbox,0.7824843525886536,178.1741485595703,573.8408813476562,1096.91796875,2437.72900390625,0,0,1,0,0,0,0,0,0,0,0,0,0.12165907025337219,0.10354972630739212,0.7310523986816406,0.5792420506477356,0.042969368398189545,0.06162022799253464,0.04645184427499771,0.06416983157396317,0.07605355978012085,0.07785184681415558,0.0934939906001091,0.08377448469400406
267,8.9,,,,insightface_bbox,0.7824843525886536,178.1741485595703,573.8408813476562,1096.91796875,2437.72900390625,0,0,1,0,0,0,0,0,0,0,0,0,0.13329924643039703,0.11168186366558075,0.6742391586303711,0.6464853286743164,0.04342266172170639,0.05890650302171707,0.047088827937841415,0.06506936252117157,0.07223297655582428,0.0781182199716568,0.09283067286014557,0.08815769851207733
268,8.933333333333334,,,,insightface_bbox,0.7824843525886536,178.1741485595703,573.8408813476562,1096.91796875,2437.72900390625,0,0,1,0,0,0,0,0,0,0,0,0,0.12828083336353302,0.1075088381767273,0.67547607421875,0.6259233355522156,0.043094322085380554,0.05835874006152153,0.0447261743247509,0.0645911768078804,0.0699351578950882,0.07592995464801788,0.08449681103229523,0.08273743838071823
269,8.966666666666667,,,,insightface_bbox,0.7824843525886536,178.1741485595703,573.8408813476562,1096.91796875,2437.72900390625,0,0,1,0,0,0,0,0,0,0,0,0,0.1262926459312439,0.10786839574575424,0.7587116360664368,0.6058938503265381,0.04431876540184021,0.06112133711576462,0.04637078940868378,0.06702633202075958,0.07213179767131805,0.0779380276799202,0.08596412092447281,0.0807054340839386
270,9.0,,,,insightface_bbox,0.7368741631507874,180.2072296142578,575.2108764648438,1083.61767578125,2368.3095703125,0,0,1,0,0,0,0,0,0,0,0,0,0.11588555574417114,0.09659862518310547,0.7756656408309937,0.5332282781600952,0.04440594092011452,0.06362809240818024,0.04610738903284073,0.06585798412561417,0.07802136987447739,0.07962153106927872,0.07838419079780579,0.07489922642707825
271,9.033333333333333,,,,insightface_bbox,0.7368741631507874,180.2072296142578,575.2108764648438,1083.61767578125,2368.3095703125,0,0,1,0,0,0,0,0,0,0,0,0,0.10330718010663986,0.09046948701143265,0.8979306221008301,0.47653284668922424,0.04456346482038498,0.06627800315618515,0.047594573348760605,0.06405961513519287,0.07882626354694366,0.07857690751552582,0.08667246252298355,0.07280340790748596
272,9.066666666666666,,,,insightface_bbox,0.7368741631507874,180.2072296142578,575.2108764648438,1083.61767578125,2368.3095703125,0,0,1,0,0,0,0,0,0,0,0,0,0.09326715022325516,0.0842479020357132,0.9527793526649475,0.431609570980072,0.04525020718574524,0.0664403960108757,0.049149513244628906,0.06293031573295593,0.0798710510134697,0.07774213701486588,0.08628397434949875,0.0698058232665062
273,9.1,,,,insightface_bbox,0.7368741631507874,180.2072296142578,575.2108764648438,1083.61767578125,2368.3095703125,0,0,1,0,0,0,0,0,0,0,0,0,0.08918444812297821,0.08084996789693832,0.9425932765007019,0.40118321776390076,0.0434751994907856,0.06601739674806595,0.046548061072826385,0.06104673445224762,0.07945720106363297,0.07540970295667648,0.08560030162334442,0.06799832731485367
274,9.133333333333333,,,,insightface_bbox,0.7368741631507874,180.2072296142578,575.2108764648438,1083.61767578125,2368.3095703125,0,0,1,0,0,0,0,0,0,0,0,0,0.0971047580242157,0.08549679815769196,0.8319041728973389,0.44857609272003174,0.04231465607881546,0.06350255757570267,0.04371313750743866,0.06315577775239944,0.07739188522100449,0.07486743479967117,0.08101314306259155,0.06724580377340317
275,9.166666666666666,,,,insightface_bbox,0.7368741631507874,180.2072296142578,575.2108764648438,1083.61767578125,2368.3095703125,0,0,1,0,0,0,0,0,0,0,0,0,0.09845970571041107,0.08566425740718842,0.836370050907135,0.4562842547893524,0.040411822497844696,0.06440584361553192,0.0437435582280159,0.06267960369586945,0.07662878185510635,0.0735495388507843,0.09064346551895142,0.07060901075601578
276,9.2,,,,insightface_bbox,0.7043192386627197,194.51815795898438,578.7062377929688,1102.419189453125,2370.661376953125,0,0,1,0,0,0,0,0,0,0,0,0,0.10923399776220322,0.09143619239330292,0.7703295350074768,0.4924776554107666,0.03990507125854492,0.06386370211839676,0.04274975508451462,0.06088823825120926,0.0748962014913559,0.07266832888126373,0.08010923117399216,0.06856047362089157
277,9.233333333333333,,,,insightface_bbox,0.7043192386627197,194.51815795898438,578.7062377929688,1102.419189453125,2370.661376953125,0,0,1,0,0,0,0,0,0,0,0,0,0.11002355068922043,0.0921688824892044,0.7346009016036987,0.4906284511089325,0.039770882576704025,0.06442679464817047,0.04188509285449982,0.06156116724014282,0.0753440260887146,0.07367715984582901,0.08231840282678604,0.07012919336557388
278,9.266666666666667,,,,insightface_bbox,0.7043192386627197,194.51815795898438,578.7062377929688,1102.419189453125,2370.661376953125,0,0,1,0,0,0,0,0,0,0,0,0,0.09848232567310333,0.08287236839532852,0.7087600827217102,0.42526352405548096,0.0378035344183445,0.06239571049809456,0.03850376605987549,0.05912794917821884,0.07442256063222885,0.0714428648352623,0.07445557415485382,0.06433996558189392
279,9.3,,,,insightface_bbox,0.7043192386627197,194.51815795898438,578.7062377929688,1102.419189453125,2370.661376953125,0,0,1,0,0,0,0,0,0,0,0,0,0.0941341370344162,0.07806353271007538,0.6729943156242371,0.3994285762310028,0.03736313432455063,0.06045648455619812,0.03642596676945686,0.05865689739584923,0.07297932356595993,0.07058451324701309,0.06806985288858414,0.061080098152160645
280,9.333333333333334,,,,insightface_bbox,0.7043192386627197,194.51815795898438,578.7062377929688,1102.419189453125,2370.661376953125,0,0,1,0,0,0,0,0,0,0,0,0,0.09024999290704727,0.07401999831199646,0.6687244772911072,0.3716503083705902,0.036873869597911835,0.059007152915000916,0.03474096953868866,0.057284899055957794,0.07279711216688156,0.0697590708732605,0.06493359804153442,0.05834798514842987
281,9.366666666666667,,,,insightface_bbox,0.7043192386627197,194.51815795898438,578.7062377929688,1102.419189453125,2370.661376953125,0,0,1,0,0,0,0,0,0,0,0,0,0.09093430638313293,0.07504790276288986,0.6855257749557495,0.3776887357234955,0.03698356822133064,0.05740087851881981,0.03464479371905327,0.05718197301030159,0.07347500324249268,0.06960105150938034,0.06200961768627167,0.05861271172761917
282,9.4,,,,insightface_bbox,0.7248941659927368,184.73736572265625,582.053466796875,1096.4219970703125,2359.5908203125,0,0,1,0,0,0,0,0,0,0,0,0,0.08383915573358536,0.0719989687204361,0.6855249404907227,0.3535689115524292,0.034985098987817764,0.052881672978401184,0.03340960294008255,0.05416776239871979,0.07102764397859573,0.06909216940402985,0.05554334074258804,0.05967103689908981
283,9.433333333333334,,,,insightface_bbox,0.7248941659927368,184.73736572265625,582.053466796875,1096.4219970703125,2359.5908203125,0,0,1,0,0,0,0,0,0,0,0,0,0.08040647953748703,0.0691598504781723,0.7265719771385193,0.34405115246772766,0.03491531312465668,0.053053952753543854,0.032669711858034134,0.05349336192011833,0.07044390588998795,0.06740206480026245,0.050985924899578094,0.05680321902036667
284,9.466666666666667,,,,insightface_bbox,0.7248941659927368,184.73736572265625,582.053466796875,1096.4219970703125,2359.5908203125,0,0,1,0,0,0,0,0,0,0,0,0,0.07971402257680893,0.06856904923915863,0.770530104637146,0.3341972827911377,0.035601697862148285,0.05416196584701538,0.03423621505498886,0.05319485440850258,0.07110397517681122,0.06772400438785553,0.05478713661432266,0.058159489184617996
285,9.5,,,,insightface_bbox,0.7248941659927368,184.73736572265625,582.053466796875,1096.4219970703125,2359.5908203125,0,0,1,0,0,0,0,0,0,0,0,0,0.08137482404708862,0.06963503360748291,0.7860315442085266,0.3370439410209656,0.035527680069208145,0.05319533497095108,0.03504975140094757,0.053389772772789,0.07102730870246887,0.06843824684619904,0.056482795625925064,0.05997175723314285
286,9.533333333333333,,,,insightface_bbox,0.7248941659927368,184.73736572265625,582.053466796875,1096.4219970703125,2359.5908203125,0,0,1,0,0,0,0,0,0,0,0,0,0.08487863838672638,0.07200644165277481,0.7506852149963379,0.35144543647766113,0.03470691293478012,0.052574314177036285,0.03538157418370247,0.052928902208805084,0.07135585695505142,0.06874117255210876,0.05560186132788658,0.06253789365291595
287,9.566666666666666,,,,insightface_bbox,0.7248941659927368,184.73736572265625,582.053466796875,1096.4219970703125,2359.5908203125,0,0,1,0,0,0,0,0,0,0,0,0,0.08635419607162476,0.07228989154100418,0.7017589211463928,0.3471217751502991,0.03228447213768959,0.049737922847270966,0.03287102282047272,0.050933804363012314,0.07128829509019852,0.06730460375547409,0.051644664257764816,0.062218524515628815
288,9.6,,,,insightface_bbox,0.7745094299316406,160.94683837890625,588.8082275390625,1077.9747314453125,2422.56591796875,0,0,1,0,0,0,0,0,0,0,0,0,0.09278728067874908,0.0765489786863327,0.7704421281814575,0.35454660654067993,0.0332445427775383,0.05317016690969467,0.03677128255367279,0.0521569699048996,0.07567819952964783,0.07100413739681244,0.052270594984292984,0.06913971900939941
289,9.633333333333333,,,,insightface_bbox,0.7745094299316406,160.94683837890625,588.8082275390625,1077.9747314453125,2422.56591796875,0,0,1,0,0,0,0,0,0,0,0,0,0.10543850064277649,0.08510474860668182,0.7416915893554688,0.4186047315597534,0.03283446654677391,0.055630676448345184,0.039508748799562454,0.051391106098890305,0.0742553249001503,0.07092065364122391,0.056304723024368286,0.07683034241199493
290,9.666666666666666,,,,insightface_bbox,0.7745094299316406,160.94683837890625,588.8082275390625,1077.9747314453125,2422.56591796875,0,0,1,0,0,0,0,0,0,0,0,0,0.1055198460817337,0.0847122073173523,0.7297019958496094,0.40846556425094604,0.03638503700494766,0.04885087162256241,0.03945744037628174,0.05093558132648468,0.0747450441122055,0.06987021118402481,0.052060067653656006,0.07397119700908661
291,9.7,,,,insightface_bbox,0.7745094299316406,160.94683837890625,588.8082275390625,1077.9747314453125,2422.56591796875,0,0,1,0,0,0,0,0,0,0,0,0,0.1131693571805954,0.09061013162136078,0.7379758954048157,0.44801872968673706,0.03865032643079758,0.05174912512302399,0.041832324117422104,0.05236949399113655,0.07800060510635376,0.07286490499973297,0.047060392796993256,0.07340316474437714
292,9.733333333333333,,,,insightface_bbox,0.7745094299316406,160.94683837890625,588.8082275390625,1077.9747314453125,2422.56591796875,0,0,1,0,0,0,0,0,0,0,0,0,0.09040236473083496,0.07426592707633972,0.5999188423156738,0.32739102840423584,0.035257186740636826,0.047049280256032944,0.03239559754729271,0.046675905585289,0.07651527971029282,0.07112767547369003,0.04616554081439972,0.06855550408363342
293,9.766666666666667,,,,insightface_bbox,0.7745094299316406,160.94683837890625,588.8082275390625,1077.9747314453125,2422.56591796875,0,0,1,0,0,0,0,0,0,0,0,0,0.08783493936061859,0.0716930627822876,0.4858677387237549,0.29702329635620117,0.03424426168203354,0.047213975340127945,0.030613020062446594,0.047096461057662964,0.07983647286891937,0.07437583804130554,0.050498612225055695,0.07535726577043533
294,9.8,,,,insightface_bbox,0.7562134861946106,136.38900756835938,560.5587158203125,1056.0281982421875,2557.42138671875,0,0,0,0,0,0,0,0,0,0,0,0,0.10011982172727585,0.08137684315443039,0.3364870250225067,0.36542099714279175,0.033906564116477966,0.04541981965303421,0.02813553623855114,0.05015701428055763,0.0827900692820549,0.07690437138080597,0.043928712606430054,0.0754353404045105
295,9.833333333333334,,,,insightface_bbox,0.7562134861946106,136.38900756835938,560.5587158203125,1056.0281982421875,2557.42138671875,0,0,0,0,0,0,0,0,0,0,0,0,0.0970975011587143,0.07877341657876968,0.37507355213165283,0.3508410155773163,0.033943455666303635,0.04767509177327156,0.03033655881881714,0.05160137265920639,0.0833309069275856,0.0776037722826004,0.051146045327186584,0.08013810217380524
296,9.866666666666667,,,,insightface_bbox,0.7562134861946106,136.38900756835938,560.5587158203125,1056.0281982421875,2557.42138671875,0,0,0,0,0,0,0,0,0,0,0,0,0.09150479733943939,0.07561162859201431,0.37190747261047363,0.33127620816230774,0.03393244743347168,0.04831673204898834,0.029966702684760094,0.05077023059129715,0.08235369622707367,0.07795160263776779,0.04378385841846466,0.0741661861538887
297,9.9,,,,insightface_bbox,0.7562134861946106,136.38900756835938,560.5587158203125,1056.0281982421875,2557.42138671875,0,0,1,0,0,0,0,0,0,0,0,0,0.08864358067512512,0.07620416581630707,0.40568438172340393,0.31435638666152954,0.03415801376104355,0.04798567295074463,0.029890570789575577,0.049757324159145355,0.07954887300729752,0.07683002203702927,0.03725676238536835,0.06458424031734467
298,9.933333333333334,,,,insightface_bbox,0.7562134861946106,136.38900756835938,560.5587158203125,1056.0281982421875,2557.42138671875,0,0,1,0,0,0,0,0,0,0,0,0,0.08600570261478424,0.07454691082239151,0.5043650269508362,0.30319494009017944,0.03518318012356758,0.04661993682384491,0.03165176510810852,0.048303090035915375,0.07714861631393433,0.07310493290424347,0.03591693937778473,0.060109030455350876
299,9.966666666666667,,,,insightface_bbox,0.7562134861946106,136.38900756835938,560.5587158203125,1056.0281982421875,2557.42138671875,0,0,1,0,0,0,0,0,0,0,0,0,0.09321990609169006,0.07769760489463806,0.5200405716896057,0.35702911019325256,0.03615459427237511,0.04466627165675163,0.02938901074230671,0.05333179607987404,0.07709116488695145,0.07375948131084442,0.028382718563079834,0.05575123429298401
300,10.0,,,,insightface_bbox,0.7338628172874451,132.1626739501953,543.8147583007812,1089.56005859375,2396.723876953125,0,0,0,0,0,0,0,0,0,0,0,0,0.05737878009676933,0.046952325850725174,0.14088216423988342,0.22298523783683777,0.017960235476493835,0.02574945241212845,0.01364805642515421,0.04194676876068115,0.06324058771133423,0.06435047090053558,0.014224791899323463,0.04372677952051163
301,10.033333333333333,,,,insightface_bbox,0.7338628172874451,132.1626739501953,543.8147583007812,1089.56005859375,2396.723876953125,0,0,0,0,0,0,0,0,0,0,0,0,0.05781368911266327,0.047206636518239975,0.1661415696144104,0.22743335366249084,0.019443491473793983,0.02638556994497776,0.014293118380010128,0.041930608451366425,0.06259466707706451,0.06342673301696777,0.015348359011113644,0.04263404384255409
302,10.066666666666666,,,,insightface_bbox,0.7338628172874451,132.1626739501953,543.8147583007812,1089.56005859375,2396.723876953125,0,0,0,0,0,0,0,0,0,0,0,0,0.05484253168106079,0.04419180750846863,0.15116266906261444,0.20650266110897064,0.018376097083091736,0.025206254795193672,0.013150042854249477,0.041040174663066864,0.06454446166753769,0.06303867697715759,0.013295713812112808,0.04145689308643341
