frame_idx,frame_time_in_ms,pitch,yaw,roll,face_alignment_method,face_detection_score,face_bbox_xmin,face_bbox_ymin,face_bbox_xmax,face_bbox_ymax,au_1,au_2,au_4,au_6,au_7,au_10,au_12,au_14,au_15,au_17,au_23,au_24,au_1_intensity,au_2_intensity,au_4_intensity,au_5_intensity,au_6_intensity,au_9_intensity,au_12_intensity,au_15_intensity,au_17_intensity,au_20_intensity,au_25_intensity,au_26_intensity
0,0.0,,,,insightface_bbox,0.709771454334259,0.0,476.3647766113281,906.6708374023438,2268.07275390625,0,0,0,0,0,0,0,0,0,0,0,0,0.0477454848587513,0.02606050856411457,0.11657030880451202,0.04076257720589638,0.012630876153707504,0.02273462526500225,0.02941395901143551,0.039523012936115265,0.09202723205089569,0.08421169221401215,0.017906593158841133,0.04458693414926529
1,0.03333333333333333,,,,insightface_bbox,0.709771454334259,0.0,476.3647766113281,906.6708374023438,2268.07275390625,0,0,0,0,0,0,0,0,0,0,0,0,0.06275777518749237,0.047606419771909714,0.23718805611133575,0.1053154319524765,0.01912204548716545,0.03213801980018616,0.034161001443862915,0.0547584593296051,0.08798612654209137,0.07653959840536118,0.020982546731829643,0.04928075149655342
2,0.06666666666666667,,,,insightface_bbox,0.709771454334259,0.0,476.3647766113281,906.6708374023438,2268.07275390625,0,0,1,0,0,0,0,0,0,0,0,0,0.060070984065532684,0.04287029802799225,0.2946070730686188,0.07776645570993423,0.020165348425507545,0.033771585673093796,0.045248642563819885,0.04435587301850319,0.080279640853405,0.07161672413349152,0.022946607321500778,0.05368560925126076
3,0.1,,,,insightface_bbox,0.709771454334259,0.0,476.3647766113281,906.6708374023438,2268.07275390625,0,0,0,0,0,0,0,0,0,0,0,0,0.06852968782186508,0.04869572073221207,0.2546645998954773,0.09816169738769531,0.021113278344273567,0.03230927512049675,0.0487397238612175,0.04723735153675079,0.08564411103725433,0.07434694468975067,0.020140711218118668,0.056929804384708405
4,0.13333333333333333,,,,insightface_bbox,0.709771454334259,0.0,476.3647766113281,906.6708374023438,2268.07275390625,0,0,0,0,0,0,0,0,0,0,0,0,0.07679161429405212,0.05798301100730896,0.2528288662433624,0.1276118904352188,0.02407645434141159,0.03575253486633301,0.0536578893661499,0.05026502534747124,0.08625014126300812,0.07673034071922302,0.029031507670879364,0.06774771958589554
5,0.16666666666666666,,,,insightface_bbox,0.709771454334259,0.0,476.3647766113281,906.6708374023438,2268.07275390625,0,0,0,0,0,0,0,0,0,0,0,0,0.07255017012357712,0.05424022302031517,0.2482193410396576,0.11510636657476425,0.023899134248495102,0.03472112864255905,0.05466758459806442,0.046987004578113556,0.08520733565092087,0.07281404733657837,0.026778556406497955,0.06439858675003052
6,0.2,,,,insightface_bbox,0.6914873123168945,0.0,476.5464172363281,887.5297241210938,2289.6025390625,0,0,1,0,0,0,0,0,0,0,0,0,0.07942436635494232,0.060232363641262054,0.3559480607509613,0.13981430232524872,0.024148814380168915,0.04377433657646179,0.06756914407014847,0.055580995976924896,0.09237764775753021,0.07829079031944275,0.04011694714426994,0.08882428705692291
7,0.23333333333333334,,,,insightface_bbox,0.6914873123168945,0.0,476.5464172363281,887.5297241210938,2289.6025390625,0,0,1,0,0,0,0,0,0,0,0,0,0.07086259126663208,0.05204355716705322,0.40870165824890137,0.11157596111297607,0.024773642420768738,0.044810544699430466,0.07194694131612778,0.05550823360681534,0.09185771644115448,0.07896026968955994,0.04087131470441818,0.08990254998207092
8,0.26666666666666666,,,,insightface_bbox,0.6914873123168945,0.0,476.5464172363281,887.5297241210938,2289.6025390625,0,0,1,0,0,0,0,0,0,0,0,0,0.07283827662467957,0.05121114104986191,0.46240174770355225,0.10668159276247025,0.026127371937036514,0.04653409868478775,0.07402567565441132,0.05298667028546333,0.08820979297161102,0.0758187398314476,0.04158821329474449,0.08482672274112701
9,0.3,,,,insightface_bbox,0.6914873123168945,0.0,476.5464172363281,887.5297241210938,2289.6025390625,0,0,1,0,0,0,0,0,0,0,0,0,0.06799080967903137,0.04516134411096573,0.46103304624557495,0.08904346078634262,0.024174703285098076,0.044697269797325134,0.06727316975593567,0.0505896732211113,0.08515491336584091,0.07344301044940948,0.037817638367414474,0.07828190177679062
10,0.3333333333333333,,,,insightface_bbox,0.6914873123168945,0.0,476.5464172363281,887.5297241210938,2289.6025390625,0,0,1,0,0,0,0,0,0,0,0,0,0.07141276448965073,0.04731964319944382,0.49386632442474365,0.09565429389476776,0.024913497269153595,0.04777638614177704,0.06814295053482056,0.05341227352619171,0.0862262025475502,0.0761011391878128,0.039032045751810074,0.07934534549713135
11,0.36666666666666664,,,,insightface_bbox,0.6914873123168945,0.0,476.5464172363281,887.5297241210938,2289.6025390625,0,0,1,0,0,0,0,0,0,0,0,0,0.07150105386972427,0.04736103117465973,0.5113800764083862,0.09425517171621323,0.024880271404981613,0.048122771084308624,0.06890469044446945,0.05280698090791702,0.0860140472650528,0.07665005326271057,0.041929375380277634,0.08213657140731812
12,0.4,,,,insightface_bbox,0.7197409272193909,0.0,489.029541015625,875.1142578125,2241.195068359375,0,0,1,0,0,0,0,0,0,0,0,0,0.061006344854831696,0.03575346618890762,0.505034863948822,0.04927968233823776,0.020138006657361984,0.04374902322888374,0.05562441051006317,0.039675064384937286,0.08385555446147919,0.0653446689248085,0.05270279198884964,0.0784924253821373
13,0.43333333333333335,,,,insightface_bbox,0.7197409272193909,0.0,489.029541015625,875.1142578125,2241.195068359375,0,0,1,0,1,0,0,0,0,0,0,0,0.0610479936003685,0.03570961579680443,0.5588250756263733,0.049809474498033524,0.021699246019124985,0.04630411043763161,0.06123564764857292,0.039586540311574936,0.08292053639888763,0.06688681989908218,0.05731884762644768,0.08262084424495697
14,0.4666666666666667,,,,insightface_bbox,0.7197409272193909,0.0,489.029541015625,875.1142578125,2241.195068359375,0,0,1,0,1,0,0,0,0,0,0,0,0.06141408532857895,0.036121249198913574,0.5490834712982178,0.049475349485874176,0.02140713483095169,0.045433834195137024,0.058359283953905106,0.039585042744874954,0.08315260708332062,0.06625346094369888,0.05588122084736824,0.08270419389009476
15,0.5,,,,insightface_bbox,0.7197409272193909,0.0,489.029541015625,875.1142578125,2241.195068359375,0,0,1,0,1,0,0,0,0,0,0,0,0.06116225942969322,0.03603776544332504,0.5573595762252808,0.048840608447790146,0.02145279198884964,0.04564233124256134,0.05617956072092056,0.04011021554470062,0.08432634174823761,0.06704484671354294,0.053264036774635315,0.08082728832960129
16,0.5333333333333333,,,,insightface_bbox,0.7197409272193909,0.0,489.029541015625,875.1142578125,2241.195068359375,0,0,1,0,1,0,0,0,0,0,0,0,0.061533309519290924,0.036328695714473724,0.5720480680465698,0.049242377281188965,0.02155432477593422,0.04611235484480858,0.05442637577652931,0.040788497775793076,0.08481893688440323,0.06861694902181625,0.053200628608465195,0.08072035014629364
17,0.5666666666666667,,,,insightface_bbox,0.7197409272193909,0.0,489.029541015625,875.1142578125,2241.195068359375,0,0,1,0,0,0,0,0,0,0,0,0,0.060865387320518494,0.03567800298333168,0.5611340403556824,0.04824021831154823,0.020133834332227707,0.04472266510128975,0.04874540865421295,0.04047274589538574,0.08290331810712814,0.06711471080780029,0.04968547075986862,0.07576289772987366
18,0.6,,,,insightface_bbox,0.7171329259872437,0.0,510.7274475097656,888.2045288085938,2252.39892578125,0,0,1,0,0,0,0,0,0,0,0,0,0.06306304782629013,0.040230829268693924,0.5397853851318359,0.06589791178703308,0.022858327254652977,0.04833678901195526,0.05388553813099861,0.047187019139528275,0.08639506995677948,0.07514490187168121,0.047619372606277466,0.08566654473543167
19,0.6333333333333333,,,,insightface_bbox,0.7171329259872437,0.0,510.7274475097656,888.2045288085938,2252.39892578125,0,0,1,0,0,0,0,0,0,0,0,0,0.06929637491703033,0.044984884560108185,0.5999197959899902,0.08065558224916458,0.02474510669708252,0.052513401955366135,0.05749828740954399,0.052419304847717285,0.09318247437477112,0.0802011787891388,0.049791328608989716,0.09005249291658401
20,0.6666666666666666,,,,insightface_bbox,0.7171329259872437,0.0,510.7274475097656,888.2045288085938,2252.39892578125,0,0,1,0,0,0,0,0,0,0,0,0,0.07005138695240021,0.04532163590192795,0.5976565480232239,0.08201371133327484,0.025143738836050034,0.05376584455370903,0.05677815526723862,0.05323266237974167,0.09527835994958878,0.07936787605285645,0.05200406163930893,0.0913584902882576
21,0.7,,,,insightface_bbox,0.7171329259872437,0.0,510.7274475097656,888.2045288085938,2252.39892578125,0,0,1,0,0,0,0,0,0,0,0,0,0.07132063806056976,0.047333233058452606,0.5623573660850525,0.09219572693109512,0.025152496993541718,0.055731866508722305,0.05787990987300873,0.05729008466005325,0.09789332747459412,0.08151273429393768,0.05433175340294838,0.0954398512840271
22,0.7333333333333333,,,,insightface_bbox,0.7171329259872437,0.0,510.7274475097656,888.2045288085938,2252.39892578125,0,0,1,0,0,0,0,0,0,0,0,0,0.07089178264141083,0.04821298271417618,0.6082230806350708,0.09743586927652359,0.0247377697378397,0.056752920150756836,0.057925596833229065,0.05913683772087097,0.09869572520256042,0.08198782056570053,0.05874262750148773,0.0980183407664299
23,0.7666666666666667,,,,insightface_bbox,0.7171329259872437,0.0,510.7274475097656,888.2045288085938,2252.39892578125,0,0,1,0,0,0,0,0,0,0,0,0,0.07535156607627869,0.05164766311645508,0.6866407990455627,0.10819479078054428,0.025554347783327103,0.061163030564785004,0.055863358080387115,0.06358592957258224,0.10176774859428406,0.08464600145816803,0.0627981573343277,0.09708467870950699
24,0.8,,,,insightface_bbox,0.7252241969108582,0.0,503.4512939453125,893.2919311523438,2277.5888671875,0,0,1,0,0,0,0,0,0,0,0,0,0.07326489686965942,0.04883936792612076,0.6946460008621216,0.09135296940803528,0.022325878962874413,0.05923075973987579,0.045427847653627396,0.0539029985666275,0.09410786628723145,0.080555260181427,0.06622136384248734,0.09044797718524933
25,0.8333333333333334,,,,insightface_bbox,0.7252241969108582,0.0,503.4512939453125,893.2919311523438,2277.5888671875,0,0,1,0,0,0,0,0,0,0,0,0,0.07424385100603104,0.05014108121395111,0.7599470019340515,0.09716331213712692,0.02352488413453102,0.06139696016907692,0.04737537354230881,0.05639831721782684,0.09508728981018066,0.08036650717258453,0.0673590898513794,0.08901870250701904
26,0.8666666666666667,,,,insightface_bbox,0.7252241969108582,0.0,503.4512939453125,893.2919311523438,2277.5888671875,0,0,1,0,0,0,0,0,0,0,0,0,0.07637500017881393,0.05358714237809181,0.7994487285614014,0.11833227425813675,0.024487769231200218,0.0632566288113594,0.0462794229388237,0.06036723405122757,0.09718291461467743,0.07714835554361343,0.06221972033381462,0.08496047556400299
27,0.9,,,,insightface_bbox,0.7252241969108582,0.0,503.4512939453125,893.2919311523438,2277.5888671875,0,0,1,0,0,0,0,0,0,0,0,0,0.07472489774227142,0.05154171958565712,0.8872171640396118,0.11277928203344345,0.024546995759010315,0.06261338293552399,0.04223916307091713,0.05871934816241264,0.09273210167884827,0.07094038277864456,0.055128708481788635,0.07541167736053467
28,0.9333333333333333,,,,insightface_bbox,0.7252241969108582,0.0,503.4512939453125,893.2919311523438,2277.5888671875,0,0,1,0,0,0,0,0,0,0,0,0,0.0770430713891983,0.05238579958677292,0.8496505618095398,0.11639989167451859,0.025692740455269814,0.060056015849113464,0.04514211788773537,0.06048688292503357,0.09426158666610718,0.07123538106679916,0.05102265626192093,0.07524456083774567
29,0.9666666666666667,,,,insightface_bbox,0.7252241969108582,0.0,503.4512939453125,893.2919311523438,2277.5888671875,0,0,1,0,0,0,0,0,0,0,0,0,0.07685036957263947,0.050154782831668854,0.7601653337478638,0.10569369792938232,0.024072740226984024,0.05515897646546364,0.04494022578001022,0.057730771601200104,0.09027018398046494,0.0730586051940918,0.04656202718615532,0.07436860352754593
30,1.0,,,,insightface_bbox,0.6951783895492554,4.6509904861450195,490.9334411621094,899.5634765625,2339.370849609375,0,0,1,0,0,0,0,0,0,0,0,0,0.05882881209254265,0.03436818718910217,0.31420233845710754,0.05890386551618576,0.014511454850435257,0.0348820835351944,0.02996256947517395,0.04211372137069702,0.08493360131978989,0.059779319912195206,0.03327329456806183,0.06474010646343231
31,1.0333333333333334,,,,insightface_bbox,0.6951783895492554,4.6509904861450195,490.9334411621094,899.5634765625,2339.370849609375,0,0,1,0,0,0,0,0,0,0,0,0,0.0677771046757698,0.03919348120689392,0.5991906523704529,0.07310706377029419,0.018821606412529945,0.04186806082725525,0.03327283635735512,0.04358822852373123,0.08365041762590408,0.05839728191494942,0.03739922493696213,0.06286530941724777
32,1.0666666666666667,,,,insightface_bbox,0.6951783895492554,4.6509904861450195,490.9334411621094,899.5634765625,2339.370849609375,0,0,1,0,0,0,0,0,0,0,0,0,0.08638980984687805,0.05682247132062912,0.5224131941795349,0.1188623458147049,0.02374436892569065,0.05320664867758751,0.04002898186445236,0.05900615453720093,0.09120840579271317,0.07222293317317963,0.07475943863391876,0.09894891828298569
33,1.1,,,,insightface_bbox,0.6951783895492554,4.6509904861450195,490.9334411621094,899.5634765625,2339.370849609375,0,0,1,0,0,0,0,0,0,0,0,0,0.07309214770793915,0.05098741501569748,0.5298225283622742,0.10283291339874268,0.02304503694176674,0.05169735848903656,0.03835778310894966,0.05150303617119789,0.0883767157793045,0.07131914049386978,0.06879032403230667,0.09759017080068588
34,1.1333333333333333,,,,insightface_bbox,0.6951783895492554,4.6509904861450195,490.9334411621094,899.5634765625,2339.370849609375,0,0,1,0,0,0,0,0,0,0,0,0,0.05794274061918259,0.0347919799387455,0.6237390637397766,0.05514504015445709,0.020626980811357498,0.0459897555410862,0.0325264036655426,0.03908933699131012,0.07704527676105499,0.06570370495319366,0.05787963420152664,0.07243169844150543
35,1.1666666666666667,,,,insightface_bbox,0.6951783895492554,4.6509904861450195,490.9334411621094,899.5634765625,2339.370849609375,0,0,1,0,0,0,0,0,0,0,0,0,0.05971401557326317,0.0403197780251503,0.6267185211181641,0.07342386245727539,0.024538692086935043,0.0515376552939415,0.037754546850919724,0.047458454966545105,0.08442091941833496,0.07439079880714417,0.054373595863580704,0.07804504036903381
36,1.2,,,,insightface_bbox,0.7226146459579468,51.58728790283203,485.7135925292969,927.324462890625,2257.355224609375,0,0,1,0,0,0,0,0,0,0,0,0,0.06682762503623962,0.04124755039811134,0.5477019548416138,0.07507634907960892,0.018591348081827164,0.043751172721385956,0.03286919742822647,0.03908533975481987,0.08140441030263901,0.061239853501319885,0.04478908330202103,0.08196140825748444
37,1.2333333333333334,,,,insightface_bbox,0.7226146459579468,51.58728790283203,485.7135925292969,927.324462890625,2257.355224609375,0,0,1,0,0,0,0,0,0,0,0,0,0.08380036801099777,0.05601945519447327,0.6508828401565552,0.11853136122226715,0.02194925956428051,0.05384914577007294,0.04088575392961502,0.045756056904792786,0.0843421220779419,0.06561891734600067,0.07203845679759979,0.10338734090328217
38,1.2666666666666666,,,,insightface_bbox,0.7226146459579468,51.58728790283203,485.7135925292969,927.324462890625,2257.355224609375,0,0,1,0,0,0,0,0,0,0,0,0,0.09579814225435257,0.06676961481571198,0.6347794532775879,0.15568125247955322,0.025520453229546547,0.060467567294836044,0.047212325036525726,0.0570404976606369,0.09091170132160187,0.07557867467403412,0.10053419321775436,0.1424809992313385
39,1.3,,,,insightface_bbox,0.7226146459579468,51.58728790283203,485.7135925292969,927.324462890625,2257.355224609375,0,0,1,0,0,0,0,0,0,0,0,0,0.11550016701221466,0.07865668088197708,0.6422760486602783,0.1878746598958969,0.029841884970664978,0.07013706862926483,0.05692252889275551,0.06529630720615387,0.09680821001529694,0.09007415175437927,0.14169591665267944,0.20147109031677246
40,1.3333333333333333,,,,insightface_bbox,0.7226146459579468,51.58728790283203,485.7135925292969,927.324462890625,2257.355224609375,0,0,1,0,0,0,0,0,0,0,0,0,0.10169757902622223,0.06548202037811279,0.6190592646598816,0.14541691541671753,0.02903086319565773,0.07065384835004807,0.05563584715127945,0.05953913554549217,0.09191915392875671,0.08670300990343094,0.14416226744651794,0.1974741816520691
41,1.3666666666666667,,,,insightface_bbox,0.7226146459579468,51.58728790283203,485.7135925292969,927.324462890625,2257.355224609375,0,0,1,0,0,0,0,0,0,0,0,0,0.09773007780313492,0.05944136902689934,0.7134114503860474,0.11950314790010452,0.03192034736275673,0.07371555268764496,0.06609727442264557,0.05879674106836319,0.08969620615243912,0.0868503674864769,0.1763748824596405,0.20970658957958221
42,1.4,,,,insightface_bbox,0.651282548904419,81.13481903076172,441.21368408203125,959.4496459960938,2375.877685546875,0,0,1,0,0,0,0,0,0,0,0,0,0.0840807631611824,0.050004854798316956,0.606825053691864,0.09698446094989777,0.024339798837900162,0.060780007392168045,0.049428023397922516,0.04880406707525253,0.08441632986068726,0.07499250024557114,0.10732926428318024,0.15641748905181885
43,1.4333333333333333,,,,insightface_bbox,0.651282548904419,81.13481903076172,441.21368408203125,959.4496459960938,2375.877685546875,0,0,1,0,0,0,0,0,0,0,0,0,0.08678804337978363,0.05238451436161995,0.7192550897598267,0.09928679466247559,0.029409343376755714,0.06803712993860245,0.05695173144340515,0.05290907621383667,0.0887671411037445,0.07842238992452621,0.12211582064628601,0.16846749186515808
44,1.4666666666666666,,,,insightface_bbox,0.651282548904419,81.13481903076172,441.21368408203125,959.4496459960938,2375.877685546875,0,0,1,0,1,0,0,0,0,0,0,0,0.060762032866477966,0.031707510352134705,0.6858462691307068,0.04501848667860031,0.023151898756623268,0.05504492670297623,0.04443176090717316,0.03361644223332405,0.07030247151851654,0.056343670934438705,0.0866229385137558,0.08889611810445786
45,1.5,,,,insightface_bbox,0.651282548904419,81.13481903076172,441.21368408203125,959.4496459960938,2375.877685546875,0,0,1,0,1,0,0,0,0,0,0,0,0.057309336960315704,0.02852318063378334,0.5510233640670776,0.038613930344581604,0.021722765639424324,0.04686763510107994,0.03934137523174286,0.03229565545916557,0.07204784452915192,0.057406943291425705,0.062300581485033035,0.08203728497028351
46,1.5333333333333334,,,,insightface_bbox,0.651282548904419,81.13481903076172,441.21368408203125,959.4496459960938,2375.877685546875,0,0,1,0,1,0,0,0,0,0,0,0,0.06102033331990242,0.03278876841068268,0.7275534868240356,0.04339924454689026,0.02434028498828411,0.052589744329452515,0.041083306074142456,0.03468216955661774,0.07628872990608215,0.058136798441410065,0.07509126514196396,0.09218920022249222
47,1.5666666666666667,,,,insightface_bbox,0.651282548904419,81.13481903076172,441.21368408203125,959.4496459960938,2375.877685546875,0,0,1,0,1,0,0,0,0,0,0,0,0.06227298080921173,0.03351055458188057,0.7959307432174683,0.04479189217090607,0.027122944593429565,0.05650461092591286,0.04482350870966911,0.03834742307662964,0.0782991349697113,0.06041440740227699,0.07805430144071579,0.09425025433301926
48,1.6,,,,insightface_bbox,0.6990100145339966,39.353904724121094,491.8547668457031,943.3653564453125,2248.132568359375,0,0,1,0,0,0,0,0,0,0,0,0,0.05877452343702316,0.04306916519999504,0.5922993421554565,0.08553126454353333,0.023238250985741615,0.05150925740599632,0.03723719343543053,0.05404088273644447,0.0849652886390686,0.07405088096857071,0.04397160932421684,0.07473160326480865
49,1.6333333333333333,,,,insightface_bbox,0.6990100145339966,39.353904724121094,491.8547668457031,943.3653564453125,2248.132568359375,0,0,1,0,0,0,0,0,0,0,0,0,0.059346750378608704,0.04237441346049309,0.5901412963867188,0.07765836268663406,0.020496178418397903,0.04804002121090889,0.03479499742388725,0.04659782722592354,0.07940337806940079,0.07037558406591415,0.047490812838077545,0.07236810773611069
50,1.6666666666666667,,,,insightface_bbox,0.6990100145339966,39.353904724121094,491.8547668457031,943.3653564453125,2248.132568359375,0,0,1,0,0,0,0,0,0,0,0,0,0.057447273284196854,0.03770885616540909,0.5263316035270691,0.07134313881397247,0.020185401663184166,0.046059057116508484,0.028797069564461708,0.048057444393634796,0.08036759495735168,0.07278401404619217,0.039074912667274475,0.07311709970235825
51,1.7,,,,insightface_bbox,0.6990100145339966,39.353904724121094,491.8547668457031,943.3653564453125,2248.132568359375,0,0,1,0,0,0,0,0,0,0,0,0,0.060650452971458435,0.03795752301812172,0.6239655017852783,0.06839030236005783,0.02174416556954384,0.04986267164349556,0.03135252743959427,0.048289839178323746,0.08032575994729996,0.07080129534006119,0.04956839606165886,0.07543857395648956
52,1.7333333333333334,,,,insightface_bbox,0.6990100145339966,39.353904724121094,491.8547668457031,943.3653564453125,2248.132568359375,0,0,1,0,0,0,0,0,0,0,0,0,0.059688981622457504,0.03823172673583031,0.5858164429664612,0.06827390193939209,0.02107688970863819,0.04805808514356613,0.030528584495186806,0.049052052199840546,0.08394912630319595,0.07135038822889328,0.04766933247447014,0.07483561336994171
53,1.7666666666666666,,,,insightface_bbox,0.6990100145339966,39.353904724121094,491.8547668457031,943.3653564453125,2248.132568359375,0,0,1,0,0,0,0,0,0,0,0,0,0.060950763523578644,0.040624771267175674,0.5456587672233582,0.07619156688451767,0.021784361451864243,0.04973816126585007,0.03276852145791054,0.05314025282859802,0.08571714907884598,0.07220179587602615,0.04898157715797424,0.07651226222515106
54,1.8,,,,insightface_bbox,0.700644314289093,54.178619384765625,489.54608154296875,922.67626953125,2308.892822265625,0,0,1,0,0,0,0,0,0,0,0,0,0.06709545850753784,0.039514750242233276,0.5284639596939087,0.06535853445529938,0.017861181870102882,0.044703055173158646,0.039386071264743805,0.039156004786491394,0.07608509808778763,0.06270284205675125,0.06707077473402023,0.09618990123271942
55,1.8333333333333333,,,,insightface_bbox,0.700644314289093,54.178619384765625,489.54608154296875,922.67626953125,2308.892822265625,0,0,1,0,0,0,0,0,0,0,0,0,0.07968694716691971,0.0509490892291069,0.6196091771125793,0.09668480604887009,0.022058596834540367,0.053913552314043045,0.04758666455745697,0.047401245683431625,0.0833362266421318,0.06579773128032684,0.09339030832052231,0.11621863394975662
56,1.8666666666666667,,,,insightface_bbox,0.700644314289093,54.178619384765625,489.54608154296875,922.67626953125,2308.892822265625,0,0,1,0,0,0,0,0,0,0,0,0,0.08345729112625122,0.05319882184267044,0.5676009654998779,0.10175986588001251,0.02156965807080269,0.05278553441166878,0.04634597897529602,0.047135934233665466,0.08619275689125061,0.06521563231945038,0.08328063786029816,0.11247564852237701
57,1.9,,,,insightface_bbox,0.700644314289093,54.178619384765625,489.54608154296875,922.67626953125,2308.892822265625,0,0,1,0,0,0,0,0,0,0,0,0,0.10139551758766174,0.06637230515480042,0.6105412244796753,0.13978207111358643,0.024781260639429092,0.0591728501021862,0.056146807968616486,0.0540238581597805,0.09650423377752304,0.07149755954742432,0.09204617142677307,0.1263727843761444
58,1.9333333333333333,,,,insightface_bbox,0.700644314289093,54.178619384765625,489.54608154296875,922.67626953125,2308.892822265625,0,0,1,0,0,0,0,0,0,0,0,0,0.09935420006513596,0.06365017592906952,0.7279279828071594,0.13284502923488617,0.02463616617023945,0.05971711128950119,0.05110592022538185,0.051367759704589844,0.09516505897045135,0.06961008906364441,0.08633817732334137,0.12171328067779541
59,1.9666666666666666,,,,insightface_bbox,0.700644314289093,54.178619384765625,489.54608154296875,922.67626953125,2308.892822265625,0,0,1,0,0,0,0,0,0,0,0,0,0.0985000878572464,0.06283222883939743,0.7166338562965393,0.14796192944049835,0.023751165717840195,0.058675169944763184,0.04116654396057129,0.05135127156972885,0.09661027044057846,0.07022757828235626,0.0782633125782013,0.11497077345848083
60,2.0,,,,insightface_bbox,0.6867583990097046,78.8030776977539,514.9857788085938,928.5479125976562,2302.66357421875,0,0,0,0,0,0,0,0,0,0,0,0,0.04912000149488449,0.027957141399383545,0.19354403018951416,0.03839340806007385,0.01283299084752798,0.03142646700143814,0.02436158061027527,0.0320037417113781,0.07422847300767899,0.05708561837673187,0.046066153794527054,0.08092034608125687
61,2.033333333333333,,,,insightface_bbox,0.6867583990097046,78.8030776977539,514.9857788085938,928.5479125976562,2302.66357421875,0,0,0,0,0,0,0,0,0,0,0,0,0.06008431687951088,0.036681633442640305,0.2201068103313446,0.06588833034038544,0.018684200942516327,0.041776224970817566,0.03621821105480194,0.04741772636771202,0.0923146978020668,0.07301320135593414,0.06667187064886093,0.1028977707028389
62,2.066666666666667,,,,insightface_bbox,0.6867583990097046,78.8030776977539,514.9857788085938,928.5479125976562,2302.66357421875,0,0,1,0,0,0,0,0,0,0,0,0,0.0659811869263649,0.04146859794855118,0.31759709119796753,0.07888881862163544,0.02494097501039505,0.054915621876716614,0.03940749913454056,0.0520697757601738,0.09265799075365067,0.07250013947486877,0.0814151018857956,0.11511240154504776
63,2.1,,,,insightface_bbox,0.6867583990097046,78.8030776977539,514.9857788085938,928.5479125976562,2302.66357421875,0,0,1,0,0,0,0,0,0,0,0,0,0.06372243911027908,0.042101599276065826,0.32785171270370483,0.08198250830173492,0.02769278548657894,0.06072964519262314,0.04648912325501442,0.05955815315246582,0.09679818153381348,0.07817783206701279,0.11683598160743713,0.1319013386964798
64,2.1333333333333333,,,,insightface_bbox,0.6867583990097046,78.8030776977539,514.9857788085938,928.5479125976562,2302.66357421875,0,0,0,0,0,0,0,0,0,0,0,0,0.060973767191171646,0.040169280022382736,0.294832706451416,0.0752987191081047,0.024495719000697136,0.057494085282087326,0.043696776032447815,0.06059753894805908,0.09800724685192108,0.0816771537065506,0.11113173514604568,0.13081152737140656
65,2.1666666666666665,,,,insightface_bbox,0.6867583990097046,78.8030776977539,514.9857788085938,928.5479125976562,2302.66357421875,0,0,0,0,0,0,0,0,0,0,0,0,0.06342978030443192,0.04274050146341324,0.2900053858757019,0.08466853946447372,0.024037910625338554,0.054279811680316925,0.040684472769498825,0.060526613146066666,0.09959609806537628,0.07915300130844116,0.10871754586696625,0.13559937477111816
66,2.2,,,,insightface_bbox,0.672400176525116,117.74903869628906,498.0311279296875,988.9353637695312,2224.805908203125,0,0,1,0,0,0,0,0,0,0,0,0,0.07105779647827148,0.05097280815243721,0.4634660482406616,0.11355343461036682,0.02947060763835907,0.06534601747989655,0.05097636952996254,0.062051158398389816,0.0968899130821228,0.08717305213212967,0.09656442701816559,0.12074300646781921
67,2.2333333333333334,,,,insightface_bbox,0.672400176525116,117.74903869628906,498.0311279296875,988.9353637695312,2224.805908203125,0,0,1,0,0,0,0,0,0,0,0,0,0.06828231364488602,0.048789117485284805,0.4206511080265045,0.10888145864009857,0.02932203747332096,0.06307510286569595,0.049510229378938675,0.06454319506883621,0.09485990554094315,0.0896199643611908,0.09333197772502899,0.11962641775608063
68,2.2666666666666666,,,,insightface_bbox,0.672400176525116,117.74903869628906,498.0311279296875,988.9353637695312,2224.805908203125,0,0,1,0,0,0,0,0,0,0,0,0,0.07643792778253555,0.05553724244236946,0.4610009491443634,0.13282498717308044,0.03041217476129532,0.0643855556845665,0.05303848907351494,0.06748902797698975,0.09741170704364777,0.09128529578447342,0.10109976679086685,0.13289321959018707
69,2.3,,,,insightface_bbox,0.672400176525116,117.74903869628906,498.0311279296875,988.9353637695312,2224.805908203125,0,0,1,0,0,0,0,0,0,0,0,0,0.06983169168233871,0.047479867935180664,0.5302655696868896,0.09637215733528137,0.029225841164588928,0.060829728841781616,0.04728500545024872,0.05604526400566101,0.09413036704063416,0.08166910707950592,0.08821892738342285,0.10839260369539261
70,2.3333333333333335,,,,insightface_bbox,0.672400176525116,117.74903869628906,498.0311279296875,988.9353637695312,2224.805908203125,0,0,1,0,0,0,0,0,0,0,0,0,0.06891168653964996,0.04089150205254555,0.7073781490325928,0.06896530836820602,0.029688216745853424,0.06000935658812523,0.04583459720015526,0.04986688494682312,0.0958118736743927,0.07473012804985046,0.07851091027259827,0.09992629289627075
71,2.3666666666666667,,,,insightface_bbox,0.672400176525116,117.74903869628906,498.0311279296875,988.9353637695312,2224.805908203125,0,0,1,0,1,0,0,0,0,0,0,0,0.07753115892410278,0.0450843945145607,0.8745194673538208,0.07461918890476227,0.03586442023515701,0.07343783974647522,0.05720648169517517,0.05213366448879242,0.10162679851055145,0.0770454928278923,0.09063222259283066,0.10361993312835693
72,2.4,,,,insightface_bbox,0.6811086535453796,93.56314849853516,549.4249267578125,937.7537841796875,2247.82861328125,0,0,0,0,0,0,0,0,0,0,0,0,0.056533921509981155,0.03318016976118088,0.2358178049325943,0.05266401544213295,0.01829814538359642,0.042257677763700485,0.03787161782383919,0.041867174208164215,0.08725456148386002,0.06698907166719437,0.07612248510122299,0.11255846172571182
73,2.433333333333333,,,,insightface_bbox,0.6811086535453796,93.56314849853516,549.4249267578125,937.7537841796875,2247.82861328125,0,0,1,0,0,0,0,0,0,0,0,0,0.07789523154497147,0.045756056904792786,0.4441714882850647,0.07874391973018646,0.023661218583583832,0.05853807553648949,0.04857104271650314,0.04920008033514023,0.09281416237354279,0.07088994979858398,0.09764886647462845,0.12166363000869751
74,2.466666666666667,,,,insightface_bbox,0.6811086535453796,93.56314849853516,549.4249267578125,937.7537841796875,2247.82861328125,0,0,1,0,0,0,0,0,0,0,0,0,0.09857206791639328,0.06309820711612701,0.43452295660972595,0.13441471755504608,0.022138062864542007,0.056542638689279556,0.04898500069975853,0.054339006543159485,0.10039083659648895,0.07485470175743103,0.0880143940448761,0.13075122237205505
75,2.5,,,,insightface_bbox,0.6811086535453796,93.56314849853516,549.4249267578125,937.7537841796875,2247.82861328125,0,0,1,0,0,0,0,0,0,0,0,0,0.11487939208745956,0.07444483786821365,0.6310313940048218,0.16236571967601776,0.02690744400024414,0.06032220646739006,0.06125592440366745,0.0636274665594101,0.10727488994598389,0.08814164251089096,0.10435007512569427,0.15027357637882233
76,2.533333333333333,,,,insightface_bbox,0.6811086535453796,93.56314849853516,549.4249267578125,937.7537841796875,2247.82861328125,0,0,1,0,0,0,0,0,0,0,0,0,0.10157686471939087,0.06682353466749191,0.4861701726913452,0.14339354634284973,0.018907150253653526,0.04712142422795296,0.03875061497092247,0.052444882690906525,0.09909525513648987,0.07599011808633804,0.08209555596113205,0.12868338823318481
77,2.566666666666667,,,,insightface_bbox,0.6811086535453796,93.56314849853516,549.4249267578125,937.7537841796875,2247.82861328125,0,0,1,0,0,0,0,0,0,0,0,0,0.10926033556461334,0.07234113663434982,0.4193993806838989,0.1632227748632431,0.019838683307170868,0.04916322976350784,0.0434827022254467,0.059150658547878265,0.10752052813768387,0.07812634110450745,0.07952214032411575,0.1299293339252472
78,2.6,,,,insightface_bbox,0.6494824886322021,20.857986450195312,441.97259521484375,910.5173950195312,2448.97509765625,0,0,1,0,0,0,0,0,0,0,0,0,0.09844497591257095,0.06755539029836655,0.6020937561988831,0.18280509114265442,0.02280201017856598,0.050538647919893265,0.03903699666261673,0.05409979820251465,0.09511782974004745,0.0719183012843132,0.043922048062086105,0.08668400347232819
79,2.6333333333333333,,,,insightface_bbox,0.6494824886322021,20.857986450195312,441.97259521484375,910.5173950195312,2448.97509765625,0,0,1,0,0,0,0,0,0,0,0,0,0.08905559778213501,0.057754285633563995,0.5059845447540283,0.15020416676998138,0.019158996641635895,0.04457288235425949,0.032542504370212555,0.05017152428627014,0.09012174606323242,0.06804932653903961,0.03423675149679184,0.07536989450454712
80,2.6666666666666665,,,,insightface_bbox,0.6494824886322021,20.857986450195312,441.97259521484375,910.5173950195312,2448.97509765625,0,0,0,0,0,0,0,0,0,0,0,0,0.09024402499198914,0.05906623601913452,0.3529413938522339,0.14857089519500732,0.01760457456111908,0.04166361689567566,0.03046480193734169,0.0487784743309021,0.08982314169406891,0.06789682060480118,0.03231886029243469,0.07448320835828781
81,2.7,,,,insightface_bbox,0.6494824886322021,20.857986450195312,441.97259521484375,910.5173950195312,2448.97509765625,0,0,1,0,0,0,0,0,0,0,0,0,0.09537844359874725,0.06572597473859787,0.4159387946128845,0.19770072400569916,0.01851104572415352,0.04146212711930275,0.028949035331606865,0.05043957382440567,0.088592529296875,0.06803338974714279,0.03235302120447159,0.07618459314107895
82,2.7333333333333334,,,,insightface_bbox,0.6494824886322021,20.857986450195312,441.97259521484375,910.5173950195312,2448.97509765625,0,0,1,0,0,0,0,0,0,0,0,0,0.12132605910301208,0.08277759701013565,0.4932946562767029,0.28420791029930115,0.023074109107255936,0.050355881452560425,0.03708250820636749,0.061193667352199554,0.09430637955665588,0.07577371597290039,0.044309213757514954,0.08627025783061981
83,2.7666666666666666,,,,insightface_bbox,0.6494824886322021,20.857986450195312,441.97259521484375,910.5173950195312,2448.97509765625,0,0,1,0,0,0,0,0,0,0,0,0,0.11422531306743622,0.0806003212928772,0.5266582369804382,0.2626092731952667,0.024810459464788437,0.057183265686035156,0.04891487956047058,0.06223079562187195,0.09603939950466156,0.07850977778434753,0.052459292113780975,0.09203539788722992
84,2.8,,,,insightface_bbox,0.6425086259841919,50.34267807006836,420.44488525390625,912.384033203125,2419.609130859375,0,0,1,0,0,0,0,0,0,0,0,0,0.15510344505310059,0.10423515737056732,0.7253905534744263,0.30021315813064575,0.02881370298564434,0.07125677168369293,0.06820569932460785,0.06922692805528641,0.10709454119205475,0.08898664265871048,0.11565826088190079,0.15357983112335205
85,2.8333333333333335,,,,insightface_bbox,0.6425086259841919,50.34267807006836,420.44488525390625,912.384033203125,2419.609130859375,0,0,1,0,0,0,0,0,0,0,0,0,0.15424545109272003,0.10206128656864166,0.7385838031768799,0.2862281799316406,0.02852489985525608,0.07097247242927551,0.06757082790136337,0.06734422594308853,0.10750912874937057,0.0891324132680893,0.11258257925510406,0.14368750154972076
86,2.8666666666666667,,,,insightface_bbox,0.6425086259841919,50.34267807006836,420.44488525390625,912.384033203125,2419.609130859375,0,0,1,0,0,0,0,0,0,0,0,0,0.14149761199951172,0.09260960668325424,0.7969522476196289,0.2403162121772766,0.028051577508449554,0.07280410081148148,0.06781594455242157,0.06358952820301056,0.1086837500333786,0.0857352763414383,0.12074694782495499,0.14390164613723755
87,2.9,,,,insightface_bbox,0.6425086259841919,50.34267807006836,420.44488525390625,912.384033203125,2419.609130859375,0,0,1,0,0,0,0,0,0,0,0,0,0.11697405576705933,0.07790982723236084,0.9121698141098022,0.18889260292053223,0.029114756733179092,0.06928715109825134,0.06696480512619019,0.06026901304721832,0.10531079024076462,0.07851604372262955,0.10016325116157532,0.12285681068897247
88,2.933333333333333,,,,insightface_bbox,0.6425086259841919,50.34267807006836,420.44488525390625,912.384033203125,2419.609130859375,0,0,1,0,0,0,0,0,0,0,0,0,0.09841545671224594,0.06578782945871353,0.7715771198272705,0.1480715423822403,0.025129403918981552,0.05829804018139839,0.04742251709103584,0.05659504234790802,0.10219552367925644,0.0744284987449646,0.07257513701915741,0.10698235780000687
89,2.966666666666667,,,,insightface_bbox,0.6425086259841919,50.34267807006836,420.44488525390625,912.384033203125,2419.609130859375,0,0,1,0,0,0,0,0,0,0,0,0,0.08562946319580078,0.05624387785792351,0.6237379312515259,0.10957099497318268,0.021641619503498077,0.05196420103311539,0.03792243450880051,0.05310747027397156,0.09924022853374481,0.06916160136461258,0.06381356716156006,0.09620155394077301
90,3.0,,,,insightface_bbox,0.6960829496383667,40.90931701660156,480.1011962890625,897.6224365234375,2265.305419921875,0,0,1,0,0,0,0,0,0,0,0,0,0.1002892255783081,0.06879867613315582,0.8047199249267578,0.15390370786190033,0.026909971609711647,0.06207479536533356,0.05484514310956001,0.05622468516230583,0.10646174848079681,0.07261873036623001,0.07878255099058151,0.1112629622220993
91,3.033333333333333,,,,insightface_bbox,0.6960829496383667,40.90931701660156,480.1011962890625,897.6224365234375,2265.305419921875,0,0,1,0,0,0,0,0,0,0,0,0,0.10191342234611511,0.0673508495092392,0.5405533909797668,0.15276677906513214,0.02419622242450714,0.05652917921543121,0.05233579874038696,0.056461285799741745,0.10450247675180435,0.07630520313978195,0.08263236284255981,0.1204298809170723
92,3.066666666666667,,,,insightface_bbox,0.6960829496383667,40.90931701660156,480.1011962890625,897.6224365234375,2265.305419921875,0,0,1,0,0,0,0,0,0,0,0,0,0.10223305225372314,0.0689549595117569,0.5664013624191284,0.15787985920906067,0.02433035522699356,0.058774545788764954,0.05573081225156784,0.05711175128817558,0.10404756665229797,0.07759324461221695,0.09282487630844116,0.12304887175559998
93,3.1,,,,insightface_bbox,0.6960829496383667,40.90931701660156,480.1011962890625,897.6224365234375,2265.305419921875,0,0,1,0,0,0,0,0,0,0,0,0,0.10189960896968842,0.0685642808675766,0.5855774283409119,0.15881946682929993,0.02393040992319584,0.058801308274269104,0.05457669496536255,0.05694445222616196,0.1015608087182045,0.07652892917394638,0.09969957917928696,0.12210287153720856
94,3.1333333333333333,,,,insightface_bbox,0.6960829496383667,40.90931701660156,480.1011962890625,897.6224365234375,2265.305419921875,0,0,1,0,0,0,0,0,0,0,0,0,0.09043459594249725,0.05739352107048035,0.5294361710548401,0.11821507662534714,0.021528858691453934,0.05280984565615654,0.04712151363492012,0.05220266431570053,0.09812410175800323,0.07234454154968262,0.08625216037034988,0.1071653813123703
95,3.1666666666666665,,,,insightface_bbox,0.6960829496383667,40.90931701660156,480.1011962890625,897.6224365234375,2265.305419921875,0,0,1,0,0,0,0,0,0,0,0,0,0.09265181422233582,0.05880920588970184,0.5241857767105103,0.12311884760856628,0.020922154188156128,0.0516224205493927,0.044736530631780624,0.05264277756214142,0.09778052568435669,0.070708267390728,0.08630863577127457,0.1069503203034401
96,3.2,,,,insightface_bbox,0.6875959634780884,16.957700729370117,463.9231262207031,909.3654174804688,2225.029296875,0,0,1,0,0,0,0,0,0,0,0,0,0.09329511225223541,0.06513085961341858,0.7821146249771118,0.15698325634002686,0.023758865892887115,0.05852368101477623,0.042992476373910904,0.0561387836933136,0.10069029033184052,0.07425791025161743,0.06013551726937294,0.08116666972637177
97,3.2333333333333334,,,,insightface_bbox,0.6875959634780884,16.957700729370117,463.9231262207031,909.3654174804688,2225.029296875,0,0,1,0,0,0,0,0,0,0,0,0,0.08549340069293976,0.055405985563993454,0.8000642657279968,0.12470358610153198,0.021270178258419037,0.05178701505064964,0.0365719236433506,0.0522853247821331,0.09132248163223267,0.06889289617538452,0.04771708697080612,0.06817670911550522
98,3.2666666666666666,,,,insightface_bbox,0.6875959634780884,16.957700729370117,463.9231262207031,909.3654174804688,2225.029296875,0,0,1,0,0,0,0,0,0,0,0,0,0.08768089860677719,0.05777639150619507,0.8171988725662231,0.12229260802268982,0.02226896584033966,0.054619982838630676,0.041633252054452896,0.052152834832668304,0.09084677696228027,0.06805457919836044,0.05826977640390396,0.0757063552737236
99,3.3,,,,insightface_bbox,0.6875959634780884,16.957700729370117,463.9231262207031,909.3654174804688,2225.029296875,0,0,1,0,0,0,0,0,0,0,0,0,0.08423898369073868,0.05417376756668091,0.7780251502990723,0.11343154311180115,0.020404115319252014,0.04995899274945259,0.03452549874782562,0.05024021118879318,0.08959817886352539,0.06584642827510834,0.04931415617465973,0.06924520432949066
100,3.3333333333333335,,,,insightface_bbox,0.6875959634780884,16.957700729370117,463.9231262207031,909.3654174804688,2225.029296875,0,0,1,0,0,0,0,0,0,0,0,0,0.08981111645698547,0.06179884448647499,0.7927516102790833,0.14411330223083496,0.022265316918492317,0.05462425947189331,0.036980170756578445,0.056251440197229385,0.0971193015575409,0.0728490948677063,0.057947851717472076,0.07761214673519135
101,3.3666666666666667,,,,insightface_bbox,0.6875959634780884,16.957700729370117,463.9231262207031,909.3654174804688,2225.029296875,0,0,1,0,0,0,0,0,0,0,0,0,0.08515997976064682,0.05583982169628143,0.7994919419288635,0.11827930808067322,0.021085457876324654,0.05357728153467178,0.03569599241018295,0.054125189781188965,0.09636133909225464,0.07131370902061462,0.055173359811306,0.07276596128940582
102,3.4,,,,insightface_bbox,0.6882863640785217,14.893292427062988,470.25970458984375,915.0286865234375,2230.76025390625,0,0,1,0,0,0,0,0,0,0,0,0,0.11579281836748123,0.08501401543617249,0.8486887216567993,0.23934388160705566,0.02777479588985443,0.066722072660923,0.05743717402219772,0.06881831586360931,0.10871803760528564,0.08503258228302002,0.08250740170478821,0.0955108106136322
103,3.433333333333333,,,,insightface_bbox,0.6882863640785217,14.893292427062988,470.25970458984375,915.0286865234375,2230.76025390625,0,0,1,0,0,0,0,0,0,0,0,0,0.13631252944469452,0.10763439536094666,0.9864607453346252,0.3357437252998352,0.033911414444446564,0.08024962246417999,0.07899150997400284,0.08399921655654907,0.11091095209121704,0.09829018265008926,0.12476906180381775,0.11915136873722076
104,3.466666666666667,,,,insightface_bbox,0.6882863640785217,14.893292427062988,470.25970458984375,915.0286865234375,2230.76025390625,0,0,1,0,0,0,0,0,0,0,0,0,0.13030113279819489,0.10125479102134705,0.9228078126907349,0.30732667446136475,0.03186126798391342,0.07593907415866852,0.07199621945619583,0.08091090619564056,0.10745323449373245,0.09404663741588593,0.10911180824041367,0.10678931325674057
105,3.5,,,,insightface_bbox,0.6882863640785217,14.893292427062988,470.25970458984375,915.0286865234375,2230.76025390625,0,0,1,0,0,0,0,0,0,0,0,0,0.116717629134655,0.08605602383613586,0.8761546015739441,0.24650916457176208,0.0282188281416893,0.0670921728014946,0.05498027428984642,0.07326149195432663,0.10385464876890182,0.08523597568273544,0.07645437121391296,0.0875953733921051
106,3.533333333333333,,,,insightface_bbox,0.6882863640785217,14.893292427062988,470.25970458984375,915.0286865234375,2230.76025390625,0,0,1,0,0,0,0,0,0,0,0,0,0.13378173112869263,0.10097674280405045,0.9885225296020508,0.30989784002304077,0.031769949942827225,0.07497447729110718,0.0645846351981163,0.08022014796733856,0.10783064365386963,0.09251278638839722,0.09551659226417542,0.10169877111911774
107,3.566666666666667,,,,insightface_bbox,0.6882863640785217,14.893292427062988,470.25970458984375,915.0286865234375,2230.76025390625,0,0,1,0,0,0,0,0,0,0,0,0,0.132071390748024,0.09908736497163773,0.9622560739517212,0.3041975498199463,0.030925797298550606,0.071702741086483,0.059904471039772034,0.07698637247085571,0.10393940657377243,0.08877604454755783,0.09079203009605408,0.10146129131317139
108,3.6,,,,insightface_bbox,0.6930049061775208,39.22351837158203,463.3027648925781,906.5780029296875,2293.4052734375,0,0,1,0,0,0,0,0,0,0,0,0,0.10494422167539597,0.07366372644901276,0.580166220664978,0.18071892857551575,0.021982774138450623,0.05135949328541756,0.0478820875287056,0.05592629685997963,0.09486746042966843,0.069735586643219,0.06492231786251068,0.10189551115036011
109,3.6333333333333333,,,,insightface_bbox,0.6930049061775208,39.22351837158203,463.3027648925781,906.5780029296875,2293.4052734375,0,0,1,0,0,0,0,0,0,0,0,0,0.12547937035560608,0.08728433400392532,0.6250655651092529,0.24717870354652405,0.024560626596212387,0.05897711217403412,0.05370863527059555,0.06247244030237198,0.09750473499298096,0.07555072009563446,0.08685138076543808,0.11996029317378998
110,3.6666666666666665,,,,insightface_bbox,0.6930049061775208,39.22351837158203,463.3027648925781,906.5780029296875,2293.4052734375,0,0,1,0,0,0,0,0,0,0,0,0,0.11693795025348663,0.07955107092857361,0.6098994612693787,0.21654672920703888,0.0225512757897377,0.055175576359033585,0.04636695608496666,0.059463776648044586,0.09810424596071243,0.07334346324205399,0.07956226170063019,0.11595293879508972
111,3.7,,,,insightface_bbox,0.6930049061775208,39.22351837158203,463.3027648925781,906.5780029296875,2293.4052734375,0,0,1,0,0,0,0,0,0,0,0,0,0.1364237517118454,0.09481102973222733,0.6016027927398682,0.2804866433143616,0.025272183120250702,0.06138157844543457,0.05904069542884827,0.06554235517978668,0.10100341588258743,0.08143706619739532,0.10679291188716888,0.14638417959213257
112,3.7333333333333334,,,,insightface_bbox,0.6930049061775208,39.22351837158203,463.3027648925781,906.5780029296875,2293.4052734375,0,0,1,0,0,0,0,0,0,0,0,0,0.13653291761875153,0.0924602821469307,0.5879173278808594,0.2507189214229584,0.02584146335721016,0.06244441494345665,0.061294104903936386,0.06463110446929932,0.10570546984672546,0.08372202515602112,0.10923921316862106,0.15115101635456085
113,3.7666666666666666,,,,insightface_bbox,0.6930049061775208,39.22351837158203,463.3027648925781,906.5780029296875,2293.4052734375,0,0,1,0,0,0,0,0,0,0,0,0,0.11084382236003876,0.07325130701065063,0.6044076681137085,0.1796795278787613,0.023747457191348076,0.054987482726573944,0.044734083116054535,0.05563073232769966,0.10128288716077805,0.07544661313295364,0.08319176733493805,0.12587466835975647
114,3.8,,,,insightface_bbox,0.6779109239578247,55.14117431640625,494.426513671875,920.4324951171875,2336.4716796875,0,0,0,0,0,0,0,0,0,0,0,0,0.09302748739719391,0.06148461252450943,0.4078238606452942,0.13245998322963715,0.021561622619628906,0.04945983737707138,0.04194377362728119,0.056355178356170654,0.10503106564283371,0.07700543105602264,0.06457573920488358,0.10373985767364502
115,3.8333333333333335,,,,insightface_bbox,0.6779109239578247,55.14117431640625,494.426513671875,920.4324951171875,2336.4716796875,0,0,1,0,0,0,0,0,0,0,0,0,0.08290289342403412,0.05119152367115021,0.39669540524482727,0.09727941453456879,0.019385486841201782,0.04558855667710304,0.033827729523181915,0.04863975942134857,0.09938419610261917,0.07109377533197403,0.05518652871251106,0.09454183280467987
116,3.8666666666666667,,,,insightface_bbox,0.6779109239578247,55.14117431640625,494.426513671875,920.4324951171875,2336.4716796875,0,0,1,0,0,0,0,0,0,0,0,0,0.09656437486410141,0.06293638795614243,0.6271339654922485,0.1395459771156311,0.024643613025546074,0.05948588624596596,0.040896665304899216,0.05661968141794205,0.10720653831958771,0.0763440951704979,0.07399524003267288,0.11104001104831696
117,3.9,,,,insightface_bbox,0.6779109239578247,55.14117431640625,494.426513671875,920.4324951171875,2336.4716796875,0,0,1,0,0,0,0,0,0,0,0,0,0.08294865489006042,0.05404137074947357,0.44368061423301697,0.11294642090797424,0.021380219608545303,0.0515354722738266,0.035857219249010086,0.0494808629155159,0.09923011064529419,0.07202048599720001,0.06091896444559097,0.10097291320562363
118,3.933333333333333,,,,insightface_bbox,0.6779109239578247,55.14117431640625,494.426513671875,920.4324951171875,2336.4716796875,0,0,1,0,0,0,0,0,0,0,0,0,0.08492116630077362,0.05443769693374634,0.4365636706352234,0.11967705190181732,0.021042509004473686,0.05061038210988045,0.034723713994026184,0.049722399562597275,0.09853590279817581,0.07208959758281708,0.056465994566679,0.09788943827152252
119,3.966666666666667,,,,insightface_bbox,0.6779109239578247,55.14117431640625,494.426513671875,920.4324951171875,2336.4716796875,0,0,1,0,0,0,0,0,0,0,0,0,0.0953461080789566,0.061070624738931656,0.6045001149177551,0.14538036286830902,0.02472357079386711,0.0588221549987793,0.03939792141318321,0.05694233626127243,0.10487570613622665,0.07754717767238617,0.06668084114789963,0.10314643383026123
120,4.0,,,,insightface_bbox,0.7116143703460693,77.24034118652344,529.17626953125,925.130859375,2256.10888671875,0,0,0,0,0,0,0,0,0,0,0,0,0.059307221323251724,0.035590171813964844,0.21491557359695435,0.06029900163412094,0.01384348701685667,0.03565473109483719,0.026843521744012833,0.037429820746183395,0.08330176770687103,0.06263228505849838,0.05332452803850174,0.07901743054389954
121,4.033333333333333,,,,insightface_bbox,0.7116143703460693,77.24034118652344,529.17626953125,925.130859375,2256.10888671875,0,0,0,0,0,0,0,0,0,0,0,0,0.06191813200712204,0.03737659007310867,0.2549059987068176,0.06440296024084091,0.015239376574754715,0.03975391387939453,0.0310750100761652,0.03816014528274536,0.08407824486494064,0.06479762494564056,0.06299351900815964,0.0838315412402153
122,4.066666666666666,,,,insightface_bbox,0.7116143703460693,77.24034118652344,529.17626953125,925.130859375,2256.10888671875,0,0,1,0,0,0,0,0,0,0,0,0,0.0548265278339386,0.030589569360017776,0.2768750786781311,0.046549249440431595,0.014286724850535393,0.03633854538202286,0.02438323199748993,0.03245822712779045,0.07825195789337158,0.060244232416152954,0.048557352274656296,0.06921091675758362
123,4.1,,,,insightface_bbox,0.7116143703460693,77.24034118652344,529.17626953125,925.130859375,2256.10888671875,0,0,1,0,0,0,0,0,0,0,0,0,0.06156118959188461,0.03440532833337784,0.29050788283348083,0.05755633860826492,0.016194164752960205,0.04120602831244469,0.032554659992456436,0.03640181943774223,0.08230053633451462,0.06541278958320618,0.07100353389978409,0.08792851865291595
124,4.133333333333334,,,,insightface_bbox,0.7116143703460693,77.24034118652344,529.17626953125,925.130859375,2256.10888671875,0,0,1,0,0,0,0,0,0,0,0,0,0.0652284026145935,0.03650137409567833,0.33100512623786926,0.062027812004089355,0.016704045236110687,0.04372117668390274,0.03328971937298775,0.03727397695183754,0.0818704217672348,0.0650697648525238,0.07219564914703369,0.08883380889892578
125,4.166666666666667,,,,insightface_bbox,0.7116143703460693,77.24034118652344,529.17626953125,925.130859375,2256.10888671875,0,0,1,0,0,0,0,0,0,0,0,0,0.061356205493211746,0.03449445217847824,0.35429447889328003,0.05305210128426552,0.01545961108058691,0.040418799966573715,0.027352573350071907,0.03322182968258858,0.077314093708992,0.05848047882318497,0.06034335494041443,0.0745842456817627
126,4.2,,,,insightface_bbox,0.7048370242118835,72.20014190673828,543.4293212890625,916.797119140625,2256.407470703125,0,0,0,0,0,0,0,0,0,0,0,0,0.07660237699747086,0.047249533236026764,0.35057541728019714,0.09312114864587784,0.0172243881970644,0.04514071345329285,0.03334745392203331,0.042846087366342545,0.08588656783103943,0.06550954282283783,0.07543420791625977,0.10051644593477249
127,4.233333333333333,,,,insightface_bbox,0.7048370242118835,72.20014190673828,543.4293212890625,916.797119140625,2256.407470703125,0,0,1,0,0,0,0,0,0,0,0,0,0.07892343401908875,0.04862774908542633,0.3475624918937683,0.09325012564659119,0.01671062782406807,0.04405352473258972,0.030793067067861557,0.04333624988794327,0.08833951503038406,0.06419137865304947,0.06925235688686371,0.09324221312999725
128,4.266666666666667,,,,insightface_bbox,0.7048370242118835,72.20014190673828,543.4293212890625,916.797119140625,2256.407470703125,0,0,1,0,0,0,0,0,0,0,0,0,0.07243778556585312,0.04375685751438141,0.34432080388069153,0.07623200863599777,0.015688639134168625,0.04111284762620926,0.025983901694417,0.039178892970085144,0.08434341847896576,0.05881308764219284,0.06044184789061546,0.08155674487352371
129,4.3,,,,insightface_bbox,0.7048370242118835,72.20014190673828,543.4293212890625,916.797119140625,2256.407470703125,0,0,1,0,0,0,0,0,0,0,0,0,0.08176618814468384,0.04867192730307579,0.3701677918434143,0.09164296090602875,0.01692768931388855,0.04306912422180176,0.028232019394636154,0.042194683104753494,0.08922108262777328,0.061620082706213,0.06360931694507599,0.09122088551521301
130,4.333333333333333,,,,insightface_bbox,0.7048370242118835,72.20014190673828,543.4293212890625,916.797119140625,2256.407470703125,0,0,1,0,0,0,0,0,0,0,0,0,0.08365445584058762,0.04861025512218475,0.3781857490539551,0.0898127555847168,0.016705434769392014,0.04283897578716278,0.02799181453883648,0.04205431044101715,0.09106692671775818,0.06177373230457306,0.06258577108383179,0.08823157101869583
131,4.366666666666666,,,,insightface_bbox,0.7048370242118835,72.20014190673828,543.4293212890625,916.797119140625,2256.407470703125,0,0,1,0,0,0,0,0,0,0,0,0,0.08186351507902145,0.045889221131801605,0.4632132053375244,0.0784607082605362,0.017196910455822945,0.04452161863446236,0.028232425451278687,0.039565492421388626,0.0889945924282074,0.059679705649614334,0.06386502087116241,0.08658989518880844
132,4.4,,,,insightface_bbox,0.7032883167266846,64.17465209960938,536.4492797851562,920.0294799804688,2268.779052734375,0,0,1,0,0,0,0,0,0,0,0,0,0.08158189058303833,0.04855875298380852,0.4270833432674408,0.08349031955003738,0.01755649782717228,0.04457254335284233,0.030224613845348358,0.04252932220697403,0.09009125828742981,0.06126509979367256,0.06043655797839165,0.08644986152648926
133,4.433333333333334,,,,insightface_bbox,0.7032883167266846,64.17465209960938,536.4492797851562,920.0294799804688,2268.779052734375,0,0,1,0,0,0,0,0,0,0,0,0,0.08115158975124359,0.04915793985128403,0.5085433125495911,0.08646777272224426,0.019253894686698914,0.05074608325958252,0.03579431027173996,0.04226185008883476,0.0874038115143776,0.06441469490528107,0.08596532046794891,0.10138177871704102
134,4.466666666666667,,,,insightface_bbox,0.7032883167266846,64.17465209960938,536.4492797851562,920.0294799804688,2268.779052734375,0,0,1,0,0,0,0,0,0,0,0,0,0.08877400308847427,0.056600116193294525,0.6377571821212769,0.11335635185241699,0.02216610126197338,0.057548314332962036,0.04128308966755867,0.045274119824171066,0.08907612413167953,0.06822886317968369,0.0954044982790947,0.10537795722484589
135,4.5,,,,insightface_bbox,0.7032883167266846,64.17465209960938,536.4492797851562,920.0294799804688,2268.779052734375,0,0,1,0,0,0,0,0,0,0,0,0,0.07264532893896103,0.041934676468372345,0.44795382022857666,0.07214440405368805,0.01672159694135189,0.04549267888069153,0.03063926100730896,0.03752688318490982,0.08171696215867996,0.06369714438915253,0.06872601062059402,0.08418868482112885
136,4.533333333333333,,,,insightface_bbox,0.7032883167266846,64.17465209960938,536.4492797851562,920.0294799804688,2268.779052734375,0,0,1,0,0,0,0,0,0,0,0,0,0.08189238607883453,0.049280405044555664,0.6099655032157898,0.09086721390485764,0.020751578733325005,0.055519357323646545,0.03792364522814751,0.04130236431956291,0.08601488173007965,0.06711926311254501,0.09544464945793152,0.1009649857878685
137,4.566666666666666,,,,insightface_bbox,0.7032883167266846,64.17465209960938,536.4492797851562,920.0294799804688,2268.779052734375,0,0,1,0,0,0,0,0,0,0,0,0,0.07884243130683899,0.04648971930146217,0.5928307175636292,0.08378851413726807,0.02014748565852642,0.05425534397363663,0.0366164930164814,0.040025342255830765,0.08406282961368561,0.06591298431158066,0.09111976623535156,0.09647993743419647
138,4.6,,,,insightface_bbox,0.6999362707138062,77.25135040283203,537.9965209960938,927.325439453125,2269.934326171875,0,0,1,0,0,0,0,0,0,0,0,0,0.06954510509967804,0.04084329679608345,0.3856530487537384,0.07267913222312927,0.016759179532527924,0.0467798076570034,0.03362634778022766,0.03891579061746597,0.08452609181404114,0.06613513827323914,0.0816703662276268,0.09301398694515228
139,4.633333333333334,,,,insightface_bbox,0.6999362707138062,77.25135040283203,537.9965209960938,927.325439453125,2269.934326171875,0,0,1,0,0,0,0,0,0,0,0,0,0.0893964171409607,0.05380448326468468,0.45225024223327637,0.10376720875501633,0.020149648189544678,0.05476241558790207,0.03754940256476402,0.04695644974708557,0.09553312510251999,0.07023682445287704,0.09148627519607544,0.10636835545301437
140,4.666666666666667,,,,insightface_bbox,0.6999362707138062,77.25135040283203,537.9965209960938,927.325439453125,2269.934326171875,0,0,1,0,0,0,0,0,0,0,0,0,0.0963868796825409,0.059429049491882324,0.4898717403411865,0.12164472043514252,0.02231450006365776,0.058423928916454315,0.04310348629951477,0.051315248012542725,0.10126515477895737,0.07332264631986618,0.09384830296039581,0.10963387787342072
141,4.7,,,,insightface_bbox,0.6999362707138062,77.25135040283203,537.9965209960938,927.325439453125,2269.934326171875,0,0,1,0,0,0,0,0,0,0,0,0,0.0974918082356453,0.05955319106578827,0.4719289541244507,0.12490810453891754,0.020594820380210876,0.053342338651418686,0.040049098432064056,0.049821093678474426,0.10124281793832779,0.07185948640108109,0.0794207900762558,0.10391530394554138
142,4.733333333333333,,,,insightface_bbox,0.6999362707138062,77.25135040283203,537.9965209960938,927.325439453125,2269.934326171875,0,0,1,0,0,0,0,0,0,0,0,0,0.11449258774518967,0.07288168370723724,0.5956873297691345,0.1664970964193344,0.024598436430096626,0.06348827481269836,0.050541866570711136,0.055609673261642456,0.10832510143518448,0.07696942239999771,0.09952426701784134,0.12202918529510498
143,4.766666666666667,,,,insightface_bbox,0.6999362707138062,77.25135040283203,537.9965209960938,927.325439453125,2269.934326171875,0,0,1,0,0,0,0,0,0,0,0,0,0.11024396121501923,0.06917515397071838,0.5587347745895386,0.15558627247810364,0.02340172417461872,0.062014494091272354,0.05066870152950287,0.052293241024017334,0.10382400453090668,0.07535086572170258,0.09867627173662186,0.12028089165687561
144,4.8,,,,insightface_bbox,0.6696066856384277,71.98737335205078,511.678955078125,906.1974487304688,2372.315673828125,0,0,1,0,0,0,0,0,0,0,0,0,0.09283490478992462,0.05613616108894348,0.572259783744812,0.1132626160979271,0.019349729642271996,0.05194184184074402,0.0360543318092823,0.04992011561989784,0.09771551936864853,0.06803607940673828,0.08410725742578506,0.11270847171545029
145,4.833333333333333,,,,insightface_bbox,0.6696066856384277,71.98737335205078,511.678955078125,906.1974487304688,2372.315673828125,0,0,1,0,0,0,0,0,0,0,0,0,0.08925648033618927,0.05480227991938591,0.685185432434082,0.10512686520814896,0.019295495003461838,0.050071943551301956,0.034053392708301544,0.04590338096022606,0.09445340931415558,0.06523187458515167,0.08710062503814697,0.1199386939406395
146,4.866666666666666,,,,insightface_bbox,0.6696066856384277,71.98737335205078,511.678955078125,906.1974487304688,2372.315673828125,0,0,1,0,0,0,0,0,0,0,0,0,0.08997209370136261,0.05549656227231026,0.6930431127548218,0.10670113563537598,0.018464213237166405,0.04879593476653099,0.03143153339624405,0.04607265815138817,0.09463310986757278,0.06542706489562988,0.08739791810512543,0.12333162128925323
147,4.9,,,,insightface_bbox,0.6696066856384277,71.98737335205078,511.678955078125,906.1974487304688,2372.315673828125,0,0,1,0,0,0,0,0,0,0,0,0,0.09459755569696426,0.05809888243675232,0.746233344078064,0.1134902611374855,0.01935528963804245,0.05021098256111145,0.032405003905296326,0.048349395394325256,0.09826070815324783,0.06783763319253922,0.09192091226577759,0.13163605332374573
148,4.933333333333334,,,,insightface_bbox,0.6696066856384277,71.98737335205078,511.678955078125,906.1974487304688,2372.315673828125,0,0,1,0,0,0,0,0,0,0,0,0,0.09655643254518509,0.05905179679393768,0.7974742650985718,0.11608176678419113,0.019629057496786118,0.05149047076702118,0.03276153653860092,0.049413345754146576,0.10009390115737915,0.06945132464170456,0.10000347346067429,0.14059360325336456
149,4.966666666666667,,,,insightface_bbox,0.6696066856384277,71.98737335205078,511.678955078125,906.1974487304688,2372.315673828125,0,0,1,0,0,0,0,0,0,0,0,0,0.09411744028329849,0.05856461822986603,0.8590208292007446,0.11075232177972794,0.020393885672092438,0.05289318040013313,0.03428664430975914,0.049031395465135574,0.10055512189865112,0.06849637627601624,0.10357443243265152,0.13776051998138428
150,5.0,,,,insightface_bbox,0.6362730860710144,50.730674743652344,476.47454833984375,911.9113159179688,2435.4716796875,0,0,1,0,0,0,0,0,0,0,0,0,0.10526932775974274,0.06686032563447952,0.5623579621315002,0.15592122077941895,0.01955552212893963,0.05133429169654846,0.035097308456897736,0.05027731508016586,0.10319989174604416,0.07045439630746841,0.07854201644659042,0.11589014530181885
151,5.033333333333333,,,,insightface_bbox,0.6362730860710144,50.730674743652344,476.47454833984375,911.9113159179688,2435.4716796875,0,0,1,0,0,0,0,0,0,0,0,0,0.11335662007331848,0.07216735929250717,0.567922055721283,0.1757730394601822,0.021029654890298843,0.05505575239658356,0.039229895919561386,0.053407907485961914,0.10687827318906784,0.07408706843852997,0.08542939275503159,0.12428724020719528
152,5.066666666666666,,,,insightface_bbox,0.6362730860710144,50.730674743652344,476.47454833984375,911.9113159179688,2435.4716796875,0,0,1,0,0,0,0,0,0,0,0,0,0.10846348106861115,0.06842051446437836,0.5827493667602539,0.15907032787799835,0.021405670791864395,0.0557609423995018,0.039107851684093475,0.052219685167074203,0.10778126120567322,0.07414698600769043,0.08501273393630981,0.1226196363568306
153,5.1,,,,insightface_bbox,0.6362730860710144,50.730674743652344,476.47454833984375,911.9113159179688,2435.4716796875,0,0,1,0,0,0,0,0,0,0,0,0,0.10709702968597412,0.06705980002880096,0.5643901824951172,0.15165963768959045,0.021065160632133484,0.05446789786219597,0.03714432194828987,0.05221518129110336,0.11158743500709534,0.07434100657701492,0.07642464339733124,0.1112358346581459
154,5.133333333333334,,,,insightface_bbox,0.6362730860710144,50.730674743652344,476.47454833984375,911.9113159179688,2435.4716796875,0,0,1,0,0,0,0,0,0,0,0,0,0.09336063265800476,0.05636264383792877,0.5406652688980103,0.1118798479437828,0.019179319962859154,0.05060195177793503,0.032810553908348083,0.04559614136815071,0.10804157704114914,0.0669582262635231,0.06720329821109772,0.09153436124324799
155,5.166666666666667,,,,insightface_bbox,0.6362730860710144,50.730674743652344,476.47454833984375,911.9113159179688,2435.4716796875,0,0,1,0,0,0,0,0,0,0,0,0,0.09946786612272263,0.06336644291877747,0.6709688305854797,0.13977034389972687,0.02224765345454216,0.05420874059200287,0.03951944410800934,0.053377989679574966,0.10867849737405777,0.0696367621421814,0.06975053995847702,0.09605629742145538
156,5.2,,,,insightface_bbox,0.6788369417190552,53.349430084228516,509.57965087890625,902.18017578125,2297.466552734375,0,0,1,0,0,0,0,0,0,0,0,0,0.0964098870754242,0.05847008898854256,0.4301261603832245,0.1136360913515091,0.01892978698015213,0.04712418094277382,0.03691782429814339,0.050058260560035706,0.10464653372764587,0.06895389407873154,0.06311152130365372,0.10492298752069473
157,5.233333333333333,,,,insightface_bbox,0.6788369417190552,53.349430084228516,509.57965087890625,902.18017578125,2297.466552734375,0,0,1,0,0,0,0,0,0,0,0,0,0.08836905658245087,0.0512881800532341,0.46587228775024414,0.09507259726524353,0.0183071531355381,0.04508696869015694,0.03064529038965702,0.04558086395263672,0.09920515865087509,0.06385515630245209,0.05492235720157623,0.09228307753801346
158,5.266666666666667,,,,insightface_bbox,0.6788369417190552,53.349430084228516,509.57965087890625,902.18017578125,2297.466552734375,0,0,1,0,0,0,0,0,0,0,0,0,0.08914656937122345,0.053299352526664734,0.44158098101615906,0.10059277713298798,0.020292021334171295,0.05093565210700035,0.0344277061522007,0.04811697080731392,0.09855885058641434,0.06769174337387085,0.07890206575393677,0.10243533551692963
159,5.3,,,,insightface_bbox,0.6788369417190552,53.349430084228516,509.57965087890625,902.18017578125,2297.466552734375,0,0,1,0,0,0,0,0,0,0,0,0,0.08073455840349197,0.048076432198286057,0.4055952727794647,0.0875362679362297,0.01917966641485691,0.05275620147585869,0.034913741052150726,0.04534166306257248,0.09606693685054779,0.0678795874118805,0.08163115382194519,0.09948354214429855
160,5.333333333333333,,,,insightface_bbox,0.6788369417190552,53.349430084228516,509.57965087890625,902.18017578125,2297.466552734375,0,0,1,0,0,0,0,0,0,0,0,0,0.08527617156505585,0.05069970712065697,0.4282214045524597,0.09438788890838623,0.01994273066520691,0.05590003728866577,0.037828948348760605,0.047451578080654144,0.09914842247962952,0.070200115442276,0.09083761274814606,0.10570499300956726
161,5.366666666666666,,,,insightface_bbox,0.6788369417190552,53.349430084228516,509.57965087890625,902.18017578125,2297.466552734375,0,0,1,0,0,0,0,0,0,0,0,0,0.09529103338718414,0.05658655986189842,0.48105356097221375,0.11128722876310349,0.02068261429667473,0.05333121865987778,0.03837357833981514,0.050444670021533966,0.10244382917881012,0.07030785828828812,0.08058829605579376,0.10902539640665054
162,5.4,,,,insightface_bbox,0.6903432607650757,69.93319702148438,525.9574584960938,905.4547119140625,2295.135009765625,0,0,1,0,0,0,0,0,0,0,0,0,0.07905963808298111,0.04649285599589348,0.515729546546936,0.08167344331741333,0.017927516251802444,0.04627520218491554,0.03214191272854805,0.045735590159893036,0.09514826536178589,0.06307489424943924,0.08571807295084,0.11076010018587112
163,5.433333333333334,,,,insightface_bbox,0.6903432607650757,69.93319702148438,525.9574584960938,905.4547119140625,2295.135009765625,0,0,1,0,0,0,0,0,0,0,0,0,0.0813671126961708,0.047695454210042953,0.5794761180877686,0.08141487091779709,0.019735749810934067,0.050711020827293396,0.038427650928497314,0.047820575535297394,0.10032165050506592,0.06849353760480881,0.10135308653116226,0.11583161354064941
164,5.466666666666667,,,,insightface_bbox,0.6903432607650757,69.93319702148438,525.9574584960938,905.4547119140625,2295.135009765625,0,0,1,0,0,0,0,0,0,0,0,0,0.07984179258346558,0.04661068320274353,0.5855323076248169,0.07816213369369507,0.019744327291846275,0.05079088732600212,0.03803091123700142,0.047396183013916016,0.09959526360034943,0.06754451245069504,0.10623198002576828,0.11776107549667358
165,5.5,,,,insightface_bbox,0.6903432607650757,69.93319702148438,525.9574584960938,905.4547119140625,2295.135009765625,0,0,1,0,0,0,0,0,0,0,0,0,0.08132731914520264,0.047575585544109344,0.7100865244865417,0.07852089405059814,0.02073821797966957,0.053169336169958115,0.038879334926605225,0.047493211925029755,0.0979972630739212,0.06610440462827682,0.11284813284873962,0.11399918049573898
166,5.533333333333333,,,,insightface_bbox,0.6903432607650757,69.93319702148438,525.9574584960938,905.4547119140625,2295.135009765625,0,0,1,0,0,0,0,0,0,0,0,0,0.08672219514846802,0.051638081669807434,0.7976260781288147,0.09195470064878464,0.022595925256609917,0.06189265847206116,0.04629925638437271,0.052698515355587006,0.10109729319810867,0.06940790265798569,0.14378835260868073,0.12718798220157623
167,5.566666666666666,,,,insightface_bbox,0.6903432607650757,69.93319702148438,525.9574584960938,905.4547119140625,2295.135009765625,0,0,1,0,0,0,0,0,0,0,0,0,0.0890076532959938,0.052958227694034576,0.8050711154937744,0.0951547771692276,0.023905374109745026,0.06539271771907806,0.05140507593750954,0.05428913235664368,0.10321767628192902,0.0708308219909668,0.15853336453437805,0.13484561443328857
168,5.6,,,,insightface_bbox,0.6984142065048218,56.73542022705078,525.0995483398438,899.358154296875,2290.678955078125,0,0,1,0,0,0,0,0,0,0,0,0,0.08897946774959564,0.05443248152732849,0.693240225315094,0.10258282721042633,0.022711090743541718,0.059248991310596466,0.04547109827399254,0.05393107980489731,0.10322177410125732,0.06966377794742584,0.1062648743391037,0.12117009609937668
169,5.633333333333334,,,,insightface_bbox,0.6984142065048218,56.73542022705078,525.0995483398438,899.358154296875,2290.678955078125,0,0,1,0,0,0,0,0,0,0,0,0,0.08415159583091736,0.049723390489816666,0.766961932182312,0.08490055799484253,0.021063443273305893,0.05492245778441429,0.04004232957959175,0.0463995635509491,0.09903929382562637,0.06515182554721832,0.09456558525562286,0.10750563442707062
170,5.666666666666667,,,,insightface_bbox,0.6984142065048218,56.73542022705078,525.0995483398438,899.358154296875,2290.678955078125,0,0,1,0,0,0,0,0,0,0,0,0,0.08118924498558044,0.04708820581436157,0.7654004693031311,0.07769227027893066,0.019576914608478546,0.052644018083810806,0.04083404690027237,0.04440153017640114,0.09525719285011292,0.06533999741077423,0.10345478355884552,0.1052553802728653
171,5.7,,,,insightface_bbox,0.6984142065048218,56.73542022705078,525.0995483398438,899.358154296875,2290.678955078125,0,0,1,0,0,0,0,0,0,0,0,0,0.08714355528354645,0.050192732363939285,0.7307001948356628,0.08545085787773132,0.0203685462474823,0.053169261664152145,0.03976679965853691,0.04616881161928177,0.09888361394405365,0.0670398622751236,0.09280295670032501,0.10816193372011185
172,5.733333333333333,,,,insightface_bbox,0.6984142065048218,56.73542022705078,525.0995483398438,899.358154296875,2290.678955078125,0,0,1,0,0,0,0,0,0,0,0,0,0.0905197262763977,0.051339276134967804,0.7532232999801636,0.08815382421016693,0.021039722487330437,0.05320373922586441,0.03906691074371338,0.04582468047738075,0.09983711689710617,0.06659411638975143,0.0862816721200943,0.10809161514043808
173,5.766666666666667,,,,insightface_bbox,0.6984142065048218,56.73542022705078,525.0995483398438,899.358154296875,2290.678955078125,0,0,1,0,0,0,0,0,0,0,0,0,0.08953592926263809,0.05181341618299484,0.7888182401657104,0.08985525369644165,0.02268792688846588,0.05798834562301636,0.04254467040300369,0.04822033643722534,0.10000143200159073,0.06573302298784256,0.1070883721113205,0.11125118285417557
174,5.8,,,,insightface_bbox,0.6941816806793213,49.64174270629883,486.0406188964844,910.1812744140625,2271.5751953125,0,0,1,0,0,0,0,0,0,0,0,0,0.11133138835430145,0.07125125080347061,0.6985118389129639,0.16071739792823792,0.026365702971816063,0.06828931719064713,0.057788971811532974,0.05634399503469467,0.1091606542468071,0.07639408111572266,0.12101046741008759,0.13064289093017578
175,5.833333333333333,,,,insightface_bbox,0.6941816806793213,49.64174270629883,486.0406188964844,910.1812744140625,2271.5751953125,0,0,1,0,0,0,0,0,0,0,0,0,0.11522472649812698,0.07439771294593811,0.796467125415802,0.16586951911449432,0.027828700840473175,0.0731353759765625,0.06083950027823448,0.05767738074064255,0.11276538670063019,0.07833905518054962,0.1253492534160614,0.13816165924072266
176,5.866666666666666,,,,insightface_bbox,0.6941816806793213,49.64174270629883,486.0406188964844,910.1812744140625,2271.5751953125,0,0,1,0,0,0,0,0,0,0,0,0,0.10306350141763687,0.06193598359823227,0.6130656599998474,0.12840241193771362,0.023836001753807068,0.059851884841918945,0.04622536152601242,0.05119098722934723,0.10892762988805771,0.07238617539405823,0.09223013371229172,0.12573115527629852
177,5.9,,,,insightface_bbox,0.6941816806793213,49.64174270629883,486.0406188964844,910.1812744140625,2271.5751953125,0,0,1,0,0,0,0,0,0,0,0,0,0.08911801874637604,0.051418472081422806,0.5214999914169312,0.09554099291563034,0.020707476884126663,0.05255754664540291,0.03733820840716362,0.04497736319899559,0.09937185049057007,0.06373593211174011,0.07729707658290863,0.11248435825109482
178,5.933333333333334,,,,insightface_bbox,0.6941816806793213,49.64174270629883,486.0406188964844,910.1812744140625,2271.5751953125,0,0,1,0,0,0,0,0,0,0,0,0,0.10086898505687714,0.06017439439892769,0.6285582780838013,0.12482726573944092,0.02282121777534485,0.05644061043858528,0.04219883680343628,0.0489184595644474,0.10861839354038239,0.06994540989398956,0.07354690879583359,0.10951326042413712
179,5.966666666666667,,,,insightface_bbox,0.6941816806793213,49.64174270629883,486.0406188964844,910.1812744140625,2271.5751953125,0,0,1,0,0,0,0,0,0,0,0,0,0.10935478657484055,0.06739445775747299,0.6730889081954956,0.14570987224578857,0.024020543321967125,0.060177065432071686,0.046908967196941376,0.05190508812665939,0.11334768682718277,0.07368483394384384,0.07522593438625336,0.11111143976449966
180,6.0,,,,insightface_bbox,0.686611533164978,78.29389953613281,535.98095703125,910.0360717773438,2267.15771484375,0,0,1,0,0,0,0,0,0,0,0,0,0.07525981962680817,0.04554657265543938,0.5440617799758911,0.08583348244428635,0.022336628288030624,0.0560765378177166,0.05442868545651436,0.053485896438360214,0.10251381993293762,0.07730186730623245,0.1499364823102951,0.1662459373474121
181,6.033333333333333,,,,insightface_bbox,0.686611533164978,78.29389953613281,535.98095703125,910.0360717773438,2267.15771484375,0,0,1,0,0,0,0,0,0,0,0,0,0.09589407593011856,0.05501547455787659,0.8272519707679749,0.1077074185013771,0.029148604720830917,0.07852078974246979,0.06438253074884415,0.05710482597351074,0.1089123785495758,0.076512411236763,0.22754022479057312,0.1947372853755951
182,6.066666666666666,,,,insightface_bbox,0.686611533164978,78.29389953613281,535.98095703125,910.0360717773438,2267.15771484375,0,0,1,0,0,0,0,0,0,0,0,0,0.09777580201625824,0.05835898220539093,0.7861326932907104,0.117516428232193,0.0337173268198967,0.09364261478185654,0.07327099144458771,0.05438839644193649,0.10680131614208221,0.07836917042732239,0.23797036707401276,0.1989385485649109
183,6.1,,,,insightface_bbox,0.686611533164978,78.29389953613281,535.98095703125,910.0360717773438,2267.15771484375,0,0,1,0,0,0,0,0,0,0,0,0,0.09716879576444626,0.059784501791000366,0.608546793460846,0.12485264986753464,0.03705557808279991,0.1033148467540741,0.07352224737405777,0.06541325151920319,0.11424621939659119,0.08864827454090118,0.22081533074378967,0.20691895484924316
184,6.133333333333334,,,,insightface_bbox,0.686611533164978,78.29389953613281,535.98095703125,910.0360717773438,2267.15771484375,0,0,1,0,0,0,0,0,0,0,0,0,0.0881279706954956,0.054292384535074234,0.515422523021698,0.11621522903442383,0.03443275764584541,0.09679076075553894,0.054694268852472305,0.060616232454776764,0.10402470082044601,0.08113599568605423,0.1560826450586319,0.16684168577194214
185,6.166666666666667,,,,insightface_bbox,0.686611533164978,78.29389953613281,535.98095703125,910.0360717773438,2267.15771484375,0,0,1,0,0,0,0,0,0,0,0,0,0.0810108631849289,0.05097153037786484,0.5553662180900574,0.11105211079120636,0.034333910793066025,0.09541072696447372,0.05313405767083168,0.05995108187198639,0.10020128637552261,0.08059816062450409,0.14621002972126007,0.15607012808322906
186,6.2,,,,insightface_bbox,0.7018265724182129,147.90838623046875,535.6096801757812,992.7960205078125,2238.218017578125,0,0,1,0,0,0,0,0,0,0,0,0,0.09344087541103363,0.06211462989449501,0.7079725861549377,0.14377351105213165,0.043877582997083664,0.1359616369009018,0.07912451028823853,0.06933434307575226,0.10347899049520493,0.08832208812236786,0.21418221294879913,0.16162635385990143
187,6.233333333333333,,,,insightface_bbox,0.7018265724182129,147.90838623046875,535.6096801757812,992.7960205078125,2238.218017578125,0,0,1,0,0,0,0,0,0,0,0,0,0.11134158074855804,0.07430267333984375,0.7845737934112549,0.19027887284755707,0.04635526239871979,0.14433568716049194,0.08176754415035248,0.07349561899900436,0.10941952466964722,0.09390422701835632,0.22076863050460815,0.17492401599884033
188,6.266666666666667,,,,insightface_bbox,0.7018265724182129,147.90838623046875,535.6096801757812,992.7960205078125,2238.218017578125,0,0,1,0,0,0,0,0,0,0,0,0,0.13352727890014648,0.08706561475992203,0.8674963712692261,0.23318636417388916,0.047663431614637375,0.14823684096336365,0.08921565115451813,0.07800302654504776,0.1159808412194252,0.09924835711717606,0.24228782951831818,0.19870685040950775
189,6.3,,,,insightface_bbox,0.7018265724182129,147.90838623046875,535.6096801757812,992.7960205078125,2238.218017578125,0,0,1,0,0,0,0,0,0,0,0,0,0.1348005086183548,0.08552061021327972,0.9595632553100586,0.2207595258951187,0.050599463284015656,0.15550117194652557,0.08950792998075485,0.07883204519748688,0.12014976143836975,0.09989730268716812,0.2490169107913971,0.19821426272392273
190,6.333333333333333,,,,insightface_bbox,0.7018265724182129,147.90838623046875,535.6096801757812,992.7960205078125,2238.218017578125,0,0,1,0,0,0,0,0,0,0,0,0,0.13484643399715424,0.0861256942152977,0.994346022605896,0.22375822067260742,0.050947144627571106,0.1647002398967743,0.09018036723136902,0.07864822447299957,0.1184704452753067,0.09938833117485046,0.25600743293762207,0.19948245584964752
191,6.366666666666666,,,,insightface_bbox,0.7018265724182129,147.90838623046875,535.6096801757812,992.7960205078125,2238.218017578125,0,0,1,0,0,0,0,0,0,0,0,0,0.1261204481124878,0.0835573598742485,0.8789634108543396,0.2323712259531021,0.0511966198682785,0.1609037071466446,0.08998756110668182,0.08090585470199585,0.11430136859416962,0.1025131344795227,0.2730783224105835,0.2036045491695404
192,6.4,,,,insightface_bbox,0.7404356002807617,150.28855895996094,538.91748046875,992.2107543945312,2199.020263671875,0,0,1,0,0,0,0,0,0,0,0,0,0.11618860065937042,0.07969166338443756,0.8556336760520935,0.22106632590293884,0.053162988275289536,0.16069895029067993,0.0998128205537796,0.0844612568616867,0.11376082897186279,0.10445033013820648,0.26215893030166626,0.20366789400577545
193,6.433333333333334,,,,insightface_bbox,0.7404356002807617,150.28855895996094,538.91748046875,992.2107543945312,2199.020263671875,0,0,1,0,0,0,0,0,0,0,0,0,0.1086273118853569,0.07294205576181412,0.8632563948631287,0.18530988693237305,0.048244182020425797,0.14051152765750885,0.08809912204742432,0.0759538784623146,0.10953544080257416,0.1005852222442627,0.21587440371513367,0.18407635390758514
194,6.466666666666667,,,,insightface_bbox,0.7404356002807617,150.28855895996094,538.91748046875,992.2107543945312,2199.020263671875,0,0,1,0,0,0,0,0,0,0,0,0,0.09178080409765244,0.058688946068286896,0.7359200119972229,0.13324277102947235,0.04401198774576187,0.12836790084838867,0.07459022849798203,0.0666850358247757,0.10282010585069656,0.08963830024003983,0.1938302218914032,0.16145335137844086
195,6.5,,,,insightface_bbox,0.7404356002807617,150.28855895996094,538.91748046875,992.2107543945312,2199.020263671875,0,0,1,0,0,0,0,0,0,0,0,0,0.10997968912124634,0.06476878374814987,0.8087926506996155,0.14324109256267548,0.044029463082551956,0.1250344216823578,0.07682598382234573,0.06615667790174484,0.10663696378469467,0.0907905250787735,0.19806770980358124,0.16737891733646393
196,6.533333333333333,,,,insightface_bbox,0.7404356002807617,150.28855895996094,538.91748046875,992.2107543945312,2199.020263671875,0,0,1,0,0,0,0,0,0,0,0,0,0.10517369955778122,0.061315182596445084,0.8486135005950928,0.13146641850471497,0.045216821134090424,0.11999408900737762,0.07304168492555618,0.06497156620025635,0.10768629610538483,0.0868069976568222,0.1811615377664566,0.1697283834218979
197,6.566666666666666,,,,insightface_bbox,0.7404356002807617,150.28855895996094,538.91748046875,992.2107543945312,2199.020263671875,0,0,1,0,0,0,0,0,0,0,0,0,0.10032197833061218,0.057865455746650696,0.7831058502197266,0.11843894422054291,0.043576277792453766,0.1123163253068924,0.07121986895799637,0.06333009153604507,0.10673094540834427,0.08581699430942535,0.1815485805273056,0.17116892337799072
198,6.6,,,,insightface_bbox,0.7059561610221863,103.36878967285156,534.5958862304688,957.5335083007812,2211.7548828125,0,0,1,0,0,0,0,0,0,0,0,0,0.11025809496641159,0.0666588693857193,1.0005571842193604,0.1456913948059082,0.04278958588838577,0.11641354858875275,0.07532460987567902,0.061454564332962036,0.10239118337631226,0.08517351001501083,0.1959790587425232,0.151157945394516
199,6.633333333333334,,,,insightface_bbox,0.7059561610221863,103.36878967285156,534.5958862304688,957.5335083007812,2211.7548828125,0,0,1,0,0,0,0,0,0,0,0,0,0.11173589527606964,0.0690615326166153,0.8460273742675781,0.15138009190559387,0.04152849316596985,0.10865868628025055,0.07619737088680267,0.06455910950899124,0.10637922585010529,0.09112701565027237,0.20202046632766724,0.1669292002916336
200,6.666666666666667,,,,insightface_bbox,0.7059561610221863,103.36878967285156,534.5958862304688,957.5335083007812,2211.7548828125,0,0,1,0,0,0,0,0,0,0,0,0,0.10805617272853851,0.06565190851688385,0.8678513169288635,0.13812144100666046,0.039963915944099426,0.10575666278600693,0.07292618602514267,0.06115612015128136,0.10528958588838577,0.08790236711502075,0.1995285451412201,0.16082845628261566
201,6.7,,,,insightface_bbox,0.7059561610221863,103.36878967285156,534.5958862304688,957.5335083007812,2211.7548828125,0,0,1,0,1,0,0,0,0,0,0,0,0.11329808831214905,0.06560259312391281,0.9780678749084473,0.13069991767406464,0.04214318469166756,0.11112931370735168,0.07797235250473022,0.06053294241428375,0.10732275247573853,0.0861603319644928,0.21207617223262787,0.1693657785654068
202,6.733333333333333,,,,insightface_bbox,0.7059561610221863,103.36878967285156,534.5958862304688,957.5335083007812,2211.7548828125,0,0,1,0,0,0,0,0,0,0,0,0,0.10360806435346603,0.0607326477766037,0.8402686715126038,0.11755239963531494,0.037928253412246704,0.1049816906452179,0.07228177785873413,0.055836472660303116,0.10229381918907166,0.08254308253526688,0.2073194682598114,0.1520121693611145
203,6.766666666666667,,,,insightface_bbox,0.7059561610221863,103.36878967285156,534.5958862304688,957.5335083007812,2211.7548828125,0,0,1,0,0,0,0,0,0,0,0,0,0.13379046320915222,0.08259311318397522,0.9237070083618164,0.17531605064868927,0.0383572056889534,0.1172347366809845,0.08697012066841125,0.06581352651119232,0.11247478425502777,0.09015744924545288,0.2719655930995941,0.19197797775268555
204,6.8,,,,insightface_bbox,0.6423451900482178,91.37579345703125,430.1781005859375,939.4183959960938,2406.3759765625,0,0,1,0,0,0,0,0,0,0,0,0,0.1276121288537979,0.08068888634443283,0.887194812297821,0.1619379073381424,0.030688893049955368,0.0956558808684349,0.0741148591041565,0.05729386582970619,0.10854685306549072,0.08633383363485336,0.2005508542060852,0.1679609715938568
205,6.833333333333333,,,,insightface_bbox,0.6423451900482178,91.37579345703125,430.1781005859375,939.4183959960938,2406.3759765625,0,0,1,0,0,0,0,0,0,0,0,0,0.11480201780796051,0.0717930793762207,0.9104167819023132,0.13724428415298462,0.02859017252922058,0.08878336101770401,0.06684167683124542,0.05214244872331619,0.10238060355186462,0.08059505373239517,0.17389261722564697,0.15096521377563477
206,6.866666666666666,,,,insightface_bbox,0.6423451900482178,91.37579345703125,430.1781005859375,939.4183959960938,2406.3759765625,0,0,1,0,0,0,0,0,0,0,0,0,0.11211970448493958,0.06401202082633972,0.8496794700622559,0.11495904624462128,0.026661735028028488,0.07872980087995529,0.05457548797130585,0.04704563319683075,0.09881273657083511,0.07674252986907959,0.1523537039756775,0.1311315894126892
207,6.9,,,,insightface_bbox,0.6423451900482178,91.37579345703125,430.1781005859375,939.4183959960938,2406.3759765625,0,0,1,0,0,0,0,0,0,0,0,0,0.09761016070842743,0.055738333612680435,0.73410564661026,0.09769699722528458,0.02363371104001999,0.06690171360969543,0.04480893909931183,0.04301713779568672,0.09341718256473541,0.07001033425331116,0.12281819432973862,0.10663104057312012
208,6.933333333333334,,,,insightface_bbox,0.6423451900482178,91.37579345703125,430.1781005859375,939.4183959960938,2406.3759765625,0,0,1,0,0,0,0,0,0,0,0,0,0.09871025383472443,0.05832802131772041,0.7527868747711182,0.10618404299020767,0.02372996136546135,0.06793440133333206,0.048348456621170044,0.044974662363529205,0.09445014595985413,0.07178383320569992,0.12282046675682068,0.10626232624053955
209,6.966666666666667,,,,insightface_bbox,0.6423451900482178,91.37579345703125,430.1781005859375,939.4183959960938,2406.3759765625,0,0,1,0,0,0,0,0,0,0,0,0,0.09876960515975952,0.0596451535820961,0.7140818238258362,0.10711318254470825,0.022057415917515755,0.06291363388299942,0.044096413999795914,0.04360903799533844,0.09138545393943787,0.06905575096607208,0.10527937859296799,0.10247445851564407
210,7.0,,,,insightface_bbox,0.6621367931365967,69.64897155761719,453.3776550292969,933.0517578125,2369.468505859375,0,0,1,0,0,0,0,0,0,0,0,0,0.13465040922164917,0.0896887332201004,0.9101846218109131,0.22929120063781738,0.031687743961811066,0.07938501238822937,0.058180730789899826,0.06243940815329552,0.11239787936210632,0.08318298310041428,0.11291318386793137,0.12766873836517334
211,7.033333333333333,,,,insightface_bbox,0.6621367931365967,69.64897155761719,453.3776550292969,933.0517578125,2369.468505859375,0,0,1,0,0,0,0,0,0,0,0,0,0.14346694946289062,0.09638867527246475,0.9971978664398193,0.244010329246521,0.03395480662584305,0.0884225144982338,0.06702399998903275,0.06510664522647858,0.11972920596599579,0.08754914999008179,0.1421009600162506,0.13796360790729523
212,7.066666666666666,,,,insightface_bbox,0.6621367931365967,69.64897155761719,453.3776550292969,933.0517578125,2369.468505859375,0,0,1,0,0,0,0,0,0,0,0,0,0.1464836150407791,0.09642450511455536,0.9692371487617493,0.24514871835708618,0.03259408846497536,0.08413992077112198,0.06306509673595428,0.0630900114774704,0.11249895393848419,0.08522874861955643,0.12688007950782776,0.13776960968971252
213,7.1,,,,insightface_bbox,0.6621367931365967,69.64897155761719,453.3776550292969,933.0517578125,2369.468505859375,0,0,1,0,0,0,0,0,0,0,0,0,0.13248412311077118,0.08624589443206787,0.8934754729270935,0.20469672977924347,0.029962189495563507,0.07764855027198792,0.05811235308647156,0.05707729235291481,0.10795726627111435,0.08101429045200348,0.11954493075609207,0.12876050174236298
214,7.133333333333334,,,,insightface_bbox,0.6621367931365967,69.64897155761719,453.3776550292969,933.0517578125,2369.468505859375,0,0,1,0,0,0,0,0,0,0,0,0,0.13704416155815125,0.08971158415079117,0.9185060262680054,0.2136337012052536,0.030131544917821884,0.07904323935508728,0.05920863151550293,0.05717434361577034,0.10842111706733704,0.08158870041370392,0.12423160672187805,0.13089868426322937
215,7.166666666666667,,,,insightface_bbox,0.6621367931365967,69.64897155761719,453.3776550292969,933.0517578125,2369.468505859375,0,0,1,0,0,0,0,0,0,0,0,0,0.13276046514511108,0.08469581604003906,0.9431740641593933,0.1985923796892166,0.030658569186925888,0.07963906228542328,0.055830106139183044,0.05559488758444786,0.10913771390914917,0.08088376373052597,0.12070267647504807,0.12548407912254333
216,7.2,,,,insightface_bbox,0.6889746785163879,69.32440185546875,507.1367492675781,942.4679565429688,2253.28369140625,0,0,1,0,0,0,0,0,0,0,0,0,0.12700152397155762,0.0818859413266182,1.081277847290039,0.20244470238685608,0.03206700459122658,0.08198704570531845,0.06001058965921402,0.05598531663417816,0.10742001980543137,0.07840412855148315,0.09856262058019638,0.11519907414913177
217,7.233333333333333,,,,insightface_bbox,0.6889746785163879,69.32440185546875,507.1367492675781,942.4679565429688,2253.28369140625,0,0,1,0,0,0,0,0,0,0,0,0,0.11662720143795013,0.0743863582611084,1.0742613077163696,0.17767131328582764,0.031001556664705276,0.07693369686603546,0.05556881055235863,0.051046356558799744,0.10563190281391144,0.07516889274120331,0.0890263244509697,0.10458055138587952
218,7.266666666666667,,,,insightface_bbox,0.6889746785163879,69.32440185546875,507.1367492675781,942.4679565429688,2253.28369140625,0,0,1,0,0,0,0,0,0,0,0,0,0.11218584328889847,0.06999650597572327,1.0964131355285645,0.15994729101657867,0.032594580203294754,0.0805487111210823,0.05963737145066261,0.05071306228637695,0.10420623421669006,0.07531487196683884,0.10013358294963837,0.11109359562397003
219,7.3,,,,insightface_bbox,0.6889746785163879,69.32440185546875,507.1367492675781,942.4679565429688,2253.28369140625,0,0,1,0,0,0,0,0,0,0,0,0,0.10679362714290619,0.06438877433538437,1.127467393875122,0.1396348923444748,0.034018225967884064,0.0827840119600296,0.05997972935438156,0.04932069778442383,0.10346177220344543,0.072611503303051,0.09654325246810913,0.10494846105575562
220,7.333333333333333,,,,insightface_bbox,0.6889746785163879,69.32440185546875,507.1367492675781,942.4679565429688,2253.28369140625,0,0,1,0,1,0,0,0,0,0,0,0,0.10566772520542145,0.06318341195583344,1.1619408130645752,0.13408498466014862,0.03561302646994591,0.08514073491096497,0.06449554860591888,0.04964996874332428,0.10346636176109314,0.0728512853384018,0.10137425363063812,0.10437072813510895
221,7.366666666666666,,,,insightface_bbox,0.6889746785163879,69.32440185546875,507.1367492675781,942.4679565429688,2253.28369140625,0,0,1,0,0,0,0,0,0,0,0,0,0.10821013897657394,0.0658641830086708,1.1686413288116455,0.14633001387119293,0.03546687215566635,0.08589550107717514,0.0647553950548172,0.0515284426510334,0.10490723699331284,0.07413636893033981,0.10684961080551147,0.10717368125915527
222,7.4,,,,insightface_bbox,0.6899206638336182,75.82139587402344,524.443115234375,935.8270874023438,2260.732666015625,0,0,1,0,0,0,0,0,0,0,0,0,0.13316796720027924,0.08114733546972275,1.0289883613586426,0.2060205638408661,0.03535617142915726,0.09201128780841827,0.07263877242803574,0.06009713560342789,0.11252950876951218,0.08410383015871048,0.14446797966957092,0.14232316613197327
223,7.433333333333334,,,,insightface_bbox,0.6899206638336182,75.82139587402344,524.443115234375,935.8270874023438,2260.732666015625,0,0,1,0,0,0,0,0,0,0,0,0,0.1375342309474945,0.08401275426149368,1.1049559116363525,0.21751481294631958,0.036581218242645264,0.09687663614749908,0.0770704597234726,0.061300601810216904,0.11393630504608154,0.08553776890039444,0.15405479073524475,0.14033065736293793
224,7.466666666666667,,,,insightface_bbox,0.6899206638336182,75.82139587402344,524.443115234375,935.8270874023438,2260.732666015625,0,0,1,0,0,0,0,0,0,0,0,0,0.12160980701446533,0.07478553056716919,1.0430655479431152,0.17860890924930573,0.03436504304409027,0.09268876165151596,0.07093842327594757,0.05670350044965744,0.10693928599357605,0.08064494282007217,0.15359999239444733,0.13327190279960632
225,7.5,,,,insightface_bbox,0.6899206638336182,75.82139587402344,524.443115234375,935.8270874023438,2260.732666015625,0,0,1,0,0,0,0,0,0,0,0,0,0.11737331748008728,0.0727628841996193,1.0001044273376465,0.16971378028392792,0.03393040597438812,0.09776405245065689,0.06965523958206177,0.05690404027700424,0.1035371869802475,0.08025383949279785,0.16533076763153076,0.13013508915901184
226,7.533333333333333,,,,insightface_bbox,0.6899206638336182,75.82139587402344,524.443115234375,935.8270874023438,2260.732666015625,0,0,1,0,0,0,0,0,0,0,0,0,0.14544805884361267,0.09376674145460129,0.9977970123291016,0.23696187138557434,0.03936492279171944,0.11267532408237457,0.07889233529567719,0.06863883882761002,0.1148589700460434,0.0933978259563446,0.198226198554039,0.16636328399181366
227,7.566666666666666,,,,insightface_bbox,0.6899206638336182,75.82139587402344,524.443115234375,935.8270874023438,2260.732666015625,0,0,1,0,0,0,0,0,0,0,0,0,0.1331559121608734,0.08186793327331543,1.0801417827606201,0.19182933866977692,0.040039680898189545,0.10680525004863739,0.07358213514089584,0.06455355137586594,0.1094285324215889,0.08706679940223694,0.20706461369991302,0.16330735385417938
228,7.6,,,,insightface_bbox,0.6376577019691467,144.73629760742188,408.8536682128906,1012.6354370117188,2439.82666015625,0,0,1,0,0,0,0,0,0,0,0,0,0.10324868559837341,0.06245076283812523,1.103417158126831,0.1362663209438324,0.03687376528978348,0.10304591059684753,0.055839452892541885,0.05676332488656044,0.1001165434718132,0.0771808996796608,0.15540242195129395,0.1317541003227234
229,7.633333333333334,,,,insightface_bbox,0.6376577019691467,144.73629760742188,408.8536682128906,1012.6354370117188,2439.82666015625,0,0,1,0,0,0,0,0,0,0,0,0,0.10628040134906769,0.064888134598732,0.9329644441604614,0.15872874855995178,0.03170884773135185,0.0920233502984047,0.047554850578308105,0.05880618840456009,0.1008676290512085,0.07913432270288467,0.1322699934244156,0.12033175677061081
230,7.666666666666667,,,,insightface_bbox,0.6376577019691467,144.73629760742188,408.8536682128906,1012.6354370117188,2439.82666015625,0,0,1,0,0,0,0,0,0,0,0,0,0.11621832847595215,0.0762188732624054,0.8862717151641846,0.22073811292648315,0.0330837182700634,0.09395816922187805,0.052455656230449677,0.06763748079538345,0.10446079075336456,0.08755557984113693,0.14026576280593872,0.12795837223529816
231,7.7,,,,insightface_bbox,0.6376577019691467,144.73629760742188,408.8536682128906,1012.6354370117188,2439.82666015625,0,0,1,0,0,0,0,0,0,0,0,0,0.10682070255279541,0.071229949593544,0.8337961435317993,0.20473895967006683,0.0337984673678875,0.09360849112272263,0.05186931788921356,0.06765720993280411,0.10385707020759583,0.08516241610050201,0.11521938443183899,0.11701956391334534
232,7.733333333333333,,,,insightface_bbox,0.6376577019691467,144.73629760742188,408.8536682128906,1012.6354370117188,2439.82666015625,0,0,1,0,0,0,0,0,0,0,0,0,0.0957283228635788,0.0636226087808609,0.8761940002441406,0.17327144742012024,0.033531397581100464,0.09496960788965225,0.04997231438755989,0.06361348181962967,0.10110054910182953,0.08153223246335983,0.11189348995685577,0.11573170125484467
233,7.766666666666667,,,,insightface_bbox,0.6376577019691467,144.73629760742188,408.8536682128906,1012.6354370117188,2439.82666015625,0,0,1,0,0,0,0,0,0,0,0,0,0.10059161484241486,0.06426474452018738,0.9329406023025513,0.16887745261192322,0.03236709535121918,0.08967810124158859,0.050275061279535294,0.0599450059235096,0.10048438608646393,0.07965869456529617,0.11368844658136368,0.11284041404724121
234,7.8,,,,insightface_bbox,0.6449066400527954,116.88392639160156,453.1463928222656,987.0100708007812,2377.228271484375,0,0,1,0,0,0,0,0,0,0,0,0,0.09042999148368835,0.057901084423065186,0.9543344974517822,0.12992452085018158,0.03095148131251335,0.08242518454790115,0.04739530757069588,0.05262546241283417,0.09500379860401154,0.07295254617929459,0.11314457654953003,0.1163163036108017
235,7.833333333333333,,,,insightface_bbox,0.6449066400527954,116.88392639160156,453.1463928222656,987.0100708007812,2377.228271484375,0,0,1,0,0,0,0,0,0,0,0,0,0.09894685447216034,0.06492546945810318,1.065912127494812,0.14224538207054138,0.03268088772892952,0.09065460413694382,0.056750163435935974,0.05253104120492935,0.09899367392063141,0.07597007602453232,0.12436884641647339,0.12450210005044937
236,7.866666666666666,,,,insightface_bbox,0.6449066400527954,116.88392639160156,453.1463928222656,987.0100708007812,2377.228271484375,0,0,1,0,0,0,0,0,0,0,0,0,0.11041082441806793,0.07353875786066055,1.0238864421844482,0.1586524248123169,0.03267217054963112,0.08315292000770569,0.059835873544216156,0.05354352295398712,0.10653916001319885,0.0792136862874031,0.12246188521385193,0.13856150209903717
237,7.9,,,,insightface_bbox,0.6449066400527954,116.88392639160156,453.1463928222656,987.0100708007812,2377.228271484375,0,0,1,0,0,0,0,0,0,0,0,0,0.12896913290023804,0.08761129528284073,1.03273606300354,0.22118403017520905,0.035123810172080994,0.09235906600952148,0.07018961757421494,0.06369936466217041,0.11336234211921692,0.08774068206548691,0.14430759847164154,0.15449050068855286
238,7.933333333333334,,,,insightface_bbox,0.6449066400527954,116.88392639160156,453.1463928222656,987.0100708007812,2377.228271484375,0,0,1,0,0,0,0,0,0,0,0,0,0.12772837281227112,0.08323675394058228,1.0877751111984253,0.1988924741744995,0.035715196281671524,0.09580853581428528,0.06697332113981247,0.0625557154417038,0.1181086003780365,0.08844926953315735,0.1362880915403366,0.15926751494407654
239,7.966666666666667,,,,insightface_bbox,0.6449066400527954,116.88392639160156,453.1463928222656,987.0100708007812,2377.228271484375,0,0,1,0,0,0,0,0,0,0,0,0,0.1180499866604805,0.07416403293609619,1.1147243976593018,0.1539141833782196,0.032612573355436325,0.08342250436544418,0.05937214940786362,0.051368437707424164,0.10827668011188507,0.07641543447971344,0.12444907426834106,0.11938561499118805
240,8.0,,,,insightface_bbox,0.7057536244392395,63.91118621826172,479.50152587890625,927.8798217773438,2258.502685546875,0,0,1,0,0,0,0,0,0,0,0,0,0.11427094042301178,0.07436475902795792,0.9697136282920837,0.16544029116630554,0.029978252947330475,0.06801924854516983,0.05377480387687683,0.05453655868768692,0.11096124351024628,0.07566944509744644,0.09524525701999664,0.12414752691984177
241,8.033333333333333,,,,insightface_bbox,0.7057536244392395,63.91118621826172,479.50152587890625,927.8798217773438,2258.502685546875,0,0,1,0,0,0,0,0,0,0,0,0,0.1153722032904625,0.07379624992609024,1.031282901763916,0.171281099319458,0.0301790963858366,0.06819697469472885,0.04893814027309418,0.055524542927742004,0.118632972240448,0.0756540298461914,0.09730305522680283,0.11939320713281631
242,8.066666666666666,,,,insightface_bbox,0.7057536244392395,63.91118621826172,479.50152587890625,927.8798217773438,2258.502685546875,0,0,1,0,0,0,0,0,0,0,0,0,0.09947773814201355,0.06330602616071701,0.9794005751609802,0.13124215602874756,0.024770081043243408,0.05980467423796654,0.04001353308558464,0.04844799265265465,0.11291313916444778,0.06962601840496063,0.07400988042354584,0.09889696538448334
243,8.1,,,,insightface_bbox,0.7057536244392395,63.91118621826172,479.50152587890625,927.8798217773438,2258.502685546875,0,0,1,0,0,0,0,0,0,0,0,0,0.0969352200627327,0.061547599732875824,0.912017285823822,0.13153241574764252,0.022094083949923515,0.053813040256500244,0.03762664273381233,0.04435867816209793,0.10730230063199997,0.06593841314315796,0.05430244654417038,0.08565238118171692
244,8.133333333333333,,,,insightface_bbox,0.7057536244392395,63.91118621826172,479.50152587890625,927.8798217773438,2258.502685546875,0,0,1,0,0,0,0,0,0,0,0,0,0.10386686772108078,0.06723663955926895,0.9809366464614868,0.1526803821325302,0.02418193221092224,0.06236450746655464,0.04109560698270798,0.047240499407052994,0.10791659355163574,0.06762704253196716,0.06342099606990814,0.0900978222489357
245,8.166666666666666,,,,insightface_bbox,0.7057536244392395,63.91118621826172,479.50152587890625,927.8798217773438,2258.502685546875,0,0,1,0,0,0,0,0,0,0,0,0,0.11757862567901611,0.07823054492473602,1.0441985130310059,0.20938216149806976,0.028589345514774323,0.0759420320391655,0.05118079483509064,0.05731746926903725,0.11419054120779037,0.07702915370464325,0.09168678522109985,0.11112157255411148
246,8.2,,,,insightface_bbox,0.6601530313491821,74.29270935058594,513.396240234375,914.68212890625,2326.56005859375,0,0,1,0,0,0,0,0,0,0,0,0,0.09636815637350082,0.059452153742313385,0.45694616436958313,0.129423126578331,0.019431427121162415,0.04930435121059418,0.032516710460186005,0.046842314302921295,0.10515612363815308,0.06733760237693787,0.060297891497612,0.09387027472257614
247,8.233333333333333,,,,insightface_bbox,0.6601530313491821,74.29270935058594,513.396240234375,914.68212890625,2326.56005859375,0,0,1,0,0,0,0,0,0,0,0,0,0.1396845579147339,0.08489339798688889,0.6532042622566223,0.21616694331169128,0.02273441106081009,0.05685832351446152,0.04075571522116661,0.05653149634599686,0.11885371804237366,0.0776972696185112,0.08324658870697021,0.1325230896472931
248,8.266666666666667,,,,insightface_bbox,0.6601530313491821,74.29270935058594,513.396240234375,914.68212890625,2326.56005859375,0,0,1,0,0,0,0,0,0,0,0,0,0.12225423008203506,0.07364918291568756,0.647020697593689,0.17843475937843323,0.02075658179819584,0.053176864981651306,0.03488098829984665,0.0517452210187912,0.1155623197555542,0.0759548768401146,0.07803308963775635,0.12137223035097122
249,8.3,,,,insightface_bbox,0.6601530313491821,74.29270935058594,513.396240234375,914.68212890625,2326.56005859375,0,0,1,0,0,0,0,0,0,0,0,0,0.11352033168077469,0.07028045505285263,0.507671594619751,0.16708910465240479,0.019293589517474174,0.05092228949069977,0.03571546822786331,0.05106450617313385,0.11343047022819519,0.07473114132881165,0.0815766379237175,0.12246470153331757
250,8.333333333333334,,,,insightface_bbox,0.6601530313491821,74.29270935058594,513.396240234375,914.68212890625,2326.56005859375,0,0,1,0,0,0,0,0,0,0,0,0,0.11478670686483383,0.0698072612285614,0.4718957841396332,0.16167867183685303,0.019293975085020065,0.051180530339479446,0.03597118705511093,0.051470138132572174,0.11593128740787506,0.07655434310436249,0.07420570403337479,0.11859498172998428
251,8.366666666666667,,,,insightface_bbox,0.6601530313491821,74.29270935058594,513.396240234375,914.68212890625,2326.56005859375,0,0,1,0,0,0,0,0,0,0,0,0,0.12377597391605377,0.07500233501195908,0.5279243588447571,0.1778896152973175,0.020420555025339127,0.055480021983385086,0.03830154612660408,0.05303565785288811,0.11802096664905548,0.07844862341880798,0.07756832987070084,0.11880700290203094
252,8.4,,,,insightface_bbox,0.6398752927780151,84.08653259277344,507.18255615234375,903.7162475585938,2369.642822265625,0,0,1,0,0,0,0,0,0,0,0,0,0.09223266690969467,0.05546247214078903,0.42401793599128723,0.1111355870962143,0.018877586349844933,0.04637026786804199,0.0314742848277092,0.044873714447021484,0.10883844643831253,0.06883732229471207,0.07318250089883804,0.11345930397510529
253,8.433333333333334,,,,insightface_bbox,0.6398752927780151,84.08653259277344,507.18255615234375,903.7162475585938,2369.642822265625,0,0,1,0,0,0,0,0,0,0,0,0,0.09447702765464783,0.057805780321359634,0.46074730157852173,0.11509913206100464,0.019718734547495842,0.05065983161330223,0.03430434688925743,0.047736652195453644,0.11137955635786057,0.06915675848722458,0.0805564597249031,0.12169671058654785
254,8.466666666666667,,,,insightface_bbox,0.6398752927780151,84.08653259277344,507.18255615234375,903.7162475585938,2369.642822265625,0,0,1,0,0,0,0,0,0,0,0,0,0.09317535161972046,0.05489681661128998,0.4578332304954529,0.10953336954116821,0.020270388573408127,0.05194154381752014,0.03417116403579712,0.04764385148882866,0.11158689111471176,0.06932302564382553,0.0852070152759552,0.1152380108833313
255,8.5,,,,insightface_bbox,0.6398752927780151,84.08653259277344,507.18255615234375,903.7162475585938,2369.642822265625,0,0,1,0,0,0,0,0,0,0,0,0,0.08683747053146362,0.0503554567694664,0.6259448528289795,0.10421483963727951,0.02220308594405651,0.05686550959944725,0.03646574541926384,0.048830416053533554,0.10961630195379257,0.06879136711359024,0.09832893311977386,0.12036541104316711
256,8.533333333333333,,,,insightface_bbox,0.6398752927780151,84.08653259277344,507.18255615234375,903.7162475585938,2369.642822265625,0,0,1,0,0,0,0,0,0,0,0,0,0.09983307868242264,0.060643889009952545,0.582616925239563,0.14431828260421753,0.02147163264453411,0.059264764189720154,0.038627855479717255,0.052612949162721634,0.1097877025604248,0.07361062616109848,0.11356191337108612,0.1379387229681015
257,8.566666666666666,,,,insightface_bbox,0.6398752927780151,84.08653259277344,507.18255615234375,903.7162475585938,2369.642822265625,0,0,1,0,0,0,0,0,0,0,0,0,0.11118397116661072,0.06597646325826645,0.5963162183761597,0.16212977468967438,0.02210254967212677,0.060652341693639755,0.04041038453578949,0.05320630222558975,0.11002007126808167,0.07753832638263702,0.12654376029968262,0.14688803255558014
258,8.6,,,,insightface_bbox,0.6646826267242432,73.35887145996094,511.03131103515625,933.1971435546875,2316.655029296875,0,0,1,0,0,0,0,0,0,0,0,0,0.1220376119017601,0.07728277891874313,0.9201416969299316,0.20818652212619781,0.02689514309167862,0.07310547679662704,0.052743785083293915,0.053464293479919434,0.11409120261669159,0.07734394818544388,0.09583979845046997,0.10584846884012222
259,8.633333333333333,,,,insightface_bbox,0.6646826267242432,73.35887145996094,511.03131103515625,933.1971435546875,2316.655029296875,0,0,1,0,0,0,0,0,0,0,0,0,0.12444774806499481,0.07930875569581985,0.9066880941390991,0.2167828530073166,0.027497153729200363,0.07466931641101837,0.05124073475599289,0.054238349199295044,0.11297472566366196,0.0787949413061142,0.1080423891544342,0.12060175836086273
260,8.666666666666666,,,,insightface_bbox,0.6646826267242432,73.35887145996094,511.03131103515625,933.1971435546875,2316.655029296875,0,0,1,0,0,0,0,0,0,0,0,0,0.11855484545230865,0.07281510531902313,0.9472500681877136,0.17690850794315338,0.02627462148666382,0.06966790556907654,0.04392430931329727,0.05080721899867058,0.11263106763362885,0.07474729418754578,0.09417586773633957,0.11218350380659103
261,8.7,,,,insightface_bbox,0.6646826267242432,73.35887145996094,511.03131103515625,933.1971435546875,2316.655029296875,0,0,1,0,0,0,0,0,0,0,0,0,0.12357857078313828,0.07573732733726501,0.9878187775611877,0.18316397070884705,0.026708297431468964,0.07308463752269745,0.0487995520234108,0.05182921513915062,0.11618134379386902,0.07674360275268555,0.10565046966075897,0.11457696557044983
262,8.733333333333333,,,,insightface_bbox,0.6646826267242432,73.35887145996094,511.03131103515625,933.1971435546875,2316.655029296875,0,0,1,0,0,0,0,0,0,0,0,0,0.12805525958538055,0.07923465222120285,1.0314871072769165,0.19159814715385437,0.029035089537501335,0.08392953127622604,0.05370858684182167,0.05429264158010483,0.11789973825216293,0.0814972072839737,0.12280215322971344,0.12999488413333893
263,8.766666666666667,,,,insightface_bbox,0.6646826267242432,73.35887145996094,511.03131103515625,933.1971435546875,2316.655029296875,0,0,1,0,0,0,0,0,0,0,0,0,0.16087788343429565,0.10507643222808838,1.02175772190094,0.30470573902130127,0.03302226588129997,0.09067893028259277,0.06494707614183426,0.06473080813884735,0.1251671314239502,0.09240712225437164,0.13829270005226135,0.15150195360183716
264,8.8,,,,insightface_bbox,0.7066067457199097,55.74643325805664,481.3168029785156,934.1690673828125,2315.054931640625,0,0,1,0,0,0,0,0,0,0,0,0,0.11500955373048782,0.07367189228534698,0.9404721856117249,0.17161685228347778,0.026189088821411133,0.07685138285160065,0.04132842645049095,0.05066181719303131,0.10736645013093948,0.0722716897726059,0.07209614664316177,0.09348205476999283
265,8.833333333333334,,,,insightface_bbox,0.7066067457199097,55.74643325805664,481.3168029785156,934.1690673828125,2315.054931640625,0,0,1,0,0,0,0,0,0,0,0,0,0.10790948569774628,0.0696929395198822,1.089416265487671,0.15858276188373566,0.02947041019797325,0.07921606302261353,0.04627150297164917,0.05263306200504303,0.10923697799444199,0.07446438819169998,0.07785199582576752,0.09595192968845367
266,8.866666666666667,,,,insightface_bbox,0.7066067457199097,55.74643325805664,481.3168029785156,934.1690673828125,2315.054931640625,0,0,1,0,0,0,0,0,0,0,0,0,0.11572890728712082,0.07712456583976746,1.011864185333252,0.1808658093214035,0.027762416750192642,0.07814130187034607,0.04319782555103302,0.0527268648147583,0.10808628797531128,0.07247494161128998,0.07759302109479904,0.09391918778419495
267,8.9,,,,insightface_bbox,0.7066067457199097,55.74643325805664,481.3168029785156,934.1690673828125,2315.054931640625,0,0,1,0,0,0,0,0,0,0,0,0,0.12068617343902588,0.08233091980218887,0.9954825043678284,0.202875554561615,0.028875593096017838,0.08147114515304565,0.0444110631942749,0.05491301044821739,0.11013022065162659,0.07431849092245102,0.08748321235179901,0.10042450577020645
268,8.933333333333334,,,,insightface_bbox,0.7066067457199097,55.74643325805664,481.3168029785156,934.1690673828125,2315.054931640625,0,0,1,0,0,0,0,0,0,0,0,0,0.12261107563972473,0.08495195209980011,1.0132514238357544,0.2160104215145111,0.031119631603360176,0.0874415785074234,0.05009496957063675,0.058237574994564056,0.1153746098279953,0.07808803021907806,0.0970153957605362,0.10684581100940704
269,8.966666666666667,,,,insightface_bbox,0.7066067457199097,55.74643325805664,481.3168029785156,934.1690673828125,2315.054931640625,0,0,1,0,0,0,0,0,0,0,0,0,0.11922071874141693,0.08460010588169098,1.0260822772979736,0.21577627956867218,0.0317060686647892,0.09088882058858871,0.05181046202778816,0.05892568826675415,0.11456744372844696,0.07827840745449066,0.09726095199584961,0.10574324429035187
270,9.0,,,,insightface_bbox,0.6924576163291931,61.52500915527344,468.0635681152344,927.4432373046875,2204.15185546875,0,0,1,0,0,0,0,0,0,0,0,0,0.12361850589513779,0.08038102835416794,0.9766994714736938,0.19137375056743622,0.03134949877858162,0.08396834135055542,0.054692625999450684,0.05470797047019005,0.11000053584575653,0.07765211910009384,0.08864752948284149,0.11144945025444031
271,9.033333333333333,,,,insightface_bbox,0.6924576163291931,61.52500915527344,468.0635681152344,927.4432373046875,2204.15185546875,0,0,1,0,0,0,0,0,0,0,0,0,0.1221054345369339,0.07661853730678558,1.0566375255584717,0.17351526021957397,0.03303413838148117,0.08529440313577652,0.05466211587190628,0.05483947694301605,0.11278827488422394,0.08039034157991409,0.08750304579734802,0.10550075769424438
272,9.066666666666666,,,,insightface_bbox,0.6924576163291931,61.52500915527344,468.0635681152344,927.4432373046875,2204.15185546875,0,0,1,0,0,0,0,0,0,0,0,0,0.11747859418392181,0.07163769751787186,1.10429847240448,0.15064868330955505,0.03602389246225357,0.09127725660800934,0.05881328135728836,0.05430800840258598,0.1112024188041687,0.08113249391317368,0.11488610506057739,0.11396673321723938
273,9.1,,,,insightface_bbox,0.6924576163291931,61.52500915527344,468.0635681152344,927.4432373046875,2204.15185546875,0,0,1,0,0,0,0,0,0,0,0,0,0.11070988327264786,0.0663858950138092,1.1082289218902588,0.13111735880374908,0.03405744209885597,0.08325719833374023,0.053905848413705826,0.049874600023031235,0.10676820576190948,0.07674432545900345,0.09676554799079895,0.10523901879787445
274,9.133333333333333,,,,insightface_bbox,0.6924576163291931,61.52500915527344,468.0635681152344,927.4432373046875,2204.15185546875,0,0,1,0,0,0,0,0,0,0,0,0,0.11400596052408218,0.0707373172044754,1.0498111248016357,0.1510659009218216,0.03328987956047058,0.08304385840892792,0.05377419292926788,0.052006613463163376,0.11214414238929749,0.07779383659362793,0.0856151431798935,0.10914342105388641
275,9.166666666666666,,,,insightface_bbox,0.6924576163291931,61.52500915527344,468.0635681152344,927.4432373046875,2204.15185546875,0,0,1,0,0,0,0,0,0,0,0,0,0.11357996612787247,0.07088544964790344,1.017459750175476,0.1596415638923645,0.03211994841694832,0.0785282701253891,0.05170904099941254,0.05182982236146927,0.1127375066280365,0.07639135420322418,0.07581155002117157,0.10735321044921875
276,9.2,,,,insightface_bbox,0.6812434792518616,72.97941589355469,495.4640197753906,936.581787109375,2228.89794921875,0,0,1,0,0,0,0,0,0,0,0,0,0.10916836559772491,0.06989488750696182,0.8923431634902954,0.16494421660900116,0.02801954373717308,0.06849401444196701,0.04723295569419861,0.049926336854696274,0.10430752485990524,0.07210647314786911,0.06711544096469879,0.09893365949392319
277,9.233333333333333,,,,insightface_bbox,0.6812434792518616,72.97941589355469,495.4640197753906,936.581787109375,2228.89794921875,0,0,1,0,0,0,0,0,0,0,0,0,0.11576281487941742,0.0746910348534584,0.8872165679931641,0.18495292961597443,0.029065951704978943,0.07175371050834656,0.04979412257671356,0.053847622126340866,0.1066797524690628,0.07511341571807861,0.07524172216653824,0.10790836811065674
278,9.266666666666667,,,,insightface_bbox,0.6812434792518616,72.97941589355469,495.4640197753906,936.581787109375,2228.89794921875,0,0,1,0,0,0,0,0,0,0,0,0,0.12161201983690262,0.07868266850709915,0.9285048246383667,0.195670485496521,0.029894888401031494,0.0735970288515091,0.05319129303097725,0.05538947507739067,0.109171062707901,0.07740245759487152,0.08607417345046997,0.11409670114517212
279,9.3,,,,insightface_bbox,0.6812434792518616,72.97941589355469,495.4640197753906,936.581787109375,2228.89794921875,0,0,1,0,0,0,0,0,0,0,0,0,0.12839943170547485,0.08368093520402908,0.8940332531929016,0.21377134323120117,0.0290177371352911,0.07238582521677017,0.051025740802288055,0.05566518381237984,0.10923697799444199,0.07755394279956818,0.09137091040611267,0.12000846862792969
280,9.333333333333334,,,,insightface_bbox,0.6812434792518616,72.97941589355469,495.4640197753906,936.581787109375,2228.89794921875,0,0,1,0,0,0,0,0,0,0,0,0,0.12954357266426086,0.08434654027223587,0.892619252204895,0.21282604336738586,0.02904093824326992,0.07270313054323196,0.05147520825266838,0.056224338710308075,0.11161655932664871,0.07900926470756531,0.09604137390851974,0.12547118961811066
281,9.366666666666667,,,,insightface_bbox,0.6812434792518616,72.97941589355469,495.4640197753906,936.581787109375,2228.89794921875,0,0,1,0,0,0,0,0,0,0,0,0,0.12656719982624054,0.08282796293497086,0.8750664591789246,0.2020135521888733,0.02820471301674843,0.07075256109237671,0.050035297870635986,0.0552586130797863,0.11067073792219162,0.07770092040300369,0.09679540246725082,0.12255828082561493
282,9.4,,,,insightface_bbox,0.7076674103736877,57.255680084228516,522.6958618164062,926.6347045898438,2226.77099609375,0,0,1,0,0,0,0,0,0,0,0,0,0.13900327682495117,0.09107648581266403,0.9052598476409912,0.26583635807037354,0.029513541609048843,0.07319076359272003,0.053375743329524994,0.06237135827541351,0.1142253428697586,0.08157588541507721,0.08594200760126114,0.12091159075498581
283,9.433333333333334,,,,insightface_bbox,0.7076674103736877,57.255680084228516,522.6958618164062,926.6347045898438,2226.77099609375,0,0,1,0,0,0,0,0,0,0,0,0,0.12799380719661713,0.08387580513954163,0.8914831876754761,0.23232190310955048,0.02839406579732895,0.07075541466474533,0.05032294988632202,0.058756329119205475,0.1115080788731575,0.07813183963298798,0.08400125801563263,0.11500069499015808
284,9.466666666666667,,,,insightface_bbox,0.7076674103736877,57.255680084228516,522.6958618164062,926.6347045898438,2226.77099609375,0,0,1,0,0,0,0,0,0,0,0,0,0.12257058918476105,0.07871347665786743,0.8580684661865234,0.20380428433418274,0.02772468701004982,0.06802980601787567,0.04827048256993294,0.05565652251243591,0.10770104080438614,0.07597389072179794,0.08244629204273224,0.11446581035852432
285,9.5,,,,insightface_bbox,0.7076674103736877,57.255680084228516,522.6958618164062,926.6347045898438,2226.77099609375,0,0,1,0,0,0,0,0,0,0,0,0,0.1240483745932579,0.07937368750572205,0.856503963470459,0.2031642198562622,0.027905158698558807,0.0682605728507042,0.04858604818582535,0.05534326657652855,0.10799876600503922,0.07629808038473129,0.0828566774725914,0.11291191726922989
286,9.533333333333333,,,,insightface_bbox,0.7076674103736877,57.255680084228516,522.6958618164062,926.6347045898438,2226.77099609375,0,0,1,0,0,0,0,0,0,0,0,0,0.12109263986349106,0.076642706990242,0.8756083250045776,0.19018220901489258,0.027437027543783188,0.06714650988578796,0.047818128019571304,0.05310864746570587,0.10708299279212952,0.07507194578647614,0.0824718102812767,0.10842353105545044
287,9.566666666666666,,,,insightface_bbox,0.7076674103736877,57.255680084228516,522.6958618164062,926.6347045898438,2226.77099609375,0,0,1,0,0,0,0,0,0,0,0,0,0.12037403881549835,0.07453321665525436,0.8229238986968994,0.17828369140625,0.025819847360253334,0.06406920403242111,0.04459993541240692,0.05221779644489288,0.10748974233865738,0.07404162734746933,0.07943800836801529,0.10371649265289307
288,9.6,,,,insightface_bbox,0.6755398511886597,69.28980255126953,530.7249145507812,924.1159057617188,2323.07470703125,0,0,1,0,0,0,0,0,0,0,0,0,0.11413239687681198,0.06902825087308884,0.5451788902282715,0.1593172699213028,0.02262972667813301,0.05829993635416031,0.043158575892448425,0.05299486592411995,0.10991621762514114,0.07675935328006744,0.08507408201694489,0.11128512024879456
289,9.633333333333333,,,,insightface_bbox,0.6755398511886597,69.28980255126953,530.7249145507812,924.1159057617188,2323.07470703125,0,0,1,0,0,0,0,0,0,0,0,0,0.11990233510732651,0.0707327350974083,0.47514808177948,0.16492050886154175,0.02120123989880085,0.05326287820935249,0.03972712531685829,0.05309151113033295,0.1136874407529831,0.0743832066655159,0.07557708024978638,0.10829825699329376
290,9.666666666666666,,,,insightface_bbox,0.6755398511886597,69.28980255126953,530.7249145507812,924.1159057617188,2323.07470703125,0,0,1,0,0,0,0,0,0,0,0,0,0.11488449573516846,0.06699849665164948,0.5126842260360718,0.15371249616146088,0.021547406911849976,0.05329293757677078,0.03732698783278465,0.05229122191667557,0.11461592465639114,0.07155074179172516,0.07312540709972382,0.11024776101112366
291,9.7,,,,insightface_bbox,0.6755398511886597,69.28980255126953,530.7249145507812,924.1159057617188,2323.07470703125,0,0,1,0,0,0,0,0,0,0,0,0,0.1173277348279953,0.06995311379432678,0.5487825274467468,0.16665926575660706,0.02205965667963028,0.054259974509477615,0.039190441370010376,0.05443761497735977,0.1164943054318428,0.0734286904335022,0.0754716619849205,0.11557459086179733
292,9.733333333333333,,,,insightface_bbox,0.6755398511886597,69.28980255126953,530.7249145507812,924.1159057617188,2323.07470703125,0,0,1,0,0,0,0,0,0,0,0,0,0.11591702699661255,0.06979548186063766,0.5214720368385315,0.16418367624282837,0.019514992833137512,0.04747828096151352,0.029897723346948624,0.052701517939567566,0.11306828260421753,0.07087551802396774,0.06079842150211334,0.10065209865570068
293,9.766666666666667,,,,insightface_bbox,0.6755398511886597,69.28980255126953,530.7249145507812,924.1159057617188,2323.07470703125,0,0,1,0,0,0,0,0,0,0,0,0,0.10502047836780548,0.060881730169057846,0.4506150186061859,0.12343422323465347,0.016121171414852142,0.04038092494010925,0.02263774164021015,0.04582030698657036,0.10550008714199066,0.06597547978162766,0.05233975127339363,0.09211869537830353
294,9.8,,,,insightface_bbox,0.6611664295196533,44.470787048339844,499.2176513671875,912.2326049804688,2410.56494140625,0,0,1,0,0,0,0,0,0,0,0,0,0.12223611772060394,0.07350137829780579,0.3854352831840515,0.16089901328086853,0.017135515809059143,0.04381122440099716,0.030162690207362175,0.05267825350165367,0.1190885454416275,0.0785943940281868,0.055022165179252625,0.10690431296825409
295,9.833333333333334,,,,insightface_bbox,0.6611664295196533,44.470787048339844,499.2176513671875,912.2326049804688,2410.56494140625,0,0,1,0,0,0,0,0,0,0,0,0,0.11065322160720825,0.06693252921104431,0.39520591497421265,0.1356852948665619,0.015400695614516735,0.040006719529628754,0.02711500972509384,0.04727386683225632,0.10840817540884018,0.06924900412559509,0.04981447756290436,0.09640197455883026
296,9.866666666666667,,,,insightface_bbox,0.6611664295196533,44.470787048339844,499.2176513671875,912.2326049804688,2410.56494140625,0,0,1,0,0,0,0,0,0,0,0,0,0.11087121069431305,0.06770467758178711,0.39846208691596985,0.14111366868019104,0.015563303604722023,0.03903669863939285,0.026634877547621727,0.04879024624824524,0.10981911420822144,0.07007316499948502,0.0458870530128479,0.09112470597028732
297,9.9,,,,insightface_bbox,0.6611664295196533,44.470787048339844,499.2176513671875,912.2326049804688,2410.56494140625,0,0,1,0,0,0,0,0,0,0,0,0,0.10965846478939056,0.06763805449008942,0.41380587220191956,0.14481326937675476,0.015781108289957047,0.039519328624010086,0.026778224855661392,0.049979932606220245,0.11213526129722595,0.07267235964536667,0.04674781858921051,0.09212718158960342
298,9.933333333333334,,,,insightface_bbox,0.6611664295196533,44.470787048339844,499.2176513671875,912.2326049804688,2410.56494140625,0,0,1,0,0,0,0,0,0,0,0,0,0.10734003037214279,0.06484171003103256,0.4330615699291229,0.1369258612394333,0.01629948429763317,0.038775280117988586,0.024125471711158752,0.04632863774895668,0.10896497219800949,0.06842344254255295,0.042418770492076874,0.08787877857685089
299,9.966666666666667,,,,insightface_bbox,0.6611664295196533,44.470787048339844,499.2176513671875,912.2326049804688,2410.56494140625,0,0,1,0,0,0,0,0,0,0,0,0,0.10294193029403687,0.06354571878910065,0.4870189428329468,0.13140279054641724,0.017742952331900597,0.04398096352815628,0.027216129004955292,0.04749801382422447,0.1029495820403099,0.06825441122055054,0.05285419151186943,0.09205307811498642
300,10.0,,,,insightface_bbox,0.686492919921875,33.775146484375,475.162353515625,920.0995483398438,2302.358642578125,0,0,1,0,0,0,0,0,0,0,0,0,0.0858134925365448,0.05881331488490105,0.4797976613044739,0.12546317279338837,0.01957550272345543,0.047778017818927765,0.03228837251663208,0.05374858155846596,0.09557898342609406,0.06875808537006378,0.04457492381334305,0.0809762179851532
301,10.033333333333333,,,,insightface_bbox,0.686492919921875,33.775146484375,475.162353515625,920.0995483398438,2302.358642578125,0,0,1,0,0,0,0,0,0,0,0,0,0.09118150919675827,0.06401238590478897,0.45075294375419617,0.14488142728805542,0.020419973880052567,0.047992948442697525,0.03383735939860344,0.0557202510535717,0.09660385549068451,0.07069230824708939,0.04837225377559662,0.0881599709391594
302,10.066666666666666,,,,insightface_bbox,0.686492919921875,33.775146484375,475.162353515625,920.0995483398438,2302.358642578125,0,0,1,0,0,0,0,0,0,0,0,0,0.09256109595298767,0.06423462927341461,0.4735320210456848,0.14240963757038116,0.02029060572385788,0.04954153671860695,0.035943932831287384,0.056122638285160065,0.0969691127538681,0.07287932932376862,0.05334984138607979,0.09188354015350342
