frame_idx,frame_time_in_ms,pitch,yaw,roll,face_alignment_method,face_detection_score,face_bbox_xmin,face_bbox_ymin,face_bbox_xmax,face_bbox_ymax,au_1,au_2,au_4,au_6,au_7,au_10,au_12,au_14,au_15,au_17,au_23,au_24,au_1_intensity,au_2_intensity,au_4_intensity,au_5_intensity,au_6_intensity,au_9_intensity,au_12_intensity,au_15_intensity,au_17_intensity,au_20_intensity,au_25_intensity,au_26_intensity
0,0.0,,,,insightface_bbox,0.5465797185897827,0.0,666.0870361328125,642.1475830078125,2349.640625,0,0,1,0,0,0,0,0,0,1,0,0,0.06704194843769073,0.03166743367910385,0.6171271800994873,0.026929209008812904,0.006913088262081146,0.019325224682688713,0.00664472347125411,0.0405481792986393,0.07347704470157623,0.056935280561447144,0.014045868068933487,0.03967512026429176
1,0.03333333333333333,,,,insightface_bbox,0.5465797185897827,0.0,666.0870361328125,642.1475830078125,2349.640625,0,0,1,0,0,0,0,0,0,1,0,0,0.05619589984416962,0.03312820568680763,0.6689459085464478,0.03401532396674156,0.00785884540528059,0.020963773131370544,0.008202550932765007,0.04080529883503914,0.06983106583356857,0.04743911698460579,0.03195560723543167,0.04756367206573486
2,0.06666666666666667,,,,insightface_bbox,0.5465797185897827,0.0,666.0870361328125,642.1475830078125,2349.640625,0,0,1,0,0,0,0,0,0,1,0,0,0.05288459360599518,0.03582755848765373,0.7428879141807556,0.040110327303409576,0.01227463036775589,0.026587052270770073,0.01421779952943325,0.050047531723976135,0.08234836906194687,0.056493744254112244,0.06272309273481369,0.06638958305120468
3,0.1,,,,insightface_bbox,0.5465797185897827,0.0,666.0870361328125,642.1475830078125,2349.640625,0,0,1,0,0,0,0,0,0,1,0,0,0.05160083994269371,0.03690042346715927,0.6770697832107544,0.04170132428407669,0.012820753268897533,0.027070868760347366,0.014668997377157211,0.05387158691883087,0.08173862099647522,0.05921563506126404,0.06875346601009369,0.07467938959598541
4,0.13333333333333333,,,,insightface_bbox,0.5465797185897827,0.0,666.0870361328125,642.1475830078125,2349.640625,0,0,1,0,0,0,0,0,0,0,0,0,0.05155162513256073,0.03792243450880051,0.6510928273200989,0.043869078159332275,0.01353798620402813,0.02794772759079933,0.015301866456866264,0.05678369849920273,0.08061018586158752,0.06070175766944885,0.07502731680870056,0.07968904078006744
5,0.16666666666666666,,,,insightface_bbox,0.5465797185897827,0.0,666.0870361328125,642.1475830078125,2349.640625,0,0,1,0,0,0,0,0,0,0,0,0,0.051373548805713654,0.03927570581436157,0.6797341108322144,0.047855522483587265,0.014222513884305954,0.02979397587478161,0.016831278800964355,0.05660371854901314,0.07788528501987457,0.05979225039482117,0.09441713988780975,0.08677877485752106
6,0.2,,,,insightface_bbox,0.5963922739028931,0.0,669.4960327148438,670.1117553710938,2366.568359375,0,0,1,0,0,0,0,0,0,0,0,0,0.051254499703645706,0.03895500302314758,0.6528607606887817,0.0497615747153759,0.01557585783302784,0.03353778272867203,0.02297736518085003,0.057211365550756454,0.08292139321565628,0.06208980083465576,0.11016230285167694,0.09296880662441254
7,0.23333333333333334,,,,insightface_bbox,0.5963922739028931,0.0,669.4960327148438,670.1117553710938,2366.568359375,0,0,1,0,0,0,0,0,0,0,0,0,0.051922187209129333,0.040174223482608795,0.6729187965393066,0.052805136889219284,0.01702512800693512,0.03434067219495773,0.02408854477107525,0.05830611661076546,0.08340521156787872,0.06274991482496262,0.13103826344013214,0.10099951922893524
8,0.26666666666666666,,,,insightface_bbox,0.5963922739028931,0.0,669.4960327148438,670.1117553710938,2366.568359375,0,0,1,0,0,0,0,0,0,0,0,0,0.054984815418720245,0.04352322965860367,0.7057560086250305,0.0625884160399437,0.01734781265258789,0.03668944910168648,0.025164350867271423,0.05907587707042694,0.08274256438016891,0.06424687057733536,0.15455211699008942,0.11461032927036285
9,0.3,,,,insightface_bbox,0.5963922739028931,0.0,669.4960327148438,670.1117553710938,2366.568359375,0,0,1,0,0,0,0,0,0,0,0,0,0.055033374577760696,0.043509941548109055,0.6746532917022705,0.06311027705669403,0.017410121858119965,0.03612706810235977,0.023561187088489532,0.057099469006061554,0.08250871300697327,0.06329721212387085,0.15492431819438934,0.11590347439050674
10,0.3333333333333333,,,,insightface_bbox,0.5963922739028931,0.0,669.4960327148438,670.1117553710938,2366.568359375,0,0,1,0,0,0,0,0,0,0,0,0,0.053758591413497925,0.04270091652870178,0.6578595638275146,0.06173746660351753,0.017569366842508316,0.03567315265536308,0.02296665869653225,0.057112231850624084,0.08345809578895569,0.06343720853328705,0.14080452919006348,0.10973040014505386
11,0.36666666666666664,,,,insightface_bbox,0.5963922739028931,0.0,669.4960327148438,670.1117553710938,2366.568359375,0,0,1,0,0,0,0,0,0,0,0,0,0.0523572638630867,0.042319536209106445,0.6202769875526428,0.06259629130363464,0.01717454008758068,0.035287320613861084,0.021755307912826538,0.054371416568756104,0.07941403239965439,0.060914456844329834,0.13993990421295166,0.10884197056293488
12,0.4,,,,insightface_bbox,0.6550925970077515,0.0,664.7243041992188,682.3318481445312,2367.553955078125,0,0,1,0,0,0,0,0,0,0,0,0,0.05262801796197891,0.042539454996585846,0.6934157013893127,0.05495741218328476,0.017595726996660233,0.03602178394794464,0.02151845395565033,0.056380290538072586,0.08225210011005402,0.06025995314121246,0.13547898828983307,0.1160074919462204
13,0.43333333333333335,,,,insightface_bbox,0.6550925970077515,0.0,664.7243041992188,682.3318481445312,2367.553955078125,0,0,1,0,0,0,0,0,0,0,0,0,0.04974289983510971,0.042052023112773895,0.631940484046936,0.056333284825086594,0.016093531623482704,0.03403383865952492,0.019796114414930344,0.05304189398884773,0.07670379430055618,0.05517294630408287,0.13285642862319946,0.11288133263587952
14,0.4666666666666667,,,,insightface_bbox,0.6550925970077515,0.0,664.7243041992188,682.3318481445312,2367.553955078125,0,0,1,0,0,0,0,0,0,0,0,0,0.04941035434603691,0.04164408519864082,0.6232077479362488,0.05574924498796463,0.015714718028903008,0.033827103674411774,0.01946495659649372,0.05218714848160744,0.07580187171697617,0.0544118694961071,0.13013675808906555,0.11076905578374863
15,0.5,,,,insightface_bbox,0.6550925970077515,0.0,664.7243041992188,682.3318481445312,2367.553955078125,0,0,1,0,0,0,0,0,0,0,0,0,0.04879084229469299,0.040920190513134,0.6002126932144165,0.05453537404537201,0.01543804258108139,0.03352966904640198,0.01946769468486309,0.05158500745892525,0.0748675987124443,0.05326096713542938,0.12895217537879944,0.10781068354845047
16,0.5333333333333333,,,,insightface_bbox,0.6550925970077515,0.0,664.7243041992188,682.3318481445312,2367.553955078125,0,0,1,0,0,0,0,0,0,0,0,0,0.048008158802986145,0.040632616728544235,0.5973582863807678,0.053307048976421356,0.015269994735717773,0.0335402749478817,0.0193945225328207,0.05123026669025421,0.07497265189886093,0.05294141173362732,0.1299017071723938,0.10642192512750626
17,0.5666666666666667,,,,insightface_bbox,0.6550925970077515,0.0,664.7243041992188,682.3318481445312,2367.553955078125,0,0,1,0,0,0,0,0,0,0,0,0,0.04700196534395218,0.04063117504119873,0.6002631783485413,0.05257051810622215,0.015144020318984985,0.03351829946041107,0.01875986158847809,0.04996488243341446,0.07301025837659836,0.0523238480091095,0.13317976891994476,0.10648936778306961
18,0.6,,,,insightface_bbox,0.6628406643867493,0.0,662.6531982421875,681.1619262695312,2379.248779296875,0,0,1,0,0,0,0,0,0,0,0,0,0.04924395680427551,0.03990839794278145,0.611641526222229,0.05138060450553894,0.013973930850625038,0.03275996819138527,0.016823776066303253,0.046532098203897476,0.07126695662736893,0.051134660840034485,0.1372232437133789,0.10038940608501434
19,0.6333333333333333,,,,insightface_bbox,0.6628406643867493,0.0,662.6531982421875,681.1619262695312,2379.248779296875,0,0,1,0,0,0,0,0,0,0,0,0,0.04770730063319206,0.03939708322286606,0.5704900026321411,0.05114201828837395,0.013378072530031204,0.03173656016588211,0.016622381284832954,0.0438864566385746,0.06790273636579514,0.04849523305892944,0.14086319506168365,0.09959430992603302
20,0.6666666666666666,,,,insightface_bbox,0.6628406643867493,0.0,662.6531982421875,681.1619262695312,2379.248779296875,0,0,1,0,0,0,0,0,0,0,0,0,0.04851250350475311,0.04111895337700844,0.5573315024375916,0.05418353155255318,0.01388632133603096,0.03226020932197571,0.017500735819339752,0.04467644542455673,0.06729292124509811,0.049336835741996765,0.14940354228019714,0.10665327310562134
21,0.7,,,,insightface_bbox,0.6628406643867493,0.0,662.6531982421875,681.1619262695312,2379.248779296875,0,0,1,0,0,0,0,0,0,0,0,0,0.04890448600053787,0.04092640429735184,0.560867190361023,0.05335479974746704,0.013637188822031021,0.03151349350810051,0.01770423725247383,0.044895559549331665,0.0669863373041153,0.04904741421341896,0.1439184546470642,0.10379604250192642
22,0.7333333333333333,,,,insightface_bbox,0.6628406643867493,0.0,662.6531982421875,681.1619262695312,2379.248779296875,0,0,1,0,0,0,0,0,0,0,0,0,0.04957864433526993,0.04117583483457565,0.5580356121063232,0.05302399769425392,0.013674801215529442,0.03078371472656727,0.017542514950037003,0.044823553413152695,0.066815584897995,0.0483635738492012,0.1396818459033966,0.1010701134800911
23,0.7666666666666667,,,,insightface_bbox,0.6628406643867493,0.0,662.6531982421875,681.1619262695312,2379.248779296875,0,0,1,0,0,0,0,0,0,0,0,0,0.04870620369911194,0.04075561463832855,0.525348424911499,0.05205734074115753,0.013482431881129742,0.029895158484578133,0.017209269106388092,0.044498249888420105,0.06562282145023346,0.0477946512401104,0.1395033299922943,0.10080680251121521
24,0.8,,,,insightface_bbox,0.6542046666145325,0.0,655.8200073242188,701.1304321289062,2377.50439453125,0,0,1,0,0,0,0,0,0,0,0,0,0.04811085760593414,0.039767514914274216,0.5046332478523254,0.050019849091768265,0.014176338911056519,0.029772300273180008,0.018253497779369354,0.04384312778711319,0.06962435692548752,0.04981803894042969,0.16280239820480347,0.10863474756479263
25,0.8333333333333334,,,,insightface_bbox,0.6542046666145325,0.0,655.8200073242188,701.1304321289062,2377.50439453125,0,0,1,0,0,0,0,0,0,0,0,0,0.048578955233097076,0.04056897386908531,0.4900432229042053,0.05054861679673195,0.014114653691649437,0.029465341940522194,0.018695075064897537,0.04294881969690323,0.06781866401433945,0.048974938690662384,0.1625572144985199,0.10979060083627701
26,0.8666666666666667,,,,insightface_bbox,0.6542046666145325,0.0,655.8200073242188,701.1304321289062,2377.50439453125,0,0,1,0,0,0,0,0,0,0,0,0,0.051317088305950165,0.04236762225627899,0.4643414616584778,0.05243939906358719,0.014033611863851547,0.029853060841560364,0.017850331962108612,0.043876297771930695,0.06914859265089035,0.05046369880437851,0.16279426217079163,0.11217050999403
27,0.9,,,,insightface_bbox,0.6542046666145325,0.0,655.8200073242188,701.1304321289062,2377.50439453125,0,0,1,0,0,0,0,0,0,0,0,0,0.05277572199702263,0.04321590065956116,0.46369558572769165,0.05332902818918228,0.014189361594617367,0.03006679005920887,0.01776011474430561,0.043471720069646835,0.0697379782795906,0.05050067603588104,0.17383822798728943,0.1151534840464592
28,0.9333333333333333,,,,insightface_bbox,0.6542046666145325,0.0,655.8200073242188,701.1304321289062,2377.50439453125,0,0,1,0,0,0,0,0,0,0,0,0,0.05474872514605522,0.043384600430727005,0.45072001218795776,0.052913349121809006,0.014136847108602524,0.029836667701601982,0.017984982579946518,0.04331020265817642,0.06962121278047562,0.05127961188554764,0.17477722465991974,0.1151452511548996
29,0.9666666666666667,,,,insightface_bbox,0.6542046666145325,0.0,655.8200073242188,701.1304321289062,2377.50439453125,0,0,1,0,0,0,0,0,0,0,0,0,0.05446178466081619,0.04306275397539139,0.4513973295688629,0.051642268896102905,0.013471761718392372,0.02921370416879654,0.017636682838201523,0.042724721133708954,0.06883065402507782,0.05109024792909622,0.160975381731987,0.10844676196575165
30,1.0,,,,insightface_bbox,0.6267877221107483,0.0,610.5818481445312,733.5497436523438,2409.7705078125,0,0,1,0,0,0,0,0,0,0,0,0,0.06229160353541374,0.0519527792930603,0.40403422713279724,0.07125037908554077,0.014603481628000736,0.030952420085668564,0.021525414660573006,0.04941488802433014,0.06994176656007767,0.05585845932364464,0.12386833131313324,0.10845567286014557
31,1.0333333333333334,,,,insightface_bbox,0.6267877221107483,0.0,610.5818481445312,733.5497436523438,2409.7705078125,0,0,1,0,0,0,0,0,0,0,0,0,0.0653868094086647,0.054380930960178375,0.41248294711112976,0.07666163891553879,0.01618506945669651,0.031287021934986115,0.023640578612685204,0.050431929528713226,0.07063378393650055,0.05482644587755203,0.13186362385749817,0.10802485793828964
32,1.0666666666666667,,,,insightface_bbox,0.6267877221107483,0.0,610.5818481445312,733.5497436523438,2409.7705078125,0,0,1,0,0,0,0,0,0,0,0,0,0.06338851153850555,0.05210410803556442,0.40497902035713196,0.0734795555472374,0.015472705475986004,0.030507251620292664,0.023058846592903137,0.04633893072605133,0.0663476437330246,0.05235348269343376,0.1169007420539856,0.09458911418914795
33,1.1,,,,insightface_bbox,0.6267877221107483,0.0,610.5818481445312,733.5497436523438,2409.7705078125,0,0,1,0,0,0,0,0,0,0,0,0,0.06280933320522308,0.051234956830739975,0.39328962564468384,0.0729152262210846,0.014996327459812164,0.03045700676739216,0.022068005055189133,0.045155901461839676,0.06460607796907425,0.05174238979816437,0.11727495491504669,0.09278547763824463
34,1.1333333333333333,,,,insightface_bbox,0.6267877221107483,0.0,610.5818481445312,733.5497436523438,2409.7705078125,0,0,1,0,0,0,0,0,0,0,0,0,0.06053069233894348,0.049295853823423386,0.37302011251449585,0.07039099931716919,0.014712321572005749,0.03014082834124565,0.02156037464737892,0.04522150009870529,0.06410878896713257,0.05149545148015022,0.11065039038658142,0.08816472440958023
35,1.1666666666666667,,,,insightface_bbox,0.6267877221107483,0.0,610.5818481445312,733.5497436523438,2409.7705078125,0,0,1,0,0,0,0,0,0,0,0,0,0.06006128340959549,0.04913735389709473,0.37757372856140137,0.07103699445724487,0.014647064730525017,0.03043876774609089,0.02169298194348812,0.04599318653345108,0.06365685909986496,0.0519963800907135,0.1090419590473175,0.08631344884634018
36,1.2,,,,insightface_bbox,0.5918601155281067,0.0,614.7110595703125,720.9790649414062,2371.99609375,0,0,1,0,0,0,0,0,0,0,0,0,0.058166392147541046,0.04797205701470375,0.37585562467575073,0.07046583294868469,0.014013055711984634,0.03189488872885704,0.020453661680221558,0.04521222412586212,0.06605400145053864,0.051950570195913315,0.11196267604827881,0.08403372019529343
37,1.2333333333333334,,,,insightface_bbox,0.5918601155281067,0.0,614.7110595703125,720.9790649414062,2371.99609375,0,0,1,0,0,0,0,0,0,0,0,0,0.05995224416255951,0.04966733977198601,0.37819528579711914,0.07440323382616043,0.015207549557089806,0.033289168030023575,0.021982867270708084,0.04723308980464935,0.06930220872163773,0.05493255704641342,0.11773232370615005,0.08819988369941711
38,1.2666666666666666,,,,insightface_bbox,0.5918601155281067,0.0,614.7110595703125,720.9790649414062,2371.99609375,0,0,1,0,0,0,0,0,0,0,0,0,0.06164143979549408,0.051012035459280014,0.37812456488609314,0.07822860032320023,0.01575617864727974,0.0338362492620945,0.022506102919578552,0.04856329411268234,0.06971129775047302,0.054927147924900055,0.1241084486246109,0.09176023304462433
39,1.3,,,,insightface_bbox,0.5918601155281067,0.0,614.7110595703125,720.9790649414062,2371.99609375,0,0,1,0,0,0,0,0,0,0,0,0,0.06289948523044586,0.05173948034644127,0.3851950764656067,0.08068888634443283,0.016355395317077637,0.035020701587200165,0.023973718285560608,0.04908629134297371,0.07205995917320251,0.05506346374750137,0.12758351862430573,0.0944429337978363
40,1.3333333333333333,,,,insightface_bbox,0.5918601155281067,0.0,614.7110595703125,720.9790649414062,2371.99609375,0,0,1,0,0,0,0,0,0,0,0,0,0.05657348781824112,0.045662861317396164,0.3460220694541931,0.06685841083526611,0.01515616849064827,0.0318199060857296,0.020656613633036613,0.04667581990361214,0.07049872726202011,0.05151601508259773,0.10368499159812927,0.08204632997512817
41,1.3666666666666667,,,,insightface_bbox,0.5918601155281067,0.0,614.7110595703125,720.9790649414062,2371.99609375,0,0,1,0,0,0,0,0,0,0,0,0,0.0592978335916996,0.04846590757369995,0.4196258783340454,0.07197108864784241,0.01707310788333416,0.03444194048643112,0.024214589968323708,0.04830041527748108,0.07164263725280762,0.054537635296583176,0.11319600045681,0.0879426896572113
42,1.4,,,,insightface_bbox,0.6070011854171753,0.0,585.0595092773438,725.7671508789062,2417.71875,0,0,1,0,0,0,0,0,0,0,0,0,0.05301707237958908,0.043604977428913116,0.30780667066574097,0.0667005330324173,0.015612646006047726,0.03216956555843353,0.020830390974879265,0.048317939043045044,0.07294661551713943,0.050689537078142166,0.09190943092107773,0.08689387887716293
43,1.4333333333333333,,,,insightface_bbox,0.6070011854171753,0.0,585.0595092773438,725.7671508789062,2417.71875,0,0,1,0,0,0,0,0,0,0,0,0,0.05647188052535057,0.04567529633641243,0.3509272336959839,0.07199649512767792,0.01644117385149002,0.03179521858692169,0.020785342901945114,0.04984946548938751,0.07403463870286942,0.05079420283436775,0.08284913003444672,0.07987276464700699
44,1.4666666666666666,,,,insightface_bbox,0.6070011854171753,0.0,585.0595092773438,725.7671508789062,2417.71875,0,0,1,0,0,0,0,0,0,0,0,0,0.05620245262980461,0.04565013572573662,0.3654581904411316,0.07089477777481079,0.016274016350507736,0.0318414680659771,0.019980188459157944,0.04971179738640785,0.07278890162706375,0.050225626677274704,0.08324362337589264,0.07755312323570251
45,1.5,,,,insightface_bbox,0.6070011854171753,0.0,585.0595092773438,725.7671508789062,2417.71875,0,0,1,0,0,0,0,0,0,0,0,0,0.056611642241477966,0.0461624413728714,0.36274436116218567,0.07138839364051819,0.016618512570858,0.03214084729552269,0.020239155739545822,0.05032534897327423,0.07266736775636673,0.051492005586624146,0.08864553272724152,0.07900118082761765
46,1.5333333333333334,,,,insightface_bbox,0.6070011854171753,0.0,585.0595092773438,725.7671508789062,2417.71875,0,0,1,0,0,0,0,0,0,0,0,0,0.05729891359806061,0.04699433222413063,0.33827024698257446,0.07653931528329849,0.016193393617868423,0.03188588470220566,0.019810449331998825,0.05088324099779129,0.07189512252807617,0.05173889547586441,0.08339821547269821,0.07872012257575989
47,1.5666666666666667,,,,insightface_bbox,0.6070011854171753,0.0,585.0595092773438,725.7671508789062,2417.71875,0,0,1,0,0,0,0,0,0,0,0,0,0.057221852242946625,0.047046586871147156,0.3470158874988556,0.07811339199542999,0.01635809987783432,0.03204021602869034,0.02014240436255932,0.04974067211151123,0.07367601245641708,0.05127949267625809,0.08507607877254486,0.07961641997098923
48,1.6,,,,insightface_bbox,0.5618777871131897,0.0,611.589111328125,727.5552978515625,2355.810546875,0,0,1,0,0,0,0,0,0,0,0,0,0.05679307132959366,0.04724815487861633,0.35278502106666565,0.08766774833202362,0.015611629001796246,0.030998412519693375,0.01897970587015152,0.04866240918636322,0.07145664095878601,0.051047299057245255,0.0725007876753807,0.07592028379440308
49,1.6333333333333333,,,,insightface_bbox,0.5618777871131897,0.0,611.589111328125,727.5552978515625,2355.810546875,0,0,1,0,0,0,0,0,0,0,0,0,0.05877529829740524,0.047296155244112015,0.31891676783561707,0.08888504654169083,0.014395559206604958,0.027639178559184074,0.01606503315269947,0.04553183168172836,0.06304864585399628,0.047032520174980164,0.06873606890439987,0.07181602716445923
50,1.6666666666666667,,,,insightface_bbox,0.5618777871131897,0.0,611.589111328125,727.5552978515625,2355.810546875,0,0,1,0,0,0,0,0,0,0,0,0,0.05951607972383499,0.04812471568584442,0.3287087082862854,0.09229964762926102,0.01435508206486702,0.027427688241004944,0.015917759388685226,0.04450947791337967,0.06215989217162132,0.04620800167322159,0.06492241472005844,0.07056568562984467
51,1.7,,,,insightface_bbox,0.5618777871131897,0.0,611.589111328125,727.5552978515625,2355.810546875,0,0,1,0,0,0,0,0,0,0,0,0,0.05971595272421837,0.0488010048866272,0.3358839154243469,0.09846597164869308,0.01447172649204731,0.02794664539396763,0.016936058178544044,0.04597194120287895,0.06430983543395996,0.04781293869018555,0.06534716486930847,0.07392144948244095
52,1.7333333333333334,,,,insightface_bbox,0.5618777871131897,0.0,611.589111328125,727.5552978515625,2355.810546875,0,0,1,0,0,0,0,0,0,0,0,0,0.06101016327738762,0.04991799220442772,0.34138527512550354,0.10113327950239182,0.014882908202707767,0.028704816475510597,0.01780768670141697,0.04698857665061951,0.06520376354455948,0.048781558871269226,0.06759187579154968,0.07632731646299362
53,1.7666666666666666,,,,insightface_bbox,0.5618777871131897,0.0,611.589111328125,727.5552978515625,2355.810546875,0,0,1,0,0,0,0,0,0,0,0,0,0.06132893264293671,0.0506213903427124,0.35564231872558594,0.10202725231647491,0.015346813015639782,0.028510238975286484,0.0171612910926342,0.046849243342876434,0.06286383420228958,0.047030121088027954,0.07080578804016113,0.07797567546367645
54,1.8,,,,insightface_bbox,0.5996161699295044,0.0,557.6319580078125,723.9260864257812,2456.258544921875,0,0,1,0,0,0,0,0,0,0,0,0,0.05163323134183884,0.04005131125450134,0.3236398696899414,0.0552886426448822,0.014078358188271523,0.029069120064377785,0.015399232506752014,0.04548800736665726,0.06378984451293945,0.045698586851358414,0.0804378017783165,0.06817250698804855
55,1.8333333333333333,,,,insightface_bbox,0.5996161699295044,0.0,557.6319580078125,723.9260864257812,2456.258544921875,0,0,1,0,0,0,0,0,0,0,0,0,0.051275234669446945,0.04054773971438408,0.33788424730300903,0.05576648190617561,0.013576546683907509,0.027966713532805443,0.014944473281502724,0.04318327084183693,0.06326475739479065,0.04541363939642906,0.07174669951200485,0.06414679437875748
56,1.8666666666666667,,,,insightface_bbox,0.5996161699295044,0.0,557.6319580078125,723.9260864257812,2456.258544921875,0,0,1,0,0,0,0,0,0,0,0,0,0.05228801071643829,0.04119967669248581,0.35203978419303894,0.057848136872053146,0.013277029618620872,0.02790866419672966,0.014778324402868748,0.04228299856185913,0.06329741328954697,0.04642593860626221,0.06968815624713898,0.0633644163608551
57,1.9,,,,insightface_bbox,0.5996161699295044,0.0,557.6319580078125,723.9260864257812,2456.258544921875,0,0,1,0,0,0,0,0,0,0,0,0,0.05309414118528366,0.04061952978372574,0.3562605381011963,0.05804920569062233,0.013246453367173672,0.027329038828611374,0.01489938236773014,0.04097510874271393,0.06129482761025429,0.04529844969511032,0.06285814940929413,0.06048876419663429
58,1.9333333333333333,,,,insightface_bbox,0.5996161699295044,0.0,557.6319580078125,723.9260864257812,2456.258544921875,0,0,1,0,0,0,0,0,0,0,0,0,0.05335346609354019,0.04006389528512955,0.36577630043029785,0.05940815806388855,0.013177076354622841,0.026572417467832565,0.013988122344017029,0.03996582701802254,0.058113206177949905,0.04373576492071152,0.057111673057079315,0.05814775452017784
59,1.9666666666666666,,,,insightface_bbox,0.5996161699295044,0.0,557.6319580078125,723.9260864257812,2456.258544921875,0,0,1,0,0,0,0,0,0,0,0,0,0.05707581341266632,0.04152107238769531,0.38158726692199707,0.06384971737861633,0.013999167829751968,0.027488160878419876,0.014988424256443977,0.03996427729725838,0.05527922883629799,0.042776502668857574,0.06058588996529579,0.059864722192287445
60,2.0,,,,insightface_bbox,0.5810968279838562,0.0,583.3113403320312,726.6388549804688,2382.42724609375,0,0,1,0,0,0,0,0,0,0,0,0,0.07042045891284943,0.05397800728678703,0.3695574700832367,0.10344553738832474,0.014973445795476437,0.027279185131192207,0.017034072428941727,0.04402748867869377,0.06289023160934448,0.05032173916697502,0.05318153277039528,0.07611686736345291
61,2.033333333333333,,,,insightface_bbox,0.5810968279838562,0.0,583.3113403320312,726.6388549804688,2382.42724609375,0,0,1,0,0,0,0,0,0,0,0,0,0.06457533687353134,0.04968905821442604,0.3509308099746704,0.09620746970176697,0.01450284756720066,0.02610638737678528,0.016073839738965034,0.041356854140758514,0.0615396574139595,0.04708711430430412,0.04870123788714409,0.06822652369737625
62,2.066666666666667,,,,insightface_bbox,0.5810968279838562,0.0,583.3113403320312,726.6388549804688,2382.42724609375,0,0,1,0,0,0,0,0,0,0,0,0,0.06087401509284973,0.048150043934583664,0.3263348340988159,0.09145645797252655,0.014264771714806557,0.025428853929042816,0.015545803122222424,0.04126220569014549,0.06146150827407837,0.04630491882562637,0.04560337960720062,0.06442469358444214
63,2.1,,,,insightface_bbox,0.5810968279838562,0.0,583.3113403320312,726.6388549804688,2382.42724609375,0,0,1,0,0,0,0,0,0,0,0,0,0.058315325528383255,0.046260248869657516,0.3319845199584961,0.08401626348495483,0.013949046842753887,0.02525338903069496,0.015204866416752338,0.04055412486195564,0.061452243477106094,0.0462140291929245,0.04512802138924599,0.062272071838378906
64,2.1333333333333333,,,,insightface_bbox,0.5810968279838562,0.0,583.3113403320312,726.6388549804688,2382.42724609375,0,0,1,0,0,0,0,0,0,0,0,0,0.05578219145536423,0.04483530670404434,0.3180995583534241,0.07855960726737976,0.013715187087655067,0.025251785293221474,0.015130879357457161,0.04085317254066467,0.0635000467300415,0.04729779064655304,0.04506166651844978,0.062307920306921005
65,2.1666666666666665,,,,insightface_bbox,0.5810968279838562,0.0,583.3113403320312,726.6388549804688,2382.42724609375,0,0,1,0,0,0,0,0,0,0,0,0,0.05625566095113754,0.04515135660767555,0.3374026417732239,0.07976603507995605,0.014079631306231022,0.025718335062265396,0.015691211447119713,0.041743941605091095,0.0632401630282402,0.047939714044332504,0.047635145485401154,0.06465958058834076
66,2.2,,,,insightface_bbox,0.5754597187042236,0.0,511.96337890625,724.455322265625,2390.23681640625,0,0,1,0,0,0,0,0,0,0,0,0,0.05490484833717346,0.04316085949540138,0.352283239364624,0.07710513472557068,0.014356277883052826,0.02641548588871956,0.015002416446805,0.042519066482782364,0.06099272146821022,0.044837575405836105,0.0611516609787941,0.06751983612775803
67,2.2333333333333334,,,,insightface_bbox,0.5754597187042236,0.0,511.96337890625,724.455322265625,2390.23681640625,0,0,1,0,0,0,0,0,0,0,0,0,0.058817580342292786,0.045088931918144226,0.36566269397735596,0.08058934658765793,0.014589197933673859,0.026334695518016815,0.015760837122797966,0.04178956151008606,0.05960866063833237,0.045446138828992844,0.06004747375845909,0.0660829171538353
68,2.2666666666666666,,,,insightface_bbox,0.5754597187042236,0.0,511.96337890625,724.455322265625,2390.23681640625,0,0,1,0,0,0,0,0,0,0,0,0,0.060238782316446304,0.045972052961587906,0.3585748076438904,0.08172394335269928,0.014676245860755444,0.026165075600147247,0.0157339945435524,0.04140070825815201,0.05873412638902664,0.046205777674913406,0.06185891479253769,0.0672072246670723
69,2.3,,,,insightface_bbox,0.5754597187042236,0.0,511.96337890625,724.455322265625,2390.23681640625,0,0,1,0,0,0,0,0,0,0,0,0,0.05866419896483421,0.04526521638035774,0.3570764660835266,0.0805414542555809,0.014389488846063614,0.02599550411105156,0.015558925457298756,0.04187455400824547,0.05873207375407219,0.045528803020715714,0.0604061596095562,0.06667575240135193
70,2.3333333333333335,,,,insightface_bbox,0.5754597187042236,0.0,511.96337890625,724.455322265625,2390.23681640625,0,0,1,0,0,0,0,0,0,0,0,0,0.05513141304254532,0.04310605674982071,0.3408680856227875,0.07371389120817184,0.013961024582386017,0.026265736669301987,0.015241986140608788,0.04200732707977295,0.061386264860630035,0.0451575443148613,0.06220179796218872,0.0661553367972374
71,2.3666666666666667,,,,insightface_bbox,0.5754597187042236,0.0,511.96337890625,724.455322265625,2390.23681640625,0,0,1,0,0,0,0,0,0,0,0,0,0.05398004502058029,0.04237154498696327,0.3488146960735321,0.07056969404220581,0.014089992269873619,0.02674916759133339,0.015404344536364079,0.04255852848291397,0.06321822106838226,0.04550208896398544,0.06326401233673096,0.06555034965276718
72,2.4,,,,insightface_bbox,0.57953941822052,0.0,569.2923583984375,735.0972900390625,2381.7451171875,0,0,1,0,0,0,0,0,0,0,0,0,0.05456441640853882,0.04483392834663391,0.3208036720752716,0.082537941634655,0.013486549258232117,0.025140782818198204,0.015302550978958607,0.04250572621822357,0.06306340545415878,0.047675721347332,0.044403254985809326,0.06273806840181351
73,2.433333333333333,,,,insightface_bbox,0.57953941822052,0.0,569.2923583984375,735.0972900390625,2381.7451171875,0,0,1,0,0,0,0,0,0,0,0,0,0.05961475521326065,0.04893425852060318,0.3785953223705292,0.0938200131058693,0.014933421276509762,0.02762712351977825,0.017805496230721474,0.045272812247276306,0.06435108184814453,0.04983101412653923,0.05906865745782852,0.07263869792222977
74,2.466666666666667,,,,insightface_bbox,0.57953941822052,0.0,569.2923583984375,735.0972900390625,2381.7451171875,0,0,1,0,0,0,0,0,0,0,0,0,0.057389192283153534,0.04489672929048538,0.37100857496261597,0.08034355193376541,0.013728216290473938,0.024360205978155136,0.014912030659615993,0.03999956324696541,0.059352122247219086,0.045959606766700745,0.0444905124604702,0.06048006936907768
75,2.5,,,,insightface_bbox,0.57953941822052,0.0,569.2923583984375,735.0972900390625,2381.7451171875,0,0,1,0,0,0,0,0,0,0,0,0,0.06004374101758003,0.04641751945018768,0.3568101227283478,0.08777303993701935,0.014228301122784615,0.024736572057008743,0.015266918577253819,0.04063349589705467,0.059464141726493835,0.04625122621655464,0.050984885543584824,0.06620722264051437
76,2.533333333333333,,,,insightface_bbox,0.57953941822052,0.0,569.2923583984375,735.0972900390625,2381.7451171875,0,0,1,0,0,0,0,0,0,0,0,0,0.06260000169277191,0.04866795241832733,0.3760490417480469,0.09425322711467743,0.014423105865716934,0.02553059719502926,0.016423186287283897,0.04114825278520584,0.06003633141517639,0.04642348363995552,0.05365373566746712,0.06820996850728989
77,2.566666666666667,,,,insightface_bbox,0.57953941822052,0.0,569.2923583984375,735.0972900390625,2381.7451171875,0,0,1,0,0,0,0,0,0,0,0,0,0.055801548063755035,0.043232474476099014,0.3260081708431244,0.07868164032697678,0.013008086010813713,0.023805703967809677,0.014349622651934624,0.039140503853559494,0.06018497049808502,0.04599090665578842,0.0422758013010025,0.05926481634378433
78,2.6,,,,insightface_bbox,0.5712532997131348,0.0,518.3016357421875,724.832763671875,2369.68115234375,0,0,1,0,0,0,0,0,0,0,0,0,0.04995878040790558,0.03796730935573578,0.3628835380077362,0.05101381987333298,0.01340652909129858,0.02680050954222679,0.014804722741246223,0.03960390016436577,0.062473468482494354,0.0480576790869236,0.05682619288563728,0.05802800878882408
79,2.6333333333333333,,,,insightface_bbox,0.5712532997131348,0.0,518.3016357421875,724.832763671875,2369.68115234375,0,0,1,0,0,0,0,0,0,0,0,0,0.053891684859991074,0.041165050119161606,0.4021229147911072,0.05849101021885872,0.013225719332695007,0.027061795815825462,0.01520796213299036,0.037948306649923325,0.060552023351192474,0.04747919738292694,0.058443449437618256,0.05985947325825691
80,2.6666666666666665,,,,insightface_bbox,0.5712532997131348,0.0,518.3016357421875,724.832763671875,2369.68115234375,0,0,1,0,0,0,0,0,0,0,0,0,0.05532476305961609,0.04032835736870766,0.3927004337310791,0.058138713240623474,0.013410214334726334,0.026883872225880623,0.014967622235417366,0.03740302845835686,0.059958115220069885,0.046275462955236435,0.05726700276136398,0.05914781615138054
81,2.7,,,,insightface_bbox,0.5712532997131348,0.0,518.3016357421875,724.832763671875,2369.68115234375,0,0,1,0,0,0,0,0,0,0,0,0,0.05690520256757736,0.041210584342479706,0.39543020725250244,0.05970582738518715,0.013622555881738663,0.0272937323898077,0.015352788381278515,0.03762929514050484,0.06000157818198204,0.0466010645031929,0.05906365439295769,0.06101815402507782
82,2.7333333333333334,,,,insightface_bbox,0.5712532997131348,0.0,518.3016357421875,724.832763671875,2369.68115234375,0,0,1,0,0,0,0,0,0,0,0,0,0.05643390119075775,0.0413316935300827,0.4004998207092285,0.06053765118122101,0.013606717810034752,0.027265286073088646,0.015307251363992691,0.03837239742279053,0.06089922413229942,0.04744376242160797,0.05967798829078674,0.061437465250492096
83,2.7666666666666666,,,,insightface_bbox,0.5712532997131348,0.0,518.3016357421875,724.832763671875,2369.68115234375,0,0,1,0,0,0,0,0,0,0,0,0,0.055781371891498566,0.04051012918353081,0.3860226571559906,0.05921005830168724,0.013617781922221184,0.026917142793536186,0.014801295474171638,0.03794669359922409,0.06166153401136398,0.04758965224027634,0.05622919276356697,0.060261912643909454
84,2.8,,,,insightface_bbox,0.5669925808906555,0.0,510.0595397949219,712.2261352539062,2374.140380859375,0,0,1,0,0,0,0,0,0,0,0,0,0.04931161552667618,0.03639302775263786,0.3410434126853943,0.05243610218167305,0.01217641495168209,0.02475493587553501,0.012911705300211906,0.03685912489891052,0.05901830643415451,0.04379924014210701,0.04740045964717865,0.053872138261795044
85,2.8333333333333335,,,,insightface_bbox,0.5669925808906555,0.0,510.0595397949219,712.2261352539062,2374.140380859375,0,0,1,0,0,0,0,0,0,0,0,0,0.05180549621582031,0.0382281057536602,0.35804474353790283,0.058268189430236816,0.01303503755480051,0.026038724929094315,0.01390930637717247,0.03859226405620575,0.05991748720407486,0.045479439198970795,0.05097386986017227,0.05694284662604332
86,2.8666666666666667,,,,insightface_bbox,0.5669925808906555,0.0,510.0595397949219,712.2261352539062,2374.140380859375,0,0,1,0,0,0,0,0,0,0,0,0,0.05352991074323654,0.03842850774526596,0.40112239122390747,0.05800556018948555,0.013606091029942036,0.026825204491615295,0.014869725331664085,0.03811097890138626,0.05867672711610794,0.04513188451528549,0.05109564960002899,0.055557698011398315
87,2.9,,,,insightface_bbox,0.5669925808906555,0.0,510.0595397949219,712.2261352539062,2374.140380859375,0,0,1,0,0,0,0,0,0,0,0,0,0.05709618330001831,0.04105560854077339,0.42895790934562683,0.06667803972959518,0.015227371826767921,0.028463860973715782,0.016842463985085487,0.040351927280426025,0.05911368876695633,0.047036297619342804,0.05760951340198517,0.06166783720254898
88,2.933333333333333,,,,insightface_bbox,0.5669925808906555,0.0,510.0595397949219,712.2261352539062,2374.140380859375,0,0,1,0,0,0,0,0,0,0,0,0,0.059877440333366394,0.0439593642950058,0.47045353055000305,0.07271000742912292,0.01573997735977173,0.02924771048128605,0.018343091011047363,0.042398884892463684,0.060780614614486694,0.04912900924682617,0.05733925476670265,0.06366321444511414
89,2.966666666666667,,,,insightface_bbox,0.5669925808906555,0.0,510.0595397949219,712.2261352539062,2374.140380859375,0,0,1,0,0,0,0,0,0,0,0,0,0.05954115092754364,0.043181002140045166,0.4286196529865265,0.0695459246635437,0.014581653289496899,0.02783750370144844,0.016011282801628113,0.040103308856487274,0.06059745326638222,0.047134604305028915,0.06077686324715614,0.06525299698114395
90,3.0,,,,insightface_bbox,0.5734369158744812,0.0,565.37158203125,720.6744995117188,2401.724365234375,0,0,1,0,0,0,0,0,0,0,0,0,0.06172804534435272,0.048790544271469116,0.38882943987846375,0.0985480397939682,0.015312097035348415,0.026813730597496033,0.017120059579610825,0.04265227168798447,0.05961104854941368,0.04621044546365738,0.05221831053495407,0.0693032443523407
91,3.033333333333333,,,,insightface_bbox,0.5734369158744812,0.0,565.37158203125,720.6744995117188,2401.724365234375,0,0,1,0,0,0,0,0,0,0,0,0,0.05653621628880501,0.044590599834918976,0.3584759831428528,0.09103354811668396,0.015089467167854309,0.026704713702201843,0.017279133200645447,0.0415785014629364,0.059914831072092056,0.04538212716579437,0.049434881657361984,0.06650269031524658
92,3.066666666666667,,,,insightface_bbox,0.5734369158744812,0.0,565.37158203125,720.6744995117188,2401.724365234375,0,0,1,0,0,0,0,0,0,0,0,0,0.057090967893600464,0.04481605440378189,0.35235896706581116,0.09100810438394547,0.014795435592532158,0.026683935895562172,0.017236432060599327,0.041547324508428574,0.06112441420555115,0.04567859694361687,0.05174553394317627,0.0682651698589325
93,3.1,,,,insightface_bbox,0.5734369158744812,0.0,565.37158203125,720.6744995117188,2401.724365234375,0,0,1,0,0,0,0,0,0,0,0,0,0.058271922171115875,0.04564151167869568,0.3737359046936035,0.09015832841396332,0.015544221736490726,0.027792172506451607,0.0185238067060709,0.04257810860872269,0.0622037835419178,0.046920157968997955,0.058353863656520844,0.07272466272115707
94,3.1333333333333333,,,,insightface_bbox,0.5734369158744812,0.0,565.37158203125,720.6744995117188,2401.724365234375,0,0,1,0,0,0,0,0,0,0,0,0,0.061516210436820984,0.04744749516248703,0.40118885040283203,0.09288303554058075,0.016233520582318306,0.028822746127843857,0.01948540285229683,0.043875258415937424,0.06356887519359589,0.048305876553058624,0.06311176717281342,0.0749356746673584
95,3.1666666666666665,,,,insightface_bbox,0.5734369158744812,0.0,565.37158203125,720.6744995117188,2401.724365234375,0,0,1,0,0,0,0,0,0,0,0,0,0.061750687658786774,0.0471976064145565,0.3962087631225586,0.09329929947853088,0.01585821993649006,0.027752507477998734,0.018341097980737686,0.04256755858659744,0.06128412112593651,0.047245338559150696,0.06113581731915474,0.07344870269298553
96,3.2,,,,insightface_bbox,0.5910422801971436,0.0,486.9267578125,726.3897705078125,2379.2666015625,0,0,1,0,0,0,0,0,0,0,0,0,0.05614053085446358,0.04103544354438782,0.43771716952323914,0.06098467856645584,0.014256270602345467,0.027619317173957825,0.01587946154177189,0.036944322288036346,0.058092664927244186,0.045524969696998596,0.06114226579666138,0.06117577105760574
97,3.2333333333333334,,,,insightface_bbox,0.5910422801971436,0.0,486.9267578125,726.3897705078125,2379.2666015625,0,0,1,0,0,0,0,0,0,0,0,0,0.058202341198921204,0.04154101759195328,0.4365962743759155,0.06296344846487045,0.015414971858263016,0.028691589832305908,0.017010554671287537,0.03934122622013092,0.05878795310854912,0.04638833925127983,0.06159175932407379,0.06153232604265213
98,3.2666666666666666,,,,insightface_bbox,0.5910422801971436,0.0,486.9267578125,726.3897705078125,2379.2666015625,0,0,1,0,0,0,0,0,0,0,0,0,0.059009239077568054,0.04149308055639267,0.4316713809967041,0.06489235907793045,0.015695419162511826,0.028912948444485664,0.01685887947678566,0.04012780264019966,0.05908149853348732,0.046054352074861526,0.06436680257320404,0.06266777962446213
99,3.3,,,,insightface_bbox,0.5910422801971436,0.0,486.9267578125,726.3897705078125,2379.2666015625,0,0,1,0,0,0,0,0,0,0,0,0,0.060236476361751556,0.04247564822435379,0.4506703019142151,0.06531524658203125,0.016036851331591606,0.029364069923758507,0.017891105264425278,0.04054200276732445,0.059548139572143555,0.04670490324497223,0.06558993458747864,0.06362944096326828
100,3.3333333333333335,,,,insightface_bbox,0.5910422801971436,0.0,486.9267578125,726.3897705078125,2379.2666015625,0,0,1,0,0,0,0,0,0,0,0,0,0.059942808002233505,0.04205389320850372,0.4426698088645935,0.06305654346942902,0.015428160317242146,0.029352102428674698,0.017301809042692184,0.03979020565748215,0.06002425774931908,0.046638548374176025,0.0641513541340828,0.06269785016775131
101,3.3666666666666667,,,,insightface_bbox,0.5910422801971436,0.0,486.9267578125,726.3897705078125,2379.2666015625,0,0,1,0,0,0,0,0,0,0,0,0,0.05970250815153122,0.041872020810842514,0.4242972135543823,0.06376105546951294,0.015047967433929443,0.029282182455062866,0.016741102561354637,0.03964296728372574,0.0606231763958931,0.04688155651092529,0.065854012966156,0.0636260062456131
102,3.4,,,,insightface_bbox,0.5767327547073364,0.0,567.8603515625,733.5059814453125,2418.685791015625,0,0,1,0,0,0,0,0,0,0,0,0,0.05690919607877731,0.04045110195875168,0.38871851563453674,0.06367795914411545,0.014064610004425049,0.027734337374567986,0.015309775248169899,0.039881691336631775,0.060907602310180664,0.04586642235517502,0.06126394495368004,0.06424684077501297
103,3.433333333333333,,,,insightface_bbox,0.5767327547073364,0.0,567.8603515625,733.5059814453125,2418.685791015625,0,0,1,0,0,0,0,0,0,0,0,0,0.054754018783569336,0.03961872309446335,0.3650236129760742,0.0635325014591217,0.013833143748342991,0.027016669511795044,0.01446688361465931,0.040117047727108,0.06003952771425247,0.044574253261089325,0.06703361868858337,0.06507742404937744
104,3.466666666666667,,,,insightface_bbox,0.5767327547073364,0.0,567.8603515625,733.5059814453125,2418.685791015625,0,0,1,0,0,0,0,0,0,0,0,0,0.05715131014585495,0.04263100028038025,0.3571529686450958,0.07420093566179276,0.0136310625821352,0.027577726170420647,0.014936290681362152,0.041370801627635956,0.06064636632800102,0.04424319043755531,0.0690455287694931,0.06738367676734924
105,3.5,,,,insightface_bbox,0.5767327547073364,0.0,567.8603515625,733.5059814453125,2418.685791015625,0,0,1,0,0,0,0,0,0,0,0,0,0.05698215588927269,0.04306305572390556,0.358228862285614,0.07385511696338654,0.013869717717170715,0.0280242208391428,0.01571759395301342,0.04181652516126633,0.06184755265712738,0.044832002371549606,0.0677095502614975,0.06699194014072418
106,3.533333333333333,,,,insightface_bbox,0.5767327547073364,0.0,567.8603515625,733.5059814453125,2418.685791015625,0,0,1,0,0,0,0,0,0,0,0,0,0.054355259984731674,0.04066621884703636,0.3619377613067627,0.06572838872671127,0.013684585690498352,0.027184460312128067,0.015332675538957119,0.040891289710998535,0.06182542443275452,0.045679714530706406,0.06041232869029045,0.061819858849048615
107,3.566666666666667,,,,insightface_bbox,0.5767327547073364,0.0,567.8603515625,733.5059814453125,2418.685791015625,0,0,1,0,0,0,0,0,0,0,0,0,0.05439452826976776,0.040765970945358276,0.3567454218864441,0.06657572090625763,0.013505482114851475,0.026885338127613068,0.014825035817921162,0.04100845009088516,0.06125869229435921,0.04642398655414581,0.059282053261995316,0.06205299496650696
108,3.6,,,,insightface_bbox,0.5703784227371216,0.0,580.8837280273438,723.6446533203125,2371.908935546875,0,0,1,0,0,0,0,0,0,0,0,0,0.0571577250957489,0.043690845370292664,0.3736552894115448,0.07580891996622086,0.014598407782614231,0.02824614942073822,0.016544703394174576,0.04374658316373825,0.06329157203435898,0.04665641486644745,0.06677281111478806,0.06840822100639343
109,3.6333333333333333,,,,insightface_bbox,0.5703784227371216,0.0,580.8837280273438,723.6446533203125,2371.908935546875,0,0,1,0,0,0,0,0,0,0,0,0,0.05259644612669945,0.04111992567777634,0.3549036979675293,0.06564169377088547,0.014731653034687042,0.028668232262134552,0.01661350578069687,0.0407903678715229,0.06623167544603348,0.04636286199092865,0.06593751907348633,0.06628872454166412
110,3.6666666666666665,,,,insightface_bbox,0.5703784227371216,0.0,580.8837280273438,723.6446533203125,2371.908935546875,0,0,1,0,0,0,0,0,0,0,0,0,0.048972904682159424,0.038355667144060135,0.3521547019481659,0.06318486481904984,0.01587509922683239,0.030317597091197968,0.01836298033595085,0.04289314150810242,0.07018295675516129,0.04780203104019165,0.07096052914857864,0.07037743180990219
111,3.7,,,,insightface_bbox,0.5703784227371216,0.0,580.8837280273438,723.6446533203125,2371.908935546875,0,0,1,0,0,0,0,0,0,0,0,0,0.0503416508436203,0.039103709161281586,0.3569263517856598,0.06356887519359589,0.016464654356241226,0.03105016238987446,0.019043464213609695,0.043309323489665985,0.0714275985956192,0.04909662902355194,0.07664831727743149,0.07342351227998734
112,3.7333333333333334,,,,insightface_bbox,0.5703784227371216,0.0,580.8837280273438,723.6446533203125,2371.908935546875,0,0,1,0,0,0,0,0,0,0,0,0,0.051745589822530746,0.04038422927260399,0.3731299042701721,0.06429283320903778,0.015302593819797039,0.030021406710147858,0.01765158772468567,0.04110421985387802,0.06773914396762848,0.047424379736185074,0.07612283527851105,0.07057105004787445
113,3.7666666666666666,,,,insightface_bbox,0.5703784227371216,0.0,580.8837280273438,723.6446533203125,2371.908935546875,0,0,1,0,0,0,0,0,0,0,0,0,0.051324278116226196,0.04049346223473549,0.3247782588005066,0.06932201981544495,0.013311411254107952,0.026337606832385063,0.014252562075853348,0.0392373725771904,0.061550322920084,0.043878260999917984,0.06072152033448219,0.0633682906627655
114,3.8,,,,insightface_bbox,0.5709325671195984,0.0,519.638427734375,712.7981567382812,2372.353515625,0,0,1,0,0,0,0,0,0,0,0,0,0.06001579761505127,0.04600951448082924,0.48174726963043213,0.07155676186084747,0.014999493956565857,0.030878102406859398,0.01978844404220581,0.03982159495353699,0.06264142692089081,0.05250202864408493,0.0887405052781105,0.07704571634531021
115,3.8333333333333335,,,,insightface_bbox,0.5709325671195984,0.0,519.638427734375,712.7981567382812,2372.353515625,0,0,1,0,0,0,0,0,0,0,0,0,0.06351496279239655,0.046972841024398804,0.46576622128486633,0.07581896334886551,0.013928355649113655,0.028789382427930832,0.017788592725992203,0.03855171427130699,0.06116539612412453,0.052887193858623505,0.07584214210510254,0.07503613084554672
116,3.8666666666666667,,,,insightface_bbox,0.5709325671195984,0.0,519.638427734375,712.7981567382812,2372.353515625,0,0,1,0,0,0,0,0,0,0,0,0,0.06346038728952408,0.046834107488393784,0.44878676533699036,0.07592502236366272,0.01386087853461504,0.02843155711889267,0.017685994505882263,0.03871205449104309,0.06093345209956169,0.05265837535262108,0.07608885318040848,0.07538292557001114
117,3.9,,,,insightface_bbox,0.5709325671195984,0.0,519.638427734375,712.7981567382812,2372.353515625,0,0,1,0,0,0,0,0,0,0,0,0,0.06289304792881012,0.04759792238473892,0.47355082631111145,0.07622227072715759,0.01441936381161213,0.029607266187667847,0.01917051337659359,0.039038050919771194,0.061108436435461044,0.05275057628750801,0.08311327546834946,0.07850755751132965
118,3.933333333333333,,,,insightface_bbox,0.5709325671195984,0.0,519.638427734375,712.7981567382812,2372.353515625,0,0,1,0,0,0,0,0,0,0,0,0,0.05830417573451996,0.04487946256995201,0.47642987966537476,0.06855982542037964,0.014664610847830772,0.029772033914923668,0.020146939903497696,0.03953881189227104,0.0616784393787384,0.0523248128592968,0.08069145679473877,0.07465735822916031
119,3.966666666666667,,,,insightface_bbox,0.5709325671195984,0.0,519.638427734375,712.7981567382812,2372.353515625,0,0,1,0,0,0,0,0,0,0,0,0,0.057793498039245605,0.04413513466715813,0.4698392450809479,0.06683891266584396,0.014490067958831787,0.029262270778417587,0.019646983593702316,0.03904968872666359,0.06090513616800308,0.05176917463541031,0.080527663230896,0.07461687922477722
120,4.0,,,,insightface_bbox,0.573302149772644,0.0,562.5296630859375,728.175048828125,2401.126708984375,0,0,1,0,0,0,0,0,0,0,0,0,0.055856961756944656,0.0403207503259182,0.3914908766746521,0.06098068878054619,0.013629987835884094,0.02604486234486103,0.014227517880499363,0.03863421455025673,0.06043630093336105,0.0469326376914978,0.05536440759897232,0.05943867936730385
121,4.033333333333333,,,,insightface_bbox,0.573302149772644,0.0,562.5296630859375,728.175048828125,2401.126708984375,0,0,1,0,0,0,0,0,0,0,0,0,0.05333632603287697,0.038434602320194244,0.38737252354621887,0.05726384371519089,0.013357029296457767,0.025460774078965187,0.014094756916165352,0.036946650594472885,0.059623125940561295,0.045841705054044724,0.05091844126582146,0.05593154579401016
122,4.066666666666666,,,,insightface_bbox,0.573302149772644,0.0,562.5296630859375,728.175048828125,2401.126708984375,0,0,1,0,0,0,0,0,0,0,0,0,0.050514720380306244,0.03613714128732681,0.36369603872299194,0.05177890509366989,0.013339104130864143,0.02517296001315117,0.013709479942917824,0.03669934719800949,0.05962512642145157,0.044181425124406815,0.05008602887392044,0.053454186767339706
123,4.1,,,,insightface_bbox,0.573302149772644,0.0,562.5296630859375,728.175048828125,2401.126708984375,0,0,1,0,0,0,0,0,0,0,0,0,0.052289173007011414,0.03799353539943695,0.35744017362594604,0.05609571188688278,0.013013258576393127,0.02501046098768711,0.013981182128190994,0.036444041877985,0.059558384120464325,0.04540982097387314,0.04999779909849167,0.05540849268436432
124,4.133333333333334,,,,insightface_bbox,0.573302149772644,0.0,562.5296630859375,728.175048828125,2401.126708984375,0,0,1,0,0,0,0,0,0,0,0,0,0.05177426338195801,0.038311224430799484,0.3857833743095398,0.06020209193229675,0.015386858955025673,0.02805832400918007,0.01676887646317482,0.04037865251302719,0.06258898228406906,0.04781085625290871,0.061357855796813965,0.0605059452354908
125,4.166666666666667,,,,insightface_bbox,0.573302149772644,0.0,562.5296630859375,728.175048828125,2401.126708984375,0,0,1,0,0,0,0,0,0,0,0,0,0.05141044035553932,0.03824412077665329,0.3694518208503723,0.06309004127979279,0.014688719063997269,0.027450017631053925,0.01566191390156746,0.03989603370428085,0.060958780348300934,0.045727916061878204,0.057375453412532806,0.058263685554265976
126,4.2,,,,insightface_bbox,0.5859196782112122,0.0,520.6051635742188,706.697998046875,2325.37451171875,0,0,1,0,0,0,0,0,0,0,0,0,0.05635308101773262,0.04312869906425476,0.4432421326637268,0.06404152512550354,0.014136511832475662,0.027775123715400696,0.018745295703411102,0.03791569173336029,0.05918913334608078,0.050702959299087524,0.07388818264007568,0.0716046392917633
127,4.233333333333333,,,,insightface_bbox,0.5859196782112122,0.0,520.6051635742188,706.697998046875,2325.37451171875,0,0,1,0,0,0,0,0,0,0,0,0,0.0580369271337986,0.04326682165265083,0.45547395944595337,0.06702210754156113,0.014601015485823154,0.02944541722536087,0.01937103644013405,0.03919283300638199,0.061229560524225235,0.05254348739981651,0.08271436393260956,0.07725375890731812
128,4.266666666666667,,,,insightface_bbox,0.5859196782112122,0.0,520.6051635742188,706.697998046875,2325.37451171875,0,0,1,0,0,0,0,0,0,0,0,0,0.060408320277929306,0.04400019347667694,0.4343453347682953,0.06993674486875534,0.014282235875725746,0.029259663075208664,0.018719283863902092,0.039808280766010284,0.06269920617341995,0.05302570387721062,0.08265724778175354,0.07929669320583344
129,4.3,,,,insightface_bbox,0.5859196782112122,0.0,520.6051635742188,706.697998046875,2325.37451171875,0,0,1,0,0,0,0,0,0,0,0,0,0.06308368593454361,0.04476728290319443,0.41082167625427246,0.07237392663955688,0.014078432694077492,0.028175627812743187,0.01838436722755432,0.03900647908449173,0.06242174282670021,0.05248038098216057,0.07633523643016815,0.07746017724275589
130,4.333333333333333,,,,insightface_bbox,0.5859196782112122,0.0,520.6051635742188,706.697998046875,2325.37451171875,0,0,1,0,0,0,0,0,0,0,0,0,0.06159568205475807,0.043879926204681396,0.398444265127182,0.07040037214756012,0.013999621383845806,0.02802995964884758,0.018233345821499825,0.038843680173158646,0.06202544644474983,0.05198367312550545,0.07164119929075241,0.07319360971450806
131,4.366666666666666,,,,insightface_bbox,0.5859196782112122,0.0,520.6051635742188,706.697998046875,2325.37451171875,0,0,1,0,0,0,0,0,0,0,0,0,0.06297338008880615,0.04500759392976761,0.40476614236831665,0.07399951666593552,0.014174822717905045,0.028834857046604156,0.01875911094248295,0.040182143449783325,0.06361431628465652,0.05385265499353409,0.07581732422113419,0.0764320120215416
132,4.4,,,,insightface_bbox,0.5942575931549072,0.0,526.6810302734375,716.3106079101562,2354.33935546875,0,0,1,0,0,0,0,0,0,0,0,0,0.05689002200961113,0.03850546106696129,0.3825840651988983,0.05763833224773407,0.014191492460668087,0.02692584879696369,0.014688272029161453,0.03741832822561264,0.06172126531600952,0.04758197069168091,0.05565087869763374,0.0582156740128994
133,4.433333333333334,,,,insightface_bbox,0.5942575931549072,0.0,526.6810302734375,716.3106079101562,2354.33935546875,0,0,1,0,0,0,0,0,0,0,0,0,0.058469146490097046,0.03971057012677193,0.37929609417915344,0.059791967272758484,0.01432433258742094,0.027324140071868896,0.014727136120200157,0.03881272301077843,0.06325653940439224,0.048479776829481125,0.05782646685838699,0.059435293078422546
134,4.466666666666667,,,,insightface_bbox,0.5942575931549072,0.0,526.6810302734375,716.3106079101562,2354.33935546875,0,0,1,0,0,0,0,0,0,0,0,0,0.05949992686510086,0.041486937552690506,0.39802253246307373,0.06358267366886139,0.014181812293827534,0.027984993532299995,0.015271934680640697,0.039462611079216,0.0642743706703186,0.04974675178527832,0.06053924560546875,0.061179544776678085
135,4.5,,,,insightface_bbox,0.5942575931549072,0.0,526.6810302734375,716.3106079101562,2354.33935546875,0,0,1,0,0,0,0,0,0,0,0,0,0.05902976542711258,0.041989754885435104,0.413166880607605,0.06371846795082092,0.013983109034597874,0.028013402596116066,0.015254838392138481,0.038666583597660065,0.06329384446144104,0.048747941851615906,0.060750812292099,0.061170902103185654
136,4.533333333333333,,,,insightface_bbox,0.5942575931549072,0.0,526.6810302734375,716.3106079101562,2354.33935546875,0,0,1,0,0,0,0,0,0,0,0,0,0.06040473282337189,0.04289107769727707,0.40878957509994507,0.06549249589443207,0.014048047363758087,0.027581308037042618,0.015185117721557617,0.03828011080622673,0.06261972337961197,0.048422008752822876,0.05955571308732033,0.06159898638725281
137,4.566666666666666,,,,insightface_bbox,0.5942575931549072,0.0,526.6810302734375,716.3106079101562,2354.33935546875,0,0,1,0,0,0,0,0,0,0,0,0,0.05995802953839302,0.041700754314661026,0.38527238368988037,0.06388137489557266,0.013985557481646538,0.027506764978170395,0.014820992015302181,0.03808331862092018,0.062259286642074585,0.0485592782497406,0.058735158294439316,0.06107531860470772
138,4.6,,,,insightface_bbox,0.57928466796875,0.0,581.1021728515625,732.8202514648438,2372.48486328125,0,0,1,0,0,0,0,0,0,0,0,0,0.060432568192481995,0.04523295536637306,0.3525841236114502,0.09058387577533722,0.014573420397937298,0.025554483756422997,0.01531552616506815,0.04050976783037186,0.05864987522363663,0.0465795174241066,0.046227309852838516,0.05974769964814186
139,4.633333333333334,,,,insightface_bbox,0.57928466796875,0.0,581.1021728515625,732.8202514648438,2372.48486328125,0,0,1,0,0,0,0,0,0,0,0,0,0.06226644292473793,0.046661727130413055,0.367544561624527,0.09344310313463211,0.014906305819749832,0.026389576494693756,0.01590019278228283,0.041305623948574066,0.05930004268884659,0.047562237828969955,0.048953160643577576,0.06195736676454544
140,4.666666666666667,,,,insightface_bbox,0.57928466796875,0.0,581.1021728515625,732.8202514648438,2372.48486328125,0,0,1,0,0,0,0,0,0,0,0,0,0.06320581585168839,0.04726859927177429,0.3675490915775299,0.0932968482375145,0.01474247220903635,0.026322470977902412,0.015802035108208656,0.04102374613285065,0.05890064686536789,0.04790083318948746,0.05234979838132858,0.0634673535823822
141,4.7,,,,insightface_bbox,0.57928466796875,0.0,581.1021728515625,732.8202514648438,2372.48486328125,0,0,1,0,0,0,0,0,0,0,0,0,0.06450365483760834,0.04851362854242325,0.3709253966808319,0.09440632164478302,0.015058531425893307,0.0272756926715374,0.01629638671875,0.041560061275959015,0.060023315250873566,0.04803816229104996,0.06166443973779678,0.06871454417705536
142,4.733333333333333,,,,insightface_bbox,0.57928466796875,0.0,581.1021728515625,732.8202514648438,2372.48486328125,0,0,1,0,0,0,0,0,0,0,0,0,0.059559084475040436,0.045532844960689545,0.3410372734069824,0.0870973989367485,0.014141780324280262,0.02685629203915596,0.015414275228977203,0.04074742645025253,0.0627945214509964,0.047196581959724426,0.05945868045091629,0.06702065467834473
143,4.766666666666667,,,,insightface_bbox,0.57928466796875,0.0,581.1021728515625,732.8202514648438,2372.48486328125,0,0,1,0,0,0,0,0,0,0,0,0,0.055341094732284546,0.042047351598739624,0.34017670154571533,0.07516582310199738,0.013967154547572136,0.027347009629011154,0.016087284311652184,0.040763210505247116,0.06607980281114578,0.04691226780414581,0.056359484791755676,0.06454034149646759
144,4.8,,,,insightface_bbox,0.5806916952133179,0.0,506.206298828125,728.4230346679688,2391.81103515625,0,0,1,0,0,0,0,0,0,0,0,0,0.04994460195302963,0.035781893879175186,0.35193365812301636,0.051028892397880554,0.013162156566977501,0.0263929832726717,0.013886877335608006,0.03796815127134323,0.06216138228774071,0.045396819710731506,0.0517033115029335,0.0546911284327507
145,4.833333333333333,,,,insightface_bbox,0.5806916952133179,0.0,506.206298828125,728.4230346679688,2391.81103515625,0,0,1,0,0,0,0,0,0,0,0,0,0.05102689564228058,0.03608975186944008,0.3226874768733978,0.05448806658387184,0.01188576128333807,0.023986397311091423,0.012198144569993019,0.03540622442960739,0.05745894834399223,0.043531544506549835,0.04311198368668556,0.05182742699980736
146,4.866666666666666,,,,insightface_bbox,0.5806916952133179,0.0,506.206298828125,728.4230346679688,2391.81103515625,0,0,1,0,0,0,0,0,0,0,0,0,0.05239873379468918,0.03606368601322174,0.33306631445884705,0.055700547993183136,0.012240469455718994,0.024194326251745224,0.012636031955480576,0.035437215119600296,0.05859954282641411,0.04481031745672226,0.04050840437412262,0.050673749297857285
147,4.9,,,,insightface_bbox,0.5806916952133179,0.0,506.206298828125,728.4230346679688,2391.81103515625,0,0,1,0,0,0,0,0,0,0,0,0,0.05326524376869202,0.03665144741535187,0.3281639516353607,0.05813057720661163,0.012121537700295448,0.024789679795503616,0.01256183348596096,0.03557587414979935,0.058408208191394806,0.0451209619641304,0.04371352866292,0.05245854705572128
148,4.933333333333334,,,,insightface_bbox,0.5806916952133179,0.0,506.206298828125,728.4230346679688,2391.81103515625,0,0,1,0,0,0,0,0,0,0,0,0,0.05100007355213165,0.03594288229942322,0.2971190810203552,0.0565100759267807,0.011789213865995407,0.024033429101109505,0.011990690603852272,0.03574550896883011,0.05875100940465927,0.044503774493932724,0.04238838329911232,0.05222723260521889
149,4.966666666666667,,,,insightface_bbox,0.5806916952133179,0.0,506.206298828125,728.4230346679688,2391.81103515625,0,0,1,0,0,0,0,0,0,0,0,0,0.049408894032239914,0.034954432398080826,0.27749666571617126,0.053282156586647034,0.011558758094906807,0.02390979789197445,0.011927282437682152,0.03559831157326698,0.05970441550016403,0.04482704773545265,0.043153129518032074,0.05153710022568703
150,5.0,,,,insightface_bbox,0.5806832313537598,0.0,575.0354614257812,735.6615600585938,2398.841552734375,0,0,1,0,0,0,0,0,0,0,0,0,0.05668361112475395,0.04382479190826416,0.3188347816467285,0.08628740906715393,0.01295851357281208,0.02541125938296318,0.014008179306983948,0.03969496488571167,0.06068675220012665,0.0459463857114315,0.04907943308353424,0.062296062707901
151,5.033333333333333,,,,insightface_bbox,0.5806832313537598,0.0,575.0354614257812,735.6615600585938,2398.841552734375,0,0,1,0,0,0,0,0,0,0,0,0,0.05424255132675171,0.04105139523744583,0.3110038936138153,0.07680484652519226,0.012700528837740421,0.02433123253285885,0.013700473122298717,0.03822236880660057,0.0614393949508667,0.04659311845898628,0.04198036342859268,0.05697645992040634
152,5.066666666666666,,,,insightface_bbox,0.5806832313537598,0.0,575.0354614257812,735.6615600585938,2398.841552734375,0,0,1,0,0,0,0,0,0,0,0,0,0.05409061163663864,0.04150779917836189,0.31682875752449036,0.07932800054550171,0.012750019319355488,0.024071289226412773,0.013732126913964748,0.03795694559812546,0.060098275542259216,0.045445170253515244,0.03946036845445633,0.05514875426888466
153,5.1,,,,insightface_bbox,0.5806832313537598,0.0,575.0354614257812,735.6615600585938,2398.841552734375,0,0,1,0,0,0,0,0,0,0,0,0,0.05584913492202759,0.042691200971603394,0.3031877875328064,0.08688691258430481,0.013197734020650387,0.023959819227457047,0.013688711449503899,0.03890886530280113,0.059525974094867706,0.04646942764520645,0.036859504878520966,0.055507998913526535
154,5.133333333333334,,,,insightface_bbox,0.5806832313537598,0.0,575.0354614257812,735.6615600585938,2398.841552734375,0,0,1,0,0,0,0,0,0,0,0,0,0.05622956529259682,0.042621124535799026,0.3066376745700836,0.08402682095766068,0.01279640942811966,0.02423045225441456,0.013425546698272228,0.03742147982120514,0.05745423957705498,0.0458039864897728,0.034763772040605545,0.05389534309506416
155,5.166666666666667,,,,insightface_bbox,0.5806832313537598,0.0,575.0354614257812,735.6615600585938,2398.841552734375,0,0,1,0,0,0,0,0,0,0,0,0,0.05442560464143753,0.04139150679111481,0.2911340296268463,0.0795774981379509,0.012258945032954216,0.02386624366044998,0.012848008424043655,0.03631139546632767,0.057355012744665146,0.045589886605739594,0.0341564416885376,0.05302945524454117
156,5.2,,,,insightface_bbox,0.5602896213531494,0.0,518.627685546875,719.7774658203125,2369.7314453125,0,0,1,0,0,0,0,0,0,0,0,0,0.056464508175849915,0.04063645750284195,0.3643997013568878,0.06719018518924713,0.012066568247973919,0.026569001376628876,0.014873974956572056,0.037269193679094315,0.06033661961555481,0.051004961133003235,0.055746663361787796,0.06266741454601288
157,5.233333333333333,,,,insightface_bbox,0.5602896213531494,0.0,518.627685546875,719.7774658203125,2369.7314453125,0,0,1,0,0,0,0,0,0,0,0,0,0.05745632201433182,0.04186560958623886,0.39581865072250366,0.06821532547473907,0.012444611638784409,0.02775116264820099,0.015417223796248436,0.03739304468035698,0.06139664351940155,0.05168486759066582,0.06332200765609741,0.06471776962280273
158,5.266666666666667,,,,insightface_bbox,0.5602896213531494,0.0,518.627685546875,719.7774658203125,2369.7314453125,0,0,1,0,0,0,0,0,0,0,0,0,0.05445333197712898,0.03995159640908241,0.3877685070037842,0.06298954039812088,0.012095324695110321,0.027120037004351616,0.014994930475950241,0.03717321902513504,0.06090051680803299,0.05151689425110817,0.0614195242524147,0.06295755505561829
159,5.3,,,,insightface_bbox,0.5602896213531494,0.0,518.627685546875,719.7774658203125,2369.7314453125,0,0,1,0,0,0,0,0,0,0,0,0,0.05539581924676895,0.040724482387304306,0.37999287247657776,0.0655505582690239,0.012056149542331696,0.027066994458436966,0.015014668926596642,0.037259072065353394,0.061247147619724274,0.05162250995635986,0.06182635575532913,0.0641975998878479
160,5.333333333333333,,,,insightface_bbox,0.5602896213531494,0.0,518.627685546875,719.7774658203125,2369.7314453125,0,0,1,0,0,0,0,0,0,0,0,0,0.057882778346538544,0.04183690994977951,0.3855358064174652,0.06908608973026276,0.012229882180690765,0.027380332350730896,0.014841984026134014,0.03787244111299515,0.06154533848166466,0.05181960016489029,0.06074431911110878,0.06404046714305878
161,5.366666666666666,,,,insightface_bbox,0.5602896213531494,0.0,518.627685546875,719.7774658203125,2369.7314453125,0,0,1,0,0,0,0,0,0,0,0,0,0.059766899794340134,0.04288095608353615,0.41506528854370117,0.06888119876384735,0.01272655464708805,0.028121042996644974,0.015401963144540787,0.037832923233509064,0.06144405156373978,0.05035814270377159,0.06485715508460999,0.06446856260299683
162,5.4,,,,insightface_bbox,0.599867582321167,0.0,552.03076171875,706.7225952148438,2347.380859375,0,0,1,0,0,0,0,0,0,0,0,0,0.054630596190690994,0.037834301590919495,0.3461991548538208,0.05999874696135521,0.012958833947777748,0.02732473611831665,0.013414334505796432,0.037907689809799194,0.060970716178417206,0.04953896626830101,0.05561672896146774,0.0587320514023304
163,5.433333333333334,,,,insightface_bbox,0.599867582321167,0.0,552.03076171875,706.7225952148438,2347.380859375,0,0,1,0,0,0,0,0,0,0,0,0,0.056769244372844696,0.03983915224671364,0.3787355124950409,0.06412922590970993,0.013554749079048634,0.028026822954416275,0.014368602074682713,0.03848005458712578,0.06166870892047882,0.05048738420009613,0.06219086796045303,0.06234057992696762
164,5.466666666666667,,,,insightface_bbox,0.599867582321167,0.0,552.03076171875,706.7225952148438,2347.380859375,0,0,1,0,0,0,0,0,0,0,0,0,0.057873282581567764,0.04122460260987282,0.3912113904953003,0.06706083565950394,0.014212844893336296,0.029308471828699112,0.015768833458423615,0.04058505967259407,0.06302095949649811,0.05175997316837311,0.06777563691139221,0.06594819575548172
165,5.5,,,,insightface_bbox,0.599867582321167,0.0,552.03076171875,706.7225952148438,2347.380859375,0,0,1,0,0,0,0,0,0,0,0,0,0.05924142152070999,0.042328182607889175,0.41363850235939026,0.06821593642234802,0.0145346000790596,0.02986987866461277,0.016838302835822105,0.04093807563185692,0.06358659267425537,0.052863143384456635,0.06893904507160187,0.06716562807559967
166,5.533333333333333,,,,insightface_bbox,0.599867582321167,0.0,552.03076171875,706.7225952148438,2347.380859375,0,0,1,0,0,0,0,0,0,0,0,0,0.05991077050566673,0.0427047535777092,0.42438390851020813,0.06907039880752563,0.014150349423289299,0.02949201501905918,0.016652673482894897,0.040003277361392975,0.06287433952093124,0.0518144890666008,0.0682487040758133,0.06570537388324738
167,5.566666666666666,,,,insightface_bbox,0.599867582321167,0.0,552.03076171875,706.7225952148438,2347.380859375,0,0,1,0,0,0,0,0,0,0,0,0,0.059221051633358,0.04197867214679718,0.42719268798828125,0.06869315356016159,0.013854853808879852,0.029043499380350113,0.015964152291417122,0.03937477618455887,0.06287611275911331,0.05113041028380394,0.06748183071613312,0.06492944061756134
168,5.6,,,,insightface_bbox,0.5987585783004761,0.0,514.0191040039062,714.391845703125,2370.121337890625,0,0,1,0,0,0,0,0,0,0,0,0,0.05524175241589546,0.03801083564758301,0.3591251075267792,0.06116848066449165,0.012628545984625816,0.02587074041366577,0.01309687364846468,0.03632176294922829,0.06002131476998329,0.047519758343696594,0.05271505191922188,0.05692674219608307
169,5.633333333333334,,,,insightface_bbox,0.5987585783004761,0.0,514.0191040039062,714.391845703125,2370.121337890625,0,0,1,0,0,0,0,0,0,0,0,0,0.05767248943448067,0.04052072763442993,0.39414024353027344,0.06650866568088531,0.012969717383384705,0.02658715471625328,0.014081974513828754,0.037394601851701736,0.05977980047464371,0.04838545620441437,0.05859857797622681,0.06074875593185425
170,5.666666666666667,,,,insightface_bbox,0.5987585783004761,0.0,514.0191040039062,714.391845703125,2370.121337890625,0,0,1,0,0,0,0,0,0,0,0,0,0.05572300776839256,0.039255477488040924,0.3649277985095978,0.06454625725746155,0.012404590845108032,0.025650786235928535,0.013039209879934788,0.03665490448474884,0.059758905321359634,0.04754285886883736,0.05491585284471512,0.05862205848097801
171,5.7,,,,insightface_bbox,0.5987585783004761,0.0,514.0191040039062,714.391845703125,2370.121337890625,0,0,1,0,0,0,0,0,0,0,0,0,0.053683001548051834,0.03801020234823227,0.3634248971939087,0.06023455411195755,0.01237953919917345,0.025475647300481796,0.012982523068785667,0.0357741042971611,0.0596337728202343,0.04684016853570938,0.05337919667363167,0.056537069380283356
172,5.733333333333333,,,,insightface_bbox,0.5987585783004761,0.0,514.0191040039062,714.391845703125,2370.121337890625,0,0,1,0,0,0,0,0,0,0,0,0,0.05424764007329941,0.03841501846909523,0.3857041001319885,0.06093316525220871,0.012759239412844181,0.02577630616724491,0.013676258735358715,0.036068983376026154,0.05875007063150406,0.04725377634167671,0.05312207713723183,0.05576104298233986
173,5.766666666666667,,,,insightface_bbox,0.5987585783004761,0.0,514.0191040039062,714.391845703125,2370.121337890625,0,0,1,0,0,0,0,0,0,0,0,0,0.05586712807416916,0.03931979089975357,0.39877092838287354,0.06302586197853088,0.013250871561467648,0.02602105215191841,0.014161206781864166,0.03635619953274727,0.05838333070278168,0.047433897852897644,0.053161993622779846,0.05611462518572807
174,5.8,,,,insightface_bbox,0.5821513533592224,0.0,501.9674987792969,718.8821411132812,2379.4501953125,0,0,1,0,0,0,0,0,0,0,0,0,0.055478535592556,0.04019870609045029,0.44076022505760193,0.06343339383602142,0.013362906873226166,0.026456916704773903,0.014858892187476158,0.03736813738942146,0.05934012681245804,0.04826555401086807,0.053425297141075134,0.058351751416921616
175,5.833333333333333,,,,insightface_bbox,0.5821513533592224,0.0,501.9674987792969,718.8821411132812,2379.4501953125,0,0,1,0,0,0,0,0,0,0,0,0,0.051102522760629654,0.036993615329265594,0.396201491355896,0.055250585079193115,0.012822337448596954,0.024595297873020172,0.013278299942612648,0.03621411696076393,0.059039387851953506,0.04645702242851257,0.0466916486620903,0.053575411438941956
176,5.866666666666666,,,,insightface_bbox,0.5821513533592224,0.0,501.9674987792969,718.8821411132812,2379.4501953125,0,0,1,0,0,0,0,0,0,0,0,0,0.051452744752168655,0.03700273856520653,0.38168877363204956,0.05658669397234917,0.013074332848191261,0.02533511258661747,0.013361255638301373,0.037979621440172195,0.060967907309532166,0.04693181812763214,0.049767423421144485,0.05538396164774895
177,5.9,,,,insightface_bbox,0.5821513533592224,0.0,501.9674987792969,718.8821411132812,2379.4501953125,0,0,1,0,0,0,0,0,0,0,0,0,0.05399830639362335,0.03821148723363876,0.3989027142524719,0.057777296751737595,0.01295962929725647,0.024890435859560966,0.013523587025702,0.03621034696698189,0.059901222586631775,0.047340475022792816,0.04742482677102089,0.05534743890166283
178,5.933333333333334,,,,insightface_bbox,0.5821513533592224,0.0,501.9674987792969,718.8821411132812,2379.4501953125,0,0,1,0,0,0,0,0,0,0,0,0,0.05601401627063751,0.03983858972787857,0.40022945404052734,0.06358635425567627,0.012535195797681808,0.025336507707834244,0.01357214991003275,0.035872045904397964,0.05968631058931351,0.04751354083418846,0.04922092333436012,0.057069629430770874
179,5.966666666666667,,,,insightface_bbox,0.5821513533592224,0.0,501.9674987792969,718.8821411132812,2379.4501953125,0,0,1,0,0,0,0,0,0,0,0,0,0.054717980325222015,0.038705259561538696,0.41000086069107056,0.06140587478876114,0.012630029581487179,0.02527165785431862,0.013787521980702877,0.035546574741601944,0.059385381639003754,0.04722088575363159,0.04748395085334778,0.055848028510808945
180,6.0,,,,insightface_bbox,0.5880751609802246,0.0,503.7998352050781,702.5238647460938,2392.798828125,0,0,1,0,0,0,0,0,0,0,0,0,0.050156112760305405,0.03526065871119499,0.3425431251525879,0.056287363171577454,0.011953450739383698,0.02315417304635048,0.0115004638209939,0.03507081791758537,0.05739503353834152,0.042987313121557236,0.04081055149435997,0.05186138674616814
181,6.033333333333333,,,,insightface_bbox,0.5880751609802246,0.0,503.7998352050781,702.5238647460938,2392.798828125,0,0,1,0,0,0,0,0,0,0,0,0,0.05021367594599724,0.03471202403306961,0.3542509377002716,0.05326107516884804,0.012263057753443718,0.02350272424519062,0.012187754735350609,0.03519469499588013,0.05873899906873703,0.044034913182258606,0.03914159536361694,0.05030691996216774
182,6.066666666666666,,,,insightface_bbox,0.5880751609802246,0.0,503.7998352050781,702.5238647460938,2392.798828125,0,0,1,0,0,0,0,0,0,0,0,0,0.050235915929079056,0.035035956650972366,0.34680724143981934,0.05440494418144226,0.012389888986945152,0.023839779198169708,0.012325859628617764,0.03546806797385216,0.058924026787281036,0.044794388115406036,0.040442779660224915,0.050849612802267075
183,6.1,,,,insightface_bbox,0.5880751609802246,0.0,503.7998352050781,702.5238647460938,2392.798828125,0,0,1,0,0,0,0,0,0,0,0,0,0.05106797441840172,0.0356006845831871,0.34450995922088623,0.057424396276474,0.01212831400334835,0.023849057033658028,0.012118343263864517,0.03553597256541252,0.05789977312088013,0.044727399945259094,0.040316153317689896,0.05199765786528587
184,6.133333333333334,,,,insightface_bbox,0.5880751609802246,0.0,503.7998352050781,702.5238647460938,2392.798828125,0,0,1,0,0,0,0,0,0,0,0,0,0.05272022634744644,0.03633791208267212,0.3567749559879303,0.05918364226818085,0.012443060986697674,0.024712663143873215,0.012598284520208836,0.03626469150185585,0.05833057686686516,0.04553690925240517,0.043407149612903595,0.0536172054708004
185,6.166666666666667,,,,insightface_bbox,0.5880751609802246,0.0,503.7998352050781,702.5238647460938,2392.798828125,0,0,1,0,0,0,0,0,0,0,0,0,0.05239507183432579,0.03611541911959648,0.34845951199531555,0.05922224745154381,0.012297801673412323,0.02468767575919628,0.012491942383348942,0.036674097180366516,0.05922875553369522,0.04590492323040962,0.041922539472579956,0.05292702838778496
186,6.2,,,,insightface_bbox,0.5897054672241211,0.0,484.99774169921875,731.2379760742188,2405.476806640625,0,0,1,0,0,0,0,0,0,0,0,0,0.05896860361099243,0.04556650295853615,0.32237982749938965,0.09537652134895325,0.01307765394449234,0.024810343980789185,0.013885357417166233,0.040143296122550964,0.0592014342546463,0.0470191091299057,0.04403224587440491,0.06193855404853821
187,6.233333333333333,,,,insightface_bbox,0.5897054672241211,0.0,484.99774169921875,731.2379760742188,2405.476806640625,0,0,1,0,0,0,0,0,0,0,0,0,0.057884275913238525,0.04477739706635475,0.29620420932769775,0.09185589104890823,0.013007182627916336,0.024689247831702232,0.014304942451417446,0.03964579850435257,0.05974637344479561,0.047073107212781906,0.042804598808288574,0.06095314398407936
188,6.266666666666667,,,,insightface_bbox,0.5897054672241211,0.0,484.99774169921875,731.2379760742188,2405.476806640625,0,0,1,0,0,0,0,0,0,0,0,0,0.054757144302129745,0.04358664155006409,0.29554909467697144,0.08806446194648743,0.013397191651165485,0.02574191987514496,0.014571930281817913,0.04142632335424423,0.06273651123046875,0.04710068926215172,0.04485749080777168,0.06349915266036987
189,6.3,,,,insightface_bbox,0.5897054672241211,0.0,484.99774169921875,731.2379760742188,2405.476806640625,0,0,1,0,0,0,0,0,0,0,0,0,0.0510546937584877,0.03905068710446358,0.278816282749176,0.07256374508142471,0.013736091554164886,0.02695188857614994,0.015423116274178028,0.043348826467990875,0.06862924993038177,0.04911617189645767,0.04606316238641739,0.06410187482833862
190,6.333333333333333,,,,insightface_bbox,0.5897054672241211,0.0,484.99774169921875,731.2379760742188,2405.476806640625,0,0,1,0,0,0,0,0,0,0,0,0,0.05139867961406708,0.04017167538404465,0.28828853368759155,0.07575169205665588,0.013497560285031796,0.026496751233935356,0.015047553926706314,0.04254104569554329,0.06646362692117691,0.048070162534713745,0.04682052507996559,0.06445004791021347
191,6.366666666666666,,,,insightface_bbox,0.5897054672241211,0.0,484.99774169921875,731.2379760742188,2405.476806640625,0,0,1,0,0,0,0,0,0,0,0,0,0.05360294133424759,0.04287226125597954,0.27823472023010254,0.08658308535814285,0.013152295723557472,0.025623496621847153,0.014190939255058765,0.04085313156247139,0.06339941918849945,0.04682556539773941,0.04513164982199669,0.06343133747577667
192,6.4,,,,insightface_bbox,0.6056970953941345,0.0,593.4495849609375,719.4325561523438,2364.22998046875,0,0,1,0,0,0,0,0,0,0,0,0,0.05126103013753891,0.03918710723519325,0.35945090651512146,0.06222065910696983,0.012102242559194565,0.026891829445958138,0.014678988605737686,0.03740517050027847,0.061990752816200256,0.05147742107510567,0.059836748987436295,0.06256723403930664
193,6.433333333333334,,,,insightface_bbox,0.6056970953941345,0.0,593.4495849609375,719.4325561523438,2364.22998046875,0,0,1,0,0,0,0,0,0,0,0,0,0.056110918521881104,0.04240862652659416,0.3902429938316345,0.07036641985177994,0.013348178938031197,0.028619613498449326,0.016145523637533188,0.03948778286576271,0.06268562376499176,0.052200645208358765,0.06688707321882248,0.0679808035492897
194,6.466666666666667,,,,insightface_bbox,0.6056970953941345,0.0,593.4495849609375,719.4325561523438,2364.22998046875,0,0,1,0,0,0,0,0,0,0,0,0,0.05826999992132187,0.04354240745306015,0.38587552309036255,0.07368778437376022,0.013526268303394318,0.028638644143939018,0.016487566754221916,0.03962153568863869,0.06149417161941528,0.051850125193595886,0.06430163234472275,0.06800834089517593
195,6.5,,,,insightface_bbox,0.6056970953941345,0.0,593.4495849609375,719.4325561523438,2364.22998046875,0,0,1,0,0,0,0,0,0,0,0,0,0.059323519468307495,0.04423324018716812,0.3919419050216675,0.0744132325053215,0.013549406081438065,0.028845136985182762,0.016884787008166313,0.039569318294525146,0.06172170490026474,0.05240728706121445,0.06764489412307739,0.06951989978551865
196,6.533333333333333,,,,insightface_bbox,0.6056970953941345,0.0,593.4495849609375,719.4325561523438,2364.22998046875,0,0,1,0,0,0,0,0,0,0,0,0,0.057624202221632004,0.04298178479075432,0.3881973326206207,0.07271690666675568,0.013122991658747196,0.02813928760588169,0.016233960166573524,0.039036110043525696,0.06064539775252342,0.05082374066114426,0.06675909459590912,0.06721348315477371
197,6.566666666666666,,,,insightface_bbox,0.6056970953941345,0.0,593.4495849609375,719.4325561523438,2364.22998046875,0,0,1,0,0,0,0,0,0,0,0,0,0.058833103626966476,0.04378772899508476,0.3998672366142273,0.07402023673057556,0.013613590970635414,0.02840495854616165,0.016329282894730568,0.03914866968989372,0.06083385646343231,0.05133945122361183,0.06860031187534332,0.06878761947154999
198,6.6,,,,insightface_bbox,0.5877145528793335,0.0,535.6865234375,724.3118896484375,2350.16064453125,0,0,1,0,0,0,0,0,0,0,0,0,0.059552013874053955,0.04242807999253273,0.34269627928733826,0.0690998062491417,0.013915201649069786,0.027800172567367554,0.017314286902546883,0.0437212772667408,0.06758878380060196,0.05570674687623978,0.07733716070652008,0.08388106524944305
199,6.633333333333334,,,,insightface_bbox,0.5877145528793335,0.0,535.6865234375,724.3118896484375,2350.16064453125,0,0,1,0,0,0,0,0,0,0,0,0,0.0581480897963047,0.041993290185928345,0.34496504068374634,0.06660652160644531,0.013356490060687065,0.027604101225733757,0.01747053489089012,0.042406462132930756,0.06686067581176758,0.05476512387394905,0.07763190567493439,0.08205841481685638
200,6.666666666666667,,,,insightface_bbox,0.5877145528793335,0.0,535.6865234375,724.3118896484375,2350.16064453125,0,0,1,0,0,0,0,0,0,0,0,0,0.05823663994669914,0.04211683198809624,0.34526532888412476,0.0671452209353447,0.013573835603892803,0.0280620064586401,0.01821989007294178,0.04272403568029404,0.06736080348491669,0.05588053911924362,0.08037940412759781,0.08308693021535873
201,6.7,,,,insightface_bbox,0.5877145528793335,0.0,535.6865234375,724.3118896484375,2350.16064453125,0,0,1,0,0,0,0,0,0,0,0,0,0.0587146170437336,0.04171278327703476,0.3581308126449585,0.06615312397480011,0.013684014789760113,0.027873126789927483,0.017820723354816437,0.04132498428225517,0.06528247892856598,0.054546333849430084,0.07965966314077377,0.07920818030834198
202,6.733333333333333,,,,insightface_bbox,0.5877145528793335,0.0,535.6865234375,724.3118896484375,2350.16064453125,0,0,1,0,0,0,0,0,0,0,0,0,0.06216834858059883,0.043580252677202225,0.3515636622905731,0.07035642862319946,0.013021555729210377,0.027002450078725815,0.015979457646608353,0.039718031883239746,0.06309960782527924,0.05236472561955452,0.07157913595438004,0.07595144957304001
203,6.766666666666667,,,,insightface_bbox,0.5877145528793335,0.0,535.6865234375,724.3118896484375,2350.16064453125,0,0,1,0,0,0,0,0,0,0,0,0,0.06125982105731964,0.0431278795003891,0.33753299713134766,0.06755214184522629,0.012657975777983665,0.026225335896015167,0.015407273545861244,0.03843099996447563,0.06310738623142242,0.051786549389362335,0.070514015853405,0.07695446908473969
204,6.8,,,,insightface_bbox,0.5852535367012024,0.0,579.6307373046875,740.7156372070312,2379.470458984375,0,0,1,0,0,0,0,0,0,0,0,0,0.05546864494681358,0.0422978550195694,0.3002215027809143,0.08575496077537537,0.014108085073530674,0.024966903030872345,0.014981783926486969,0.03949907049536705,0.05918634682893753,0.047387924045324326,0.03922472149133682,0.05849365517497063
205,6.833333333333333,,,,insightface_bbox,0.5852535367012024,0.0,579.6307373046875,740.7156372070312,2379.470458984375,0,0,1,0,0,0,0,0,0,0,0,0,0.05675508826971054,0.044709332287311554,0.3060203194618225,0.09663234651088715,0.014181306585669518,0.025828298181295395,0.015681905671954155,0.03962711989879608,0.06046762317419052,0.04543111100792885,0.04611814767122269,0.06380513310432434
206,6.866666666666666,,,,insightface_bbox,0.5852535367012024,0.0,579.6307373046875,740.7156372070312,2379.470458984375,0,0,1,0,0,0,0,0,0,0,0,0,0.05392095446586609,0.042357251048088074,0.3025582730770111,0.08878103643655777,0.014915704727172852,0.02742498181760311,0.016996674239635468,0.04188178479671478,0.06582555174827576,0.04728954657912254,0.04650559648871422,0.06551580876111984
207,6.9,,,,insightface_bbox,0.5852535367012024,0.0,579.6307373046875,740.7156372070312,2379.470458984375,0,0,1,0,0,0,0,0,0,0,0,0,0.05235504359006882,0.04077636078000069,0.32939451932907104,0.07991772890090942,0.01520424522459507,0.028513053432106972,0.018167663365602493,0.04373982176184654,0.06826664507389069,0.0483071468770504,0.05093521624803543,0.06632685661315918
208,6.933333333333334,,,,insightface_bbox,0.5852535367012024,0.0,579.6307373046875,740.7156372070312,2379.470458984375,0,0,1,0,0,0,0,0,0,0,0,0,0.053445965051651,0.04143012315034866,0.34230470657348633,0.08098886162042618,0.015634682029485703,0.02922021597623825,0.019166041165590286,0.04403514415025711,0.0694638341665268,0.04900345951318741,0.05284888297319412,0.06794040650129318
209,6.966666666666667,,,,insightface_bbox,0.5852535367012024,0.0,579.6307373046875,740.7156372070312,2379.470458984375,0,0,1,0,0,0,0,0,0,0,0,0,0.053181178867816925,0.041533712297677994,0.33359336853027344,0.08142992109060287,0.015311362221837044,0.02875172346830368,0.018574202433228493,0.04400472715497017,0.06865804642438889,0.049298323690891266,0.05111687257885933,0.0672595351934433
210,7.0,,,,insightface_bbox,0.5865181088447571,0.0,572.725830078125,739.6317749023438,2379.840576171875,0,0,1,0,0,0,0,0,0,0,0,0,0.054839249700307846,0.042851127684116364,0.2763378918170929,0.08509442210197449,0.013110403902828693,0.02610289491713047,0.014016559347510338,0.039755381643772125,0.061311542987823486,0.04577547311782837,0.0561520978808403,0.06721070408821106
211,7.033333333333333,,,,insightface_bbox,0.5865181088447571,0.0,572.725830078125,739.6317749023438,2379.840576171875,0,0,1,0,0,0,0,0,0,0,0,0,0.057627055794000626,0.04395928233861923,0.3170044720172882,0.08808818459510803,0.013783318921923637,0.025656262412667274,0.014642310328781605,0.04000407084822655,0.05993399769067764,0.046696148812770844,0.04992331936955452,0.0645560696721077
212,7.066666666666666,,,,insightface_bbox,0.5865181088447571,0.0,572.725830078125,739.6317749023438,2379.840576171875,0,0,1,0,0,0,0,0,0,0,0,0,0.05998314917087555,0.0456889346241951,0.3275490403175354,0.09362388402223587,0.014367400668561459,0.025916090235114098,0.01520519983023405,0.040923040360212326,0.06001902371644974,0.04778144881129265,0.05262603610754013,0.06826895475387573
213,7.1,,,,insightface_bbox,0.5865181088447571,0.0,572.725830078125,739.6317749023438,2379.840576171875,0,0,1,0,0,0,0,0,0,0,0,0,0.057269077748060226,0.04304572194814682,0.3081861436367035,0.08360415697097778,0.013636438176035881,0.02475559525191784,0.014193457551300526,0.03973951190710068,0.060992319136857986,0.047175582498311996,0.04902467876672745,0.06481900066137314
214,7.133333333333334,,,,insightface_bbox,0.5865181088447571,0.0,572.725830078125,739.6317749023438,2379.840576171875,0,0,1,0,0,0,0,0,0,0,0,0,0.058179475367069244,0.04397875815629959,0.3153544068336487,0.08791736513376236,0.01336123701184988,0.02487151324748993,0.01418746542185545,0.03883463889360428,0.05995528772473335,0.04665139690041542,0.04932500422000885,0.06549117714166641
215,7.166666666666667,,,,insightface_bbox,0.5865181088447571,0.0,572.725830078125,739.6317749023438,2379.840576171875,0,0,1,0,0,0,0,0,0,0,0,0,0.05490225553512573,0.04207541048526764,0.33415284752845764,0.08629169315099716,0.01465543918311596,0.0260770283639431,0.015509605407714844,0.04027871787548065,0.060730189085006714,0.046895869076251984,0.0487687774002552,0.06421700119972229
216,7.2,,,,insightface_bbox,0.595504105091095,0.0,502.163330078125,722.8341064453125,2346.625244140625,0,0,1,0,0,0,0,0,0,0,0,0,0.04674137011170387,0.033905744552612305,0.29879578948020935,0.05469007045030594,0.01261433120816946,0.023608915507793427,0.012883179821074009,0.0353877916932106,0.0567159503698349,0.04339910298585892,0.03961025923490524,0.052231695502996445
217,7.233333333333333,,,,insightface_bbox,0.595504105091095,0.0,502.163330078125,722.8341064453125,2346.625244140625,0,0,1,0,0,0,0,0,0,0,0,0,0.05366889759898186,0.03707575425505638,0.34201905131340027,0.06418526917695999,0.014728018082678318,0.026191450655460358,0.01433186698704958,0.03888746351003647,0.05911722406744957,0.047258663922548294,0.046793997287750244,0.057403214275836945
218,7.266666666666667,,,,insightface_bbox,0.595504105091095,0.0,502.163330078125,722.8341064453125,2346.625244140625,0,0,1,0,0,0,0,0,0,0,0,0,0.054523129016160965,0.037880342453718185,0.33036068081855774,0.06751541793346405,0.014671800658106804,0.026451608166098595,0.014133593067526817,0.03918715566396713,0.05913352221250534,0.04706528037786484,0.04692019894719124,0.05895037576556206
219,7.3,,,,insightface_bbox,0.595504105091095,0.0,502.163330078125,722.8341064453125,2346.625244140625,0,0,1,0,0,0,0,0,0,0,0,0,0.05478309839963913,0.03828443959355354,0.3350350856781006,0.06928474456071854,0.01496893260627985,0.02693055011332035,0.014658267609775066,0.04007581248879433,0.059786275029182434,0.047613754868507385,0.04911724478006363,0.06047801673412323
220,7.333333333333333,,,,insightface_bbox,0.595504105091095,0.0,502.163330078125,722.8341064453125,2346.625244140625,0,0,1,0,0,0,0,0,0,0,0,0,0.054706912487745285,0.03847264125943184,0.33078670501708984,0.07016903162002563,0.014786637388169765,0.026462312787771225,0.01427053939551115,0.03957545384764671,0.05890964716672897,0.0467558354139328,0.04802185669541359,0.05965692922472954
221,7.366666666666666,,,,insightface_bbox,0.595504105091095,0.0,502.163330078125,722.8341064453125,2346.625244140625,0,0,1,0,0,0,0,0,0,0,0,0,0.05443122237920761,0.038185004144907,0.3192558288574219,0.06833243370056152,0.014747532084584236,0.026276487857103348,0.01422341912984848,0.03993711993098259,0.059736549854278564,0.047686755657196045,0.04675550386309624,0.059569746255874634
222,7.4,,,,insightface_bbox,0.579532265663147,0.0,582.7849731445312,731.5169677734375,2367.850830078125,0,0,1,0,0,0,0,0,0,0,0,0,0.05853895843029022,0.043914761394262314,0.30213069915771484,0.09123621881008148,0.014755843207240105,0.025734128430485725,0.014043472707271576,0.04141760617494583,0.0595267079770565,0.04844279959797859,0.04290531575679779,0.06246120110154152
223,7.433333333333334,,,,insightface_bbox,0.579532265663147,0.0,582.7849731445312,731.5169677734375,2367.850830078125,0,0,1,0,0,0,0,0,0,0,0,0,0.059047095477581024,0.04351356625556946,0.29605844616889954,0.08861896395683289,0.014677940867841244,0.025875365361571312,0.013938519172370434,0.04177955910563469,0.0599890872836113,0.049641042947769165,0.04365783929824829,0.06259658187627792
224,7.466666666666667,,,,insightface_bbox,0.579532265663147,0.0,582.7849731445312,731.5169677734375,2367.850830078125,0,0,1,0,0,0,0,0,0,0,0,0,0.058772504329681396,0.0440162718296051,0.29867643117904663,0.09126845002174377,0.01478602085262537,0.026347175240516663,0.014434227719902992,0.04267469793558121,0.06024118885397911,0.049967240542173386,0.042732901871204376,0.06218263879418373
225,7.5,,,,insightface_bbox,0.579532265663147,0.0,582.7849731445312,731.5169677734375,2367.850830078125,0,0,1,0,0,0,0,0,0,0,0,0,0.057823143899440765,0.04353545233607292,0.30960237979888916,0.0876954048871994,0.014908955432474613,0.026490958407521248,0.014806581661105156,0.042425572872161865,0.059595607221126556,0.04981302097439766,0.042417727410793304,0.06137337535619736
226,7.533333333333333,,,,insightface_bbox,0.579532265663147,0.0,582.7849731445312,731.5169677734375,2367.850830078125,0,0,1,0,0,0,0,0,0,0,0,0,0.0590415857732296,0.04426643252372742,0.31518295407295227,0.09195269644260406,0.0151515519246459,0.026712898164987564,0.015075298957526684,0.042613834142684937,0.06043076887726784,0.050036124885082245,0.04354874789714813,0.06224166974425316
227,7.566666666666666,,,,insightface_bbox,0.579532265663147,0.0,582.7849731445312,731.5169677734375,2367.850830078125,0,0,1,0,0,0,0,0,0,0,0,0,0.059811435639858246,0.0450410358607769,0.3367002606391907,0.09473789483308792,0.015283945016562939,0.027582300826907158,0.015848182141780853,0.0431826151907444,0.060509223490953445,0.05051445960998535,0.0448286347091198,0.06278511881828308
228,7.6,,,,insightface_bbox,0.5890267491340637,0.0,519.5684814453125,730.5435180664062,2370.6875,0,0,1,0,0,0,0,0,0,0,0,0,0.05580141767859459,0.03984216973185539,0.31985700130462646,0.07478652894496918,0.014468053355813026,0.025538470596075058,0.013921950943768024,0.04013393446803093,0.05936198681592941,0.048406824469566345,0.043240856379270554,0.059739142656326294
229,7.633333333333334,,,,insightface_bbox,0.5890267491340637,0.0,519.5684814453125,730.5435180664062,2370.6875,0,0,1,0,0,0,0,0,0,0,0,0,0.05511591583490372,0.039071328938007355,0.3168216049671173,0.07251373678445816,0.014494582079350948,0.025928817689418793,0.01433869730681181,0.04030598700046539,0.05975589156150818,0.049048829823732376,0.04355756193399429,0.05911688879132271
230,7.666666666666667,,,,insightface_bbox,0.5890267491340637,0.0,519.5684814453125,730.5435180664062,2370.6875,0,0,1,0,0,0,0,0,0,0,0,0,0.0549648255109787,0.0392015278339386,0.3142576217651367,0.0743296667933464,0.014667190611362457,0.02591801807284355,0.014325633645057678,0.04083682596683502,0.0599839948117733,0.04905855655670166,0.042579978704452515,0.05897260457277298
231,7.7,,,,insightface_bbox,0.5890267491340637,0.0,519.5684814453125,730.5435180664062,2370.6875,0,0,1,0,0,0,0,0,0,0,0,0,0.05521782115101814,0.039477866142988205,0.3179073929786682,0.07521449029445648,0.014916825108230114,0.026420259848237038,0.014663830399513245,0.04123891144990921,0.06010643392801285,0.04954558238387108,0.0442044623196125,0.060293518006801605
232,7.733333333333333,,,,insightface_bbox,0.5890267491340637,0.0,519.5684814453125,730.5435180664062,2370.6875,0,0,1,0,0,0,0,0,0,0,0,0,0.05383381247520447,0.03881893306970596,0.3039854168891907,0.07497233152389526,0.014055095613002777,0.02508830465376377,0.013403155840933323,0.04011860117316246,0.05882500857114792,0.04768639802932739,0.040091849863529205,0.057001180946826935
233,7.766666666666667,,,,insightface_bbox,0.5890267491340637,0.0,519.5684814453125,730.5435180664062,2370.6875,0,0,1,0,0,0,0,0,0,0,0,0,0.05318649858236313,0.03793775290250778,0.3070608377456665,0.06977054476737976,0.014028401114046574,0.024867383763194084,0.013363899663090706,0.03931112587451935,0.058433011174201965,0.04743696749210358,0.04076625779271126,0.0563700869679451
234,7.8,,,,insightface_bbox,0.5935786962509155,0.0,577.102294921875,736.2875366210938,2367.453125,0,0,1,0,0,0,0,0,0,0,0,0,0.06291615217924118,0.04787875711917877,0.32992300391197205,0.10673515498638153,0.015358008444309235,0.026948565617203712,0.017867999151349068,0.04398669674992561,0.06468099355697632,0.0519041046500206,0.04241262003779411,0.06659483909606934
235,7.833333333333333,,,,insightface_bbox,0.5935786962509155,0.0,577.102294921875,736.2875366210938,2367.453125,0,0,1,0,0,0,0,0,0,0,0,0,0.06726928055286407,0.0505765900015831,0.34715715050697327,0.11391235888004303,0.015524822287261486,0.02777848206460476,0.018668290227651596,0.04409416764974594,0.06553591042757034,0.05328640341758728,0.04425295442342758,0.0696449875831604
236,7.866666666666666,,,,insightface_bbox,0.5935786962509155,0.0,577.102294921875,736.2875366210938,2367.453125,0,0,1,0,0,0,0,0,0,0,0,0,0.06387349963188171,0.04795801267027855,0.32540902495384216,0.1038576066493988,0.016067415475845337,0.02858853153884411,0.01852758415043354,0.04420847445726395,0.06597457826137543,0.054074615240097046,0.04113021492958069,0.06587546318769455
237,7.9,,,,insightface_bbox,0.5935786962509155,0.0,577.102294921875,736.2875366210938,2367.453125,0,0,1,0,0,0,0,0,0,0,0,0,0.06238013878464699,0.046537112444639206,0.3186248242855072,0.09934522956609726,0.01591702550649643,0.02850992977619171,0.018163952976465225,0.04413703456521034,0.06568550318479538,0.054557785391807556,0.04025666043162346,0.06435929238796234
238,7.933333333333334,,,,insightface_bbox,0.5935786962509155,0.0,577.102294921875,736.2875366210938,2367.453125,0,0,1,0,0,0,0,0,0,0,0,0,0.06254766881465912,0.04648967087268829,0.32628771662712097,0.09966737031936646,0.015504518523812294,0.02810092829167843,0.017766868695616722,0.043948519974946976,0.06550633907318115,0.054040245711803436,0.039777614176273346,0.06396996974945068
239,7.966666666666667,,,,insightface_bbox,0.5935786962509155,0.0,577.102294921875,736.2875366210938,2367.453125,0,0,1,0,0,0,0,0,0,0,0,0,0.06452885270118713,0.04819526895880699,0.321196585893631,0.10485588014125824,0.015200032852590084,0.027172265574336052,0.017255067825317383,0.042690761387348175,0.06483590602874756,0.052718907594680786,0.04007033631205559,0.06498606503009796
240,8.0,,,,insightface_bbox,0.5938178896903992,0.0,586.9329223632812,731.37939453125,2375.308349609375,0,0,1,0,0,0,0,0,0,0,0,0,0.05257275328040123,0.037043530493974686,0.28366801142692566,0.06682772189378738,0.013325732201337814,0.02435022033751011,0.012779707089066505,0.03826596587896347,0.05772840231657028,0.04715043306350708,0.04185040295124054,0.0574595183134079
241,8.033333333333333,,,,insightface_bbox,0.5938178896903992,0.0,586.9329223632812,731.37939453125,2375.308349609375,0,0,1,0,0,0,0,0,0,0,0,0,0.05458519235253334,0.03852638602256775,0.324448823928833,0.06775245815515518,0.013608569279313087,0.024997398257255554,0.013442810624837875,0.03790650889277458,0.057164885103702545,0.04512661695480347,0.04820002615451813,0.060328349471092224
242,8.066666666666666,,,,insightface_bbox,0.5938178896903992,0.0,586.9329223632812,731.37939453125,2375.308349609375,0,0,1,0,0,0,0,0,0,0,0,0,0.053877659142017365,0.03793463855981827,0.32219424843788147,0.06686391681432724,0.013051550835371017,0.02406676486134529,0.012951668351888657,0.03681831806898117,0.05685897171497345,0.04446912929415703,0.044367529451847076,0.05831807851791382
243,8.1,,,,insightface_bbox,0.5938178896903992,0.0,586.9329223632812,731.37939453125,2375.308349609375,0,0,1,0,0,0,0,0,0,0,0,0,0.05378735810518265,0.03788561373949051,0.31275197863578796,0.0680183544754982,0.012898219749331474,0.02408844232559204,0.012978059239685535,0.036359503865242004,0.05676712840795517,0.0452684685587883,0.04220611974596977,0.05766773596405983
244,8.133333333333333,,,,insightface_bbox,0.5938178896903992,0.0,586.9329223632812,731.37939453125,2375.308349609375,0,0,1,0,0,0,0,0,0,0,0,0,0.0541502945125103,0.038100212812423706,0.3076625466346741,0.06974345445632935,0.012855509296059608,0.024008488282561302,0.01285606436431408,0.03658880293369293,0.05664338171482086,0.04548678174614906,0.0416671484708786,0.05712752789258957
245,8.166666666666666,,,,insightface_bbox,0.5938178896903992,0.0,586.9329223632812,731.37939453125,2375.308349609375,0,0,1,0,0,0,0,0,0,0,0,0,0.05341952666640282,0.03716616705060005,0.3077690303325653,0.06594493985176086,0.012736515142023563,0.02384447492659092,0.012645147740840912,0.036036908626556396,0.05664527788758278,0.045271679759025574,0.04128243029117584,0.055939532816410065
246,8.2,,,,insightface_bbox,0.5736891031265259,0.0,562.109130859375,738.523193359375,2398.986572265625,0,0,1,0,0,0,0,0,0,0,0,0,0.06445235759019852,0.04815768450498581,0.31907084584236145,0.10062605142593384,0.01492396928369999,0.026714036241173744,0.017735658213496208,0.042498745024204254,0.06423777341842651,0.05194331705570221,0.04170014709234238,0.06731961667537689
247,8.233333333333333,,,,insightface_bbox,0.5736891031265259,0.0,562.109130859375,738.523193359375,2398.986572265625,0,0,1,0,0,0,0,0,0,0,0,0,0.06480738520622253,0.04906965419650078,0.3237335681915283,0.10332083702087402,0.015054566785693169,0.02654239907860756,0.017439978197216988,0.04197843745350838,0.06259841471910477,0.05150111764669418,0.042071010917425156,0.06782322376966476
248,8.266666666666667,,,,insightface_bbox,0.5736891031265259,0.0,562.109130859375,738.523193359375,2398.986572265625,0,0,1,0,0,0,0,0,0,0,0,0,0.06655853241682053,0.050145603716373444,0.32281550765037537,0.10648022592067719,0.015207288786768913,0.026879357174038887,0.01818649098277092,0.04295188933610916,0.0643896833062172,0.053252432495355606,0.040485575795173645,0.06817291676998138
249,8.3,,,,insightface_bbox,0.5736891031265259,0.0,562.109130859375,738.523193359375,2398.986572265625,0,0,1,0,0,0,0,0,0,0,0,0,0.06571914255619049,0.048426419496536255,0.326037734746933,0.10169988870620728,0.015585106797516346,0.027499226853251457,0.018437810242176056,0.043671708554029465,0.066398985683918,0.05458776652812958,0.04131803289055824,0.06958917528390884
250,8.333333333333334,,,,insightface_bbox,0.5736891031265259,0.0,562.109130859375,738.523193359375,2398.986572265625,0,0,1,0,0,0,0,0,0,0,0,0,0.06499741226434708,0.0478222593665123,0.33279135823249817,0.09936276078224182,0.016265342012047768,0.027938932180404663,0.018462808802723885,0.04356503486633301,0.06540881842374802,0.054081451147794724,0.038827065378427505,0.06731239706277847
251,8.366666666666667,,,,insightface_bbox,0.5736891031265259,0.0,562.109130859375,738.523193359375,2398.986572265625,0,0,1,0,0,0,0,0,0,0,0,0,0.06158259138464928,0.045042529702186584,0.3010941445827484,0.09104318916797638,0.015373545698821545,0.027358654886484146,0.017086850479245186,0.042873069643974304,0.0658733919262886,0.05368852615356445,0.03456778824329376,0.06302931904792786
252,8.4,,,,insightface_bbox,0.5785097479820251,0.0,525.3594970703125,734.3079223632812,2375.832763671875,0,0,1,0,0,0,0,0,0,0,0,0,0.04794306680560112,0.0328245609998703,0.29717522859573364,0.05405314266681671,0.014183156192302704,0.02559484727680683,0.013438431546092033,0.03827005997300148,0.058548614382743835,0.046539440751075745,0.03735552728176117,0.05096951127052307
253,8.433333333333334,,,,insightface_bbox,0.5785097479820251,0.0,525.3594970703125,734.3079223632812,2375.832763671875,0,0,1,0,0,0,0,0,0,0,0,0,0.05069030076265335,0.0355839729309082,0.32058030366897583,0.06143176555633545,0.014241866767406464,0.025763176381587982,0.01414638850837946,0.03807540610432625,0.05871668830513954,0.046662259846925735,0.042551588267087936,0.05320688337087631
254,8.466666666666667,,,,insightface_bbox,0.5785097479820251,0.0,525.3594970703125,734.3079223632812,2375.832763671875,0,0,1,0,0,0,0,0,0,0,0,0,0.051712632179260254,0.0364801324903965,0.3320591151714325,0.06423027813434601,0.014456335455179214,0.02615027129650116,0.01435270719230175,0.03849770128726959,0.05842830240726471,0.046653203666210175,0.04478863626718521,0.05507398024201393
255,8.5,,,,insightface_bbox,0.5785097479820251,0.0,525.3594970703125,734.3079223632812,2375.832763671875,0,0,1,0,0,0,0,0,0,0,0,0,0.05079587548971176,0.035255324095487595,0.3108261227607727,0.06141098588705063,0.01416446641087532,0.025914393365383148,0.013824732974171638,0.0380704328417778,0.05852850526571274,0.04677131772041321,0.041946712881326675,0.05403874069452286
256,8.533333333333333,,,,insightface_bbox,0.5785097479820251,0.0,525.3594970703125,734.3079223632812,2375.832763671875,0,0,1,0,0,0,0,0,0,0,0,0,0.050180062651634216,0.034874483942985535,0.3125708997249603,0.06009521335363388,0.014115405268967152,0.026093831285834312,0.013833681121468544,0.03809849172830582,0.058525580912828445,0.04631727933883667,0.042155977338552475,0.053505148738622665
257,8.566666666666666,,,,insightface_bbox,0.5785097479820251,0.0,525.3594970703125,734.3079223632812,2375.832763671875,0,0,1,0,0,0,0,0,0,0,0,0,0.05141211673617363,0.035394202917814255,0.3288569748401642,0.060581840574741364,0.014287540689110756,0.026266584172844887,0.013965008780360222,0.03839010372757912,0.059198588132858276,0.04666675254702568,0.04424070566892624,0.05402974411845207
258,8.6,,,,insightface_bbox,0.5696278214454651,0.0,525.178955078125,730.010498046875,2349.463134765625,0,0,1,0,0,0,0,0,0,0,0,0,0.048777759075164795,0.03345340117812157,0.30841928720474243,0.054472703486680984,0.013845126144587994,0.02540106326341629,0.013260932639241219,0.037369780242443085,0.05971778184175491,0.04695609584450722,0.04061488062143326,0.050007667392492294
259,8.633333333333333,,,,insightface_bbox,0.5696278214454651,0.0,525.178955078125,730.010498046875,2349.463134765625,0,0,1,0,0,0,0,0,0,0,0,0,0.04886506125330925,0.033692266792058945,0.30695709586143494,0.055691543966531754,0.012647119350731373,0.024286821484565735,0.012427334673702717,0.036243099719285965,0.05912073701620102,0.046910934150218964,0.03784479573369026,0.04905742034316063
260,8.666666666666666,,,,insightface_bbox,0.5696278214454651,0.0,525.178955078125,730.010498046875,2349.463134765625,0,0,1,0,0,0,0,0,0,0,0,0,0.05377810075879097,0.03811483085155487,0.3403053879737854,0.06822751462459564,0.012086542323231697,0.023742523044347763,0.013206254690885544,0.03521768003702164,0.05816211551427841,0.04738922789692879,0.040951479226350784,0.055417560040950775
261,8.7,,,,insightface_bbox,0.5696278214454651,0.0,525.178955078125,730.010498046875,2349.463134765625,0,0,1,0,0,0,0,0,0,0,0,0,0.05432827025651932,0.0375666469335556,0.3380190134048462,0.0659245178103447,0.012159334495663643,0.024027591571211815,0.012875737622380257,0.034809038043022156,0.05800583213567734,0.04706283658742905,0.04208599776029587,0.05444144457578659
262,8.733333333333333,,,,insightface_bbox,0.5696278214454651,0.0,525.178955078125,730.010498046875,2349.463134765625,0,0,1,0,0,0,0,0,0,0,0,0,0.05011535808444023,0.03405139222741127,0.2982780635356903,0.05723264440894127,0.012967194430530071,0.024884141981601715,0.012601557187736034,0.03555342182517052,0.05940832942724228,0.04704403132200241,0.04070364311337471,0.051000047475099564
263,8.766666666666667,,,,insightface_bbox,0.5696278214454651,0.0,525.178955078125,730.010498046875,2349.463134765625,0,0,1,0,0,0,0,0,0,0,0,0,0.05030323565006256,0.03501170128583908,0.32092785835266113,0.059291549026966095,0.015097217634320259,0.027354219928383827,0.014363083988428116,0.039939239621162415,0.06116689741611481,0.04910708963871002,0.04436952620744705,0.05437026172876358
264,8.8,,,,insightface_bbox,0.5905677080154419,0.0,525.9104614257812,724.2781982421875,2341.268798828125,0,0,1,0,0,0,0,0,0,0,0,0,0.05039369314908981,0.03513197600841522,0.321139395236969,0.05800433084368706,0.01484479010105133,0.0268748439848423,0.014652498066425323,0.03954198956489563,0.0614435039460659,0.04970555007457733,0.04473748803138733,0.05419940501451492
265,8.833333333333334,,,,insightface_bbox,0.5905677080154419,0.0,525.9104614257812,724.2781982421875,2341.268798828125,0,0,1,0,0,0,0,0,0,0,0,0,0.05006913095712662,0.03464054688811302,0.3227539658546448,0.05738283693790436,0.01570059172809124,0.027949877083301544,0.015292501077055931,0.041173845529556274,0.06274004280567169,0.051251187920570374,0.045597776770591736,0.05502410978078842
266,8.866666666666667,,,,insightface_bbox,0.5905677080154419,0.0,525.9104614257812,724.2781982421875,2341.268798828125,0,0,1,0,0,0,0,0,0,0,0,0,0.05095765367150307,0.03509299084544182,0.3315580487251282,0.05876336246728897,0.01557998824864626,0.028296737000346184,0.01531459391117096,0.041075728833675385,0.061970680952072144,0.050893500447273254,0.0471462719142437,0.05597063899040222
267,8.9,,,,insightface_bbox,0.5905677080154419,0.0,525.9104614257812,724.2781982421875,2341.268798828125,0,0,1,0,0,0,0,0,0,0,0,0,0.051589127629995346,0.03547654300928116,0.3290192782878876,0.05831832066178322,0.01570671796798706,0.02811969816684723,0.015727344900369644,0.041174039244651794,0.061861272901296616,0.051722247153520584,0.04685864597558975,0.05618790164589882
268,8.933333333333334,,,,insightface_bbox,0.5905677080154419,0.0,525.9104614257812,724.2781982421875,2341.268798828125,0,0,1,0,0,0,0,0,0,0,0,0,0.05047496780753136,0.03501740097999573,0.3041093349456787,0.05937329679727554,0.01502387784421444,0.027610190212726593,0.014946717768907547,0.040634885430336,0.06086842715740204,0.049089234322309494,0.045832909643650055,0.055015139281749725
269,8.966666666666667,,,,insightface_bbox,0.5905677080154419,0.0,525.9104614257812,724.2781982421875,2341.268798828125,0,0,1,0,0,0,0,0,0,0,0,0,0.049744825810194016,0.03501002490520477,0.2779010236263275,0.06074497476220131,0.015007216483354568,0.027566401287913322,0.014666974544525146,0.041094616055488586,0.06289488822221756,0.04927821457386017,0.04628442972898483,0.055951327085494995
270,9.0,,,,insightface_bbox,0.6011766791343689,0.0,526.6498413085938,733.388671875,2324.9345703125,0,0,1,0,0,0,0,0,0,0,0,0,0.057870201766490936,0.03970356285572052,0.34789448976516724,0.07006420195102692,0.014811727218329906,0.027903873473405838,0.015276464633643627,0.03893829509615898,0.062501922249794,0.054130859673023224,0.04592737555503845,0.060112740844488144
271,9.033333333333333,,,,insightface_bbox,0.6011766791343689,0.0,526.6498413085938,733.388671875,2324.9345703125,0,0,1,0,0,0,0,0,0,0,0,0,0.05732171609997749,0.03970275819301605,0.36921000480651855,0.07005013525485992,0.014596831053495407,0.027722608298063278,0.015667468309402466,0.03917725756764412,0.06250672042369843,0.05420451983809471,0.04563049226999283,0.05951347202062607
272,9.066666666666666,,,,insightface_bbox,0.6011766791343689,0.0,526.6498413085938,733.388671875,2324.9345703125,0,0,1,0,0,0,0,0,0,0,0,0,0.05856970325112343,0.04050436615943909,0.38710981607437134,0.0706288069486618,0.015700142830610275,0.029581932350993156,0.017567763105034828,0.041596923023462296,0.06373800337314606,0.05587058141827583,0.05115145817399025,0.06311517208814621
273,9.1,,,,insightface_bbox,0.6011766791343689,0.0,526.6498413085938,733.388671875,2324.9345703125,0,0,1,0,0,0,0,0,0,0,0,0,0.06013129651546478,0.042510926723480225,0.38821786642074585,0.0752231702208519,0.016750914976000786,0.030940471217036247,0.019344031810760498,0.04418071731925011,0.06541693955659866,0.05746639892458916,0.058752838522195816,0.06777490675449371
274,9.133333333333333,,,,insightface_bbox,0.6011766791343689,0.0,526.6498413085938,733.388671875,2324.9345703125,0,0,1,0,0,0,0,0,0,0,0,0,0.059481430798769,0.04247555136680603,0.3727642297744751,0.07431262731552124,0.01679779775440693,0.03167923167347908,0.019816037267446518,0.04567110911011696,0.06634826958179474,0.05765697360038757,0.06492241472005844,0.0696813091635704
275,9.166666666666666,,,,insightface_bbox,0.6011766791343689,0.0,526.6498413085938,733.388671875,2324.9345703125,0,0,1,0,0,0,0,0,0,0,0,0,0.06078416109085083,0.04371315613389015,0.3885212242603302,0.07507338374853134,0.017168592661619186,0.03253820911049843,0.020662851631641388,0.04680044949054718,0.06742169708013535,0.057588521391153336,0.07220246642827988,0.0732424184679985
276,9.2,,,,insightface_bbox,0.5901666283607483,0.0,546.1649169921875,725.1878662109375,2312.6845703125,0,0,1,0,0,0,0,0,0,0,0,0,0.056201256811618805,0.03924325853586197,0.34248119592666626,0.06262072920799255,0.01545998640358448,0.02917708456516266,0.020022347569465637,0.04565887525677681,0.06892611086368561,0.05824342370033264,0.06405507028102875,0.07973437011241913
277,9.233333333333333,,,,insightface_bbox,0.5901666283607483,0.0,546.1649169921875,725.1878662109375,2312.6845703125,0,0,1,0,0,0,0,0,0,0,0,0,0.05385194346308708,0.03782735764980316,0.33071500062942505,0.05990097299218178,0.014534339308738708,0.028192920610308647,0.019222980365157127,0.04463626444339752,0.06795226037502289,0.05694136768579483,0.05897029861807823,0.07640588283538818
278,9.266666666666667,,,,insightface_bbox,0.5901666283607483,0.0,546.1649169921875,725.1878662109375,2312.6845703125,0,0,1,0,0,0,0,0,0,0,0,0,0.05415026471018791,0.0375262051820755,0.3224862813949585,0.05910271406173706,0.01426783949136734,0.026673156768083572,0.017767686396837234,0.04270646721124649,0.06523960828781128,0.054627202451229095,0.05631324276328087,0.07278014719486237
279,9.3,,,,insightface_bbox,0.5901666283607483,0.0,546.1649169921875,725.1878662109375,2312.6845703125,0,0,1,0,0,0,0,0,0,0,0,0,0.05324180796742439,0.036615122109651566,0.323849081993103,0.05593101680278778,0.014022625982761383,0.026117756962776184,0.017398759722709656,0.04187798500061035,0.06362108886241913,0.05302662402391434,0.05426665395498276,0.07022573053836823
280,9.333333333333334,,,,insightface_bbox,0.5901666283607483,0.0,546.1649169921875,725.1878662109375,2312.6845703125,0,0,1,0,0,0,0,0,0,0,0,0,0.052720773965120316,0.03610141947865486,0.326176255941391,0.05439024046063423,0.014106555841863155,0.02617970108985901,0.01743702031672001,0.04178065061569214,0.06348665803670883,0.05319061130285263,0.05282818526029587,0.06894925236701965
281,9.366666666666667,,,,insightface_bbox,0.5901666283607483,0.0,546.1649169921875,725.1878662109375,2312.6845703125,0,0,1,0,0,0,0,0,0,0,0,0,0.05288943648338318,0.03630146384239197,0.328758180141449,0.05474957823753357,0.014129595831036568,0.02644795924425125,0.017660977318882942,0.041902605444192886,0.06371112912893295,0.05311518907546997,0.053778886795043945,0.06961950659751892
282,9.4,,,,insightface_bbox,0.6019600629806519,0.0,528.41943359375,730.6170043945312,2333.573974609375,0,0,1,0,0,0,0,0,0,0,0,0,0.05884360894560814,0.04102278873324394,0.3485470712184906,0.07002340257167816,0.016768572852015495,0.030407534912228584,0.01938720978796482,0.044652555137872696,0.06650535017251968,0.05765245854854584,0.05880250036716461,0.06589989364147186
283,9.433333333333334,,,,insightface_bbox,0.6019600629806519,0.0,528.41943359375,730.6170043945312,2333.573974609375,0,0,1,0,0,0,0,0,0,0,0,0,0.058993563055992126,0.04076560586690903,0.35415154695510864,0.06890355795621872,0.0172444935888052,0.031047161668539047,0.019875265657901764,0.044749751687049866,0.06675337255001068,0.05788986384868622,0.06190117076039314,0.06697952002286911
284,9.466666666666667,,,,insightface_bbox,0.6019600629806519,0.0,528.41943359375,730.6170043945312,2333.573974609375,0,0,1,0,0,0,0,0,0,0,0,0,0.05882639065384865,0.04085998982191086,0.35620763897895813,0.06936069577932358,0.017105843871831894,0.03114742413163185,0.019886957481503487,0.04493601620197296,0.06666941940784454,0.056995827704668045,0.06396536529064178,0.0679958313703537
285,9.5,,,,insightface_bbox,0.6019600629806519,0.0,528.41943359375,730.6170043945312,2333.573974609375,0,0,1,0,0,0,0,0,0,0,0,0,0.058949463069438934,0.040859952569007874,0.3540971577167511,0.06963037699460983,0.016877414658665657,0.030894113704562187,0.019366586580872536,0.044049736112356186,0.0657864585518837,0.05617286264896393,0.06261616200208664,0.06728459894657135
286,9.533333333333333,,,,insightface_bbox,0.6019600629806519,0.0,528.41943359375,730.6170043945312,2333.573974609375,0,0,1,0,0,0,0,0,0,0,0,0,0.059024564921855927,0.0409916453063488,0.36423784494400024,0.06997604668140411,0.017650488764047623,0.03173808380961418,0.020796863362193108,0.04507695883512497,0.06649728119373322,0.05713054537773132,0.06386063247919083,0.06722850352525711
287,9.566666666666666,,,,insightface_bbox,0.6019600629806519,0.0,528.41943359375,730.6170043945312,2333.573974609375,0,0,1,0,0,0,0,0,0,0,0,0,0.05928884446620941,0.04124736040830612,0.3927575349807739,0.07126481086015701,0.018493227660655975,0.0340273417532444,0.023508980870246887,0.04779043048620224,0.06828150898218155,0.059622932225465775,0.06578557193279266,0.06908242404460907
288,9.6,,,,insightface_bbox,0.5983021259307861,0.0,518.3609619140625,728.093994140625,2368.04052734375,0,0,1,0,0,0,0,0,0,0,0,0,0.06131402775645256,0.04415025934576988,0.419724702835083,0.0792335718870163,0.015303278341889381,0.03194514289498329,0.02072528377175331,0.04395622760057449,0.06524118036031723,0.05730626732110977,0.06915763765573502,0.07403108477592468
289,9.633333333333333,,,,insightface_bbox,0.5983021259307861,0.0,518.3609619140625,728.093994140625,2368.04052734375,0,0,1,0,0,0,0,0,0,0,0,0,0.06234750896692276,0.04491105675697327,0.39471912384033203,0.08125447481870651,0.014720143750309944,0.03093075007200241,0.020071405917406082,0.042633965611457825,0.06477198004722595,0.05703090876340866,0.06705799698829651,0.07279673963785172
290,9.666666666666666,,,,insightface_bbox,0.5983021259307861,0.0,518.3609619140625,728.093994140625,2368.04052734375,0,0,1,0,0,0,0,0,0,0,0,0,0.06356417387723923,0.04598532244563103,0.3916436433792114,0.0827736034989357,0.014364593662321568,0.031506460160017014,0.020209506154060364,0.04223957657814026,0.06560882925987244,0.05725951865315437,0.0727577805519104,0.0767027884721756
291,9.7,,,,insightface_bbox,0.5983021259307861,0.0,518.3609619140625,728.093994140625,2368.04052734375,0,0,1,0,0,0,0,0,0,0,0,0,0.06291858106851578,0.04562406241893768,0.40111812949180603,0.0793733149766922,0.014703664928674698,0.03160710260272026,0.020771699026226997,0.042905598878860474,0.0650157630443573,0.0574154406785965,0.07350566983222961,0.0755506083369255
292,9.733333333333333,,,,insightface_bbox,0.5983021259307861,0.0,518.3609619140625,728.093994140625,2368.04052734375,0,0,1,0,0,0,0,0,0,0,0,0,0.06074243038892746,0.044405221939086914,0.41747453808784485,0.07677189260721207,0.014817067421972752,0.031559426337480545,0.021322930231690407,0.04234711825847626,0.06397120654582977,0.05704876035451889,0.07115432620048523,0.07338614016771317
293,9.766666666666667,,,,insightface_bbox,0.5983021259307861,0.0,518.3609619140625,728.093994140625,2368.04052734375,0,0,1,0,0,0,0,0,0,0,0,0,0.061026431620121,0.04440971463918686,0.427328497171402,0.07673437893390656,0.014606382697820663,0.03157620504498482,0.021450987085700035,0.04149112105369568,0.06296442449092865,0.05653882399201393,0.07167396694421768,0.0740332156419754
