frame_idx,frame_time_in_ms,pitch,yaw,roll,face_alignment_method,face_detection_score,face_bbox_xmin,face_bbox_ymin,face_bbox_xmax,face_bbox_ymax,au_1,au_2,au_4,au_6,au_7,au_10,au_12,au_14,au_15,au_17,au_23,au_24,au_1_intensity,au_2_intensity,au_4_intensity,au_5_intensity,au_6_intensity,au_9_intensity,au_12_intensity,au_15_intensity,au_17_intensity,au_20_intensity,au_25_intensity,au_26_intensity
0,0.0,,,,insightface_bbox,0.5861493945121765,0.0,550.2645263671875,768.629638671875,2332.706298828125,0,0,1,0,0,0,0,0,0,1,0,0,0.05118497461080551,0.028203561902046204,0.28970327973365784,0.040738772600889206,0.008398241363465786,0.019068675115704536,0.009243476204574108,0.06188446283340454,0.06840268522500992,0.0735318511724472,0.022870751097798347,0.0538552962243557
1,0.03333333333333333,,,,insightface_bbox,0.5861493945121765,0.0,550.2645263671875,768.629638671875,2332.706298828125,0,0,1,0,0,0,0,0,0,0,0,0,0.05175909027457237,0.03172118589282036,0.3267364203929901,0.04828613996505737,0.010718116536736488,0.022920852527022362,0.013361731544137001,0.0614500492811203,0.0655527263879776,0.06344578415155411,0.028679460287094116,0.0572696179151535
2,0.06666666666666667,,,,insightface_bbox,0.5861493945121765,0.0,550.2645263671875,768.629638671875,2332.706298828125,0,0,1,0,0,0,0,0,0,0,0,0,0.04910977557301521,0.03133171796798706,0.43678945302963257,0.05039197951555252,0.01349836215376854,0.02659733220934868,0.020609643310308456,0.05871713533997536,0.07286487519741058,0.06416986137628555,0.046935491263866425,0.08511201292276382
3,0.1,,,,insightface_bbox,0.5861493945121765,0.0,550.2645263671875,768.629638671875,2332.706298828125,0,0,1,0,0,0,0,0,0,0,0,0,0.044530898332595825,0.02771790325641632,0.34850654006004333,0.04107137769460678,0.011303359642624855,0.023138364776968956,0.017744511365890503,0.049055613577365875,0.06801944226026535,0.058211810886859894,0.03976309299468994,0.07896929979324341
4,0.13333333333333333,,,,insightface_bbox,0.5861493945121765,0.0,550.2645263671875,768.629638671875,2332.706298828125,0,0,1,0,0,0,0,0,0,0,0,0,0.048275358974933624,0.030522063374519348,0.3624839186668396,0.04882407188415527,0.011270581744611263,0.023874297738075256,0.01736525632441044,0.05107826739549637,0.06568741798400879,0.05786100775003433,0.040818311274051666,0.08038939535617828
5,0.16666666666666666,,,,insightface_bbox,0.5861493945121765,0.0,550.2645263671875,768.629638671875,2332.706298828125,0,0,1,0,0,0,0,0,0,0,0,0,0.048195406794548035,0.02992362715303898,0.3555283546447754,0.04842159152030945,0.011803384870290756,0.02438504621386528,0.01816459186375141,0.04973085597157478,0.06600125133991241,0.05792466923594475,0.042136549949645996,0.08085808902978897
6,0.2,,,,insightface_bbox,0.5776334404945374,0.0,542.6837158203125,763.6132202148438,2334.287109375,0,0,1,0,0,0,0,0,0,0,0,0,0.05155179277062416,0.03155248612165451,0.42598533630371094,0.04909129813313484,0.012177429161965847,0.02718418836593628,0.021041620522737503,0.04924474656581879,0.06858046352863312,0.060362350195646286,0.05585682392120361,0.08991800248622894
7,0.23333333333333334,,,,insightface_bbox,0.5776334404945374,0.0,542.6837158203125,763.6132202148438,2334.287109375,0,0,1,0,0,0,0,0,0,0,0,0,0.051114439964294434,0.030877340584993362,0.4548371434211731,0.05007839947938919,0.012857818976044655,0.02895674668252468,0.022847220301628113,0.051430243998765945,0.06785471737384796,0.06239446997642517,0.06773108243942261,0.094805046916008
8,0.26666666666666666,,,,insightface_bbox,0.5776334404945374,0.0,542.6837158203125,763.6132202148438,2334.287109375,0,0,1,0,0,0,0,0,0,0,0,0,0.0553523451089859,0.03591826558113098,0.4795590341091156,0.06104423105716705,0.013414232060313225,0.030728736892342567,0.02532387524843216,0.05407724529504776,0.06983684003353119,0.06661699712276459,0.07946063578128815,0.11091574281454086
9,0.3,,,,insightface_bbox,0.5776334404945374,0.0,542.6837158203125,763.6132202148438,2334.287109375,0,0,1,0,0,0,0,0,0,0,0,0,0.057342905551195145,0.038095954805612564,0.5080910921096802,0.06517455726861954,0.014381521381437778,0.0331774540245533,0.029736720025539398,0.057040076702833176,0.0737026035785675,0.07068599760532379,0.08741196990013123,0.11897064745426178
10,0.3333333333333333,,,,insightface_bbox,0.5776334404945374,0.0,542.6837158203125,763.6132202148438,2334.287109375,0,0,1,0,0,0,0,0,0,0,0,0,0.05366889759898186,0.03493325784802437,0.4777578115463257,0.05864346772432327,0.014452163130044937,0.033499617129564285,0.0316295325756073,0.057210396975278854,0.07426247745752335,0.0699380487203598,0.08730731159448624,0.11749179661273956
11,0.36666666666666664,,,,insightface_bbox,0.5776334404945374,0.0,542.6837158203125,763.6132202148438,2334.287109375,0,0,1,0,0,0,0,0,0,0,0,0,0.05377188324928284,0.03473325073719025,0.4476487338542938,0.05812794715166092,0.014307860285043716,0.03476772457361221,0.033909596502780914,0.058516036719083786,0.0756625235080719,0.071788489818573,0.09590315818786621,0.11717141419649124
12,0.4,,,,insightface_bbox,0.5945523977279663,0.0,570.3609008789062,771.365478515625,2365.540283203125,0,0,1,0,0,0,0,0,0,0,0,0,0.06985769420862198,0.04392997920513153,0.4051535129547119,0.07844965904951096,0.017107609659433365,0.04032256081700325,0.04178833216428757,0.06057847663760185,0.08853444457054138,0.09407491981983185,0.13636071979999542,0.14580832421779633
13,0.43333333333333335,,,,insightface_bbox,0.5945523977279663,0.0,570.3609008789062,771.365478515625,2365.540283203125,0,0,1,0,0,0,0,0,0,0,0,0,0.0688660740852356,0.043348073959350586,0.39611655473709106,0.07905930280685425,0.016883404925465584,0.04065965861082077,0.041922204196453094,0.05994509533047676,0.08833590894937515,0.09421707689762115,0.131422221660614,0.14326722919940948
14,0.4666666666666667,,,,insightface_bbox,0.5945523977279663,0.0,570.3609008789062,771.365478515625,2365.540283203125,0,0,1,0,0,0,0,0,0,0,0,0,0.07293856143951416,0.04599490761756897,0.4058036208152771,0.08304202556610107,0.017552928999066353,0.04238276928663254,0.044252753257751465,0.06113538518548012,0.0905723124742508,0.09705039858818054,0.14671264588832855,0.15262426435947418
15,0.5,,,,insightface_bbox,0.5945523977279663,0.0,570.3609008789062,771.365478515625,2365.540283203125,0,0,1,0,0,0,0,0,0,0,0,0,0.0749359205365181,0.047347500920295715,0.41362982988357544,0.08579026162624359,0.017768125981092453,0.04344553500413895,0.04561249539256096,0.0615667887032032,0.0918412059545517,0.09937458485364914,0.15958568453788757,0.1595657467842102
16,0.5333333333333333,,,,insightface_bbox,0.5945523977279663,0.0,570.3609008789062,771.365478515625,2365.540283203125,0,0,1,0,0,0,0,0,0,0,0,0,0.07508636265993118,0.04764331132173538,0.4315476417541504,0.08612258732318878,0.01835661381483078,0.04480256885290146,0.04885350167751312,0.06200220435857773,0.09308744221925735,0.10093089193105698,0.1716291308403015,0.16229000687599182
17,0.5666666666666667,,,,insightface_bbox,0.5945523977279663,0.0,570.3609008789062,771.365478515625,2365.540283203125,0,0,1,0,0,0,0,0,0,0,0,0,0.07262535393238068,0.04598984494805336,0.44561171531677246,0.0816195085644722,0.01824926771223545,0.044246163219213486,0.04783773794770241,0.060628801584243774,0.09205295890569687,0.09961611777544022,0.16694137454032898,0.15856094658374786
18,0.6,,,,insightface_bbox,0.5726855993270874,0.0,564.7305297851562,778.84814453125,2361.878662109375,0,0,1,0,0,0,0,0,0,0,0,0,0.07817229628562927,0.04916578158736229,0.4793792963027954,0.086959607899189,0.018615873530507088,0.046629294753074646,0.050924353301525116,0.06420427560806274,0.0940183699131012,0.10522749274969101,0.18231020867824554,0.1680772751569748
19,0.6333333333333333,,,,insightface_bbox,0.5726855993270874,0.0,564.7305297851562,778.84814453125,2361.878662109375,0,0,1,0,0,0,0,0,0,0,0,0,0.07790949195623398,0.04962670058012009,0.48027512431144714,0.08896426111459732,0.01929914392530918,0.04789755120873451,0.05110958591103554,0.06492409110069275,0.09498909115791321,0.10871407389640808,0.18683981895446777,0.1716386377811432
20,0.6666666666666666,,,,insightface_bbox,0.5726855993270874,0.0,564.7305297851562,778.84814453125,2361.878662109375,0,0,1,0,0,0,0,0,0,0,0,0,0.08058322966098785,0.05203511193394661,0.5060380101203918,0.09320685267448425,0.019198324531316757,0.0482344813644886,0.04819098860025406,0.06447675824165344,0.09463249146938324,0.10769858211278915,0.17588531970977783,0.16540399193763733
21,0.7,,,,insightface_bbox,0.5726855993270874,0.0,564.7305297851562,778.84814453125,2361.878662109375,0,0,1,0,0,0,0,0,0,0,0,0,0.08387479186058044,0.05560775846242905,0.5415874123573303,0.10076215863227844,0.019612673670053482,0.048557400703430176,0.047121088951826096,0.06422271579504013,0.09331464767456055,0.10497532784938812,0.16227079927921295,0.1603676974773407
22,0.7333333333333333,,,,insightface_bbox,0.5726855993270874,0.0,564.7305297851562,778.84814453125,2361.878662109375,0,0,1,0,0,0,0,0,0,0,0,0,0.08118494600057602,0.05423027276992798,0.5553223490715027,0.09592609107494354,0.019161252304911613,0.04740840941667557,0.04413294792175293,0.06256997585296631,0.0909467414021492,0.10088030248880386,0.15525886416435242,0.15571285784244537
23,0.7666666666666667,,,,insightface_bbox,0.5726855993270874,0.0,564.7305297851562,778.84814453125,2361.878662109375,0,0,1,0,0,0,0,0,0,0,0,0,0.08154967427253723,0.054973356425762177,0.564889669418335,0.09633801132440567,0.018841445446014404,0.04741998389363289,0.043193213641643524,0.06121173873543739,0.08900827914476395,0.09948991984128952,0.1621752232313156,0.1584322601556778
24,0.8,,,,insightface_bbox,0.627400279045105,0.0,596.425537109375,798.2863159179688,2356.27099609375,0,0,1,0,0,0,0,0,0,0,0,0,0.060586437582969666,0.03709608316421509,0.5626462697982788,0.058134548366069794,0.014168070629239082,0.04221108555793762,0.038843199610710144,0.05006664991378784,0.07775530964136124,0.07405617088079453,0.12286275625228882,0.10851506143808365
25,0.8333333333333334,,,,insightface_bbox,0.627400279045105,0.0,596.425537109375,798.2863159179688,2356.27099609375,0,0,1,0,0,0,0,0,0,0,0,0,0.05927124619483948,0.035701554268598557,0.5459675788879395,0.055322594940662384,0.013651212677359581,0.04183323681354523,0.039085082709789276,0.0508146770298481,0.07826143503189087,0.07502668350934982,0.1251922994852066,0.10782406479120255
26,0.8666666666666667,,,,insightface_bbox,0.627400279045105,0.0,596.425537109375,798.2863159179688,2356.27099609375,0,0,1,0,0,0,0,0,0,0,0,0,0.060838669538497925,0.03575104475021362,0.5709578990936279,0.05318699777126312,0.013787094503641129,0.042344830930233,0.03943536430597305,0.049562759697437286,0.07729218155145645,0.07584912329912186,0.12911005318164825,0.10789350420236588
27,0.9,,,,insightface_bbox,0.627400279045105,0.0,596.425537109375,798.2863159179688,2356.27099609375,0,0,1,0,0,0,0,0,0,0,0,0,0.060537874698638916,0.034959133714437485,0.5384316444396973,0.0496964231133461,0.013545733876526356,0.0405358150601387,0.03851542994379997,0.048717014491558075,0.07548003643751144,0.0741102546453476,0.1342494636774063,0.10611976683139801
28,0.9333333333333333,,,,insightface_bbox,0.627400279045105,0.0,596.425537109375,798.2863159179688,2356.27099609375,0,0,1,0,0,0,0,0,0,0,0,0,0.06316922605037689,0.0364842414855957,0.5542107820510864,0.051722489297389984,0.014265640638768673,0.042009808123111725,0.04042692482471466,0.0483383908867836,0.07556750625371933,0.07352045178413391,0.14982976019382477,0.10825269669294357
29,0.9666666666666667,,,,insightface_bbox,0.627400279045105,0.0,596.425537109375,798.2863159179688,2356.27099609375,0,0,1,0,0,0,0,0,0,0,0,0,0.06244626268744469,0.03652135282754898,0.5682381391525269,0.05047811195254326,0.014691618271172047,0.043212756514549255,0.04196757823228836,0.046623632311820984,0.07577279210090637,0.07082712650299072,0.1573314368724823,0.10835640132427216
30,1.0,,,,insightface_bbox,0.5977551937103271,0.0,589.6160278320312,795.408935546875,2349.093994140625,0,0,1,0,0,0,0,0,0,0,0,0,0.05163868889212608,0.031569235026836395,0.5970788598060608,0.04636424034833908,0.011517639271914959,0.03454215079545975,0.028149336576461792,0.04992501810193062,0.0722634345293045,0.06791815906763077,0.08137420564889908,0.06460999697446823
31,1.0333333333333334,,,,insightface_bbox,0.5977551937103271,0.0,589.6160278320312,795.408935546875,2349.093994140625,0,0,1,0,0,0,0,0,0,0,0,0,0.06268736720085144,0.039701275527477264,0.623816967010498,0.06298918277025223,0.014212358742952347,0.0414511114358902,0.03596921265125275,0.056035518646240234,0.08017995953559875,0.07303811609745026,0.10272510349750519,0.07690021395683289
32,1.0666666666666667,,,,insightface_bbox,0.5977551937103271,0.0,589.6160278320312,795.408935546875,2349.093994140625,0,0,1,0,0,0,0,0,0,0,0,0,0.06548546999692917,0.04392030090093613,0.6499662399291992,0.07560853660106659,0.014985259622335434,0.04472256079316139,0.040014781057834625,0.056598056107759476,0.07964654266834259,0.07308027148246765,0.11195698380470276,0.0813080444931984
33,1.1,,,,insightface_bbox,0.5977551937103271,0.0,589.6160278320312,795.408935546875,2349.093994140625,0,0,1,0,0,0,0,0,0,0,0,0,0.06515578180551529,0.04356406256556511,0.6450033187866211,0.07404445111751556,0.014541858807206154,0.04412860423326492,0.03607399761676788,0.05430277809500694,0.07929454743862152,0.07205667346715927,0.10781911015510559,0.08022715151309967
34,1.1333333333333333,,,,insightface_bbox,0.5977551937103271,0.0,589.6160278320312,795.408935546875,2349.093994140625,0,0,1,0,0,0,0,0,0,0,0,0,0.06546864658594131,0.043886296451091766,0.656963586807251,0.07241246849298477,0.01508412417024374,0.04428938403725624,0.03652277588844299,0.053820908069610596,0.08054357767105103,0.07171740382909775,0.10682477802038193,0.08096132427453995
35,1.1666666666666667,,,,insightface_bbox,0.5977551937103271,0.0,589.6160278320312,795.408935546875,2349.093994140625,0,0,1,0,0,0,0,0,0,0,0,0,0.06578557193279266,0.043995510786771774,0.6507776975631714,0.07145435363054276,0.015401780605316162,0.044693492352962494,0.03630964457988739,0.0541125051677227,0.08110953867435455,0.07194974273443222,0.10958254337310791,0.08251197636127472
36,1.2,,,,insightface_bbox,0.6152329444885254,0.0,516.9700317382812,804.6039428710938,2368.822021484375,0,0,1,0,0,0,0,0,0,0,0,0,0.06691338121891022,0.04521622508764267,0.6586912274360657,0.07538671791553497,0.016076039522886276,0.04515199363231659,0.03826381266117096,0.05480847880244255,0.08237819373607635,0.07250027358531952,0.10390894114971161,0.080913245677948
37,1.2333333333333334,,,,insightface_bbox,0.6152329444885254,0.0,516.9700317382812,804.6039428710938,2368.822021484375,0,0,1,0,0,0,0,0,0,0,0,0,0.06928588449954987,0.04665983468294144,0.6882990598678589,0.07911204546689987,0.01667519100010395,0.047889344394207,0.04061420261859894,0.055658675730228424,0.08428319543600082,0.07224278897047043,0.1185440942645073,0.08679510653018951
38,1.2666666666666666,,,,insightface_bbox,0.6152329444885254,0.0,516.9700317382812,804.6039428710938,2368.822021484375,0,0,1,0,0,0,0,0,0,0,0,0,0.07189028710126877,0.04816655442118645,0.6796286106109619,0.08223856985569,0.017175136134028435,0.04941292479634285,0.044699639081954956,0.05536975711584091,0.08412665873765945,0.072093166410923,0.14680148661136627,0.09821758419275284
39,1.3,,,,insightface_bbox,0.6152329444885254,0.0,516.9700317382812,804.6039428710938,2368.822021484375,0,0,1,0,0,0,0,0,0,0,0,0,0.07129728049039841,0.048002876341342926,0.7076280117034912,0.08181653171777725,0.018026981502771378,0.05056131258606911,0.04938535764813423,0.05645843595266342,0.08437588810920715,0.07201516628265381,0.16983845829963684,0.10508351773023605
40,1.3333333333333333,,,,insightface_bbox,0.6152329444885254,0.0,516.9700317382812,804.6039428710938,2368.822021484375,0,0,1,0,0,0,0,0,0,0,0,0,0.06996018439531326,0.04764349013566971,0.7620532512664795,0.08257169276475906,0.01854722946882248,0.05050039291381836,0.050634514540433884,0.054124779999256134,0.08375029265880585,0.07095092535018921,0.18169766664505005,0.11083170771598816
41,1.3666666666666667,,,,insightface_bbox,0.6152329444885254,0.0,516.9700317382812,804.6039428710938,2368.822021484375,0,0,1,0,0,0,0,0,0,0,0,0,0.07500001043081284,0.05300727114081383,0.7006394267082214,0.0984027236700058,0.016196656972169876,0.04827923700213432,0.04382188990712166,0.05439560115337372,0.07965745031833649,0.0697731301188469,0.17230553925037384,0.10963454097509384
42,1.4,,,,insightface_bbox,0.6396267414093018,0.0,487.25335693359375,788.1244506835938,2392.65673828125,0,0,1,0,0,0,0,0,0,0,0,0,0.07376603037118912,0.05168116092681885,0.6297498941421509,0.09776777774095535,0.013370605185627937,0.04358350858092308,0.038689590990543365,0.05418289452791214,0.07710935920476913,0.07191232591867447,0.1523360013961792,0.10433190315961838
43,1.4333333333333333,,,,insightface_bbox,0.6396267414093018,0.0,487.25335693359375,788.1244506835938,2392.65673828125,0,0,1,0,0,0,0,0,0,0,0,0,0.07247184216976166,0.05002599209547043,0.6075583696365356,0.09100490063428879,0.013363359495997429,0.04159299284219742,0.04010258615016937,0.050371527671813965,0.07899737358093262,0.06906435638666153,0.12442860007286072,0.10409758239984512
44,1.4666666666666666,,,,insightface_bbox,0.6396267414093018,0.0,487.25335693359375,788.1244506835938,2392.65673828125,0,0,1,0,0,0,0,0,0,0,0,0,0.06810234487056732,0.04769391939043999,0.572767972946167,0.08699487149715424,0.013552339747548103,0.0419328510761261,0.03967052325606346,0.048546284437179565,0.07726692408323288,0.06550069153308868,0.12740421295166016,0.10396867245435715
45,1.5,,,,insightface_bbox,0.6396267414093018,0.0,487.25335693359375,788.1244506835938,2392.65673828125,0,0,1,0,0,0,0,0,0,0,0,0,0.07334655523300171,0.05253855511546135,0.6471633315086365,0.10200630873441696,0.0176008939743042,0.05079573392868042,0.04423332214355469,0.051366519182920456,0.08267027139663696,0.06910041719675064,0.16660919785499573,0.12744054198265076
46,1.5333333333333334,,,,insightface_bbox,0.6396267414093018,0.0,487.25335693359375,788.1244506835938,2392.65673828125,0,0,1,0,0,0,0,0,0,0,0,0,0.07491414248943329,0.05245067551732063,0.6893080472946167,0.10507607460021973,0.01825973577797413,0.05242893099784851,0.05015232414007187,0.05347590148448944,0.08585236221551895,0.07433724403381348,0.1789989471435547,0.13409164547920227
47,1.5666666666666667,,,,insightface_bbox,0.6396267414093018,0.0,487.25335693359375,788.1244506835938,2392.65673828125,0,0,1,0,0,0,0,0,0,0,0,0,0.08220440149307251,0.05629449710249901,0.8087179064750671,0.11632902920246124,0.0205216184258461,0.055796023458242416,0.057949818670749664,0.06114189326763153,0.09196785092353821,0.07922561466693878,0.1994331330060959,0.1381368786096573
48,1.6,,,,insightface_bbox,0.6122925877571106,0.0,483.8807373046875,817.6471557617188,2337.232421875,0,0,1,0,0,0,0,0,0,0,0,0,0.09532177448272705,0.06679739058017731,0.886726975440979,0.1354134976863861,0.02752901241183281,0.06306144595146179,0.05866773799061775,0.07407930493354797,0.0910237729549408,0.08950138092041016,0.1808442920446396,0.1366671323776245
49,1.6333333333333333,,,,insightface_bbox,0.6122925877571106,0.0,483.8807373046875,817.6471557617188,2337.232421875,0,0,1,0,0,0,0,0,0,0,0,0,0.08451163023710251,0.059228554368019104,0.7462651133537292,0.11385329067707062,0.022995278239250183,0.05511685460805893,0.04761786758899689,0.06650347262620926,0.08933053910732269,0.08145548403263092,0.14927545189857483,0.12811307609081268
50,1.6666666666666667,,,,insightface_bbox,0.6122925877571106,0.0,483.8807373046875,817.6471557617188,2337.232421875,0,0,1,0,0,0,0,0,0,0,0,0,0.09398436546325684,0.06526457518339157,0.7186688184738159,0.12558719515800476,0.023529764264822006,0.05789758637547493,0.050287000834941864,0.06971578299999237,0.09499433636665344,0.08629343658685684,0.16017794609069824,0.13812974095344543
51,1.7,,,,insightface_bbox,0.6122925877571106,0.0,483.8807373046875,817.6471557617188,2337.232421875,0,0,1,0,0,0,0,0,0,0,0,0,0.10305844247341156,0.07320448011159897,0.7197331190109253,0.1517261266708374,0.024608921259641647,0.06232437491416931,0.0534711591899395,0.07476246356964111,0.09791034460067749,0.09057539701461792,0.17581568658351898,0.14167548716068268
52,1.7333333333333334,,,,insightface_bbox,0.6122925877571106,0.0,483.8807373046875,817.6471557617188,2337.232421875,0,0,1,0,0,0,0,0,0,0,0,0,0.11067050695419312,0.07825280725955963,0.7553542852401733,0.16251139342784882,0.02572985552251339,0.06597624719142914,0.05635448172688484,0.0762055292725563,0.09999833256006241,0.09532114863395691,0.18996992707252502,0.1497144103050232
53,1.7666666666666666,,,,insightface_bbox,0.6122925877571106,0.0,483.8807373046875,817.6471557617188,2337.232421875,0,0,1,0,0,0,0,0,0,0,0,0,0.12371429055929184,0.08605512976646423,0.7839088439941406,0.17875507473945618,0.027286071330308914,0.07295267283916473,0.0641804039478302,0.08056013286113739,0.1031520888209343,0.10045786201953888,0.23618531227111816,0.16333414614200592
54,1.8,,,,insightface_bbox,0.5978661775588989,0.0,446.67236328125,813.6876220703125,2404.635009765625,0,0,1,0,0,0,0,0,0,0,0,0,0.07797311991453171,0.05239991843700409,0.8705523610115051,0.09993984550237656,0.025012193247675896,0.060140110552310944,0.049905456602573395,0.0553894005715847,0.09140044450759888,0.07134240865707397,0.1707838773727417,0.1168077290058136
55,1.8333333333333333,,,,insightface_bbox,0.5978661775588989,0.0,446.67236328125,813.6876220703125,2404.635009765625,0,0,1,0,0,0,0,0,0,0,0,0,0.08246570825576782,0.05564321577548981,0.8127183318138123,0.11098184436559677,0.023943418636918068,0.05813728645443916,0.04818632826209068,0.057075634598731995,0.09323175996541977,0.07290039211511612,0.15737491846084595,0.11698289960622787
56,1.8666666666666667,,,,insightface_bbox,0.5978661775588989,0.0,446.67236328125,813.6876220703125,2404.635009765625,0,0,1,0,0,0,0,0,0,0,0,0,0.07548113167285919,0.05025920271873474,0.8706420660018921,0.09384205937385559,0.02354183979332447,0.0585198774933815,0.05160702392458916,0.05475613847374916,0.09123247116804123,0.07196668535470963,0.1682344228029251,0.11326230317354202
57,1.9,,,,insightface_bbox,0.5978661775588989,0.0,446.67236328125,813.6876220703125,2404.635009765625,0,0,1,0,0,0,0,0,0,0,0,0,0.06707160174846649,0.04289790987968445,0.8592199683189392,0.07154498994350433,0.023614563047885895,0.057223930954933167,0.052303604781627655,0.049768198281526566,0.08765740692615509,0.06904321908950806,0.15796402096748352,0.10554490983486176
58,1.9333333333333333,,,,insightface_bbox,0.5978661775588989,0.0,446.67236328125,813.6876220703125,2404.635009765625,0,0,1,0,0,0,0,0,0,0,0,0,0.06751351058483124,0.04179270565509796,0.7090609073638916,0.06757976114749908,0.021522480994462967,0.05574742704629898,0.046367570757865906,0.05082016810774803,0.08723936229944229,0.07009892910718918,0.16160732507705688,0.11197048425674438
59,1.9666666666666666,,,,insightface_bbox,0.5978661775588989,0.0,446.67236328125,813.6876220703125,2404.635009765625,0,0,1,0,0,0,0,0,0,0,0,0,0.0778142511844635,0.04758283868432045,0.6984939575195312,0.0796559527516365,0.020342040807008743,0.05541782081127167,0.044797416776418686,0.0504947230219841,0.08819913864135742,0.07216620445251465,0.1475701928138733,0.11489155888557434
60,2.0,,,,insightface_bbox,0.603814959526062,0.0,457.5074768066406,803.0037231445312,2337.668212890625,0,0,1,0,0,0,0,0,0,0,0,0,0.0841233879327774,0.054339699447155,0.7188627123832703,0.09686324745416641,0.01947268657386303,0.05716736614704132,0.04983217269182205,0.05680174380540848,0.0911436378955841,0.07532070577144623,0.19024664163589478,0.12865762412548065
61,2.033333333333333,,,,insightface_bbox,0.603814959526062,0.0,457.5074768066406,803.0037231445312,2337.668212890625,0,0,1,0,0,0,0,0,0,0,0,0,0.0779636800289154,0.048623066395521164,0.6917001008987427,0.08352931588888168,0.01841752417385578,0.05185864493250847,0.04358365386724472,0.05561937019228935,0.08403962850570679,0.07514023780822754,0.12812545895576477,0.10213601589202881
62,2.066666666666667,,,,insightface_bbox,0.603814959526062,0.0,457.5074768066406,803.0037231445312,2337.668212890625,0,0,1,0,0,0,0,0,0,0,0,0,0.08179457485675812,0.05211903154850006,0.8167377710342407,0.09656889736652374,0.02154720202088356,0.05781542882323265,0.04823892563581467,0.05701405555009842,0.09050532430410385,0.07499222457408905,0.1329830288887024,0.10383695363998413
63,2.1,,,,insightface_bbox,0.603814959526062,0.0,457.5074768066406,803.0037231445312,2337.668212890625,0,0,1,0,0,0,0,0,0,0,0,0,0.08214855194091797,0.05277557298541069,0.8593928813934326,0.09698736667633057,0.022660402581095695,0.0599055141210556,0.051772765815258026,0.05773220956325531,0.09486590325832367,0.07659105211496353,0.16425910592079163,0.11782979965209961
64,2.1333333333333333,,,,insightface_bbox,0.603814959526062,0.0,457.5074768066406,803.0037231445312,2337.668212890625,0,0,1,0,0,0,0,0,0,0,0,0,0.07913235574960709,0.05183374136686325,0.8729714155197144,0.09415195137262344,0.023429851979017258,0.05986813083291054,0.05431850999593735,0.05820843577384949,0.09761732071638107,0.07686563581228256,0.1701572835445404,0.1187901496887207
65,2.1666666666666665,,,,insightface_bbox,0.603814959526062,0.0,457.5074768066406,803.0037231445312,2337.668212890625,0,0,1,0,0,0,0,0,0,0,0,0,0.08244463056325912,0.053955934941768646,0.8764184713363647,0.10047434270381927,0.02242206409573555,0.06012466549873352,0.053998738527297974,0.058112598955631256,0.09670742601156235,0.0785687193274498,0.17336490750312805,0.12161679565906525
66,2.2,,,,insightface_bbox,0.5963373780250549,0.0,461.0504150390625,797.2529296875,2344.097900390625,0,0,1,0,0,0,0,0,0,0,0,0,0.06717965751886368,0.042491596192121506,0.7985197305679321,0.06933486461639404,0.02077070251107216,0.053891174495220184,0.044683437794446945,0.04783719405531883,0.08451443910598755,0.06579829752445221,0.14437910914421082,0.09872546792030334
67,2.2333333333333334,,,,insightface_bbox,0.5963373780250549,0.0,461.0504150390625,797.2529296875,2344.097900390625,0,0,1,0,0,0,0,0,0,0,0,0,0.07028749585151672,0.04349197447299957,0.7756357192993164,0.07045221328735352,0.0219741053879261,0.05522698536515236,0.049813829362392426,0.052296921610832214,0.08840027451515198,0.0706726461648941,0.14904892444610596,0.10411639511585236
68,2.2666666666666666,,,,insightface_bbox,0.5963373780250549,0.0,461.0504150390625,797.2529296875,2344.097900390625,0,0,1,0,0,0,0,0,0,0,0,0,0.0693519189953804,0.04227885603904724,0.7204865217208862,0.06711054593324661,0.020177744328975677,0.051932111382484436,0.04506251960992813,0.05004573613405228,0.08533767610788345,0.0687672346830368,0.13557858765125275,0.09824738651514053
69,2.3,,,,insightface_bbox,0.5963373780250549,0.0,461.0504150390625,797.2529296875,2344.097900390625,0,0,1,0,0,0,0,0,0,0,0,0,0.0693562924861908,0.0430423803627491,0.7320234179496765,0.06988637894392014,0.021132787689566612,0.05322234332561493,0.04699837043881416,0.05145534873008728,0.08793061971664429,0.0697273537516594,0.13922330737113953,0.09975655376911163
70,2.3333333333333335,,,,insightface_bbox,0.5963373780250549,0.0,461.0504150390625,797.2529296875,2344.097900390625,0,0,1,0,0,0,0,0,0,0,0,0,0.06681473553180695,0.041844069957733154,0.7649350762367249,0.06684835255146027,0.021814478561282158,0.053270772099494934,0.048204418271780014,0.0497739352285862,0.08945567905902863,0.06856730580329895,0.13570208847522736,0.09483012557029724
71,2.3666666666666667,,,,insightface_bbox,0.5963373780250549,0.0,461.0504150390625,797.2529296875,2344.097900390625,0,0,1,0,0,0,0,0,0,0,0,0,0.07574599981307983,0.04823192581534386,0.7648271918296814,0.08586391061544418,0.022785954177379608,0.05626562982797623,0.05124470219016075,0.05520261451601982,0.09536140412092209,0.07435522973537445,0.15575844049453735,0.1092909425497055
72,2.4,,,,insightface_bbox,0.5809968709945679,0.0,434.0157165527344,785.8938598632812,2352.447998046875,0,0,1,0,0,0,0,0,0,0,0,0,0.08483976870775223,0.05750210955739021,0.8034937977790833,0.11282854527235031,0.019748803228139877,0.05686837434768677,0.04717275872826576,0.05984387919306755,0.09658526629209518,0.08037171512842178,0.16057640314102173,0.11693534255027771
73,2.433333333333333,,,,insightface_bbox,0.5809968709945679,0.0,434.0157165527344,785.8938598632812,2352.447998046875,0,0,1,0,0,0,0,0,0,0,0,0,0.08911427110433578,0.06002815440297127,0.7958202362060547,0.11673808097839355,0.018494246527552605,0.05468720570206642,0.042852871119976044,0.05708838999271393,0.09351207315921783,0.07832081615924835,0.1600143164396286,0.11618413031101227
74,2.466666666666667,,,,insightface_bbox,0.5809968709945679,0.0,434.0157165527344,785.8938598632812,2352.447998046875,0,0,1,0,0,0,0,0,0,0,0,0,0.09258073568344116,0.06117205321788788,0.7640019655227661,0.11586245894432068,0.017937084659934044,0.05521891638636589,0.04330094903707504,0.05612952262163162,0.09243278950452805,0.07867026329040527,0.18092602491378784,0.1178085133433342
75,2.5,,,,insightface_bbox,0.5809968709945679,0.0,434.0157165527344,785.8938598632812,2352.447998046875,0,0,1,0,0,0,0,0,0,0,0,0,0.09340120851993561,0.05851410701870918,0.6952517628669739,0.10154540836811066,0.01821773499250412,0.05470799654722214,0.04142455756664276,0.05711761862039566,0.09484108537435532,0.08089256286621094,0.16219303011894226,0.11110357195138931
76,2.533333333333333,,,,insightface_bbox,0.5809968709945679,0.0,434.0157165527344,785.8938598632812,2352.447998046875,0,0,1,0,0,0,0,0,0,0,0,0,0.0909612774848938,0.0569273866713047,0.7297631502151489,0.09855064749717712,0.019088830798864365,0.05670170858502388,0.04262186959385872,0.0584457628428936,0.09557754546403885,0.08102071285247803,0.15632985532283783,0.10756640136241913
77,2.566666666666667,,,,insightface_bbox,0.5809968709945679,0.0,434.0157165527344,785.8938598632812,2352.447998046875,0,0,1,0,0,0,0,0,0,0,0,0,0.08539220690727234,0.055697664618492126,0.7694590091705322,0.10077451169490814,0.019416682422161102,0.05812002718448639,0.04543907940387726,0.0553240068256855,0.09506930410861969,0.07827351987361908,0.1608455330133438,0.10743066668510437
78,2.6,,,,insightface_bbox,0.5997575521469116,0.0,511.7750549316406,794.7625122070312,2324.961181640625,0,0,1,0,0,0,0,0,0,0,0,0,0.08167664706707001,0.05351852625608444,0.7847321629524231,0.09707637876272202,0.018175331875681877,0.05519004166126251,0.04246052727103233,0.054037030786275864,0.09004463255405426,0.0763091892004013,0.14376677572727203,0.09920649975538254
79,2.6333333333333333,,,,insightface_bbox,0.5997575521469116,0.0,511.7750549316406,794.7625122070312,2324.961181640625,0,0,1,0,0,0,0,0,0,0,0,0,0.07780731469392776,0.05112437903881073,0.726318895816803,0.08744268864393234,0.01747160591185093,0.052028827369213104,0.04193873703479767,0.05466216802597046,0.08578703552484512,0.07555780559778214,0.13978828489780426,0.09530207514762878
80,2.6666666666666665,,,,insightface_bbox,0.5997575521469116,0.0,511.7750549316406,794.7625122070312,2324.961181640625,0,0,1,0,0,0,0,0,0,0,0,0,0.08786292374134064,0.05896374210715294,0.7184315323829651,0.10663092881441116,0.019617313519120216,0.055543575435876846,0.043119363486766815,0.06017867848277092,0.09015925973653793,0.07688083499670029,0.14232578873634338,0.10177476704120636
81,2.7,,,,insightface_bbox,0.5997575521469116,0.0,511.7750549316406,794.7625122070312,2324.961181640625,0,0,1,0,0,0,0,0,0,0,0,0,0.08766302466392517,0.05925605073571205,0.7344093322753906,0.10779936611652374,0.019352378323674202,0.05533279851078987,0.042468540370464325,0.06036737933754921,0.08997906744480133,0.07613370567560196,0.14113619923591614,0.10170814394950867
82,2.7333333333333334,,,,insightface_bbox,0.5997575521469116,0.0,511.7750549316406,794.7625122070312,2324.961181640625,0,0,1,0,0,0,0,0,0,0,0,0,0.08578430861234665,0.05727093666791916,0.7130779027938843,0.1025443822145462,0.018976733088493347,0.054191965609788895,0.041706036776304245,0.05876801162958145,0.08799012005329132,0.07648719102144241,0.13959026336669922,0.09974084794521332
83,2.7666666666666666,,,,insightface_bbox,0.5997575521469116,0.0,511.7750549316406,794.7625122070312,2324.961181640625,0,0,1,0,0,0,0,0,0,0,0,0,0.08575283735990524,0.056503038853406906,0.7156165838241577,0.1004423275589943,0.01904144696891308,0.05407048389315605,0.04191698879003525,0.05886077508330345,0.08748681843280792,0.07663072645664215,0.14413586258888245,0.10056447982788086
84,2.8,,,,insightface_bbox,0.587169349193573,0.0,440.2945861816406,790.6762084960938,2335.98046875,0,0,1,0,0,0,0,0,0,0,0,0,0.07186907529830933,0.04413094371557236,0.7435137629508972,0.07112299650907516,0.019630342721939087,0.05386454612016678,0.04556525498628616,0.04987634718418121,0.08416642248630524,0.07059912383556366,0.14513146877288818,0.09554624557495117
85,2.8333333333333335,,,,insightface_bbox,0.587169349193573,0.0,440.2945861816406,790.6762084960938,2335.98046875,0,0,1,0,0,0,0,0,0,0,0,0,0.07017926126718521,0.04436413198709488,0.7475007176399231,0.07170550525188446,0.019160177558660507,0.05260027199983597,0.044321272522211075,0.05145405977964401,0.08247660100460052,0.07073891907930374,0.137346088886261,0.09410002827644348
86,2.8666666666666667,,,,insightface_bbox,0.587169349193573,0.0,440.2945861816406,790.6762084960938,2335.98046875,0,0,1,0,0,0,0,0,0,0,0,0,0.07947148382663727,0.05174726992845535,0.763540506362915,0.09083616733551025,0.019598407670855522,0.055890604853630066,0.04560320824384689,0.05709264054894447,0.0874168798327446,0.07520660758018494,0.15783248841762543,0.10710698366165161
87,2.9,,,,insightface_bbox,0.587169349193573,0.0,440.2945861816406,790.6762084960938,2335.98046875,0,0,1,0,0,0,0,0,0,0,0,0,0.0866212248802185,0.056988365948200226,0.7790886163711548,0.10750279575586319,0.020870201289653778,0.05891728401184082,0.05161844566464424,0.06375906616449356,0.09197086095809937,0.07983062416315079,0.18898943066596985,0.12538711726665497
88,2.933333333333333,,,,insightface_bbox,0.587169349193573,0.0,440.2945861816406,790.6762084960938,2335.98046875,0,0,1,0,0,0,0,0,0,0,0,0,0.0876501277089119,0.05771346390247345,0.7609789371490479,0.10674367845058441,0.01941847987473011,0.05623308941721916,0.0452013723552227,0.05954673886299133,0.08900068700313568,0.07695695757865906,0.1718752384185791,0.11995672434568405
89,2.966666666666667,,,,insightface_bbox,0.587169349193573,0.0,440.2945861816406,790.6762084960938,2335.98046875,0,0,1,0,0,0,0,0,0,0,0,0,0.08703836053609848,0.05458541959524155,0.7931066155433655,0.09371838718652725,0.020057057961821556,0.05775953829288483,0.044321946799755096,0.05212269350886345,0.08950696140527725,0.07106675207614899,0.19478312134742737,0.12024898082017899
90,3.0,,,,insightface_bbox,0.6007555723190308,0.0,481.6188049316406,792.8826293945312,2347.63134765625,0,0,1,0,0,0,0,0,0,0,0,0,0.08381695300340652,0.05473318696022034,0.7128012776374817,0.0941404327750206,0.017988307401537895,0.051715828478336334,0.03722325339913368,0.05403996258974075,0.08544296026229858,0.07051825523376465,0.14760535955429077,0.10210477560758591
91,3.033333333333333,,,,insightface_bbox,0.6007555723190308,0.0,481.6188049316406,792.8826293945312,2347.63134765625,0,0,1,0,0,0,0,0,0,0,0,0,0.08355551958084106,0.05700899660587311,0.8007372617721558,0.1074429526925087,0.019264360889792442,0.052940286695957184,0.041383758187294006,0.05706761032342911,0.08633614331483841,0.0734676867723465,0.1271287351846695,0.09663853049278259
92,3.066666666666667,,,,insightface_bbox,0.6007555723190308,0.0,481.6188049316406,792.8826293945312,2347.63134765625,0,0,1,0,0,0,0,0,0,0,0,0,0.08101686835289001,0.05529683083295822,0.8049759864807129,0.10213948041200638,0.019186563789844513,0.05376014485955238,0.042104724794626236,0.05538981407880783,0.08670244365930557,0.07340841740369797,0.1321740597486496,0.09730854630470276
93,3.1,,,,insightface_bbox,0.6007555723190308,0.0,481.6188049316406,792.8826293945312,2347.63134765625,0,0,1,0,0,0,0,0,0,0,0,0,0.07915381342172623,0.05228692665696144,0.7835944890975952,0.08913471549749374,0.018308965489268303,0.05523242801427841,0.042958103120326996,0.05183227360248566,0.08725448697805405,0.072241872549057,0.15405422449111938,0.10077100247144699
94,3.1333333333333333,,,,insightface_bbox,0.6007555723190308,0.0,481.6188049316406,792.8826293945312,2347.63134765625,0,0,1,0,0,0,0,0,0,0,0,0,0.08350060880184174,0.05399830639362335,0.7819520831108093,0.09075183421373367,0.018382534384727478,0.05647483840584755,0.04284363240003586,0.052008066326379776,0.08949275314807892,0.07326549291610718,0.16707995533943176,0.10568466782569885
95,3.1666666666666665,,,,insightface_bbox,0.6007555723190308,0.0,481.6188049316406,792.8826293945312,2347.63134765625,0,0,1,0,0,0,0,0,0,0,0,0,0.08737769722938538,0.05611535906791687,0.752066433429718,0.09563854336738586,0.01877233199775219,0.05585961416363716,0.04105518013238907,0.05331534892320633,0.08967289328575134,0.07133703678846359,0.16184091567993164,0.1050751581788063
96,3.2,,,,insightface_bbox,0.600797176361084,0.0,481.8937683105469,793.9757690429688,2339.942626953125,0,0,1,0,0,0,0,0,0,0,0,0,0.0733875185251236,0.04722119867801666,0.7460570931434631,0.0804511308670044,0.018943000584840775,0.0482645109295845,0.036838509142398834,0.049214255064725876,0.0792105570435524,0.06458102911710739,0.10559719055891037,0.09520735591650009
97,3.2333333333333334,,,,insightface_bbox,0.600797176361084,0.0,481.8937683105469,793.9757690429688,2339.942626953125,0,0,1,0,0,0,0,0,0,0,0,0,0.08980686962604523,0.05456807464361191,0.7329205274581909,0.09799570590257645,0.019634220749139786,0.05165165662765503,0.03933712840080261,0.05565983057022095,0.08625105768442154,0.07172467559576035,0.1243448406457901,0.11018836498260498
98,3.2666666666666666,,,,insightface_bbox,0.600797176361084,0.0,481.8937683105469,793.9757690429688,2339.942626953125,0,0,1,0,0,0,0,0,0,0,0,0,0.10411611199378967,0.05941770598292351,0.6979309916496277,0.10700805485248566,0.020336706191301346,0.05470970273017883,0.04063219204545021,0.05764210596680641,0.09147250652313232,0.07650701701641083,0.13691672682762146,0.12014104425907135
99,3.3,,,,insightface_bbox,0.600797176361084,0.0,481.8937683105469,793.9757690429688,2339.942626953125,0,0,1,0,0,0,0,0,0,0,0,0,0.0960550606250763,0.05566416308283806,0.7026684284210205,0.09557406604290009,0.018894651904702187,0.05357401818037033,0.03642365708947182,0.051172174513339996,0.08747538924217224,0.07115679979324341,0.13544407486915588,0.11563169956207275
100,3.3333333333333335,,,,insightface_bbox,0.600797176361084,0.0,481.8937683105469,793.9757690429688,2339.942626953125,0,0,1,0,0,0,0,0,0,0,0,0,0.09623777121305466,0.05920042842626572,0.7210273742675781,0.11022008210420609,0.02024538628757,0.056961048394441605,0.038812704384326935,0.05455595254898071,0.08989454060792923,0.07254424691200256,0.14064006507396698,0.11761797964572906
101,3.3666666666666667,,,,insightface_bbox,0.600797176361084,0.0,481.8937683105469,793.9757690429688,2339.942626953125,0,0,1,0,0,0,0,0,0,0,0,0,0.08731045573949814,0.05604233592748642,0.7458030581474304,0.10317090153694153,0.020309193059802055,0.055742062628269196,0.038103438913822174,0.05280189588665962,0.08896618336439133,0.0699901208281517,0.13336041569709778,0.11168547719717026
102,3.4,,,,insightface_bbox,0.5842134952545166,0.0,484.2142333984375,789.2085571289062,2383.443115234375,0,0,1,0,0,0,0,0,0,0,0,0,0.07678008079528809,0.050414200872182846,0.6780529618263245,0.0880286693572998,0.013363892212510109,0.04307850822806358,0.03137395530939102,0.04678422585129738,0.08217772841453552,0.0635710060596466,0.07923963665962219,0.07775933295488358
103,3.433333333333333,,,,insightface_bbox,0.5842134952545166,0.0,484.2142333984375,789.2085571289062,2383.443115234375,0,0,1,0,0,0,0,0,0,0,0,0,0.06530685722827911,0.04019598662853241,0.589299201965332,0.06152157485485077,0.011843779124319553,0.03779096156358719,0.026389438658952713,0.041504617780447006,0.07856336236000061,0.05996953323483467,0.0673285499215126,0.07008083909749985
104,3.466666666666667,,,,insightface_bbox,0.5842134952545166,0.0,484.2142333984375,789.2085571289062,2383.443115234375,0,0,1,0,0,0,0,0,0,0,0,0,0.06581876426935196,0.04249187558889389,0.5919630527496338,0.06824709475040436,0.012131365947425365,0.03763715177774429,0.02502913400530815,0.042255815118551254,0.07863346487283707,0.06038866192102432,0.0692460834980011,0.07147122174501419
105,3.5,,,,insightface_bbox,0.5842134952545166,0.0,484.2142333984375,789.2085571289062,2383.443115234375,0,0,1,0,0,0,0,0,0,0,0,0,0.0593232698738575,0.03802110627293587,0.5615975856781006,0.05765525624155998,0.011051835492253304,0.03384372219443321,0.02188935875892639,0.0385277159512043,0.07466959953308105,0.05671801418066025,0.05510760471224785,0.061894845217466354
106,3.533333333333333,,,,insightface_bbox,0.5842134952545166,0.0,484.2142333984375,789.2085571289062,2383.443115234375,0,0,1,0,0,0,0,0,0,0,0,0,0.05871959403157234,0.03616243228316307,0.6197921633720398,0.051161717623472214,0.01101185567677021,0.03359140455722809,0.021776635199785233,0.03662708401679993,0.0732523649930954,0.05568075180053711,0.05363276228308678,0.06047813594341278
107,3.566666666666667,,,,insightface_bbox,0.5842134952545166,0.0,484.2142333984375,789.2085571289062,2383.443115234375,0,0,1,0,0,0,0,0,0,0,0,0,0.061237603425979614,0.03857019543647766,0.639020562171936,0.056999292224645615,0.011053459718823433,0.03409990668296814,0.021650034934282303,0.03742668777704239,0.07344973832368851,0.05703122913837433,0.05727957934141159,0.06358896195888519
108,3.6,,,,insightface_bbox,0.6004377007484436,0.0,512.421142578125,794.6715087890625,2349.329345703125,0,0,1,0,0,0,0,0,0,0,0,0,0.081009641289711,0.05453156679868698,0.8671033978462219,0.10499141365289688,0.018303396180272102,0.05470562353730202,0.040032729506492615,0.051705483347177505,0.08964082598686218,0.07062000036239624,0.12776677310466766,0.09429931640625
109,3.6333333333333333,,,,insightface_bbox,0.6004377007484436,0.0,512.421142578125,794.6715087890625,2349.329345703125,0,0,1,0,0,0,0,0,0,0,0,0,0.07272414863109589,0.04733768105506897,0.8160839080810547,0.08507903665304184,0.017313718795776367,0.05122509226202965,0.040949419140815735,0.048324283212423325,0.08477724343538284,0.06901904195547104,0.12318861484527588,0.08739344775676727
110,3.6666666666666665,,,,insightface_bbox,0.6004377007484436,0.0,512.421142578125,794.6715087890625,2349.329345703125,0,0,1,0,0,0,0,0,0,0,0,0,0.07589665055274963,0.04943331703543663,0.7901691198348999,0.09226642549037933,0.01588616333901882,0.0492461696267128,0.03934461250901222,0.049258239567279816,0.08686863631010056,0.0696617141366005,0.12482517212629318,0.08955136686563492
111,3.7,,,,insightface_bbox,0.6004377007484436,0.0,512.421142578125,794.6715087890625,2349.329345703125,0,0,1,0,0,0,0,0,0,0,0,0,0.08292128145694733,0.05407354235649109,0.8203243613243103,0.10414765775203705,0.016618654131889343,0.050711143761873245,0.04180727154016495,0.05133784934878349,0.08888143301010132,0.0712956041097641,0.13932031393051147,0.09837455302476883
112,3.7333333333333334,,,,insightface_bbox,0.6004377007484436,0.0,512.421142578125,794.6715087890625,2349.329345703125,0,0,1,0,0,0,0,0,0,0,0,0,0.0781203955411911,0.04994868487119675,0.878741443157196,0.09221985936164856,0.01873600110411644,0.055147506296634674,0.04713669791817665,0.0488729327917099,0.09043803811073303,0.0702359676361084,0.14917653799057007,0.09921341389417648
113,3.7666666666666666,,,,insightface_bbox,0.6004377007484436,0.0,512.421142578125,794.6715087890625,2349.329345703125,0,0,1,0,0,0,0,0,0,0,0,0,0.07350980490446091,0.04623709246516228,0.9465377926826477,0.07923722267150879,0.019946929067373276,0.05673486366868019,0.04672086238861084,0.045690447092056274,0.08718611299991608,0.06690630316734314,0.14471091330051422,0.09168829023838043
114,3.8,,,,insightface_bbox,0.594244122505188,0.0,497.8782958984375,786.1497192382812,2328.94384765625,0,0,1,0,0,0,0,0,0,0,0,0,0.07000687718391418,0.04710373282432556,0.7057750225067139,0.07617135345935822,0.015161234885454178,0.04511326923966408,0.03121182695031166,0.04635736346244812,0.08201128244400024,0.0656709149479866,0.07499800622463226,0.07087299227714539
115,3.8333333333333335,,,,insightface_bbox,0.594244122505188,0.0,497.8782958984375,786.1497192382812,2328.94384765625,0,0,1,0,0,0,0,0,0,0,0,0,0.0749470442533493,0.052092306315898895,0.7059707641601562,0.09129491448402405,0.014821681194007397,0.04753704369068146,0.03485211357474327,0.047325942665338516,0.08214612305164337,0.0634433925151825,0.10089908540248871,0.08038509637117386
116,3.8666666666666667,,,,insightface_bbox,0.594244122505188,0.0,497.8782958984375,786.1497192382812,2328.94384765625,0,0,1,0,0,0,0,0,0,0,0,0,0.07302339375019073,0.049954984337091446,0.715889573097229,0.08605848252773285,0.014441496692597866,0.047121912240982056,0.03300829976797104,0.04666333645582199,0.08084218949079514,0.06281359493732452,0.10029115527868271,0.08004554361104965
117,3.9,,,,insightface_bbox,0.594244122505188,0.0,497.8782958984375,786.1497192382812,2328.94384765625,0,0,1,0,0,0,0,0,0,0,0,0,0.06935074180364609,0.04825867712497711,0.6897563338279724,0.082871213555336,0.014404644258320332,0.04481253772974014,0.031526096165180206,0.04709194600582123,0.08111611753702164,0.06340368092060089,0.08186712116003036,0.07107880711555481
118,3.933333333333333,,,,insightface_bbox,0.594244122505188,0.0,497.8782958984375,786.1497192382812,2328.94384765625,0,0,1,0,0,0,0,0,0,0,0,0,0.06669965386390686,0.04560904577374458,0.6998087167739868,0.07501234114170074,0.014611022546887398,0.04476284235715866,0.03279445320367813,0.04765733331441879,0.07959771156311035,0.0640266090631485,0.07381747663021088,0.06610748171806335
119,3.966666666666667,,,,insightface_bbox,0.594244122505188,0.0,497.8782958984375,786.1497192382812,2328.94384765625,0,0,1,0,0,0,0,0,0,0,0,0,0.0655684545636177,0.04516176879405975,0.7063602209091187,0.0755067691206932,0.014598122797906399,0.04519917070865631,0.03339537978172302,0.047987692058086395,0.07944143563508987,0.06374240666627884,0.07886523008346558,0.06675968319177628
120,4.0,,,,insightface_bbox,0.6071963310241699,0.0,482.2103576660156,796.5198974609375,2382.950927734375,0,0,1,0,0,0,0,0,0,0,0,0,0.062045224010944366,0.040977321565151215,0.6258585453033447,0.0645328015089035,0.012897299602627754,0.0399710051715374,0.030840354040265083,0.041736479848623276,0.07889088988304138,0.058382198214530945,0.06577782332897186,0.06529299169778824
121,4.033333333333333,,,,insightface_bbox,0.6071963310241699,0.0,482.2103576660156,796.5198974609375,2382.950927734375,0,0,1,0,0,0,0,0,0,0,0,0,0.06917128711938858,0.04567492753267288,0.6864503026008606,0.07257407903671265,0.014632116071879864,0.04516104236245155,0.03597398102283478,0.04623116925358772,0.08415605127811432,0.06297237426042557,0.08036446571350098,0.07184020429849625
122,4.066666666666666,,,,insightface_bbox,0.6071963310241699,0.0,482.2103576660156,796.5198974609375,2382.950927734375,0,0,1,0,0,0,0,0,0,0,0,0,0.06927669048309326,0.04466314613819122,0.7337865233421326,0.06997808068990707,0.014376387000083923,0.04539404809474945,0.032709863036870956,0.042440034449100494,0.08062855899333954,0.05844377726316452,0.08698712289333344,0.06907469034194946
123,4.1,,,,insightface_bbox,0.6071963310241699,0.0,482.2103576660156,796.5198974609375,2382.950927734375,0,0,1,0,0,0,0,0,0,0,0,0,0.06631087511777878,0.04211842268705368,0.6968070268630981,0.06570355594158173,0.014028269797563553,0.0432300791144371,0.033046018332242966,0.04509907215833664,0.08034686744213104,0.06151974946260452,0.07357556372880936,0.06596585363149643
124,4.133333333333334,,,,insightface_bbox,0.6071963310241699,0.0,482.2103576660156,796.5198974609375,2382.950927734375,0,0,1,0,0,0,0,0,0,0,0,0,0.06712979823350906,0.04362791031599045,0.7292944192886353,0.0665065348148346,0.016323819756507874,0.0468633659183979,0.043781913816928864,0.052607737481594086,0.0845974013209343,0.07184198498725891,0.08923691511154175,0.07529634237289429
125,4.166666666666667,,,,insightface_bbox,0.6071963310241699,0.0,482.2103576660156,796.5198974609375,2382.950927734375,0,0,1,0,0,0,0,0,0,0,0,0,0.07263115793466568,0.04858795180916786,0.7712442874908447,0.08008822798728943,0.01710645481944084,0.050771862268447876,0.04428890347480774,0.054260335862636566,0.08430890738964081,0.07197879254817963,0.10469280183315277,0.07895100116729736
126,4.2,,,,insightface_bbox,0.577866792678833,0.0,495.17047119140625,795.4232177734375,2254.792724609375,0,0,1,0,1,0,0,0,0,0,0,0,0.06571335345506668,0.03876357898116112,0.8828827738761902,0.057041872292757034,0.022579222917556763,0.05435243993997574,0.05156390741467476,0.04474133253097534,0.0845036655664444,0.06282099336385727,0.1208495944738388,0.08371201157569885
127,4.233333333333333,,,,insightface_bbox,0.577866792678833,0.0,495.17047119140625,795.4232177734375,2254.792724609375,0,0,1,0,0,0,0,0,0,0,0,0,0.06502173840999603,0.039502039551734924,0.8192625641822815,0.06057986989617348,0.021287251263856888,0.054213546216487885,0.04690572991967201,0.043797124177217484,0.08131656050682068,0.06206995248794556,0.10589557886123657,0.08168700337409973
128,4.266666666666667,,,,insightface_bbox,0.577866792678833,0.0,495.17047119140625,795.4232177734375,2254.792724609375,0,0,1,0,0,0,0,0,0,0,0,0,0.07097513973712921,0.04313022643327713,0.8107325434684753,0.06868220120668411,0.020552242174744606,0.05413856729865074,0.0453169047832489,0.0448133647441864,0.08277547359466553,0.06318031251430511,0.10531856119632721,0.08405164629220963
129,4.3,,,,insightface_bbox,0.577866792678833,0.0,495.17047119140625,795.4232177734375,2254.792724609375,0,0,1,0,0,0,0,0,0,0,0,0,0.0743836984038353,0.04598595201969147,0.8146213293075562,0.07586069405078888,0.02043548785150051,0.05570816993713379,0.044030189514160156,0.047228336334228516,0.08315607905387878,0.06529351323843002,0.12261024862527847,0.09221285581588745
130,4.333333333333333,,,,insightface_bbox,0.577866792678833,0.0,495.17047119140625,795.4232177734375,2254.792724609375,0,0,1,0,0,0,0,0,0,0,0,0,0.07565794885158539,0.046887919306755066,0.8114996552467346,0.08081397414207458,0.020647473633289337,0.05679845064878464,0.044793542474508286,0.05002868175506592,0.0843270942568779,0.06673876941204071,0.12678170204162598,0.09667868912220001
131,4.366666666666666,,,,insightface_bbox,0.577866792678833,0.0,495.17047119140625,795.4232177734375,2254.792724609375,0,0,1,0,0,0,0,0,0,0,0,0,0.07402552664279938,0.04520970582962036,0.8150594830513,0.0744304284453392,0.02114701084792614,0.05543559417128563,0.0439302921295166,0.04846803471446037,0.08457456529140472,0.06626565754413605,0.1099311113357544,0.09093917906284332
132,4.4,,,,insightface_bbox,0.5932907462120056,0.0,469.2561950683594,804.9962158203125,2292.944091796875,0,0,1,0,0,0,0,0,0,0,0,0,0.06689616292715073,0.04051848500967026,0.8117530345916748,0.0633087083697319,0.02061082422733307,0.05379486829042435,0.04423476755619049,0.04491105675697327,0.08222958445549011,0.06387963145971298,0.09507982432842255,0.07908248901367188
133,4.433333333333334,,,,insightface_bbox,0.5932907462120056,0.0,469.2561950683594,804.9962158203125,2292.944091796875,0,0,1,0,0,0,0,0,0,0,0,0,0.06223566457629204,0.038164522498846054,0.8105564713478088,0.058960601687431335,0.019833844155073166,0.052285123616456985,0.04260416701436043,0.04132244735956192,0.0789075419306755,0.05893082916736603,0.09312678128480911,0.07297033071517944
134,4.466666666666667,,,,insightface_bbox,0.5932907462120056,0.0,469.2561950683594,804.9962158203125,2292.944091796875,0,0,1,0,0,0,0,0,0,0,0,0,0.0636652484536171,0.038840536028146744,0.8491095304489136,0.06004466861486435,0.020092904567718506,0.05414459481835365,0.042055319994688034,0.0409867987036705,0.07970497012138367,0.058305755257606506,0.11090795695781708,0.07818061858415604
135,4.5,,,,insightface_bbox,0.5932907462120056,0.0,469.2561950683594,804.9962158203125,2292.944091796875,0,0,1,0,0,0,0,0,0,0,0,0,0.06348232179880142,0.03815072402358055,0.8681129813194275,0.05796106904745102,0.02034147083759308,0.05543449521064758,0.04269834980368614,0.03950478509068489,0.08077365159988403,0.05632763355970383,0.1279815137386322,0.08206833899021149
136,4.533333333333333,,,,insightface_bbox,0.5932907462120056,0.0,469.2561950683594,804.9962158203125,2292.944091796875,0,0,1,0,0,0,0,0,0,0,0,0,0.06522981822490692,0.039385467767715454,0.8346497416496277,0.06181858479976654,0.020313041284680367,0.056222349405288696,0.04141848534345627,0.040049247443675995,0.08089978247880936,0.056626055389642715,0.12642288208007812,0.08311483263969421
137,4.566666666666666,,,,insightface_bbox,0.5932907462120056,0.0,469.2561950683594,804.9962158203125,2292.944091796875,0,0,1,0,0,0,0,0,0,0,0,0,0.06498447060585022,0.03988010808825493,0.8123348951339722,0.0637037456035614,0.019499000161886215,0.05485691502690315,0.04031798243522644,0.04056293144822121,0.07980860769748688,0.05768559128046036,0.12525656819343567,0.08631600439548492
138,4.6,,,,insightface_bbox,0.5929481387138367,0.0,480.0357360839844,797.5430297851562,2358.825927734375,0,0,1,0,0,0,0,0,0,0,0,0,0.08803126215934753,0.05884302780032158,0.8039471507072449,0.10769923031330109,0.018170522525906563,0.0558956116437912,0.037351589649915695,0.05125723406672478,0.08833929896354675,0.06511366367340088,0.13628070056438446,0.09675589203834534
139,4.633333333333334,,,,insightface_bbox,0.5929481387138367,0.0,480.0357360839844,797.5430297851562,2358.825927734375,0,0,1,0,0,0,0,0,0,0,0,0,0.08629367500543594,0.05784612149000168,0.7832276225090027,0.10469376295804977,0.017185039818286896,0.05427359789609909,0.03505421057343483,0.04902597889304161,0.08670549094676971,0.0628289133310318,0.13026924431324005,0.09366264939308167
140,4.666666666666667,,,,insightface_bbox,0.5929481387138367,0.0,480.0357360839844,797.5430297851562,2358.825927734375,0,0,1,0,0,0,0,0,0,0,0,0,0.08509953320026398,0.0556294247508049,0.7564968466758728,0.09829529374837875,0.01734054461121559,0.05476713553071022,0.03522483631968498,0.049014151096343994,0.0874457135796547,0.06458257138729095,0.12309606373310089,0.09006136655807495
141,4.7,,,,insightface_bbox,0.5929481387138367,0.0,480.0357360839844,797.5430297851562,2358.825927734375,0,0,1,0,0,0,0,0,0,0,0,0,0.07970616966485977,0.0509251207113266,0.7473645210266113,0.08765128254890442,0.016442516818642616,0.05216159299015999,0.034636955708265305,0.047746144235134125,0.08694454282522202,0.06450431048870087,0.11587966978549957,0.08540882170200348
142,4.733333333333333,,,,insightface_bbox,0.5929481387138367,0.0,480.0357360839844,797.5430297851562,2358.825927734375,0,0,1,0,0,0,0,0,0,0,0,0,0.07401338964700699,0.04722975939512253,0.7420645952224731,0.08079665899276733,0.015305955894291401,0.050313688814640045,0.0349121056497097,0.04657912254333496,0.08349348604679108,0.06363903731107712,0.11913254857063293,0.08314550668001175
143,4.766666666666667,,,,insightface_bbox,0.5929481387138367,0.0,480.0357360839844,797.5430297851562,2358.825927734375,0,0,1,0,0,0,0,0,0,0,0,0,0.06870897859334946,0.044604890048503876,0.7786952257156372,0.07786854356527328,0.015093586407601833,0.04889245703816414,0.033532511442899704,0.04426109790802002,0.08222152292728424,0.06032729893922806,0.11425209045410156,0.07948991656303406
144,4.8,,,,insightface_bbox,0.5965620279312134,0.0,452.6255798339844,807.0140991210938,2386.287109375,0,0,1,0,0,0,0,0,0,0,0,0,0.07761276513338089,0.050350725650787354,0.8023542165756226,0.08964820951223373,0.019263409078121185,0.055599890649318695,0.03915980085730553,0.04862550273537636,0.08627936244010925,0.06546735763549805,0.13506276905536652,0.09899580478668213
145,4.833333333333333,,,,insightface_bbox,0.5965620279312134,0.0,452.6255798339844,807.0140991210938,2386.287109375,0,0,1,0,0,0,0,0,0,0,0,0,0.0679919645190239,0.045398663729429245,0.7443751096725464,0.07547875493764877,0.017788346856832504,0.0516318678855896,0.03431529551744461,0.04430380463600159,0.0826752632856369,0.06117435544729233,0.12166061997413635,0.0893460139632225
146,4.866666666666666,,,,insightface_bbox,0.5965620279312134,0.0,452.6255798339844,807.0140991210938,2386.287109375,0,0,1,0,0,0,0,0,0,0,0,0,0.07698244601488113,0.05312024801969528,0.7513114213943481,0.09334330260753632,0.018356719985604286,0.05260925367474556,0.03511689230799675,0.049156639724969864,0.08497313410043716,0.0630996972322464,0.12797635793685913,0.09964105486869812
147,4.9,,,,insightface_bbox,0.5965620279312134,0.0,452.6255798339844,807.0140991210938,2386.287109375,0,0,1,0,0,0,0,0,0,0,0,0,0.07944031804800034,0.05492836609482765,0.7190673351287842,0.10111701488494873,0.018320562317967415,0.05075719207525253,0.03377120569348335,0.0514909066259861,0.08533275127410889,0.06546539068222046,0.11077948659658432,0.09895512461662292
148,4.933333333333334,,,,insightface_bbox,0.5965620279312134,0.0,452.6255798339844,807.0140991210938,2386.287109375,0,0,1,0,0,0,0,0,0,0,0,0,0.07111429423093796,0.04843657463788986,0.7378410696983337,0.084767185151577,0.017599530518054962,0.049282826483249664,0.032361555844545364,0.047927126288414,0.08203127980232239,0.060700010508298874,0.11361213028430939,0.09128480404615402
149,4.966666666666667,,,,insightface_bbox,0.5965620279312134,0.0,452.6255798339844,807.0140991210938,2386.287109375,0,0,1,0,0,0,0,0,0,0,0,0,0.06517918407917023,0.043705593794584274,0.7443085312843323,0.0742965042591095,0.017337651923298836,0.0489342138171196,0.031926900148391724,0.04432056099176407,0.08035003393888474,0.05891583114862442,0.11829724907875061,0.0869181826710701
150,5.0,,,,insightface_bbox,0.5901821851730347,0.0,491.47943115234375,785.9761352539062,2383.023681640625,0,0,1,0,0,0,0,0,0,0,0,0,0.0639241486787796,0.04063532128930092,0.6331661343574524,0.06484576314687729,0.012984350323677063,0.0409584678709507,0.026603450998663902,0.04110532999038696,0.07612859457731247,0.05883801355957985,0.07214667648077011,0.06560289114713669
151,5.033333333333333,,,,insightface_bbox,0.5901821851730347,0.0,491.47943115234375,785.9761352539062,2383.023681640625,0,0,1,0,0,0,0,0,0,0,0,0,0.060258761048316956,0.037402745336294174,0.582060694694519,0.055068451911211014,0.013326994143426418,0.039993830025196075,0.028117001056671143,0.04303877800703049,0.07523483783006668,0.06194065511226654,0.07344911247491837,0.06705257296562195
152,5.066666666666666,,,,insightface_bbox,0.5901821851730347,0.0,491.47943115234375,785.9761352539062,2383.023681640625,0,0,1,0,0,0,0,0,0,0,0,0,0.06543581932783127,0.04108206182718277,0.6080546975135803,0.06126255542039871,0.014434713870286942,0.04304990917444229,0.030706506222486496,0.04540756717324257,0.07765515893697739,0.06331222504377365,0.08700717985630035,0.07194095104932785
153,5.1,,,,insightface_bbox,0.5901821851730347,0.0,491.47943115234375,785.9761352539062,2383.023681640625,0,0,1,0,0,0,0,0,0,0,0,0,0.07313083112239838,0.04886310175061226,0.6751300096511841,0.08155170828104019,0.015570615418255329,0.04697011783719063,0.03255618363618851,0.05017351731657982,0.08057260513305664,0.06468600779771805,0.10388624668121338,0.07989399135112762
154,5.133333333333334,,,,insightface_bbox,0.5901821851730347,0.0,491.47943115234375,785.9761352539062,2383.023681640625,0,0,1,0,0,0,0,0,0,0,0,0,0.07912979274988174,0.05490826815366745,0.7150503396987915,0.09678401798009872,0.01570940762758255,0.04988894611597061,0.03642841428518295,0.0496891513466835,0.08414322137832642,0.06616085022687912,0.1333131045103073,0.09691450744867325
155,5.166666666666667,,,,insightface_bbox,0.5901821851730347,0.0,491.47943115234375,785.9761352539062,2383.023681640625,0,0,1,0,0,0,0,0,0,0,0,0,0.07553695142269135,0.05213934928178787,0.6907621026039124,0.09292621165513992,0.014993668533861637,0.047009311616420746,0.03413894400000572,0.048205237835645676,0.08168052136898041,0.06358853727579117,0.11117272078990936,0.09003404527902603
156,5.2,,,,insightface_bbox,0.6012926697731018,0.0,504.6465148925781,799.4923706054688,2341.267578125,0,0,1,0,0,0,0,0,0,0,0,0,0.07086855173110962,0.04669315367937088,0.6720104813575745,0.08940260857343674,0.01689089462161064,0.04661169648170471,0.03369008004665375,0.051554348319768906,0.0790519267320633,0.06777123361825943,0.09241628646850586,0.09369590878486633
157,5.233333333333333,,,,insightface_bbox,0.6012926697731018,0.0,504.6465148925781,799.4923706054688,2341.267578125,0,0,1,0,0,0,0,0,0,0,0,0,0.061353255063295364,0.03933994099497795,0.7220916748046875,0.06456579267978668,0.016734492033720016,0.04637276381254196,0.03380900248885155,0.04367835819721222,0.0757327675819397,0.06226025149226189,0.09112053364515305,0.08032239973545074
158,5.266666666666667,,,,insightface_bbox,0.6012926697731018,0.0,504.6465148925781,799.4923706054688,2341.267578125,0,0,1,0,0,0,0,0,0,0,0,0,0.059897977858781815,0.03743986785411835,0.7393033504486084,0.059583861380815506,0.017480209469795227,0.04821883514523506,0.036254942417144775,0.04311824217438698,0.07734060287475586,0.06131942570209503,0.10674241930246353,0.08322988450527191
159,5.3,,,,insightface_bbox,0.6012926697731018,0.0,504.6465148925781,799.4923706054688,2341.267578125,0,0,1,0,0,0,0,0,0,0,0,0,0.0634947270154953,0.040307171642780304,0.7486885190010071,0.06707128137350082,0.01788908988237381,0.048446912318468094,0.037438467144966125,0.04628322646021843,0.0786481499671936,0.06416070461273193,0.10457070171833038,0.08599986135959625
160,5.333333333333333,,,,insightface_bbox,0.6012926697731018,0.0,504.6465148925781,799.4923706054688,2341.267578125,0,0,1,0,0,0,0,0,0,0,0,0,0.0667344331741333,0.043048929423093796,0.7493396997451782,0.07534654438495636,0.018531516194343567,0.04993762448430061,0.03917718306183815,0.05056653916835785,0.0807420089840889,0.06729874759912491,0.10698503255844116,0.08991711586713791
161,5.366666666666666,,,,insightface_bbox,0.6012926697731018,0.0,504.6465148925781,799.4923706054688,2341.267578125,0,0,1,0,0,0,0,0,0,0,0,0,0.06704872846603394,0.042645033448934555,0.7330881357192993,0.0742296576499939,0.019707975909113884,0.051121603697538376,0.04170108959078789,0.05317879468202591,0.08381487429141998,0.06888608634471893,0.11380285024642944,0.09373224526643753
162,5.4,,,,insightface_bbox,0.5933163166046143,0.0,500.0498962402344,789.8768310546875,2296.9794921875,0,0,1,0,0,0,0,0,0,0,0,0,0.06998538225889206,0.04811079055070877,0.6320298314094543,0.08462223410606384,0.014509696513414383,0.04478124529123306,0.032428011298179626,0.04856927692890167,0.07792969048023224,0.06589441001415253,0.09115031361579895,0.08052826672792435
163,5.433333333333334,,,,insightface_bbox,0.5933163166046143,0.0,500.0498962402344,789.8768310546875,2296.9794921875,0,0,1,0,0,0,0,0,0,0,0,0,0.06923546642065048,0.046859338879585266,0.5987321138381958,0.08262844383716583,0.013725591823458672,0.0427708774805069,0.029081743210554123,0.04674673452973366,0.07713673263788223,0.06347966194152832,0.08255663514137268,0.07819228619337082
164,5.466666666666667,,,,insightface_bbox,0.5933163166046143,0.0,500.0498962402344,789.8768310546875,2296.9794921875,0,0,1,0,0,0,0,0,0,0,0,0,0.06475256383419037,0.04316439479589462,0.5509156584739685,0.07457762956619263,0.012473874725401402,0.0387650765478611,0.024947067722678185,0.04364704713225365,0.07305898517370224,0.058742739260196686,0.07115037739276886,0.07222558557987213
165,5.5,,,,insightface_bbox,0.5933163166046143,0.0,500.0498962402344,789.8768310546875,2296.9794921875,0,0,1,0,0,0,0,0,0,0,0,0,0.06446467339992523,0.04259290546178818,0.568727970123291,0.07237273454666138,0.0122286481782794,0.03872929513454437,0.024562664330005646,0.04304759204387665,0.07237249612808228,0.057705607265233994,0.07061843574047089,0.07055937498807907
166,5.533333333333333,,,,insightface_bbox,0.5933163166046143,0.0,500.0498962402344,789.8768310546875,2296.9794921875,0,0,1,0,0,0,0,0,0,0,0,0,0.06527059525251389,0.04390639811754227,0.6038150191307068,0.07537804543972015,0.013168467208743095,0.04161311313509941,0.028152473270893097,0.04554428905248642,0.07440581917762756,0.05989987030625343,0.07990028709173203,0.07360304892063141
167,5.566666666666666,,,,insightface_bbox,0.5933163166046143,0.0,500.0498962402344,789.8768310546875,2296.9794921875,0,0,1,0,0,0,0,0,0,0,0,0,0.06576025485992432,0.045094430446624756,0.6402072310447693,0.07753495126962662,0.014194732531905174,0.044178418815135956,0.03091278485953808,0.04751519858837128,0.07684063166379929,0.0627875104546547,0.08560936152935028,0.0745118260383606
168,5.6,,,,insightface_bbox,0.5887099504470825,0.0,515.2735595703125,793.6827392578125,2287.658203125,0,0,1,0,0,0,0,0,0,0,0,0,0.0691060796380043,0.047313496470451355,0.6823446750640869,0.08376579731702805,0.01571406051516533,0.046499114483594894,0.032245248556137085,0.05010715126991272,0.07992395013570786,0.06432899832725525,0.09089133888483047,0.07735367864370346
169,5.633333333333334,,,,insightface_bbox,0.5887099504470825,0.0,515.2735595703125,793.6827392578125,2287.658203125,0,0,1,0,0,0,0,0,0,0,0,0,0.06921593844890594,0.04613019898533821,0.6921887993812561,0.07739472389221191,0.015479590743780136,0.04801895096898079,0.03230840340256691,0.04762965813279152,0.08053171634674072,0.062733493745327,0.10165873169898987,0.07853531092405319
170,5.666666666666667,,,,insightface_bbox,0.5887099504470825,0.0,515.2735595703125,793.6827392578125,2287.658203125,0,0,1,0,0,0,0,0,0,0,0,0,0.06772127002477646,0.04419738054275513,0.6851831078529358,0.07181647419929504,0.015380438417196274,0.0470852255821228,0.032785989344120026,0.047598373144865036,0.08045591413974762,0.06354738771915436,0.0914330780506134,0.07379463315010071
171,5.7,,,,insightface_bbox,0.5887099504470825,0.0,515.2735595703125,793.6827392578125,2287.658203125,0,0,1,0,0,0,0,0,0,0,0,0,0.06546137481927872,0.04333387315273285,0.6796169281005859,0.07117259502410889,0.015573310665786266,0.04701372981071472,0.03284861892461777,0.048842523247003555,0.07968930900096893,0.06379508972167969,0.09138669818639755,0.07327181845903397
172,5.733333333333333,,,,insightface_bbox,0.5887099504470825,0.0,515.2735595703125,793.6827392578125,2287.658203125,0,0,1,0,0,0,0,0,0,0,0,0,0.06645315140485764,0.044361114501953125,0.7094996571540833,0.07190832495689392,0.016596375033259392,0.04933599755167961,0.034703873097896576,0.0502631738781929,0.08077871799468994,0.06521483510732651,0.0997021421790123,0.0754573792219162
173,5.766666666666667,,,,insightface_bbox,0.5887099504470825,0.0,515.2735595703125,793.6827392578125,2287.658203125,0,0,1,0,0,0,0,0,0,0,0,0,0.06818325072526932,0.04571547359228134,0.7098267078399658,0.07476815581321716,0.017353368923068047,0.05117268115282059,0.03648842126131058,0.05231595039367676,0.08220289647579193,0.06672847270965576,0.11030126363039017,0.07923004031181335
174,5.8,,,,insightface_bbox,0.5877841114997864,0.0,473.9691467285156,791.6682739257812,2337.453369140625,0,0,1,0,0,0,0,0,0,0,0,0,0.06561397761106491,0.04340706393122673,0.6636887788772583,0.0669424831867218,0.015206703916192055,0.046932123601436615,0.03373491391539574,0.04652423411607742,0.07909421622753143,0.062426917254924774,0.0897367000579834,0.07180583477020264
175,5.833333333333333,,,,insightface_bbox,0.5877841114997864,0.0,473.9691467285156,791.6682739257812,2337.453369140625,0,0,1,0,0,0,0,0,0,0,0,0,0.07024718821048737,0.04675797373056412,0.6751798987388611,0.07642275094985962,0.015058588236570358,0.04953213408589363,0.03185127675533295,0.04422055184841156,0.08285745233297348,0.05991454795002937,0.11829040944576263,0.08197508752346039
176,5.866666666666666,,,,insightface_bbox,0.5877841114997864,0.0,473.9691467285156,791.6682739257812,2337.453369140625,0,0,1,0,0,0,0,0,0,0,0,0,0.06890445202589035,0.04585924744606018,0.66948401927948,0.07522405683994293,0.014572269283235073,0.047997888177633286,0.030113710090517998,0.04298495501279831,0.08257940411567688,0.0589798241853714,0.11645213514566422,0.08130598813295364
177,5.9,,,,insightface_bbox,0.5877841114997864,0.0,473.9691467285156,791.6682739257812,2337.453369140625,0,0,1,0,0,0,0,0,0,0,0,0,0.07029096782207489,0.045762475579977036,0.6516755223274231,0.0742609053850174,0.014649948105216026,0.0474555641412735,0.02976572886109352,0.043610814958810806,0.08373117446899414,0.0599939189851284,0.10785281658172607,0.08034893870353699
178,5.933333333333334,,,,insightface_bbox,0.5877841114997864,0.0,473.9691467285156,791.6682739257812,2337.453369140625,0,0,1,0,0,0,0,0,0,0,0,0,0.06549970805644989,0.043209508061409,0.6512352824211121,0.06902822852134705,0.013792584650218487,0.0437578521668911,0.027935951948165894,0.043153926730155945,0.07697940617799759,0.058659087866544724,0.08772099018096924,0.07110817730426788
179,5.966666666666667,,,,insightface_bbox,0.5877841114997864,0.0,473.9691467285156,791.6682739257812,2337.453369140625,0,0,1,0,0,0,0,0,0,0,0,0,0.06291209161281586,0.04207272455096245,0.6718710660934448,0.06623516231775284,0.01393322367221117,0.043567027896642685,0.027868635952472687,0.043996572494506836,0.07598926872015,0.058987777680158615,0.0817471370100975,0.0667324960231781
180,6.0,,,,insightface_bbox,0.595693826675415,0.0,431.77838134765625,811.0689697265625,2357.64208984375,0,0,1,0,0,0,0,0,0,0,0,0,0.08827009797096252,0.0595395565032959,0.6367230415344238,0.11012247204780579,0.01801072247326374,0.05520128458738327,0.036369457840919495,0.05021991208195686,0.09053969383239746,0.0716533213853836,0.15676218271255493,0.11605143547058105
181,6.033333333333333,,,,insightface_bbox,0.595693826675415,0.0,431.77838134765625,811.0689697265625,2357.64208984375,0,0,1,0,0,0,0,0,0,0,0,0,0.09263876080513,0.06181167811155319,0.6478651762008667,0.11193305999040604,0.01760505884885788,0.055796023458242416,0.035803332924842834,0.05011741444468498,0.09165491163730621,0.07057911157608032,0.1696898341178894,0.12165232747793198
182,6.066666666666666,,,,insightface_bbox,0.595693826675415,0.0,431.77838134765625,811.0689697265625,2357.64208984375,0,0,1,0,0,0,0,0,0,0,0,0,0.09311552345752716,0.06129872426390648,0.6711553931236267,0.1085287481546402,0.017442282289266586,0.05564941465854645,0.035048820078372955,0.04955587908625603,0.09089893847703934,0.07021477073431015,0.1628284901380539,0.11996892094612122
183,6.1,,,,insightface_bbox,0.595693826675415,0.0,431.77838134765625,811.0689697265625,2357.64208984375,0,0,1,0,0,0,0,0,0,0,0,0,0.09341530501842499,0.06192294880747795,0.6439467668533325,0.11200127005577087,0.017388004809617996,0.05297386646270752,0.03291846811771393,0.0504743717610836,0.09011530131101608,0.07016850262880325,0.13487330079078674,0.11331594735383987
184,6.133333333333334,,,,insightface_bbox,0.595693826675415,0.0,431.77838134765625,811.0689697265625,2357.64208984375,0,0,1,0,0,0,0,0,0,0,0,0,0.08994829654693604,0.05964318662881851,0.6273121237754822,0.10576100647449493,0.01701975055038929,0.05109333246946335,0.03076036646962166,0.04854384809732437,0.08958152681589127,0.06824567914009094,0.11818241328001022,0.10644960403442383
185,6.166666666666667,,,,insightface_bbox,0.595693826675415,0.0,431.77838134765625,811.0689697265625,2357.64208984375,0,0,1,0,0,0,0,0,0,0,0,0,0.0901419073343277,0.05994611233472824,0.6385058164596558,0.10659709572792053,0.016894610598683357,0.05164863541722298,0.031097412109375,0.049316924065351486,0.08951476216316223,0.06837808340787888,0.12446840107440948,0.10670464485883713
186,6.2,,,,insightface_bbox,0.5812392830848694,0.0,447.24853515625,796.285400390625,2370.59033203125,0,0,1,0,0,0,0,0,0,0,0,0,0.06799948215484619,0.044348448514938354,0.7246851325035095,0.07551144808530807,0.017479659989476204,0.04766205698251724,0.03166310116648674,0.046854618936777115,0.08033472299575806,0.061611950397491455,0.10018609464168549,0.08833871781826019
187,6.233333333333333,,,,insightface_bbox,0.5812392830848694,0.0,447.24853515625,796.285400390625,2370.59033203125,0,0,1,0,0,0,0,0,0,0,0,0,0.06645029783248901,0.043473634868860245,0.6866344809532166,0.0765395388007164,0.016499513760209084,0.04300467297434807,0.028968404978513718,0.046141184866428375,0.07841140776872635,0.061029884964227676,0.08285977691411972,0.08362167328596115
188,6.266666666666667,,,,insightface_bbox,0.5812392830848694,0.0,447.24853515625,796.285400390625,2370.59033203125,0,0,1,0,0,0,0,0,0,0,0,0,0.05846882238984108,0.037552036345005035,0.7457370758056641,0.059565119445323944,0.016637975350022316,0.042805206030607224,0.030716553330421448,0.04460056871175766,0.0776439979672432,0.059188079088926315,0.08631645143032074,0.07513035833835602
189,6.3,,,,insightface_bbox,0.5812392830848694,0.0,447.24853515625,796.285400390625,2370.59033203125,0,0,1,0,0,0,0,0,0,0,0,0,0.05935153365135193,0.03827036917209625,0.8166160583496094,0.060640573501586914,0.016988638788461685,0.043908100575208664,0.03232680633664131,0.04225557669997215,0.07460786402225494,0.05733378976583481,0.08883622288703918,0.07343491166830063
190,6.333333333333333,,,,insightface_bbox,0.5812392830848694,0.0,447.24853515625,796.285400390625,2370.59033203125,0,0,1,0,0,0,0,0,0,0,0,0,0.05777846276760101,0.036504555493593216,0.7960996031761169,0.055954862385988235,0.017197873443365097,0.042731087654829025,0.03196805343031883,0.04126287251710892,0.07472602277994156,0.05589650571346283,0.0836833268404007,0.07168561965227127
191,6.366666666666666,,,,insightface_bbox,0.5812392830848694,0.0,447.24853515625,796.285400390625,2370.59033203125,0,0,1,0,0,0,0,0,0,0,0,0,0.060532115399837494,0.03765250742435455,0.7564553022384644,0.05842367559671402,0.016990650445222855,0.04280168563127518,0.030594514682888985,0.044205259531736374,0.0788099467754364,0.05978258699178696,0.08023200929164886,0.07421138882637024
192,6.4,,,,insightface_bbox,0.603968620300293,0.0,507.9938049316406,784.4107055664062,2346.431884765625,0,0,1,0,0,0,0,0,0,0,0,0,0.05814202502369881,0.03708020970225334,0.7970041632652283,0.05953327566385269,0.016069233417510986,0.045366544276475906,0.0347350612282753,0.0435827262699604,0.0763024166226387,0.0603233203291893,0.09823914617300034,0.07650309801101685
193,6.433333333333334,,,,insightface_bbox,0.603968620300293,0.0,507.9938049316406,784.4107055664062,2346.431884765625,0,0,1,0,0,0,0,0,0,0,0,0,0.07058966159820557,0.04586215317249298,0.7893669605255127,0.08063799142837524,0.017406009137630463,0.04910794645547867,0.03888946771621704,0.045622147619724274,0.08082300424575806,0.06477923691272736,0.11816100776195526,0.09223136305809021
194,6.466666666666667,,,,insightface_bbox,0.603968620300293,0.0,507.9938049316406,784.4107055664062,2346.431884765625,0,0,1,0,0,0,0,0,0,0,0,0,0.0797501653432846,0.05244448781013489,0.7300358414649963,0.1007324606180191,0.01721588708460331,0.04801984131336212,0.03945548087358475,0.05032788962125778,0.08467172086238861,0.06906517595052719,0.11746136844158173,0.10436157882213593
195,6.5,,,,insightface_bbox,0.603968620300293,0.0,507.9938049316406,784.4107055664062,2346.431884765625,0,0,1,0,0,0,0,0,0,0,0,0,0.07661125808954239,0.050462506711483,0.729945957660675,0.09496264904737473,0.01695552095770836,0.048173241317272186,0.038721583783626556,0.05138622969388962,0.08483591675758362,0.0689297765493393,0.11661544442176819,0.10285545885562897
196,6.533333333333333,,,,insightface_bbox,0.603968620300293,0.0,507.9938049316406,784.4107055664062,2346.431884765625,0,0,1,0,0,0,0,0,0,0,0,0,0.07370934635400772,0.04821068048477173,0.7778882384300232,0.08801489323377609,0.01709243655204773,0.05008357763290405,0.03918396681547165,0.05000285431742668,0.08455495536327362,0.06735754013061523,0.12570855021476746,0.09978760778903961
197,6.566666666666666,,,,insightface_bbox,0.603968620300293,0.0,507.9938049316406,784.4107055664062,2346.431884765625,0,0,1,0,0,0,0,0,0,0,0,0,0.07096680253744125,0.04585760086774826,0.7824109792709351,0.07957339286804199,0.017362065613269806,0.04988180473446846,0.0395115502178669,0.04768056422472,0.08231601119041443,0.06640957295894623,0.12427406013011932,0.09598587453365326
198,6.6,,,,insightface_bbox,0.5934426188468933,0.0,504.3121032714844,791.7689208984375,2304.645751953125,0,0,1,0,0,0,0,0,0,0,0,0,0.061105966567993164,0.03846437856554985,0.7684993743896484,0.061664871871471405,0.017277326434850693,0.04575255513191223,0.03760668635368347,0.0435565710067749,0.07611601054668427,0.06207989156246185,0.10007142275571823,0.08421976119279861
199,6.633333333333334,,,,insightface_bbox,0.5934426188468933,0.0,504.3121032714844,791.7689208984375,2304.645751953125,0,0,1,0,0,0,0,0,0,0,0,0,0.05866627395153046,0.037177443504333496,0.7231165170669556,0.06131689250469208,0.01710357517004013,0.04503574222326279,0.037305884063243866,0.04324808716773987,0.07614438980817795,0.06184612214565277,0.09660297632217407,0.08224064111709595
200,6.666666666666667,,,,insightface_bbox,0.5934426188468933,0.0,504.3121032714844,791.7689208984375,2304.645751953125,0,0,1,0,0,0,0,0,0,0,0,0,0.05725797638297081,0.03518979251384735,0.7488380670547485,0.05582644045352936,0.01753261499106884,0.0454985648393631,0.03947855532169342,0.042657312005758286,0.07722917199134827,0.06116309016942978,0.10908471047878265,0.08353874832391739
201,6.7,,,,insightface_bbox,0.5934426188468933,0.0,504.3121032714844,791.7689208984375,2304.645751953125,0,0,1,0,0,0,0,0,0,0,0,0,0.060192257165908813,0.036936789751052856,0.7380243539810181,0.05885842442512512,0.017901809886097908,0.04742298647761345,0.03898128122091293,0.043621886521577835,0.07715404033660889,0.06080515310168266,0.1196741983294487,0.08651009202003479
202,6.733333333333333,,,,insightface_bbox,0.5934426188468933,0.0,504.3121032714844,791.7689208984375,2304.645751953125,0,0,1,0,0,0,0,0,0,0,0,0,0.0754428505897522,0.04601224884390831,0.6946145296096802,0.08025652170181274,0.016187138855457306,0.04874463379383087,0.03325823321938515,0.045497361570596695,0.07967076450586319,0.06440125405788422,0.12776507437229156,0.10165856778621674
203,6.766666666666667,,,,insightface_bbox,0.5934426188468933,0.0,504.3121032714844,791.7689208984375,2304.645751953125,0,0,1,0,0,0,0,0,0,0,0,0,0.08027990162372589,0.049753352999687195,0.7049319744110107,0.08905776590108871,0.016940195113420486,0.05071878060698509,0.035841457545757294,0.0468609519302845,0.08186976611614227,0.06584850698709488,0.14123664796352386,0.11143579334020615
204,6.8,,,,insightface_bbox,0.597663938999176,0.0,505.39202880859375,798.2106323242188,2338.638671875,0,0,1,0,0,0,0,0,0,0,0,0,0.06424974650144577,0.04274150729179382,0.6044478416442871,0.07380925863981247,0.013246510177850723,0.04205596074461937,0.027981821447610855,0.04433051124215126,0.07542924582958221,0.05869832634925842,0.08081037551164627,0.07476039230823517
205,6.833333333333333,,,,insightface_bbox,0.597663938999176,0.0,505.39202880859375,798.2106323242188,2338.638671875,0,0,1,0,0,0,0,0,0,0,0,0,0.05367651581764221,0.034926243126392365,0.498982310295105,0.05696851387619972,0.01263835933059454,0.0364152267575264,0.023671360686421394,0.042871009558439255,0.0721096321940422,0.05757416784763336,0.06183229386806488,0.063454270362854
206,6.866666666666666,,,,insightface_bbox,0.597663938999176,0.0,505.39202880859375,798.2106323242188,2338.638671875,0,0,1,0,0,0,0,0,0,0,0,0,0.05011015385389328,0.031302083283662796,0.5649381875991821,0.046700429171323776,0.01263868436217308,0.036714620888233185,0.02420257404446602,0.04007948935031891,0.0724337100982666,0.058497097343206406,0.05961933732032776,0.05923045799136162
207,6.9,,,,insightface_bbox,0.597663938999176,0.0,505.39202880859375,798.2106323242188,2338.638671875,0,0,1,0,0,0,0,0,0,0,0,0,0.050151191651821136,0.03241030126810074,0.5933985710144043,0.05028077960014343,0.012512458488345146,0.0374893918633461,0.02511018142104149,0.04162539541721344,0.07569991797208786,0.0598442479968071,0.06426052004098892,0.06145691126585007
208,6.933333333333334,,,,insightface_bbox,0.597663938999176,0.0,505.39202880859375,798.2106323242188,2338.638671875,0,0,1,0,0,0,0,0,0,0,0,0,0.05065351724624634,0.03298809006810188,0.6049818396568298,0.05168459564447403,0.012800906784832478,0.038534823805093765,0.026751808822155,0.04219837486743927,0.07675192505121231,0.05976281687617302,0.06886439025402069,0.06353536248207092
209,6.966666666666667,,,,insightface_bbox,0.597663938999176,0.0,505.39202880859375,798.2106323242188,2338.638671875,0,0,1,0,0,0,0,0,0,0,0,0,0.05201112851500511,0.033412810415029526,0.6051055192947388,0.05176588520407677,0.01274622231721878,0.03899352625012398,0.02595498040318489,0.04192829132080078,0.07595515996217728,0.05846463143825531,0.06944485753774643,0.0631423145532608
210,7.0,,,,insightface_bbox,0.5933242440223694,0.0,479.110595703125,794.876708984375,2381.99169921875,0,0,1,0,0,0,0,0,0,0,0,0,0.06512807309627533,0.04277998208999634,0.6890215873718262,0.07016801089048386,0.016259845346212387,0.04775654152035713,0.03176237642765045,0.04182815179228783,0.0781685933470726,0.06134796887636185,0.11889245361089706,0.08906787633895874
211,7.033333333333333,,,,insightface_bbox,0.5933242440223694,0.0,479.110595703125,794.876708984375,2381.99169921875,0,0,1,0,0,0,0,0,0,0,0,0,0.06798499822616577,0.04279126226902008,0.665910542011261,0.06925421953201294,0.016498541459441185,0.04935230687260628,0.032103121280670166,0.04267235845327377,0.08178353309631348,0.06373995542526245,0.12727108597755432,0.09822481125593185
212,7.066666666666666,,,,insightface_bbox,0.5933242440223694,0.0,479.110595703125,794.876708984375,2381.99169921875,0,0,1,0,0,0,0,0,0,0,0,0,0.07054246217012405,0.045484159141778946,0.6872314810752869,0.07378339022397995,0.01676945760846138,0.05202234536409378,0.03204404190182686,0.04312362149357796,0.08223509788513184,0.06377261132001877,0.13460585474967957,0.09925045073032379
213,7.1,,,,insightface_bbox,0.5933242440223694,0.0,479.110595703125,794.876708984375,2381.99169921875,0,0,1,0,0,0,0,0,0,0,0,0,0.08053061366081238,0.05176815763115883,0.7109500169754028,0.0884208157658577,0.017887068912386894,0.058097273111343384,0.03448723256587982,0.046019140630960464,0.087728351354599,0.06715627014636993,0.1726771891117096,0.11466273665428162
214,7.133333333333334,,,,insightface_bbox,0.5933242440223694,0.0,479.110595703125,794.876708984375,2381.99169921875,0,0,1,0,0,0,0,0,0,0,0,0,0.08060580492019653,0.05213051661849022,0.740066409111023,0.08954436331987381,0.017641544342041016,0.056708820164203644,0.033792994916439056,0.0465141236782074,0.08705145865678787,0.06567638367414474,0.15878556668758392,0.10960254073143005
215,7.166666666666667,,,,insightface_bbox,0.5933242440223694,0.0,479.110595703125,794.876708984375,2381.99169921875,0,0,1,0,0,0,0,0,0,0,0,0,0.06954969465732574,0.04396338015794754,0.6864381432533264,0.06888540834188461,0.017693212255835533,0.05040336772799492,0.032937467098236084,0.040236182510852814,0.0792674869298935,0.0642184466123581,0.12595057487487793,0.10070626437664032
216,7.2,,,,insightface_bbox,0.5849882364273071,0.0,492.2588806152344,794.546630859375,2275.443115234375,0,0,1,0,0,0,0,0,0,0,0,0,0.05835901200771332,0.03336693346500397,0.7343519926071167,0.045814789831638336,0.019200149923563004,0.051314763724803925,0.0428042970597744,0.03737954422831535,0.07776422053575516,0.056248921900987625,0.12961311638355255,0.08260048180818558
217,7.233333333333333,,,,insightface_bbox,0.5849882364273071,0.0,492.2588806152344,794.546630859375,2275.443115234375,0,0,1,0,0,0,0,0,0,0,0,0,0.0626099705696106,0.037946149706840515,0.7169339656829834,0.05891863629221916,0.017672156915068626,0.05076787993311882,0.04023975878953934,0.04372844845056534,0.07843740284442902,0.06226884573698044,0.14641043543815613,0.09320327639579773
218,7.266666666666667,,,,insightface_bbox,0.5849882364273071,0.0,492.2588806152344,794.546630859375,2275.443115234375,0,0,1,0,0,0,0,0,0,0,0,0,0.07059069722890854,0.04473606497049332,0.777347981929779,0.07557033747434616,0.019136058166623116,0.055739328265190125,0.04420803487300873,0.051107682287693024,0.08461359143257141,0.06755176186561584,0.14548099040985107,0.1014900654554367
219,7.3,,,,insightface_bbox,0.5849882364273071,0.0,492.2588806152344,794.546630859375,2275.443115234375,0,0,1,0,0,0,0,0,0,0,0,0,0.07016810774803162,0.04423165321350098,0.764732301235199,0.07356180995702744,0.01992947608232498,0.05559716746211052,0.04493262246251106,0.051906876266002655,0.08632344007492065,0.06944055110216141,0.14245624840259552,0.10139724612236023
220,7.333333333333333,,,,insightface_bbox,0.5849882364273071,0.0,492.2588806152344,794.546630859375,2275.443115234375,0,0,1,0,0,0,0,0,0,0,0,0,0.06815002858638763,0.042728863656520844,0.7510645389556885,0.070102259516716,0.019517643377184868,0.054147861897945404,0.04244992882013321,0.049668584018945694,0.08436909317970276,0.06716000288724899,0.13866719603538513,0.09787987172603607
221,7.366666666666666,,,,insightface_bbox,0.5849882364273071,0.0,492.2588806152344,794.546630859375,2275.443115234375,0,0,1,0,0,0,0,0,0,0,0,0,0.06498658657073975,0.04086919128894806,0.742099940776825,0.06476151943206787,0.01875673234462738,0.05268585681915283,0.03975190222263336,0.04637953266501427,0.08089803159236908,0.0641615241765976,0.13140706717967987,0.09266889095306396
222,7.4,,,,insightface_bbox,0.5871834754943848,0.0,461.586669921875,804.1300659179688,2353.556884765625,0,0,1,0,0,0,0,0,0,0,0,0,0.06549721956253052,0.041594840586185455,0.7230269908905029,0.06820451468229294,0.017350301146507263,0.04991556704044342,0.03520432859659195,0.044020410627126694,0.07876074314117432,0.06203903257846832,0.12061256170272827,0.09197960793972015
223,7.433333333333334,,,,insightface_bbox,0.5871834754943848,0.0,461.586669921875,804.1300659179688,2353.556884765625,0,0,1,0,0,0,0,0,0,0,0,0,0.06357704102993011,0.040122225880622864,0.7043462991714478,0.06438383460044861,0.01759130321443081,0.04885866865515709,0.03674144297838211,0.04469258338212967,0.07940375059843063,0.062126971781253815,0.11468890309333801,0.08773953467607498
224,7.466666666666667,,,,insightface_bbox,0.5871834754943848,0.0,461.586669921875,804.1300659179688,2353.556884765625,0,0,1,0,0,0,0,0,0,0,0,0,0.06477947533130646,0.041027408093214035,0.7239512205123901,0.06757994741201401,0.01795012690126896,0.050651006400585175,0.03814427927136421,0.046709608286619186,0.08094674348831177,0.06456683576107025,0.13121266663074493,0.09588950127363205
225,7.5,,,,insightface_bbox,0.5871834754943848,0.0,461.586669921875,804.1300659179688,2353.556884765625,0,0,1,0,0,0,0,0,0,0,0,0,0.06699301302433014,0.042878203094005585,0.6948878765106201,0.07130341231822968,0.018346307799220085,0.05069632828235626,0.039041630923748016,0.04576617479324341,0.08230165392160416,0.06660057604312897,0.13346616923809052,0.10380785912275314
226,7.533333333333333,,,,insightface_bbox,0.5871834754943848,0.0,461.586669921875,804.1300659179688,2353.556884765625,0,0,1,0,0,0,0,0,0,0,0,0,0.06680107116699219,0.041936539113521576,0.6927207708358765,0.06830556690692902,0.018461167812347412,0.05175364762544632,0.04053951054811478,0.04414767399430275,0.08212725818157196,0.06789210438728333,0.14968906342983246,0.10887830704450607
227,7.566666666666666,,,,insightface_bbox,0.5871834754943848,0.0,461.586669921875,804.1300659179688,2353.556884765625,0,0,1,0,0,0,0,0,0,0,0,0,0.06880974769592285,0.0435042679309845,0.7075119614601135,0.07292204350233078,0.019140729680657387,0.05304957181215286,0.041207294911146164,0.046631984412670135,0.0848490446805954,0.06863702833652496,0.15149043500423431,0.11040426045656204
228,7.6,,,,insightface_bbox,0.5897891521453857,0.0,455.9646911621094,809.23779296875,2308.99169921875,0,0,1,0,0,0,0,0,0,0,0,0,0.0931171402335167,0.06420237571001053,0.5371243953704834,0.12657223641872406,0.019463801756501198,0.054860953241586685,0.041147299110889435,0.05469692870974541,0.09393025934696198,0.07784178853034973,0.13712188601493835,0.12774042785167694
229,7.633333333333334,,,,insightface_bbox,0.5897891521453857,0.0,455.9646911621094,809.23779296875,2308.99169921875,0,0,1,0,0,0,0,0,0,0,0,0,0.1018562987446785,0.07075218856334686,0.5560091137886047,0.14257657527923584,0.020155679434537888,0.05521269142627716,0.04249153286218643,0.05716022476553917,0.09582660347223282,0.08022259920835495,0.1303749680519104,0.12971624732017517
230,7.666666666666667,,,,insightface_bbox,0.5897891521453857,0.0,455.9646911621094,809.23779296875,2308.99169921875,0,0,1,0,0,0,0,0,0,0,0,0,0.09983821958303452,0.06859152764081955,0.5622077584266663,0.13350936770439148,0.020178038626909256,0.054556187242269516,0.04206124693155289,0.05599629506468773,0.09611345082521439,0.07990966737270355,0.12736639380455017,0.12701533734798431
231,7.7,,,,insightface_bbox,0.5897891521453857,0.0,455.9646911621094,809.23779296875,2308.99169921875,0,0,1,0,0,0,0,0,0,0,0,0,0.10085693001747131,0.06864148378372192,0.5605553984642029,0.1335994303226471,0.02019083872437477,0.05453329160809517,0.0420151948928833,0.056709565222263336,0.09649116545915604,0.08077850937843323,0.12717196345329285,0.12745274603366852
232,7.733333333333333,,,,insightface_bbox,0.5897891521453857,0.0,455.9646911621094,809.23779296875,2308.99169921875,0,0,1,0,0,0,0,0,0,0,0,0,0.09777351468801498,0.06649008393287659,0.5707294940948486,0.13132064044475555,0.020251011475920677,0.05528225004673004,0.043116673827171326,0.056141432374715805,0.09540210664272308,0.07998719811439514,0.134375661611557,0.12971742451190948
233,7.766666666666667,,,,insightface_bbox,0.5897891521453857,0.0,455.9646911621094,809.23779296875,2308.99169921875,0,0,1,0,0,0,0,0,0,0,0,0,0.09123257547616959,0.06181208789348602,0.576904833316803,0.11609404534101486,0.018849613144993782,0.05192944407463074,0.037790872156620026,0.05082247406244278,0.08921560645103455,0.07263395935297012,0.12800240516662598,0.11641018837690353
234,7.8,,,,insightface_bbox,0.5983769297599792,0.0,466.833251953125,809.536376953125,2330.68408203125,0,0,1,0,0,0,0,0,0,0,0,0,0.07693752646446228,0.04957176744937897,0.7304966449737549,0.085364431142807,0.01742779277265072,0.05342020094394684,0.04109974578022957,0.05172055959701538,0.08413032442331314,0.06955460458993912,0.14755816757678986,0.10423172265291214
235,7.833333333333333,,,,insightface_bbox,0.5983769297599792,0.0,466.833251953125,809.536376953125,2330.68408203125,0,0,1,0,0,0,0,0,0,0,0,0,0.07464579492807388,0.04890245199203491,0.7048600316047668,0.08604227006435394,0.01722891442477703,0.05189715325832367,0.03908504545688629,0.05213155597448349,0.08505590260028839,0.06879382580518723,0.1428605318069458,0.10468579083681107
236,7.866666666666666,,,,insightface_bbox,0.5983769297599792,0.0,466.833251953125,809.536376953125,2330.68408203125,0,0,1,0,0,0,0,0,0,0,0,0,0.07659022510051727,0.04887350648641586,0.7696931958198547,0.08288189768791199,0.01903124898672104,0.05523167550563812,0.04265616089105606,0.05507009103894234,0.08991862833499908,0.07114619761705399,0.15404170751571655,0.10733132064342499
237,7.9,,,,insightface_bbox,0.5983769297599792,0.0,466.833251953125,809.536376953125,2330.68408203125,0,0,1,0,0,0,0,0,0,0,0,0,0.07832478731870651,0.0494871661067009,0.7810112237930298,0.08379413187503815,0.01907222718000412,0.056094199419021606,0.043754853308200836,0.05394501984119415,0.09066033363342285,0.07125212252140045,0.15537206828594208,0.10723090916872025
238,7.933333333333334,,,,insightface_bbox,0.5983769297599792,0.0,466.833251953125,809.536376953125,2330.68408203125,0,0,1,0,0,0,0,0,0,0,0,0,0.07736757397651672,0.050337277352809906,0.7478343844413757,0.08751137554645538,0.018150780349969864,0.0546887069940567,0.039828166365623474,0.051842741668224335,0.08929666131734848,0.06953056156635284,0.15705907344818115,0.10941498726606369
239,7.966666666666667,,,,insightface_bbox,0.5983769297599792,0.0,466.833251953125,809.536376953125,2330.68408203125,0,0,1,0,0,0,0,0,0,0,0,0,0.0753752812743187,0.050137415528297424,0.7201601266860962,0.09111671149730682,0.017081305384635925,0.05160551145672798,0.03739122301340103,0.05121496319770813,0.08571679890155792,0.06794500350952148,0.1520329713821411,0.10544214397668839
240,8.0,,,,insightface_bbox,0.5984045267105103,0.0,449.06048583984375,802.754150390625,2367.830078125,0,0,1,0,0,0,0,0,0,0,0,0,0.07545660436153412,0.048343297094106674,0.6456301212310791,0.08643317967653275,0.0182751826941967,0.04806119576096535,0.033779218792915344,0.05047105997800827,0.08672848343849182,0.06830039620399475,0.1009233221411705,0.09469003975391388
241,8.033333333333333,,,,insightface_bbox,0.5984045267105103,0.0,449.06048583984375,802.754150390625,2367.830078125,0,0,1,0,0,0,0,0,0,0,0,0,0.06782793998718262,0.04406460002064705,0.7188452482223511,0.07285330444574356,0.018669843673706055,0.0488700196146965,0.03505454212427139,0.0477563813328743,0.08555087447166443,0.06556250154972076,0.10675235092639923,0.09091746807098389
242,8.066666666666666,,,,insightface_bbox,0.5984045267105103,0.0,449.06048583984375,802.754150390625,2367.830078125,0,0,1,0,0,0,0,0,0,0,0,0,0.06822174042463303,0.04409795626997948,0.7259822487831116,0.07221770286560059,0.01816103607416153,0.04973212629556656,0.034579087048769,0.04788771644234657,0.08521820604801178,0.06496453285217285,0.11566188931465149,0.09240418672561646
243,8.1,,,,insightface_bbox,0.5984045267105103,0.0,449.06048583984375,802.754150390625,2367.830078125,0,0,1,0,0,0,0,0,0,0,0,0,0.07156702876091003,0.04681844264268875,0.6964408755302429,0.08000758290290833,0.017758149653673172,0.04919234663248062,0.033375803381204605,0.049542032182216644,0.0865679383277893,0.067198246717453,0.1120498776435852,0.09466256201267242
244,8.133333333333333,,,,insightface_bbox,0.5984045267105103,0.0,449.06048583984375,802.754150390625,2367.830078125,0,0,1,0,0,0,0,0,0,0,0,0,0.07419517636299133,0.048617005348205566,0.6696290373802185,0.08508744835853577,0.017825812101364136,0.048861805349588394,0.032745927572250366,0.04982607811689377,0.08655022829771042,0.06676866859197617,0.10687560588121414,0.09517188370227814
245,8.166666666666666,,,,insightface_bbox,0.5984045267105103,0.0,449.06048583984375,802.754150390625,2367.830078125,0,0,1,0,0,0,0,0,0,0,0,0,0.06853516399860382,0.04459599405527115,0.6833044290542603,0.07478244602680206,0.01762753538787365,0.048178840428590775,0.03204575553536415,0.047301001846790314,0.08427643030881882,0.0644092857837677,0.10404360294342041,0.0901903361082077
246,8.2,,,,insightface_bbox,0.5944326519966125,0.0,476.4275817871094,789.4865112304688,2365.33740234375,0,0,1,0,0,0,0,0,0,0,0,0,0.06771136075258255,0.04459531977772713,0.6606911420822144,0.07407061010599136,0.015186121687293053,0.0481063649058342,0.03219648823142052,0.04680100083351135,0.08035217225551605,0.06181732565164566,0.13013143837451935,0.088226318359375
247,8.233333333333333,,,,insightface_bbox,0.5944326519966125,0.0,476.4275817871094,789.4865112304688,2365.33740234375,0,0,1,0,0,0,0,0,0,0,0,0,0.07293763011693954,0.04579570144414902,0.7112360596656799,0.07476421445608139,0.016639502719044685,0.05304541811347008,0.03664547950029373,0.048088669776916504,0.08458412438631058,0.06459783017635345,0.15537501871585846,0.0941285640001297
248,8.266666666666667,,,,insightface_bbox,0.5944326519966125,0.0,476.4275817871094,789.4865112304688,2365.33740234375,0,0,1,0,0,0,0,0,0,0,0,0,0.07371586561203003,0.046329647302627563,0.7166562080383301,0.07577396184206009,0.017047539353370667,0.05419958382844925,0.037992797791957855,0.04885244369506836,0.08525383472442627,0.06532222032546997,0.1629476547241211,0.09607751667499542
249,8.3,,,,insightface_bbox,0.5944326519966125,0.0,476.4275817871094,789.4865112304688,2365.33740234375,0,0,1,0,0,0,0,0,0,0,0,0,0.07300761342048645,0.047283582389354706,0.6789130568504333,0.08092513680458069,0.015602460131049156,0.05089859664440155,0.0346735455095768,0.0492096021771431,0.08313163369894028,0.06607931107282639,0.14798493683338165,0.09547536075115204
250,8.333333333333334,,,,insightface_bbox,0.5944326519966125,0.0,476.4275817871094,789.4865112304688,2365.33740234375,0,0,1,0,0,0,0,0,0,0,0,0,0.07970090210437775,0.0533849373459816,0.6957902908325195,0.09916673600673676,0.01717846654355526,0.053594619035720825,0.038506850600242615,0.0524393655359745,0.08874677121639252,0.06944923847913742,0.15617437660694122,0.10891175270080566
251,8.366666666666667,,,,insightface_bbox,0.5944326519966125,0.0,476.4275817871094,789.4865112304688,2365.33740234375,0,0,1,0,0,0,0,0,0,0,0,0,0.07913881540298462,0.052746400237083435,0.7245235443115234,0.09651924669742584,0.018846960738301277,0.05536675453186035,0.04310540482401848,0.05560668185353279,0.09087619185447693,0.07183371484279633,0.15693499147891998,0.11008879542350769
252,8.4,,,,insightface_bbox,0.5688980221748352,0.0,505.3130798339844,794.680908203125,2300.88720703125,0,0,1,0,0,0,0,0,0,0,0,0,0.08235153555870056,0.05699671804904938,0.7064306735992432,0.10670867562294006,0.01855585165321827,0.05343107134103775,0.04243985563516617,0.056745804846286774,0.08857932686805725,0.07090884447097778,0.13878580927848816,0.10285978019237518
253,8.433333333333334,,,,insightface_bbox,0.5688980221748352,0.0,505.3130798339844,794.680908203125,2300.88720703125,0,0,1,0,0,0,0,0,0,0,0,0,0.07890176773071289,0.053428374230861664,0.6832447052001953,0.09899180382490158,0.017185529693961143,0.050240494310855865,0.03815354034304619,0.05430139973759651,0.08476667106151581,0.0702051967382431,0.12952713668346405,0.09642653167247772
254,8.466666666666667,,,,insightface_bbox,0.5688980221748352,0.0,505.3130798339844,794.680908203125,2300.88720703125,0,0,1,0,0,0,0,0,0,0,0,0,0.07832667231559753,0.0529123991727829,0.6981033086776733,0.09757909178733826,0.017284469678997993,0.0513429157435894,0.03847670182585716,0.05523165315389633,0.08562877774238586,0.0709589272737503,0.1363561451435089,0.09783032536506653
255,8.5,,,,insightface_bbox,0.5688980221748352,0.0,505.3130798339844,794.680908203125,2300.88720703125,0,0,1,0,0,0,0,0,0,0,0,0,0.0801696926355362,0.05534352362155914,0.7203742861747742,0.10528311133384705,0.01835564523935318,0.05351761728525162,0.04023366421461105,0.057406969368457794,0.0880916565656662,0.0723128691315651,0.14387118816375732,0.10241879522800446
256,8.533333333333333,,,,insightface_bbox,0.5688980221748352,0.0,505.3130798339844,794.680908203125,2300.88720703125,0,0,1,0,0,0,0,0,0,0,0,0,0.07990167289972305,0.054883621633052826,0.7261780500411987,0.0994507297873497,0.018292026594281197,0.05373096093535423,0.03955291584134102,0.05516745522618294,0.08848051726818085,0.06962376832962036,0.1472347378730774,0.10163621604442596
257,8.566666666666666,,,,insightface_bbox,0.5688980221748352,0.0,505.3130798339844,794.680908203125,2300.88720703125,0,0,1,0,0,0,0,0,0,0,0,0,0.08069342374801636,0.054196953773498535,0.7196349501609802,0.09638181328773499,0.017599070444703102,0.05282464995980263,0.03913591057062149,0.05413077771663666,0.0870923399925232,0.06956787407398224,0.14446909725666046,0.10000341385602951
258,8.6,,,,insightface_bbox,0.5706110000610352,0.0,489.8240051269531,818.9403686523438,2314.172119140625,0,0,1,0,0,0,0,0,0,0,0,0,0.08602312207221985,0.05494061857461929,0.5753157138824463,0.09548168629407883,0.01778704673051834,0.04817783832550049,0.030884409323334694,0.04674055054783821,0.08578507602214813,0.07306382805109024,0.10708709061145782,0.10711047798395157
259,8.633333333333333,,,,insightface_bbox,0.5706110000610352,0.0,489.8240051269531,818.9403686523438,2314.172119140625,0,0,1,0,0,0,0,0,0,0,0,0,0.08211416006088257,0.05363118648529053,0.6060356497764587,0.09134697914123535,0.017105430364608765,0.04813558980822563,0.031082062050700188,0.045654796063899994,0.0841466635465622,0.07081204652786255,0.11099502444267273,0.10693959146738052
260,8.666666666666666,,,,insightface_bbox,0.5706110000610352,0.0,489.8240051269531,818.9403686523438,2314.172119140625,0,0,1,0,0,0,0,0,0,0,0,0,0.08485115319490433,0.056495025753974915,0.706824779510498,0.09849358350038528,0.01755252107977867,0.05380654335021973,0.03448011353611946,0.04868843033909798,0.08587520569562912,0.06970106065273285,0.13934628665447235,0.10953083634376526
261,8.7,,,,insightface_bbox,0.5706110000610352,0.0,489.8240051269531,818.9403686523438,2314.172119140625,0,0,1,0,0,0,0,0,0,0,0,0,0.08895926177501678,0.05900351330637932,0.667748749256134,0.10445347428321838,0.017425009980797768,0.05236748978495598,0.032951027154922485,0.049229495227336884,0.08791616559028625,0.07084391266107559,0.12411598116159439,0.1072324737906456
262,8.733333333333333,,,,insightface_bbox,0.5706110000610352,0.0,489.8240051269531,818.9403686523438,2314.172119140625,0,0,1,0,0,0,0,0,0,0,0,0,0.10225492715835571,0.06490622460842133,0.623493492603302,0.1140868291258812,0.019009092822670937,0.05354749411344528,0.03309481590986252,0.05120348557829857,0.09278300404548645,0.07484640181064606,0.1233850046992302,0.11935913562774658
263,8.766666666666667,,,,insightface_bbox,0.5706110000610352,0.0,489.8240051269531,818.9403686523438,2314.172119140625,0,0,1,0,0,0,0,0,0,0,0,0,0.07994221150875092,0.04837791621685028,0.5298904776573181,0.07791842520236969,0.017638692632317543,0.046739913523197174,0.0316065214574337,0.04407299682497978,0.08772540092468262,0.07674944400787354,0.11872340738773346,0.11524967849254608
264,8.8,,,,insightface_bbox,0.584653913974762,0.0,491.3480224609375,799.995849609375,2236.620361328125,0,0,1,0,0,0,0,0,0,0,0,0,0.06260406970977783,0.0357932448387146,0.5263144969940186,0.0521763414144516,0.016994129866361618,0.04104042798280716,0.03177431598305702,0.03902897983789444,0.07746777683496475,0.06739684194326401,0.11048794537782669,0.09714385867118835
265,8.833333333333334,,,,insightface_bbox,0.584653913974762,0.0,491.3480224609375,799.995849609375,2236.620361328125,0,0,1,0,0,0,0,0,0,0,0,0,0.06392794102430344,0.03617945313453674,0.5356176495552063,0.05323456972837448,0.01699366793036461,0.040875762701034546,0.03099675290286541,0.03915848582983017,0.07820209860801697,0.068362295627594,0.10266046971082687,0.09612828493118286
266,8.866666666666667,,,,insightface_bbox,0.584653913974762,0.0,491.3480224609375,799.995849609375,2236.620361328125,0,0,1,0,0,0,0,0,0,0,0,0,0.06493289768695831,0.03629099950194359,0.5269703269004822,0.05334589257836342,0.017164576798677444,0.04074391722679138,0.030275940895080566,0.03940000757575035,0.07910524308681488,0.06896329671144485,0.1027769222855568,0.0964939147233963
267,8.9,,,,insightface_bbox,0.584653913974762,0.0,491.3480224609375,799.995849609375,2236.620361328125,0,0,1,0,0,0,0,0,0,0,0,0,0.07145661115646362,0.03875851631164551,0.550296425819397,0.05595612898468971,0.01795932464301586,0.04343587905168533,0.03268669173121452,0.03836863860487938,0.08090342581272125,0.06962409615516663,0.11678354442119598,0.10282701998949051
268,8.933333333333334,,,,insightface_bbox,0.584653913974762,0.0,491.3480224609375,799.995849609375,2236.620361328125,0,0,1,0,0,0,0,0,0,0,0,0,0.07886934280395508,0.04181183874607086,0.5604804158210754,0.06124123930931091,0.018901780247688293,0.0449628010392189,0.03514616936445236,0.04058651626110077,0.0857364758849144,0.07291682809591293,0.1205652579665184,0.1063443273305893
269,8.966666666666667,,,,insightface_bbox,0.584653913974762,0.0,491.3480224609375,799.995849609375,2236.620361328125,0,0,1,0,0,0,0,0,0,0,0,0,0.08066005259752274,0.04179203510284424,0.5442084670066833,0.06079355627298355,0.019589567556977272,0.04494037106633186,0.035911839455366135,0.0414089672267437,0.08770008385181427,0.07320857048034668,0.12004180252552032,0.10751660168170929
270,9.0,,,,insightface_bbox,0.5435220003128052,0.0,495.4726257324219,805.3797607421875,2219.548828125,0,0,1,0,0,0,0,0,0,0,0,0,0.06263367086648941,0.03756740689277649,0.515198826789856,0.05961211770772934,0.01837732084095478,0.0428348034620285,0.038906436413526535,0.04311921447515488,0.07898068428039551,0.06765688955783844,0.11483645439147949,0.10570172965526581
271,9.033333333333333,,,,insightface_bbox,0.5435220003128052,0.0,495.4726257324219,805.3797607421875,2219.548828125,0,0,1,0,0,0,0,0,0,0,0,0,0.06806719303131104,0.039558045566082,0.5277318954467773,0.0622602254152298,0.018726471811532974,0.04408751428127289,0.03861776739358902,0.04289430007338524,0.08171090483665466,0.06958024203777313,0.12064111232757568,0.10973264276981354
272,9.066666666666666,,,,insightface_bbox,0.5435220003128052,0.0,495.4726257324219,805.3797607421875,2219.548828125,0,0,1,0,0,0,0,0,0,0,0,0,0.07165372371673584,0.040517717599868774,0.5423321723937988,0.062288202345371246,0.018281148746609688,0.04399846866726875,0.03516872227191925,0.042403772473335266,0.08222472667694092,0.07090754061937332,0.11152380704879761,0.10531041771173477
273,9.1,,,,insightface_bbox,0.5435220003128052,0.0,495.4726257324219,805.3797607421875,2219.548828125,0,0,1,0,0,0,0,0,0,0,0,0,0.0705542042851448,0.039534322917461395,0.5477802157402039,0.0601264163851738,0.017561379820108414,0.043144889175891876,0.0328446701169014,0.041310667991638184,0.081422358751297,0.06992782652378082,0.10743851959705353,0.1023324653506279
274,9.133333333333333,,,,insightface_bbox,0.5435220003128052,0.0,495.4726257324219,805.3797607421875,2219.548828125,0,0,1,0,0,0,0,0,0,0,0,0,0.06615938246250153,0.03698979690670967,0.5691443085670471,0.054958608001470566,0.016681743785738945,0.040648240596055984,0.029986055567860603,0.038603153079748154,0.07834604382514954,0.06682524085044861,0.09446892142295837,0.09230801463127136
275,9.166666666666666,,,,insightface_bbox,0.5435220003128052,0.0,495.4726257324219,805.3797607421875,2219.548828125,0,0,1,0,0,0,0,0,0,0,0,0,0.06280374526977539,0.03541207313537598,0.556437611579895,0.05174250900745392,0.016459843143820763,0.03945093974471092,0.029689723625779152,0.03791746869683266,0.07853402942419052,0.06736517697572708,0.08309293538331985,0.08659330010414124
276,9.2,,,,insightface_bbox,0.5770456194877625,0.0,518.6279296875,793.0001220703125,2243.939208984375,0,0,1,0,0,0,0,0,0,0,0,0,0.07514107972383499,0.048249583691358566,0.8269616961479187,0.08401445299386978,0.018070723861455917,0.05411390960216522,0.041744254529476166,0.0523555614054203,0.08918365836143494,0.07007063180208206,0.145137220621109,0.10452145338058472
277,9.233333333333333,,,,insightface_bbox,0.5770456194877625,0.0,518.6279296875,793.0001220703125,2243.939208984375,0,0,1,0,0,0,0,0,0,0,0,0,0.07499067485332489,0.048237595707178116,0.7930164933204651,0.08101268857717514,0.018237929791212082,0.05458485335111618,0.04195290058851242,0.05255801975727081,0.09003143757581711,0.0704902857542038,0.1520424485206604,0.10643208026885986
278,9.266666666666667,,,,insightface_bbox,0.5770456194877625,0.0,518.6279296875,793.0001220703125,2243.939208984375,0,0,1,0,0,0,0,0,0,0,0,0,0.08049934357404709,0.05232594907283783,0.7708948850631714,0.08956247568130493,0.019264433532953262,0.05571699142456055,0.04655800387263298,0.05367042124271393,0.09303097426891327,0.07367123663425446,0.1617254614830017,0.11597384512424469
279,9.3,,,,insightface_bbox,0.5770456194877625,0.0,518.6279296875,793.0001220703125,2243.939208984375,0,0,1,0,0,0,0,0,0,0,0,0,0.08072815090417862,0.052506983280181885,0.7371038794517517,0.0901552140712738,0.01915936917066574,0.05459466576576233,0.045669980347156525,0.05544173717498779,0.09389849007129669,0.07519721984863281,0.15518377721309662,0.11691661179065704
280,9.333333333333334,,,,insightface_bbox,0.5770456194877625,0.0,518.6279296875,793.0001220703125,2243.939208984375,0,0,1,0,0,0,0,0,0,0,0,0,0.08192985504865646,0.05294441431760788,0.7541242241859436,0.09029538184404373,0.019879676401615143,0.056054964661598206,0.04769277200102806,0.0564444437623024,0.09572768211364746,0.0766664668917656,0.16015580296516418,0.11994996666908264
281,9.366666666666667,,,,insightface_bbox,0.5770456194877625,0.0,518.6279296875,793.0001220703125,2243.939208984375,0,0,1,0,0,0,0,0,0,0,0,0,0.08336181938648224,0.05398401990532875,0.7709356546401978,0.09294658899307251,0.02012225054204464,0.056873518973588943,0.04838959127664566,0.057052090764045715,0.09649349749088287,0.07695576548576355,0.16249772906303406,0.1199527233839035
282,9.4,,,,insightface_bbox,0.6072275638580322,0.0,523.1488647460938,793.0372314453125,2239.268798828125,0,0,1,0,0,0,0,0,0,0,0,0,0.07237821072340012,0.04629912227392197,0.6717269420623779,0.074824258685112,0.01572549156844616,0.047006092965602875,0.03627750277519226,0.04814288020133972,0.08428290486335754,0.06514900922775269,0.10599344223737717,0.08995556086301804
283,9.433333333333334,,,,insightface_bbox,0.6072275638580322,0.0,523.1488647460938,793.0372314453125,2239.268798828125,0,0,1,0,0,0,0,0,0,0,0,0,0.07236704975366592,0.04622466489672661,0.6788085699081421,0.07443564385175705,0.01627352088689804,0.047939665615558624,0.03680089861154556,0.04941175878047943,0.08488208800554276,0.0663280189037323,0.11067814379930496,0.09044857323169708
284,9.466666666666667,,,,insightface_bbox,0.6072275638580322,0.0,523.1488647460938,793.0372314453125,2239.268798828125,0,0,1,0,0,0,0,0,0,0,0,0,0.07387073338031769,0.047580793499946594,0.7094996571540833,0.07873855531215668,0.016761410981416702,0.05022835358977318,0.03795241564512253,0.050341054797172546,0.08564547449350357,0.06674998253583908,0.11604222655296326,0.09224334359169006
285,9.5,,,,insightface_bbox,0.6072275638580322,0.0,523.1488647460938,793.0372314453125,2239.268798828125,0,0,1,0,0,0,0,0,0,0,0,0,0.07562050223350525,0.0483737587928772,0.712417483329773,0.07914148271083832,0.016891423612833023,0.051068015396595,0.03849613666534424,0.051272474229335785,0.08677893131971359,0.06730647385120392,0.11674492806196213,0.09357179701328278
286,9.533333333333333,,,,insightface_bbox,0.6072275638580322,0.0,523.1488647460938,793.0372314453125,2239.268798828125,0,0,1,0,0,0,0,0,0,0,0,0,0.07620970904827118,0.04908043146133423,0.7208864688873291,0.0793418437242508,0.01687222719192505,0.051021113991737366,0.037051230669021606,0.05023907497525215,0.08581490814685822,0.06637389957904816,0.11385735869407654,0.0919361263513565
287,9.566666666666666,,,,insightface_bbox,0.6072275638580322,0.0,523.1488647460938,793.0372314453125,2239.268798828125,0,0,1,0,0,0,0,0,0,0,0,0,0.0790427178144455,0.051341213285923004,0.744856595993042,0.08361975848674774,0.01798463985323906,0.05392461642622948,0.03847178816795349,0.05294446274638176,0.08934192359447479,0.06904195249080658,0.1181638091802597,0.09119933843612671
288,9.6,,,,insightface_bbox,0.6043530106544495,0.0,507.18115234375,793.1943359375,2303.595458984375,0,0,1,0,0,0,0,0,0,0,0,0,0.054664820432662964,0.033779796212911606,0.6040376424789429,0.0485912524163723,0.011741304770112038,0.036350056529045105,0.02245337702333927,0.040748946368694305,0.07868170738220215,0.06455862522125244,0.05020635202527046,0.06359982490539551
289,9.633333333333333,,,,insightface_bbox,0.6043530106544495,0.0,507.18115234375,793.1943359375,2303.595458984375,0,0,1,0,0,0,0,0,0,0,0,0,0.05449600890278816,0.034862034022808075,0.6609947681427002,0.05163820460438728,0.011907090432941914,0.03714107349514961,0.023284941911697388,0.03956252336502075,0.07804679125547409,0.061127956956624985,0.05332190915942192,0.06390225142240524
290,9.666666666666666,,,,insightface_bbox,0.6043530106544495,0.0,507.18115234375,793.1943359375,2303.595458984375,0,0,1,0,0,0,0,0,0,0,0,0,0.054761484265327454,0.03481436148285866,0.6550416350364685,0.050856806337833405,0.01165720447897911,0.03647308424115181,0.022931691259145737,0.03753916919231415,0.07517045736312866,0.057106904685497284,0.05508434399962425,0.0645252987742424
291,9.7,,,,insightface_bbox,0.6043530106544495,0.0,507.18115234375,793.1943359375,2303.595458984375,0,0,1,0,0,0,0,0,0,0,0,0,0.055203888565301895,0.034533578902482986,0.6940629482269287,0.04840691387653351,0.012539291754364967,0.039684657007455826,0.027578651905059814,0.038210801780223846,0.07707414776086807,0.05941149219870567,0.06763315945863724,0.06745871901512146
292,9.733333333333333,,,,insightface_bbox,0.6043530106544495,0.0,507.18115234375,793.1943359375,2303.595458984375,0,0,1,0,0,0,0,0,0,0,0,0,0.05497721582651138,0.0338427759706974,0.7002660632133484,0.04590004310011864,0.012515517883002758,0.04028492420911789,0.03065088391304016,0.03879208490252495,0.077562615275383,0.060826320201158524,0.0751786008477211,0.06971558928489685
293,9.766666666666667,,,,insightface_bbox,0.6043530106544495,0.0,507.18115234375,793.1943359375,2303.595458984375,0,0,1,0,0,0,0,0,0,0,0,0,0.050868235528469086,0.031657539308071136,0.6257765889167786,0.04324211925268173,0.0110193882137537,0.034870684146881104,0.02447165921330452,0.036393340677022934,0.07307691127061844,0.05797213315963745,0.06333374977111816,0.06581705808639526
