frame_idx,frame_time_in_ms,pitch,yaw,roll,face_alignment_method,face_detection_score,face_bbox_xmin,face_bbox_ymin,face_bbox_xmax,face_bbox_ymax,au_1,au_2,au_4,au_6,au_7,au_10,au_12,au_14,au_15,au_17,au_23,au_24,au_1_intensity,au_2_intensity,au_4_intensity,au_5_intensity,au_6_intensity,au_9_intensity,au_12_intensity,au_15_intensity,au_17_intensity,au_20_intensity,au_25_intensity,au_26_intensity
0,0.0,,,,insightface_bbox,0.6575334072113037,0.0,926.9485473632812,874.58154296875,2409.99755859375,0,0,1,0,0,0,0,0,0,1,0,1,0.04742281138896942,0.021901095286011696,0.4263940453529358,0.018785571679472923,0.006410104688256979,0.012672428041696548,0.006231655832380056,0.032811544835567474,0.051607780158519745,0.05502741038799286,0.005782714579254389,0.030194375663995743
1,0.03333333333333333,,,,insightface_bbox,0.6575334072113037,0.0,926.9485473632812,874.58154296875,2409.99755859375,0,0,1,0,0,0,0,0,0,1,0,1,0.047483548521995544,0.022521235048770905,0.3587037920951843,0.020708313211798668,0.007042171899229288,0.01383299846202135,0.008696092292666435,0.039084382355213165,0.06690214574337006,0.07263897359371185,0.005197741556912661,0.03475259989500046
2,0.06666666666666667,,,,insightface_bbox,0.6575334072113037,0.0,926.9485473632812,874.58154296875,2409.99755859375,0,0,1,0,0,0,0,0,0,1,0,1,0.045808836817741394,0.022264590486884117,0.3202832043170929,0.020499227568507195,0.00776190310716629,0.015040588565170765,0.010552340187132359,0.038111697882413864,0.07063797116279602,0.07614526152610779,0.005206744186580181,0.03503267467021942
3,0.1,,,,insightface_bbox,0.6575334072113037,0.0,926.9485473632812,874.58154296875,2409.99755859375,0,0,1,0,0,0,0,0,0,1,0,1,0.04705500602722168,0.022087570279836655,0.33572879433631897,0.020105449482798576,0.007902156561613083,0.015688132494688034,0.010783415287733078,0.0385153591632843,0.07283543795347214,0.07542875409126282,0.005245371256023645,0.034357476979494095
4,0.13333333333333333,,,,insightface_bbox,0.6575334072113037,0.0,926.9485473632812,874.58154296875,2409.99755859375,0,0,1,0,0,0,0,0,0,1,0,1,0.04488726705312729,0.020957086235284805,0.30260738730430603,0.01909814402461052,0.00755138136446476,0.014491969719529152,0.009854519739747047,0.03737965598702431,0.07294009625911713,0.07284241914749146,0.004447286948561668,0.03340311348438263
5,0.16666666666666666,,,,insightface_bbox,0.6575334072113037,0.0,926.9485473632812,874.58154296875,2409.99755859375,0,0,1,0,0,0,0,0,0,1,0,1,0.04525478184223175,0.02131970226764679,0.30366700887680054,0.019344601780176163,0.007668687961995602,0.014750167727470398,0.010038068518042564,0.03691067546606064,0.07354660332202911,0.07371288537979126,0.00460330443456769,0.03423892334103584
6,0.2,,,,insightface_bbox,0.6457720994949341,0.0,867.8405151367188,847.7743530273438,2393.22265625,0,0,1,0,0,0,0,0,0,1,0,1,0.04577914625406265,0.020891597494482994,0.2910149395465851,0.0190444253385067,0.007382045034319162,0.01464169006794691,0.009185217320919037,0.03900766000151634,0.07603556662797928,0.07435306161642075,0.004494074732065201,0.03450077399611473
7,0.23333333333333334,,,,insightface_bbox,0.6457720994949341,0.0,867.8405151367188,847.7743530273438,2393.22265625,0,0,1,0,0,0,0,0,0,1,0,1,0.04401031881570816,0.02060018852353096,0.28834545612335205,0.01922938972711563,0.007369584403932095,0.014648311771452427,0.009627018123865128,0.038855038583278656,0.07878313958644867,0.0781896561384201,0.004673507530242205,0.0362568125128746
8,0.26666666666666666,,,,insightface_bbox,0.6457720994949341,0.0,867.8405151367188,847.7743530273438,2393.22265625,0,0,1,0,0,0,0,0,0,1,0,1,0.04105007275938988,0.019657820463180542,0.2648206353187561,0.01812944933772087,0.007149581331759691,0.014412426389753819,0.00872674211859703,0.03804250806570053,0.0733594223856926,0.07109427452087402,0.004367541521787643,0.033038586378097534
9,0.3,,,,insightface_bbox,0.6457720994949341,0.0,867.8405151367188,847.7743530273438,2393.22265625,0,0,1,0,0,0,0,0,0,1,0,1,0.039325907826423645,0.019449155777692795,0.24190658330917358,0.017818624153733253,0.007076452020555735,0.01419537328183651,0.008465856313705444,0.03706089407205582,0.07035338133573532,0.06664080917835236,0.004261007532477379,0.031274985522031784
10,0.3333333333333333,,,,insightface_bbox,0.6457720994949341,0.0,867.8405151367188,847.7743530273438,2393.22265625,0,0,1,0,0,0,0,0,0,1,0,1,0.04020349681377411,0.02000063844025135,0.25344741344451904,0.017945105209946632,0.007294534705579281,0.015051573514938354,0.009212283417582512,0.03622378408908844,0.07177695631980896,0.06747769564390182,0.004665226675570011,0.03196775168180466
11,0.36666666666666664,,,,insightface_bbox,0.6457720994949341,0.0,867.8405151367188,847.7743530273438,2393.22265625,0,0,1,0,0,0,0,0,0,1,0,1,0.04102516174316406,0.020555932074785233,0.2511292099952698,0.01814945973455906,0.007325999904423952,0.015680022537708282,0.009763351641595364,0.03622467815876007,0.07187812030315399,0.06712626665830612,0.005276734009385109,0.03322987258434296
12,0.4,,,,insightface_bbox,0.663156270980835,0.0,847.204833984375,900.1798095703125,2399.44189453125,0,0,1,0,0,0,0,0,0,1,0,1,0.043486833572387695,0.020744895562529564,0.241555854678154,0.017790570855140686,0.006775223650038242,0.014809433370828629,0.007635526824742556,0.034138165414333344,0.07162526994943619,0.06712184846401215,0.005637751892209053,0.03438210114836693
13,0.43333333333333335,,,,insightface_bbox,0.663156270980835,0.0,847.204833984375,900.1798095703125,2399.44189453125,0,0,1,0,0,0,0,0,0,1,0,1,0.0445411279797554,0.021477678790688515,0.24840345978736877,0.018481027334928513,0.007018174510449171,0.015487349592149258,0.008319876156747341,0.034671857953071594,0.07166009396314621,0.06919257342815399,0.006291231140494347,0.03614364191889763
14,0.4666666666666667,,,,insightface_bbox,0.663156270980835,0.0,847.204833984375,900.1798095703125,2399.44189453125,0,0,1,0,0,0,0,0,0,1,0,1,0.04428992420434952,0.02125593088567257,0.2454913854598999,0.018247351050376892,0.006973143666982651,0.01541922241449356,0.008099881932139397,0.034796182066202164,0.07298562675714493,0.07042212039232254,0.006128336302936077,0.03681464493274689
15,0.5,,,,insightface_bbox,0.663156270980835,0.0,847.204833984375,900.1798095703125,2399.44189453125,0,0,1,0,0,0,0,0,0,1,0,1,0.045477245002985,0.02137213945388794,0.24602718651294708,0.01819288544356823,0.00694695208221674,0.015584269538521767,0.00776870921254158,0.03480066359043121,0.07658432424068451,0.07292471081018448,0.006365150213241577,0.0388035774230957
16,0.5333333333333333,,,,insightface_bbox,0.663156270980835,0.0,847.204833984375,900.1798095703125,2399.44189453125,0,0,1,0,0,0,0,0,0,1,0,1,0.04640787094831467,0.02158651314675808,0.2464815080165863,0.01849684678018093,0.006964094936847687,0.015864795073866844,0.00789631251245737,0.03486025333404541,0.07971420884132385,0.07432558387517929,0.006858903914690018,0.040433406829833984
17,0.5666666666666667,,,,insightface_bbox,0.663156270980835,0.0,847.204833984375,900.1798095703125,2399.44189453125,0,0,1,0,0,0,0,0,0,1,0,1,0.048126835376024246,0.02208656445145607,0.25032272934913635,0.019183263182640076,0.007075070403516293,0.016770072281360626,0.008086537010967731,0.03645994886755943,0.08220401406288147,0.07919710129499435,0.008160091005265713,0.04364665597677231
18,0.6,,,,insightface_bbox,0.7026969790458679,0.0,837.982421875,902.419189453125,2380.308837890625,0,0,1,0,0,0,0,0,0,1,0,1,0.04286235570907593,0.020624816417694092,0.2423142045736313,0.017303477972745895,0.006927224341779947,0.01569426991045475,0.007678223308175802,0.03251141309738159,0.07584809511899948,0.06884709745645523,0.005597040988504887,0.034878216683864594
19,0.6333333333333333,,,,insightface_bbox,0.7026969790458679,0.0,837.982421875,902.419189453125,2380.308837890625,0,0,1,0,0,0,0,0,0,1,0,1,0.04307268559932709,0.020827431231737137,0.23291397094726562,0.01738290674984455,0.006752461660653353,0.01559494063258171,0.007820659317076206,0.032941367477178574,0.07653866708278656,0.06974955648183823,0.005619441624730825,0.035782113671302795
20,0.6666666666666666,,,,insightface_bbox,0.7026969790458679,0.0,837.982421875,902.419189453125,2380.308837890625,0,0,1,0,0,0,0,0,0,1,0,1,0.045376040041446686,0.02168704941868782,0.24459509551525116,0.01804610900580883,0.00694299628958106,0.016261026263237,0.00820489414036274,0.03365308418869972,0.077938973903656,0.07323340326547623,0.006229604594409466,0.03814545273780823
21,0.7,,,,insightface_bbox,0.7026969790458679,0.0,837.982421875,902.419189453125,2380.308837890625,0,0,1,0,0,0,0,0,0,1,0,1,0.046513527631759644,0.022102778777480125,0.25158217549324036,0.018658937886357307,0.0071642352268099785,0.01700586825609207,0.008309468626976013,0.03414939343929291,0.07930368930101395,0.07610172033309937,0.0070531656965613365,0.04027900844812393
22,0.7333333333333333,,,,insightface_bbox,0.7026969790458679,0.0,837.982421875,902.419189453125,2380.308837890625,0,0,1,0,0,0,0,0,0,1,0,1,0.04812236130237579,0.022928129881620407,0.2628425359725952,0.01911398209631443,0.007549310103058815,0.018286708742380142,0.008359014987945557,0.034554287791252136,0.0800553560256958,0.07797648757696152,0.008275476284325123,0.04214692860841751
23,0.7666666666666667,,,,insightface_bbox,0.7026969790458679,0.0,837.982421875,902.419189453125,2380.308837890625,0,0,1,0,0,0,0,0,0,1,0,1,0.04770509898662567,0.02268879860639572,0.256412535905838,0.018759986385703087,0.00759332487359643,0.018421167507767677,0.008027303032577038,0.03417355939745903,0.07900562882423401,0.07682821899652481,0.00824209675192833,0.04142365977168083
24,0.8,,,,insightface_bbox,0.7152119278907776,0.0,827.7348022460938,898.5404052734375,2375.097900390625,0,0,1,0,0,0,0,0,0,1,0,1,0.038581036031246185,0.01934053935110569,0.2520344853401184,0.016506876796483994,0.007449313998222351,0.018715525045990944,0.00725875049829483,0.03359819948673248,0.06786014139652252,0.06558897346258163,0.00583891524001956,0.031551409512758255
25,0.8333333333333334,,,,insightface_bbox,0.7152119278907776,0.0,827.7348022460938,898.5404052734375,2375.097900390625,0,0,1,0,0,0,0,0,0,1,0,1,0.0393754281103611,0.019736273214221,0.27988123893737793,0.01675700582563877,0.00770201813429594,0.019653908908367157,0.007671141531318426,0.03402157127857208,0.06753341853618622,0.06462088227272034,0.005919428542256355,0.031120557337999344
26,0.8666666666666667,,,,insightface_bbox,0.7152119278907776,0.0,827.7348022460938,898.5404052734375,2375.097900390625,0,0,1,0,0,0,0,0,0,1,0,1,0.038326818495988846,0.01928163506090641,0.2799842953681946,0.016306225210428238,0.0075063081458210945,0.019282404333353043,0.007185987662523985,0.03343405947089195,0.06768327951431274,0.06338583678007126,0.005805639084428549,0.030433081090450287
27,0.9,,,,insightface_bbox,0.7152119278907776,0.0,827.7348022460938,898.5404052734375,2375.097900390625,0,0,1,0,0,0,0,0,0,1,0,1,0.037136200815439224,0.018857009708881378,0.2793653607368469,0.016052676364779472,0.0073117464780807495,0.01900765672326088,0.006926208268851042,0.03472106158733368,0.06802421063184738,0.06346502155065536,0.005692485719919205,0.02961348555982113
28,0.9333333333333333,,,,insightface_bbox,0.7152119278907776,0.0,827.7348022460938,898.5404052734375,2375.097900390625,0,0,1,0,0,0,0,0,0,1,0,1,0.036229152232408524,0.01869386062026024,0.2626195251941681,0.016206413507461548,0.007101257331669331,0.01824852079153061,0.007124728988856077,0.035566456615924835,0.0676557794213295,0.06415343284606934,0.005479914136230946,0.029668351635336876
29,0.9666666666666667,,,,insightface_bbox,0.7152119278907776,0.0,827.7348022460938,898.5404052734375,2375.097900390625,0,0,1,0,0,0,0,0,0,1,0,1,0.0365019291639328,0.019481688737869263,0.26305079460144043,0.01672154664993286,0.0069034891203045845,0.01795685663819313,0.007229491136968136,0.036337412893772125,0.06837692856788635,0.06554649025201797,0.005595020484179258,0.030607087537646294
30,1.0,,,,insightface_bbox,0.7327456474304199,0.0,811.5728759765625,898.0309448242188,2380.991943359375,0,0,1,0,0,0,0,0,0,1,0,1,0.041338495910167694,0.021505534648895264,0.31940603256225586,0.017810175195336342,0.007432662416249514,0.020833507180213928,0.007025911007076502,0.04091953486204147,0.07138670980930328,0.06583800166845322,0.007034510374069214,0.03396860882639885
31,1.0333333333333334,,,,insightface_bbox,0.7327456474304199,0.0,811.5728759765625,898.0309448242188,2380.991943359375,0,0,1,0,0,0,0,0,0,1,0,1,0.03757913038134575,0.019958101212978363,0.26915469765663147,0.01707262173295021,0.007091137580573559,0.019050458446145058,0.006446573883295059,0.04080713167786598,0.06945115327835083,0.06607545912265778,0.006027362309396267,0.031687162816524506
32,1.0666666666666667,,,,insightface_bbox,0.7327456474304199,0.0,811.5728759765625,898.0309448242188,2380.991943359375,0,0,1,0,0,0,0,0,0,1,0,1,0.03723734989762306,0.01986697129905224,0.25239068269729614,0.016962017863988876,0.0069553726352751255,0.01826993003487587,0.0062337154522538185,0.040894653648138046,0.070182666182518,0.06633169203996658,0.0060978541150689125,0.0314444899559021
33,1.1,,,,insightface_bbox,0.7327456474304199,0.0,811.5728759765625,898.0309448242188,2380.991943359375,0,0,1,0,0,0,0,0,0,1,0,1,0.03668897598981857,0.019611351191997528,0.24511106312274933,0.016845762729644775,0.006731911096721888,0.017779795452952385,0.0062521398067474365,0.04104813188314438,0.07282253354787827,0.06609687954187393,0.005877668969333172,0.03163093701004982
34,1.1333333333333333,,,,insightface_bbox,0.7327456474304199,0.0,811.5728759765625,898.0309448242188,2380.991943359375,0,0,1,0,0,0,0,0,0,1,0,1,0.036109402775764465,0.0198066383600235,0.2420210987329483,0.01708189584314823,0.006722211372107267,0.017951006069779396,0.00649944506585598,0.04216666519641876,0.0716705322265625,0.06548674404621124,0.00575615931302309,0.03134642168879509
35,1.1666666666666667,,,,insightface_bbox,0.7327456474304199,0.0,811.5728759765625,898.0309448242188,2380.991943359375,0,0,1,0,0,0,0,0,0,1,0,1,0.03618243336677551,0.020229853689670563,0.2462783306837082,0.017483506351709366,0.006746463943272829,0.018259674310684204,0.006917635444551706,0.04291405528783798,0.07064959406852722,0.0650416910648346,0.005828737746924162,0.03109530545771122
36,1.2,,,,insightface_bbox,0.7383718490600586,0.0,807.5648803710938,900.3273315429688,2377.40771484375,0,0,1,0,0,0,0,0,0,1,0,1,0.036722127348184586,0.019962310791015625,0.2013424187898636,0.017054159194231033,0.006260205525904894,0.016160419210791588,0.006445521023124456,0.03902959078550339,0.07163423299789429,0.06538982689380646,0.004990093410015106,0.0301448293030262
37,1.2333333333333334,,,,insightface_bbox,0.7383718490600586,0.0,807.5648803710938,900.3273315429688,2377.40771484375,0,0,1,0,0,0,0,0,0,1,0,1,0.03638574481010437,0.019942542538046837,0.20358653366565704,0.017064625397324562,0.006373279727995396,0.01638733595609665,0.00634313840419054,0.03891897201538086,0.07078971713781357,0.06419838964939117,0.005333329550921917,0.030310817062854767
38,1.2666666666666666,,,,insightface_bbox,0.7383718490600586,0.0,807.5648803710938,900.3273315429688,2377.40771484375,0,0,1,0,0,0,0,0,0,1,0,1,0.03598254919052124,0.01940411515533924,0.20434357225894928,0.016504360362887383,0.006215646862983704,0.016050439327955246,0.006127248052507639,0.03769597411155701,0.06880789995193481,0.0630197748541832,0.005379381589591503,0.030278842896223068
39,1.3,,,,insightface_bbox,0.7383718490600586,0.0,807.5648803710938,900.3273315429688,2377.40771484375,0,0,1,0,0,0,0,0,0,1,0,1,0.03591102361679077,0.019160324707627296,0.19549237191677094,0.016197044402360916,0.006198914721608162,0.015700479969382286,0.0060265157371759415,0.03614889457821846,0.06615589559078217,0.06191446632146835,0.005580812692642212,0.03055451065301895
40,1.3333333333333333,,,,insightface_bbox,0.7383718490600586,0.0,807.5648803710938,900.3273315429688,2377.40771484375,0,0,1,0,0,0,0,0,0,1,0,1,0.034154679626226425,0.017852479591965675,0.1761670708656311,0.014935949817299843,0.006157093681395054,0.015369168482720852,0.0052844807505607605,0.03345236927270889,0.06631413102149963,0.06309778988361359,0.005400616209954023,0.029719103127717972
41,1.3666666666666667,,,,insightface_bbox,0.7383718490600586,0.0,807.5648803710938,900.3273315429688,2377.40771484375,0,0,1,0,0,0,0,0,0,1,0,1,0.03422710672020912,0.018271684646606445,0.16419309377670288,0.015100217424333096,0.006132318638265133,0.015737248584628105,0.005326797254383564,0.032644689083099365,0.06698525696992874,0.06476174294948578,0.004506664350628853,0.028141982853412628
42,1.4,,,,insightface_bbox,0.66571044921875,0.0,790.1295776367188,891.2220458984375,2418.983642578125,0,0,1,0,0,0,0,0,0,1,0,1,0.03857797384262085,0.020794495940208435,0.18964074552059174,0.016781430691480637,0.0067735230550169945,0.01678016409277916,0.006404041778296232,0.03394284099340439,0.0705089345574379,0.0654347687959671,0.005085195880383253,0.031163427978754044
43,1.4333333333333333,,,,insightface_bbox,0.66571044921875,0.0,790.1295776367188,891.2220458984375,2418.983642578125,0,0,1,0,0,0,0,0,0,1,0,1,0.0396958664059639,0.021036595106124878,0.21167930960655212,0.01655353605747223,0.006837100256234407,0.0158979631960392,0.00621266383677721,0.03180219233036041,0.0652620866894722,0.05954555794596672,0.004676733165979385,0.02990896627306938
44,1.4666666666666666,,,,insightface_bbox,0.66571044921875,0.0,790.1295776367188,891.2220458984375,2418.983642578125,0,0,1,0,0,0,0,0,0,1,0,1,0.037862349301576614,0.02062050625681877,0.21118676662445068,0.016191532835364342,0.006922680884599686,0.01556513924151659,0.005989101715385914,0.03050505742430687,0.06381554901599884,0.05643057823181152,0.00459660729393363,0.029784485697746277
45,1.5,,,,insightface_bbox,0.66571044921875,0.0,790.1295776367188,891.2220458984375,2418.983642578125,0,0,1,0,0,0,0,0,0,1,0,1,0.03800462558865547,0.020145706832408905,0.21812714636325836,0.015728767961263657,0.006615109276026487,0.015194641426205635,0.005502842366695404,0.029575232416391373,0.06101347133517265,0.05407542735338211,0.004610488191246986,0.029856471344828606
46,1.5333333333333334,,,,insightface_bbox,0.66571044921875,0.0,790.1295776367188,891.2220458984375,2418.983642578125,0,0,1,0,0,0,0,0,0,1,0,1,0.03874652460217476,0.020511038601398468,0.21123306453227997,0.015718085691332817,0.006423779297620058,0.015498734079301357,0.005569381173700094,0.028810542076826096,0.0582885667681694,0.05251265689730644,0.005563230253756046,0.031804408878088
47,1.5666666666666667,,,,insightface_bbox,0.66571044921875,0.0,790.1295776367188,891.2220458984375,2418.983642578125,0,0,1,0,0,0,0,0,0,1,0,0,0.03993755206465721,0.021038532257080078,0.19614848494529724,0.017338046804070473,0.006139261648058891,0.01597083918750286,0.006399974226951599,0.031548596918582916,0.06045175716280937,0.05336630716919899,0.009884973987936974,0.04099009186029434
48,1.6,,,,insightface_bbox,0.7360657453536987,0.0,822.1151733398438,896.9732055664062,2346.71435546875,0,0,1,0,0,0,0,0,0,1,0,1,0.03854746371507645,0.02011413872241974,0.22619293630123138,0.0176697988063097,0.00629811454564333,0.017641710117459297,0.00626854645088315,0.0412176214158535,0.0703437328338623,0.06427706032991409,0.008329687640070915,0.035118721425533295
49,1.6333333333333333,,,,insightface_bbox,0.7360657453536987,0.0,822.1151733398438,896.9732055664062,2346.71435546875,0,0,1,0,0,0,0,0,0,1,0,1,0.035876814275979996,0.019005997106432915,0.19352568686008453,0.01640656776726246,0.005829917266964912,0.015368305146694183,0.005973007529973984,0.036761797964572906,0.06639870256185532,0.05994921922683716,0.006528244819492102,0.031146906316280365
50,1.6666666666666667,,,,insightface_bbox,0.7360657453536987,0.0,822.1151733398438,896.9732055664062,2346.71435546875,0,0,1,0,0,0,0,0,0,1,0,1,0.03738759458065033,0.019787268713116646,0.19254446029663086,0.01678517274558544,0.00580694479867816,0.015451587736606598,0.006430614273995161,0.03767799586057663,0.06675057858228683,0.05938971787691116,0.0064359973184764385,0.03115880861878395
51,1.7,,,,insightface_bbox,0.7360657453536987,0.0,822.1151733398438,896.9732055664062,2346.71435546875,0,0,1,0,0,0,0,0,0,1,0,1,0.03996866196393967,0.021337421610951424,0.19639787077903748,0.018144546076655388,0.006162332836538553,0.015814464539289474,0.007353038061410189,0.039083972573280334,0.06743549555540085,0.0607176311314106,0.007117059547454119,0.034315966069698334
52,1.7333333333333334,,,,insightface_bbox,0.7360657453536987,0.0,822.1151733398438,896.9732055664062,2346.71435546875,0,0,1,0,0,0,0,0,0,1,0,0,0.04236273467540741,0.022372474893927574,0.20804110169410706,0.019402088597416878,0.006330789998173714,0.016811301931738853,0.00834525004029274,0.03954999893903732,0.0664566159248352,0.06009943410754204,0.009414518252015114,0.03886093571782112
53,1.7666666666666666,,,,insightface_bbox,0.7360657453536987,0.0,822.1151733398438,896.9732055664062,2346.71435546875,0,0,1,0,0,0,0,0,0,1,0,0,0.03943444788455963,0.020965274423360825,0.18353210389614105,0.018726971000432968,0.006260082591325045,0.016271371394395828,0.006884058937430382,0.03748048469424248,0.06452590972185135,0.05797530710697174,0.00911899283528328,0.038125745952129364
54,1.8,,,,insightface_bbox,0.6715644598007202,0.0,754.4625854492188,897.4783935546875,2455.214111328125,0,0,1,0,0,0,0,0,0,1,0,0,0.04571959748864174,0.022226793691515923,0.20399035513401031,0.01999395340681076,0.006811162922531366,0.01822483353316784,0.009934226982295513,0.035521019250154495,0.06472340226173401,0.059564750641584396,0.015596305020153522,0.0528111457824707
55,1.8333333333333333,,,,insightface_bbox,0.6715644598007202,0.0,754.4625854492188,897.4783935546875,2455.214111328125,0,0,1,0,0,0,0,0,0,0,0,0,0.04655721038579941,0.022530527785420418,0.22321590781211853,0.020144173875451088,0.006962851621210575,0.019273824989795685,0.00939777959138155,0.03592684119939804,0.06619623303413391,0.05944419652223587,0.02008286863565445,0.05540292710065842
56,1.8666666666666667,,,,insightface_bbox,0.6715644598007202,0.0,754.4625854492188,897.4783935546875,2455.214111328125,0,0,1,0,0,0,0,0,0,0,0,0,0.047022923827171326,0.02299513667821884,0.23767617344856262,0.02071823738515377,0.007136840373277664,0.019972892478108406,0.010562904179096222,0.036738280206918716,0.06477408111095428,0.05943671613931656,0.019333044067025185,0.053907301276922226
57,1.9,,,,insightface_bbox,0.6715644598007202,0.0,754.4625854492188,897.4783935546875,2455.214111328125,0,0,1,0,0,0,0,0,0,1,0,0,0.04655368998646736,0.022555215284228325,0.227211132645607,0.020028015598654747,0.007142564747482538,0.01904439553618431,0.010587822645902634,0.0375763364136219,0.06339439749717712,0.059866975992918015,0.014633366838097572,0.04726774990558624
58,1.9333333333333333,,,,insightface_bbox,0.6715644598007202,0.0,754.4625854492188,897.4783935546875,2455.214111328125,0,0,1,0,0,0,0,0,0,1,0,0,0.03915400058031082,0.019231218844652176,0.19897186756134033,0.017663680016994476,0.006473976653069258,0.016947096213698387,0.008738471195101738,0.03454438969492912,0.05997650697827339,0.05723831057548523,0.010122676379978657,0.03924868628382683
59,1.9666666666666666,,,,insightface_bbox,0.6715644598007202,0.0,754.4625854492188,897.4783935546875,2455.214111328125,0,0,1,0,0,0,0,0,0,1,0,0,0.036765486001968384,0.018293695524334908,0.17581342160701752,0.017072565853595734,0.006206512916833162,0.01537850871682167,0.008996211923658848,0.031194528564810753,0.05804668739438057,0.053635746240615845,0.008848950266838074,0.03898194432258606
60,2.0,,,,insightface_bbox,0.7369086146354675,0.0,771.446533203125,917.457275390625,2373.757080078125,0,0,1,0,0,0,0,0,0,1,0,0,0.03906279057264328,0.019320055842399597,0.15876667201519012,0.018430961295962334,0.007232055068016052,0.01776818372309208,0.010356715880334377,0.033606380224227905,0.07134146243333817,0.06651683896780014,0.011263826861977577,0.04212989658117294
61,2.033333333333333,,,,insightface_bbox,0.7369086146354675,0.0,771.446533203125,917.457275390625,2373.757080078125,0,0,1,0,0,0,0,0,0,1,0,1,0.035443928092718124,0.018138745799660683,0.14494310319423676,0.01701517216861248,0.007325560785830021,0.01732264645397663,0.008873658254742622,0.032016631215810776,0.076649010181427,0.07168921828269958,0.006836875807493925,0.03461563587188721
62,2.066666666666667,,,,insightface_bbox,0.7369086146354675,0.0,771.446533203125,917.457275390625,2373.757080078125,0,0,1,0,0,0,0,0,0,1,0,1,0.03605901449918747,0.019178245216608047,0.13925088942050934,0.01720898225903511,0.007561775390058756,0.01727854087948799,0.00851574819535017,0.03447214514017105,0.07877551764249802,0.07140474021434784,0.006505844183266163,0.03338444605469704
63,2.1,,,,insightface_bbox,0.7369086146354675,0.0,771.446533203125,917.457275390625,2373.757080078125,0,0,1,0,0,0,0,0,0,1,0,0,0.039714518934488297,0.020175425335764885,0.1543189287185669,0.01818324252963066,0.007939337752759457,0.018472380936145782,0.00917932577431202,0.03554503992199898,0.07571474462747574,0.06752417981624603,0.009760151617228985,0.03906885161995888
64,2.1333333333333333,,,,insightface_bbox,0.7369086146354675,0.0,771.446533203125,917.457275390625,2373.757080078125,0,0,1,0,0,0,0,0,0,1,0,0,0.0411098375916481,0.02059127949178219,0.1584939956665039,0.01827075704932213,0.007567202672362328,0.018037665635347366,0.009438308887183666,0.03566594421863556,0.07316341996192932,0.06337407231330872,0.010114981792867184,0.039744097739458084
65,2.1666666666666665,,,,insightface_bbox,0.7369086146354675,0.0,771.446533203125,917.457275390625,2373.757080078125,0,0,1,0,0,0,0,0,0,1,0,0,0.04036113992333412,0.020166821777820587,0.1535002738237381,0.017503729090094566,0.007412729784846306,0.01751304790377617,0.008751383982598782,0.03403852880001068,0.07211373001337051,0.06256045401096344,0.008883869275450706,0.03699997067451477
66,2.2,,,,insightface_bbox,0.7239202857017517,0.0,771.228759765625,894.3331909179688,2354.10400390625,0,0,1,0,0,0,0,0,0,1,0,0,0.037713706493377686,0.019373346120119095,0.15288355946540833,0.018011851236224174,0.006636223290115595,0.01615121215581894,0.010367395356297493,0.03424101695418358,0.0649479329586029,0.06132332608103752,0.008889244869351387,0.03951346129179001
67,2.2333333333333334,,,,insightface_bbox,0.7239202857017517,0.0,771.228759765625,894.3331909179688,2354.10400390625,0,0,1,0,0,0,0,0,0,1,0,0,0.03624897077679634,0.01868150196969509,0.15445955097675323,0.016927873715758324,0.006521709728986025,0.015373554080724716,0.010524644516408443,0.031213069334626198,0.06335650384426117,0.05792079120874405,0.006671060808002949,0.034368786960840225
68,2.2666666666666666,,,,insightface_bbox,0.7239202857017517,0.0,771.228759765625,894.3331909179688,2354.10400390625,0,0,1,0,0,0,0,0,0,1,0,0,0.03641477972269058,0.018456626683473587,0.16085578501224518,0.016739733517169952,0.006148827262222767,0.01535430084913969,0.010355597361922264,0.030212584882974625,0.06216708943247795,0.057611823081970215,0.00683656707406044,0.03362268581986427
69,2.3,,,,insightface_bbox,0.7239202857017517,0.0,771.228759765625,894.3331909179688,2354.10400390625,0,0,1,0,0,0,0,0,0,1,0,0,0.037381067872047424,0.018843505531549454,0.16212688386440277,0.017097637057304382,0.006316590588539839,0.015753714367747307,0.010311298072338104,0.03091772086918354,0.06349141150712967,0.058241911232471466,0.0074152955785393715,0.035239480435848236
70,2.3333333333333335,,,,insightface_bbox,0.7239202857017517,0.0,771.228759765625,894.3331909179688,2354.10400390625,0,0,1,0,0,0,0,0,0,1,0,0,0.03941710665822029,0.019503993913531303,0.16865937411785126,0.017706191167235374,0.006312699522823095,0.016251176595687866,0.01006709598004818,0.03193558007478714,0.0638301819562912,0.058424316346645355,0.008996507152915001,0.03797129541635513
71,2.3666666666666667,,,,insightface_bbox,0.7239202857017517,0.0,771.228759765625,894.3331909179688,2354.10400390625,0,0,1,0,0,0,0,0,0,1,0,0,0.041322626173496246,0.02066955342888832,0.169791579246521,0.01845909096300602,0.006463951431214809,0.017023269087076187,0.010134958662092686,0.033722199499607086,0.06342010200023651,0.05784216895699501,0.010716352611780167,0.03992423787713051
72,2.4,,,,insightface_bbox,0.7041814923286438,0.0,772.8096923828125,883.3155517578125,2383.608642578125,0,0,1,0,0,0,0,0,0,1,0,0,0.040183890610933304,0.021045107394456863,0.17850986123085022,0.0186002179980278,0.006236925255507231,0.015667133033275604,0.007945810444653034,0.034268204122781754,0.06598575413227081,0.06192350387573242,0.008615579456090927,0.03965508192777634
73,2.433333333333333,,,,insightface_bbox,0.7041814923286438,0.0,772.8096923828125,883.3155517578125,2383.608642578125,0,0,1,0,0,0,0,0,0,1,0,0,0.03810381516814232,0.020494556054472923,0.16769222915172577,0.01826675422489643,0.006273641251027584,0.014609092846512794,0.007168722338974476,0.0352313257753849,0.06380846351385117,0.06005137786269188,0.006397533696144819,0.03506995365023613
74,2.466666666666667,,,,insightface_bbox,0.7041814923286438,0.0,772.8096923828125,883.3155517578125,2383.608642578125,0,0,1,0,0,0,0,0,0,1,0,0,0.03951224684715271,0.020816922187805176,0.18022017180919647,0.018935345113277435,0.005954599007964134,0.015588047914206982,0.006878045853227377,0.03425144404172897,0.06318623572587967,0.058659832924604416,0.008464546874165535,0.036786288022994995
75,2.5,,,,insightface_bbox,0.7041814923286438,0.0,772.8096923828125,883.3155517578125,2383.608642578125,0,0,1,0,0,0,0,0,0,1,0,1,0.03586511313915253,0.01910093054175377,0.16020072996616364,0.01721528172492981,0.005760157480835915,0.01430099830031395,0.007253971882164478,0.0332489088177681,0.06644713878631592,0.06224369630217552,0.004837531130760908,0.029999559745192528
76,2.533333333333333,,,,insightface_bbox,0.7041814923286438,0.0,772.8096923828125,883.3155517578125,2383.608642578125,0,0,1,0,0,0,0,0,0,1,0,1,0.037262193858623505,0.019656075164675713,0.16593150794506073,0.0175639595836401,0.005792668554931879,0.014506267383694649,0.007757546845823526,0.03352105990052223,0.06754890829324722,0.06286163628101349,0.004736617207527161,0.030397076159715652
77,2.566666666666667,,,,insightface_bbox,0.7041814923286438,0.0,772.8096923828125,883.3155517578125,2383.608642578125,0,0,1,0,0,0,0,0,0,1,0,0,0.039605773985385895,0.020358286798000336,0.17429815232753754,0.018046468496322632,0.005928033497184515,0.01542176678776741,0.007686170749366283,0.033447109162807465,0.06496600061655045,0.06230182200670242,0.007020771037787199,0.03471246734261513
78,2.6,,,,insightface_bbox,0.7346869111061096,0.0,783.178955078125,902.22607421875,2348.935546875,0,0,1,0,0,0,0,0,0,1,0,0,0.03759147599339485,0.019091632217168808,0.16010962426662445,0.017074260860681534,0.00621838541701436,0.01528032124042511,0.009110623970627785,0.03127610683441162,0.06404224783182144,0.060299649834632874,0.006939856801182032,0.03573375195264816
79,2.6333333333333333,,,,insightface_bbox,0.7346869111061096,0.0,783.178955078125,902.22607421875,2348.935546875,0,0,1,0,0,0,0,0,0,1,0,0,0.03662765398621559,0.018868587911128998,0.15949861705303192,0.016732417047023773,0.006361404433846474,0.015491649508476257,0.008725711144506931,0.03091149404644966,0.06554566323757172,0.061602264642715454,0.0062860529869794846,0.033969298005104065
80,2.6666666666666665,,,,insightface_bbox,0.7346869111061096,0.0,783.178955078125,902.22607421875,2348.935546875,0,0,1,0,0,0,0,0,0,1,0,0,0.03535876423120499,0.018329204991459846,0.1514887809753418,0.01608463190495968,0.006250473205000162,0.014781774021685123,0.008466057479381561,0.029151493683457375,0.06434008479118347,0.05916822329163551,0.005324851255863905,0.030804745852947235
81,2.7,,,,insightface_bbox,0.7346869111061096,0.0,783.178955078125,902.22607421875,2348.935546875,0,0,1,0,0,0,0,0,0,1,0,0,0.03549285978078842,0.01842622458934784,0.14687123894691467,0.016038330271840096,0.006311803590506315,0.014772079885005951,0.008665951900184155,0.028778014704585075,0.06514685600996017,0.05990097299218178,0.005269311834126711,0.030810464173555374
82,2.7333333333333334,,,,insightface_bbox,0.7346869111061096,0.0,783.178955078125,902.22607421875,2348.935546875,0,0,1,0,0,0,0,0,0,1,0,0,0.03571333736181259,0.018644671887159348,0.14855335652828217,0.016144296154379845,0.006285056006163359,0.014943932183086872,0.008510058745741844,0.02934681437909603,0.06446263939142227,0.059844471514225006,0.005578471347689629,0.03097626380622387
83,2.7666666666666666,,,,insightface_bbox,0.7346869111061096,0.0,783.178955078125,902.22607421875,2348.935546875,0,0,1,0,0,0,0,0,0,1,0,0,0.03511664271354675,0.018335215747356415,0.14378808438777924,0.01578749343752861,0.006265388801693916,0.014917789027094841,0.008216401562094688,0.02787727676331997,0.06537250429391861,0.05950136482715607,0.005566773936152458,0.03115282580256462
84,2.8,,,,insightface_bbox,0.683641791343689,0.0,781.5714111328125,909.6168823242188,2370.383056640625,0,0,1,0,0,0,0,0,0,1,0,1,0.03249897062778473,0.017055463045835495,0.13350370526313782,0.015301262959837914,0.006876815110445023,0.014459511265158653,0.007682874798774719,0.02781941369175911,0.07463022321462631,0.06663504987955093,0.003856864757835865,0.02873396687209606
85,2.8333333333333335,,,,insightface_bbox,0.683641791343689,0.0,781.5714111328125,909.6168823242188,2370.383056640625,0,0,1,0,0,0,0,0,0,1,0,1,0.034446537494659424,0.018140925094485283,0.13900339603424072,0.016241934150457382,0.007114511914551258,0.014803224243223667,0.009014385752379894,0.02881930209696293,0.07603538036346436,0.06889766454696655,0.004153101705014706,0.03059186041355133
86,2.8666666666666667,,,,insightface_bbox,0.683641791343689,0.0,781.5714111328125,909.6168823242188,2370.383056640625,0,0,1,0,0,0,0,0,0,1,0,1,0.03513595461845398,0.018421823158860207,0.14090624451637268,0.01663520745933056,0.007054559420794249,0.015142060816287994,0.008475742302834988,0.02916174754500389,0.07875201106071472,0.07208113372325897,0.004391354043036699,0.032238174229860306
87,2.9,,,,insightface_bbox,0.683641791343689,0.0,781.5714111328125,909.6168823242188,2370.383056640625,0,0,1,0,0,0,0,0,0,1,0,1,0.03536946326494217,0.01874878630042076,0.14240866899490356,0.01747763343155384,0.007450548000633717,0.015929201617836952,0.009070980362594128,0.03176073729991913,0.07879024744033813,0.07639336585998535,0.004827794618904591,0.034436263144016266
88,2.933333333333333,,,,insightface_bbox,0.683641791343689,0.0,781.5714111328125,909.6168823242188,2370.383056640625,0,0,1,0,0,0,0,0,0,1,0,1,0.03638247027993202,0.0190599262714386,0.13355720043182373,0.01828126236796379,0.006884527858346701,0.015287935733795166,0.011614364571869373,0.03278591111302376,0.07719354331493378,0.07211555540561676,0.005657035391777754,0.038144517689943314
89,2.966666666666667,,,,insightface_bbox,0.683641791343689,0.0,781.5714111328125,909.6168823242188,2370.383056640625,0,0,1,0,0,0,0,0,0,1,0,1,0.037687767297029495,0.019076557829976082,0.15929384529590607,0.017844878137111664,0.006862186826765537,0.015052970498800278,0.01030769757926464,0.03171389549970627,0.08008228242397308,0.07052037864923477,0.005072001367807388,0.03898511081933975
90,3.0,,,,insightface_bbox,0.7074218392372131,0.0,800.2178955078125,906.050537109375,2394.416015625,0,0,1,0,0,0,0,0,0,1,0,1,0.038245491683483124,0.019947867840528488,0.1702452003955841,0.01809607818722725,0.0061792549677193165,0.015580692328512669,0.009253507480025291,0.030864670872688293,0.07263095676898956,0.0673801600933075,0.00669858418405056,0.0398082435131073
91,3.033333333333333,,,,insightface_bbox,0.7074218392372131,0.0,800.2178955078125,906.050537109375,2394.416015625,0,0,1,0,0,0,0,0,0,1,0,1,0.040088117122650146,0.020060762763023376,0.16282038390636444,0.017440591007471085,0.00650198757648468,0.01559838093817234,0.009030326269567013,0.033034034073352814,0.07428683340549469,0.06811477988958359,0.005479888059198856,0.035259392112493515
92,3.066666666666667,,,,insightface_bbox,0.7074218392372131,0.0,800.2178955078125,906.050537109375,2394.416015625,0,0,1,0,0,0,0,0,0,1,0,1,0.040434859693050385,0.020265521481633186,0.1719512790441513,0.017633900046348572,0.006500052288174629,0.016017228364944458,0.00951186753809452,0.03266294673085213,0.0745074599981308,0.06768885254859924,0.00593038834631443,0.03651487082242966
93,3.1,,,,insightface_bbox,0.7074218392372131,0.0,800.2178955078125,906.050537109375,2394.416015625,0,0,1,0,0,0,0,0,0,1,0,1,0.03708414360880852,0.019543645903468132,0.16885504126548767,0.017777912318706512,0.0060486337170004845,0.01510146539658308,0.008748800493776798,0.03186818212270737,0.07197345793247223,0.06566080451011658,0.006098083686083555,0.03777504712343216
94,3.1333333333333333,,,,insightface_bbox,0.7074218392372131,0.0,800.2178955078125,906.050537109375,2394.416015625,0,0,1,0,0,0,0,0,0,1,0,1,0.03708712384104729,0.019670795649290085,0.16929946839809418,0.018293147906661034,0.006166055798530579,0.01577824167907238,0.008847500197589397,0.0326201431453228,0.07297983765602112,0.06640807539224625,0.007327918894588947,0.040909722447395325
95,3.1666666666666665,,,,insightface_bbox,0.7074218392372131,0.0,800.2178955078125,906.050537109375,2394.416015625,0,0,1,0,0,0,0,0,0,1,0,1,0.03657550364732742,0.0191122367978096,0.16538269817829132,0.017669780179858208,0.005933383479714394,0.015451367944478989,0.008784212172031403,0.02993660792708397,0.07220731675624847,0.06568287312984467,0.007386383600533009,0.04175931587815285
96,3.2,,,,insightface_bbox,0.7293314337730408,0.0,816.0136108398438,920.0038452148438,2354.750244140625,0,0,1,0,0,0,0,0,0,1,0,1,0.036278992891311646,0.01929488219320774,0.1410524845123291,0.01799975521862507,0.006931678391993046,0.015672048553824425,0.011113211512565613,0.032279424369335175,0.0763111263513565,0.06850767880678177,0.005446956027299166,0.03520338237285614
97,3.2333333333333334,,,,insightface_bbox,0.7293314337730408,0.0,816.0136108398438,920.0038452148438,2354.750244140625,0,0,1,0,0,0,0,0,0,1,0,1,0.03496804088354111,0.018418384715914726,0.13481438159942627,0.017320936545729637,0.007133530918508768,0.015092946588993073,0.009387229569256306,0.031744085252285004,0.07692697644233704,0.07065363973379135,0.00465775141492486,0.033646658062934875
98,3.2666666666666666,,,,insightface_bbox,0.7293314337730408,0.0,816.0136108398438,920.0038452148438,2354.750244140625,0,0,1,0,0,0,0,0,0,1,0,1,0.034261927008628845,0.018057644367218018,0.12960955500602722,0.01725306548178196,0.006681918632239103,0.014842666685581207,0.009225803427398205,0.03171185404062271,0.07471366226673126,0.06993607431650162,0.00500812754034996,0.033185798674821854
99,3.3,,,,insightface_bbox,0.7293314337730408,0.0,816.0136108398438,920.0038452148438,2354.750244140625,0,0,1,0,0,0,0,0,0,1,0,1,0.03509809076786041,0.018426671624183655,0.1323382705450058,0.017780734226107597,0.00671343645080924,0.0146884610876441,0.010618972592055798,0.03232952952384949,0.07467563450336456,0.0699365958571434,0.005537151359021664,0.037127941846847534
100,3.3333333333333335,,,,insightface_bbox,0.7293314337730408,0.0,816.0136108398438,920.0038452148438,2354.750244140625,0,0,1,0,0,0,0,0,0,1,0,1,0.033984292298555374,0.01794809103012085,0.13756750524044037,0.01755816675722599,0.0066832927986979485,0.014837346971035004,0.009872442111372948,0.032190266996622086,0.0764566957950592,0.06928183883428574,0.005449599586427212,0.03760654479265213
101,3.3666666666666667,,,,insightface_bbox,0.7293314337730408,0.0,816.0136108398438,920.0038452148438,2354.750244140625,0,0,1,0,0,0,0,0,0,1,0,1,0.03497125580906868,0.018328728154301643,0.15138468146324158,0.01792146824300289,0.006792541593313217,0.015489403158426285,0.010345784947276115,0.03270983323454857,0.07531487196683884,0.06739870458841324,0.006245051510632038,0.03972697630524635
102,3.4,,,,insightface_bbox,0.6968387365341187,0.0,803.0726318359375,891.6533203125,2455.520263671875,0,0,1,0,0,0,0,0,0,1,0,1,0.030601199716329575,0.017911473289132118,0.1718895137310028,0.015260443091392517,0.006082513369619846,0.014320826157927513,0.005667261779308319,0.033041812479496,0.06230979412794113,0.056995000690221786,0.003362523391842842,0.026930755004286766
103,3.433333333333333,,,,insightface_bbox,0.6968387365341187,0.0,803.0726318359375,891.6533203125,2455.520263671875,0,0,1,0,0,0,0,0,0,1,0,1,0.03002041205763817,0.017629854381084442,0.16971325874328613,0.015190583653748035,0.006417098920792341,0.01451889518648386,0.005948634818196297,0.03415443375706673,0.0639064610004425,0.058793969452381134,0.0033311424776911736,0.026340557262301445
104,3.466666666666667,,,,insightface_bbox,0.6968387365341187,0.0,803.0726318359375,891.6533203125,2455.520263671875,0,0,1,0,0,0,0,0,0,1,0,1,0.03049360401928425,0.017059992998838425,0.17548294365406036,0.015107208862900734,0.006358448415994644,0.013960056006908417,0.005925120785832405,0.03605974465608597,0.06861672550439835,0.06138068437576294,0.0033743628300726414,0.02712925896048546
105,3.5,,,,insightface_bbox,0.6968387365341187,0.0,803.0726318359375,891.6533203125,2455.520263671875,0,0,1,0,0,0,0,0,0,1,0,1,0.03249829262495041,0.017908437177538872,0.19573749601840973,0.015830377116799355,0.006688992027193308,0.015047122724354267,0.0065365382470190525,0.03764472156763077,0.06990332901477814,0.06341037154197693,0.0039525642059743404,0.02915460430085659
106,3.533333333333333,,,,insightface_bbox,0.6968387365341187,0.0,803.0726318359375,891.6533203125,2455.520263671875,0,0,1,0,0,0,0,0,0,1,0,1,0.0336545966565609,0.018808109685778618,0.2141505628824234,0.016598084941506386,0.006593082100152969,0.015915125608444214,0.006937322206795216,0.040759071707725525,0.06819804012775421,0.06484896689653397,0.004365134984254837,0.030274637043476105
107,3.566666666666667,,,,insightface_bbox,0.6968387365341187,0.0,803.0726318359375,891.6533203125,2455.520263671875,0,0,1,0,0,0,0,0,0,1,0,1,0.03373415023088455,0.01905411295592785,0.22115102410316467,0.017119117081165314,0.006589008495211601,0.015913892537355423,0.007345555815845728,0.04194575920701027,0.06686419993638992,0.06665436178445816,0.004482032731175423,0.03132205829024315
108,3.6,,,,insightface_bbox,0.7269463539123535,0.0,808.8567504882812,905.6510620117188,2387.979736328125,0,0,1,0,0,0,0,0,0,1,0,1,0.03955487906932831,0.02146979607641697,0.1961909979581833,0.019044704735279083,0.006127942353487015,0.015524350106716156,0.009776338934898376,0.03577757254242897,0.06607150286436081,0.059005286544561386,0.00596058601513505,0.03473435342311859
109,3.6333333333333333,,,,insightface_bbox,0.7269463539123535,0.0,808.8567504882812,905.6510620117188,2387.979736328125,0,0,1,0,0,0,0,0,0,1,0,1,0.038188908249139786,0.020860284566879272,0.18117952346801758,0.017561187967658043,0.006073597352951765,0.015019137412309647,0.007892035879194736,0.03348933905363083,0.06561747193336487,0.055586256086826324,0.005066421814262867,0.03239971026778221
110,3.6666666666666665,,,,insightface_bbox,0.7269463539123535,0.0,808.8567504882812,905.6510620117188,2387.979736328125,0,0,1,0,0,0,0,0,0,1,0,1,0.03938698023557663,0.020957013592123985,0.1816442757844925,0.01748909056186676,0.006144731771200895,0.015216088853776455,0.007635948713868856,0.032591260969638824,0.06690157949924469,0.05876372009515762,0.005461051594465971,0.03292912244796753
111,3.7,,,,insightface_bbox,0.7269463539123535,0.0,808.8567504882812,905.6510620117188,2387.979736328125,0,0,1,0,0,0,0,0,0,1,0,1,0.040872860699892044,0.02167632430791855,0.19296905398368835,0.019049879163503647,0.0064558060839772224,0.016267774626612663,0.008536950685083866,0.03344980254769325,0.06823339313268661,0.061453402042388916,0.007209466770291328,0.03717684745788574
112,3.7333333333333334,,,,insightface_bbox,0.7269463539123535,0.0,808.8567504882812,905.6510620117188,2387.979736328125,0,0,1,0,0,0,0,0,0,1,0,0,0.03987656533718109,0.021159162744879723,0.19374392926692963,0.0197442714124918,0.006486455909907818,0.016620075330138206,0.009241822175681591,0.034101538360118866,0.07091213762760162,0.06183473393321037,0.008479847572743893,0.041098713874816895
113,3.7666666666666666,,,,insightface_bbox,0.7269463539123535,0.0,808.8567504882812,905.6510620117188,2387.979736328125,0,0,1,0,0,0,0,0,0,1,0,1,0.039765797555446625,0.020531581714749336,0.19276806712150574,0.018639491870999336,0.006292106118053198,0.015929430723190308,0.00987615343183279,0.033420629799366,0.0721617341041565,0.06300980597734451,0.007036145776510239,0.040680017322301865
114,3.8,,,,insightface_bbox,0.7366853952407837,0.0,822.5531616210938,900.539306640625,2350.750732421875,0,0,1,0,0,0,0,0,0,1,0,1,0.03334236517548561,0.017984701320528984,0.16889242827892303,0.016218682751059532,0.005768204107880592,0.014234093949198723,0.007445392198860645,0.035297561436891556,0.06454303860664368,0.05776773765683174,0.004306909628212452,0.028504861518740654
115,3.8333333333333335,,,,insightface_bbox,0.7366853952407837,0.0,822.5531616210938,900.539306640625,2350.750732421875,0,0,1,0,0,0,0,0,0,1,0,1,0.03172467648983002,0.017958205193281174,0.1433340311050415,0.016203079372644424,0.005657682195305824,0.013883720152080059,0.007782177068293095,0.03170841187238693,0.06302419304847717,0.05444706231355667,0.004221803974360228,0.028007665649056435
116,3.8666666666666667,,,,insightface_bbox,0.7366853952407837,0.0,822.5531616210938,900.539306640625,2350.750732421875,0,0,1,0,0,0,0,0,0,1,0,1,0.03155677765607834,0.0179941114038229,0.1426193118095398,0.01613764464855194,0.005586554296314716,0.013886408880352974,0.007575908210128546,0.03222344070672989,0.06377236545085907,0.054509274661540985,0.004196816124022007,0.02801809459924698
117,3.9,,,,insightface_bbox,0.7366853952407837,0.0,822.5531616210938,900.539306640625,2350.750732421875,0,0,1,0,0,0,0,0,0,1,0,1,0.03226187452673912,0.0182102769613266,0.15521027147769928,0.016081688925623894,0.0057661524042487144,0.014289245009422302,0.007156488485634327,0.033462509512901306,0.06495077908039093,0.05724511295557022,0.004156942013651133,0.027683591470122337
118,3.933333333333333,,,,insightface_bbox,0.7366853952407837,0.0,822.5531616210938,900.539306640625,2350.750732421875,0,0,1,0,0,0,0,0,0,1,0,1,0.03219412639737129,0.017795566469430923,0.15742731094360352,0.015936601907014847,0.00585199287161231,0.014466374181210995,0.00696633430197835,0.03381449729204178,0.06560327112674713,0.057848114520311356,0.004152511712163687,0.027023717761039734
119,3.966666666666667,,,,insightface_bbox,0.7366853952407837,0.0,822.5531616210938,900.539306640625,2350.750732421875,0,0,1,0,0,0,0,0,0,1,0,1,0.032220497727394104,0.017834791913628578,0.1534387767314911,0.0163685604929924,0.005845802836120129,0.014885258860886097,0.007504621520638466,0.03409156948328018,0.06688188016414642,0.05911196023225784,0.00441210251301527,0.02829832024872303
120,4.0,,,,insightface_bbox,0.7030981779098511,0.0,782.4846801757812,909.557373046875,2434.8740234375,0,0,1,0,0,0,0,0,0,1,0,1,0.03901243954896927,0.01995186321437359,0.19311103224754333,0.0190206840634346,0.005858415272086859,0.01587534509599209,0.009671305306255817,0.03282006457448006,0.07476502656936646,0.06746770441532135,0.007884032092988491,0.04599840193986893
121,4.033333333333333,,,,insightface_bbox,0.7030981779098511,0.0,782.4846801757812,909.557373046875,2434.8740234375,0,0,1,0,0,0,0,0,0,1,0,1,0.037010882049798965,0.019065460190176964,0.19370733201503754,0.019008198752999306,0.006303977686911821,0.01614614576101303,0.009045662358403206,0.03197446092963219,0.07387572526931763,0.0647372305393219,0.00839492492377758,0.04744269698858261
122,4.066666666666666,,,,insightface_bbox,0.7030981779098511,0.0,782.4846801757812,909.557373046875,2434.8740234375,0,0,1,0,0,0,0,0,0,1,0,0,0.03716240078210831,0.019136929884552956,0.20144739747047424,0.01925547793507576,0.006302830763161182,0.016847236081957817,0.008795269764959812,0.03114066645503044,0.07055270671844482,0.06215503439307213,0.011750977486371994,0.052528493106365204
123,4.1,,,,insightface_bbox,0.7030981779098511,0.0,782.4846801757812,909.557373046875,2434.8740234375,0,0,1,0,0,0,0,0,0,1,0,1,0.0384041890501976,0.019414827227592468,0.18623651564121246,0.01850641891360283,0.0061632548458874226,0.015563741326332092,0.009664786048233509,0.029663080349564552,0.07268557697534561,0.0643356665968895,0.007935313507914543,0.043057236820459366
124,4.133333333333334,,,,insightface_bbox,0.7030981779098511,0.0,782.4846801757812,909.557373046875,2434.8740234375,0,0,1,0,0,0,0,0,0,1,0,1,0.038000866770744324,0.019283704459667206,0.1632152646780014,0.017405357211828232,0.006443710066378117,0.015621533617377281,0.009497302584350109,0.02853359654545784,0.07079298049211502,0.06286347657442093,0.006421567872166634,0.037209074944257736
125,4.166666666666667,,,,insightface_bbox,0.7030981779098511,0.0,782.4846801757812,909.557373046875,2434.8740234375,0,0,1,0,0,0,0,0,0,1,0,1,0.0373825877904892,0.01926359161734581,0.16550827026367188,0.017107006162405014,0.00672574620693922,0.015682682394981384,0.008599394001066685,0.02912845090031624,0.07139269262552261,0.06270956993103027,0.005953093059360981,0.036152228713035583
126,4.2,,,,insightface_bbox,0.7406165599822998,0.0,790.4102783203125,894.3128662109375,2328.614013671875,0,0,1,0,0,0,0,0,0,1,0,1,0.03874780982732773,0.02003011852502823,0.1660405993461609,0.018547803163528442,0.0062598856166005135,0.01575446128845215,0.011065042577683926,0.03324638679623604,0.07164812833070755,0.06347877532243729,0.005947122350335121,0.03453413397073746
127,4.233333333333333,,,,insightface_bbox,0.7406165599822998,0.0,790.4102783203125,894.3128662109375,2328.614013671875,0,0,1,0,0,0,0,0,0,1,0,0,0.03880978375673294,0.019947392866015434,0.16684779524803162,0.018551627174019814,0.006674372125416994,0.01616647280752659,0.011306582018733025,0.03211246430873871,0.06999858468770981,0.06304793804883957,0.0065216850489377975,0.03612598776817322
128,4.266666666666667,,,,insightface_bbox,0.7406165599822998,0.0,790.4102783203125,894.3128662109375,2328.614013671875,0,0,1,0,0,0,0,0,0,1,0,0,0.040049679577350616,0.020381512120366096,0.1761181503534317,0.019108053296804428,0.006801011972129345,0.016453765332698822,0.012230051681399345,0.03173943608999252,0.07145781815052032,0.06440892815589905,0.007227129302918911,0.03826024383306503
129,4.3,,,,insightface_bbox,0.7406165599822998,0.0,790.4102783203125,894.3128662109375,2328.614013671875,0,0,1,0,0,0,0,0,0,1,0,0,0.039206016808748245,0.01987810805439949,0.16915178298950195,0.01892518252134323,0.006533566862344742,0.015995986759662628,0.011732315644621849,0.03148386627435684,0.07091234624385834,0.06449007987976074,0.006988348439335823,0.03666866198182106
130,4.333333333333333,,,,insightface_bbox,0.7406165599822998,0.0,790.4102783203125,894.3128662109375,2328.614013671875,0,0,1,0,0,0,0,0,0,1,0,1,0.03819996863603592,0.019372206181287766,0.1637956202030182,0.01789027452468872,0.006105578038841486,0.015017152763903141,0.009974835440516472,0.031317338347435,0.06840481609106064,0.06140827387571335,0.005772101692855358,0.0330873541533947
131,4.366666666666666,,,,insightface_bbox,0.7406165599822998,0.0,790.4102783203125,894.3128662109375,2328.614013671875,0,0,1,0,0,0,0,0,0,1,0,1,0.03718150779604912,0.018872752785682678,0.1652129590511322,0.01711587980389595,0.006041070446372032,0.014887884259223938,0.008739911019802094,0.030971482396125793,0.06735467910766602,0.060883909463882446,0.00549372099339962,0.0318174883723259
132,4.4,,,,insightface_bbox,0.7566856145858765,0.0,783.2011108398438,914.88525390625,2323.869140625,0,0,1,0,0,0,0,0,0,1,0,0,0.03546939417719841,0.018220573663711548,0.14198386669158936,0.015984617173671722,0.006290155462920666,0.014128378592431545,0.008617072366178036,0.02788875438272953,0.06621821969747543,0.05884230509400368,0.0046505918726325035,0.03133298456668854
133,4.433333333333334,,,,insightface_bbox,0.7566856145858765,0.0,783.2011108398438,914.88525390625,2323.869140625,0,0,1,0,0,0,0,0,0,1,0,0,0.03600214421749115,0.018531378358602524,0.1504286825656891,0.016447806730866432,0.006345084868371487,0.014454108662903309,0.009066293016076088,0.028390120714902878,0.06783853471279144,0.06103632599115372,0.005186915397644043,0.03304525092244148
134,4.466666666666667,,,,insightface_bbox,0.7566856145858765,0.0,783.2011108398438,914.88525390625,2323.869140625,0,0,1,0,0,0,0,0,0,1,0,0,0.03499308228492737,0.017965521663427353,0.14249813556671143,0.016232982277870178,0.00600539380684495,0.013998256996273994,0.008547038771212101,0.02863944321870804,0.06942340731620789,0.06194479390978813,0.006213628686964512,0.03636423870921135
135,4.5,,,,insightface_bbox,0.7566856145858765,0.0,783.2011108398438,914.88525390625,2323.869140625,0,0,1,0,0,0,0,0,0,1,0,0,0.03409743681550026,0.017765894532203674,0.1484169065952301,0.0164373517036438,0.005855879280716181,0.01412289123982191,0.007988283410668373,0.029723811894655228,0.06943594664335251,0.06239544600248337,0.007054388988763094,0.039286114275455475
136,4.533333333333333,,,,insightface_bbox,0.7566856145858765,0.0,783.2011108398438,914.88525390625,2323.869140625,0,0,1,0,0,0,0,0,0,1,0,0,0.034111034125089645,0.01764644682407379,0.15226659178733826,0.016384704038500786,0.005873171612620354,0.014091042801737785,0.008018182590603828,0.028815042227506638,0.0693618580698967,0.0622420534491539,0.00674062967300415,0.03903555870056152
137,4.566666666666666,,,,insightface_bbox,0.7566856145858765,0.0,783.2011108398438,914.88525390625,2323.869140625,0,0,1,0,0,0,0,0,0,1,0,0,0.034041061997413635,0.017465107142925262,0.14646580815315247,0.015876296907663345,0.005687445402145386,0.013814520090818405,0.007829790934920311,0.0276704803109169,0.06712377071380615,0.05822017416357994,0.006233991123735905,0.03655217960476875
138,4.6,,,,insightface_bbox,0.7377141714096069,0.0,772.6671142578125,906.1607055664062,2388.63623046875,0,0,1,0,0,0,0,0,0,1,0,0,0.033626727759838104,0.018070466816425323,0.14778031408786774,0.017597606405615807,0.005559622310101986,0.013935251161456108,0.00863006804138422,0.03002983331680298,0.0646444633603096,0.05795765295624733,0.006197456270456314,0.03456834703683853
139,4.633333333333334,,,,insightface_bbox,0.7377141714096069,0.0,772.6671142578125,906.1607055664062,2388.63623046875,0,0,1,0,0,0,0,0,0,1,0,0,0.03335464000701904,0.018087102100253105,0.1411389410495758,0.01762446016073227,0.005479336716234684,0.013498689979314804,0.008376902900636196,0.03071075677871704,0.06376684457063675,0.055615127086639404,0.005853473208844662,0.03487177565693855
140,4.666666666666667,,,,insightface_bbox,0.7377141714096069,0.0,772.6671142578125,906.1607055664062,2388.63623046875,0,0,1,0,0,0,0,0,0,1,0,1,0.03068612702190876,0.016697106882929802,0.1294725239276886,0.01583651825785637,0.005331683903932571,0.012818984687328339,0.006534329149872065,0.029526803642511368,0.061379700899124146,0.05536474287509918,0.0040522608906030655,0.029390668496489525
141,4.7,,,,insightface_bbox,0.7377141714096069,0.0,772.6671142578125,906.1607055664062,2388.63623046875,0,0,1,0,0,0,0,0,0,1,0,0,0.0322810597717762,0.017291923984885216,0.1255171298980713,0.01636459305882454,0.005533995106816292,0.013427838683128357,0.007615312468260527,0.030152343213558197,0.06700451672077179,0.059286050498485565,0.004962356761097908,0.03144374489784241
142,4.733333333333333,,,,insightface_bbox,0.7377141714096069,0.0,772.6671142578125,906.1607055664062,2388.63623046875,0,0,1,0,0,0,0,0,0,1,0,0,0.03261091932654381,0.01736539974808693,0.12286607176065445,0.016221102327108383,0.005626715254038572,0.013284331187605858,0.007398445624858141,0.027959659695625305,0.06682410091161728,0.06123419851064682,0.005262138321995735,0.030250309035182
143,4.766666666666667,,,,insightface_bbox,0.7377141714096069,0.0,772.6671142578125,906.1607055664062,2388.63623046875,0,0,1,0,0,0,0,0,0,1,0,0,0.034722261130809784,0.018137246370315552,0.14071229100227356,0.01645464077591896,0.0058938851580023766,0.013968436047434807,0.006559032015502453,0.02790454961359501,0.06539207696914673,0.06004645675420761,0.006346395704895258,0.03168483451008797
144,4.8,,,,insightface_bbox,0.6961526274681091,0.0,794.46630859375,899.8062133789062,2381.770263671875,0,0,1,0,0,0,0,0,0,1,0,1,0.029110491275787354,0.016466008499264717,0.11956847459077835,0.014581916853785515,0.005696562584489584,0.012686803936958313,0.0054017226211726665,0.029291193932294846,0.06340485066175461,0.05992194265127182,0.003787409979850054,0.02688741497695446
145,4.833333333333333,,,,insightface_bbox,0.6961526274681091,0.0,794.46630859375,899.8062133789062,2381.770263671875,0,0,1,0,0,0,0,0,0,1,0,1,0.027675023302435875,0.016036339104175568,0.11183634400367737,0.014306764118373394,0.005387445911765099,0.012157113291323185,0.005701660178601742,0.028892654925584793,0.0636625587940216,0.05956127494573593,0.003498829435557127,0.026270758360624313
146,4.866666666666666,,,,insightface_bbox,0.6961526274681091,0.0,794.46630859375,899.8062133789062,2381.770263671875,0,0,1,0,0,0,0,0,0,1,0,1,0.02710108458995819,0.015522084198892117,0.11472471058368683,0.014388017356395721,0.005293059162795544,0.012633725069463253,0.005941072013229132,0.029431086033582687,0.0646362453699112,0.06020447611808777,0.0033680256456136703,0.025339236482977867
147,4.9,,,,insightface_bbox,0.6961526274681091,0.0,794.46630859375,899.8062133789062,2381.770263671875,0,0,1,0,0,0,0,0,0,1,0,1,0.02703239768743515,0.015508956275880337,0.11372338980436325,0.014097269624471664,0.005209541879594326,0.012757941149175167,0.00566902756690979,0.028097929432988167,0.06358904391527176,0.059302471578121185,0.003672556485980749,0.025283504277467728
148,4.933333333333334,,,,insightface_bbox,0.6961526274681091,0.0,794.46630859375,899.8062133789062,2381.770263671875,0,0,1,0,0,0,0,0,0,1,0,1,0.02861728146672249,0.01613898016512394,0.12716105580329895,0.014191068708896637,0.005427878350019455,0.013194262981414795,0.005600603763014078,0.029646379873156548,0.06387665867805481,0.060073673725128174,0.003372413106262684,0.024575619027018547
149,4.966666666666667,,,,insightface_bbox,0.6961526274681091,0.0,794.46630859375,899.8062133789062,2381.770263671875,0,0,1,0,0,0,0,0,0,1,0,1,0.028824152424931526,0.016496509313583374,0.12628911435604095,0.0140560707077384,0.0056940182112157345,0.013150493614375591,0.005498163402080536,0.03033439815044403,0.06230257824063301,0.0545576810836792,0.003033422864973545,0.024417629465460777
150,5.0,,,,insightface_bbox,0.6675779819488525,0.0,798.5794067382812,891.4342041015625,2426.6787109375,0,0,1,0,0,0,0,0,0,1,0,1,0.03111485205590725,0.017952309921383858,0.15673378109931946,0.014988751150667667,0.006144310347735882,0.014795820228755474,0.0059763360768556595,0.03187979757785797,0.059556953608989716,0.05601176992058754,0.003694352926686406,0.027256853878498077
151,5.033333333333333,,,,insightface_bbox,0.6675779819488525,0.0,798.5794067382812,891.4342041015625,2426.6787109375,0,0,1,0,0,0,0,0,0,1,0,1,0.030422599986195564,0.01741359382867813,0.16334308683872223,0.01506667211651802,0.006138600874692202,0.015106024220585823,0.006097023840993643,0.032692328095436096,0.06138010323047638,0.060119710862636566,0.004103508312255144,0.02754865400493145
152,5.066666666666666,,,,insightface_bbox,0.6675779819488525,0.0,798.5794067382812,891.4342041015625,2426.6787109375,0,0,1,0,0,0,0,0,0,1,0,1,0.030163493007421494,0.016967734321951866,0.17229245603084564,0.014730056747794151,0.005981368012726307,0.0149890361353755,0.0058382791467010975,0.031120527535676956,0.06374214589595795,0.05925719439983368,0.004346598871052265,0.027897881343960762
153,5.1,,,,insightface_bbox,0.6675779819488525,0.0,798.5794067382812,891.4342041015625,2426.6787109375,0,0,1,0,0,0,0,0,0,1,0,1,0.029610328376293182,0.01664840802550316,0.1515645682811737,0.014586085453629494,0.0056822821497917175,0.013921614736318588,0.005652036517858505,0.029652083292603493,0.06115652248263359,0.05568290501832962,0.004559904802590609,0.028629330918192863
154,5.133333333333334,,,,insightface_bbox,0.6675779819488525,0.0,798.5794067382812,891.4342041015625,2426.6787109375,0,0,1,0,0,0,0,0,0,1,0,1,0.0305547546595335,0.01725086197257042,0.14834409952163696,0.01494413148611784,0.005834540352225304,0.013805116526782513,0.005815349984914064,0.030250398442149162,0.05937250703573227,0.05162648856639862,0.004490487743169069,0.028419572860002518
155,5.166666666666667,,,,insightface_bbox,0.6675779819488525,0.0,798.5794067382812,891.4342041015625,2426.6787109375,0,0,1,0,0,0,0,0,0,1,0,0,0.03178563714027405,0.01764422468841076,0.15794561803340912,0.014814403839409351,0.00583592988550663,0.013881126418709755,0.005617608316242695,0.0300142802298069,0.05765525624155998,0.05272529646754265,0.004861600697040558,0.029857873916625977
156,5.2,,,,insightface_bbox,0.7256088852882385,0.0,800.5834350585938,908.4528198242188,2370.34619140625,0,0,1,0,0,0,0,0,0,1,0,0,0.036189112812280655,0.01882031001150608,0.14727038145065308,0.016551898792386055,0.005968335084617138,0.0141171645373106,0.007655927445739508,0.029542597010731697,0.06646484136581421,0.059945039451122284,0.005493741482496262,0.03109395131468773
157,5.233333333333333,,,,insightface_bbox,0.7256088852882385,0.0,800.5834350585938,908.4528198242188,2370.34619140625,0,0,1,0,0,0,0,0,0,1,0,1,0.03487299755215645,0.017808763310313225,0.1490568220615387,0.015521635301411152,0.005619141273200512,0.013205367140471935,0.006464921869337559,0.027804087847471237,0.0658920481801033,0.057380594313144684,0.005058294627815485,0.0314217284321785
158,5.266666666666667,,,,insightface_bbox,0.7256088852882385,0.0,800.5834350585938,908.4528198242188,2370.34619140625,0,0,1,0,0,0,0,0,0,1,0,1,0.03459998592734337,0.017885800451040268,0.14604812860488892,0.01556086353957653,0.005538981407880783,0.013059199787676334,0.006623060908168554,0.027860097587108612,0.0636213943362236,0.05583599954843521,0.00515343900769949,0.03203929215669632
159,5.3,,,,insightface_bbox,0.7256088852882385,0.0,800.5834350585938,908.4528198242188,2370.34619140625,0,0,1,0,0,0,0,0,0,1,0,1,0.03485701605677605,0.01790148764848709,0.13996334373950958,0.01574881747364998,0.005741824395954609,0.01314907893538475,0.007180019281804562,0.028345899656414986,0.0643552914261818,0.057987652719020844,0.004713545087724924,0.02995206229388714
160,5.333333333333333,,,,insightface_bbox,0.7256088852882385,0.0,800.5834350585938,908.4528198242188,2370.34619140625,0,0,1,0,0,0,0,0,0,1,0,1,0.035671819001436234,0.018098415806889534,0.1469132900238037,0.015717415139079094,0.006020812317728996,0.01368866115808487,0.006930269300937653,0.0287079606205225,0.06437071412801743,0.058462873101234436,0.004762126598507166,0.029026169329881668
161,5.366666666666666,,,,insightface_bbox,0.7256088852882385,0.0,800.5834350585938,908.4528198242188,2370.34619140625,0,0,1,0,0,0,0,0,0,1,0,1,0.03598445653915405,0.018066473305225372,0.1542619913816452,0.01559638511389494,0.005896580871194601,0.013655516318976879,0.006666100583970547,0.028200754895806313,0.0653584823012352,0.05812205374240875,0.004702781327068806,0.02951568178832531
162,5.4,,,,insightface_bbox,0.7340160012245178,0.0,800.0022583007812,918.0318603515625,2328.8544921875,0,0,1,0,0,0,0,0,0,1,0,1,0.03500296175479889,0.01866847835481167,0.1306857466697693,0.017170924693346024,0.007222185842692852,0.015382491983473301,0.00842675007879734,0.03216424584388733,0.07878535240888596,0.07289127260446548,0.004211669787764549,0.029408060014247894
163,5.433333333333334,,,,insightface_bbox,0.7340160012245178,0.0,800.0022583007812,918.0318603515625,2328.8544921875,0,0,1,0,0,0,0,0,0,1,0,1,0.035820744931697845,0.018971115350723267,0.13942180573940277,0.01713274046778679,0.007200509309768677,0.015594140626490116,0.008643428795039654,0.03191050514578819,0.07793352752923965,0.0719616487622261,0.0042848545126616955,0.0295671708881855
164,5.466666666666667,,,,insightface_bbox,0.7340160012245178,0.0,800.0022583007812,918.0318603515625,2328.8544921875,0,0,1,0,0,0,0,0,0,1,0,1,0.03754077106714249,0.019612133502960205,0.14871175587177277,0.017476296052336693,0.007075498811900616,0.01575770042836666,0.008670564740896225,0.03335004299879074,0.07863730192184448,0.07231646776199341,0.004356877878308296,0.030040137469768524
165,5.5,,,,insightface_bbox,0.7340160012245178,0.0,800.0022583007812,918.0318603515625,2328.8544921875,0,0,1,0,0,0,0,0,0,1,0,1,0.037619449198246,0.019492443650960922,0.14689578115940094,0.01728961244225502,0.006982430815696716,0.015583558939397335,0.008735718205571175,0.03277401626110077,0.07707946747541428,0.07026021182537079,0.004440710414201021,0.030408745631575584
166,5.533333333333333,,,,insightface_bbox,0.7340160012245178,0.0,800.0022583007812,918.0318603515625,2328.8544921875,0,0,1,0,0,0,0,0,0,1,0,1,0.03556492179632187,0.018694764003157616,0.13575749099254608,0.016578825190663338,0.0067739845253527164,0.01499875821173191,0.008194775320589542,0.03139457106590271,0.07467816025018692,0.06739471107721329,0.004273262806236744,0.02904697135090828
167,5.566666666666666,,,,insightface_bbox,0.7340160012245178,0.0,800.0022583007812,918.0318603515625,2328.8544921875,0,0,1,0,0,0,0,0,0,1,0,1,0.03449510410428047,0.018337760120630264,0.13414663076400757,0.01610594242811203,0.00690024858340621,0.014963383786380291,0.007793737575411797,0.02992020919919014,0.07403449714183807,0.06594760715961456,0.004184793680906296,0.027983665466308594
168,5.6,,,,insightface_bbox,0.7432734966278076,0.0,786.0298461914062,919.6702270507812,2343.6689453125,0,0,1,0,0,0,0,0,0,1,0,1,0.034768860787153244,0.0186166875064373,0.13775025308132172,0.01700190082192421,0.007100956980139017,0.014924081042408943,0.008981497958302498,0.030855339020490646,0.07713420689105988,0.0700894370675087,0.004388284403830767,0.03047345206141472
169,5.633333333333334,,,,insightface_bbox,0.7432734966278076,0.0,786.0298461914062,919.6702270507812,2343.6689453125,0,0,1,0,0,0,0,0,0,1,0,1,0.0352172814309597,0.018507445231080055,0.14578106999397278,0.017157329246401787,0.0068433512933552265,0.014581278897821903,0.0100559638813138,0.029203500598669052,0.07573817670345306,0.06812789291143417,0.005500153638422489,0.035669438540935516
170,5.666666666666667,,,,insightface_bbox,0.7432734966278076,0.0,786.0298461914062,919.6702270507812,2343.6689453125,0,0,1,0,0,0,0,0,0,1,0,1,0.03552357479929924,0.01843372918665409,0.13987413048744202,0.016950447112321854,0.006916110869497061,0.014338758774101734,0.01011896412819624,0.028922611847519875,0.07484447956085205,0.06656304001808167,0.005096683744341135,0.033283524215221405
171,5.7,,,,insightface_bbox,0.7432734966278076,0.0,786.0298461914062,919.6702270507812,2343.6689453125,0,0,1,0,0,0,0,0,0,1,0,1,0.033859048038721085,0.0178810004144907,0.12953390181064606,0.016217881813645363,0.006829662248492241,0.014023139141499996,0.008528361096978188,0.029068168252706528,0.07507727295160294,0.06745561212301254,0.00395320076495409,0.028820177540183067
172,5.733333333333333,,,,insightface_bbox,0.7432734966278076,0.0,786.0298461914062,919.6702270507812,2343.6689453125,0,0,1,0,0,0,0,0,0,1,0,1,0.033174026757478714,0.01756308227777481,0.1304059773683548,0.01597331464290619,0.006761686876416206,0.01434214785695076,0.008130047470331192,0.028122106567025185,0.0727609395980835,0.06605127453804016,0.004159687552601099,0.028852587565779686
173,5.766666666666667,,,,insightface_bbox,0.7432734966278076,0.0,786.0298461914062,919.6702270507812,2343.6689453125,0,0,1,0,0,0,0,0,0,1,0,1,0.033346571028232574,0.017485210672020912,0.12810765206813812,0.01577596925199032,0.006651473231613636,0.014227164909243584,0.007936941459774971,0.027352003380656242,0.07245519012212753,0.06433439254760742,0.004207045305520296,0.02896720916032791
174,5.8,,,,insightface_bbox,0.7329580187797546,0.0,774.0177001953125,904.6050415039062,2368.6474609375,0,0,1,0,0,0,0,0,0,1,0,1,0.029785333201289177,0.01618974655866623,0.1253633052110672,0.0157709252089262,0.005383262410759926,0.012626336887478828,0.007318717427551746,0.029957229271531105,0.06514719873666763,0.05787637084722519,0.003966955468058586,0.02666175737977028
175,5.833333333333333,,,,insightface_bbox,0.7329580187797546,0.0,774.0177001953125,904.6050415039062,2368.6474609375,0,0,1,0,0,0,0,0,0,1,0,1,0.02851824462413788,0.015555020421743393,0.12208965420722961,0.015057755634188652,0.005486085079610348,0.012281006202101707,0.0058087753131985664,0.029570799320936203,0.06620669364929199,0.05935995280742645,0.003494267351925373,0.027624595910310745
176,5.866666666666666,,,,insightface_bbox,0.7329580187797546,0.0,774.0177001953125,904.6050415039062,2368.6474609375,0,0,1,0,0,0,0,0,0,1,0,1,0.029800979420542717,0.015866544097661972,0.12441187351942062,0.015143349766731262,0.005366467405110598,0.012056642211973667,0.00576393399387598,0.029166918247938156,0.0657147765159607,0.059236593544483185,0.003656314220279455,0.02888350933790207
177,5.9,,,,insightface_bbox,0.7329580187797546,0.0,774.0177001953125,904.6050415039062,2368.6474609375,0,0,1,0,0,0,0,0,0,1,0,1,0.029604166746139526,0.016130130738019943,0.11838313937187195,0.015305235050618649,0.005345878191292286,0.0121628912165761,0.006351741496473551,0.028640108183026314,0.06393899023532867,0.05669764429330826,0.0036641471087932587,0.028465183451771736
178,5.933333333333334,,,,insightface_bbox,0.7329580187797546,0.0,774.0177001953125,904.6050415039062,2368.6474609375,0,0,1,0,0,0,0,0,0,1,0,0,0.03179328888654709,0.01726553961634636,0.12617869675159454,0.016777148470282555,0.0055753630585968494,0.013099770061671734,0.008560137823224068,0.029668183997273445,0.06302730739116669,0.05560072511434555,0.004722690209746361,0.029973208904266357
179,5.966666666666667,,,,insightface_bbox,0.7329580187797546,0.0,774.0177001953125,904.6050415039062,2368.6474609375,0,0,1,0,0,0,0,0,0,1,0,0,0.03280898183584213,0.017571663483977318,0.1302526444196701,0.017079545184969902,0.005834645591676235,0.01336999423801899,0.009331334382295609,0.029685290530323982,0.06482837349176407,0.05754148215055466,0.004700209479779005,0.029343336820602417
180,6.0,,,,insightface_bbox,0.6982093453407288,0.0,766.6654663085938,899.9230346679688,2407.6923828125,0,0,1,0,0,0,0,0,0,1,0,0,0.03402697294950485,0.018095362931489944,0.14179572463035583,0.017118709161877632,0.005807472392916679,0.013433932326734066,0.008747436106204987,0.027561161667108536,0.06499132513999939,0.056727729737758636,0.005576954688876867,0.03523479402065277
181,6.033333333333333,,,,insightface_bbox,0.6982093453407288,0.0,766.6654663085938,899.9230346679688,2407.6923828125,0,0,1,0,0,0,0,0,0,1,0,0,0.03204010799527168,0.017717257142066956,0.13421288132667542,0.01654038578271866,0.005725529510527849,0.013196893036365509,0.007358354516327381,0.02838595025241375,0.0639263466000557,0.05749216303229332,0.004752348177134991,0.034056734293699265
182,6.066666666666666,,,,insightface_bbox,0.6982093453407288,0.0,766.6654663085938,899.9230346679688,2407.6923828125,0,0,1,0,0,0,0,0,0,1,0,0,0.03214672952890396,0.01776600442826748,0.1322600543498993,0.01703535206615925,0.005776144098490477,0.013270994648337364,0.008068183436989784,0.02904428355395794,0.0641130730509758,0.05646594241261482,0.00498554389923811,0.03390927612781525
183,6.1,,,,insightface_bbox,0.6982093453407288,0.0,766.6654663085938,899.9230346679688,2407.6923828125,0,0,1,0,0,0,0,0,0,1,0,0,0.031757548451423645,0.017112072557210922,0.12282019853591919,0.01628735661506653,0.005435943137854338,0.012836665846407413,0.0080333286896348,0.024998798966407776,0.06071099638938904,0.052218999713659286,0.005129017401486635,0.029566248878836632
184,6.133333333333334,,,,insightface_bbox,0.6982093453407288,0.0,766.6654663085938,899.9230346679688,2407.6923828125,0,0,1,0,0,0,0,0,0,1,0,0,0.03317080810666084,0.01755664125084877,0.130746990442276,0.01676025427877903,0.0060517252422869205,0.013557913713157177,0.008869794197380543,0.025291554629802704,0.06435580551624298,0.05614582449197769,0.004950659349560738,0.029843216761946678
185,6.166666666666667,,,,insightface_bbox,0.6982093453407288,0.0,766.6654663085938,899.9230346679688,2407.6923828125,0,0,1,0,0,0,0,0,0,1,0,0,0.033721670508384705,0.01762271858751774,0.1365363746881485,0.01675904355943203,0.0061283595860004425,0.013634687289595604,0.008992397226393223,0.025367427617311478,0.06416669487953186,0.055481694638729095,0.005052457097917795,0.03034600242972374
186,6.2,,,,insightface_bbox,0.701188325881958,0.0,785.0628051757812,909.2348022460938,2408.336181640625,0,0,1,0,0,0,0,0,0,1,0,0,0.035103246569633484,0.01834891550242901,0.14493627846240997,0.016857024282217026,0.006008921191096306,0.013484022580087185,0.008961082436144352,0.025398727506399155,0.06397150456905365,0.05421850457787514,0.005275269038975239,0.0316808857023716
187,6.233333333333333,,,,insightface_bbox,0.701188325881958,0.0,785.0628051757812,909.2348022460938,2408.336181640625,0,0,1,0,0,0,0,0,0,1,0,0,0.035621222108602524,0.018667111173272133,0.14218385517597198,0.01686066761612892,0.006233088672161102,0.013560247607529163,0.009438601322472095,0.026125773787498474,0.06557264924049377,0.05531573295593262,0.005090268794447184,0.03127142786979675
188,6.266666666666667,,,,insightface_bbox,0.701188325881958,0.0,785.0628051757812,909.2348022460938,2408.336181640625,0,0,1,0,0,0,0,0,0,1,0,1,0.03353818133473396,0.017500687390565872,0.13298380374908447,0.014922548085451126,0.005829462315887213,0.01296199019998312,0.006704768165946007,0.024305857717990875,0.06592424213886261,0.05594547092914581,0.0043931202962994576,0.028831355273723602
189,6.3,,,,insightface_bbox,0.701188325881958,0.0,785.0628051757812,909.2348022460938,2408.336181640625,0,0,1,0,0,0,0,0,0,1,0,1,0.03720865026116371,0.018712472170591354,0.1514090895652771,0.015467453747987747,0.005917091853916645,0.013329414650797844,0.006364353001117706,0.024695677682757378,0.06889723986387253,0.05711311846971512,0.004807163495570421,0.030983608216047287
190,6.333333333333333,,,,insightface_bbox,0.701188325881958,0.0,785.0628051757812,909.2348022460938,2408.336181640625,0,0,1,0,0,0,0,0,0,1,0,1,0.035155586898326874,0.018010834231972694,0.1378728747367859,0.0149903679266572,0.005820312537252903,0.01289758738130331,0.00635354220867157,0.0242456067353487,0.06732991337776184,0.055660273879766464,0.004437667783349752,0.029535990208387375
191,6.366666666666666,,,,insightface_bbox,0.701188325881958,0.0,785.0628051757812,909.2348022460938,2408.336181640625,0,0,1,0,0,0,0,0,0,1,0,1,0.03401416540145874,0.017527567222714424,0.13344864547252655,0.014936929568648338,0.005859537050127983,0.012994692660868168,0.006731199566274881,0.024228151887655258,0.06635463982820511,0.055367566645145416,0.004232293926179409,0.028234176337718964
192,6.4,,,,insightface_bbox,0.7119906544685364,0.0,803.9832153320312,897.5328979492188,2379.643798828125,0,0,1,0,0,0,0,0,0,1,0,0,0.03758629411458969,0.01890144869685173,0.14680618047714233,0.015919499099254608,0.006178430747240782,0.013677181676030159,0.00790721457451582,0.024771254509687424,0.06625590473413467,0.05624759569764137,0.004902341403067112,0.03086048923432827
193,6.433333333333334,,,,insightface_bbox,0.7119906544685364,0.0,803.9832153320312,897.5328979492188,2379.643798828125,0,0,1,0,0,0,0,0,0,1,0,1,0.03615288436412811,0.018359990790486336,0.14096060395240784,0.01575351133942604,0.006022057496011257,0.013672241941094398,0.007764833979308605,0.02535003237426281,0.06732984632253647,0.05879350006580353,0.0050600734539330006,0.0308704636991024
194,6.466666666666667,,,,insightface_bbox,0.7119906544685364,0.0,803.9832153320312,897.5328979492188,2379.643798828125,0,0,1,0,0,0,0,0,0,1,0,0,0.03705712407827377,0.019056828692555428,0.14130698144435883,0.016412386670708656,0.006192299071699381,0.014159799553453922,0.00855610053986311,0.02601926401257515,0.06707989424467087,0.06044250354170799,0.005410047713667154,0.03241816535592079
195,6.5,,,,insightface_bbox,0.7119906544685364,0.0,803.9832153320312,897.5328979492188,2379.643798828125,0,0,1,0,0,0,0,0,0,1,0,0,0.03759924694895744,0.01938328891992569,0.14492937922477722,0.016723638400435448,0.006247368641197681,0.014334382489323616,0.008773255161941051,0.026967331767082214,0.06797891855239868,0.06205673888325691,0.005306585226207972,0.03253583237528801
196,6.533333333333333,,,,insightface_bbox,0.7119906544685364,0.0,803.9832153320312,897.5328979492188,2379.643798828125,0,0,1,0,0,0,0,0,0,1,0,1,0.038439493626356125,0.01960991881787777,0.15075825154781342,0.017098627984523773,0.0063860248774290085,0.014577182941138744,0.00899223517626524,0.028158869594335556,0.06961750984191895,0.06339269876480103,0.005312629975378513,0.0328800231218338
197,6.566666666666666,,,,insightface_bbox,0.7119906544685364,0.0,803.9832153320312,897.5328979492188,2379.643798828125,0,0,1,0,0,0,0,0,0,1,0,1,0.03929989039897919,0.019642282277345657,0.15498629212379456,0.01699673756957054,0.006230981554836035,0.014558987691998482,0.008974822238087654,0.027998173609375954,0.06972473859786987,0.06298165023326874,0.005245406646281481,0.032877594232559204
198,6.6,,,,insightface_bbox,0.7318247556686401,0.0,775.370849609375,912.3502197265625,2358.478759765625,0,0,1,0,0,0,0,0,0,1,0,1,0.03654774650931358,0.0190793015062809,0.14164865016937256,0.016945308074355125,0.007418117485940456,0.01532934419810772,0.008906122297048569,0.03011070005595684,0.08889266103506088,0.07746986299753189,0.004077484365552664,0.0323316752910614
199,6.633333333333334,,,,insightface_bbox,0.7318247556686401,0.0,775.370849609375,912.3502197265625,2358.478759765625,0,0,1,0,0,0,0,0,0,1,0,1,0.0373404324054718,0.01942068710923195,0.14616867899894714,0.017228014767169952,0.0077101001515984535,0.01554940827190876,0.009187284857034683,0.030737372115254402,0.0927446037530899,0.08107073605060577,0.0038757859729230404,0.0325506366789341
200,6.666666666666667,,,,insightface_bbox,0.7318247556686401,0.0,775.370849609375,912.3502197265625,2358.478759765625,0,0,1,0,0,0,0,0,0,1,0,1,0.036572426557540894,0.019022641703486443,0.14213360846042633,0.016897566616535187,0.007583685219287872,0.01520488876849413,0.00886573363095522,0.030369669198989868,0.09188973158597946,0.0798877701163292,0.003785295644775033,0.03158228099346161
201,6.7,,,,insightface_bbox,0.7318247556686401,0.0,775.370849609375,912.3502197265625,2358.478759765625,0,0,1,0,0,0,0,0,0,1,0,1,0.037333983927965164,0.01909470558166504,0.14339151978492737,0.0174407921731472,0.0076021552085876465,0.015556957572698593,0.010195700451731682,0.03037433698773384,0.09207986295223236,0.07828828692436218,0.004359390586614609,0.03414607420563698
202,6.733333333333333,,,,insightface_bbox,0.7318247556686401,0.0,775.370849609375,912.3502197265625,2358.478759765625,0,0,1,0,0,0,0,0,0,1,0,0,0.04076976701617241,0.02104576677083969,0.15608569979667664,0.019875606521964073,0.007735091261565685,0.016999056562781334,0.01380746066570282,0.03119504451751709,0.08698785305023193,0.07583074271678925,0.0069550275802612305,0.04293171316385269
203,6.766666666666667,,,,insightface_bbox,0.7318247556686401,0.0,775.370849609375,912.3502197265625,2358.478759765625,0,0,1,0,0,0,0,0,0,1,0,0,0.04040969908237457,0.021191900596022606,0.16652749478816986,0.019649412482976913,0.006685648579150438,0.01663755625486374,0.011854303069412708,0.03277885913848877,0.08235311508178711,0.07152581959962845,0.008040865883231163,0.046838194131851196
204,6.8,,,,insightface_bbox,0.7292251586914062,0.0,811.0201416015625,908.12646484375,2364.323486328125,0,0,1,0,0,0,0,0,0,1,0,1,0.03756248578429222,0.018414447084069252,0.1509096920490265,0.016550563275814056,0.006659919861704111,0.014339550398290157,0.007937652058899403,0.030168913304805756,0.08142273873090744,0.06975392252206802,0.0040911296382546425,0.032492272555828094
205,6.833333333333333,,,,insightface_bbox,0.7292251586914062,0.0,811.0201416015625,908.12646484375,2364.323486328125,0,0,1,0,0,0,0,0,0,1,0,1,0.03498677536845207,0.017838452011346817,0.1371447890996933,0.015196513384580612,0.006638872437179089,0.01382631715387106,0.006512790452688932,0.028515826910734177,0.07491467148065567,0.06429927051067352,0.0035488950088620186,0.02844129130244255
206,6.866666666666666,,,,insightface_bbox,0.7292251586914062,0.0,811.0201416015625,908.12646484375,2364.323486328125,0,0,1,0,0,0,0,0,0,1,0,1,0.03586013987660408,0.018045438453555107,0.14827242493629456,0.015266990289092064,0.006827792152762413,0.014159934595227242,0.006364195607602596,0.028715431690216064,0.07834508270025253,0.06742420047521591,0.0036923273000866175,0.030472833663225174
207,6.9,,,,insightface_bbox,0.7292251586914062,0.0,811.0201416015625,908.12646484375,2364.323486328125,0,0,1,0,0,0,0,0,0,1,0,1,0.03694336488842964,0.018304631114006042,0.14765295386314392,0.015475279651582241,0.006368713453412056,0.014137801714241505,0.006511069368571043,0.02767079696059227,0.07445414364337921,0.0643937736749649,0.005040586926043034,0.03381485119462013
208,6.933333333333334,,,,insightface_bbox,0.7292251586914062,0.0,811.0201416015625,908.12646484375,2364.323486328125,0,0,1,0,0,0,0,0,0,1,0,1,0.037131089717149734,0.01838030479848385,0.14867234230041504,0.015438799746334553,0.006283763330429792,0.01431983057409525,0.006401387974619865,0.027598384767770767,0.07411886006593704,0.06382889300584793,0.005526553839445114,0.03495847433805466
209,6.966666666666667,,,,insightface_bbox,0.7292251586914062,0.0,811.0201416015625,908.12646484375,2364.323486328125,0,0,1,0,0,0,0,0,0,1,0,1,0.03615325689315796,0.017859112471342087,0.1535647213459015,0.015413308516144753,0.006224367767572403,0.014314357191324234,0.006509845145046711,0.027440553531050682,0.0742659643292427,0.06459616869688034,0.005688447970896959,0.03553898632526398
210,7.0,,,,insightface_bbox,0.7232019901275635,0.0,799.2201538085938,900.1495971679688,2366.586181640625,0,0,1,0,0,0,0,0,0,1,0,1,0.02987927943468094,0.01703338325023651,0.1324753314256668,0.014945232309401035,0.00607138779014349,0.014263171702623367,0.006050708703696728,0.030088059604167938,0.06594887375831604,0.06195375323295593,0.004418711643666029,0.028579045087099075
211,7.033333333333333,,,,insightface_bbox,0.7232019901275635,0.0,799.2201538085938,900.1495971679688,2366.586181640625,0,0,1,0,0,0,0,0,0,1,0,1,0.028789805248379707,0.016391674056649208,0.12336044758558273,0.014930538833141327,0.005850490182638168,0.014079409651458263,0.006309710908681154,0.030242081731557846,0.06688050180673599,0.0625024288892746,0.004256026819348335,0.028314264491200447
212,7.066666666666666,,,,insightface_bbox,0.7232019901275635,0.0,799.2201538085938,900.1495971679688,2366.586181640625,0,0,1,0,0,0,0,0,0,1,0,1,0.027534810826182365,0.015949219465255737,0.12314434349536896,0.014989620074629784,0.005821710452437401,0.013562364503741264,0.006463449448347092,0.030300317332148552,0.06732718646526337,0.061697088181972504,0.00404125964269042,0.028501899912953377
213,7.1,,,,insightface_bbox,0.7232019901275635,0.0,799.2201538085938,900.1495971679688,2366.586181640625,0,0,1,0,0,0,0,0,0,1,0,1,0.028428712859749794,0.01652444154024124,0.13320326805114746,0.0154044758528471,0.005987672600895166,0.014202036894857883,0.00627107871696353,0.03369786962866783,0.06819290667772293,0.06039650738239288,0.004003196023404598,0.029056651517748833
214,7.133333333333334,,,,insightface_bbox,0.7232019901275635,0.0,799.2201538085938,900.1495971679688,2366.586181640625,0,0,1,0,0,0,0,0,0,1,0,1,0.028538532555103302,0.015881763771176338,0.12992852926254272,0.014459086582064629,0.005595691502094269,0.013463430106639862,0.005492088384926319,0.03012363240122795,0.0663093775510788,0.0591704286634922,0.0037822341546416283,0.027882501482963562
215,7.166666666666667,,,,insightface_bbox,0.7232019901275635,0.0,799.2201538085938,900.1495971679688,2366.586181640625,0,0,1,0,0,0,0,0,0,1,0,1,0.0297066830098629,0.016256945207715034,0.13033875823020935,0.014386889524757862,0.005847692955285311,0.013829432427883148,0.005943254102021456,0.030475299805402756,0.0646778792142868,0.05873121693730354,0.004111692309379578,0.026400519534945488
216,7.2,,,,insightface_bbox,0.7489049434661865,0.0,800.8701171875,915.40869140625,2338.841064453125,0,0,1,0,0,0,0,0,0,1,0,1,0.034143682569265366,0.01746765337884426,0.13755559921264648,0.015956953167915344,0.006080483552068472,0.013571415096521378,0.007874377071857452,0.02644519880414009,0.06394898891448975,0.05721975117921829,0.0046296496875584126,0.02987785078585148
217,7.233333333333333,,,,insightface_bbox,0.7489049434661865,0.0,800.8701171875,915.40869140625,2338.841064453125,0,0,1,0,0,0,0,0,0,1,0,0,0.03491600602865219,0.017724059522151947,0.14062976837158203,0.01585513725876808,0.005718435160815716,0.01395126897841692,0.00818396545946598,0.024802587926387787,0.0601981021463871,0.05283225327730179,0.005724836140871048,0.03089437633752823
218,7.266666666666667,,,,insightface_bbox,0.7489049434661865,0.0,800.8701171875,915.40869140625,2338.841064453125,0,0,1,0,0,0,0,0,0,1,0,0,0.03488967940211296,0.017571330070495605,0.14288844168186188,0.015536708757281303,0.00564643694087863,0.01379068847745657,0.007749197538942099,0.024077435955405235,0.05934901908040047,0.05129965394735336,0.005660916678607464,0.03042050637304783
219,7.3,,,,insightface_bbox,0.7489049434661865,0.0,800.8701171875,915.40869140625,2338.841064453125,0,0,1,0,0,0,0,0,0,1,0,0,0.03510143235325813,0.017609257251024246,0.13790400326251984,0.015437763184309006,0.005521465092897415,0.01354188285768032,0.007442057132720947,0.023849498480558395,0.058688364923000336,0.050742365419864655,0.005609097890555859,0.02999081462621689
220,7.333333333333333,,,,insightface_bbox,0.7489049434661865,0.0,800.8701171875,915.40869140625,2338.841064453125,0,0,1,0,0,0,0,0,0,1,0,0,0.03432900086045265,0.017275094985961914,0.13182057440280914,0.01523076556622982,0.005423552356660366,0.013130390085279942,0.007377782836556435,0.023616444319486618,0.057934388518333435,0.04988027736544609,0.005619770847260952,0.029774419963359833
221,7.366666666666666,,,,insightface_bbox,0.7489049434661865,0.0,800.8701171875,915.40869140625,2338.841064453125,0,0,1,0,0,0,0,0,0,1,0,0,0.03349752724170685,0.01698208414018154,0.1333884596824646,0.01515985932201147,0.0053998245857656,0.013032892718911171,0.007221749983727932,0.022847231477499008,0.057845331728458405,0.04905165731906891,0.006810384336858988,0.03229360282421112
222,7.4,,,,insightface_bbox,0.7206636667251587,0.0,763.5787963867188,906.4055786132812,2383.937255859375,0,0,1,0,0,0,0,0,0,1,0,0,0.032512690871953964,0.016860490664839745,0.1303575336933136,0.015198089182376862,0.005160179454833269,0.013067184016108513,0.007032853551208973,0.022372443228960037,0.05715319514274597,0.04904364049434662,0.006651733070611954,0.03202754259109497
223,7.433333333333334,,,,insightface_bbox,0.7206636667251587,0.0,763.5787963867188,906.4055786132812,2383.937255859375,0,0,1,0,0,0,0,0,0,1,0,0,0.03296295553445816,0.017347263172268867,0.1283748298883438,0.01556263118982315,0.005332315806299448,0.013094381429255009,0.007412846200168133,0.023110320791602135,0.057113923132419586,0.05009535327553749,0.006235704757273197,0.03122015856206417
224,7.466666666666667,,,,insightface_bbox,0.7206636667251587,0.0,763.5787963867188,906.4055786132812,2383.937255859375,0,0,1,0,0,0,0,0,0,1,0,0,0.034509140998125076,0.017848916351795197,0.1307850480079651,0.015780393034219742,0.0055587622337043285,0.013628950342535973,0.007903443649411201,0.023561857640743256,0.06040681153535843,0.052061934024095535,0.0062594120390713215,0.0313444584608078
225,7.5,,,,insightface_bbox,0.7206636667251587,0.0,763.5787963867188,906.4055786132812,2383.937255859375,0,0,1,0,0,0,0,0,0,1,0,0,0.03212955221533775,0.016704298555850983,0.12061972171068192,0.014465156942605972,0.005531067959964275,0.013037294149398804,0.006115504540503025,0.022923367097973824,0.05901661142706871,0.05061747506260872,0.004666097927838564,0.026941895484924316
226,7.533333333333333,,,,insightface_bbox,0.7206636667251587,0.0,763.5787963867188,906.4055786132812,2383.937255859375,0,0,1,0,0,0,0,0,0,1,0,0,0.03245061635971069,0.01722782664000988,0.12091460824012756,0.015123696066439152,0.005762679036706686,0.013288975693285465,0.006578175816684961,0.02430148422718048,0.06000610068440437,0.05253501236438751,0.004500670358538628,0.02740059420466423
227,7.566666666666666,,,,insightface_bbox,0.7206636667251587,0.0,763.5787963867188,906.4055786132812,2383.937255859375,0,0,1,0,0,0,0,0,0,1,0,0,0.03321734815835953,0.017495382577180862,0.12567593157291412,0.015416709706187248,0.005762534216046333,0.013519632630050182,0.007186360191553831,0.023615246638655663,0.05953355133533478,0.05190048739314079,0.005312895402312279,0.029367299750447273
228,7.6,,,,insightface_bbox,0.7266897559165955,0.0,784.2716064453125,925.6837768554688,2358.374267578125,0,0,1,0,0,0,0,0,0,1,0,0,0.03416449576616287,0.01806248351931572,0.1259026974439621,0.01653112843632698,0.006482601631432772,0.014080453664064407,0.008926302194595337,0.026888906955718994,0.06746748089790344,0.05771994590759277,0.005898111499845982,0.03316574543714523
229,7.633333333333334,,,,insightface_bbox,0.7266897559165955,0.0,784.2716064453125,925.6837768554688,2358.374267578125,0,0,1,0,0,0,0,0,0,1,0,0,0.032287899404764175,0.01737838238477707,0.1140909343957901,0.015977589413523674,0.006246574223041534,0.01352066732943058,0.008091520518064499,0.027000941336154938,0.06752828508615494,0.05907949060201645,0.004936285316944122,0.03009558841586113
230,7.666666666666667,,,,insightface_bbox,0.7266897559165955,0.0,784.2716064453125,925.6837768554688,2358.374267578125,0,0,1,0,0,0,0,0,0,1,0,0,0.03208764269948006,0.01729298196732998,0.11221494525671005,0.015930693596601486,0.00628754124045372,0.013452460058033466,0.00808674842119217,0.026581669226288795,0.06760939955711365,0.059486500918865204,0.0047268071211874485,0.02940945513546467
231,7.7,,,,insightface_bbox,0.7266897559165955,0.0,784.2716064453125,925.6837768554688,2358.374267578125,0,0,1,0,0,0,0,0,0,1,0,0,0.031705182045698166,0.016962410882115364,0.1095280796289444,0.015691092237830162,0.006165139377117157,0.013330974616110325,0.007690903730690479,0.02685210108757019,0.06684023141860962,0.05930442735552788,0.004678203724324703,0.02845071628689766
232,7.733333333333333,,,,insightface_bbox,0.7266897559165955,0.0,784.2716064453125,925.6837768554688,2358.374267578125,0,0,1,0,0,0,0,0,0,1,0,0,0.03299666941165924,0.017142903059720993,0.1159762516617775,0.01573752425611019,0.006210989784449339,0.013595269992947578,0.007927635684609413,0.027182718738913536,0.06824536621570587,0.06038516014814377,0.004972086288034916,0.029728461056947708
233,7.766666666666667,,,,insightface_bbox,0.7266897559165955,0.0,784.2716064453125,925.6837768554688,2358.374267578125,0,0,1,0,0,0,0,0,0,1,0,0,0.03415483981370926,0.017684724181890488,0.12176153063774109,0.016142195090651512,0.006569260265678167,0.01376759260892868,0.009098723530769348,0.02683034911751747,0.06786029785871506,0.057571157813072205,0.0053350189700722694,0.0315253771841526
234,7.8,,,,insightface_bbox,0.7318682670593262,0.0,761.5188598632812,914.2453002929688,2386.976806640625,0,0,1,0,0,0,0,0,0,1,0,0,0.03558262437582016,0.0181339792907238,0.13258236646652222,0.016348036006093025,0.006586282514035702,0.013995109125971794,0.00966754462569952,0.025858163833618164,0.06752205640077591,0.05666867643594742,0.006064553279429674,0.034979354590177536
235,7.833333333333333,,,,insightface_bbox,0.7318682670593262,0.0,761.5188598632812,914.2453002929688,2386.976806640625,0,0,1,0,0,0,0,0,0,1,0,0,0.03448526933789253,0.017679985612630844,0.12987756729125977,0.01663358137011528,0.006418559700250626,0.014025487005710602,0.009980125352740288,0.02721703052520752,0.06881987303495407,0.05696577578783035,0.005848063621670008,0.0335945226252079
236,7.866666666666666,,,,insightface_bbox,0.7318682670593262,0.0,761.5188598632812,914.2453002929688,2386.976806640625,0,0,1,0,0,0,0,0,0,1,0,0,0.033419158309698105,0.01735389605164528,0.11958255618810654,0.016890380531549454,0.006412122398614883,0.01424460206180811,0.010227091610431671,0.027741611003875732,0.06480421125888824,0.055770669132471085,0.006272729951888323,0.03226424381136894
237,7.9,,,,insightface_bbox,0.7318682670593262,0.0,761.5188598632812,914.2453002929688,2386.976806640625,0,0,1,0,0,0,0,0,0,1,0,0,0.033967189490795135,0.017863024026155472,0.12254080921411514,0.01785203628242016,0.006296944338828325,0.014332207851111889,0.011139372363686562,0.02840668149292469,0.06585027277469635,0.057397715747356415,0.0068175517953932285,0.03539707139134407
238,7.933333333333334,,,,insightface_bbox,0.7318682670593262,0.0,761.5188598632812,914.2453002929688,2386.976806640625,0,0,1,0,0,0,0,0,0,1,0,0,0.035078901797533035,0.018692953512072563,0.13437575101852417,0.018895316869020462,0.006458643823862076,0.014876238070428371,0.012120695784687996,0.029284877702593803,0.06915493309497833,0.05832343548536301,0.007643360644578934,0.038915250450372696
239,7.966666666666667,,,,insightface_bbox,0.7318682670593262,0.0,761.5188598632812,914.2453002929688,2386.976806640625,0,0,1,0,0,0,0,0,0,1,0,0,0.03400078043341637,0.017442423850297928,0.12198877334594727,0.01658332347869873,0.006159420125186443,0.014111305586993694,0.009929008781909943,0.02565774880349636,0.06810145080089569,0.055786654353141785,0.006460591219365597,0.03384215012192726
240,8.0,,,,insightface_bbox,0.7159454822540283,0.0,777.0018310546875,925.1829833984375,2367.664306640625,0,0,1,0,0,0,0,0,0,1,0,0,0.033320166170597076,0.017416052520275116,0.11803007125854492,0.01619156263768673,0.006303037982434034,0.013665402308106422,0.009721281938254833,0.02479787915945053,0.06722831726074219,0.056140899658203125,0.00527964998036623,0.0320863202214241
241,8.033333333333333,,,,insightface_bbox,0.7159454822540283,0.0,777.0018310546875,925.1829833984375,2367.664306640625,0,0,1,0,0,0,0,0,0,1,0,0,0.03350934758782387,0.016849253326654434,0.12377272546291351,0.01621132344007492,0.006531693506985903,0.013753307051956654,0.01011398620903492,0.024757884442806244,0.07211579382419586,0.05948689579963684,0.005362292286008596,0.03418199345469475
242,8.066666666666666,,,,insightface_bbox,0.7159454822540283,0.0,777.0018310546875,925.1829833984375,2367.664306640625,0,0,1,0,0,0,0,0,0,1,0,0,0.03537752106785774,0.017861606553196907,0.13394872844219208,0.017331089824438095,0.006585520692169666,0.014464572072029114,0.012204829603433609,0.026257215067744255,0.07405564934015274,0.060965582728385925,0.00592138571664691,0.03628610447049141
243,8.1,,,,insightface_bbox,0.7159454822540283,0.0,777.0018310546875,925.1829833984375,2367.664306640625,0,0,1,0,0,0,0,0,0,1,0,0,0.03577499836683273,0.017907705157995224,0.13079923391342163,0.017138993367552757,0.006607700604945421,0.014526180922985077,0.012035966850817204,0.0256962887942791,0.07286904752254486,0.06013435125350952,0.0059980787336826324,0.035778168588876724
244,8.133333333333333,,,,insightface_bbox,0.7159454822540283,0.0,777.0018310546875,925.1829833984375,2367.664306640625,0,0,1,0,0,0,0,0,0,1,0,0,0.03525158017873764,0.017739292234182358,0.12803950905799866,0.016836343333125114,0.006653978955000639,0.014501247555017471,0.011406948789954185,0.02527569606900215,0.07232795655727386,0.059998832643032074,0.005899378564208746,0.03547564521431923
245,8.166666666666666,,,,insightface_bbox,0.7159454822540283,0.0,777.0018310546875,925.1829833984375,2367.664306640625,0,0,1,0,0,0,0,0,0,1,0,0,0.03527470678091049,0.017719648778438568,0.13205797970294952,0.016827750951051712,0.00644576083868742,0.014260309748351574,0.011194813065230846,0.025510452687740326,0.07131125777959824,0.058953240513801575,0.0059304735623300076,0.03486428037285805
246,8.2,,,,insightface_bbox,0.6881612539291382,0.0,764.1433715820312,904.7257690429688,2408.806884765625,0,0,1,0,0,0,0,0,0,1,0,0,0.03647415712475777,0.018494034186005592,0.14589132368564606,0.017076760530471802,0.006612920202314854,0.014478628523647785,0.010853307321667671,0.025390760973095894,0.07303108274936676,0.05904604122042656,0.005661075934767723,0.036054499447345734
247,8.233333333333333,,,,insightface_bbox,0.6881612539291382,0.0,764.1433715820312,904.7257690429688,2408.806884765625,0,0,1,0,0,0,0,0,0,1,0,0,0.03545312583446503,0.01796364225447178,0.12743765115737915,0.01598331704735756,0.006223882082849741,0.013764705508947372,0.009457685053348541,0.02485201507806778,0.07021813839673996,0.058018434792757034,0.0053286063484847546,0.03336072340607643
248,8.266666666666667,,,,insightface_bbox,0.6881612539291382,0.0,764.1433715820312,904.7257690429688,2408.806884765625,0,0,1,0,0,0,0,0,0,1,0,0,0.03554408252239227,0.01797374151647091,0.12580689787864685,0.015896188095211983,0.006145896390080452,0.013897466473281384,0.009613411501049995,0.024328287690877914,0.06769362092018127,0.05610189959406853,0.0057484544813632965,0.033426932990550995
249,8.3,,,,insightface_bbox,0.6881612539291382,0.0,764.1433715820312,904.7257690429688,2408.806884765625,0,0,1,0,0,0,0,0,0,1,0,0,0.03461065515875816,0.017763102427124977,0.1306237131357193,0.01606820896267891,0.006023631896823645,0.014208406209945679,0.009818175807595253,0.024324409663677216,0.0675099566578865,0.05513627454638481,0.006263738498091698,0.034235600382089615
250,8.333333333333334,,,,insightface_bbox,0.6881612539291382,0.0,764.1433715820312,904.7257690429688,2408.806884765625,0,0,1,0,0,0,0,0,0,1,0,0,0.03502202779054642,0.018220461905002594,0.12720802426338196,0.016749395057559013,0.005940514616668224,0.014351410791277885,0.009003263898193836,0.02595178782939911,0.06473181396722794,0.054938703775405884,0.0066644977778196335,0.033759210258722305
251,8.366666666666667,,,,insightface_bbox,0.6881612539291382,0.0,764.1433715820312,904.7257690429688,2408.806884765625,0,0,1,0,0,0,0,0,0,1,0,0,0.03543245419859886,0.01812463440001011,0.12509258091449738,0.016548125073313713,0.0059913527220487595,0.01394744124263525,0.008485665544867516,0.02638290636241436,0.06662272661924362,0.05685816705226898,0.005647012963891029,0.03196311742067337
252,8.4,,,,insightface_bbox,0.7368969917297363,0.0,777.0972290039062,926.0595092773438,2339.760009765625,0,0,1,0,0,0,0,0,0,1,0,1,0.032302938401699066,0.017100634053349495,0.11496143043041229,0.015829572454094887,0.006862493231892586,0.015754222869873047,0.007343727629631758,0.029538344591856003,0.07990036904811859,0.06910835206508636,0.004679685924202204,0.030604422092437744
253,8.433333333333334,,,,insightface_bbox,0.7368969917297363,0.0,777.0972290039062,926.0595092773438,2339.760009765625,0,0,1,0,0,0,0,0,0,1,0,1,0.0326889343559742,0.017154434695839882,0.11729231476783752,0.01570824161171913,0.0067832390777766705,0.014865090139210224,0.007489501032978296,0.029262103140354156,0.0795193463563919,0.06805349141359329,0.0038978499360382557,0.02884606644511223
254,8.466666666666667,,,,insightface_bbox,0.7368969917297363,0.0,777.0972290039062,926.0595092773438,2339.760009765625,0,0,1,0,0,0,0,0,0,1,0,1,0.031533997505903244,0.0165463387966156,0.11118248850107193,0.01530932355672121,0.006767753046005964,0.014605661854147911,0.007175751030445099,0.029091067612171173,0.07726572453975677,0.06657566130161285,0.003722646739333868,0.027237653732299805
255,8.5,,,,insightface_bbox,0.7368969917297363,0.0,777.0972290039062,926.0595092773438,2339.760009765625,0,0,1,0,0,0,0,0,0,1,0,1,0.03153562545776367,0.016500376164913177,0.11416812241077423,0.015733515843749046,0.006941495928913355,0.01602979563176632,0.007541550323367119,0.02905261516571045,0.07817508280277252,0.06745912879705429,0.004683486185967922,0.02926354855298996
256,8.533333333333333,,,,insightface_bbox,0.7368969917297363,0.0,777.0972290039062,926.0595092773438,2339.760009765625,0,0,1,0,0,0,0,0,0,1,0,1,0.03224657475948334,0.016711516305804253,0.11856197565793991,0.01597435399889946,0.0068390509113669395,0.016090495511889458,0.007719562388956547,0.02817077934741974,0.07748647779226303,0.06532230973243713,0.00550694577395916,0.03193917125463486
257,8.566666666666666,,,,insightface_bbox,0.7368969917297363,0.0,777.0972290039062,926.0595092773438,2339.760009765625,0,0,1,0,0,0,0,0,0,1,0,1,0.03328891843557358,0.0173067357391119,0.12267681956291199,0.016471095383167267,0.007011887617409229,0.01592245139181614,0.00821310468018055,0.028890559449791908,0.0770617350935936,0.06668829917907715,0.005470569711178541,0.03200354799628258
258,8.6,,,,insightface_bbox,0.7131090760231018,0.0,780.1235961914062,916.8568725585938,2348.3740234375,0,0,1,0,0,0,0,0,0,1,0,1,0.03400501236319542,0.0174928717315197,0.12473559379577637,0.016442501917481422,0.0067949299700558186,0.014789323322474957,0.008191055618226528,0.028827963396906853,0.07523596286773682,0.06674904376268387,0.004672421608120203,0.0313974991440773
259,8.633333333333333,,,,insightface_bbox,0.7131090760231018,0.0,780.1235961914062,916.8568725585938,2348.3740234375,0,0,1,0,0,0,0,0,0,1,0,1,0.03559822961688042,0.017908673733472824,0.1325538605451584,0.01726355589926243,0.006836094427853823,0.015149204060435295,0.008926590904593468,0.030316494405269623,0.07714339345693588,0.06751246750354767,0.005413344129920006,0.034067604690790176
260,8.666666666666666,,,,insightface_bbox,0.7131090760231018,0.0,780.1235961914062,916.8568725585938,2348.3740234375,0,0,1,0,0,0,0,0,0,1,0,0,0.03535950183868408,0.017809592187404633,0.14394409954547882,0.01756724715232849,0.0065672812052071095,0.015389843843877316,0.009682772681117058,0.029294846579432487,0.0742502361536026,0.06332322210073471,0.006734960712492466,0.040520358830690384
261,8.7,,,,insightface_bbox,0.7131090760231018,0.0,780.1235961914062,916.8568725585938,2348.3740234375,0,0,1,0,0,0,0,0,0,1,0,0,0.037137556821107864,0.019010990858078003,0.15074169635772705,0.019103361293673515,0.006772646680474281,0.016256708651781082,0.010660066269338131,0.030997926369309425,0.07534739375114441,0.0637085810303688,0.008352065458893776,0.04430096223950386
262,8.733333333333333,,,,insightface_bbox,0.7131090760231018,0.0,780.1235961914062,916.8568725585938,2348.3740234375,0,0,1,0,0,0,0,0,0,1,0,0,0.037336550652980804,0.019224194809794426,0.12909068167209625,0.01802128367125988,0.0068453229032456875,0.015270895324647427,0.010960698127746582,0.02970675379037857,0.07263767719268799,0.06197958439588547,0.006235025357455015,0.03519231453537941
263,8.766666666666667,,,,insightface_bbox,0.7131090760231018,0.0,780.1235961914062,916.8568725585938,2348.3740234375,0,0,1,0,0,0,0,0,0,1,0,0,0.034031305462121964,0.01781097985804081,0.12140250951051712,0.016899259760975838,0.006413615774363279,0.014681519940495491,0.008585250936448574,0.028974544256925583,0.07112927734851837,0.06401588022708893,0.00569858169183135,0.03151632472872734
264,8.8,,,,insightface_bbox,0.7192028164863586,0.0,802.1940307617188,925.41845703125,2330.791259765625,0,0,1,0,0,0,0,0,0,1,0,0,0.03392462059855461,0.017743995413184166,0.12208977341651917,0.016739998012781143,0.006424332968890667,0.014453916810452938,0.008134507574141026,0.029459349811077118,0.0701804831624031,0.06401283293962479,0.0056554460898041725,0.031533654779195786
265,8.833333333333334,,,,insightface_bbox,0.7192028164863586,0.0,802.1940307617188,925.41845703125,2330.791259765625,0,0,1,0,0,0,0,0,0,1,0,0,0.03425173461437225,0.018194641917943954,0.12459729611873627,0.01710406318306923,0.006583149544894695,0.014716057106852531,0.008228802122175694,0.029751453548669815,0.06951568275690079,0.0632886290550232,0.006006746552884579,0.03232329711318016
266,8.866666666666667,,,,insightface_bbox,0.7192028164863586,0.0,802.1940307617188,925.41845703125,2330.791259765625,0,0,1,0,0,0,0,0,0,1,0,0,0.03432776406407356,0.018316149711608887,0.12217341363430023,0.016995277255773544,0.0066071124747395515,0.014668571762740612,0.00814782828092575,0.029605163261294365,0.06807603687047958,0.061585232615470886,0.005802490748465061,0.031253959983587265
267,8.9,,,,insightface_bbox,0.7192028164863586,0.0,802.1940307617188,925.41845703125,2330.791259765625,0,0,1,0,0,0,0,0,0,1,0,0,0.03458131477236748,0.018600499257445335,0.1236824244260788,0.017090585082769394,0.006811561994254589,0.01511408481746912,0.0082152234390378,0.02974020130932331,0.06902413070201874,0.06099628284573555,0.005656490568071604,0.031139779835939407
268,8.933333333333334,,,,insightface_bbox,0.7192028164863586,0.0,802.1940307617188,925.41845703125,2330.791259765625,0,0,1,0,0,0,0,0,0,1,0,0,0.0352320596575737,0.01877564936876297,0.12615732848644257,0.017499295994639397,0.006749716587364674,0.015378611162304878,0.008796941488981247,0.03012947365641594,0.07057248055934906,0.06141156703233719,0.005709261167794466,0.03164054453372955
269,8.966666666666667,,,,insightface_bbox,0.7192028164863586,0.0,802.1940307617188,925.41845703125,2330.791259765625,0,0,1,0,0,0,0,0,0,1,0,1,0.03629685565829277,0.018919188529253006,0.1330413520336151,0.017743945121765137,0.006967670284211636,0.015737337991595268,0.009272218681871891,0.03069606050848961,0.07509821653366089,0.06332722306251526,0.005061153322458267,0.031840771436691284
270,9.0,,,,insightface_bbox,0.7484941482543945,0.0,766.2901611328125,942.0736083984375,2315.28466796875,0,0,1,0,0,0,0,0,0,1,0,1,0.027802836149930954,0.014411508105695248,0.09374938905239105,0.014382108114659786,0.006575983949005604,0.01395539753139019,0.006278668995946646,0.030167540535330772,0.08159834891557693,0.0688999816775322,0.0032935969065874815,0.02386036515235901
271,9.033333333333333,,,,insightface_bbox,0.7484941482543945,0.0,766.2901611328125,942.0736083984375,2315.28466796875,0,0,1,0,0,0,0,0,0,1,0,1,0.028075717389583588,0.014594132080674171,0.09413283318281174,0.014352803118526936,0.006581682246178389,0.01406020950525999,0.00640385877341032,0.029768887907266617,0.08320604264736176,0.06958232820034027,0.0034210849553346634,0.024685978889465332
272,9.066666666666666,,,,insightface_bbox,0.7484941482543945,0.0,766.2901611328125,942.0736083984375,2315.28466796875,0,0,1,0,0,0,0,0,0,1,0,1,0.028318481519818306,0.014709671027958393,0.09631209820508957,0.01436531636863947,0.006615625694394112,0.014480226673185825,0.006377508398145437,0.029797349125146866,0.08458329737186432,0.07029417157173157,0.003637784393504262,0.025517811998724937
273,9.1,,,,insightface_bbox,0.7484941482543945,0.0,766.2901611328125,942.0736083984375,2315.28466796875,0,0,1,0,0,0,0,0,0,1,0,1,0.02990342304110527,0.015419251285493374,0.10400848090648651,0.014661885797977448,0.006668630987405777,0.01502775028347969,0.006528387777507305,0.030545055866241455,0.08660860359668732,0.0716586485505104,0.0038792500272393227,0.026628749445080757
274,9.133333333333333,,,,insightface_bbox,0.7484941482543945,0.0,766.2901611328125,942.0736083984375,2315.28466796875,0,0,1,0,0,0,0,0,0,1,0,1,0.030826430767774582,0.015522223897278309,0.11268015950918198,0.014629173092544079,0.006705662235617638,0.015405558049678802,0.006702770013362169,0.030331697314977646,0.08581751585006714,0.07136785984039307,0.004004436079412699,0.02699766308069229
275,9.166666666666666,,,,insightface_bbox,0.7484941482543945,0.0,766.2901611328125,942.0736083984375,2315.28466796875,0,0,1,0,0,0,0,0,0,1,0,1,0.030704502016305923,0.015387107618153095,0.11315245926380157,0.014360305853188038,0.00667858449742198,0.01525137946009636,0.006545636802911758,0.029688451439142227,0.08422504365444183,0.06972991675138474,0.0039086611941456795,0.026313794776797295
276,9.2,,,,insightface_bbox,0.7286381721496582,0.0,789.9571533203125,924.7821655273438,2318.02587890625,0,0,1,0,0,0,0,0,0,1,0,1,0.0329211950302124,0.016811158508062363,0.1273881494998932,0.014967638067901134,0.006190515123307705,0.013774855062365532,0.00676997285336256,0.027138475328683853,0.0826762318611145,0.06775890290737152,0.003281506011262536,0.02713719755411148
277,9.233333333333333,,,,insightface_bbox,0.7286381721496582,0.0,789.9571533203125,924.7821655273438,2318.02587890625,0,0,1,0,0,0,0,0,0,1,0,1,0.03255714476108551,0.01650512032210827,0.12786385416984558,0.015027527697384357,0.006055608857423067,0.013888085260987282,0.006847941316664219,0.027300231158733368,0.08098270744085312,0.06623304635286331,0.0034401030279695988,0.02696938067674637
278,9.266666666666667,,,,insightface_bbox,0.7286381721496582,0.0,789.9571533203125,924.7821655273438,2318.02587890625,0,0,1,0,0,0,0,0,0,1,0,1,0.032972902059555054,0.01667390577495098,0.12724027037620544,0.015145690180361271,0.006111583206802607,0.014107448980212212,0.006992549169808626,0.027306146919727325,0.08044206351041794,0.06625683605670929,0.0036177258007228374,0.027753259986639023
279,9.3,,,,insightface_bbox,0.7286381721496582,0.0,789.9571533203125,924.7821655273438,2318.02587890625,0,0,1,0,0,0,0,0,0,1,0,1,0.03409887105226517,0.017245206981897354,0.13390854001045227,0.01580321416258812,0.006306463852524757,0.014431454241275787,0.007560982368886471,0.027999844402074814,0.079632967710495,0.06632620096206665,0.003846175502985716,0.02885420247912407
280,9.333333333333334,,,,insightface_bbox,0.7286381721496582,0.0,789.9571533203125,924.7821655273438,2318.02587890625,0,0,1,0,0,0,0,0,0,1,0,1,0.03425919637084007,0.017358476296067238,0.1328885555267334,0.016033131629228592,0.00632864935323596,0.014401507563889027,0.007828366942703724,0.028238501399755478,0.07994982600212097,0.0665435642004013,0.003846219275146723,0.02898300811648369
281,9.366666666666667,,,,insightface_bbox,0.7286381721496582,0.0,789.9571533203125,924.7821655273438,2318.02587890625,0,0,1,0,0,0,0,0,0,1,0,1,0.03409360721707344,0.017340034246444702,0.1333521157503128,0.01592263951897621,0.006313290912657976,0.014358474873006344,0.0077650779858231544,0.02801782637834549,0.0795324444770813,0.06593990325927734,0.003823977429419756,0.02866896614432335
282,9.4,,,,insightface_bbox,0.7390066385269165,0.0,761.670166015625,930.3846435546875,2315.466552734375,0,0,1,0,0,0,0,0,0,1,0,1,0.030450135469436646,0.015551257878541946,0.10939572751522064,0.015023150481283665,0.006392158567905426,0.015011727809906006,0.0069943140260875225,0.031408216804265976,0.0849597156047821,0.07285460084676743,0.003847463522106409,0.025645941495895386
283,9.433333333333334,,,,insightface_bbox,0.7390066385269165,0.0,761.670166015625,930.3846435546875,2315.466552734375,0,0,1,0,0,0,0,0,0,1,0,1,0.03062816709280014,0.015696074813604355,0.10824575275182724,0.015145344659686089,0.006399748846888542,0.015008616261184216,0.007308994419872761,0.03158648684620857,0.08493796736001968,0.07267314940690994,0.0037549729458987713,0.025347059592604637
284,9.466666666666667,,,,insightface_bbox,0.7390066385269165,0.0,761.670166015625,930.3846435546875,2315.466552734375,0,0,1,0,0,0,0,0,0,1,0,1,0.030796147882938385,0.015633419156074524,0.11078540980815887,0.015044111758470535,0.006488259881734848,0.015037184581160545,0.007254880852997303,0.03128375858068466,0.08542874455451965,0.07262177020311356,0.0037320435512810946,0.025397231802344322
285,9.5,,,,insightface_bbox,0.7390066385269165,0.0,761.670166015625,930.3846435546875,2315.466552734375,0,0,1,0,0,0,0,0,0,1,0,1,0.030905241146683693,0.01558607630431652,0.10919620096683502,0.014919391833245754,0.006384136155247688,0.014927154406905174,0.007097005844116211,0.031199345365166664,0.08462858200073242,0.07236045598983765,0.0037435952108353376,0.025236671790480614
286,9.533333333333333,,,,insightface_bbox,0.7390066385269165,0.0,761.670166015625,930.3846435546875,2315.466552734375,0,0,1,0,0,0,0,0,0,1,0,1,0.03341178596019745,0.01628955453634262,0.11568473279476166,0.015576567500829697,0.00646350858733058,0.015995431691408157,0.00787597056478262,0.03051724284887314,0.0848035141825676,0.07249625772237778,0.004546061158180237,0.0276956744492054
287,9.566666666666666,,,,insightface_bbox,0.7390066385269165,0.0,761.670166015625,930.3846435546875,2315.466552734375,0,0,1,0,0,0,0,0,0,1,0,1,0.035643018782138824,0.017488226294517517,0.12210074812173843,0.01720985770225525,0.007065818645060062,0.017723552882671356,0.010385052300989628,0.030505646020174026,0.08589889109134674,0.07388807833194733,0.006516240071505308,0.033908043056726456
288,9.6,,,,insightface_bbox,0.7341630458831787,0.0,761.7402954101562,918.7428588867188,2351.79638671875,0,0,1,0,0,0,0,0,0,1,0,0,0.036291323602199554,0.018301857635378838,0.14411461353302002,0.017337758094072342,0.006564175710082054,0.016215715557336807,0.01047072745859623,0.02743464708328247,0.07522734254598618,0.06571134924888611,0.0070207007229328156,0.037588875740766525
289,9.633333333333333,,,,insightface_bbox,0.7341630458831787,0.0,761.7402954101562,918.7428588867188,2351.79638671875,0,0,1,0,0,0,0,0,0,1,0,0,0.036324307322502136,0.018287986516952515,0.13932716846466064,0.01692921668291092,0.006520036142319441,0.015750538557767868,0.009833709336817265,0.02697630040347576,0.07723904401063919,0.06716619431972504,0.006381722632795572,0.03717847913503647
290,9.666666666666666,,,,insightface_bbox,0.7341630458831787,0.0,761.7402954101562,918.7428588867188,2351.79638671875,0,0,1,0,0,0,0,0,0,1,0,0,0.035648163408041,0.01810046099126339,0.1388072818517685,0.01674564555287361,0.006544561590999365,0.015394013375043869,0.009016592055559158,0.027372218668460846,0.07480285316705704,0.06598767638206482,0.005923351738601923,0.03605865314602852
291,9.7,,,,insightface_bbox,0.7341630458831787,0.0,761.7402954101562,918.7428588867188,2351.79638671875,0,0,1,0,0,0,0,0,0,1,0,0,0.034158527851104736,0.017494408413767815,0.13913379609584808,0.01632567308843136,0.00642724335193634,0.015453300438821316,0.00861826166510582,0.027532503008842468,0.07115580141544342,0.06449718028306961,0.00612584687769413,0.03459852933883667
292,9.733333333333333,,,,insightface_bbox,0.7341630458831787,0.0,761.7402954101562,918.7428588867188,2351.79638671875,0,0,1,0,0,0,0,0,0,1,0,0,0.033918898552656174,0.017029182985424995,0.13880127668380737,0.01650494895875454,0.006356147117912769,0.015908151865005493,0.008722426369786263,0.027754122391343117,0.07004019618034363,0.06356345117092133,0.007230241317301989,0.035228703171014786
293,9.766666666666667,,,,insightface_bbox,0.7341630458831787,0.0,761.7402954101562,918.7428588867188,2351.79638671875,0,0,1,0,0,0,0,0,0,1,0,0,0.035431262105703354,0.017606716603040695,0.15111105144023895,0.017521129921078682,0.00682955514639616,0.01658480428159237,0.010082179680466652,0.028561409562826157,0.07393308728933334,0.06722214818000793,0.007923196069896221,0.03904052451252937
