frame_idx,frame_time_in_ms,pitch,yaw,roll,face_alignment_method,face_detection_score,face_bbox_xmin,face_bbox_ymin,face_bbox_xmax,face_bbox_ymax,au_1,au_2,au_4,au_6,au_7,au_10,au_12,au_14,au_15,au_17,au_23,au_24,au_1_intensity,au_2_intensity,au_4_intensity,au_5_intensity,au_6_intensity,au_9_intensity,au_12_intensity,au_15_intensity,au_17_intensity,au_20_intensity,au_25_intensity,au_26_intensity
0,0.0,,,,insightface_bbox,0.6142589449882507,0.0,520.6534423828125,817.982666015625,2285.68798828125,0,0,1,0,0,0,0,0,0,0,0,0,0.051964227110147476,0.031270433217287064,0.2606443166732788,0.05130863934755325,0.010642044246196747,0.02228657156229019,0.01919328048825264,0.04902854934334755,0.0762617215514183,0.07909514755010605,0.03765079751610756,0.07165904343128204
1,0.03333333333333333,,,,insightface_bbox,0.6142589449882507,0.0,520.6534423828125,817.982666015625,2285.68798828125,0,0,1,0,0,0,0,0,0,0,0,0,0.060648113489151,0.042899735271930695,0.47850173711776733,0.07842705398797989,0.014570081606507301,0.02993948757648468,0.030878320336341858,0.05840914323925972,0.07530992478132248,0.0760669857263565,0.0660754144191742,0.10265637189149857
2,0.06666666666666667,,,,insightface_bbox,0.6142589449882507,0.0,520.6534423828125,817.982666015625,2285.68798828125,0,0,1,0,0,0,0,0,0,0,0,0,0.07041939347982407,0.04816698282957077,0.612767219543457,0.09135463088750839,0.018871238455176353,0.03775710240006447,0.04115646332502365,0.06195036321878433,0.08121469616889954,0.08264878392219543,0.08617628365755081,0.13493061065673828
3,0.1,,,,insightface_bbox,0.6142589449882507,0.0,520.6534423828125,817.982666015625,2285.68798828125,0,0,1,0,0,0,0,0,0,0,0,0,0.07167831808328629,0.04765599966049194,0.5736891031265259,0.0875956192612648,0.018052779138088226,0.036312926560640335,0.040561873465776443,0.05431799590587616,0.08000224828720093,0.07677914202213287,0.07561907917261124,0.12935248017311096
4,0.13333333333333333,,,,insightface_bbox,0.6142589449882507,0.0,520.6534423828125,817.982666015625,2285.68798828125,0,0,1,0,0,0,0,0,0,0,0,0,0.07172401249408722,0.04651392251253128,0.49830877780914307,0.08498767018318176,0.016861436888575554,0.034261565655469894,0.035525307059288025,0.05203201621770859,0.08033446222543716,0.07597332447767258,0.06582142412662506,0.12315243482589722
5,0.16666666666666666,,,,insightface_bbox,0.6142589449882507,0.0,520.6534423828125,817.982666015625,2285.68798828125,0,0,1,0,0,0,0,0,0,0,0,0,0.06884723156690598,0.04271900653839111,0.48126161098480225,0.07383124530315399,0.016723455861210823,0.03352074325084686,0.03745457902550697,0.047495052218437195,0.07930740714073181,0.07252286374568939,0.06976693868637085,0.12179888784885406
6,0.2,,,,insightface_bbox,0.6040122509002686,0.0,518.880859375,808.301025390625,2291.39990234375,0,0,1,0,0,0,0,0,0,0,0,0,0.06146147847175598,0.042811762541532516,0.48964712023735046,0.08773661404848099,0.016741937026381493,0.04069574922323227,0.03756984695792198,0.06117847561836243,0.07810085266828537,0.07275306433439255,0.10509862750768661,0.11802088469266891
7,0.23333333333333334,,,,insightface_bbox,0.6040122509002686,0.0,518.880859375,808.301025390625,2291.39990234375,0,0,1,0,0,0,0,0,0,0,0,0,0.06123388558626175,0.04239595681428909,0.4825144410133362,0.08784235268831253,0.01657899096608162,0.04052899032831192,0.03690686821937561,0.0606243759393692,0.07796173542737961,0.07209773361682892,0.09784047305583954,0.11008229106664658
8,0.26666666666666666,,,,insightface_bbox,0.6040122509002686,0.0,518.880859375,808.301025390625,2291.39990234375,0,0,1,0,0,0,0,0,0,0,0,0,0.061184730380773544,0.04189824312925339,0.4766794741153717,0.08618375658988953,0.01651087962090969,0.04076911136507988,0.036676742136478424,0.061019301414489746,0.07855167984962463,0.07209102809429169,0.10025269538164139,0.10906146466732025
9,0.3,,,,insightface_bbox,0.6040122509002686,0.0,518.880859375,808.301025390625,2291.39990234375,0,0,1,0,0,0,0,0,0,0,0,0,0.06119142472743988,0.04197748377919197,0.48231232166290283,0.0858452320098877,0.016488248482346535,0.040646087378263474,0.03646060451865196,0.060635797679424286,0.07811793684959412,0.07237973809242249,0.0995360016822815,0.10869856178760529
10,0.3333333333333333,,,,insightface_bbox,0.6040122509002686,0.0,518.880859375,808.301025390625,2291.39990234375,0,0,1,0,0,0,0,0,0,0,0,0,0.06088405102491379,0.041616424918174744,0.4575258791446686,0.08458155393600464,0.01609691232442856,0.039628565311431885,0.03611591458320618,0.059811629354953766,0.07787109911441803,0.07254847139120102,0.09646975249052048,0.10814785957336426
11,0.36666666666666664,,,,insightface_bbox,0.6040122509002686,0.0,518.880859375,808.301025390625,2291.39990234375,0,0,1,0,0,0,0,0,0,0,0,0,0.060723926872015,0.0414942167699337,0.45555293560028076,0.08515798300504684,0.016029413789510727,0.03953453153371811,0.035733312368392944,0.05924547091126442,0.07748298346996307,0.07167194038629532,0.0970061868429184,0.10736550390720367
12,0.4,,,,insightface_bbox,0.5973348617553711,0.0,537.0965576171875,809.7069091796875,2282.844970703125,0,0,1,0,0,0,0,0,0,0,0,0,0.06001850962638855,0.04091816022992134,0.4387238919734955,0.08311334997415543,0.015634896233677864,0.03802664950489998,0.03304171562194824,0.05833280831575394,0.07688956707715988,0.07128500938415527,0.08271276950836182,0.09997666627168655
13,0.43333333333333335,,,,insightface_bbox,0.5973348617553711,0.0,537.0965576171875,809.7069091796875,2282.844970703125,0,0,1,0,0,0,0,0,0,0,0,0,0.06055969372391701,0.040944214910268784,0.4206411838531494,0.08255551755428314,0.01691538468003273,0.04046811908483505,0.03543228283524513,0.05880163982510567,0.07837748527526855,0.07298902422189713,0.08297581225633621,0.10101620107889175
14,0.4666666666666667,,,,insightface_bbox,0.5973348617553711,0.0,537.0965576171875,809.7069091796875,2282.844970703125,0,0,1,0,0,0,0,0,0,0,0,0,0.061325352638959885,0.042883433401584625,0.42055878043174744,0.08647028356790543,0.016781192272901535,0.039972081780433655,0.034388698637485504,0.06142044439911842,0.080938920378685,0.07505910843610764,0.08188889175653458,0.10645170509815216
15,0.5,,,,insightface_bbox,0.5973348617553711,0.0,537.0965576171875,809.7069091796875,2282.844970703125,0,0,1,0,0,0,0,0,0,0,0,0,0.06493228673934937,0.045144107192754745,0.4520980715751648,0.09293603897094727,0.017200805246829987,0.041806936264038086,0.03547737002372742,0.06203111261129379,0.08174798637628555,0.07666175067424774,0.09614113718271255,0.11571557074785233
16,0.5333333333333333,,,,insightface_bbox,0.5973348617553711,0.0,537.0965576171875,809.7069091796875,2282.844970703125,0,0,1,0,0,0,0,0,0,0,0,0,0.06615839153528214,0.04651137441396713,0.49465298652648926,0.09728239476680756,0.017626024782657623,0.04315631091594696,0.03628949075937271,0.06329765915870667,0.08183445036411285,0.0768003761768341,0.10296958684921265,0.11838425695896149
17,0.5666666666666667,,,,insightface_bbox,0.5973348617553711,0.0,537.0965576171875,809.7069091796875,2282.844970703125,0,0,1,0,0,0,0,0,0,0,0,0,0.0652080848813057,0.04591105878353119,0.4962432086467743,0.09580392390489578,0.017387013882398605,0.043218329548835754,0.036271434277296066,0.06269398331642151,0.08129504323005676,0.07609664648771286,0.10365651547908783,0.11828455328941345
18,0.6,,,,insightface_bbox,0.5789660215377808,0.0,588.3768310546875,801.4901123046875,2352.5791015625,0,0,1,0,0,0,0,0,0,0,0,0,0.0650150328874588,0.0459199994802475,0.4831537902355194,0.09649518132209778,0.016800042241811752,0.04294873774051666,0.03394996374845505,0.06322988867759705,0.08067995309829712,0.07645343244075775,0.09938545525074005,0.11721640080213547
19,0.6333333333333333,,,,insightface_bbox,0.5789660215377808,0.0,588.3768310546875,801.4901123046875,2352.5791015625,0,0,1,0,0,0,0,0,0,0,0,0,0.06496807932853699,0.045418571680784225,0.49827730655670166,0.09442988783121109,0.017247863113880157,0.0439424142241478,0.03492721915245056,0.06328507512807846,0.07987835258245468,0.07594064623117447,0.10850359499454498,0.1230255663394928
20,0.6666666666666666,,,,insightface_bbox,0.5789660215377808,0.0,588.3768310546875,801.4901123046875,2352.5791015625,0,0,1,0,0,0,0,0,0,0,0,0,0.06816663593053818,0.047528959810733795,0.49659428000450134,0.09955166280269623,0.01668187789618969,0.043477583676576614,0.03341153264045715,0.06378740817308426,0.07971809804439545,0.07721134275197983,0.1042473241686821,0.11898183822631836
21,0.7,,,,insightface_bbox,0.5789660215377808,0.0,588.3768310546875,801.4901123046875,2352.5791015625,0,0,1,0,0,0,0,0,0,0,0,0,0.06789956986904144,0.047201890498399734,0.4925333857536316,0.09835701435804367,0.016332704573869705,0.04305918514728546,0.032270509749650955,0.06406890600919724,0.07916069775819778,0.07743266224861145,0.09925887733697891,0.11617951095104218
22,0.7333333333333333,,,,insightface_bbox,0.5789660215377808,0.0,588.3768310546875,801.4901123046875,2352.5791015625,0,0,1,0,0,0,0,0,0,0,0,0,0.06716044992208481,0.04641567915678024,0.4982316792011261,0.0972900390625,0.016677599400281906,0.043932389467954636,0.03292224556207657,0.065221406519413,0.08011340349912643,0.07750408351421356,0.10729528963565826,0.11955235153436661
23,0.7666666666666667,,,,insightface_bbox,0.5789660215377808,0.0,588.3768310546875,801.4901123046875,2352.5791015625,0,0,1,0,0,0,0,0,0,0,0,0,0.06479033082723618,0.04497257620096207,0.4705214202404022,0.0932292714715004,0.01572219654917717,0.04249975085258484,0.0306147038936615,0.06464245170354843,0.07877138257026672,0.07700347155332565,0.1023230329155922,0.11609777063131332
24,0.8,,,,insightface_bbox,0.6253857612609863,0.0,603.96240234375,809.8106079101562,2359.96533203125,0,0,1,0,0,0,0,0,0,0,0,0,0.06406616419553757,0.04432343319058418,0.4680761694908142,0.09035180509090424,0.015494572930037975,0.041900817304849625,0.030730310827493668,0.06406591832637787,0.07787468284368515,0.07650845497846603,0.09872929006814957,0.11311420053243637
25,0.8333333333333334,,,,insightface_bbox,0.6253857612609863,0.0,603.96240234375,809.8106079101562,2359.96533203125,0,0,1,0,0,0,0,0,0,0,0,0,0.06398900598287582,0.04437774419784546,0.4726046621799469,0.09062965214252472,0.015316043049097061,0.041838593780994415,0.03008643537759781,0.06317160278558731,0.07751893997192383,0.07648582756519318,0.09913410246372223,0.11230690777301788
26,0.8666666666666667,,,,insightface_bbox,0.6253857612609863,0.0,603.96240234375,809.8106079101562,2359.96533203125,0,0,1,0,0,0,0,0,0,0,0,0,0.06587893515825272,0.04542692005634308,0.4808032810688019,0.09312088787555695,0.016089217737317085,0.043037574738264084,0.03142028674483299,0.06431438028812408,0.07939860969781876,0.07792628556489944,0.10101431608200073,0.11488571017980576
27,0.9,,,,insightface_bbox,0.6253857612609863,0.0,603.96240234375,809.8106079101562,2359.96533203125,0,0,1,0,0,0,0,0,0,0,0,0,0.06798157095909119,0.04676228389143944,0.48945721983909607,0.09719769656658173,0.016475699841976166,0.04406709969043732,0.03355834633111954,0.06414621323347092,0.08007793128490448,0.0786200612783432,0.10423094034194946,0.11750176548957825
28,0.9333333333333333,,,,insightface_bbox,0.6253857612609863,0.0,603.96240234375,809.8106079101562,2359.96533203125,0,0,1,0,0,0,0,0,0,0,0,0,0.07020988315343857,0.0479220375418663,0.5016154646873474,0.09831050038337708,0.01696746051311493,0.045463450253009796,0.0354943573474884,0.06361440569162369,0.08137112855911255,0.07927194982767105,0.10952600836753845,0.1194220781326294
29,0.9666666666666667,,,,insightface_bbox,0.6253857612609863,0.0,603.96240234375,809.8106079101562,2359.96533203125,0,0,1,0,0,0,0,0,0,0,0,0,0.07021626085042953,0.0479920394718647,0.4966016411781311,0.0981588363647461,0.01705954037606716,0.04537983238697052,0.0356997586786747,0.06375450640916824,0.08146308362483978,0.0792350247502327,0.10773536562919617,0.11895647644996643
30,1.0,,,,insightface_bbox,0.6099126935005188,0.0,593.9834594726562,808.4522705078125,2381.594970703125,0,0,1,0,0,0,0,0,0,0,0,0,0.06965526938438416,0.04808657616376877,0.5145654678344727,0.09842992573976517,0.017310641705989838,0.04507452994585037,0.036026131361722946,0.06531623005867004,0.08341675996780396,0.07983305305242538,0.10487142950296402,0.11689586937427521
31,1.0333333333333334,,,,insightface_bbox,0.6099126935005188,0.0,593.9834594726562,808.4522705078125,2381.594970703125,0,0,1,0,0,0,0,0,0,0,0,0,0.06358408182859421,0.04383440315723419,0.47054338455200195,0.08922167122364044,0.016164766624569893,0.04359205812215805,0.03252500295639038,0.06390926241874695,0.0790899246931076,0.0768786370754242,0.1036294475197792,0.11514868587255478
32,1.0666666666666667,,,,insightface_bbox,0.6099126935005188,0.0,593.9834594726562,808.4522705078125,2381.594970703125,0,0,1,0,0,0,0,0,0,0,0,0,0.06610381603240967,0.04546372592449188,0.5291652679443359,0.09447018802165985,0.017197726294398308,0.04675386846065521,0.03350470960140228,0.06704938411712646,0.08135928958654404,0.07907380163669586,0.12123949080705643,0.12035015225410461
33,1.1,,,,insightface_bbox,0.6099126935005188,0.0,593.9834594726562,808.4522705078125,2381.594970703125,0,0,1,0,0,0,0,0,0,0,0,0,0.06669268757104874,0.04582558572292328,0.5787853002548218,0.09531411528587341,0.017393196001648903,0.04740823060274124,0.03337863087654114,0.06753107905387878,0.08239437639713287,0.07845787703990936,0.11793803423643112,0.11960436403751373
34,1.1333333333333333,,,,insightface_bbox,0.6099126935005188,0.0,593.9834594726562,808.4522705078125,2381.594970703125,0,0,1,0,0,0,0,0,0,0,0,0,0.06860089302062988,0.04562835767865181,0.6183513402938843,0.08974477648735046,0.017720026895403862,0.04836233705282211,0.032257504761219025,0.06566756963729858,0.08388182520866394,0.07621075212955475,0.1123589351773262,0.11211361736059189
35,1.1666666666666667,,,,insightface_bbox,0.6099126935005188,0.0,593.9834594726562,808.4522705078125,2381.594970703125,0,0,1,0,0,0,0,0,0,0,0,0,0.06575959920883179,0.042759381234645844,0.5579395294189453,0.07975932955741882,0.017065394669771194,0.04493781924247742,0.030110415071249008,0.06346484273672104,0.08257479220628738,0.07185707986354828,0.09411275386810303,0.10329236090183258
36,1.2,,,,insightface_bbox,0.6248419880867004,0.0,592.662109375,816.1702270507812,2423.3125,0,0,1,0,0,0,0,0,0,0,0,0,0.055914588272571564,0.03540979325771332,0.41401925683021545,0.05886957421898842,0.010061167180538177,0.03232675790786743,0.019876588135957718,0.05442614108324051,0.07287035882472992,0.06886905431747437,0.05506907403469086,0.07278018444776535
37,1.2333333333333334,,,,insightface_bbox,0.6248419880867004,0.0,592.662109375,816.1702270507812,2423.3125,0,0,1,0,0,0,0,0,0,0,0,0,0.05269217491149902,0.03354663401842117,0.3993132710456848,0.05441677197813988,0.009851139038801193,0.03110305592417717,0.018570605665445328,0.0523965060710907,0.06971296668052673,0.06494704633951187,0.05058962479233742,0.06957048922777176
38,1.2666666666666666,,,,insightface_bbox,0.6248419880867004,0.0,592.662109375,816.1702270507812,2423.3125,0,0,1,0,0,0,0,0,0,0,0,0,0.04977230727672577,0.03242157772183418,0.4043612480163574,0.051825910806655884,0.009644627571105957,0.02948348969221115,0.017166415229439735,0.05091231316328049,0.06735266000032425,0.06310165673494339,0.0432438999414444,0.06433212012052536
39,1.3,,,,insightface_bbox,0.6248419880867004,0.0,592.662109375,816.1702270507812,2423.3125,0,0,1,0,0,0,0,0,0,0,0,0,0.05141366645693779,0.033634040504693985,0.44797900319099426,0.05430825799703598,0.010589158162474632,0.031728461384773254,0.018884053453803062,0.053041718900203705,0.07083898782730103,0.06574521213769913,0.048355307430028915,0.06712418794631958
40,1.3333333333333333,,,,insightface_bbox,0.6248419880867004,0.0,592.662109375,816.1702270507812,2423.3125,0,0,1,0,0,0,0,0,0,0,0,0,0.060131944715976715,0.04123183339834213,0.5142960548400879,0.07354217767715454,0.012823155149817467,0.03647219017148018,0.023993052542209625,0.05993320792913437,0.07827349007129669,0.07362306863069534,0.057637348771095276,0.08172620087862015
41,1.3666666666666667,,,,insightface_bbox,0.6248419880867004,0.0,592.662109375,816.1702270507812,2423.3125,0,0,1,0,0,0,0,0,0,0,0,0,0.06036479398608208,0.04290392994880676,0.4881376624107361,0.07835288345813751,0.012679023668169975,0.034535832703113556,0.022997811436653137,0.057229138910770416,0.07498359680175781,0.06877464801073074,0.052587758749723434,0.07930160313844681
42,1.4,,,,insightface_bbox,0.6259331107139587,0.0,566.135009765625,854.5834350585938,2449.60400390625,0,0,1,0,0,0,0,0,0,0,0,0,0.07365251332521439,0.05171077325940132,0.48289722204208374,0.09339240193367004,0.013511842116713524,0.03137935325503349,0.018293233588337898,0.052519869059324265,0.0681699737906456,0.0625525563955307,0.03402118757367134,0.07527926564216614
43,1.4333333333333333,,,,insightface_bbox,0.6259331107139587,0.0,566.135009765625,854.5834350585938,2449.60400390625,0,0,1,0,0,0,0,0,0,0,0,0,0.07237187772989273,0.049558572471141815,0.4747103154659271,0.08809813112020493,0.013721663504838943,0.03231014683842659,0.01884625479578972,0.052475206553936005,0.06935687363147736,0.06216565519571304,0.03537271171808243,0.0744103342294693
44,1.4666666666666666,,,,insightface_bbox,0.6259331107139587,0.0,566.135009765625,854.5834350585938,2449.60400390625,0,0,1,0,0,0,0,0,0,0,0,0,0.07216892391443253,0.04841651767492294,0.4673563838005066,0.0866173654794693,0.013670537620782852,0.032286137342453,0.018798809498548508,0.052724871784448624,0.06956721842288971,0.062290724366903305,0.035148829221725464,0.07444224506616592
45,1.5,,,,insightface_bbox,0.6259331107139587,0.0,566.135009765625,854.5834350585938,2449.60400390625,0,0,1,0,0,0,0,0,0,0,0,0,0.07240069657564163,0.048148684203624725,0.47910696268081665,0.08617310225963593,0.01414569467306137,0.033064104616642,0.019642682746052742,0.05362013727426529,0.07026912271976471,0.06329678744077682,0.0374160073697567,0.07580763846635818
46,1.5333333333333334,,,,insightface_bbox,0.6259331107139587,0.0,566.135009765625,854.5834350585938,2449.60400390625,0,0,1,0,0,0,0,0,0,0,0,0,0.07140061259269714,0.04768015816807747,0.4917261600494385,0.08468445390462875,0.014161133207380772,0.03378286585211754,0.020198291167616844,0.05389875918626785,0.07107189297676086,0.06440116465091705,0.03972990810871124,0.0766645222902298
47,1.5666666666666667,,,,insightface_bbox,0.6259331107139587,0.0,566.135009765625,854.5834350585938,2449.60400390625,0,0,1,0,0,0,0,0,0,0,0,0,0.07149577885866165,0.04747013747692108,0.4853152632713318,0.08396664261817932,0.014171196147799492,0.03371981903910637,0.020010901615023613,0.054113321006298065,0.07113462686538696,0.06420113891363144,0.0393974743783474,0.07679687440395355
48,1.6,,,,insightface_bbox,0.6169450283050537,0.0,595.5036010742188,851.8220825195312,2412.17041015625,0,0,1,0,0,0,0,0,0,0,0,0,0.05718569457530975,0.040962789207696915,0.36846280097961426,0.07404524087905884,0.013481221161782742,0.030446413904428482,0.02324102260172367,0.05701964348554611,0.07233505696058273,0.06582799553871155,0.036668699234724045,0.07599066197872162
49,1.6333333333333333,,,,insightface_bbox,0.6169450283050537,0.0,595.5036010742188,851.8220825195312,2412.17041015625,0,0,1,0,0,0,0,0,0,0,0,0,0.056309789419174194,0.039740487933158875,0.3289405107498169,0.0710507407784462,0.013034194707870483,0.029749266803264618,0.022251516580581665,0.05677976459264755,0.07284700125455856,0.06679651141166687,0.03562065213918686,0.07542946189641953
50,1.6666666666666667,,,,insightface_bbox,0.6169450283050537,0.0,595.5036010742188,851.8220825195312,2412.17041015625,0,0,1,0,0,0,0,0,0,0,0,0,0.05656087398529053,0.03933823108673096,0.34075114130973816,0.0697808787226677,0.013183279894292355,0.030313126742839813,0.022432366386055946,0.05690954253077507,0.07367504388093948,0.06761349737644196,0.03614846616983414,0.07568548619747162
51,1.7,,,,insightface_bbox,0.6169450283050537,0.0,595.5036010742188,851.8220825195312,2412.17041015625,0,0,1,0,0,0,0,0,0,0,0,0,0.055421631783246994,0.038026612251996994,0.3360392451286316,0.06570998579263687,0.013092780485749245,0.029860448092222214,0.02223099395632744,0.055821940302848816,0.0728466585278511,0.06720182299613953,0.03499089926481247,0.0733596608042717
52,1.7333333333333334,,,,insightface_bbox,0.6169450283050537,0.0,595.5036010742188,851.8220825195312,2412.17041015625,0,0,1,0,0,0,0,0,0,0,0,0,0.05651334673166275,0.03869127109646797,0.3450111746788025,0.06841803342103958,0.01326928474009037,0.03047914430499077,0.022882632911205292,0.056853871792554855,0.07346109300851822,0.06806479394435883,0.03673620894551277,0.07518351078033447
53,1.7666666666666666,,,,insightface_bbox,0.6169450283050537,0.0,595.5036010742188,851.8220825195312,2412.17041015625,0,0,1,0,0,0,0,0,0,0,0,0,0.057345062494277954,0.03972857445478439,0.3474143147468567,0.07110968977212906,0.013552113436162472,0.031058255583047867,0.023647118359804153,0.05791885405778885,0.07429712265729904,0.06847333908081055,0.03854979947209358,0.07792913913726807
54,1.8,,,,insightface_bbox,0.6143395900726318,0.0,593.674072265625,849.5012817382812,2419.2333984375,0,0,1,0,0,0,0,0,0,0,0,0,0.05578271299600601,0.03819762170314789,0.3506999909877777,0.06541737169027328,0.013084839098155499,0.030062813311815262,0.022090956568717957,0.05621437355875969,0.07276171445846558,0.06713129580020905,0.03699728846549988,0.07705988734960556
55,1.8333333333333333,,,,insightface_bbox,0.6143395900726318,0.0,593.674072265625,849.5012817382812,2419.2333984375,0,0,1,0,0,0,0,0,0,0,0,0,0.055356960743665695,0.03751283138990402,0.32976245880126953,0.06312629580497742,0.012420833110809326,0.028847763314843178,0.02099703624844551,0.05486198514699936,0.07257353514432907,0.06820932030677795,0.03515790030360222,0.07542871683835983
56,1.8666666666666667,,,,insightface_bbox,0.6143395900726318,0.0,593.674072265625,849.5012817382812,2419.2333984375,0,0,1,0,0,0,0,0,0,0,0,0,0.0552244633436203,0.03725884109735489,0.32297003269195557,0.06311888992786407,0.012433784082531929,0.028829963877797127,0.020939994603395462,0.05498896539211273,0.072547547519207,0.06821230798959732,0.03578503057360649,0.07583444565534592
57,1.9,,,,insightface_bbox,0.6143395900726318,0.0,593.674072265625,849.5012817382812,2419.2333984375,0,0,1,0,0,0,0,0,0,0,0,0,0.05543695390224457,0.03746124356985092,0.30810827016830444,0.06413166224956512,0.01183892972767353,0.02852262556552887,0.02092030830681324,0.05502533167600632,0.0728839859366417,0.06883816421031952,0.03619024157524109,0.07643211632966995
58,1.9333333333333333,,,,insightface_bbox,0.6143395900726318,0.0,593.674072265625,849.5012817382812,2419.2333984375,0,0,1,0,0,0,0,0,0,0,0,0,0.05701380968093872,0.038844212889671326,0.3212616443634033,0.06839564442634583,0.011975943110883236,0.02880379930138588,0.021107567474246025,0.05646001547574997,0.0732913464307785,0.0693700909614563,0.036211151629686356,0.07753032445907593
59,1.9666666666666666,,,,insightface_bbox,0.6143395900726318,0.0,593.674072265625,849.5012817382812,2419.2333984375,0,0,1,0,0,0,0,0,0,0,0,0,0.05699615553021431,0.038589075207710266,0.31858620047569275,0.06826838105916977,0.011920301243662834,0.02885955385863781,0.021215498447418213,0.056552477180957794,0.07316135615110397,0.06954962015151978,0.036691371351480484,0.07716459780931473
60,2.0,,,,insightface_bbox,0.6023392677307129,0.0,609.1427001953125,805.4320678710938,2411.947998046875,0,0,1,0,0,0,0,0,0,0,0,0,0.04169992730021477,0.02435385063290596,0.31123098731040955,0.03193717077374458,0.006697007920593023,0.02199201099574566,0.011918694712221622,0.037497445940971375,0.06152360141277313,0.05552631616592407,0.02840154990553856,0.048127397894859314
61,2.033333333333333,,,,insightface_bbox,0.6023392677307129,0.0,609.1427001953125,805.4320678710938,2411.947998046875,0,0,1,0,0,0,0,0,0,0,0,0,0.04390272498130798,0.02525416761636734,0.3181202709674835,0.03421070799231529,0.00694365194067359,0.022708268836140633,0.012552576139569283,0.03869634494185448,0.06435035169124603,0.05776092782616615,0.03131017088890076,0.05156325176358223
62,2.066666666666667,,,,insightface_bbox,0.6023392677307129,0.0,609.1427001953125,805.4320678710938,2411.947998046875,0,0,1,0,0,0,0,0,0,0,0,0,0.04145703464746475,0.024316273629665375,0.3865109384059906,0.03248933330178261,0.007676230743527412,0.02300243079662323,0.013820881955325603,0.036822136491537094,0.06456673890352249,0.05425447225570679,0.031851038336753845,0.049504391849040985
63,2.1,,,,insightface_bbox,0.6023392677307129,0.0,609.1427001953125,805.4320678710938,2411.947998046875,0,0,1,0,0,0,0,0,0,0,0,0,0.038102585822343826,0.02203957922756672,0.3775147795677185,0.028058188036084175,0.00773917231708765,0.022720936685800552,0.013427909463644028,0.035475071519613266,0.0646468922495842,0.05451858043670654,0.02918131835758686,0.04771162569522858
64,2.1333333333333333,,,,insightface_bbox,0.6023392677307129,0.0,609.1427001953125,805.4320678710938,2411.947998046875,0,0,1,0,0,0,0,0,0,0,0,0,0.037673112004995346,0.021853391081094742,0.3429025709629059,0.027502097189426422,0.007800675928592682,0.022958863526582718,0.01358709391206503,0.03516128659248352,0.06524433940649033,0.05416372790932655,0.02879275381565094,0.04630209878087044
65,2.1666666666666665,,,,insightface_bbox,0.6023392677307129,0.0,609.1427001953125,805.4320678710938,2411.947998046875,0,0,1,0,0,0,0,0,0,0,0,0,0.03837741166353226,0.02220049500465393,0.34027498960494995,0.02824242413043976,0.007958057336509228,0.023571958765387535,0.014260596595704556,0.036466751247644424,0.06685847789049149,0.05476915091276169,0.03052486851811409,0.047628507018089294
66,2.2,,,,insightface_bbox,0.582607626914978,0.0,512.587158203125,808.6502685546875,2370.284912109375,0,0,1,0,0,0,0,0,0,0,0,0,0.041528962552547455,0.025725865736603737,0.3041025400161743,0.03718233481049538,0.009705965407192707,0.027046259492635727,0.017574161291122437,0.044727638363838196,0.0722198486328125,0.060338158160448074,0.03318226337432861,0.05657919496297836
67,2.2333333333333334,,,,insightface_bbox,0.582607626914978,0.0,512.587158203125,808.6502685546875,2370.284912109375,0,0,1,0,0,0,0,0,0,0,0,0,0.04239405691623688,0.02663321979343891,0.3028033971786499,0.03940243273973465,0.009676668792963028,0.02679021656513214,0.017970437183976173,0.04527859017252922,0.07309393584728241,0.06098861247301102,0.031218338757753372,0.058339186012744904
68,2.2666666666666666,,,,insightface_bbox,0.582607626914978,0.0,512.587158203125,808.6502685546875,2370.284912109375,0,0,1,0,0,0,0,0,0,0,0,0,0.04423696547746658,0.02832786738872528,0.30237001180648804,0.044141896069049835,0.009741497226059437,0.02753468230366707,0.018896427005529404,0.04780968651175499,0.07555347681045532,0.06474059075117111,0.03370749577879906,0.06277991086244583
69,2.3,,,,insightface_bbox,0.582607626914978,0.0,512.587158203125,808.6502685546875,2370.284912109375,0,0,1,0,0,0,0,0,0,0,0,0,0.04756080359220505,0.029983751475811005,0.33323022723197937,0.049300722777843475,0.010065916925668716,0.028916897252202034,0.019764989614486694,0.046779073774814606,0.0783037319779396,0.06577510386705399,0.03943493217229843,0.06771866232156754
70,2.3333333333333335,,,,insightface_bbox,0.582607626914978,0.0,512.587158203125,808.6502685546875,2370.284912109375,0,0,1,0,0,0,0,0,0,0,0,0,0.048059675842523575,0.030233554542064667,0.33938464522361755,0.04983290284872055,0.010423419997096062,0.02952018566429615,0.020650845021009445,0.0455213338136673,0.07928989082574844,0.06542706489562988,0.04139631986618042,0.06925470381975174
71,2.3666666666666667,,,,insightface_bbox,0.582607626914978,0.0,512.587158203125,808.6502685546875,2370.284912109375,0,0,1,0,0,0,0,0,0,0,0,0,0.05111110955476761,0.033053576946258545,0.3867199420928955,0.05676601082086563,0.011192470788955688,0.032065071165561676,0.0227016843855381,0.04728798195719719,0.0804259181022644,0.06520980596542358,0.04649579897522926,0.07414235919713974
72,2.4,,,,insightface_bbox,0.6264634132385254,0.0,591.4208374023438,800.866943359375,2354.266357421875,0,0,1,0,0,0,0,0,0,0,0,0,0.041449327021837234,0.02473478950560093,0.3497885465621948,0.03605957329273224,0.007787773385643959,0.024927722290158272,0.014632157050073147,0.03491237014532089,0.06869279593229294,0.05613065883517265,0.030888594686985016,0.052740246057510376
73,2.433333333333333,,,,insightface_bbox,0.6264634132385254,0.0,591.4208374023438,800.866943359375,2354.266357421875,0,0,1,0,0,0,0,0,0,0,0,0,0.04213616997003555,0.025383273139595985,0.37168675661087036,0.036921508610248566,0.00789190735667944,0.02564234286546707,0.014787768945097923,0.03260872885584831,0.06640069931745529,0.05435051769018173,0.0341368243098259,0.05439596250653267
74,2.466666666666667,,,,insightface_bbox,0.6264634132385254,0.0,591.4208374023438,800.866943359375,2354.266357421875,0,0,1,0,0,0,0,0,0,0,0,0,0.045283764600753784,0.027288852259516716,0.36941206455230713,0.041601940989494324,0.008126170374453068,0.026782162487506866,0.015881143510341644,0.03431128337979317,0.0676608681678772,0.055728718638420105,0.03830564022064209,0.06072312220931053
75,2.5,,,,insightface_bbox,0.6264634132385254,0.0,591.4208374023438,800.866943359375,2354.266357421875,0,0,1,0,0,0,0,0,0,0,0,0,0.041734762489795685,0.025242753326892853,0.3368184268474579,0.037143006920814514,0.007770140655338764,0.025078963488340378,0.014997218735516071,0.0338364914059639,0.0659625306725502,0.05463770776987076,0.034719597548246384,0.05752081051468849
76,2.533333333333333,,,,insightface_bbox,0.6264634132385254,0.0,591.4208374023438,800.866943359375,2354.266357421875,0,0,1,0,0,0,0,0,0,0,0,0,0.04180580750107765,0.02517494186758995,0.32708245515823364,0.036618903279304504,0.007777446415275335,0.024961713701486588,0.015316051431000233,0.0351470522582531,0.06623030453920364,0.05607125163078308,0.03474085032939911,0.0585738942027092
77,2.566666666666667,,,,insightface_bbox,0.6264634132385254,0.0,591.4208374023438,800.866943359375,2354.266357421875,0,0,1,0,0,0,0,0,0,0,0,0,0.03999370336532593,0.023789554834365845,0.31839871406555176,0.03432479128241539,0.007412582170218229,0.023726167157292366,0.014485673978924751,0.03338911384344101,0.06339254975318909,0.054040346294641495,0.035092491656541824,0.05851149186491966
78,2.6,,,,insightface_bbox,0.6321429014205933,0.0,561.0886840820312,847.884765625,2427.741943359375,0,0,1,0,0,0,0,0,0,0,0,0,0.04979304224252701,0.03223099932074547,0.38208213448524475,0.04927503317594528,0.011826770380139351,0.03036010079085827,0.020197216421365738,0.03978060558438301,0.06414277851581573,0.05400966852903366,0.040310416370630264,0.06843042373657227
79,2.6333333333333333,,,,insightface_bbox,0.6321429014205933,0.0,561.0886840820312,847.884765625,2427.741943359375,0,0,1,0,0,0,0,0,0,0,0,0,0.052932050079107285,0.03381417691707611,0.39528006315231323,0.051974818110466,0.012709089554846287,0.032737795263528824,0.022048376500606537,0.04118983447551727,0.0678042396903038,0.05711779743432999,0.04588594660162926,0.0738440454006195
80,2.6666666666666665,,,,insightface_bbox,0.6321429014205933,0.0,561.0886840820312,847.884765625,2427.741943359375,0,0,1,0,0,0,0,0,0,0,0,0,0.0528031662106514,0.03279406577348709,0.40329721570014954,0.04887707903981209,0.012786570936441422,0.03301103413105011,0.02118079364299774,0.03959108889102936,0.06790877133607864,0.05582307279109955,0.04442300274968147,0.07057781517505646
81,2.7,,,,insightface_bbox,0.6321429014205933,0.0,561.0886840820312,847.884765625,2427.741943359375,0,0,1,0,0,0,0,0,0,0,0,0,0.0537661537528038,0.03266745060682297,0.42117804288864136,0.04822782799601555,0.012823881581425667,0.033106479793787,0.021008634939789772,0.03809418901801109,0.06863576918840408,0.05518234521150589,0.0415995791554451,0.06836509704589844
82,2.7333333333333334,,,,insightface_bbox,0.6321429014205933,0.0,561.0886840820312,847.884765625,2427.741943359375,0,0,1,0,0,0,0,0,0,0,0,0,0.055653661489486694,0.033780500292778015,0.4337632954120636,0.050633080303668976,0.013291073963046074,0.034018367528915405,0.021707972511649132,0.039232365787029266,0.07003193348646164,0.05612563341856003,0.04259181767702103,0.069764144718647
83,2.7666666666666666,,,,insightface_bbox,0.6321429014205933,0.0,561.0886840820312,847.884765625,2427.741943359375,0,0,1,0,0,0,0,0,0,0,0,0,0.05456843972206116,0.03337572142481804,0.42169657349586487,0.05016404762864113,0.013095024041831493,0.03344913572072983,0.021603655070066452,0.03904719650745392,0.0690777450799942,0.05572618916630745,0.042425110936164856,0.07020747661590576
84,2.8,,,,insightface_bbox,0.6348971724510193,0.0,561.1500854492188,852.2835083007812,2428.07275390625,0,0,1,0,0,0,0,0,0,0,0,0,0.05566127225756645,0.03458714485168457,0.46074819564819336,0.05254532769322395,0.01358503382652998,0.03437041491270065,0.022437160834670067,0.038392212241888046,0.06859005242586136,0.05553658679127693,0.04265686869621277,0.06925161927938461
85,2.8333333333333335,,,,insightface_bbox,0.6348971724510193,0.0,561.1500854492188,852.2835083007812,2428.07275390625,0,0,1,0,0,0,0,0,0,0,0,0,0.05307710915803909,0.03331674262881279,0.4661310017108917,0.050094425678253174,0.01294206827878952,0.0328839048743248,0.02074112370610237,0.03628842160105705,0.06606519967317581,0.05282798781991005,0.040855277329683304,0.06689845770597458
86,2.8666666666666667,,,,insightface_bbox,0.6348971724510193,0.0,561.1500854492188,852.2835083007812,2428.07275390625,0,0,1,0,0,0,0,0,0,0,0,0,0.04965641349554062,0.030956953763961792,0.415702760219574,0.04481332004070282,0.011918038129806519,0.030826635658740997,0.018853863701224327,0.03472921997308731,0.0640331506729126,0.050751492381095886,0.038211576640605927,0.06431416422128677
87,2.9,,,,insightface_bbox,0.6348971724510193,0.0,561.1500854492188,852.2835083007812,2428.07275390625,0,0,1,0,0,0,0,0,0,0,0,0,0.052947960793972015,0.03257019445300102,0.41564422845840454,0.04911735653877258,0.01278536207973957,0.032487012445926666,0.020371805876493454,0.03765828162431717,0.06834428757429123,0.054765693843364716,0.04040522500872612,0.07021240144968033
88,2.933333333333333,,,,insightface_bbox,0.6348971724510193,0.0,561.1500854492188,852.2835083007812,2428.07275390625,0,0,1,0,0,0,0,0,0,0,0,0,0.053967490792274475,0.033173538744449615,0.4280245006084442,0.050003230571746826,0.013059785589575768,0.033097196370363235,0.02094459719955921,0.038756113499403,0.06879100948572159,0.05582749843597412,0.04049568623304367,0.0688851848244667
89,2.966666666666667,,,,insightface_bbox,0.6348971724510193,0.0,561.1500854492188,852.2835083007812,2428.07275390625,0,0,1,0,0,0,0,0,0,0,0,0,0.05513660982251167,0.03416713327169418,0.4900963604450226,0.05065813288092613,0.013949134387075901,0.035073038190603256,0.022416602820158005,0.03870421648025513,0.06859210878610611,0.05571100488305092,0.04278614744544029,0.06784752756357193
90,3.0,,,,insightface_bbox,0.6005650758743286,0.0,568.1272583007812,809.5873413085938,2385.941162109375,0,0,1,0,0,0,0,0,0,0,0,0,0.058438438922166824,0.04012158140540123,0.47475117444992065,0.07593811303377151,0.01316893007606268,0.03938256949186325,0.026679949834942818,0.051200248301029205,0.07669497281312943,0.06375765800476074,0.06030697748064995,0.0774272084236145
91,3.033333333333333,,,,insightface_bbox,0.6005650758743286,0.0,568.1272583007812,809.5873413085938,2385.941162109375,0,0,1,0,0,0,0,0,0,0,0,0,0.05912162363529205,0.040258489549160004,0.4637220799922943,0.0762440413236618,0.012816637754440308,0.03846590965986252,0.025961466133594513,0.04991092532873154,0.0774206593632698,0.06560512632131577,0.06124894320964813,0.08166155964136124
92,3.066666666666667,,,,insightface_bbox,0.6005650758743286,0.0,568.1272583007812,809.5873413085938,2385.941162109375,0,0,1,0,0,0,0,0,0,0,0,0,0.05246718227863312,0.034546781331300735,0.3955475986003876,0.060433849692344666,0.01127360574901104,0.03375951573252678,0.021684588864445686,0.04561913013458252,0.07415009289979935,0.0612875260412693,0.04989374801516533,0.07320874184370041
93,3.1,,,,insightface_bbox,0.6005650758743286,0.0,568.1272583007812,809.5873413085938,2385.941162109375,0,0,1,0,0,0,0,0,0,0,0,0,0.05559979006648064,0.036414049565792084,0.3599799871444702,0.0653936117887497,0.011120244860649109,0.03291754797101021,0.020980212837457657,0.047399312257766724,0.07406932860612869,0.060920197516679764,0.04965651035308838,0.07469047605991364
94,3.1333333333333333,,,,insightface_bbox,0.6005650758743286,0.0,568.1272583007812,809.5873413085938,2385.941162109375,0,0,1,0,0,0,0,0,0,0,0,0,0.05592890456318855,0.0379360057413578,0.4013745188713074,0.06799164414405823,0.01161466259509325,0.03320307657122612,0.021135637536644936,0.045116934925317764,0.07435788959264755,0.05798691511154175,0.054342880845069885,0.07852491736412048
95,3.1666666666666665,,,,insightface_bbox,0.6005650758743286,0.0,568.1272583007812,809.5873413085938,2385.941162109375,0,0,1,0,0,0,0,0,0,0,0,0,0.055410295724868774,0.03699919953942299,0.427476704120636,0.06485522538423538,0.012161104008555412,0.03193450719118118,0.021103758364915848,0.043225936591625214,0.07414932548999786,0.05745645612478256,0.05013272538781166,0.07509469240903854
96,3.2,,,,insightface_bbox,0.6438668966293335,0.0,602.1087036132812,800.6845703125,2386.591796875,0,0,1,0,0,0,0,0,0,0,0,0,0.049434907734394073,0.031042657792568207,0.3982474207878113,0.048464782536029816,0.009006006643176079,0.028295638039708138,0.01673872396349907,0.036489181220531464,0.06535041332244873,0.05360190197825432,0.04686508700251579,0.0636269599199295
97,3.2333333333333334,,,,insightface_bbox,0.6438668966293335,0.0,602.1087036132812,800.6845703125,2386.591796875,0,0,1,0,0,0,0,0,0,0,0,0,0.0486113578081131,0.029954534024000168,0.3514655828475952,0.04823536425828934,0.009027061052620411,0.029089856892824173,0.017103495076298714,0.03560205549001694,0.06734289973974228,0.05361371114850044,0.047637637704610825,0.0652158185839653
98,3.2666666666666666,,,,insightface_bbox,0.6438668966293335,0.0,602.1087036132812,800.6845703125,2386.591796875,0,0,1,0,0,0,0,0,0,0,0,0,0.0503883883357048,0.030941570177674294,0.45102572441101074,0.04991733282804489,0.01091807521879673,0.034395843744277954,0.02121848240494728,0.03985513746738434,0.07111567258834839,0.0593298077583313,0.06010889261960983,0.07079450786113739
99,3.3,,,,insightface_bbox,0.6438668966293335,0.0,602.1087036132812,800.6845703125,2386.591796875,0,0,1,0,0,0,0,0,0,0,0,0,0.04922408238053322,0.0313042514026165,0.4774436354637146,0.050370194017887115,0.011777246370911598,0.03534227982163429,0.023267949000000954,0.04023168608546257,0.07220518589019775,0.05796913057565689,0.07308326661586761,0.07502664625644684
100,3.3333333333333335,,,,insightface_bbox,0.6438668966293335,0.0,602.1087036132812,800.6845703125,2386.591796875,0,0,1,0,0,0,0,0,0,0,0,0,0.048522673547267914,0.03136226162314415,0.45501455664634705,0.05044481158256531,0.01186918281018734,0.034331150352954865,0.023935168981552124,0.04060448706150055,0.07347435504198074,0.05613309144973755,0.06893926858901978,0.07573248445987701
101,3.3666666666666667,,,,insightface_bbox,0.6438668966293335,0.0,602.1087036132812,800.6845703125,2386.591796875,0,0,1,0,0,0,0,0,0,0,0,0,0.0479980930685997,0.031238995492458344,0.454355925321579,0.04979842156171799,0.012009995989501476,0.034349702298641205,0.02427978254854679,0.04023673012852669,0.07289880514144897,0.055227842181921005,0.07107763737440109,0.07557839900255203
102,3.4,,,,insightface_bbox,0.612370491027832,0.0,536.81201171875,798.4904174804688,2282.8583984375,0,0,1,0,0,0,0,0,0,0,0,0,0.044740043580532074,0.026223819702863693,0.3559895157814026,0.03772072121500969,0.008492887951433659,0.025288734585046768,0.014091706834733486,0.03137529641389847,0.06908244639635086,0.049184031784534454,0.045000385493040085,0.06888771057128906
103,3.433333333333333,,,,insightface_bbox,0.612370491027832,0.0,536.81201171875,798.4904174804688,2282.8583984375,0,0,1,0,0,0,0,0,0,0,0,0,0.04516759514808655,0.026454545557498932,0.34125036001205444,0.03834465146064758,0.008409194648265839,0.024945233017206192,0.0135643370449543,0.031341832131147385,0.0686831995844841,0.04732858017086983,0.04090059548616409,0.06478390097618103
104,3.466666666666667,,,,insightface_bbox,0.612370491027832,0.0,536.81201171875,798.4904174804688,2282.8583984375,0,0,1,0,0,0,0,0,0,0,0,0,0.04698043316602707,0.027726709842681885,0.34997108578681946,0.04037603735923767,0.007834388874471188,0.023833375424146652,0.012593810446560383,0.0289585180580616,0.06474372744560242,0.04366929084062576,0.03907439857721329,0.061050668358802795
105,3.5,,,,insightface_bbox,0.612370491027832,0.0,536.81201171875,798.4904174804688,2282.8583984375,0,0,1,0,0,0,0,0,0,0,0,0,0.04502860829234123,0.02564976178109646,0.3397789001464844,0.035751938819885254,0.007213168311864138,0.021716898307204247,0.011419066227972507,0.027619564905762672,0.06042633205652237,0.04326216131448746,0.0335841029882431,0.05672437697649002
106,3.533333333333333,,,,insightface_bbox,0.612370491027832,0.0,536.81201171875,798.4904174804688,2282.8583984375,0,0,1,0,0,0,0,0,0,0,0,0,0.039671890437603,0.023582443594932556,0.35033419728279114,0.031120173633098602,0.00679711764678359,0.02022693306207657,0.010595826432108879,0.024401146918535233,0.054569587111473083,0.038767870515584946,0.032939791679382324,0.05348243564367294
107,3.566666666666667,,,,insightface_bbox,0.612370491027832,0.0,536.81201171875,798.4904174804688,2282.8583984375,0,0,1,0,0,0,0,0,0,0,0,0,0.0372249111533165,0.022494792938232422,0.3523889482021332,0.028418900445103645,0.006571723148226738,0.018975982442498207,0.010107701644301414,0.023221570998430252,0.052527569234371185,0.037748243659734726,0.030901050195097923,0.049253933131694794
108,3.6,,,,insightface_bbox,0.6176061034202576,0.0,558.2643432617188,796.7807006835938,2378.60302734375,0,0,1,0,0,0,0,0,0,0,0,0,0.06050623208284378,0.03896337375044823,0.46048179268836975,0.07567602396011353,0.013566751033067703,0.0371880903840065,0.026112191379070282,0.048548247665166855,0.08060258626937866,0.06337050348520279,0.06972742080688477,0.08273918181657791
109,3.6333333333333333,,,,insightface_bbox,0.6176061034202576,0.0,558.2643432617188,796.7807006835938,2378.60302734375,0,0,1,0,0,0,0,0,0,0,0,0,0.06368812173604965,0.04089951142668724,0.46803024411201477,0.08325965702533722,0.013722380623221397,0.038857609033584595,0.02686252072453499,0.049806274473667145,0.07943994551897049,0.06611046940088272,0.0828029215335846,0.09214118868112564
110,3.6666666666666665,,,,insightface_bbox,0.6176061034202576,0.0,558.2643432617188,796.7807006835938,2378.60302734375,0,0,1,0,0,0,0,0,0,0,0,0,0.06498046964406967,0.0417579747736454,0.45709148049354553,0.08407442271709442,0.01281103678047657,0.037301789969205856,0.02413754165172577,0.04787469282746315,0.07653605192899704,0.0641709566116333,0.0753612220287323,0.08575793355703354
111,3.7,,,,insightface_bbox,0.6176061034202576,0.0,558.2643432617188,796.7807006835938,2378.60302734375,0,0,1,0,0,0,0,0,0,0,0,0,0.0713004320859909,0.04624836519360542,0.4646519124507904,0.09695690870285034,0.013358746655285358,0.038977161049842834,0.026159675791859627,0.04994352161884308,0.08038181811571121,0.06732436269521713,0.08201227337121964,0.09282756596803665
112,3.7333333333333334,,,,insightface_bbox,0.6176061034202576,0.0,558.2643432617188,796.7807006835938,2378.60302734375,0,0,1,0,0,0,0,0,0,0,0,0,0.07200068980455399,0.04711354523897171,0.4843309819698334,0.10111280530691147,0.013923408463597298,0.040183402597904205,0.027456562966108322,0.05068317428231239,0.08091951906681061,0.06850841641426086,0.08453480899333954,0.09657183289527893
113,3.7666666666666666,,,,insightface_bbox,0.6176061034202576,0.0,558.2643432617188,796.7807006835938,2378.60302734375,0,0,1,0,0,0,0,0,0,0,0,0,0.06763900816440582,0.043785158544778824,0.4765338897705078,0.09172924607992172,0.013555284589529037,0.03972671180963516,0.026173826307058334,0.04988677799701691,0.07835549116134644,0.06702391058206558,0.08505785465240479,0.09442586451768875
114,3.8,,,,insightface_bbox,0.6125801205635071,0.0,589.4308471679688,801.408203125,2374.283447265625,0,0,1,0,0,0,0,0,0,0,0,0,0.057385433465242386,0.03400176018476486,0.37454161047935486,0.05930076912045479,0.01017511636018753,0.03127701207995415,0.01804477721452713,0.04229123145341873,0.07084517180919647,0.058844029903411865,0.055106766521930695,0.07024134695529938
115,3.8333333333333335,,,,insightface_bbox,0.6125801205635071,0.0,589.4308471679688,801.408203125,2374.283447265625,0,0,1,0,0,0,0,0,0,0,0,0,0.05602278187870979,0.033335402607917786,0.36980289220809937,0.05761277303099632,0.010080494917929173,0.0310744047164917,0.018247298896312714,0.04355572536587715,0.07176484167575836,0.060193926095962524,0.05426056310534477,0.0698191449046135
116,3.8666666666666667,,,,insightface_bbox,0.6125801205635071,0.0,589.4308471679688,801.408203125,2374.283447265625,0,0,1,0,0,0,0,0,0,0,0,0,0.058460913598537445,0.035189416259527206,0.3990320861339569,0.06301502138376236,0.01067165657877922,0.032681845128536224,0.019725056365132332,0.044584255665540695,0.07350006699562073,0.06053183227777481,0.06058249622583389,0.07310400158166885
117,3.9,,,,insightface_bbox,0.6125801205635071,0.0,589.4308471679688,801.408203125,2374.283447265625,0,0,1,0,0,0,0,0,0,0,0,0,0.059077292680740356,0.036107420921325684,0.4176953434944153,0.06578417867422104,0.0109526002779603,0.03365800902247429,0.020388996228575706,0.04573842138051987,0.07519188523292542,0.06251534819602966,0.062402695417404175,0.07542092353105545
118,3.933333333333333,,,,insightface_bbox,0.6125801205635071,0.0,589.4308471679688,801.408203125,2374.283447265625,0,0,1,0,0,0,0,0,0,0,0,0,0.057675670832395554,0.03442276641726494,0.41440340876579285,0.06148431822657585,0.010539602488279343,0.03313588351011276,0.02035309560596943,0.04432297497987747,0.07506221532821655,0.06228673458099365,0.06338147819042206,0.07451028376817703
119,3.966666666666667,,,,insightface_bbox,0.6125801205635071,0.0,589.4308471679688,801.408203125,2374.283447265625,0,0,1,0,0,0,0,0,0,0,0,0,0.05658557265996933,0.03310922160744667,0.4056714177131653,0.05796303600072861,0.010420743376016617,0.03208240121603012,0.019719548523426056,0.0440688282251358,0.07424668222665787,0.06205083429813385,0.05648184195160866,0.07017873972654343
120,4.0,,,,insightface_bbox,0.5931649804115295,0.0,580.948974609375,801.3394775390625,2366.418701171875,0,0,1,0,0,0,0,0,0,0,0,0,0.05956854298710823,0.03574231266975403,0.41595733165740967,0.06610511988401413,0.010607303120195866,0.033423274755477905,0.020939268171787262,0.04669153690338135,0.07588165253400803,0.06333419680595398,0.059321701526641846,0.07315094023942947
121,4.033333333333333,,,,insightface_bbox,0.5931649804115295,0.0,580.948974609375,801.3394775390625,2366.418701171875,0,0,1,0,0,0,0,0,0,0,0,0,0.05517081916332245,0.03237003833055496,0.3873279392719269,0.05507141351699829,0.009775947779417038,0.03010440617799759,0.017944185063242912,0.041679661720991135,0.07085762917995453,0.058435820043087006,0.049030933529138565,0.06701138615608215
122,4.066666666666666,,,,insightface_bbox,0.5931649804115295,0.0,580.948974609375,801.3394775390625,2366.418701171875,0,0,1,0,0,0,0,0,0,0,0,0,0.052483849227428436,0.030897758901119232,0.3689628541469574,0.050119780004024506,0.009432430379092693,0.02899722009897232,0.01760735921561718,0.04110725224018097,0.06924965977668762,0.059670642018318176,0.04252875596284866,0.06316684931516647
123,4.1,,,,insightface_bbox,0.5931649804115295,0.0,580.948974609375,801.3394775390625,2366.418701171875,0,0,1,0,0,0,0,0,0,0,0,0,0.04750016704201698,0.027694586664438248,0.34465116262435913,0.04279426485300064,0.008831189014017582,0.026719078421592712,0.016340438276529312,0.03863644227385521,0.06825662404298782,0.05932438746094704,0.036465954035520554,0.05860224738717079
124,4.133333333333334,,,,insightface_bbox,0.5931649804115295,0.0,580.948974609375,801.3394775390625,2366.418701171875,0,0,1,0,0,0,0,0,0,0,0,0,0.04947768151760101,0.029599465429782867,0.3725877106189728,0.0470317006111145,0.009906623512506485,0.02914237044751644,0.01860838569700718,0.040912799537181854,0.0711967796087265,0.06105852127075195,0.04419466480612755,0.06327056884765625
125,4.166666666666667,,,,insightface_bbox,0.5931649804115295,0.0,580.948974609375,801.3394775390625,2366.418701171875,0,0,1,0,0,0,0,0,0,0,0,0,0.04970701038837433,0.029805924743413925,0.37045925855636597,0.04753733426332474,0.009295470081269741,0.02815617062151432,0.017485979944467545,0.039771612733602524,0.06793327629566193,0.05964569002389908,0.04304658994078636,0.06418623775243759
126,4.2,,,,insightface_bbox,0.618942141532898,0.0,547.266357421875,811.3116455078125,2430.709228515625,0,0,1,0,0,0,0,0,0,0,0,0,0.06543514132499695,0.042439594864845276,0.4483518600463867,0.0812743753194809,0.013911839574575424,0.038231413811445236,0.025600336492061615,0.04989135265350342,0.07979314029216766,0.06533845514059067,0.06618065387010574,0.08746632933616638
127,4.233333333333333,,,,insightface_bbox,0.618942141532898,0.0,547.266357421875,811.3116455078125,2430.709228515625,0,0,1,0,0,0,0,0,0,0,0,0,0.070722296833992,0.04573065787553787,0.46195968985557556,0.09707606583833694,0.01477689016610384,0.04006343334913254,0.027393383905291557,0.054518140852451324,0.08205621689558029,0.06874260306358337,0.07357469946146011,0.09272896498441696
128,4.266666666666667,,,,insightface_bbox,0.618942141532898,0.0,547.266357421875,811.3116455078125,2430.709228515625,0,0,1,0,0,0,0,0,0,0,0,0,0.0704105943441391,0.046409010887145996,0.4574408531188965,0.10216865688562393,0.014933357015252113,0.04127541929483414,0.02893056534230709,0.0546477809548378,0.08077607303857803,0.06883175671100616,0.08451000601053238,0.09650479257106781
129,4.3,,,,insightface_bbox,0.618942141532898,0.0,547.266357421875,811.3116455078125,2430.709228515625,0,0,1,0,0,0,0,0,0,0,0,0,0.0683734118938446,0.0449368916451931,0.47198835015296936,0.09660043567419052,0.015044748783111572,0.04231591150164604,0.028674282133579254,0.05096135661005974,0.08128078281879425,0.06786473840475082,0.08093102276325226,0.09367502480745316
130,4.333333333333333,,,,insightface_bbox,0.618942141532898,0.0,547.266357421875,811.3116455078125,2430.709228515625,0,0,1,0,0,0,0,0,0,0,0,0,0.06920720636844635,0.04472431540489197,0.4778441786766052,0.09319707751274109,0.015195206739008427,0.04135998338460922,0.027944127097725868,0.05022864043712616,0.08272708207368851,0.06786923110485077,0.07600164413452148,0.09356574714183807
131,4.366666666666666,,,,insightface_bbox,0.618942141532898,0.0,547.266357421875,811.3116455078125,2430.709228515625,0,0,1,0,0,0,0,0,0,0,0,0,0.06630385667085648,0.04346274584531784,0.487945556640625,0.08596238493919373,0.014693490229547024,0.03966275602579117,0.026368457823991776,0.04850782826542854,0.08187069743871689,0.06518713384866714,0.06615163385868073,0.08584479987621307
132,4.4,,,,insightface_bbox,0.6037355661392212,0.0,566.9494018554688,810.9358520507812,2404.882080078125,0,0,1,0,0,0,0,0,0,0,0,0,0.0617842897772789,0.03941546380519867,0.39880049228668213,0.0740649402141571,0.012433778494596481,0.03510497137904167,0.023571858182549477,0.04805842414498329,0.081588514149189,0.06659837812185287,0.06189102679491043,0.08546896278858185
133,4.433333333333334,,,,insightface_bbox,0.6037355661392212,0.0,566.9494018554688,810.9358520507812,2404.882080078125,0,0,1,0,0,0,0,0,0,0,0,0,0.05927548557519913,0.03862079605460167,0.3862549364566803,0.07136376947164536,0.012288843281567097,0.03357928618788719,0.023202775046229362,0.04772904887795448,0.08065327256917953,0.06511706858873367,0.05366869643330574,0.08091150969266891
134,4.466666666666667,,,,insightface_bbox,0.6037355661392212,0.0,566.9494018554688,810.9358520507812,2404.882080078125,0,0,1,0,0,0,0,0,0,0,0,0,0.05963854491710663,0.03904423862695694,0.39763009548187256,0.07172135263681412,0.01300133764743805,0.03488660603761673,0.024377308785915375,0.047808147966861725,0.0810680091381073,0.06545241922140121,0.0559939444065094,0.08240805566310883
135,4.5,,,,insightface_bbox,0.6037355661392212,0.0,566.9494018554688,810.9358520507812,2404.882080078125,0,0,1,0,0,0,0,0,0,0,0,0,0.060046568512916565,0.03978599235415459,0.4244978725910187,0.07331779599189758,0.013654385693371296,0.03616592660546303,0.025386523455381393,0.048248738050460815,0.08177540451288223,0.06483309715986252,0.05902834236621857,0.0841212198138237
136,4.533333333333333,,,,insightface_bbox,0.6037355661392212,0.0,566.9494018554688,810.9358520507812,2404.882080078125,0,0,1,0,0,0,0,0,0,0,0,0,0.060112178325653076,0.04005684703588486,0.4220607876777649,0.07399076223373413,0.013677695766091347,0.036038171499967575,0.02505461685359478,0.04834418743848801,0.08142304420471191,0.06485522538423538,0.058104339987039566,0.0844658836722374
137,4.566666666666666,,,,insightface_bbox,0.6037355661392212,0.0,566.9494018554688,810.9358520507812,2404.882080078125,0,0,1,0,0,0,0,0,0,0,0,0,0.061859145760536194,0.04137606918811798,0.44789016246795654,0.07783485949039459,0.013982363976538181,0.03673812374472618,0.02589356154203415,0.05008231848478317,0.08178778737783432,0.06510806083679199,0.062065478414297104,0.08848059922456741
138,4.6,,,,insightface_bbox,0.599173903465271,0.0,506.2942810058594,808.775146484375,2399.960693359375,0,0,1,0,0,0,0,0,0,0,0,0,0.06054820120334625,0.03979913145303726,0.44500237703323364,0.07354200631380081,0.013997824862599373,0.035002898424863815,0.02400209754705429,0.05094904452562332,0.07838473469018936,0.06407421082258224,0.05461632460355759,0.08446727693080902
139,4.633333333333334,,,,insightface_bbox,0.599173903465271,0.0,506.2942810058594,808.775146484375,2399.960693359375,0,0,1,0,0,0,0,0,0,0,0,0,0.06096115708351135,0.040272168815135956,0.43953490257263184,0.07619333267211914,0.014028461650013924,0.03579782322049141,0.024656595662236214,0.05242308974266052,0.07945377379655838,0.06599211692810059,0.05895571410655975,0.0875680148601532
140,4.666666666666667,,,,insightface_bbox,0.599173903465271,0.0,506.2942810058594,808.775146484375,2399.960693359375,0,0,1,0,0,0,0,0,0,0,0,0,0.059132322669029236,0.03891527280211449,0.4535779356956482,0.07115034759044647,0.014589904807507992,0.03698549419641495,0.026600763201713562,0.05076263099908829,0.08100178092718124,0.0674063116312027,0.06520136445760727,0.09298563003540039
141,4.7,,,,insightface_bbox,0.599173903465271,0.0,506.2942810058594,808.775146484375,2399.960693359375,0,0,1,0,0,0,0,0,0,0,0,0,0.06331560015678406,0.040914081037044525,0.49055543541908264,0.07587213814258575,0.015752021223306656,0.0384182333946228,0.02683812379837036,0.05018344521522522,0.08338496088981628,0.06738919764757156,0.06414986401796341,0.09142057597637177
142,4.733333333333333,,,,insightface_bbox,0.599173903465271,0.0,506.2942810058594,808.775146484375,2399.960693359375,0,0,1,0,0,0,0,0,0,0,0,0,0.058619868010282516,0.037332940846681595,0.4621770977973938,0.06408917158842087,0.014719808474183083,0.03630425035953522,0.025178108364343643,0.0455719530582428,0.07867473363876343,0.06422866880893707,0.05717383697628975,0.08629031479358673
143,4.766666666666667,,,,insightface_bbox,0.599173903465271,0.0,506.2942810058594,808.775146484375,2399.960693359375,0,0,1,0,0,0,0,0,0,0,0,0,0.060392897576093674,0.03976241499185562,0.46368685364723206,0.07128269970417023,0.015052934177219868,0.037818655371665955,0.027196502313017845,0.049848005175590515,0.08264739066362381,0.06831227988004684,0.05945812165737152,0.08785589039325714
144,4.8,,,,insightface_bbox,0.5873594284057617,0.0,533.0897827148438,796.8690185546875,2353.6005859375,0,0,1,0,0,0,0,0,0,0,0,0,0.04337715357542038,0.02498777210712433,0.3273122012615204,0.03304492309689522,0.007096332963556051,0.021390553563833237,0.01082307193428278,0.028088834136724472,0.059749722480773926,0.043329693377017975,0.033987753093242645,0.05707871913909912
145,4.833333333333333,,,,insightface_bbox,0.5873594284057617,0.0,533.0897827148438,796.8690185546875,2353.6005859375,0,0,1,0,0,0,0,0,0,0,0,0,0.04591171070933342,0.026009269058704376,0.3259161710739136,0.03433802351355553,0.00698073860257864,0.021635178476572037,0.010883402079343796,0.02759958803653717,0.06033053621649742,0.04277927428483963,0.03454131260514259,0.05721430480480194
146,4.866666666666666,,,,insightface_bbox,0.5873594284057617,0.0,533.0897827148438,796.8690185546875,2353.6005859375,0,0,1,0,0,0,0,0,0,0,0,0,0.0459073930978775,0.02583201229572296,0.34031760692596436,0.03453913703560829,0.006910816766321659,0.02156835049390793,0.010880543850362301,0.028035089373588562,0.059107113629579544,0.0420413613319397,0.03462580218911171,0.055916592478752136
147,4.9,,,,insightface_bbox,0.5873594284057617,0.0,533.0897827148438,796.8690185546875,2353.6005859375,0,0,1,0,0,0,0,0,0,0,0,0,0.04443448781967163,0.025342265143990517,0.33585864305496216,0.03424720838665962,0.007006931118667126,0.02139732986688614,0.01099694985896349,0.028476184234023094,0.05914152413606644,0.04235364496707916,0.033247459679841995,0.05469520017504692
148,4.933333333333334,,,,insightface_bbox,0.5873594284057617,0.0,533.0897827148438,796.8690185546875,2353.6005859375,0,0,1,0,0,0,0,0,0,0,0,0,0.04480241239070892,0.02576400525867939,0.3694550395011902,0.03509196266531944,0.007181896828114986,0.02231147140264511,0.011463128961622715,0.029425213113427162,0.060584839433431625,0.044156793504953384,0.034969035536050797,0.056720584630966187
149,4.966666666666667,,,,insightface_bbox,0.5873594284057617,0.0,533.0897827148438,796.8690185546875,2353.6005859375,0,0,1,0,0,0,0,0,0,0,0,0,0.045702796429395676,0.026125438511371613,0.3673306405544281,0.035587895661592484,0.007246795576065779,0.022494802251458168,0.011306878179311752,0.029496783390641212,0.061037443578243256,0.04441332817077637,0.03589658811688423,0.05791865661740303
150,5.0,,,,insightface_bbox,0.6007992625236511,0.0,597.9743041992188,795.6648559570312,2344.760009765625,0,0,1,0,0,0,0,0,0,0,0,0,0.04906550422310829,0.02744038589298725,0.3397359848022461,0.03765270486474037,0.007193426601588726,0.022863904014229774,0.01183958351612091,0.030742645263671875,0.06441065669059753,0.04727882891893387,0.03628893941640854,0.0597071498632431
151,5.033333333333333,,,,insightface_bbox,0.6007992625236511,0.0,597.9743041992188,795.6648559570312,2344.760009765625,0,0,1,0,0,0,0,0,0,0,0,0,0.050507333129644394,0.028485067188739777,0.34190747141838074,0.040037088096141815,0.00732557475566864,0.023107556626200676,0.011456487700343132,0.030470360070466995,0.06307204067707062,0.04584673047065735,0.038060836493968964,0.062274593859910965
152,5.066666666666666,,,,insightface_bbox,0.6007992625236511,0.0,597.9743041992188,795.6648559570312,2344.760009765625,0,0,1,0,0,0,0,0,0,0,0,0,0.04957066848874092,0.027358397841453552,0.342829167842865,0.03699871152639389,0.007005513180047274,0.022131621837615967,0.010832510888576508,0.028460567817091942,0.06124458834528923,0.043587155640125275,0.03580397367477417,0.05989767238497734
153,5.1,,,,insightface_bbox,0.6007992625236511,0.0,597.9743041992188,795.6648559570312,2344.760009765625,0,0,1,0,0,0,0,0,0,0,0,0,0.046774499118328094,0.025842994451522827,0.35227641463279724,0.0343637578189373,0.006744800601154566,0.021612118929624557,0.010488897562026978,0.027702292427420616,0.06009816378355026,0.04324626922607422,0.034829944372177124,0.05744427070021629
154,5.133333333333334,,,,insightface_bbox,0.6007992625236511,0.0,597.9743041992188,795.6648559570312,2344.760009765625,0,0,1,0,0,0,0,0,0,0,0,0,0.045407675206661224,0.026193413883447647,0.38327503204345703,0.035963285714387894,0.007515456061810255,0.0233464352786541,0.011998935602605343,0.029246848076581955,0.06205040216445923,0.0453624501824379,0.037411898374557495,0.05970484018325806
155,5.166666666666667,,,,insightface_bbox,0.6007992625236511,0.0,597.9743041992188,795.6648559570312,2344.760009765625,0,0,1,0,0,0,0,0,0,0,0,0,0.04371676966547966,0.025271128863096237,0.356425017118454,0.0348692461848259,0.007615362294018269,0.023316558450460434,0.011882040649652481,0.029361102730035782,0.06213957816362381,0.045897047966718674,0.03833283856511116,0.060406070202589035
156,5.2,,,,insightface_bbox,0.6396523118019104,0.0,605.4736328125,805.5797119140625,2420.1240234375,0,0,1,0,0,0,0,0,0,0,0,0,0.04282447695732117,0.024233369156718254,0.29909464716911316,0.03358308598399162,0.006661432795226574,0.0215742290019989,0.0108793331310153,0.029616616666316986,0.062434881925582886,0.04848073795437813,0.035087160766124725,0.0597376748919487
157,5.233333333333333,,,,insightface_bbox,0.6396523118019104,0.0,605.4736328125,805.5797119140625,2420.1240234375,0,0,1,0,0,0,0,0,0,0,0,0,0.04790852963924408,0.027747206389904022,0.34675008058547974,0.04104747623205185,0.007395194843411446,0.02372083067893982,0.01193913072347641,0.032699018716812134,0.0647958517074585,0.04978262633085251,0.036203473806381226,0.06213890761137009
158,5.266666666666667,,,,insightface_bbox,0.6396523118019104,0.0,605.4736328125,805.5797119140625,2420.1240234375,0,0,1,0,0,0,0,0,0,0,0,0,0.04827025532722473,0.027920538559556007,0.351309210062027,0.039870522916316986,0.007546276785433292,0.023940056562423706,0.01221595797687769,0.031940001994371414,0.06475113332271576,0.04819294810295105,0.03547609597444534,0.05937774106860161
159,5.3,,,,insightface_bbox,0.6396523118019104,0.0,605.4736328125,805.5797119140625,2420.1240234375,0,0,1,0,0,0,0,0,0,0,0,0,0.049821022897958755,0.02855377271771431,0.31518492102622986,0.040004029870033264,0.00758019182831049,0.024012180045247078,0.011880571022629738,0.03216131031513214,0.06545213609933853,0.04831518232822418,0.03799804672598839,0.060408540070056915
160,5.333333333333333,,,,insightface_bbox,0.6396523118019104,0.0,605.4736328125,805.5797119140625,2420.1240234375,0,0,1,0,0,0,0,0,0,0,0,0,0.049434881657361984,0.02852587029337883,0.30456653237342834,0.040649738162755966,0.007272996939718723,0.023241890594363213,0.012060519307851791,0.03235625475645065,0.06467903405427933,0.04888749122619629,0.037082474678754807,0.059849515557289124
161,5.366666666666666,,,,insightface_bbox,0.6396523118019104,0.0,605.4736328125,805.5797119140625,2420.1240234375,0,0,1,0,0,0,0,0,0,0,0,0,0.04742391034960747,0.02738107182085514,0.3309193253517151,0.03969668969511986,0.007406372576951981,0.023751888424158096,0.012689991854131222,0.03278597444295883,0.0648605152964592,0.05004547908902168,0.038376666605472565,0.061039455235004425
162,5.4,,,,insightface_bbox,0.6355999112129211,0.0,598.9411010742188,794.171142578125,2355.624755859375,0,0,1,0,0,0,0,0,0,0,0,0,0.04618386924266815,0.026558013632893562,0.32322290539741516,0.039028577506542206,0.0072327544912695885,0.02331237494945526,0.01228170283138752,0.03316788375377655,0.0642736405134201,0.05163104087114334,0.037218958139419556,0.061607662588357925
163,5.433333333333334,,,,insightface_bbox,0.6355999112129211,0.0,598.9411010742188,794.171142578125,2355.624755859375,0,0,1,0,0,0,0,0,0,0,0,0,0.044326577335596085,0.025165174156427383,0.30609995126724243,0.03614731878042221,0.0072578247636556625,0.02321096882224083,0.012104200199246407,0.03237617388367653,0.065317302942276,0.05136014521121979,0.03843560069799423,0.06106990948319435
164,5.466666666666667,,,,insightface_bbox,0.6355999112129211,0.0,598.9411010742188,794.171142578125,2355.624755859375,0,0,1,0,0,0,0,0,0,0,0,0,0.048149317502975464,0.027113014832139015,0.33612295985221863,0.03872925788164139,0.007476211525499821,0.024145320057868958,0.013007905334234238,0.03176204860210419,0.06656945496797562,0.050302740186452866,0.03938177973031998,0.06146923452615738
165,5.5,,,,insightface_bbox,0.6355999112129211,0.0,598.9411010742188,794.171142578125,2355.624755859375,0,0,1,0,0,0,0,0,0,0,0,0,0.04994479566812515,0.028284166008234024,0.31744271516799927,0.04086917266249657,0.007336853072047234,0.02408882975578308,0.01284730527549982,0.03177481144666672,0.06468004733324051,0.04888128489255905,0.038910359144210815,0.060323718935251236
166,5.533333333333333,,,,insightface_bbox,0.6355999112129211,0.0,598.9411010742188,794.171142578125,2355.624755859375,0,0,1,0,0,0,0,0,0,0,0,0,0.05361629277467728,0.03065170720219612,0.3543151617050171,0.044754739850759506,0.007936223410069942,0.026411768049001694,0.014050271362066269,0.03431412950158119,0.06659571081399918,0.05097672715783119,0.04617426544427872,0.06503774970769882
167,5.566666666666666,,,,insightface_bbox,0.6355999112129211,0.0,598.9411010742188,794.171142578125,2355.624755859375,0,0,1,0,0,0,0,0,0,0,0,0,0.054594408720731735,0.031300678849220276,0.3691478967666626,0.045394182205200195,0.008123772218823433,0.027050402015447617,0.013900273479521275,0.03468765690922737,0.06835010647773743,0.05090313404798508,0.04768534004688263,0.06546689569950104
168,5.6,,,,insightface_bbox,0.6045455932617188,0.0,541.4803466796875,793.4849853515625,2342.015869140625,0,0,1,0,0,0,0,0,0,0,0,0,0.048472337424755096,0.027547849342226982,0.29493844509124756,0.03644487261772156,0.00707028154283762,0.02268325351178646,0.011624613776803017,0.0302038062363863,0.0646558403968811,0.046589531004428864,0.036607272922992706,0.05910881236195564
169,5.633333333333334,,,,insightface_bbox,0.6045455932617188,0.0,541.4803466796875,793.4849853515625,2342.015869140625,0,0,1,0,0,0,0,0,0,0,0,0,0.04960060492157936,0.027916936203837395,0.3072543442249298,0.038027890026569366,0.007300073746591806,0.023878388106822968,0.0120647381991148,0.030751358717679977,0.06711061298847198,0.048027388751506805,0.041862718760967255,0.06224850192666054
170,5.666666666666667,,,,insightface_bbox,0.6045455932617188,0.0,541.4803466796875,793.4849853515625,2342.015869140625,0,0,1,0,0,0,0,0,0,0,0,0,0.05124630033969879,0.02891436032950878,0.3350382447242737,0.041292499750852585,0.008027738891541958,0.025929849594831467,0.013175088912248611,0.03316909447312355,0.06966184824705124,0.05095911771059036,0.04596583917737007,0.06440255790948868
171,5.7,,,,insightface_bbox,0.6045455932617188,0.0,541.4803466796875,793.4849853515625,2342.015869140625,0,0,1,0,0,0,0,0,0,0,0,0,0.05112481117248535,0.02974151074886322,0.37425267696380615,0.0422043651342392,0.008641541004180908,0.027721216902136803,0.014315876178443432,0.033197104930877686,0.06953331083059311,0.04987010359764099,0.04983240365982056,0.067270927131176
172,5.733333333333333,,,,insightface_bbox,0.6045455932617188,0.0,541.4803466796875,793.4849853515625,2342.015869140625,0,0,1,0,0,0,0,0,0,0,0,0,0.04902132600545883,0.028070300817489624,0.4050820767879486,0.039725322276353836,0.008286292664706707,0.028358306735754013,0.013940214179456234,0.0313538983464241,0.06674675643444061,0.048611998558044434,0.05355110391974449,0.06621120125055313
173,5.766666666666667,,,,insightface_bbox,0.6045455932617188,0.0,541.4803466796875,793.4849853515625,2342.015869140625,0,0,1,0,0,0,0,0,0,0,0,0,0.048687439411878586,0.028116602450609207,0.4432305693626404,0.03977872431278229,0.00874339323490858,0.02912997081875801,0.014817504212260246,0.03021950088441372,0.06671290844678879,0.04810722544789314,0.057489097118377686,0.06602433323860168
174,5.8,,,,insightface_bbox,0.5912712812423706,0.0,534.7515258789062,803.0975952148438,2361.63623046875,0,0,1,0,0,0,0,0,0,0,0,0,0.04917658120393753,0.029318546876311302,0.5124019980430603,0.041648514568805695,0.010290607810020447,0.03265460953116417,0.018550103530287743,0.0326034277677536,0.06909726560115814,0.05102580785751343,0.06494671106338501,0.06706544756889343
175,5.833333333333333,,,,insightface_bbox,0.5912712812423706,0.0,534.7515258789062,803.0975952148438,2361.63623046875,0,0,1,0,0,0,0,0,0,0,0,0,0.04935689643025398,0.029134251177310944,0.4676904082298279,0.04277724772691727,0.011164739727973938,0.03293950855731964,0.01971370540559292,0.034764498472213745,0.07290826737880707,0.05420592054724693,0.06577306240797043,0.06921528279781342
176,5.866666666666666,,,,insightface_bbox,0.5912712812423706,0.0,534.7515258789062,803.0975952148438,2361.63623046875,0,0,1,0,0,0,0,0,0,0,0,0,0.049980174750089645,0.029207129031419754,0.46535080671310425,0.042410172522068024,0.011248462833464146,0.032485365867614746,0.019409574568271637,0.03480498120188713,0.07369498908519745,0.053429123014211655,0.0651155561208725,0.06928020715713501
177,5.9,,,,insightface_bbox,0.5912712812423706,0.0,534.7515258789062,803.0975952148438,2361.63623046875,0,0,1,0,0,0,0,0,0,0,0,0,0.0482788011431694,0.0282469242811203,0.4392985701560974,0.04036642983555794,0.01025390811264515,0.03035762906074524,0.017480231821537018,0.03376517444849014,0.07125362753868103,0.05150860175490379,0.061920586973428726,0.06868892163038254
178,5.933333333333334,,,,insightface_bbox,0.5912712812423706,0.0,534.7515258789062,803.0975952148438,2361.63623046875,0,0,1,0,0,0,0,0,0,0,0,0,0.04507412016391754,0.025889670476317406,0.35177934169769287,0.03564455360174179,0.008843285962939262,0.026208525523543358,0.014116271398961544,0.03138808533549309,0.0661730170249939,0.04863358289003372,0.04878830909729004,0.062000881880521774
179,5.966666666666667,,,,insightface_bbox,0.5912712812423706,0.0,534.7515258789062,803.0975952148438,2361.63623046875,0,0,1,0,0,0,0,0,0,0,0,0,0.04514561966061592,0.02598249912261963,0.3402082324028015,0.03616786003112793,0.008415005169808865,0.02529487945139408,0.013166150078177452,0.030473411083221436,0.06509574502706528,0.04723275452852249,0.04628886282444,0.06198015809059143
180,6.0,,,,insightface_bbox,0.5638628602027893,0.0,508.8569030761719,856.851318359375,2358.89990234375,0,0,1,0,0,0,0,0,0,0,0,0,0.06027818098664284,0.035476211458444595,0.3806692659854889,0.04988863691687584,0.012936517596244812,0.03309384360909462,0.02434545010328293,0.038660213351249695,0.07331214100122452,0.05722403526306152,0.0532783605158329,0.08882541209459305
181,6.033333333333333,,,,insightface_bbox,0.5638628602027893,0.0,508.8569030761719,856.851318359375,2358.89990234375,0,0,1,0,0,0,0,0,0,0,0,0,0.07194281369447708,0.044192180037498474,0.41908174753189087,0.0701017901301384,0.015177173539996147,0.037185028195381165,0.02763662301003933,0.0453808456659317,0.07732491195201874,0.06468859314918518,0.05577997863292694,0.10237585753202438
182,6.066666666666666,,,,insightface_bbox,0.5638628602027893,0.0,508.8569030761719,856.851318359375,2358.89990234375,0,0,1,0,0,0,0,0,0,0,0,0,0.07418082654476166,0.04544532299041748,0.4402153193950653,0.07434509694576263,0.01520329900085926,0.03744085878133774,0.026586901396512985,0.04702352359890938,0.0776505246758461,0.06444720178842545,0.054153334349393845,0.10046467185020447
183,6.1,,,,insightface_bbox,0.5638628602027893,0.0,508.8569030761719,856.851318359375,2358.89990234375,0,0,1,0,0,0,0,0,0,0,0,0,0.0829533189535141,0.05113731324672699,0.5038501024246216,0.0827535092830658,0.015842655673623085,0.040131356567144394,0.027343183755874634,0.04779180511832237,0.07801496237516403,0.06516305357217789,0.05930040776729584,0.10336573421955109
184,6.133333333333334,,,,insightface_bbox,0.5638628602027893,0.0,508.8569030761719,856.851318359375,2358.89990234375,0,0,1,0,0,0,0,0,0,0,0,0,0.0871439278125763,0.05274442955851555,0.49979421496391296,0.08664683997631073,0.015577790327370167,0.04089738428592682,0.0273825004696846,0.04899672791361809,0.07804390043020248,0.0646410807967186,0.06226154416799545,0.10506848990917206
185,6.166666666666667,,,,insightface_bbox,0.5638628602027893,0.0,508.8569030761719,856.851318359375,2358.89990234375,0,0,1,0,0,0,0,0,0,0,0,0,0.07014814764261246,0.04064672067761421,0.41783595085144043,0.06013602763414383,0.01287329476326704,0.03399752825498581,0.020953651517629623,0.039082881063222885,0.07329843193292618,0.05741056799888611,0.04652496054768562,0.08521340042352676
186,6.2,,,,insightface_bbox,0.5688145756721497,0.0,501.5667419433594,854.3907470703125,2358.83154296875,0,0,1,0,0,0,0,0,0,0,0,0,0.06590916961431503,0.03877267614006996,0.4042205512523651,0.055948685854673386,0.01269584707915783,0.03316521272063255,0.022321216762065887,0.03943745419383049,0.07571224868297577,0.05767686665058136,0.04361644387245178,0.08406571298837662
187,6.233333333333333,,,,insightface_bbox,0.5688145756721497,0.0,501.5667419433594,854.3907470703125,2358.83154296875,0,0,1,0,0,0,0,0,0,0,0,0,0.06351541727781296,0.03700072318315506,0.36904576420783997,0.05310112610459328,0.01258515752851963,0.031573932617902756,0.022241875529289246,0.037678055465221405,0.07481265813112259,0.05695581063628197,0.04157557338476181,0.08516409248113632
188,6.266666666666667,,,,insightface_bbox,0.5688145756721497,0.0,501.5667419433594,854.3907470703125,2358.83154296875,0,0,1,0,0,0,0,0,0,0,0,0,0.07017900049686432,0.04097301885485649,0.4154377579689026,0.0620916411280632,0.014504564926028252,0.03506282716989517,0.02583865448832512,0.0396166667342186,0.07835093140602112,0.06025370582938194,0.04887877032160759,0.09639298915863037
189,6.3,,,,insightface_bbox,0.5688145756721497,0.0,501.5667419433594,854.3907470703125,2358.83154296875,0,0,1,0,0,0,0,0,0,0,0,0,0.07236830145120621,0.043084193021059036,0.42859357595443726,0.06625187397003174,0.014551550149917603,0.036102909594774246,0.025547074154019356,0.04030309244990349,0.08030322194099426,0.06072060018777847,0.05041493475437164,0.09721137583255768
190,6.333333333333333,,,,insightface_bbox,0.5688145756721497,0.0,501.5667419433594,854.3907470703125,2358.83154296875,0,0,1,0,0,0,0,0,0,0,0,0,0.07514239102602005,0.04465863108634949,0.44946613907814026,0.0684308409690857,0.01416055392473936,0.03714805096387863,0.025289781391620636,0.04095178470015526,0.08021660894155502,0.060461871325969696,0.05209481343626976,0.09711247682571411
191,6.366666666666666,,,,insightface_bbox,0.5688145756721497,0.0,501.5667419433594,854.3907470703125,2358.83154296875,0,0,1,0,0,0,0,0,0,0,0,0,0.08058179169893265,0.04720471799373627,0.49182891845703125,0.07115328311920166,0.01458123791962862,0.03996068611741066,0.026772446930408478,0.041535500437021255,0.08074317872524261,0.0621715746819973,0.056883879005908966,0.09874588996171951
192,6.4,,,,insightface_bbox,0.6211735606193542,0.0,596.6019287109375,797.898681640625,2361.3798828125,0,0,1,0,0,0,0,0,0,0,0,0,0.04340224340558052,0.024375122040510178,0.3724321126937866,0.034512292593717575,0.006769215688109398,0.022329125553369522,0.011513734236359596,0.02718537300825119,0.06220308691263199,0.04782813787460327,0.0330844521522522,0.058690302073955536
193,6.433333333333334,,,,insightface_bbox,0.6211735606193542,0.0,596.6019287109375,797.898681640625,2361.3798828125,0,0,1,0,0,0,0,0,0,0,0,0,0.04218437150120735,0.023050157353281975,0.4238101541996002,0.030783407390117645,0.007250702474266291,0.023554803803563118,0.011782867833971977,0.025512292981147766,0.06168996915221214,0.0451856404542923,0.038265787065029144,0.05926733464002609
194,6.466666666666667,,,,insightface_bbox,0.6211735606193542,0.0,596.6019287109375,797.898681640625,2361.3798828125,0,0,1,0,0,0,0,0,0,0,0,0,0.04301723837852478,0.02318761497735977,0.442583292722702,0.03138362243771553,0.00765015184879303,0.024879787117242813,0.012358011677861214,0.025555027648806572,0.06442702561616898,0.04520212113857269,0.04173845052719116,0.06208546832203865
195,6.5,,,,insightface_bbox,0.6211735606193542,0.0,596.6019287109375,797.898681640625,2361.3798828125,0,0,1,0,0,0,0,0,0,0,0,0,0.04864499717950821,0.026297038421034813,0.3779178559780121,0.037912748754024506,0.007765599526464939,0.025094637647271156,0.011964572593569756,0.027845412492752075,0.06598376482725143,0.04650865122675896,0.04134133458137512,0.06578689813613892
196,6.533333333333333,,,,insightface_bbox,0.6211735606193542,0.0,596.6019287109375,797.898681640625,2361.3798828125,0,0,1,0,0,0,0,0,0,0,0,0,0.04936433583498001,0.02654174529016018,0.3690500855445862,0.038306672126054764,0.007785741239786148,0.024480251595377922,0.011578181758522987,0.027400245890021324,0.06534010916948318,0.046217672526836395,0.040175095200538635,0.0651700422167778
197,6.566666666666666,,,,insightface_bbox,0.6211735606193542,0.0,596.6019287109375,797.898681640625,2361.3798828125,0,0,1,0,0,0,0,0,0,0,0,0,0.0499093197286129,0.027465643361210823,0.3786211609840393,0.04058079421520233,0.0076981536112725735,0.024377042427659035,0.011791110038757324,0.02782575786113739,0.06464512646198273,0.0461295023560524,0.04154486954212189,0.06821718066930771
198,6.6,,,,insightface_bbox,0.6049762964248657,0.0,608.1857299804688,802.4737548828125,2356.50732421875,0,0,1,0,0,0,0,0,0,0,0,0,0.05459260568022728,0.03396150842308998,0.4570755958557129,0.05272039771080017,0.010149679146707058,0.031827956438064575,0.01729588210582733,0.03448277339339256,0.071048803627491,0.04953920468688011,0.06390393525362015,0.07386982440948486
199,6.633333333333334,,,,insightface_bbox,0.6049762964248657,0.0,608.1857299804688,802.4737548828125,2356.50732421875,0,0,1,0,0,0,0,0,0,0,0,0,0.05921655893325806,0.03748970851302147,0.45219045877456665,0.06192236766219139,0.00953198503702879,0.03150881826877594,0.016442563384771347,0.035122428089380264,0.06970201432704926,0.04860557243227959,0.059849515557289124,0.0734487771987915
200,6.666666666666667,,,,insightface_bbox,0.6049762964248657,0.0,608.1857299804688,802.4737548828125,2356.50732421875,0,0,1,0,0,0,0,0,0,0,0,0,0.05546373128890991,0.033452194184064865,0.42684733867645264,0.05122710019350052,0.008816638961434364,0.029248569160699844,0.013711038045585155,0.031886354088783264,0.06726659089326859,0.04641573876142502,0.054960235953330994,0.07041887193918228
201,6.7,,,,insightface_bbox,0.6049762964248657,0.0,608.1857299804688,802.4737548828125,2356.50732421875,0,0,1,0,0,0,0,0,0,0,0,0,0.05117811635136604,0.03010638989508152,0.422504723072052,0.04383322224020958,0.008631046861410141,0.02819749340415001,0.013302771374583244,0.029440850019454956,0.06510796397924423,0.04591144993901253,0.055341046303510666,0.06997863948345184
202,6.733333333333333,,,,insightface_bbox,0.6049762964248657,0.0,608.1857299804688,802.4737548828125,2356.50732421875,0,0,1,0,0,0,0,0,0,0,0,0,0.0521518737077713,0.03121236152946949,0.45729899406433105,0.04572910815477371,0.009060792624950409,0.02956424281001091,0.014414126053452492,0.03021799772977829,0.06603016704320908,0.046044349670410156,0.058150604367256165,0.07015223801136017
203,6.766666666666667,,,,insightface_bbox,0.6049762964248657,0.0,608.1857299804688,802.4737548828125,2356.50732421875,0,0,1,0,0,0,0,0,0,0,0,0,0.0648694559931755,0.04161364957690239,0.5627695322036743,0.07246004790067673,0.010746408253908157,0.03528504818677902,0.01847941242158413,0.03736543282866478,0.07563929259777069,0.051330313086509705,0.07165341824293137,0.07961791753768921
204,6.8,,,,insightface_bbox,0.6089948415756226,0.0,584.4808959960938,799.2945556640625,2394.647705078125,0,0,1,0,0,0,0,0,0,0,0,0,0.07159299403429031,0.04805220663547516,0.572835385799408,0.0911763459444046,0.013114280998706818,0.039101116359233856,0.02348637580871582,0.041929058730602264,0.08279379457235336,0.058029647916555405,0.07766925543546677,0.08883834630250931
205,6.833333333333333,,,,insightface_bbox,0.6089948415756226,0.0,584.4808959960938,799.2945556640625,2394.647705078125,0,0,1,0,0,0,0,0,0,0,0,0,0.06529997289180756,0.043611615896224976,0.5497375726699829,0.08058038353919983,0.013890430331230164,0.041166916489601135,0.02713734097778797,0.04628276824951172,0.0839686244726181,0.061105042695999146,0.08055970817804337,0.08919484913349152
206,6.866666666666666,,,,insightface_bbox,0.6089948415756226,0.0,584.4808959960938,799.2945556640625,2394.647705078125,0,0,1,0,0,0,0,0,0,0,0,0,0.06560639292001724,0.04427348077297211,0.5633715391159058,0.08385013043880463,0.014988835901021957,0.04328363388776779,0.028564266860485077,0.04559319093823433,0.08062050491571426,0.06052527576684952,0.08408927917480469,0.08834778517484665
207,6.9,,,,insightface_bbox,0.6089948415756226,0.0,584.4808959960938,799.2945556640625,2394.647705078125,0,0,1,0,0,0,0,0,0,0,0,0,0.07557115703821182,0.050808846950531006,0.7473916411399841,0.1016506552696228,0.01786332204937935,0.051864031702280045,0.03377942740917206,0.049721185117959976,0.08929971605539322,0.06288615614175797,0.12144435942173004,0.10799989849328995
208,6.933333333333334,,,,insightface_bbox,0.6089948415756226,0.0,584.4808959960938,799.2945556640625,2394.647705078125,0,0,1,0,0,0,0,0,0,0,0,0,0.07591618597507477,0.04688151925802231,0.6808990240097046,0.0884471982717514,0.016954241320490837,0.04857873171567917,0.030034145340323448,0.04613407701253891,0.08652504533529282,0.06176168471574783,0.10074455291032791,0.09394669532775879
209,6.966666666666667,,,,insightface_bbox,0.6089948415756226,0.0,584.4808959960938,799.2945556640625,2394.647705078125,0,0,1,0,0,0,0,0,0,0,0,0,0.07631019502878189,0.04773479700088501,0.6834554076194763,0.09007757902145386,0.01708012819290161,0.048791445791721344,0.03066525049507618,0.04702543467283249,0.08817042410373688,0.06375246495008469,0.10218958556652069,0.09681068360805511
210,7.0,,,,insightface_bbox,0.5974733829498291,0.0,467.5263366699219,852.3197021484375,2354.66650390625,0,0,1,0,0,0,0,0,0,0,0,0,0.07201683521270752,0.043629392981529236,0.5330551862716675,0.0700676292181015,0.015176897868514061,0.04037503898143768,0.02420121803879738,0.0414678119122982,0.07837388664484024,0.06013927981257439,0.06951791048049927,0.08937104791402817
211,7.033333333333333,,,,insightface_bbox,0.5974733829498291,0.0,467.5263366699219,852.3197021484375,2354.66650390625,0,0,1,0,0,0,0,0,0,0,0,0,0.08014141768217087,0.04781065508723259,0.6367702484130859,0.07769986242055893,0.01658567413687706,0.0462118461728096,0.029841873794794083,0.04234207421541214,0.08007631450891495,0.06321626156568527,0.09072528034448624,0.1059662401676178
212,7.066666666666666,,,,insightface_bbox,0.5974733829498291,0.0,467.5263366699219,852.3197021484375,2354.66650390625,0,0,1,0,0,0,0,0,0,0,0,0,0.092251256108284,0.05476517602801323,0.6749621629714966,0.0946284830570221,0.017922235652804375,0.05006107687950134,0.032315824180841446,0.04649268090724945,0.08424462378025055,0.06749407947063446,0.09284862875938416,0.11172924935817719
213,7.1,,,,insightface_bbox,0.5974733829498291,0.0,467.5263366699219,852.3197021484375,2354.66650390625,0,0,1,0,0,0,0,0,0,0,0,0,0.09114480763673782,0.05343376845121384,0.6765145063400269,0.09097635746002197,0.017316361889243126,0.04907505586743355,0.03138261288404465,0.044744379818439484,0.08254595100879669,0.06576254218816757,0.09056740254163742,0.10726048052310944
214,7.133333333333334,,,,insightface_bbox,0.5974733829498291,0.0,467.5263366699219,852.3197021484375,2354.66650390625,0,0,1,0,0,0,0,0,0,0,0,0,0.08122105896472931,0.04788532108068466,0.6355189085006714,0.07989414036273956,0.01649840548634529,0.04520667344331741,0.029712414368987083,0.042539916932582855,0.07963582128286362,0.06290237605571747,0.07970086485147476,0.0995970368385315
215,7.166666666666667,,,,insightface_bbox,0.5974733829498291,0.0,467.5263366699219,852.3197021484375,2354.66650390625,0,0,1,0,0,0,0,0,0,0,0,0,0.07396014034748077,0.0435992032289505,0.5628767609596252,0.069028839468956,0.016343794763088226,0.042223162949085236,0.029205963015556335,0.039178021252155304,0.07942637801170349,0.06231510639190674,0.07660277187824249,0.09929420053958893
216,7.2,,,,insightface_bbox,0.5877441167831421,0.0,453.5623779296875,846.0708618164062,2293.22412109375,0,0,1,0,0,0,0,0,0,0,0,0,0.05455726757645607,0.0345478430390358,0.5863759517669678,0.054884087294340134,0.015789758414030075,0.03766804561018944,0.024742040783166885,0.03407889977097511,0.07202130556106567,0.05298014357686043,0.0539911724627018,0.06891962885856628
217,7.233333333333333,,,,insightface_bbox,0.5877441167831421,0.0,453.5623779296875,846.0708618164062,2293.22412109375,0,0,1,0,0,0,0,0,0,0,0,0,0.051046017557382584,0.03156989440321922,0.5161406993865967,0.04767056927084923,0.01380111277103424,0.03328385949134827,0.02105725184082985,0.03094802051782608,0.06804008036851883,0.04953349381685257,0.048003535717725754,0.06733513623476028
218,7.266666666666667,,,,insightface_bbox,0.5877441167831421,0.0,453.5623779296875,846.0708618164062,2293.22412109375,0,0,1,0,0,0,0,0,0,0,0,0,0.04873180761933327,0.030046476051211357,0.5013501048088074,0.04394538700580597,0.013422757387161255,0.031692009419202805,0.019662778824567795,0.030459877103567123,0.06684665381908417,0.04885077849030495,0.047270268201828,0.06817055493593216
219,7.3,,,,insightface_bbox,0.5877441167831421,0.0,453.5623779296875,846.0708618164062,2293.22412109375,0,0,1,0,0,0,0,0,0,0,0,0,0.04899675026535988,0.030070368200540543,0.481389582157135,0.04489494487643242,0.013334106653928757,0.03199753910303116,0.020010028034448624,0.03126382455229759,0.067398801445961,0.04994748532772064,0.0500212199985981,0.07136225700378418
220,7.333333333333333,,,,insightface_bbox,0.5877441167831421,0.0,453.5623779296875,846.0708618164062,2293.22412109375,0,0,1,0,0,0,0,0,0,0,0,0,0.05009979382157326,0.030694110319018364,0.5192727446556091,0.04587547853589058,0.014058008790016174,0.03319394588470459,0.021321460604667664,0.0316670797765255,0.0682879313826561,0.04984951764345169,0.053008243441581726,0.07191789150238037
221,7.366666666666666,,,,insightface_bbox,0.5877441167831421,0.0,453.5623779296875,846.0708618164062,2293.22412109375,0,0,1,0,0,0,0,0,0,0,0,0,0.0499558262526989,0.030666792765259743,0.5453353524208069,0.04566771909594536,0.014442802406847477,0.034039076417684555,0.022238994017243385,0.0313231535255909,0.06917522847652435,0.049724824726581573,0.05556619167327881,0.07157297432422638
222,7.4,,,,insightface_bbox,0.5774328708648682,0.0,467.8262023925781,848.3212280273438,2292.48779296875,0,0,1,0,0,0,0,0,0,0,0,0,0.0616595596075058,0.03722061216831207,0.532741904258728,0.058039743453264236,0.014834237284958363,0.03800998628139496,0.02531832456588745,0.03575298935174942,0.07258021086454391,0.05460342392325401,0.06362354010343552,0.07877297699451447
223,7.433333333333334,,,,insightface_bbox,0.5774328708648682,0.0,467.8262023925781,848.3212280273438,2292.48779296875,0,0,1,0,0,0,0,0,0,0,0,0,0.06823920458555222,0.04237395524978638,0.6046848297119141,0.06779053062200546,0.014855452813208103,0.03942294046282768,0.0243879072368145,0.03664272651076317,0.0732608288526535,0.054676759988069534,0.06135779619216919,0.07654751092195511
224,7.466666666666667,,,,insightface_bbox,0.5774328708648682,0.0,467.8262023925781,848.3212280273438,2292.48779296875,0,0,1,0,0,0,0,0,0,0,0,0,0.0669267326593399,0.04017671197652817,0.5962941646575928,0.06244635209441185,0.014580143615603447,0.039026640355587006,0.022393373772501945,0.03488069027662277,0.07439980655908585,0.05375342071056366,0.059063710272312164,0.07420717924833298
225,7.5,,,,insightface_bbox,0.5774328708648682,0.0,467.8262023925781,848.3212280273438,2292.48779296875,0,0,1,0,0,0,0,0,0,0,0,0,0.06216020882129669,0.037163279950618744,0.5795302391052246,0.05477088689804077,0.013814092613756657,0.03610745444893837,0.01963752508163452,0.03231081739068031,0.0718502551317215,0.05104871466755867,0.05275044962763786,0.06835097074508667
226,7.533333333333333,,,,insightface_bbox,0.5774328708648682,0.0,467.8262023925781,848.3212280273438,2292.48779296875,0,0,1,0,0,0,0,0,0,0,0,0,0.06380119174718857,0.0377102829515934,0.6168045997619629,0.05396614223718643,0.014207197353243828,0.03787719085812569,0.01996493712067604,0.03252294659614563,0.07254768908023834,0.051052141934633255,0.057147108018398285,0.06918235123157501
227,7.566666666666666,,,,insightface_bbox,0.5774328708648682,0.0,467.8262023925781,848.3212280273438,2292.48779296875,0,0,1,0,0,0,0,0,0,0,0,0,0.06542857736349106,0.03925750404596329,0.6095664501190186,0.05848480388522148,0.014307329431176186,0.038230329751968384,0.02082260698080063,0.034294310957193375,0.0735631212592125,0.05310090258717537,0.054928258061409,0.07056551426649094
228,7.6,,,,insightface_bbox,0.5673026442527771,0.0,586.6240234375,856.3157348632812,2362.958251953125,0,0,1,0,0,0,0,0,0,0,0,0,0.061542294919490814,0.041443899273872375,0.5528783202171326,0.07532153278589249,0.014945524744689465,0.03963681310415268,0.0239696204662323,0.03986675664782524,0.07725068181753159,0.053999222815036774,0.07063085585832596,0.08272095024585724
229,7.633333333333334,,,,insightface_bbox,0.5673026442527771,0.0,586.6240234375,856.3157348632812,2362.958251953125,0,0,1,0,0,0,0,0,0,0,0,0,0.06071776896715164,0.04061594977974892,0.5243113040924072,0.07231113314628601,0.01464832667261362,0.036272190511226654,0.021490102633833885,0.0368080735206604,0.0746963694691658,0.05176454409956932,0.05706207454204559,0.07734692096710205
230,7.666666666666667,,,,insightface_bbox,0.5673026442527771,0.0,586.6240234375,856.3157348632812,2362.958251953125,0,0,1,0,0,0,0,0,0,0,0,0,0.06620136648416519,0.04580874741077423,0.5656242966651917,0.09150458872318268,0.01565837860107422,0.038609765470027924,0.023338736966252327,0.03952575847506523,0.07784055173397064,0.05448606237769127,0.055976055562496185,0.08171665668487549
231,7.7,,,,insightface_bbox,0.5673026442527771,0.0,586.6240234375,856.3157348632812,2362.958251953125,0,0,1,0,0,0,0,0,0,0,0,0,0.07159619778394699,0.0501946285367012,0.594853401184082,0.10723910480737686,0.015902353450655937,0.037514202296733856,0.02410353347659111,0.0424954891204834,0.0798507109284401,0.056464724242687225,0.0522887259721756,0.08554109185934067
232,7.733333333333333,,,,insightface_bbox,0.5673026442527771,0.0,586.6240234375,856.3157348632812,2362.958251953125,0,0,1,0,0,0,0,0,0,0,0,0,0.08226773142814636,0.05607191100716591,0.5963907241821289,0.1225147396326065,0.016011442989110947,0.03850243613123894,0.023764651268720627,0.04470102861523628,0.08308444172143936,0.057684943079948425,0.05197204649448395,0.09076821804046631
233,7.766666666666667,,,,insightface_bbox,0.5673026442527771,0.0,586.6240234375,856.3157348632812,2362.958251953125,0,0,1,0,0,0,0,0,0,0,0,0,0.07716517150402069,0.05183488503098488,0.5807873010635376,0.10378498584032059,0.014585870318114758,0.03661832958459854,0.02185506373643875,0.041057974100112915,0.07883681356906891,0.05523175373673439,0.04756850749254227,0.0826898068189621
234,7.8,,,,insightface_bbox,0.6222401857376099,0.0,580.2239379882812,855.0432739257812,2397.79296875,0,0,1,0,0,0,0,0,0,0,0,0,0.07592923939228058,0.04800192639231682,0.543903112411499,0.07866214215755463,0.012853271327912807,0.035364072769880295,0.021143797785043716,0.03782357648015022,0.07489950954914093,0.05690324306488037,0.05107204616069794,0.08176374435424805
235,7.833333333333333,,,,insightface_bbox,0.6222401857376099,0.0,580.2239379882812,855.0432739257812,2397.79296875,0,0,1,0,0,0,0,0,0,0,0,0,0.07787096500396729,0.04862889647483826,0.5442923307418823,0.07898431271314621,0.012541827745735645,0.03461301699280739,0.02005178853869438,0.037241313606500626,0.07460755109786987,0.055781636387109756,0.048837289214134216,0.0788678228855133
236,7.866666666666666,,,,insightface_bbox,0.6222401857376099,0.0,580.2239379882812,855.0432739257812,2397.79296875,0,0,1,0,0,0,0,0,0,0,0,0,0.07172326743602753,0.04394891858100891,0.5090079307556152,0.06721130013465881,0.011913532391190529,0.03335863724350929,0.01847604103386402,0.0353187620639801,0.07324183732271194,0.054633356630802155,0.04833174869418144,0.07797589898109436
237,7.9,,,,insightface_bbox,0.6222401857376099,0.0,580.2239379882812,855.0432739257812,2397.79296875,0,0,1,0,0,0,0,0,0,0,0,0,0.07303579151630402,0.04355817660689354,0.5177003145217896,0.06638942658901215,0.012021605856716633,0.0341031514108181,0.01943238452076912,0.035279884934425354,0.07395670562982559,0.05507871136069298,0.05141759663820267,0.07864715158939362
238,7.933333333333334,,,,insightface_bbox,0.6222401857376099,0.0,580.2239379882812,855.0432739257812,2397.79296875,0,0,1,0,0,0,0,0,0,0,0,0,0.07348312437534332,0.042675118893384933,0.5413968563079834,0.06537419557571411,0.01242282334715128,0.03596711531281471,0.02035057358443737,0.03611540421843529,0.07482710480690002,0.056477393954992294,0.05889862775802612,0.08340045064687729
239,7.966666666666667,,,,insightface_bbox,0.6222401857376099,0.0,580.2239379882812,855.0432739257812,2397.79296875,0,0,1,0,0,0,0,0,0,0,0,0,0.07679057121276855,0.04409666731953621,0.5750886797904968,0.06724359095096588,0.012817155569791794,0.03726423904299736,0.021343521773815155,0.03625348210334778,0.07628650963306427,0.057747531682252884,0.06017241254448891,0.08535855263471603
240,8.0,,,,insightface_bbox,0.6353651285171509,0.0,595.1992797851562,870.493408203125,2349.5771484375,0,0,1,0,0,0,0,0,0,0,0,0,0.06204892694950104,0.037848733365535736,0.5733442902565002,0.05393311008810997,0.011979281902313232,0.03425326198339462,0.017964256927371025,0.03017738088965416,0.069773368537426,0.04839953035116196,0.04709490016102791,0.0669754296541214
241,8.033333333333333,,,,insightface_bbox,0.6353651285171509,0.0,595.1992797851562,870.493408203125,2349.5771484375,0,0,1,0,0,0,0,0,0,0,0,0,0.06775740534067154,0.04142395406961441,0.5955077409744263,0.06199326366186142,0.01304323598742485,0.03621658310294151,0.019828885793685913,0.03245820105075836,0.07439927756786346,0.0505901463329792,0.0474824458360672,0.06985615193843842
242,8.066666666666666,,,,insightface_bbox,0.6353651285171509,0.0,595.1992797851562,870.493408203125,2349.5771484375,0,0,1,0,0,0,0,0,0,0,0,0,0.06711284816265106,0.04128802940249443,0.5938345789909363,0.06179826334118843,0.012689652852714062,0.03573266789317131,0.019789861515164375,0.03246420994400978,0.07429329305887222,0.05016198754310608,0.04851192981004715,0.06989945471286774
243,8.1,,,,insightface_bbox,0.6353651285171509,0.0,595.1992797851562,870.493408203125,2349.5771484375,0,0,1,0,0,0,0,0,0,0,0,0,0.06771579384803772,0.04052657261490822,0.5624825954437256,0.06281805783510208,0.013569536618888378,0.037631433457136154,0.02137884683907032,0.034193895757198334,0.0761069655418396,0.05441315472126007,0.05188792198896408,0.07159608602523804
244,8.133333333333333,,,,insightface_bbox,0.6353651285171509,0.0,595.1992797851562,870.493408203125,2349.5771484375,0,0,1,0,0,0,0,0,0,0,0,0,0.07181022316217422,0.04332195594906807,0.6490659117698669,0.06939432770013809,0.015365267172455788,0.04201994091272354,0.026295330375432968,0.03595850616693497,0.07671550661325455,0.05532340705394745,0.06723669916391373,0.0788792222738266
245,8.166666666666666,,,,insightface_bbox,0.6353651285171509,0.0,595.1992797851562,870.493408203125,2349.5771484375,0,0,1,0,0,0,0,0,0,0,0,0,0.07499849796295166,0.045061491429805756,0.7298480868339539,0.07618863880634308,0.016466805711388588,0.04547017812728882,0.027964472770690918,0.03709679841995239,0.07756254076957703,0.056842509657144547,0.07622184604406357,0.0821460634469986
246,8.2,,,,insightface_bbox,0.5983123183250427,0.0,466.870361328125,850.0906982421875,2387.35107421875,0,0,1,0,0,0,0,0,0,0,0,0,0.09439633786678314,0.0545453280210495,0.6168724298477173,0.08692950755357742,0.01646938920021057,0.04830089956521988,0.030929047614336014,0.042551442980766296,0.0848819762468338,0.06686007976531982,0.08064274489879608,0.10878533869981766
247,8.233333333333333,,,,insightface_bbox,0.5983123183250427,0.0,466.870361328125,850.0906982421875,2387.35107421875,0,0,1,0,0,0,0,0,0,0,0,0,0.08079217374324799,0.04599114879965782,0.523138165473938,0.07100915163755417,0.014786308631300926,0.04215581715106964,0.02755328081548214,0.03920429199934006,0.07909189164638519,0.06164643540978432,0.06670951098203659,0.09722718596458435
248,8.266666666666667,,,,insightface_bbox,0.5983123183250427,0.0,466.870361328125,850.0906982421875,2387.35107421875,0,0,1,0,0,0,0,0,0,0,0,0,0.07127248495817184,0.040684379637241364,0.46719586849212646,0.06206725537776947,0.013162024319171906,0.038312166929244995,0.023960750550031662,0.036155570298433304,0.07467515021562576,0.05608753859996796,0.05783028528094292,0.08949459344148636
249,8.3,,,,insightface_bbox,0.5983123183250427,0.0,466.870361328125,850.0906982421875,2387.35107421875,0,0,1,0,0,0,0,0,0,0,0,0,0.07376657426357269,0.04172840714454651,0.49671751260757446,0.06341840326786041,0.013398280367255211,0.03930502012372017,0.02449752949178219,0.03619091585278511,0.07548315823078156,0.056969158351421356,0.06326592713594437,0.0926257073879242
250,8.333333333333334,,,,insightface_bbox,0.5983123183250427,0.0,466.870361328125,850.0906982421875,2387.35107421875,0,0,1,0,0,0,0,0,0,0,0,0,0.08844342827796936,0.05091702565550804,0.5704273581504822,0.08257843554019928,0.015997324138879776,0.045584890991449356,0.02904556505382061,0.041336655616760254,0.08064180612564087,0.06283929944038391,0.07431510090827942,0.10496972501277924
251,8.366666666666667,,,,insightface_bbox,0.5983123183250427,0.0,466.870361328125,850.0906982421875,2387.35107421875,0,0,1,0,0,0,0,0,0,0,0,0,0.08706614375114441,0.04963256046175957,0.5750308036804199,0.08209656178951263,0.015876546502113342,0.044592324644327164,0.028664087876677513,0.041457779705524445,0.08039572834968567,0.06454899162054062,0.07625879347324371,0.10451284050941467
252,8.4,,,,insightface_bbox,0.6085909605026245,0.0,617.9017333984375,807.1607055664062,2340.748779296875,0,0,1,0,0,0,0,0,0,0,0,0,0.05690489709377289,0.035954300314188004,0.5677451491355896,0.06256508827209473,0.011805343441665173,0.036542609333992004,0.020387573167681694,0.03828710317611694,0.0779852345585823,0.05643448978662491,0.07632122933864594,0.08271028101444244
253,8.433333333333334,,,,insightface_bbox,0.6085909605026245,0.0,617.9017333984375,807.1607055664062,2340.748779296875,0,0,1,0,0,0,0,0,0,0,0,0,0.058745838701725006,0.0361102893948555,0.6064554452896118,0.06138097494840622,0.012120464816689491,0.03654608875513077,0.020069273188710213,0.03742794319987297,0.07997437566518784,0.05555853620171547,0.07415040582418442,0.08038340508937836
254,8.466666666666667,,,,insightface_bbox,0.6085909605026245,0.0,617.9017333984375,807.1607055664062,2340.748779296875,0,0,1,0,0,0,0,0,0,0,0,0,0.05409890413284302,0.03293855860829353,0.5294632911682129,0.0549941286444664,0.011150953359901905,0.03260194510221481,0.01766802743077278,0.03501866012811661,0.0758432149887085,0.05279175937175751,0.06571316719055176,0.07610457390546799
255,8.5,,,,insightface_bbox,0.6085909605026245,0.0,617.9017333984375,807.1607055664062,2340.748779296875,0,0,1,0,0,0,0,0,0,0,0,0,0.049964457750320435,0.029285697266459465,0.5134949088096619,0.045581601560115814,0.009665317833423615,0.029807986691594124,0.015202048234641552,0.031362053006887436,0.07191299647092819,0.04988155514001846,0.06064016744494438,0.07123209536075592
256,8.533333333333333,,,,insightface_bbox,0.6085909605026245,0.0,617.9017333984375,807.1607055664062,2340.748779296875,0,0,1,0,0,0,0,0,0,0,0,0,0.04755408316850662,0.02766638994216919,0.5023931860923767,0.04088158160448074,0.008871537633240223,0.028601491823792458,0.014190101996064186,0.02948692999780178,0.06957980990409851,0.049304328858852386,0.05717289075255394,0.06896839290857315
257,8.566666666666666,,,,insightface_bbox,0.6085909605026245,0.0,617.9017333984375,807.1607055664062,2340.748779296875,0,0,1,0,0,0,0,0,0,0,0,0,0.045896224677562714,0.026913683861494064,0.48306819796562195,0.03922110050916672,0.008921838365495205,0.028145814314484596,0.01420600712299347,0.029895257204771042,0.06918765604496002,0.05051884800195694,0.053434066474437714,0.06822799891233444
258,8.6,,,,insightface_bbox,0.588272750377655,0.0,486.5567321777344,846.2183837890625,2324.956787109375,0,0,1,0,0,0,0,0,0,0,0,0,0.07108515501022339,0.043118953704833984,0.5994821190834045,0.07752926647663116,0.015166785567998886,0.038127120584249496,0.02463824674487114,0.039400193840265274,0.07081373780965805,0.05797683820128441,0.053461700677871704,0.08678445219993591
259,8.633333333333333,,,,insightface_bbox,0.588272750377655,0.0,486.5567321777344,846.2183837890625,2324.956787109375,0,0,1,0,0,0,0,0,0,0,0,0,0.07861848175525665,0.047163087874650955,0.5764798521995544,0.08721312880516052,0.015788938850164413,0.039825569838285446,0.026360955089330673,0.042948879301548004,0.07447309792041779,0.06157305836677551,0.05844438076019287,0.09617716073989868
260,8.666666666666666,,,,insightface_bbox,0.588272750377655,0.0,486.5567321777344,846.2183837890625,2324.956787109375,0,0,1,0,0,0,0,0,0,0,0,0,0.0837109237909317,0.05056852102279663,0.6281619071960449,0.0917433500289917,0.01622110977768898,0.04271605610847473,0.027298428118228912,0.04224632680416107,0.07614971697330475,0.06212901324033737,0.06617800891399384,0.09852346032857895
261,8.7,,,,insightface_bbox,0.588272750377655,0.0,486.5567321777344,846.2183837890625,2324.956787109375,0,0,1,0,0,0,0,0,0,0,0,0,0.0924927368760109,0.05637330561876297,0.6570062637329102,0.10456155985593796,0.017296532168984413,0.04630262404680252,0.03053460456430912,0.04497535899281502,0.07987716048955917,0.06396479159593582,0.08129768073558807,0.10277210175991058
262,8.733333333333333,,,,insightface_bbox,0.588272750377655,0.0,486.5567321777344,846.2183837890625,2324.956787109375,0,0,1,0,0,0,0,0,0,0,0,0,0.0893227681517601,0.05253572762012482,0.6096917986869812,0.09224798530340195,0.017015397548675537,0.04681236669421196,0.028552457690238953,0.041434396058321,0.07934576272964478,0.0616447851061821,0.07766605168581009,0.09513605386018753
263,8.766666666666667,,,,insightface_bbox,0.588272750377655,0.0,486.5567321777344,846.2183837890625,2324.956787109375,0,0,1,0,0,0,0,0,0,0,0,0,0.08383212983608246,0.048384178429841995,0.5145614743232727,0.08201666176319122,0.01526360772550106,0.04003789648413658,0.0251545961946249,0.03867455944418907,0.0765129029750824,0.060040172189474106,0.05508411303162575,0.08192719519138336
264,8.8,,,,insightface_bbox,0.5802291631698608,0.0,525.8778686523438,858.1239013671875,2353.56298828125,0,0,1,0,0,0,0,0,0,0,0,0,0.07025980949401855,0.04073634743690491,0.4837419390678406,0.06646609306335449,0.01443607360124588,0.035494543612003326,0.023034386336803436,0.0355832464993,0.07381743937730789,0.05757419392466545,0.04544661194086075,0.07263623923063278
265,8.833333333333334,,,,insightface_bbox,0.5802291631698608,0.0,525.8778686523438,858.1239013671875,2353.56298828125,0,0,1,0,0,0,0,0,0,0,0,0,0.07780493795871735,0.04473499208688736,0.4997009038925171,0.07613692432641983,0.014493699185550213,0.03780999034643173,0.024102140218019485,0.03786229342222214,0.07647943496704102,0.06128169223666191,0.05512405186891556,0.08736713975667953
266,8.866666666666667,,,,insightface_bbox,0.5802291631698608,0.0,525.8778686523438,858.1239013671875,2353.56298828125,0,0,1,0,0,0,0,0,0,0,0,0,0.08357895910739899,0.04881361126899719,0.6336743831634521,0.08299893140792847,0.015183797106146812,0.04273001477122307,0.026902224868535995,0.039117712527513504,0.07631082832813263,0.06074955686926842,0.06805311143398285,0.09418459236621857
267,8.9,,,,insightface_bbox,0.5802291631698608,0.0,525.8778686523438,858.1239013671875,2353.56298828125,0,0,1,0,0,0,0,0,0,0,0,0,0.08722786605358124,0.05161483585834503,0.6417920589447021,0.09329931437969208,0.016039380803704262,0.04452969878911972,0.027663424611091614,0.04260057955980301,0.07795002311468124,0.06150045990943909,0.06958550959825516,0.09926464408636093
268,8.933333333333334,,,,insightface_bbox,0.5802291631698608,0.0,525.8778686523438,858.1239013671875,2353.56298828125,0,0,1,0,0,0,0,0,0,0,0,0,0.0885976254940033,0.0522591769695282,0.6714438796043396,0.09462683647871017,0.016710922122001648,0.04674962908029556,0.029211625456809998,0.042908843606710434,0.07900555431842804,0.06213662028312683,0.08008623123168945,0.10374525189399719
269,8.966666666666667,,,,insightface_bbox,0.5802291631698608,0.0,525.8778686523438,858.1239013671875,2353.56298828125,0,0,1,0,0,0,0,0,0,0,0,0,0.0847732275724411,0.0492127425968647,0.5911015272140503,0.08463207632303238,0.015292340889573097,0.04417800158262253,0.02665107697248459,0.0413411520421505,0.07880625128746033,0.060628000646829605,0.07294774800539017,0.1021253764629364
270,9.0,,,,insightface_bbox,0.6093201637268066,0.0,583.5551147460938,854.1248168945312,2375.994140625,0,0,1,0,0,0,0,0,0,0,0,0,0.07658494263887405,0.04661149904131889,0.526957631111145,0.09249427914619446,0.01621139980852604,0.0391252301633358,0.022538229823112488,0.041791655123233795,0.08249931782484055,0.05677946284413338,0.06218668073415756,0.09446699917316437
271,9.033333333333333,,,,insightface_bbox,0.6093201637268066,0.0,583.5551147460938,854.1248168945312,2375.994140625,0,0,1,0,0,0,0,0,0,0,0,0,0.08209228515625,0.04813235625624657,0.5219702124595642,0.09266846626996994,0.014935528859496117,0.036947350949048996,0.020472805947065353,0.040711961686611176,0.0808725655078888,0.054537635296583176,0.057528842240571976,0.09396596252918243
272,9.066666666666666,,,,insightface_bbox,0.6093201637268066,0.0,583.5551147460938,854.1248168945312,2375.994140625,0,0,1,0,0,0,0,0,0,0,0,0,0.08568991720676422,0.05349636450409889,0.6775277256965637,0.10813792049884796,0.016563663259148598,0.041723281145095825,0.023704029619693756,0.042084403336048126,0.08251696825027466,0.05506723374128342,0.05951594188809395,0.092556893825531
273,9.1,,,,insightface_bbox,0.6093201637268066,0.0,583.5551147460938,854.1248168945312,2375.994140625,0,0,1,0,0,0,0,0,0,0,0,0,0.09120649099349976,0.05717755854129791,0.7111862301826477,0.11535844951868057,0.01671898178756237,0.04313748702406883,0.02564976178109646,0.04245711490511894,0.08370478451251984,0.055424511432647705,0.06010637432336807,0.09432482719421387
274,9.133333333333333,,,,insightface_bbox,0.6093201637268066,0.0,583.5551147460938,854.1248168945312,2375.994140625,0,0,1,0,0,0,0,0,0,0,0,0,0.09095713496208191,0.057540394365787506,0.7427798509597778,0.11287517100572586,0.01607111096382141,0.04313134402036667,0.02589566446840763,0.0414535216987133,0.0816982239484787,0.05492779612541199,0.05787148326635361,0.09114967286586761
275,9.166666666666666,,,,insightface_bbox,0.6093201637268066,0.0,583.5551147460938,854.1248168945312,2375.994140625,0,0,1,0,0,0,0,0,0,0,0,0,0.09198272228240967,0.05833995342254639,0.7300481796264648,0.11702631413936615,0.016239948570728302,0.04315835237503052,0.025935374200344086,0.04257240891456604,0.08292718976736069,0.05580562725663185,0.057836662977933884,0.0920306071639061
276,9.2,,,,insightface_bbox,0.6190026998519897,0.0,577.3282470703125,857.2841186523438,2379.60595703125,0,0,1,0,0,0,0,0,0,0,0,0,0.08732789009809494,0.05500716716051102,0.7024229168891907,0.10193535685539246,0.01474292017519474,0.04129670187830925,0.02338971011340618,0.04089260473847389,0.07816591113805771,0.05439981073141098,0.05058547109365463,0.0858115702867508
277,9.233333333333333,,,,insightface_bbox,0.6190026998519897,0.0,577.3282470703125,857.2841186523438,2379.60595703125,0,0,1,0,0,0,0,0,0,0,0,0,0.08653481304645538,0.05506094545125961,0.6701682806015015,0.10250832140445709,0.01454230211675167,0.040905680507421494,0.022998696193099022,0.04098069295287132,0.07850262522697449,0.054248735308647156,0.04976840689778328,0.08536507189273834
278,9.266666666666667,,,,insightface_bbox,0.6190026998519897,0.0,577.3282470703125,857.2841186523438,2379.60595703125,0,0,1,0,0,0,0,0,0,0,0,0,0.08230265229940414,0.050438933074474335,0.6236292719841003,0.09031981974840164,0.013945115730166435,0.04007607698440552,0.021880850195884705,0.04016975313425064,0.07738524675369263,0.054075486958026886,0.05076529458165169,0.08577176183462143
279,9.3,,,,insightface_bbox,0.6190026998519897,0.0,577.3282470703125,857.2841186523438,2379.60595703125,0,0,1,0,0,0,0,0,0,0,0,0,0.08098486810922623,0.0495232492685318,0.6370251774787903,0.08745542913675308,0.01393402460962534,0.04004131257534027,0.022076845169067383,0.039051443338394165,0.07675718516111374,0.054165516048669815,0.053146038204431534,0.08673764020204544
280,9.333333333333334,,,,insightface_bbox,0.6190026998519897,0.0,577.3282470703125,857.2841186523438,2379.60595703125,0,0,1,0,0,0,0,0,0,0,0,0,0.07884406298398972,0.04728802293539047,0.6176503896713257,0.08266576379537582,0.013685106299817562,0.03890472277998924,0.021632958203554153,0.03884224221110344,0.0769287496805191,0.05468276888132095,0.05151033028960228,0.08405696600675583
281,9.366666666666667,,,,insightface_bbox,0.6190026998519897,0.0,577.3282470703125,857.2841186523438,2379.60595703125,0,0,1,0,0,0,0,0,0,0,0,0,0.08092646300792694,0.04879842698574066,0.6279962062835693,0.08744031190872192,0.013900751248002052,0.03945167362689972,0.022213291376829147,0.039595529437065125,0.07679204642772675,0.055129021406173706,0.05148155242204666,0.08188140392303467
282,9.4,,,,insightface_bbox,0.6014354825019836,0.0,611.349609375,853.379150390625,2324.05908203125,0,0,1,0,0,0,0,0,0,0,0,0,0.07898443192243576,0.05312681198120117,0.6312588453292847,0.11496033519506454,0.017322886735200882,0.04375441372394562,0.02452830784022808,0.04793597757816315,0.09045155346393585,0.05926498770713806,0.08704651892185211,0.11129876971244812
283,9.433333333333334,,,,insightface_bbox,0.6014354825019836,0.0,611.349609375,853.379150390625,2324.05908203125,0,0,1,0,0,0,0,0,0,0,0,0,0.0794607400894165,0.05357339233160019,0.6564375758171082,0.1166575700044632,0.017829284071922302,0.04465753212571144,0.025800805538892746,0.048758648335933685,0.0912417620420456,0.06019046902656555,0.09018875658512115,0.11216570436954498
284,9.466666666666667,,,,insightface_bbox,0.6014354825019836,0.0,611.349609375,853.379150390625,2324.05908203125,0,0,1,0,0,0,0,0,0,0,0,0,0.08091207593679428,0.053941383957862854,0.6826163530349731,0.11602360755205154,0.018763016909360886,0.04560031369328499,0.02676199935376644,0.04931643605232239,0.09307187050580978,0.06133713573217392,0.09178544580936432,0.11291830241680145
285,9.5,,,,insightface_bbox,0.6014354825019836,0.0,611.349609375,853.379150390625,2324.05908203125,0,0,1,0,0,0,0,0,0,0,0,0,0.07922093570232391,0.053779516369104385,0.6475198268890381,0.11699322611093521,0.017039090394973755,0.04425620287656784,0.025175167247653008,0.0480801984667778,0.08904212713241577,0.05941085144877434,0.08989189565181732,0.11198949813842773
286,9.533333333333333,,,,insightface_bbox,0.6014354825019836,0.0,611.349609375,853.379150390625,2324.05908203125,0,0,1,0,0,0,0,0,0,0,0,0,0.07761357724666595,0.05290882661938667,0.6806760430335999,0.11025175452232361,0.01699013262987137,0.04523000866174698,0.02569606900215149,0.046674977988004684,0.0881505161523819,0.057636700570583344,0.09441353380680084,0.11020335555076599
287,9.566666666666666,,,,insightface_bbox,0.6014354825019836,0.0,611.349609375,853.379150390625,2324.05908203125,0,0,1,0,0,0,0,0,0,0,0,0,0.07533685117959976,0.05146440118551254,0.7245373129844666,0.10306081920862198,0.016913803294301033,0.045601051300764084,0.02559026889503002,0.0448150560259819,0.08684124797582626,0.055938638746738434,0.09796220809221268,0.10511928796768188
288,9.6,,,,insightface_bbox,0.6047134399414062,0.0,495.0244140625,849.5159912109375,2368.56494140625,0,0,1,0,0,0,0,0,0,0,0,0,0.07735588401556015,0.04628477618098259,0.7141051292419434,0.08256588876247406,0.01611141860485077,0.04385989159345627,0.02625422552227974,0.03984999284148216,0.07977523654699326,0.05640873685479164,0.061649225652217865,0.08256685733795166
289,9.633333333333333,,,,insightface_bbox,0.6047134399414062,0.0,495.0244140625,849.5159912109375,2368.56494140625,0,0,1,0,0,0,0,0,0,0,0,0,0.07619510591030121,0.046270307153463364,0.7603292465209961,0.08348210155963898,0.01611323282122612,0.0438859760761261,0.02607487514615059,0.039290931075811386,0.07902587950229645,0.05536670237779617,0.06446398049592972,0.08093546330928802
290,9.666666666666666,,,,insightface_bbox,0.6047134399414062,0.0,495.0244140625,849.5159912109375,2368.56494140625,0,0,1,0,0,0,0,0,0,0,0,0,0.07051075994968414,0.04283176735043526,0.7151817679405212,0.07620351761579514,0.015078731812536716,0.040838662534952164,0.022952893748879433,0.03681211918592453,0.07456578314304352,0.05110134184360504,0.05794088914990425,0.07534133642911911
291,9.7,,,,insightface_bbox,0.6047134399414062,0.0,495.0244140625,849.5159912109375,2368.56494140625,0,0,1,0,0,0,0,0,0,0,0,0,0.07007639110088348,0.04265233129262924,0.7311133146286011,0.07491597533226013,0.01506428699940443,0.04076211154460907,0.0231751948595047,0.035504136234521866,0.07274780422449112,0.05017780512571335,0.05727989971637726,0.07170375436544418
292,9.733333333333333,,,,insightface_bbox,0.6047134399414062,0.0,495.0244140625,849.5159912109375,2368.56494140625,0,0,1,0,0,0,0,0,0,0,0,0,0.0722721666097641,0.04469389095902443,0.734315037727356,0.07721725106239319,0.015476508997380733,0.04216451197862625,0.024914100766181946,0.03674359619617462,0.07432623952627182,0.05186625197529793,0.05834207311272621,0.07583793997764587
293,9.766666666666667,,,,insightface_bbox,0.6047134399414062,0.0,495.0244140625,849.5159912109375,2368.56494140625,0,0,1,0,0,0,0,0,0,0,0,0,0.07506608963012695,0.04662814736366272,0.7813760638237,0.08093087375164032,0.016106359660625458,0.04437897726893425,0.027087166905403137,0.037617526948451996,0.07550499588251114,0.053181275725364685,0.06477447599172592,0.07936027646064758
294,9.8,,,,insightface_bbox,0.5786758065223694,0.0,498.7718505859375,863.2430419921875,2341.573974609375,0,0,1,0,0,0,0,0,0,0,0,0,0.08616235107183456,0.054760709404945374,0.4947839379310608,0.09819518029689789,0.017639102414250374,0.044832807034254074,0.027564363554120064,0.0455508753657341,0.08931100368499756,0.06303621083498001,0.050884779542684555,0.10278673470020294
295,9.833333333333334,,,,insightface_bbox,0.5786758065223694,0.0,498.7718505859375,863.2430419921875,2341.573974609375,0,0,1,0,0,0,0,0,0,0,0,0,0.08579741418361664,0.05507975071668625,0.4646318554878235,0.10035856813192368,0.018350020051002502,0.046671073883771896,0.028446819633245468,0.04700540751218796,0.09033453464508057,0.06535620242357254,0.05623314529657364,0.10412178933620453
296,9.866666666666667,,,,insightface_bbox,0.5786758065223694,0.0,498.7718505859375,863.2430419921875,2341.573974609375,0,0,1,0,0,0,0,0,0,0,0,0,0.07882800698280334,0.05009658262133598,0.46810123324394226,0.08613456785678864,0.017378680408000946,0.044140998274087906,0.026160506531596184,0.04243985563516617,0.08592858910560608,0.06237161159515381,0.05286453664302826,0.0948697030544281
297,9.9,,,,insightface_bbox,0.5786758065223694,0.0,498.7718505859375,863.2430419921875,2341.573974609375,0,0,1,0,0,0,0,0,0,0,0,0,0.07856708765029907,0.049313899129629135,0.49170148372650146,0.08328941464424133,0.017040858045220375,0.0434190072119236,0.025766607373952866,0.04096527025103569,0.08415695279836655,0.061280883848667145,0.05287716165184975,0.0926748588681221
298,9.933333333333334,,,,insightface_bbox,0.5786758065223694,0.0,498.7718505859375,863.2430419921875,2341.573974609375,0,0,1,0,0,0,0,0,0,0,0,0,0.08066493272781372,0.05099968612194061,0.46070948243141174,0.08885108679533005,0.017168836668133736,0.04354627802968025,0.02650504745543003,0.04218088090419769,0.08531539887189865,0.062306858599185944,0.05385194346308708,0.09578819572925568
299,9.966666666666667,,,,insightface_bbox,0.5786758065223694,0.0,498.7718505859375,863.2430419921875,2341.573974609375,0,0,1,0,0,0,0,0,0,0,0,0,0.08259548246860504,0.05217587202787399,0.45570579171180725,0.09286460280418396,0.017499804496765137,0.04453567788004875,0.02749059721827507,0.0442015565931797,0.0865858793258667,0.06318757683038712,0.05597393959760666,0.09769845753908157
300,10.0,,,,insightface_bbox,0.5975500345230103,0.0,520.1279296875,857.6857299804688,2355.846923828125,0,0,1,0,0,0,0,0,0,0,0,0,0.06547001004219055,0.043939732015132904,0.5366383790969849,0.07767636328935623,0.013669040985405445,0.03674425929784775,0.0242698285728693,0.03741391748189926,0.07589063048362732,0.055180806666612625,0.049518343061208725,0.07330646365880966
301,10.033333333333333,,,,insightface_bbox,0.5975500345230103,0.0,520.1279296875,857.6857299804688,2355.846923828125,0,0,1,0,0,0,0,0,0,0,0,0,0.06658180058002472,0.04488353431224823,0.571234941482544,0.08120783418416977,0.014639650471508503,0.0382525697350502,0.025433752685785294,0.03852597996592522,0.07782630622386932,0.05667460709810257,0.05595209077000618,0.07841700315475464
302,10.066666666666666,,,,insightface_bbox,0.5975500345230103,0.0,520.1279296875,857.6857299804688,2355.846923828125,0,0,1,0,0,0,0,0,0,0,0,0,0.07061886787414551,0.046518780291080475,0.552696943283081,0.08464501053094864,0.015232177451252937,0.04010258615016937,0.02644391730427742,0.03887239471077919,0.08000575006008148,0.057671211659908295,0.05676921457052231,0.07721318304538727
303,10.1,,,,insightface_bbox,0.5975500345230103,0.0,520.1279296875,857.6857299804688,2355.846923828125,0,0,1,0,0,0,0,0,0,0,0,0,0.07181151211261749,0.04694964364171028,0.5410730242729187,0.08498859405517578,0.015328038483858109,0.040760669857263565,0.02726101502776146,0.03896676376461983,0.0803309977054596,0.057943835854530334,0.05745675414800644,0.07746738940477371
304,10.133333333333333,,,,insightface_bbox,0.5975500345230103,0.0,520.1279296875,857.6857299804688,2355.846923828125,0,0,1,0,0,0,0,0,0,0,0,0,0.07083272188901901,0.046112049371004105,0.5392786264419556,0.08394335210323334,0.015069414861500263,0.039958469569683075,0.02659730799496174,0.03841449320316315,0.07839253544807434,0.05718197301030159,0.05594523623585701,0.07535248249769211
305,10.166666666666666,,,,insightface_bbox,0.5975500345230103,0.0,520.1279296875,857.6857299804688,2355.846923828125,0,0,1,0,0,0,0,0,0,0,0,0,0.07088814675807953,0.046306341886520386,0.5386639833450317,0.08392776548862457,0.015098020434379578,0.03991211950778961,0.026220425963401794,0.038458649069070816,0.07937558740377426,0.05710725113749504,0.05556956306099892,0.07676313817501068
306,10.2,,,,insightface_bbox,0.5973222255706787,0.0,586.6529541015625,845.0399780273438,2362.255615234375,0,0,1,0,0,0,0,0,0,0,0,0,0.06527043879032135,0.04649977758526802,0.49669232964515686,0.08913091570138931,0.015212610363960266,0.0403502881526947,0.024889836087822914,0.04233050346374512,0.0818835198879242,0.05640089884400368,0.06842605024576187,0.08632369339466095
307,10.233333333333333,,,,insightface_bbox,0.5973222255706787,0.0,586.6529541015625,845.0399780273438,2362.255615234375,0,0,1,0,0,0,0,0,0,0,0,0,0.06496208906173706,0.04682622849941254,0.4830476641654968,0.08940189331769943,0.014940962195396423,0.039650242775678635,0.02356894686818123,0.04226255416870117,0.08127258718013763,0.05555266886949539,0.06594005972146988,0.08668066561222076
308,10.266666666666667,,,,insightface_bbox,0.5973222255706787,0.0,586.6529541015625,845.0399780273438,2362.255615234375,0,0,1,0,0,0,0,0,0,0,0,0,0.0648803561925888,0.0458335354924202,0.45209580659866333,0.08663319796323776,0.014617019332945347,0.03902152180671692,0.022741544991731644,0.04213714972138405,0.08173387497663498,0.05572626739740372,0.06752760708332062,0.0890575647354126
309,10.3,,,,insightface_bbox,0.5973222255706787,0.0,586.6529541015625,845.0399780273438,2362.255615234375,0,0,1,0,0,0,0,0,0,0,0,0,0.0640575960278511,0.04471425339579582,0.4341229200363159,0.08323609083890915,0.014273043721914291,0.037634458392858505,0.021421298384666443,0.0406477190554142,0.08086904138326645,0.05456879734992981,0.061464812606573105,0.0851837694644928
310,10.333333333333334,,,,insightface_bbox,0.5973222255706787,0.0,586.6529541015625,845.0399780273438,2362.255615234375,0,0,1,0,0,0,0,0,0,0,0,0,0.06224926561117172,0.04328338801860809,0.4274600148200989,0.08087921887636185,0.013665285892784595,0.036315660923719406,0.02042005956172943,0.03988508880138397,0.0779675841331482,0.05411079525947571,0.057554956525564194,0.07961003482341766
311,10.366666666666667,,,,insightface_bbox,0.5973222255706787,0.0,586.6529541015625,845.0399780273438,2362.255615234375,0,0,1,0,0,0,0,0,0,0,0,0,0.06120254099369049,0.04369427263736725,0.439022958278656,0.08201923966407776,0.01334565132856369,0.036032356321811676,0.020745713263750076,0.03900836408138275,0.07703778892755508,0.05350297689437866,0.05797552317380905,0.08221392333507538
312,10.4,,,,insightface_bbox,0.586100161075592,0.0,503.7923278808594,860.526123046875,2358.359130859375,0,0,1,0,0,0,0,0,0,0,0,0,0.09182005375623703,0.057339709252119064,0.4559507668018341,0.1011248305439949,0.015722189098596573,0.04257013648748398,0.027256503701210022,0.04662909358739853,0.09214265644550323,0.06875494867563248,0.057479128241539,0.10746905207633972
313,10.433333333333334,,,,insightface_bbox,0.586100161075592,0.0,503.7923278808594,860.526123046875,2358.359130859375,0,0,1,0,0,0,0,0,0,0,0,0,0.10008252412080765,0.06133702024817467,0.4829835891723633,0.10674528777599335,0.0167954433709383,0.04500048607587814,0.028736935928463936,0.048744164407253265,0.0980859100818634,0.07282185554504395,0.054501377046108246,0.10927211493253708
314,10.466666666666667,,,,insightface_bbox,0.586100161075592,0.0,503.7923278808594,860.526123046875,2358.359130859375,0,0,1,0,0,0,0,0,0,0,0,0,0.10686925053596497,0.06361494958400726,0.5176912546157837,0.10891459882259369,0.018012838438153267,0.04998205602169037,0.032134272158145905,0.04894854128360748,0.09964640438556671,0.0748317763209343,0.07348663359880447,0.11918626725673676
315,10.5,,,,insightface_bbox,0.586100161075592,0.0,503.7923278808594,860.526123046875,2358.359130859375,0,0,1,0,0,0,0,0,0,0,0,0,0.11270534992218018,0.06548627465963364,0.549356997013092,0.11275121569633484,0.018874814733862877,0.05173308402299881,0.03323431313037872,0.04980194941163063,0.1009930744767189,0.07770282030105591,0.08242220431566238,0.11926940083503723
316,10.533333333333333,,,,insightface_bbox,0.586100161075592,0.0,503.7923278808594,860.526123046875,2358.359130859375,0,0,1,0,0,0,0,0,0,0,0,0,0.10509583353996277,0.06158961355686188,0.518623948097229,0.10692399740219116,0.017100701108574867,0.046720001846551895,0.028058044612407684,0.047352034598588943,0.09675586223602295,0.07140816003084183,0.06494839489459991,0.10458055138587952
317,10.566666666666666,,,,insightface_bbox,0.586100161075592,0.0,503.7923278808594,860.526123046875,2358.359130859375,0,0,1,0,0,0,0,0,0,0,0,0,0.10747271776199341,0.06395039707422256,0.5315822958946228,0.11450736969709396,0.017683876678347588,0.048252567648887634,0.029300181195139885,0.049047790467739105,0.09828771650791168,0.07260788232088089,0.06753463298082352,0.10716435313224792
318,10.6,,,,insightface_bbox,0.604658305644989,0.0,475.9223937988281,870.42626953125,2368.837646484375,0,0,1,0,0,0,0,0,0,0,0,0,0.07895414531230927,0.04745166748762131,0.4404667317867279,0.07228680700063705,0.015306157991290092,0.040177054703235626,0.024473782628774643,0.04025432467460632,0.08870239555835724,0.06610605120658875,0.04232277721166611,0.08170240372419357
319,10.633333333333333,,,,insightface_bbox,0.604658305644989,0.0,475.9223937988281,870.42626953125,2368.837646484375,0,0,1,0,0,0,0,0,0,0,0,0,0.10031573474407196,0.060080863535404205,0.522278904914856,0.09860087186098099,0.01838485710322857,0.0507073849439621,0.03159486874938011,0.048744142055511475,0.10004206001758575,0.07566341012716293,0.0678524449467659,0.10635557770729065
320,10.666666666666666,,,,insightface_bbox,0.604658305644989,0.0,475.9223937988281,870.42626953125,2368.837646484375,0,0,1,0,0,0,0,0,0,0,0,0,0.09782141447067261,0.058521199971437454,0.5327048301696777,0.09502612799406052,0.017862558364868164,0.05056145787239075,0.030139941722154617,0.0474061444401741,0.09782737493515015,0.0718393623828888,0.07027352601289749,0.10610606521368027
321,10.7,,,,insightface_bbox,0.604658305644989,0.0,475.9223937988281,870.42626953125,2368.837646484375,0,0,1,0,0,0,0,0,0,0,0,0,0.0872117280960083,0.0526086799800396,0.5079153776168823,0.0841149091720581,0.016423100605607033,0.04616288095712662,0.027475988492369652,0.043789032846689224,0.08976347744464874,0.06741021573543549,0.06592448800802231,0.10435187071561813
322,10.733333333333333,,,,insightface_bbox,0.604658305644989,0.0,475.9223937988281,870.42626953125,2368.837646484375,0,0,1,0,0,0,0,0,0,0,0,0,0.08508042246103287,0.05143953859806061,0.5107351541519165,0.08181989938020706,0.016102377325296402,0.046952035278081894,0.02853301167488098,0.04335653409361839,0.09118304401636124,0.06838268041610718,0.07421253621578217,0.11108465492725372
323,10.766666666666667,,,,insightface_bbox,0.604658305644989,0.0,475.9223937988281,870.42626953125,2368.837646484375,0,0,1,0,0,0,0,0,0,0,0,0,0.08744485676288605,0.053303204476833344,0.5674536824226379,0.08598470687866211,0.01692875102162361,0.04969436302781105,0.03046930767595768,0.04431568458676338,0.09227724373340607,0.06969031691551208,0.0801309198141098,0.11463332176208496
324,10.8,,,,insightface_bbox,0.6133444309234619,0.0,439.2455139160156,876.0857543945312,2375.261474609375,0,0,1,0,0,0,0,0,0,0,0,0,0.06751395761966705,0.04081027954816818,0.42544957995414734,0.0610676072537899,0.015571607276797295,0.04108177125453949,0.025883393362164497,0.03823492303490639,0.08850592374801636,0.06457740068435669,0.05307640880346298,0.0929419994354248
325,10.833333333333334,,,,insightface_bbox,0.6133444309234619,0.0,439.2455139160156,876.0857543945312,2375.261474609375,0,0,1,0,0,0,0,0,0,0,0,0,0.07560054212808609,0.046098485589027405,0.5050184726715088,0.07198593020439148,0.017582755535840988,0.04737402871251106,0.03155947104096413,0.041742973029613495,0.09179174154996872,0.06958331167697906,0.0665452852845192,0.10168565809726715
326,10.866666666666667,,,,insightface_bbox,0.6133444309234619,0.0,439.2455139160156,876.0857543945312,2375.261474609375,0,0,1,0,0,0,0,0,0,0,0,0,0.07511349022388458,0.04665523022413254,0.4896378517150879,0.0761142298579216,0.01727132499217987,0.046018924564123154,0.030823497101664543,0.043785229325294495,0.0931900292634964,0.07073666155338287,0.05732352286577225,0.09725577384233475
327,10.9,,,,insightface_bbox,0.6133444309234619,0.0,439.2455139160156,876.0857543945312,2375.261474609375,0,0,1,0,0,0,0,0,0,0,0,0,0.07746818661689758,0.04926646500825882,0.46949267387390137,0.08281457424163818,0.018190274015069008,0.04672481119632721,0.03329765424132347,0.04594888165593147,0.09885311126708984,0.07498623430728912,0.05754847824573517,0.10339415073394775
328,10.933333333333334,,,,insightface_bbox,0.6133444309234619,0.0,439.2455139160156,876.0857543945312,2375.261474609375,0,0,1,0,0,0,0,0,0,0,0,0,0.08233361691236496,0.0537370927631855,0.49099886417388916,0.09475243091583252,0.019420010969042778,0.048705603927373886,0.03659918159246445,0.048123426735401154,0.1032741516828537,0.07806558907032013,0.06306213140487671,0.11147499084472656
329,10.966666666666667,,,,insightface_bbox,0.6133444309234619,0.0,439.2455139160156,876.0857543945312,2375.261474609375,0,0,1,0,0,0,0,0,0,0,0,0,0.08165252208709717,0.05419163033366203,0.4928383529186249,0.0945223942399025,0.01944287307560444,0.04929026961326599,0.03805071488022804,0.047556959092617035,0.10204426944255829,0.07852886617183685,0.07109855860471725,0.11643289774656296
330,11.0,,,,insightface_bbox,0.5921051502227783,0.0,444.42852783203125,868.7930297851562,2343.05908203125,0,0,1,0,0,0,0,0,0,0,0,0,0.09840117394924164,0.061571456491947174,0.6311482191085815,0.10137508809566498,0.01991034671664238,0.054702214896678925,0.03905715420842171,0.04863174632191658,0.10306017100811005,0.08102823048830032,0.09378436952829361,0.1264471709728241
