frame_idx,frame_time_in_ms,pitch,yaw,roll,face_alignment_method,face_detection_score,face_bbox_xmin,face_bbox_ymin,face_bbox_xmax,face_bbox_ymax,au_1,au_2,au_4,au_6,au_7,au_10,au_12,au_14,au_15,au_17,au_23,au_24,au_1_intensity,au_2_intensity,au_4_intensity,au_5_intensity,au_6_intensity,au_9_intensity,au_12_intensity,au_15_intensity,au_17_intensity,au_20_intensity,au_25_intensity,au_26_intensity
0,0.0,,,,insightface_bbox,0.6862728595733643,0.0,673.2640380859375,684.5278930664062,2353.51171875,1,0,1,0,0,0,0,0,0,1,0,0,0.06349386274814606,0.030632613226771355,0.7809857130050659,0.030208945274353027,0.006051976233720779,0.017859909683465958,0.006544739473611116,0.029378507286310196,0.06205323338508606,0.04459725692868233,0.021987052634358406,0.03716236352920532
1,0.03333333333333333,,,,insightface_bbox,0.6862728595733643,0.0,673.2640380859375,684.5278930664062,2353.51171875,0,0,1,0,0,0,0,0,0,1,0,0,0.053820304572582245,0.03250168263912201,0.693041205406189,0.034967660903930664,0.007664005272090435,0.021090712398290634,0.008977800607681274,0.03359498828649521,0.0684487372636795,0.04411988705396652,0.040873851627111435,0.04530318081378937
2,0.06666666666666667,,,,insightface_bbox,0.6862728595733643,0.0,673.2640380859375,684.5278930664062,2353.51171875,0,0,1,0,0,0,0,0,0,0,0,0,0.057729244232177734,0.037782736122608185,0.7659972906112671,0.04474896565079689,0.010307064279913902,0.02812349423766136,0.014858411625027657,0.03783344477415085,0.07132613658905029,0.04833745211362839,0.09030114859342575,0.06473942846059799
3,0.1,,,,insightface_bbox,0.6862728595733643,0.0,673.2640380859375,684.5278930664062,2353.51171875,0,0,1,0,0,0,0,0,0,0,0,0,0.05608280748128891,0.0372159443795681,0.7206649780273438,0.043718986213207245,0.010419027879834175,0.027466945350170135,0.014911926351487637,0.03893193602561951,0.07145506888628006,0.04935365915298462,0.09019550681114197,0.06773267686367035
4,0.13333333333333333,,,,insightface_bbox,0.6862728595733643,0.0,673.2640380859375,684.5278930664062,2353.51171875,0,0,1,0,0,0,0,0,0,0,0,0,0.055786602199077606,0.0372953787446022,0.7254201769828796,0.045463986694812775,0.011002723127603531,0.02856457605957985,0.01565416343510151,0.039390891790390015,0.0729248896241188,0.051519278436899185,0.09378360211849213,0.07056554406881332
5,0.16666666666666666,,,,insightface_bbox,0.6862728595733643,0.0,673.2640380859375,684.5278930664062,2353.51171875,0,0,1,0,0,0,0,0,0,0,0,0,0.054337527602910995,0.03621775284409523,0.6925328969955444,0.044953521341085434,0.011296279728412628,0.028063563629984856,0.01556356344372034,0.03994256258010864,0.07265099138021469,0.05188831686973572,0.09206010401248932,0.07255235314369202
6,0.2,,,,insightface_bbox,0.6736719608306885,0.0,667.9114990234375,698.6358032226562,2347.3076171875,0,0,1,0,0,0,0,0,0,0,0,0,0.052675046026706696,0.03545151278376579,0.6661319136619568,0.04302658885717392,0.012415126897394657,0.030362317338585854,0.01698162406682968,0.04079820215702057,0.07128284126520157,0.05442478135228157,0.104941725730896,0.07779043912887573
7,0.23333333333333334,,,,insightface_bbox,0.6736719608306885,0.0,667.9114990234375,698.6358032226562,2347.3076171875,0,0,1,0,0,0,0,0,0,0,0,0,0.05205994471907616,0.03484421223402023,0.608156681060791,0.04212789982557297,0.01306893676519394,0.03187594562768936,0.019089926034212112,0.04271411895751953,0.0714157447218895,0.05559396743774414,0.10984354466199875,0.07973901182413101
8,0.26666666666666666,,,,insightface_bbox,0.6736719608306885,0.0,667.9114990234375,698.6358032226562,2347.3076171875,0,0,1,0,0,0,0,0,0,0,0,0,0.05165122076869011,0.03470004349946976,0.6064892411231995,0.041938021779060364,0.013097664341330528,0.03182800114154816,0.019102569669485092,0.04285753145813942,0.07162877172231674,0.0558457151055336,0.11281941831111908,0.0802970752120018
9,0.3,,,,insightface_bbox,0.6736719608306885,0.0,667.9114990234375,698.6358032226562,2347.3076171875,0,0,1,0,0,0,0,0,0,0,0,0,0.051537271589040756,0.03457682952284813,0.614514172077179,0.04136420786380768,0.013159940019249916,0.031905561685562134,0.01905396208167076,0.04221036657691002,0.07151110470294952,0.055313415825366974,0.1080283522605896,0.07796404510736465
10,0.3333333333333333,,,,insightface_bbox,0.6736719608306885,0.0,667.9114990234375,698.6358032226562,2347.3076171875,0,0,1,0,0,0,0,0,0,0,0,0,0.05064517259597778,0.033935852348804474,0.6063936948776245,0.040087830275297165,0.0131618557497859,0.03157968074083328,0.019116440787911415,0.041734110563993454,0.0724128782749176,0.055290959775447845,0.10495606064796448,0.07629457116127014
11,0.36666666666666664,,,,insightface_bbox,0.6736719608306885,0.0,667.9114990234375,698.6358032226562,2347.3076171875,0,0,1,0,0,0,0,0,0,0,0,0,0.05082324147224426,0.034095801413059235,0.6067309379577637,0.04019967466592789,0.013498804531991482,0.03153331205248833,0.019851719960570335,0.04208619147539139,0.07243894785642624,0.05551556125283241,0.10572076588869095,0.07755445688962936
12,0.4,,,,insightface_bbox,0.6852551102638245,0.0,675.607421875,705.8036499023438,2366.748291015625,0,0,1,0,0,0,0,0,0,0,0,0,0.05781341716647148,0.039496392011642456,0.5473664402961731,0.05126705393195152,0.014118950814008713,0.03137938678264618,0.024028241634368896,0.0462651252746582,0.07054063677787781,0.0573379248380661,0.09496740996837616,0.08769892901182175
13,0.43333333333333335,,,,insightface_bbox,0.6852551102638245,0.0,675.607421875,705.8036499023438,2366.748291015625,0,0,1,0,0,0,0,0,0,0,0,0,0.05748230218887329,0.039142411202192307,0.5063923001289368,0.052387386560440063,0.013639452867209911,0.030733048915863037,0.022648973390460014,0.048201531171798706,0.07127626985311508,0.05726797133684158,0.08306974172592163,0.08241791278123856
14,0.4666666666666667,,,,insightface_bbox,0.6852551102638245,0.0,675.607421875,705.8036499023438,2366.748291015625,0,0,1,0,0,0,0,0,0,0,0,0,0.05811895802617073,0.03852934017777443,0.46098899841308594,0.051419999450445175,0.012873372994363308,0.03064052388072014,0.021289141848683357,0.04765219986438751,0.07303887605667114,0.058381564915180206,0.08418379724025726,0.08277392387390137
15,0.5,,,,insightface_bbox,0.6852551102638245,0.0,675.607421875,705.8036499023438,2366.748291015625,0,0,1,0,0,0,0,0,0,0,0,0,0.057784296572208405,0.037872422486543655,0.46386632323265076,0.050247371196746826,0.012958625331521034,0.031198179349303246,0.02096172235906124,0.04833229258656502,0.07340455055236816,0.05879408121109009,0.08983638882637024,0.08681171387434006
16,0.5333333333333333,,,,insightface_bbox,0.6852551102638245,0.0,675.607421875,705.8036499023438,2366.748291015625,0,0,1,0,0,0,0,0,0,0,0,0,0.05937783047556877,0.03859226405620575,0.48627322912216187,0.051657535135746,0.013602906838059425,0.03235255926847458,0.022198522463440895,0.049605946987867355,0.07634086906909943,0.0600154884159565,0.09672923386096954,0.08993332087993622
17,0.5666666666666667,,,,insightface_bbox,0.6852551102638245,0.0,675.607421875,705.8036499023438,2366.748291015625,0,0,1,0,0,0,0,0,0,0,0,0,0.05964194983243942,0.03867919370532036,0.5112184882164001,0.05130544304847717,0.013748789206147194,0.03271566331386566,0.022496379911899567,0.04996991157531738,0.07689671963453293,0.06004843860864639,0.10273821651935577,0.09181699901819229
18,0.6,,,,insightface_bbox,0.669630765914917,0.0,635.7462158203125,709.7931518554688,2402.259765625,0,0,1,0,0,0,0,0,0,0,0,0,0.05543366074562073,0.03975018858909607,0.4080512523651123,0.056222088634967804,0.012198630720376968,0.029294388368725777,0.01802852191030979,0.04423853009939194,0.06905614584684372,0.05748806521296501,0.07912889868021011,0.08526793867349625
19,0.6333333333333333,,,,insightface_bbox,0.669630765914917,0.0,635.7462158203125,709.7931518554688,2402.259765625,0,0,1,0,0,0,0,0,0,0,0,0,0.05444354936480522,0.03956761211156845,0.39144694805145264,0.05590125173330307,0.012179108336567879,0.028738994151353836,0.01763392612338066,0.04532559961080551,0.07041529566049576,0.058702170848846436,0.07709010690450668,0.08536607027053833
20,0.6666666666666666,,,,insightface_bbox,0.669630765914917,0.0,635.7462158203125,709.7931518554688,2402.259765625,0,0,1,0,0,0,0,0,0,0,0,0,0.05387242138385773,0.03898180276155472,0.3858238160610199,0.05402406305074692,0.012224908918142319,0.02844052202999592,0.01738852448761463,0.04558631777763367,0.07049737125635147,0.05910045653581619,0.0735943391919136,0.08461945503950119
21,0.7,,,,insightface_bbox,0.669630765914917,0.0,635.7462158203125,709.7931518554688,2402.259765625,0,0,1,0,0,0,0,0,0,0,0,0,0.053156446665525436,0.038464561104774475,0.3823167681694031,0.052773281931877136,0.012101270258426666,0.027890803292393684,0.017059054225683212,0.04529857635498047,0.06955056637525558,0.058914363384246826,0.07170480489730835,0.08350992202758789
22,0.7333333333333333,,,,insightface_bbox,0.669630765914917,0.0,635.7462158203125,709.7931518554688,2402.259765625,0,0,1,0,0,0,0,0,0,0,0,0,0.0530056469142437,0.03864196687936783,0.3867543935775757,0.05387905240058899,0.012510940432548523,0.028374699875712395,0.017413033172488213,0.04564666002988815,0.06991733610630035,0.058823175728321075,0.07432188093662262,0.08534402400255203
23,0.7666666666666667,,,,insightface_bbox,0.669630765914917,0.0,635.7462158203125,709.7931518554688,2402.259765625,0,0,1,0,0,0,0,0,0,0,0,0,0.052320513874292374,0.038179945200681686,0.38606539368629456,0.0529942661523819,0.01238330826163292,0.028189394623041153,0.01741672493517399,0.04567628726363182,0.06947951018810272,0.05807632580399513,0.07408017665147781,0.08486172556877136
24,0.8,,,,insightface_bbox,0.6502453088760376,0.0,644.6514892578125,710.3715209960938,2396.7998046875,0,0,1,0,0,0,0,0,0,0,0,0,0.05482853949069977,0.03912480175495148,0.427112877368927,0.052949629724025726,0.013897242024540901,0.03043656051158905,0.0220164991915226,0.04998961091041565,0.07303036004304886,0.05924628674983978,0.08399263024330139,0.08749399334192276
25,0.8333333333333334,,,,insightface_bbox,0.6502453088760376,0.0,644.6514892578125,710.3715209960938,2396.7998046875,0,0,1,0,0,0,0,0,0,0,0,0,0.05515900254249573,0.03878059983253479,0.4212142825126648,0.05246862396597862,0.014142844825983047,0.030841540545225143,0.0218748040497303,0.050404325127601624,0.07398708164691925,0.060040347278118134,0.08730477839708328,0.08952025324106216
26,0.8666666666666667,,,,insightface_bbox,0.6502453088760376,0.0,644.6514892578125,710.3715209960938,2396.7998046875,0,0,1,0,0,0,0,0,0,0,0,0,0.05444326251745224,0.038657162338495255,0.41920188069343567,0.05206672474741936,0.014017600566148758,0.03085905686020851,0.022173427045345306,0.050458863377571106,0.07293297350406647,0.05983733385801315,0.08752809464931488,0.08901473134756088
27,0.9,,,,insightface_bbox,0.6502453088760376,0.0,644.6514892578125,710.3715209960938,2396.7998046875,0,0,1,0,0,0,0,0,0,0,0,0,0.05600524693727493,0.03953460603952408,0.4365353286266327,0.05322914570569992,0.014066535979509354,0.03161967173218727,0.022325953468680382,0.0511167049407959,0.07239552587270737,0.05913764238357544,0.09028293192386627,0.08843030035495758
28,0.9333333333333333,,,,insightface_bbox,0.6502453088760376,0.0,644.6514892578125,710.3715209960938,2396.7998046875,0,0,1,0,0,0,0,0,0,0,0,0,0.05552799999713898,0.03943530470132828,0.4221307039260864,0.05330970883369446,0.013783778995275497,0.03110295534133911,0.021113742142915726,0.0504566952586174,0.07203646004199982,0.05872471630573273,0.09281788021326065,0.090803362429142
29,0.9666666666666667,,,,insightface_bbox,0.6502453088760376,0.0,644.6514892578125,710.3715209960938,2396.7998046875,0,0,1,0,0,0,0,0,0,0,0,0,0.05661396682262421,0.04019997641444206,0.4331006109714508,0.055116206407547,0.013809364289045334,0.03169158846139908,0.02144540846347809,0.05077701061964035,0.07280395179986954,0.05922362208366394,0.09621717780828476,0.09255725145339966
30,1.0,,,,insightface_bbox,0.6502935886383057,0.0,660.868408203125,717.6398315429688,2420.13232421875,0,0,1,0,0,0,0,0,0,0,0,0,0.04948824271559715,0.03590718284249306,0.3203047811985016,0.04767514020204544,0.011293115094304085,0.026443881914019585,0.0154463741928339,0.0426899716258049,0.06673014163970947,0.05523987486958504,0.06444082409143448,0.07697708904743195
31,1.0333333333333334,,,,insightface_bbox,0.6502935886383057,0.0,660.868408203125,717.6398315429688,2420.13232421875,0,0,1,0,0,0,0,0,0,0,0,0,0.04921871796250343,0.03621847182512283,0.32297712564468384,0.05026079714298248,0.011716486886143684,0.026915112510323524,0.0158222746104002,0.04351724311709404,0.0679226666688919,0.0553019642829895,0.06649934500455856,0.0780230239033699
32,1.0666666666666667,,,,insightface_bbox,0.6502935886383057,0.0,660.868408203125,717.6398315429688,2420.13232421875,0,0,1,0,0,0,0,0,0,0,0,0,0.050315842032432556,0.038263123482465744,0.3140113353729248,0.054606154561042786,0.012310320511460304,0.028348464518785477,0.01703212782740593,0.045795828104019165,0.06977035105228424,0.05518356338143349,0.07437951117753983,0.08399621397256851
33,1.1,,,,insightface_bbox,0.6502935886383057,0.0,660.868408203125,717.6398315429688,2420.13232421875,0,0,1,0,0,0,0,0,0,0,0,0,0.050377923995256424,0.03893984109163284,0.3095138669013977,0.05580151826143265,0.012716650031507015,0.02909250371158123,0.01795879378914833,0.047469623386859894,0.07221319526433945,0.05574506148695946,0.07987555116415024,0.0874352753162384
34,1.1333333333333333,,,,insightface_bbox,0.6502935886383057,0.0,660.868408203125,717.6398315429688,2420.13232421875,0,0,1,0,0,0,0,0,0,0,0,0,0.052478156983852386,0.04129279404878616,0.33347460627555847,0.05960888788104057,0.013244740664958954,0.03035089373588562,0.018976965919137,0.048914119601249695,0.07219059765338898,0.055757202208042145,0.08682164549827576,0.09398709982633591
35,1.1666666666666667,,,,insightface_bbox,0.6502935886383057,0.0,660.868408203125,717.6398315429688,2420.13232421875,0,0,1,0,0,0,0,0,0,0,0,0,0.054637473076581955,0.04356633126735687,0.35344159603118896,0.0652703195810318,0.013675283640623093,0.03138069435954094,0.019449198618531227,0.04961264133453369,0.07172536104917526,0.05583874136209488,0.09070712327957153,0.09916786104440689
36,1.2,,,,insightface_bbox,0.6253172755241394,0.0,618.0892333984375,728.0996704101562,2479.053466796875,0,0,1,0,0,0,0,0,0,0,0,0,0.057764578610658646,0.04711546003818512,0.3899023234844208,0.07589761912822723,0.014198836870491505,0.03341811150312424,0.02038765884935856,0.051432739943265915,0.07281630486249924,0.05682091787457466,0.10381206125020981,0.10859793424606323
37,1.2333333333333334,,,,insightface_bbox,0.6253172755241394,0.0,618.0892333984375,728.0996704101562,2479.053466796875,0,0,1,0,0,0,0,0,0,0,0,0,0.05236521735787392,0.043446313589811325,0.3296663761138916,0.0679638609290123,0.013442469760775566,0.03135593235492706,0.01843816041946411,0.04967812821269035,0.07124639302492142,0.05395054444670677,0.08772637695074081,0.09763851016759872
38,1.2666666666666666,,,,insightface_bbox,0.6253172755241394,0.0,618.0892333984375,728.0996704101562,2479.053466796875,0,0,1,0,0,0,0,0,0,0,0,0,0.051701996475458145,0.042050447314977646,0.3121231496334076,0.06247211620211601,0.013246340677142143,0.03122403286397457,0.018082892522215843,0.04997198283672333,0.0727676972746849,0.055151041597127914,0.07929342985153198,0.09329357743263245
39,1.3,,,,insightface_bbox,0.6253172755241394,0.0,618.0892333984375,728.0996704101562,2479.053466796875,0,0,1,0,0,0,0,0,0,0,0,0,0.05134664475917816,0.04110633581876755,0.2962581217288971,0.05970006436109543,0.01366724818944931,0.032164935022592545,0.0185320395976305,0.05255535989999771,0.07605745643377304,0.0575699657201767,0.07701417803764343,0.09344000369310379
40,1.3333333333333333,,,,insightface_bbox,0.6253172755241394,0.0,618.0892333984375,728.0996704101562,2479.053466796875,0,0,1,0,0,0,0,0,0,0,0,0,0.04862726479768753,0.039405301213264465,0.28002578020095825,0.056968435645103455,0.013424321077764034,0.031611718237400055,0.018009191378951073,0.05160399526357651,0.07652170956134796,0.05683857575058937,0.07338844984769821,0.09004943817853928
41,1.3666666666666667,,,,insightface_bbox,0.6253172755241394,0.0,618.0892333984375,728.0996704101562,2479.053466796875,0,0,1,0,0,0,0,0,0,0,0,0,0.04747331887483597,0.038518257439136505,0.28399932384490967,0.054162248969078064,0.013705342076718807,0.031738802790641785,0.01834947243332863,0.05190332233905792,0.07796034961938858,0.0575079619884491,0.07431726902723312,0.08909135311841965
42,1.4,,,,insightface_bbox,0.6033052206039429,0.0,626.2643432617188,709.0221557617188,2530.014404296875,0,0,1,0,0,0,0,0,0,0,0,0,0.05815575271844864,0.04641300067305565,0.3247244954109192,0.06965857744216919,0.014587782323360443,0.03376995772123337,0.01844106987118721,0.05354645848274231,0.08290471136569977,0.06130509823560715,0.10621166229248047,0.11618559062480927
43,1.4333333333333333,,,,insightface_bbox,0.6033052206039429,0.0,626.2643432617188,709.0221557617188,2530.014404296875,0,0,1,0,0,0,0,0,0,0,0,0,0.05635390430688858,0.04543381929397583,0.2956061065196991,0.0664682537317276,0.014796835370361805,0.03390486165881157,0.018442437052726746,0.05441220477223396,0.08286894857883453,0.06172522157430649,0.10872027277946472,0.11726107448339462
44,1.4666666666666666,,,,insightface_bbox,0.6033052206039429,0.0,626.2643432617188,709.0221557617188,2530.014404296875,0,0,1,0,0,0,0,0,0,0,0,0,0.057125989347696304,0.04589210823178291,0.30077624320983887,0.06673591583967209,0.014837749302387238,0.03434114530682564,0.018801452592015266,0.05425303801894188,0.08312902599573135,0.06196766719222069,0.1119038313627243,0.11947163194417953
45,1.5,,,,insightface_bbox,0.6033052206039429,0.0,626.2643432617188,709.0221557617188,2530.014404296875,0,0,1,0,0,0,0,0,0,0,0,0,0.05699671804904938,0.0457182377576828,0.2973540127277374,0.06636519730091095,0.014648402109742165,0.03416906297206879,0.018265357241034508,0.05347393453121185,0.08262541890144348,0.06155116483569145,0.10950963944196701,0.11779153347015381
46,1.5333333333333334,,,,insightface_bbox,0.6033052206039429,0.0,626.2643432617188,709.0221557617188,2530.014404296875,0,0,1,0,0,0,0,0,0,0,0,0,0.05619508773088455,0.045186661183834076,0.29591092467308044,0.06420107185840607,0.014260657131671906,0.0337703563272953,0.01819351501762867,0.05286182463169098,0.08146858215332031,0.059877295047044754,0.1018623560667038,0.11185169219970703
47,1.5666666666666667,,,,insightface_bbox,0.6033052206039429,0.0,626.2643432617188,709.0221557617188,2530.014404296875,0,0,1,0,0,0,0,0,0,0,0,0,0.05598977580666542,0.04502518102526665,0.29762890934944153,0.06428544968366623,0.01427818089723587,0.03391926735639572,0.018299857154488564,0.05290263891220093,0.08146819472312927,0.05989685654640198,0.10213863849639893,0.11143989115953445
48,1.6,,,,insightface_bbox,0.6077455282211304,0.0,629.6170043945312,724.729248046875,2476.922119140625,0,0,1,0,0,0,0,0,0,0,0,0,0.054703302681446075,0.04483659565448761,0.2847059369087219,0.06463709473609924,0.014364469796419144,0.03356160223484039,0.01780550554394722,0.05384450405836105,0.08072678744792938,0.05941392853856087,0.10426878184080124,0.11312255263328552
49,1.6333333333333333,,,,insightface_bbox,0.6077455282211304,0.0,629.6170043945312,724.729248046875,2476.922119140625,0,0,1,0,0,0,0,0,0,0,0,0,0.05604677274823189,0.045352011919021606,0.2957034707069397,0.06581725180149078,0.013988548889756203,0.03344934061169624,0.01751627027988434,0.05205986648797989,0.07932115346193314,0.05876881629228592,0.10440398752689362,0.11180165410041809
50,1.6666666666666667,,,,insightface_bbox,0.6077455282211304,0.0,629.6170043945312,724.729248046875,2476.922119140625,0,0,1,0,0,0,0,0,0,0,0,0,0.05585506558418274,0.04492340609431267,0.29325219988822937,0.06496074795722961,0.013691759668290615,0.03306454420089722,0.017196370288729668,0.05161033570766449,0.07936642318964005,0.05892621725797653,0.10263126343488693,0.11033069342374802
51,1.7,,,,insightface_bbox,0.6077455282211304,0.0,629.6170043945312,724.729248046875,2476.922119140625,0,0,1,0,0,0,0,0,0,0,0,0,0.05622535198926926,0.04508988931775093,0.2968026399612427,0.06503544747829437,0.013649958185851574,0.03314957395195961,0.017361387610435486,0.0516107976436615,0.07942990958690643,0.05913522094488144,0.10208319872617722,0.1096494123339653
52,1.7333333333333334,,,,insightface_bbox,0.6077455282211304,0.0,629.6170043945312,724.729248046875,2476.922119140625,0,0,1,0,0,0,0,0,0,0,0,0,0.05640158802270889,0.04513424634933472,0.29861217737197876,0.06513864547014236,0.013776138424873352,0.03349398449063301,0.01755654253065586,0.05214447155594826,0.07963614165782928,0.05939861387014389,0.1034858226776123,0.11039692908525467
53,1.7666666666666666,,,,insightface_bbox,0.6077455282211304,0.0,629.6170043945312,724.729248046875,2476.922119140625,0,0,1,0,0,0,0,0,0,0,0,0,0.055744718760252,0.044870637357234955,0.2996460199356079,0.06483624130487442,0.013948285952210426,0.03348911553621292,0.0175169687718153,0.05277589336037636,0.07904049009084702,0.05913148820400238,0.10218507796525955,0.11016509681940079
54,1.8,,,,insightface_bbox,0.6002532243728638,0.0,624.1251831054688,728.763916015625,2481.86181640625,0,0,1,0,0,0,0,0,0,0,0,0,0.05433214455842972,0.04369523003697395,0.2899933457374573,0.06204025447368622,0.013906363397836685,0.03343608230352402,0.017386311665177345,0.05267554521560669,0.07814056426286697,0.05815844610333443,0.09987343102693558,0.10690994560718536
55,1.8333333333333333,,,,insightface_bbox,0.6002532243728638,0.0,624.1251831054688,728.763916015625,2481.86181640625,0,0,1,0,0,0,0,0,0,0,0,0,0.05352418124675751,0.04345019906759262,0.3014087677001953,0.0614030659198761,0.014014755375683308,0.033233318477869034,0.0176533330231905,0.05338146537542343,0.07735763490200043,0.057988040149211884,0.0943344458937645,0.10464995354413986
56,1.8666666666666667,,,,insightface_bbox,0.6002532243728638,0.0,624.1251831054688,728.763916015625,2481.86181640625,0,0,1,0,0,0,0,0,0,0,0,0,0.05349959805607796,0.043610505759716034,0.30364957451820374,0.061568040400743484,0.014144470915198326,0.03346876800060272,0.01785915344953537,0.05450785905122757,0.07734590023756027,0.058163322508335114,0.09408064186573029,0.10399405658245087
57,1.9,,,,insightface_bbox,0.6002532243728638,0.0,624.1251831054688,728.763916015625,2481.86181640625,0,0,1,0,0,0,0,0,0,0,0,0,0.05301041901111603,0.04275909811258316,0.29233208298683167,0.05998411029577255,0.013963116332888603,0.03269153833389282,0.01710451953113079,0.05295337736606598,0.07578354328870773,0.056684546172618866,0.08834782987833023,0.10082017630338669
58,1.9333333333333333,,,,insightface_bbox,0.6002532243728638,0.0,624.1251831054688,728.763916015625,2481.86181640625,0,0,1,0,0,0,0,0,0,0,0,0,0.052953507751226425,0.04263374209403992,0.2914148271083832,0.060054291039705276,0.013867245055735111,0.03230787068605423,0.016974765807390213,0.05207188427448273,0.0754082128405571,0.056162793189287186,0.08525730669498444,0.09796996414661407
59,1.9666666666666666,,,,insightface_bbox,0.6002532243728638,0.0,624.1251831054688,728.763916015625,2481.86181640625,0,0,1,0,0,0,0,0,0,0,0,0,0.05289120972156525,0.042562343180179596,0.28986507654190063,0.060009948909282684,0.01392169389873743,0.032232772558927536,0.01700221560895443,0.05225079506635666,0.07548081874847412,0.056236378848552704,0.08494935929775238,0.09790173918008804
60,2.0,,,,insightface_bbox,0.5997573733329773,0.0,621.21044921875,735.924560546875,2489.10595703125,0,0,1,0,0,0,0,0,0,0,0,0,0.05406747758388519,0.042105186730623245,0.2854728698730469,0.05982620641589165,0.013539029285311699,0.031822800636291504,0.01635093428194523,0.05072890967130661,0.07442637532949448,0.056092455983161926,0.07716669142246246,0.09407302737236023
61,2.033333333333333,,,,insightface_bbox,0.5997573733329773,0.0,621.21044921875,735.924560546875,2489.10595703125,0,0,1,0,0,0,0,0,0,0,0,0,0.054607927799224854,0.04303780198097229,0.28303590416908264,0.06236058101058006,0.01380723062902689,0.032181501388549805,0.016500093042850494,0.05200916901230812,0.0741858035326004,0.05672197416424751,0.07987655699253082,0.09601099789142609
62,2.066666666666667,,,,insightface_bbox,0.5997573733329773,0.0,621.21044921875,735.924560546875,2489.10595703125,0,0,1,0,0,0,0,0,0,0,0,0,0.05564427003264427,0.04299154132604599,0.30964672565460205,0.06205320358276367,0.013809711672365665,0.03192704916000366,0.01694900542497635,0.05199449136853218,0.07573181390762329,0.057058148086071014,0.08322984725236893,0.09509612619876862
63,2.1,,,,insightface_bbox,0.5997573733329773,0.0,621.21044921875,735.924560546875,2489.10595703125,0,0,1,0,0,0,0,0,0,0,0,0,0.05479917302727699,0.042668186128139496,0.303925484418869,0.061132729053497314,0.014163773506879807,0.03170059993863106,0.017352107912302017,0.05448148399591446,0.076399065554142,0.058840978890657425,0.08354341983795166,0.09449388086795807
64,2.1333333333333333,,,,insightface_bbox,0.5997573733329773,0.0,621.21044921875,735.924560546875,2489.10595703125,0,0,1,0,0,0,0,0,0,0,0,0,0.05492774397134781,0.04224584996700287,0.29947516322135925,0.05868365988135338,0.014047270640730858,0.03128229081630707,0.017846107482910156,0.05496145784854889,0.0776047483086586,0.05966058000922203,0.08295129984617233,0.09327426552772522
65,2.1666666666666665,,,,insightface_bbox,0.5997573733329773,0.0,621.21044921875,735.924560546875,2489.10595703125,0,0,1,0,0,0,0,0,0,0,0,0,0.05285261571407318,0.04025489091873169,0.29698747396469116,0.05391795188188553,0.013900202699005604,0.030815519392490387,0.018521476536989212,0.05507585033774376,0.07827693223953247,0.060609616339206696,0.07886294275522232,0.08999688923358917
66,2.2,,,,insightface_bbox,0.6717816591262817,0.0,650.5515747070312,718.5800170898438,2384.0498046875,0,0,1,0,0,0,0,0,0,0,0,0,0.05341269448399544,0.041269365698099136,0.3006155490875244,0.05615673214197159,0.013949485495686531,0.029795991256833076,0.017261341214179993,0.052795372903347015,0.07694919407367706,0.05754625052213669,0.07677529007196426,0.08991100639104843
67,2.2333333333333334,,,,insightface_bbox,0.6717816591262817,0.0,650.5515747070312,718.5800170898438,2384.0498046875,0,0,1,0,0,0,0,0,0,0,0,0,0.05095835402607918,0.03954614698886871,0.274581640958786,0.05315757915377617,0.013610316440463066,0.028545595705509186,0.01635703444480896,0.05093865469098091,0.07508319616317749,0.055259816348552704,0.0708039253950119,0.08699652552604675
68,2.2666666666666666,,,,insightface_bbox,0.6717816591262817,0.0,650.5515747070312,718.5800170898438,2384.0498046875,0,0,1,0,0,0,0,0,0,0,0,0,0.050808437168598175,0.04020979255437851,0.27592217922210693,0.05479762703180313,0.013541869819164276,0.028528710827231407,0.01616266742348671,0.051553692668676376,0.07434920966625214,0.056379176676273346,0.07101535052061081,0.08779372274875641
69,2.3,,,,insightface_bbox,0.6717816591262817,0.0,650.5515747070312,718.5800170898438,2384.0498046875,0,0,1,0,0,0,0,0,0,0,0,0,0.049166250973939896,0.03847093507647514,0.2674565315246582,0.052224300801754,0.012880288995802402,0.027229992672801018,0.015715276822447777,0.04851701855659485,0.0733284056186676,0.05504043772816658,0.06561525166034698,0.07994454354047775
70,2.3333333333333335,,,,insightface_bbox,0.6717816591262817,0.0,650.5515747070312,718.5800170898438,2384.0498046875,0,0,1,0,0,0,0,0,0,0,0,0,0.04788622260093689,0.03724290430545807,0.2437523752450943,0.0505635105073452,0.012329992838203907,0.025807833299040794,0.014891047030687332,0.046584028750658035,0.07072073221206665,0.05450371652841568,0.05900551378726959,0.07504130899906158
71,2.3666666666666667,,,,insightface_bbox,0.6717816591262817,0.0,650.5515747070312,718.5800170898438,2384.0498046875,0,0,1,0,0,0,0,0,0,0,0,0,0.04890866577625275,0.03750124201178551,0.24859222769737244,0.05230703949928284,0.012427316047251225,0.025677669793367386,0.01496206596493721,0.045752231031656265,0.06988447159528732,0.05403168126940727,0.059181660413742065,0.0742926299571991
72,2.4,,,,insightface_bbox,0.675340473651886,0.0,658.6324462890625,713.984619140625,2399.85888671875,0,0,1,0,0,0,0,0,0,0,0,0,0.046339016407728195,0.03339754417538643,0.24652861058712006,0.03974069282412529,0.011834397912025452,0.02614768035709858,0.016077721491456032,0.04728536680340767,0.07611025869846344,0.05997563898563385,0.06254973262548447,0.07824487239122391
73,2.433333333333333,,,,insightface_bbox,0.675340473651886,0.0,658.6324462890625,713.984619140625,2399.85888671875,0,0,1,0,0,0,0,0,0,0,0,0,0.04796689376235008,0.03385184705257416,0.244574174284935,0.04082106798887253,0.011679630726575851,0.02669973485171795,0.016159787774086,0.04659575968980789,0.07597692310810089,0.05917910113930702,0.06511259078979492,0.08071088045835495
74,2.466666666666667,,,,insightface_bbox,0.675340473651886,0.0,658.6324462890625,713.984619140625,2399.85888671875,0,0,1,0,0,0,0,0,0,0,0,0,0.04796872287988663,0.033749986439943314,0.24218496680259705,0.04017636552453041,0.011313711293041706,0.02629479207098484,0.015609180554747581,0.04421046003699303,0.07551442086696625,0.0584908127784729,0.06285196542739868,0.07906597852706909
75,2.5,,,,insightface_bbox,0.675340473651886,0.0,658.6324462890625,713.984619140625,2399.85888671875,0,0,1,0,0,0,0,0,0,0,0,0,0.04860431328415871,0.03447284549474716,0.2582622766494751,0.04127171263098717,0.01172617170959711,0.027275187894701958,0.016301264986395836,0.04427550733089447,0.07592955231666565,0.05792827159166336,0.06672364473342896,0.08046169579029083
76,2.533333333333333,,,,insightface_bbox,0.675340473651886,0.0,658.6324462890625,713.984619140625,2399.85888671875,0,0,1,0,0,0,0,0,0,0,0,0,0.04853743314743042,0.0346999429166317,0.2701604962348938,0.04178153723478317,0.01204962469637394,0.027706339955329895,0.016663504764437675,0.044021010398864746,0.07567737996578217,0.057205747812986374,0.07157276570796967,0.08547108620405197
77,2.566666666666667,,,,insightface_bbox,0.675340473651886,0.0,658.6324462890625,713.984619140625,2399.85888671875,0,0,1,0,0,0,0,0,0,0,0,0,0.0487327054142952,0.034813832491636276,0.27787548303604126,0.04230637475848198,0.012102644890546799,0.027624059468507767,0.016503795981407166,0.04329116642475128,0.07569608092308044,0.056261491030454636,0.0718681663274765,0.08466275036334991
78,2.6,,,,insightface_bbox,0.6422923803329468,0.0,616.1588745117188,737.5208740234375,2497.409912109375,0,0,1,0,0,0,0,0,0,0,0,0,0.05313694104552269,0.04197702556848526,0.2732630968093872,0.06270505487918854,0.012562521733343601,0.02883816324174404,0.01592843048274517,0.04569511115550995,0.07259277254343033,0.05598940700292587,0.07021978497505188,0.08631005138158798
79,2.6333333333333333,,,,insightface_bbox,0.6422923803329468,0.0,616.1588745117188,737.5208740234375,2497.409912109375,0,0,1,0,0,0,0,0,0,0,0,0,0.05203251168131828,0.04103800281882286,0.25553885102272034,0.06170551851391792,0.012361663393676281,0.027717404067516327,0.015386544167995453,0.045250482857227325,0.0717189833521843,0.055853694677352905,0.06834647804498672,0.0844692513346672
80,2.6666666666666665,,,,insightface_bbox,0.6422923803329468,0.0,616.1588745117188,737.5208740234375,2497.409912109375,0,0,1,0,0,0,0,0,0,0,0,0,0.05266468599438667,0.04138804227113724,0.25887829065322876,0.06219904124736786,0.01221124641597271,0.027225397527217865,0.01533394306898117,0.04387121647596359,0.0698712021112442,0.054625291377305984,0.0644710510969162,0.08183340728282928
81,2.7,,,,insightface_bbox,0.6422923803329468,0.0,616.1588745117188,737.5208740234375,2497.409912109375,0,0,1,0,0,0,0,0,0,0,0,0,0.05214087292551994,0.040681395679712296,0.24531209468841553,0.06095346435904503,0.012116688303649426,0.026536457240581512,0.01517762802541256,0.04466458410024643,0.06963005661964417,0.05544055998325348,0.06045728549361229,0.07787827402353287
82,2.7333333333333334,,,,insightface_bbox,0.6422923803329468,0.0,616.1588745117188,737.5208740234375,2497.409912109375,0,0,1,0,0,0,0,0,0,0,0,0,0.05197489261627197,0.04040021821856499,0.24054253101348877,0.05993571877479553,0.011932553723454475,0.025971567258238792,0.014984811656177044,0.04405321180820465,0.06915232539176941,0.054966770112514496,0.0581640899181366,0.07601732015609741
83,2.7666666666666666,,,,insightface_bbox,0.6422923803329468,0.0,616.1588745117188,737.5208740234375,2497.409912109375,0,0,1,0,0,0,0,0,0,0,0,0,0.051722124218940735,0.04030183330178261,0.23665858805179596,0.05975090339779854,0.011934446170926094,0.025875624269247055,0.015084933489561081,0.04452580586075783,0.06943352520465851,0.055137183517217636,0.05756836384534836,0.07587872445583344
84,2.8,,,,insightface_bbox,0.6390647292137146,0.0,597.7512817382812,732.1289672851562,2486.346923828125,0,0,1,0,0,0,0,0,0,0,0,0,0.04801670461893082,0.03726353123784065,0.21598735451698303,0.05507120490074158,0.011402487754821777,0.023924212902784348,0.013326042331755161,0.042845599353313446,0.06897620856761932,0.05356649309396744,0.05095931142568588,0.07111336290836334
85,2.8333333333333335,,,,insightface_bbox,0.6390647292137146,0.0,597.7512817382812,732.1289672851562,2486.346923828125,0,0,1,0,0,0,0,0,0,0,0,0,0.04823172092437744,0.037521302700042725,0.22303390502929688,0.05522279441356659,0.011419007554650307,0.024357616901397705,0.013681365177035332,0.04336530715227127,0.06974847614765167,0.05431223660707474,0.05187888443470001,0.07282014191150665
86,2.8666666666666667,,,,insightface_bbox,0.6390647292137146,0.0,597.7512817382812,732.1289672851562,2486.346923828125,0,0,1,0,0,0,0,0,0,0,0,0,0.04819265753030777,0.03743421658873558,0.22594144940376282,0.05525658279657364,0.011365209706127644,0.024131758138537407,0.01339641958475113,0.04336809739470482,0.06915818899869919,0.05419408902525902,0.05100960284471512,0.07192495465278625
87,2.9,,,,insightface_bbox,0.6390647292137146,0.0,597.7512817382812,732.1289672851562,2486.346923828125,0,0,1,0,0,0,0,0,0,0,0,0,0.04736188054084778,0.03631710261106491,0.223043292760849,0.052028901875019073,0.011332124471664429,0.023599963635206223,0.013105658814311028,0.04282652586698532,0.06784447282552719,0.05322819575667381,0.048630692064762115,0.06882317364215851
88,2.933333333333333,,,,insightface_bbox,0.6390647292137146,0.0,597.7512817382812,732.1289672851562,2486.346923828125,0,0,1,0,0,0,0,0,0,0,0,0,0.047322794795036316,0.03588948771357536,0.23090463876724243,0.05089028179645538,0.011333310045301914,0.02388131245970726,0.013255413621664047,0.0432308167219162,0.06898616254329681,0.05391678214073181,0.05062296986579895,0.06941430270671844
89,2.966666666666667,,,,insightface_bbox,0.6390647292137146,0.0,597.7512817382812,732.1289672851562,2486.346923828125,0,0,1,0,0,0,0,0,0,0,0,0,0.04753508418798447,0.03656531125307083,0.22888189554214478,0.052755679935216904,0.011501415632665157,0.024594996124505997,0.01413553487509489,0.04413740709424019,0.06940127909183502,0.05441012233495712,0.05179867893457413,0.07026530057191849
90,3.0,,,,insightface_bbox,0.6527813673019409,0.0,625.2052612304688,729.8419189453125,2432.564208984375,0,0,1,0,0,0,0,0,0,0,0,0,0.04853213578462601,0.03804853558540344,0.2383165955543518,0.05697660148143768,0.011498084291815758,0.025624575093388557,0.014067832380533218,0.043214716017246246,0.0690983384847641,0.05314977467060089,0.05918796733021736,0.07570848613977432
91,3.033333333333333,,,,insightface_bbox,0.6527813673019409,0.0,625.2052612304688,729.8419189453125,2432.564208984375,0,0,1,0,0,0,0,0,0,0,0,0,0.04897750914096832,0.037650082260370255,0.24560409784317017,0.05486677959561348,0.011555613949894905,0.025613993406295776,0.014456698670983315,0.0430338978767395,0.07061289250850677,0.0536988340318203,0.056347765028476715,0.07235793769359589
92,3.066666666666667,,,,insightface_bbox,0.6527813673019409,0.0,625.2052612304688,729.8419189453125,2432.564208984375,0,0,1,0,0,0,0,0,0,0,0,0,0.04880061000585556,0.03752300888299942,0.26739534735679626,0.05269961059093475,0.01198757067322731,0.0272697564214468,0.015422557480633259,0.04343118146061897,0.07150706648826599,0.0538552962243557,0.06382991373538971,0.07558129727840424
93,3.1,,,,insightface_bbox,0.6527813673019409,0.0,625.2052612304688,729.8419189453125,2432.564208984375,0,0,1,0,0,0,0,0,0,0,0,0,0.04973816126585007,0.03835667669773102,0.28687214851379395,0.05447676032781601,0.012455069459974766,0.02891397848725319,0.016337215900421143,0.04491572082042694,0.07404924929141998,0.05567082762718201,0.07383696734905243,0.08129752427339554
94,3.1333333333333333,,,,insightface_bbox,0.6527813673019409,0.0,625.2052612304688,729.8419189453125,2432.564208984375,0,0,1,0,0,0,0,0,0,0,0,0,0.04894379898905754,0.037365201860666275,0.287280410528183,0.05264289677143097,0.01282181404531002,0.029243551194667816,0.01678176037967205,0.04538616165518761,0.07568079233169556,0.05692658573389053,0.07573770731687546,0.08228250592947006
95,3.1666666666666665,,,,insightface_bbox,0.6527813673019409,0.0,625.2052612304688,729.8419189453125,2432.564208984375,0,0,1,0,0,0,0,0,0,0,0,0,0.04890665411949158,0.03741179406642914,0.2999253571033478,0.05304757133126259,0.013211154378950596,0.029947035014629364,0.017346667125821114,0.04560307413339615,0.07466493546962738,0.056145112961530685,0.07882645726203918,0.08303143084049225
96,3.2,,,,insightface_bbox,0.6548581123352051,0.0,604.74609375,718.3134765625,2455.133056640625,0,0,1,0,0,0,0,0,0,0,0,0,0.05027700588107109,0.03836097568273544,0.3079049587249756,0.054973118007183075,0.013651560992002487,0.030672460794448853,0.018355410546064377,0.046730443835258484,0.07580123096704483,0.05762923136353493,0.07817529886960983,0.08247022330760956
97,3.2333333333333334,,,,insightface_bbox,0.6548581123352051,0.0,604.74609375,718.3134765625,2455.133056640625,0,0,1,0,0,0,0,0,0,0,0,0,0.047547101974487305,0.035826895385980606,0.25159332156181335,0.050681956112384796,0.011186081916093826,0.025127140805125237,0.014571493491530418,0.04187697172164917,0.06953899562358856,0.05406492203474045,0.05782583728432655,0.06907579302787781
98,3.2666666666666666,,,,insightface_bbox,0.6548581123352051,0.0,604.74609375,718.3134765625,2455.133056640625,0,0,1,0,0,0,0,0,0,0,0,0,0.0497305728495121,0.03645573556423187,0.26976916193962097,0.05159545689821243,0.011983596719801426,0.02469770610332489,0.014438730664551258,0.041097644716501236,0.06810206174850464,0.05324464291334152,0.047265805304050446,0.06391949206590652
99,3.3,,,,insightface_bbox,0.6548581123352051,0.0,604.74609375,718.3134765625,2455.133056640625,0,0,1,0,0,0,0,0,0,0,0,0,0.048971306532621384,0.03603387251496315,0.262255996465683,0.05480077862739563,0.01163424551486969,0.023951519280672073,0.013688940554857254,0.03871326521039009,0.06343858689069748,0.0496610589325428,0.04221782833337784,0.058305755257606506
100,3.3333333333333335,,,,insightface_bbox,0.6548581123352051,0.0,604.74609375,718.3134765625,2455.133056640625,0,0,1,0,0,0,0,0,0,0,0,0,0.04450596496462822,0.032333895564079285,0.24629217386245728,0.046342428773641586,0.011086199432611465,0.021929729729890823,0.012488040141761303,0.03584437444806099,0.058602023869752884,0.043981876224279404,0.03240733966231346,0.04734322428703308
101,3.3666666666666667,,,,insightface_bbox,0.6548581123352051,0.0,604.74609375,718.3134765625,2455.133056640625,0,0,1,0,0,0,0,0,0,0,0,0,0.0427786260843277,0.031547971069812775,0.23738917708396912,0.04481001943349838,0.011005931533873081,0.021420251578092575,0.012409862130880356,0.035524267703294754,0.05792928487062454,0.043324124068021774,0.03072275221347809,0.04613649845123291
102,3.4,,,,insightface_bbox,0.6593474745750427,0.0,649.204833984375,713.8223876953125,2328.318359375,0,0,1,0,0,0,0,0,0,0,0,0,0.04358898848295212,0.0303031038492918,0.268665075302124,0.0394708625972271,0.010630358010530472,0.020628158003091812,0.012866059318184853,0.0375828817486763,0.06658465415239334,0.04942925646901131,0.029599031433463097,0.04904285445809364
103,3.433333333333333,,,,insightface_bbox,0.6593474745750427,0.0,649.204833984375,713.8223876953125,2328.318359375,0,0,1,0,0,0,0,0,0,0,0,0,0.04581281915307045,0.03191932290792465,0.28814980387687683,0.04368971660733223,0.011411674320697784,0.022088661789894104,0.013729059137403965,0.038917891681194305,0.06763047724962234,0.05077509209513664,0.035744138062000275,0.05386850982904434
104,3.466666666666667,,,,insightface_bbox,0.6593474745750427,0.0,649.204833984375,713.8223876953125,2328.318359375,0,0,1,0,0,0,0,0,0,0,0,0,0.048752643167972565,0.03458080440759659,0.30151814222335815,0.04971231520175934,0.011681724339723587,0.022596409544348717,0.013463474810123444,0.03901059925556183,0.06645739823579788,0.05121329426765442,0.03742663189768791,0.055221956223249435
105,3.5,,,,insightface_bbox,0.6593474745750427,0.0,649.204833984375,713.8223876953125,2328.318359375,0,0,1,0,0,0,0,0,0,0,0,0,0.04895174875855446,0.0348525308072567,0.2822677493095398,0.049135588109493256,0.011420213617384434,0.0227274838835001,0.012882150709629059,0.04070378094911575,0.06982167810201645,0.05408535152673721,0.04014790803194046,0.05980529263615608
106,3.533333333333333,,,,insightface_bbox,0.6593474745750427,0.0,649.204833984375,713.8223876953125,2328.318359375,0,0,1,0,0,0,0,0,0,0,0,0,0.04787256568670273,0.03453163057565689,0.27371537685394287,0.04614798724651337,0.011424697004258633,0.023931603878736496,0.01378011517226696,0.0417775884270668,0.07307034730911255,0.0558764785528183,0.04740966111421585,0.06770151853561401
107,3.566666666666667,,,,insightface_bbox,0.6593474745750427,0.0,649.204833984375,713.8223876953125,2328.318359375,0,0,1,0,0,0,0,0,0,0,0,0,0.04884079471230507,0.036589253693819046,0.30290642380714417,0.04911670833826065,0.012158062309026718,0.026088112965226173,0.015235836617648602,0.0457020178437233,0.07609010487794876,0.0573253408074379,0.06112571060657501,0.07769879698753357
108,3.6,,,,insightface_bbox,0.6678894758224487,0.0,615.6890869140625,717.895263671875,2436.49365234375,0,0,1,0,0,0,0,0,0,0,0,0,0.04854350909590721,0.03576717898249626,0.2671271860599518,0.05027233809232712,0.01220187358558178,0.0265972837805748,0.016049623489379883,0.04698680341243744,0.077336385846138,0.05930241942405701,0.05515739321708679,0.07418368011713028
109,3.6333333333333333,,,,insightface_bbox,0.6678894758224487,0.0,615.6890869140625,717.895263671875,2436.49365234375,0,0,1,0,0,0,0,0,0,0,0,0,0.04933862388134003,0.03570101410150528,0.28427988290786743,0.04965320602059364,0.011884844861924648,0.026045680046081543,0.014812059700489044,0.04509764164686203,0.07666836678981781,0.058437034487724304,0.053872060030698776,0.07189207524061203
110,3.6666666666666665,,,,insightface_bbox,0.6678894758224487,0.0,615.6890869140625,717.895263671875,2436.49365234375,0,0,1,0,0,0,0,0,0,0,0,0,0.050626177340745926,0.03580653667449951,0.2815035581588745,0.0508633628487587,0.01196290459483862,0.02549337036907673,0.014027669094502926,0.04403764009475708,0.07397747784852982,0.05761274695396423,0.04722742363810539,0.06614905595779419
111,3.7,,,,insightface_bbox,0.6678894758224487,0.0,615.6890869140625,717.895263671875,2436.49365234375,0,0,1,0,0,0,0,0,0,0,0,0,0.049436841160058975,0.03490511700510979,0.28762131929397583,0.0494450144469738,0.011645407415926456,0.02449112758040428,0.013275539502501488,0.041782014071941376,0.07020239531993866,0.05566888302564621,0.04192206636071205,0.06123859062790871
112,3.7333333333333334,,,,insightface_bbox,0.6678894758224487,0.0,615.6890869140625,717.895263671875,2436.49365234375,0,0,1,0,0,0,0,0,0,0,0,0,0.049885716289281845,0.03515337407588959,0.2984955608844757,0.04999940097332001,0.011709182523190975,0.02478555217385292,0.013621699996292591,0.0419287234544754,0.06985890865325928,0.05552574619650841,0.04397434741258621,0.062106143683195114
113,3.7666666666666666,,,,insightface_bbox,0.6678894758224487,0.0,615.6890869140625,717.895263671875,2436.49365234375,0,0,1,0,0,0,0,0,0,0,0,0,0.05099949240684509,0.03593500331044197,0.298875093460083,0.05150947719812393,0.011951244436204433,0.025664370507001877,0.014245638623833656,0.04377131909132004,0.07386607676744461,0.05828153342008591,0.04921676218509674,0.06684233993291855
114,3.8,,,,insightface_bbox,0.64688640832901,0.0,636.8673095703125,714.0746459960938,2399.222412109375,0,0,1,0,0,0,0,0,0,0,0,0,0.0503426231443882,0.035989124327898026,0.26797378063201904,0.049904823303222656,0.012108946219086647,0.02540186047554016,0.014167524874210358,0.04450467973947525,0.07686647027730942,0.05871029943227768,0.04925147071480751,0.06946811079978943
115,3.8333333333333335,,,,insightface_bbox,0.64688640832901,0.0,636.8673095703125,714.0746459960938,2399.222412109375,0,0,1,0,0,0,0,0,0,0,0,0,0.04868408665060997,0.03516148030757904,0.25969478487968445,0.04744510352611542,0.012167533859610558,0.025186555460095406,0.01400016713887453,0.04428800195455551,0.07482542097568512,0.05703116953372955,0.046789661049842834,0.0667995885014534
116,3.8666666666666667,,,,insightface_bbox,0.64688640832901,0.0,636.8673095703125,714.0746459960938,2399.222412109375,0,0,1,0,0,0,0,0,0,0,0,0,0.050082698464393616,0.03567725792527199,0.2730540931224823,0.048194266855716705,0.012103129178285599,0.02543172799050808,0.014094333164393902,0.04419265687465668,0.07501466572284698,0.05743357539176941,0.04702943563461304,0.06786585599184036
117,3.9,,,,insightface_bbox,0.64688640832901,0.0,636.8673095703125,714.0746459960938,2399.222412109375,0,0,1,0,0,0,0,0,0,0,0,0,0.050051309168338776,0.03567418456077576,0.2703138291835785,0.04941640421748161,0.0122334323823452,0.025268549099564552,0.01423594355583191,0.04527946561574936,0.07569798827171326,0.05921067297458649,0.04533769562840462,0.0669097974896431
118,3.933333333333333,,,,insightface_bbox,0.64688640832901,0.0,636.8673095703125,714.0746459960938,2399.222412109375,0,0,1,0,0,0,0,0,0,0,0,0,0.050808437168598175,0.036077383905649185,0.27203369140625,0.04986029118299484,0.012068578973412514,0.025143882259726524,0.014074229635298252,0.04435126110911369,0.0750512108206749,0.05865471437573433,0.045238129794597626,0.06698362529277802
119,3.966666666666667,,,,insightface_bbox,0.64688640832901,0.0,636.8673095703125,714.0746459960938,2399.222412109375,0,0,1,0,0,0,0,0,0,0,0,0,0.0509973019361496,0.036560915410518646,0.27786916494369507,0.050719261169433594,0.01223539374768734,0.02569204568862915,0.014349281787872314,0.044767241925001144,0.07426471263170242,0.0578036867082119,0.048657696694135666,0.0687088593840599
120,4.0,,,,insightface_bbox,0.6662732362747192,0.0,632.458984375,718.2791748046875,2417.5771484375,0,0,1,0,0,0,0,0,0,0,0,0,0.05139120668172836,0.036565497517585754,0.2554434835910797,0.04930146411061287,0.01236116886138916,0.025734398514032364,0.014673816040158272,0.04590553045272827,0.07470124214887619,0.05875018239021301,0.045307502150535583,0.06780844926834106
121,4.033333333333333,,,,insightface_bbox,0.6662732362747192,0.0,632.458984375,718.2791748046875,2417.5771484375,0,0,1,0,0,0,0,0,0,0,0,0,0.050408538430929184,0.035698745399713516,0.26383596658706665,0.048396997153759,0.012186260893940926,0.025865156203508377,0.014479379169642925,0.04533013701438904,0.07481648772954941,0.05750606954097748,0.04969555884599686,0.07031317055225372
122,4.066666666666666,,,,insightface_bbox,0.6662732362747192,0.0,632.458984375,718.2791748046875,2417.5771484375,0,0,1,0,0,0,0,0,0,0,0,0,0.04799360781908035,0.03432618826627731,0.26581135392189026,0.04470882564783096,0.012124622240662575,0.026207881048321724,0.01503756269812584,0.045675184577703476,0.07577987760305405,0.05645231902599335,0.05237903073430061,0.0697028711438179
123,4.1,,,,insightface_bbox,0.6662732362747192,0.0,632.458984375,718.2791748046875,2417.5771484375,0,0,1,0,0,0,0,0,0,0,0,0,0.05074506998062134,0.037951286882162094,0.3097206950187683,0.051725201308727264,0.013476816937327385,0.029616016894578934,0.017881467938423157,0.0520380362868309,0.08074428886175156,0.058946046978235245,0.06882217526435852,0.08220251649618149
124,4.133333333333334,,,,insightface_bbox,0.6662732362747192,0.0,632.458984375,718.2791748046875,2417.5771484375,0,0,1,0,0,0,0,0,0,0,0,0,0.05148325487971306,0.03839486837387085,0.30478259921073914,0.05224046856164932,0.013733472675085068,0.030014704912900925,0.0181609857827425,0.051114410161972046,0.080532506108284,0.058733321726322174,0.06907664239406586,0.08199474215507507
125,4.166666666666667,,,,insightface_bbox,0.6662732362747192,0.0,632.458984375,718.2791748046875,2417.5771484375,0,0,1,0,0,0,0,0,0,0,0,0,0.05350187048316002,0.03981572017073631,0.3119077682495117,0.05630631372332573,0.014008731581270695,0.030804907903075218,0.019009282812476158,0.05395730957388878,0.0833737775683403,0.06174243986606598,0.07250000536441803,0.08577927947044373
126,4.2,,,,insightface_bbox,0.6188448071479797,0.0,608.6724853515625,739.7431030273438,2480.32763671875,0,0,1,0,0,0,0,0,0,0,0,0,0.05060569941997528,0.03962695226073265,0.31614941358566284,0.05974758416414261,0.012610401958227158,0.029275396838784218,0.01791534759104252,0.04302157089114189,0.07062973082065582,0.055855218321084976,0.06706689298152924,0.07546922564506531
127,4.233333333333333,,,,insightface_bbox,0.6188448071479797,0.0,608.6724853515625,739.7431030273438,2480.32763671875,0,0,1,0,0,0,0,0,0,0,0,0,0.051024630665779114,0.04041139781475067,0.28137513995170593,0.06255798786878586,0.012443101964890957,0.028046684339642525,0.017310116440057755,0.04273146763443947,0.06992848217487335,0.055420488119125366,0.06210945174098015,0.07475820928812027
128,4.266666666666667,,,,insightface_bbox,0.6188448071479797,0.0,608.6724853515625,739.7431030273438,2480.32763671875,0,0,1,0,0,0,0,0,0,0,0,0,0.05090474709868431,0.03918193280696869,0.26608726382255554,0.0614466592669487,0.012099537998437881,0.027066750451922417,0.016090061515569687,0.04138164222240448,0.07011475414037704,0.054776255041360855,0.05533955618739128,0.06936325877904892
129,4.3,,,,insightface_bbox,0.6188448071479797,0.0,608.6724853515625,739.7431030273438,2480.32763671875,0,0,1,0,0,0,0,0,0,0,0,0,0.0503617562353611,0.038953181356191635,0.2702820897102356,0.06006934121251106,0.011824099346995354,0.026740454137325287,0.01622503437101841,0.041012585163116455,0.06868297606706619,0.05315747484564781,0.05442727357149124,0.06818671524524689
130,4.333333333333333,,,,insightface_bbox,0.6188448071479797,0.0,608.6724853515625,739.7431030273438,2480.32763671875,0,0,1,0,0,0,0,0,0,0,0,0,0.052203111350536346,0.04171183705329895,0.2762136161327362,0.06556163728237152,0.012280680239200592,0.02816198021173477,0.016887202858924866,0.043123744428157806,0.07046692073345184,0.05539665371179581,0.06084773316979408,0.07358770072460175
131,4.366666666666666,,,,insightface_bbox,0.6188448071479797,0.0,608.6724853515625,739.7431030273438,2480.32763671875,0,0,1,0,0,0,0,0,0,0,0,0,0.05111661180853844,0.04084644839167595,0.28291383385658264,0.06252744048833847,0.013048000633716583,0.02967124991118908,0.017508065328001976,0.04533831775188446,0.07295919209718704,0.058019205927848816,0.06378650665283203,0.07524183392524719
132,4.4,,,,insightface_bbox,0.653506338596344,0.0,641.077392578125,717.2046508789062,2412.87841796875,0,0,1,0,0,0,0,0,0,0,0,0,0.04895582050085068,0.03634475916624069,0.29554617404937744,0.04898589849472046,0.01336739957332611,0.029978381469845772,0.016475504264235497,0.051115743815898895,0.08334185183048248,0.0594966821372509,0.07205095887184143,0.07910133898258209
133,4.433333333333334,,,,insightface_bbox,0.653506338596344,0.0,641.077392578125,717.2046508789062,2412.87841796875,0,0,1,0,0,0,0,0,0,0,0,0,0.051584113389253616,0.03801552578806877,0.31678688526153564,0.05146404355764389,0.01398109458386898,0.0312691293656826,0.017703985795378685,0.05322575569152832,0.08399015665054321,0.06097106635570526,0.07706452161073685,0.08435793220996857
134,4.466666666666667,,,,insightface_bbox,0.653506338596344,0.0,641.077392578125,717.2046508789062,2412.87841796875,0,0,1,0,0,0,0,0,0,0,0,0,0.0520508773624897,0.03811383992433548,0.3041650652885437,0.05082685872912407,0.014157168567180634,0.031179290264844894,0.01836990751326084,0.05468916520476341,0.0843927338719368,0.062366507947444916,0.07490386813879013,0.08488141745328903
135,4.5,,,,insightface_bbox,0.653506338596344,0.0,641.077392578125,717.2046508789062,2412.87841796875,0,0,1,0,0,0,0,0,0,0,0,0,0.05129091814160347,0.037452396005392075,0.29263046383857727,0.05053740367293358,0.013722192496061325,0.030150271952152252,0.017575697973370552,0.05337614566087723,0.08279953896999359,0.061874356120824814,0.07120873034000397,0.08308689296245575
136,4.533333333333333,,,,insightface_bbox,0.653506338596344,0.0,641.077392578125,717.2046508789062,2412.87841796875,0,0,1,0,0,0,0,0,0,0,0,0,0.049289897084236145,0.03637539595365524,0.2891066372394562,0.04853234067559242,0.013378109782934189,0.029256530106067657,0.017014097422361374,0.050498560070991516,0.07860232144594193,0.05865726247429848,0.0682152584195137,0.08039679378271103
137,4.566666666666666,,,,insightface_bbox,0.653506338596344,0.0,641.077392578125,717.2046508789062,2412.87841796875,0,0,1,0,0,0,0,0,0,0,0,0,0.04812926426529884,0.03525959700345993,0.28459563851356506,0.04607087001204491,0.013283510692417622,0.02910739928483963,0.017120596021413803,0.05110872536897659,0.07924260199069977,0.05903872102499008,0.06816324591636658,0.07974107563495636
138,4.6,,,,insightface_bbox,0.6231657862663269,0.0,633.2857055664062,730.33056640625,2429.94970703125,0,0,1,0,0,0,0,0,0,0,0,0,0.04731528460979462,0.035055942833423615,0.2617519497871399,0.04693533852696419,0.012839059345424175,0.02763611264526844,0.017038224264979362,0.04366244375705719,0.07170722633600235,0.05503254383802414,0.056685056537389755,0.06974664330482483
139,4.633333333333334,,,,insightface_bbox,0.6231657862663269,0.0,633.2857055664062,730.33056640625,2429.94970703125,0,0,1,0,0,0,0,0,0,0,0,0,0.049008823931217194,0.03629390522837639,0.2658013701438904,0.04948125779628754,0.013077814131975174,0.028388172388076782,0.017509711906313896,0.04504751041531563,0.07226887345314026,0.05629187449812889,0.057588741183280945,0.07161958515644073
140,4.666666666666667,,,,insightface_bbox,0.6231657862663269,0.0,633.2857055664062,730.33056640625,2429.94970703125,0,0,1,0,0,0,0,0,0,0,0,0,0.046915147453546524,0.03475187346339226,0.26181700825691223,0.045918505638837814,0.013353201560676098,0.027575084939599037,0.01759808510541916,0.04597585275769234,0.07097037136554718,0.05628826469182968,0.054223109036684036,0.06940349191427231
141,4.7,,,,insightface_bbox,0.6231657862663269,0.0,633.2857055664062,730.33056640625,2429.94970703125,0,0,1,0,0,0,0,0,0,0,0,0,0.05027923732995987,0.03754865750670433,0.2842780649662018,0.05249108374118805,0.013413633219897747,0.02863992005586624,0.018131207674741745,0.044841837137937546,0.06957768648862839,0.055205605924129486,0.05680318549275398,0.07111798226833344
142,4.733333333333333,,,,insightface_bbox,0.6231657862663269,0.0,633.2857055664062,730.33056640625,2429.94970703125,0,0,1,0,0,0,0,0,0,0,0,0,0.0531117282807827,0.04022601619362831,0.3025222420692444,0.058791615068912506,0.013988708145916462,0.0310869961977005,0.020120499655604362,0.04749123752117157,0.0743308886885643,0.05836445465683937,0.06975254416465759,0.08282560110092163
143,4.766666666666667,,,,insightface_bbox,0.6231657862663269,0.0,633.2857055664062,730.33056640625,2429.94970703125,0,0,1,0,0,0,0,0,0,0,0,0,0.05384993180632591,0.04050857946276665,0.29906803369522095,0.05909213423728943,0.01376422680914402,0.030428653582930565,0.019234005361795425,0.04763028025627136,0.07625585049390793,0.05799495056271553,0.06878185272216797,0.08176695555448532
144,4.8,,,,insightface_bbox,0.6408824324607849,0.0,634.2636108398438,704.6465454101562,2413.368896484375,0,0,1,0,0,0,0,0,0,0,0,0,0.054175738245248795,0.04134703800082207,0.2946113348007202,0.06091885268688202,0.014159315265715122,0.030572528019547462,0.01977936550974846,0.047436945140361786,0.0740659087896347,0.058693233877420425,0.06493592262268066,0.08067317306995392
145,4.833333333333333,,,,insightface_bbox,0.6408824324607849,0.0,634.2636108398438,704.6465454101562,2413.368896484375,0,0,1,0,0,0,0,0,0,0,0,0,0.05377614498138428,0.04002551734447479,0.26963672041893005,0.0577632412314415,0.013757598586380482,0.029082462191581726,0.01894720457494259,0.04785052686929703,0.07319676876068115,0.05897621810436249,0.0557892844080925,0.07476861774921417
146,4.866666666666666,,,,insightface_bbox,0.6408824324607849,0.0,634.2636108398438,704.6465454101562,2413.368896484375,0,0,1,0,0,0,0,0,0,0,0,0,0.05410416051745415,0.04030768573284149,0.2808239758014679,0.05794069170951843,0.013661152683198452,0.02972792647778988,0.01922597736120224,0.04685880243778229,0.07376634329557419,0.0583307147026062,0.058568209409713745,0.07554247975349426
147,4.9,,,,insightface_bbox,0.6408824324607849,0.0,634.2636108398438,704.6465454101562,2413.368896484375,0,0,1,0,0,0,0,0,0,0,0,0,0.055330343544483185,0.04121744632720947,0.2990878224372864,0.05866469442844391,0.01400899887084961,0.031074993312358856,0.02038690447807312,0.04767029732465744,0.07595944404602051,0.059900712221860886,0.06498701125383377,0.08041583746671677
148,4.933333333333334,,,,insightface_bbox,0.6408824324607849,0.0,634.2636108398438,704.6465454101562,2413.368896484375,0,0,1,0,0,0,0,0,0,0,0,0,0.055951666086912155,0.04151863604784012,0.30992960929870605,0.05872826278209686,0.013988455757498741,0.031156811863183975,0.02007337100803852,0.047423526644706726,0.0755481868982315,0.059720009565353394,0.06608328223228455,0.080345019698143
149,4.966666666666667,,,,insightface_bbox,0.6408824324607849,0.0,634.2636108398438,704.6465454101562,2413.368896484375,0,0,1,0,0,0,0,0,0,0,0,0,0.055231913924217224,0.0408300906419754,0.2952951490879059,0.05740553140640259,0.014063157141208649,0.03074083849787712,0.019998149946331978,0.04805406928062439,0.07466616481542587,0.05981050431728363,0.06208164244890213,0.07784577459096909
150,5.0,,,,insightface_bbox,0.6349356770515442,0.0,622.1310424804688,718.6783447265625,2389.340087890625,0,0,1,0,0,0,0,0,0,0,0,0,0.05115288496017456,0.036604467779397964,0.2456032633781433,0.04999605566263199,0.012460141442716122,0.02673417516052723,0.016434321179986,0.04389654099941254,0.07079943269491196,0.05553818866610527,0.04759689420461655,0.06523429602384567
151,5.033333333333333,,,,insightface_bbox,0.6349356770515442,0.0,622.1310424804688,718.6783447265625,2389.340087890625,0,0,1,0,0,0,0,0,0,0,0,0,0.05266115814447403,0.03687582165002823,0.2596883773803711,0.05084051191806793,0.0123451454564929,0.027096610516309738,0.016893640160560608,0.04390807822346687,0.07157233357429504,0.05679544433951378,0.04629632458090782,0.0657627210021019
152,5.066666666666666,,,,insightface_bbox,0.6349356770515442,0.0,622.1310424804688,718.6783447265625,2389.340087890625,0,0,1,0,0,0,0,0,0,0,0,0,0.05241040140390396,0.036590345203876495,0.2715122103691101,0.050062987953424454,0.012332497164607048,0.02724544145166874,0.016737625002861023,0.043589066714048386,0.07129878550767899,0.056099116802215576,0.04871191084384918,0.06646277755498886
153,5.1,,,,insightface_bbox,0.6349356770515442,0.0,622.1310424804688,718.6783447265625,2389.340087890625,0,0,1,0,0,0,0,0,0,0,0,0,0.05269736796617508,0.037369463592767715,0.2805856168270111,0.051599666476249695,0.012807916849851608,0.028382636606693268,0.01777254231274128,0.04476696625351906,0.07309352606534958,0.057306770235300064,0.05480992794036865,0.0706050917506218
154,5.133333333333334,,,,insightface_bbox,0.6349356770515442,0.0,622.1310424804688,718.6783447265625,2389.340087890625,0,0,1,0,0,0,0,0,0,0,0,0,0.05352029576897621,0.03991173580288887,0.28936177492141724,0.057974379509687424,0.013037306256592274,0.029812565073370934,0.017963437363505363,0.04480434209108353,0.0733804851770401,0.056182947009801865,0.06594511866569519,0.07894136011600494
155,5.166666666666667,,,,insightface_bbox,0.6349356770515442,0.0,622.1310424804688,718.6783447265625,2389.340087890625,0,0,1,0,0,0,0,0,0,0,0,0,0.05406961590051651,0.040934495627880096,0.30156832933425903,0.06014767289161682,0.013302386738359928,0.03073425590991974,0.01841280236840248,0.04439513757824898,0.07219141721725464,0.05481148138642311,0.07409355044364929,0.08398979902267456
156,5.2,,,,insightface_bbox,0.6153521537780762,0.0,623.6182250976562,733.7843017578125,2455.53369140625,0,0,1,0,0,0,0,0,0,0,0,0,0.05478866025805473,0.04280686751008034,0.2966799736022949,0.06837039440870285,0.013707604259252548,0.03146371617913246,0.018238477408885956,0.046109192073345184,0.07443420588970184,0.05631759762763977,0.06715688109397888,0.08237950503826141
157,5.233333333333333,,,,insightface_bbox,0.6153521537780762,0.0,623.6182250976562,733.7843017578125,2455.53369140625,0,0,1,0,0,0,0,0,0,0,0,0,0.053999729454517365,0.04220954701304436,0.30302029848098755,0.06751763820648193,0.013874922879040241,0.03277035057544708,0.019555075094103813,0.04799720644950867,0.07585050910711288,0.058045294135808945,0.07059367746114731,0.08219075202941895
158,5.266666666666667,,,,insightface_bbox,0.6153521537780762,0.0,623.6182250976562,733.7843017578125,2455.53369140625,0,0,1,0,0,0,0,0,0,0,0,0,0.05242030322551727,0.04126185551285744,0.27409079670906067,0.06716073304414749,0.01381783839315176,0.03142834082245827,0.019174493849277496,0.048241108655929565,0.0747145488858223,0.058710746467113495,0.07166285067796707,0.08036971092224121
159,5.3,,,,insightface_bbox,0.6153521537780762,0.0,623.6182250976562,733.7843017578125,2455.53369140625,0,0,1,0,0,0,0,0,0,0,0,0,0.05214773863554001,0.039769336581230164,0.2410135418176651,0.06416487693786621,0.013099607080221176,0.029529564082622528,0.01790260151028633,0.04585415497422218,0.0736825168132782,0.05865316838026047,0.061634764075279236,0.0716191753745079
160,5.333333333333333,,,,insightface_bbox,0.6153521537780762,0.0,623.6182250976562,733.7843017578125,2455.53369140625,0,0,1,0,0,0,0,0,0,0,0,0,0.05295462906360626,0.04051441699266434,0.23848377168178558,0.0653604120016098,0.012904330156743526,0.029053371399641037,0.017630314454436302,0.045853033661842346,0.07401029765605927,0.059263959527015686,0.06037987023591995,0.07132114470005035
161,5.366666666666666,,,,insightface_bbox,0.6153521537780762,0.0,623.6182250976562,733.7843017578125,2455.53369140625,0,0,1,0,0,0,0,0,0,0,0,0,0.05492515489459038,0.04278115555644035,0.26593858003616333,0.06829746812582016,0.013215910643339157,0.030552394688129425,0.01882803440093994,0.04856737330555916,0.07529474794864655,0.06048382818698883,0.06735362857580185,0.07932252436876297
162,5.4,,,,insightface_bbox,0.64707350730896,0.0,645.0090942382812,717.0244750976562,2405.34326171875,0,0,1,0,0,0,0,0,0,0,0,0,0.05241796746850014,0.03696715086698532,0.2861160635948181,0.04961210861802101,0.013274706900119781,0.029419800266623497,0.018859686329960823,0.04984087496995926,0.07835593819618225,0.0594417080283165,0.06445842236280441,0.07644955813884735
163,5.433333333333334,,,,insightface_bbox,0.64707350730896,0.0,645.0090942382812,717.0244750976562,2405.34326171875,0,0,1,0,0,0,0,0,0,0,0,0,0.05342625081539154,0.037623755633831024,0.30957847833633423,0.049985479563474655,0.01329713687300682,0.02977008745074272,0.019551444798707962,0.05016420781612396,0.0784919410943985,0.060003530234098434,0.06419094651937485,0.07662148028612137
164,5.466666666666667,,,,insightface_bbox,0.64707350730896,0.0,645.0090942382812,717.0244750976562,2405.34326171875,0,0,1,0,0,0,0,0,0,0,0,0,0.05107187479734421,0.03432339429855347,0.2713339328765869,0.044967327266931534,0.012422565370798111,0.027772609144449234,0.01671750470995903,0.047782327979803085,0.07774589955806732,0.05950399488210678,0.053644146770238876,0.07061930000782013
165,5.5,,,,insightface_bbox,0.64707350730896,0.0,645.0090942382812,717.0244750976562,2405.34326171875,0,0,1,0,0,0,0,0,0,0,0,0,0.052139125764369965,0.03490329533815384,0.26586341857910156,0.04860096052289009,0.012267298996448517,0.02726876176893711,0.016417723149061203,0.047447364777326584,0.07854316383600235,0.06061061471700668,0.04986219480633736,0.06915593892335892
166,5.533333333333333,,,,insightface_bbox,0.64707350730896,0.0,645.0090942382812,717.0244750976562,2405.34326171875,0,0,1,0,0,0,0,0,0,0,0,0,0.05082990601658821,0.03416500240564346,0.2693883776664734,0.048238370567560196,0.011599721387028694,0.02555999904870987,0.015107403509318829,0.04463031888008118,0.07369124889373779,0.05751338228583336,0.044957660138607025,0.06364283710718155
167,5.566666666666666,,,,insightface_bbox,0.64707350730896,0.0,645.0090942382812,717.0244750976562,2405.34326171875,0,0,1,0,0,0,0,0,0,0,0,0,0.05005393549799919,0.03331213817000389,0.2696685791015625,0.047028057277202606,0.011194765567779541,0.02465212717652321,0.014185556210577488,0.042743269354104996,0.07287608087062836,0.0568489171564579,0.041768305003643036,0.061098936945199966
168,5.6,,,,insightface_bbox,0.6646977066993713,0.0,646.174072265625,718.6490478515625,2379.242919921875,0,0,1,0,0,0,0,0,0,0,0,0,0.05067716911435127,0.03358526527881622,0.2679920196533203,0.047431882470846176,0.010835613124072552,0.024316735565662384,0.01375632919371128,0.040723033249378204,0.06981019675731659,0.05681012198328972,0.037841569632291794,0.05888480320572853
169,5.633333333333334,,,,insightface_bbox,0.6646977066993713,0.0,646.174072265625,718.6490478515625,2379.242919921875,0,0,1,0,0,0,0,0,0,0,0,0,0.048329442739486694,0.03222403675317764,0.2529589533805847,0.045587413012981415,0.010761676356196404,0.024127716198563576,0.013660874217748642,0.040462199598550797,0.06965353339910507,0.056586187332868576,0.0383467897772789,0.058035995811223984
170,5.666666666666667,,,,insightface_bbox,0.6646977066993713,0.0,646.174072265625,718.6490478515625,2379.242919921875,0,0,1,0,0,0,0,0,0,0,0,0,0.0484127476811409,0.032651856541633606,0.2517282962799072,0.045579466968774796,0.010857651010155678,0.024305522441864014,0.014091698452830315,0.04019777476787567,0.06915486603975296,0.05601998046040535,0.03844895213842392,0.058093711733818054
171,5.7,,,,insightface_bbox,0.6646977066993713,0.0,646.174072265625,718.6490478515625,2379.242919921875,0,0,1,0,0,0,0,0,0,0,0,0,0.04899057745933533,0.03292324021458626,0.261824369430542,0.04720708355307579,0.011020729318261147,0.025363828986883163,0.014676161110401154,0.04093451425433159,0.06991102546453476,0.05675987899303436,0.04202017933130264,0.060170482844114304
172,5.733333333333333,,,,insightface_bbox,0.6646977066993713,0.0,646.174072265625,718.6490478515625,2379.242919921875,0,0,1,0,0,0,0,0,0,0,0,0,0.050773847848176956,0.03411561995744705,0.27710339426994324,0.05134967714548111,0.01122788991779089,0.026679152622818947,0.015991508960723877,0.04190076142549515,0.07029420882463455,0.05741122364997864,0.042749859392642975,0.06023026630282402
173,5.766666666666667,,,,insightface_bbox,0.6646977066993713,0.0,646.174072265625,718.6490478515625,2379.242919921875,0,0,1,0,0,0,0,0,0,0,0,0,0.05027110129594803,0.03383291885256767,0.28450512886047363,0.0507783517241478,0.011923056095838547,0.02781154215335846,0.01840890944004059,0.045221392065286636,0.07152581959962845,0.05929794907569885,0.04271755367517471,0.05942950025200844
174,5.8,,,,insightface_bbox,0.6602699756622314,0.0,626.93701171875,714.295654296875,2392.757080078125,0,0,1,0,0,0,0,0,0,0,0,0,0.05268857255578041,0.0333871990442276,0.31976786255836487,0.04651247709989548,0.012225694954395294,0.02804134041070938,0.01744537428021431,0.04907776042819023,0.08179277181625366,0.060463715344667435,0.05035771429538727,0.05931365489959717
175,5.833333333333333,,,,insightface_bbox,0.6602699756622314,0.0,626.93701171875,714.295654296875,2392.757080078125,0,0,1,0,0,0,0,0,0,0,0,0,0.05094543844461441,0.03249245882034302,0.31070488691329956,0.04447504132986069,0.011692304164171219,0.02695099264383316,0.01694096066057682,0.049455009400844574,0.08067676424980164,0.05868236720561981,0.044886209070682526,0.05654700845479965
176,5.866666666666666,,,,insightface_bbox,0.6602699756622314,0.0,626.93701171875,714.295654296875,2392.757080078125,0,0,1,0,0,0,0,0,0,0,0,0,0.05073563754558563,0.032133664935827255,0.310047447681427,0.04347986727952957,0.01156056858599186,0.026735587045550346,0.016884393990039825,0.048235729336738586,0.07969281822443008,0.05778006836771965,0.044114407151937485,0.056995585560798645
177,5.9,,,,insightface_bbox,0.6602699756622314,0.0,626.93701171875,714.295654296875,2392.757080078125,0,0,1,0,0,0,0,0,0,0,0,0,0.05255415290594101,0.03355594351887703,0.3430210053920746,0.04622228071093559,0.011745147407054901,0.02705814130604267,0.016400370746850967,0.045343972742557526,0.07978111505508423,0.05768822878599167,0.04926760494709015,0.06040593236684799
178,5.933333333333334,,,,insightface_bbox,0.6602699756622314,0.0,626.93701171875,714.295654296875,2392.757080078125,0,0,1,0,0,0,0,0,0,0,0,0,0.05519790202379227,0.03576136752963066,0.3607587516307831,0.049992635846138,0.012250784784555435,0.027608631178736687,0.016295548528432846,0.04566103219985962,0.08084958791732788,0.059192314743995667,0.05304554104804993,0.0637688860297203
179,5.966666666666667,,,,insightface_bbox,0.6602699756622314,0.0,626.93701171875,714.295654296875,2392.757080078125,0,0,1,0,0,0,0,0,0,0,0,0,0.05402064323425293,0.03494063392281532,0.3511981964111328,0.04763426631689072,0.011762464419007301,0.026819556951522827,0.014990895986557007,0.04313240945339203,0.07785031199455261,0.05675690621137619,0.051277242600917816,0.06145233288407326
180,6.0,,,,insightface_bbox,0.6417173147201538,0.0,650.0931396484375,707.5377807617188,2350.78955078125,0,0,1,0,0,0,0,0,0,0,0,0,0.04796603322029114,0.032095491886138916,0.2609291076660156,0.046209901571273804,0.010890385136008263,0.024046387523412704,0.013785705901682377,0.04089001193642616,0.06923380494117737,0.05416352301836014,0.03409523889422417,0.05628839507699013
181,6.033333333333333,,,,insightface_bbox,0.6417173147201538,0.0,650.0931396484375,707.5377807617188,2350.78955078125,0,0,1,0,0,0,0,0,0,0,0,0,0.048638686537742615,0.03246686980128288,0.24675829708576202,0.04785960912704468,0.011253366246819496,0.024609843268990517,0.014308242127299309,0.04207761958241463,0.07140301913022995,0.0576246939599514,0.03656705841422081,0.059424370527267456
182,6.066666666666666,,,,insightface_bbox,0.6417173147201538,0.0,650.0931396484375,707.5377807617188,2350.78955078125,0,0,1,0,0,0,0,0,0,0,0,0,0.04920688271522522,0.03271982818841934,0.24460123479366302,0.04719272628426552,0.011618029326200485,0.0250383373349905,0.01555221900343895,0.04203321412205696,0.07425836473703384,0.05840732902288437,0.03713616728782654,0.060220565646886826
183,6.1,,,,insightface_bbox,0.6417173147201538,0.0,650.0931396484375,707.5377807617188,2350.78955078125,0,0,1,0,0,0,0,0,0,0,0,0,0.05036681890487671,0.03374093770980835,0.26229676604270935,0.04934860020875931,0.012252544984221458,0.026426127180457115,0.016968192532658577,0.0435720756649971,0.07769336551427841,0.05994831770658493,0.04342762753367424,0.0644979476928711
184,6.133333333333334,,,,insightface_bbox,0.6417173147201538,0.0,650.0931396484375,707.5377807617188,2350.78955078125,0,0,1,0,0,0,0,0,0,0,0,0,0.04980237036943436,0.03262467309832573,0.2584364712238312,0.047588370740413666,0.012056534178555012,0.02563989721238613,0.01598389260470867,0.043516069650650024,0.07739780098199844,0.060404907912015915,0.03797861188650131,0.06153834983706474
185,6.166666666666667,,,,insightface_bbox,0.6417173147201538,0.0,650.0931396484375,707.5377807617188,2350.78955078125,0,0,1,0,0,0,0,0,0,0,0,0,0.04819922894239426,0.031137891113758087,0.24597159028053284,0.04525937885046005,0.011517075821757317,0.024469546973705292,0.014589780941605568,0.04160556197166443,0.07291436940431595,0.05796486511826515,0.03327595815062523,0.057392872869968414
186,6.2,,,,insightface_bbox,0.6106891632080078,0.0,608.706298828125,731.4129638671875,2388.241455078125,0,0,1,0,0,0,0,0,0,0,0,0,0.04388714209198952,0.03061474859714508,0.20824261009693146,0.04700709134340286,0.010972030460834503,0.023772763088345528,0.01294831745326519,0.038888365030288696,0.06785720586776733,0.04843566194176674,0.03425014764070511,0.04859389364719391
187,6.233333333333333,,,,insightface_bbox,0.6106891632080078,0.0,608.706298828125,731.4129638671875,2388.241455078125,0,0,1,0,0,0,0,0,0,0,0,0,0.043147869408130646,0.02966950461268425,0.20342975854873657,0.04354348033666611,0.01036112755537033,0.022800082340836525,0.011729798279702663,0.0360548309981823,0.06758102774620056,0.046733707189559937,0.03208262845873833,0.045367613434791565
188,6.266666666666667,,,,insightface_bbox,0.6106891632080078,0.0,608.706298828125,731.4129638671875,2388.241455078125,0,0,1,0,0,0,0,0,0,0,0,0,0.04375830665230751,0.030266620218753815,0.20412814617156982,0.045710571110248566,0.010300200432538986,0.02307181991636753,0.012064870446920395,0.0365319550037384,0.06782644242048264,0.047264937311410904,0.03304325044155121,0.04625760391354561
189,6.3,,,,insightface_bbox,0.6106891632080078,0.0,608.706298828125,731.4129638671875,2388.241455078125,0,0,1,0,0,0,0,0,0,0,0,0,0.04360197111964226,0.02998989261686802,0.20554108917713165,0.04431504011154175,0.010112171061336994,0.023313814774155617,0.012410474941134453,0.036596737802028656,0.06848615407943726,0.04785068333148956,0.033758535981178284,0.04688519611954689
190,6.333333333333333,,,,insightface_bbox,0.6106891632080078,0.0,608.706298828125,731.4129638671875,2388.241455078125,0,0,1,0,0,0,0,0,0,0,0,0,0.04359759762883186,0.030009213835000992,0.21441443264484406,0.0443795882165432,0.01010562852025032,0.02330956608057022,0.012577449902892113,0.03577926754951477,0.06837882101535797,0.04794243350625038,0.03348887711763382,0.047061987221241
191,6.366666666666666,,,,insightface_bbox,0.6106891632080078,0.0,608.706298828125,731.4129638671875,2388.241455078125,0,0,1,0,0,0,0,0,0,0,0,0,0.04486147686839104,0.030358344316482544,0.23407919704914093,0.0454116016626358,0.010225646197795868,0.0239704642444849,0.013187669217586517,0.03667885810136795,0.06960979104042053,0.04915617033839226,0.034266579896211624,0.04868151247501373
192,6.4,,,,insightface_bbox,0.6481854319572449,0.0,623.6587524414062,718.103515625,2421.07763671875,0,0,1,0,0,0,0,0,0,0,0,0,0.04855533689260483,0.03114420734345913,0.23841255903244019,0.04520481452345848,0.010579841211438179,0.02437678724527359,0.013910224661231041,0.0407583974301815,0.07383672893047333,0.05714893713593483,0.034913014620542526,0.055780477821826935
193,6.433333333333334,,,,insightface_bbox,0.6481854319572449,0.0,623.6587524414062,718.103515625,2421.07763671875,0,0,1,0,0,0,0,0,0,0,0,0,0.05074620246887207,0.03288229554891586,0.24359646439552307,0.04952458664774895,0.010893376544117928,0.025009427219629288,0.01513342559337616,0.04329892247915268,0.07570205628871918,0.05871257185935974,0.03791222721338272,0.0595102459192276
194,6.466666666666667,,,,insightface_bbox,0.6481854319572449,0.0,623.6587524414062,718.103515625,2421.07763671875,0,0,1,0,0,0,0,0,0,0,0,0,0.04971717298030853,0.03154716640710831,0.23529531061649323,0.04678884521126747,0.010221749544143677,0.023886820301413536,0.01442955993115902,0.041847534477710724,0.0757184773683548,0.056839216500520706,0.03522711992263794,0.05566951259970665
195,6.5,,,,insightface_bbox,0.6481854319572449,0.0,623.6587524414062,718.103515625,2421.07763671875,0,0,1,0,0,0,0,0,0,0,0,0,0.05216376483440399,0.032895930111408234,0.2603955864906311,0.04818316176533699,0.010195798240602016,0.02449268475174904,0.014591779559850693,0.04135679453611374,0.07682234048843384,0.057576775550842285,0.03700479120016098,0.058872900903224945
196,6.533333333333333,,,,insightface_bbox,0.6481854319572449,0.0,623.6587524414062,718.103515625,2421.07763671875,0,0,1,0,0,0,0,0,0,0,0,0,0.05048828572034836,0.03182511031627655,0.24904552102088928,0.04592487961053848,0.009791694581508636,0.02345294877886772,0.014045890420675278,0.04020554944872856,0.07589363306760788,0.05612412467598915,0.03475911170244217,0.05639703944325447
197,6.566666666666666,,,,insightface_bbox,0.6481854319572449,0.0,623.6587524414062,718.103515625,2421.07763671875,0,0,1,0,0,0,0,0,0,0,0,0,0.05233323201537132,0.03291405364871025,0.26561668515205383,0.04856572300195694,0.01026754081249237,0.02443096786737442,0.014468561857938766,0.04006451368331909,0.07645967602729797,0.05762604624032974,0.03530918061733246,0.05761665105819702
198,6.6,,,,insightface_bbox,0.6244956851005554,0.0,616.9540405273438,728.7970581054688,2405.1533203125,0,0,1,0,0,0,0,0,0,0,0,0,0.05391889065504074,0.038080181926488876,0.24264422059059143,0.062403760850429535,0.011139679700136185,0.025730954483151436,0.01405422668904066,0.03770052641630173,0.06600025296211243,0.05030233412981033,0.04104365035891533,0.0583464689552784
199,6.633333333333334,,,,insightface_bbox,0.6244956851005554,0.0,616.9540405273438,728.7970581054688,2405.1533203125,0,0,1,0,0,0,0,0,0,0,0,0,0.0578015074133873,0.04053161293268204,0.25642597675323486,0.06766173243522644,0.011392858810722828,0.02653047814965248,0.015297051519155502,0.039206575602293015,0.06815048307180405,0.052609775215387344,0.0439276322722435,0.0629381388425827
200,6.666666666666667,,,,insightface_bbox,0.6244956851005554,0.0,616.9540405273438,728.7970581054688,2405.1533203125,0,0,1,0,0,0,0,0,0,0,0,0,0.056592781096696854,0.04002491012215614,0.24875237047672272,0.0672243982553482,0.011295242235064507,0.025777893140912056,0.01442912220954895,0.038288768380880356,0.06736459583044052,0.05179606005549431,0.04171901196241379,0.06112983077764511
201,6.7,,,,insightface_bbox,0.6244956851005554,0.0,616.9540405273438,728.7970581054688,2405.1533203125,0,0,1,0,0,0,0,0,0,0,0,0,0.05572295933961868,0.03966029733419418,0.24139723181724548,0.06728874146938324,0.011512101627886295,0.02623330056667328,0.01455727033317089,0.03970254957675934,0.06719100475311279,0.05113644525408745,0.04075374826788902,0.059381380677223206
202,6.733333333333333,,,,insightface_bbox,0.6244956851005554,0.0,616.9540405273438,728.7970581054688,2405.1533203125,0,0,1,0,0,0,0,0,0,0,0,0,0.05563828721642494,0.03974331170320511,0.24327689409255981,0.06640935689210892,0.011523783206939697,0.02671293541789055,0.01471623219549656,0.03911503031849861,0.0676170289516449,0.05115853250026703,0.04174502566456795,0.060223229229450226
203,6.766666666666667,,,,insightface_bbox,0.6244956851005554,0.0,616.9540405273438,728.7970581054688,2405.1533203125,0,0,1,0,0,0,0,0,0,0,0,0,0.05931913107633591,0.04138641431927681,0.27111688256263733,0.06997387111186981,0.011594165116548538,0.02760433778166771,0.01599542424082756,0.039414361119270325,0.06991549581289291,0.05351382866501808,0.04841167479753494,0.06592303514480591
204,6.8,,,,insightface_bbox,0.6392772197723389,0.0,591.405517578125,725.7357788085938,2467.505859375,0,0,1,0,0,0,0,0,0,0,0,0,0.058737531304359436,0.03963739424943924,0.32119929790496826,0.06601320207118988,0.01116105355322361,0.026810234412550926,0.015780461952090263,0.037288814783096313,0.06955903768539429,0.050383299589157104,0.0462956428527832,0.06367409229278564
205,6.833333333333333,,,,insightface_bbox,0.6392772197723389,0.0,591.405517578125,725.7357788085938,2467.505859375,0,0,1,0,0,0,0,0,0,0,0,0,0.05427556112408638,0.0377490296959877,0.30498790740966797,0.0626455545425415,0.011309314519166946,0.026774464175105095,0.015996132045984268,0.037916138768196106,0.06721828877925873,0.048428475856781006,0.03953058272600174,0.05841715261340141
206,6.866666666666666,,,,insightface_bbox,0.6392772197723389,0.0,591.405517578125,725.7357788085938,2467.505859375,0,0,1,0,0,0,0,0,0,0,0,0,0.050397567451000214,0.03500558063387871,0.27668771147727966,0.059143807739019394,0.01137382723391056,0.026237256824970245,0.01584431901574135,0.038790106773376465,0.06711139529943466,0.04880514740943909,0.03320735692977905,0.0524793416261673
207,6.9,,,,insightface_bbox,0.6392772197723389,0.0,591.405517578125,725.7357788085938,2467.505859375,0,0,1,0,0,0,0,0,0,0,0,0,0.04780307039618492,0.03279387578368187,0.21950367093086243,0.05463428422808647,0.011197566986083984,0.024568378925323486,0.014436423778533936,0.03942988067865372,0.0669957846403122,0.04890497028827667,0.028059745207428932,0.046359315514564514
208,6.933333333333334,,,,insightface_bbox,0.6392772197723389,0.0,591.405517578125,725.7357788085938,2467.505859375,0,0,1,0,0,0,0,0,0,0,0,0,0.04900980368256569,0.03151453658938408,0.24497374892234802,0.04932870715856552,0.010980580002069473,0.02638845145702362,0.015027515590190887,0.041655171662569046,0.07507984340190887,0.054051969200372696,0.03972331061959267,0.052100323140621185
209,6.966666666666667,,,,insightface_bbox,0.6392772197723389,0.0,591.405517578125,725.7357788085938,2467.505859375,0,0,1,0,0,0,0,0,0,0,0,0,0.048858024179935455,0.03155796229839325,0.23752102255821228,0.04876020923256874,0.010770345106720924,0.02646269090473652,0.014716371893882751,0.041314102709293365,0.07442972809076309,0.05399595946073532,0.04008099064230919,0.05321968346834183
210,7.0,,,,insightface_bbox,0.6628463268280029,0.0,622.8978271484375,707.0169677734375,2375.553955078125,0,0,1,0,0,0,0,0,0,0,0,0,0.06240822374820709,0.03847912698984146,0.3071839213371277,0.053197238594293594,0.012971661053597927,0.03201304003596306,0.021975502371788025,0.05243565887212753,0.08811715990304947,0.06342096626758575,0.06413146108388901,0.07777243107557297
211,7.033333333333333,,,,insightface_bbox,0.6628463268280029,0.0,622.8978271484375,707.0169677734375,2375.553955078125,0,0,1,0,0,0,0,0,0,0,0,0,0.05807507410645485,0.03651224821805954,0.28240498900413513,0.05096001178026199,0.011709962040185928,0.02948187105357647,0.019618291407823563,0.047214753925800323,0.08487099409103394,0.05990814045071602,0.06108325347304344,0.07165126502513885
212,7.066666666666666,,,,insightface_bbox,0.6628463268280029,0.0,622.8978271484375,707.0169677734375,2375.553955078125,0,0,1,0,0,0,0,0,0,0,0,0,0.05776473879814148,0.03655431792140007,0.28486892580986023,0.051796965301036835,0.01179940439760685,0.029319504275918007,0.018909556791186333,0.04674322530627251,0.08474208414554596,0.059685491025447845,0.06116945296525955,0.07127723842859268
213,7.1,,,,insightface_bbox,0.6628463268280029,0.0,622.8978271484375,707.0169677734375,2375.553955078125,0,0,1,0,0,0,0,0,0,0,0,0,0.05639106035232544,0.03540061041712761,0.28463268280029297,0.049334991723299026,0.011501049622893333,0.02858041599392891,0.018289653584361076,0.04506658762693405,0.08413360267877579,0.059256553649902344,0.05752449855208397,0.06920617073774338
214,7.133333333333334,,,,insightface_bbox,0.6628463268280029,0.0,622.8978271484375,707.0169677734375,2375.553955078125,0,0,1,0,0,0,0,0,0,0,0,0,0.055377278476953506,0.0344664491713047,0.2796499729156494,0.046741608530282974,0.011490268632769585,0.02829129248857498,0.01824294775724411,0.04521509259939194,0.08203428238630295,0.0583672896027565,0.05604344606399536,0.06763429939746857
215,7.166666666666667,,,,insightface_bbox,0.6628463268280029,0.0,622.8978271484375,707.0169677734375,2375.553955078125,0,0,1,0,0,0,0,0,0,0,0,0,0.0568033792078495,0.03570175543427467,0.28807196021080017,0.05006761848926544,0.011870469897985458,0.029216628521680832,0.01902964524924755,0.046948887407779694,0.08355680853128433,0.059578508138656616,0.05938759446144104,0.07096496224403381
216,7.2,,,,insightface_bbox,0.6173728704452515,0.0,568.0579833984375,723.7305297851562,2335.880126953125,0,0,1,0,0,0,0,0,0,0,0,0,0.05051155015826225,0.032468441873788834,0.26880133152008057,0.046694934368133545,0.011515596881508827,0.0276043638586998,0.017734261229634285,0.04727460443973541,0.0820448249578476,0.060231372714042664,0.04397422447800636,0.05917326360940933
217,7.233333333333333,,,,insightface_bbox,0.6173728704452515,0.0,568.0579833984375,723.7305297851562,2335.880126953125,0,0,1,0,0,0,0,0,0,0,0,0,0.050766587257385254,0.03336309641599655,0.2672548294067383,0.04834704101085663,0.011507568880915642,0.027742519974708557,0.017715631052851677,0.047260627150535583,0.08090049773454666,0.06008666753768921,0.04412703961133957,0.06008114665746689
218,7.266666666666667,,,,insightface_bbox,0.6173728704452515,0.0,568.0579833984375,723.7305297851562,2335.880126953125,0,0,1,0,0,0,0,0,0,0,0,0,0.05163903534412384,0.03351360186934471,0.27728381752967834,0.04815652593970299,0.011525171808898449,0.02746954932808876,0.01694369874894619,0.0467049740254879,0.08294403553009033,0.06094709038734436,0.04432280361652374,0.06076020002365112
219,7.3,,,,insightface_bbox,0.6173728704452515,0.0,568.0579833984375,723.7305297851562,2335.880126953125,0,0,1,0,0,0,0,0,0,0,0,0,0.052778810262680054,0.03447869047522545,0.28045690059661865,0.05036948248744011,0.011856215074658394,0.02780577912926674,0.017438486218452454,0.04862543195486069,0.08430029451847076,0.06221257150173187,0.046660009771585464,0.06267102062702179
220,7.333333333333333,,,,insightface_bbox,0.6173728704452515,0.0,568.0579833984375,723.7305297851562,2335.880126953125,0,0,1,0,0,0,0,0,0,0,0,0,0.05126526206731796,0.03385401517152786,0.28093987703323364,0.04901967942714691,0.01165203657001257,0.02723805420100689,0.016749093309044838,0.04594931751489639,0.0801045373082161,0.05834990739822388,0.0457732230424881,0.060406435281038284
221,7.366666666666666,,,,insightface_bbox,0.6173728704452515,0.0,568.0579833984375,723.7305297851562,2335.880126953125,0,0,1,0,0,0,0,0,0,0,0,0,0.05019824951887131,0.033064041286706924,0.2666316628456116,0.04794961214065552,0.01141534186899662,0.026973869651556015,0.0167497918009758,0.04627729952335358,0.07933309674263,0.05885332077741623,0.044273268431425095,0.059859417378902435
222,7.4,,,,insightface_bbox,0.6065187454223633,0.0,582.432861328125,723.3766479492188,2326.211669921875,0,0,1,0,0,0,0,0,0,0,0,0,0.04613349214196205,0.03139473497867584,0.19882595539093018,0.04974616318941116,0.010876119136810303,0.02520710416138172,0.014953156933188438,0.041425950825214386,0.07158844918012619,0.05379806458950043,0.03428884968161583,0.051533039659261703
223,7.433333333333334,,,,insightface_bbox,0.6065187454223633,0.0,582.432861328125,723.3766479492188,2326.211669921875,0,0,1,0,0,0,0,0,0,0,0,0,0.04646638035774231,0.03142421692609787,0.190225750207901,0.049878936260938644,0.011026839725673199,0.025627555325627327,0.015272382646799088,0.042215753346681595,0.072725310921669,0.05493400990962982,0.03549613803625107,0.05322696268558502
224,7.466666666666667,,,,insightface_bbox,0.6065187454223633,0.0,582.432861328125,723.3766479492188,2326.211669921875,0,0,1,0,0,0,0,0,0,0,0,0,0.0484871044754982,0.03231184929609299,0.19317583739757538,0.05160573124885559,0.011162599548697472,0.026278920471668243,0.015797799453139305,0.043608956038951874,0.07551109045743942,0.05884957313537598,0.038986168801784515,0.05933956801891327
225,7.5,,,,insightface_bbox,0.6065187454223633,0.0,582.432861328125,723.3766479492188,2326.211669921875,0,0,1,0,0,0,0,0,0,0,0,0,0.048886336386203766,0.03208458796143532,0.19925065338611603,0.050022684037685394,0.01117202453315258,0.026288682594895363,0.01569530926644802,0.04323147237300873,0.07528199255466461,0.05854447931051254,0.03923342004418373,0.05876438692212105
226,7.533333333333333,,,,insightface_bbox,0.6065187454223633,0.0,582.432861328125,723.3766479492188,2326.211669921875,0,0,1,0,0,0,0,0,0,0,0,0,0.051060449331998825,0.03323681280016899,0.2060132473707199,0.05309341475367546,0.011208370327949524,0.027083277702331543,0.016328925266861916,0.04398062452673912,0.07681490480899811,0.05923734977841377,0.04143088683485985,0.05973523110151291
227,7.566666666666666,,,,insightface_bbox,0.6065187454223633,0.0,582.432861328125,723.3766479492188,2326.211669921875,0,0,1,0,0,0,0,0,0,0,0,0,0.048683810979127884,0.03230491280555725,0.19454805552959442,0.05162256211042404,0.01109168492257595,0.0263441763818264,0.015599382109940052,0.043454982340335846,0.07481613010168076,0.056462109088897705,0.03843211010098457,0.05595087632536888
228,7.6,,,,insightface_bbox,0.6380729079246521,0.0,635.0269165039062,730.76611328125,2371.5732421875,0,0,1,0,0,0,0,0,0,0,0,0,0.044190578162670135,0.027913572266697884,0.2194182276725769,0.03823535889387131,0.010455550625920296,0.02502114325761795,0.015247441828250885,0.04288908466696739,0.08046214282512665,0.05796169862151146,0.035617243498563766,0.05528172850608826
229,7.633333333333334,,,,insightface_bbox,0.6380729079246521,0.0,635.0269165039062,730.76611328125,2371.5732421875,0,0,1,0,0,0,0,0,0,0,0,0,0.04457753524184227,0.02784951776266098,0.25265899300575256,0.03747858479619026,0.010382844135165215,0.02511679381132126,0.01569591835141182,0.04190024361014366,0.08246872574090958,0.057585105299949646,0.0367010124027729,0.05546367168426514
230,7.666666666666667,,,,insightface_bbox,0.6380729079246521,0.0,635.0269165039062,730.76611328125,2371.5732421875,0,0,1,0,0,0,0,0,0,0,0,0,0.043780647218227386,0.027214448899030685,0.2455243319272995,0.035384971648454666,0.010298049077391624,0.024811886250972748,0.015467564575374126,0.04115146026015282,0.08171048760414124,0.05786921828985214,0.035667259246110916,0.055138275027275085
231,7.7,,,,insightface_bbox,0.6380729079246521,0.0,635.0269165039062,730.76611328125,2371.5732421875,0,0,1,0,0,0,0,0,0,0,0,0,0.04895341396331787,0.03034784458577633,0.2381362020969391,0.04412960633635521,0.01091698370873928,0.02610408514738083,0.015478024259209633,0.041109953075647354,0.08295726031064987,0.059787068516016006,0.03643188253045082,0.05924036353826523
232,7.733333333333333,,,,insightface_bbox,0.6380729079246521,0.0,635.0269165039062,730.76611328125,2371.5732421875,0,0,1,0,0,0,0,0,0,0,0,0,0.05029091238975525,0.031515803188085556,0.23016276955604553,0.04817267507314682,0.010810179635882378,0.026043327525258064,0.014263532124459743,0.040106989443302155,0.0806867703795433,0.05799028277397156,0.0369020476937294,0.05864987522363663
233,7.766666666666667,,,,insightface_bbox,0.6380729079246521,0.0,635.0269165039062,730.76611328125,2371.5732421875,0,0,1,0,0,0,0,0,0,0,0,0,0.050049588084220886,0.032062508165836334,0.21950486302375793,0.04944216459989548,0.010916558094322681,0.026668628677725792,0.014858841896057129,0.04253076761960983,0.08388414233922958,0.059677623212337494,0.03985585644841194,0.06244426593184471
234,7.8,,,,insightface_bbox,0.62775719165802,0.0,584.22998046875,738.5823364257812,2479.319580078125,0,0,1,0,0,0,0,0,0,0,0,0,0.045869991183280945,0.02941501885652542,0.22005894780158997,0.04560314118862152,0.010643897578120232,0.024775395169854164,0.012139230035245419,0.03646644204854965,0.07416273653507233,0.04750651866197586,0.033877626061439514,0.04923440143465996
235,7.833333333333333,,,,insightface_bbox,0.62775719165802,0.0,584.22998046875,738.5823364257812,2479.319580078125,0,0,1,0,0,0,0,0,0,0,0,0,0.04676613211631775,0.029026251286268234,0.23936975002288818,0.043646782636642456,0.010471807792782784,0.025416312739253044,0.012466028332710266,0.036678213626146317,0.07558034360408783,0.048488110303878784,0.039032306522130966,0.05230259522795677
236,7.866666666666666,,,,insightface_bbox,0.62775719165802,0.0,584.22998046875,738.5823364257812,2479.319580078125,0,0,1,0,0,0,0,0,0,0,0,0,0.04564234986901283,0.028130188584327698,0.222673699259758,0.040623314678668976,0.01037401333451271,0.0252816341817379,0.012664384208619595,0.037191469222307205,0.07700766623020172,0.04971829801797867,0.03774406388401985,0.05133743956685066
237,7.9,,,,insightface_bbox,0.62775719165802,0.0,584.22998046875,738.5823364257812,2479.319580078125,0,0,1,0,0,0,0,0,0,0,0,0,0.04563312232494354,0.02831839956343174,0.2271556854248047,0.04147488996386528,0.01038708258420229,0.025445763021707535,0.012685555964708328,0.037432268261909485,0.07661237567663193,0.049461446702480316,0.03781532868742943,0.05074372887611389
238,7.933333333333334,,,,insightface_bbox,0.62775719165802,0.0,584.22998046875,738.5823364257812,2479.319580078125,0,0,1,0,0,0,0,0,0,0,0,0,0.04638627916574478,0.02854095585644245,0.2239852398633957,0.0417756512761116,0.010301602073013783,0.02549917623400688,0.012508555315434933,0.0369739904999733,0.07654240727424622,0.04936563968658447,0.03754936903715134,0.05151232331991196
239,7.966666666666667,,,,insightface_bbox,0.62775719165802,0.0,584.22998046875,738.5823364257812,2479.319580078125,0,0,1,0,0,0,0,0,0,0,0,0,0.046857114881277084,0.02854735590517521,0.2317790687084198,0.04231563210487366,0.010370228439569473,0.02569182589650154,0.01255039032548666,0.037046898156404495,0.07676364481449127,0.04980303347110748,0.038738418370485306,0.051775068044662476
240,8.0,,,,insightface_bbox,0.6350717544555664,0.0,620.198486328125,733.8543701171875,2437.872802734375,0,0,0,0,0,0,0,0,0,0,0,0,0.051991771906614304,0.03370728716254234,0.17584437131881714,0.053152985870838165,0.010870134457945824,0.026958996430039406,0.0154263349249959,0.04553523287177086,0.08201581239700317,0.05796787142753601,0.03488706797361374,0.05833654850721359
241,8.033333333333333,,,,insightface_bbox,0.6350717544555664,0.0,620.198486328125,733.8543701171875,2437.872802734375,0,0,0,0,0,0,0,0,0,0,0,0,0.05153953284025192,0.03242437168955803,0.17505717277526855,0.05045771971344948,0.010426849126815796,0.02624228596687317,0.015617433935403824,0.04367274045944214,0.08371791243553162,0.060597196221351624,0.03193463012576103,0.05739503353834152
242,8.066666666666666,,,,insightface_bbox,0.6350717544555664,0.0,620.198486328125,733.8543701171875,2437.872802734375,0,0,0,0,0,0,0,0,0,0,0,0,0.05167430639266968,0.032341986894607544,0.1764206737279892,0.05058683454990387,0.0103405537083745,0.026122836396098137,0.015753010287880898,0.04365862160921097,0.08354067802429199,0.06076939031481743,0.03145541250705719,0.05616411939263344
243,8.1,,,,insightface_bbox,0.6350717544555664,0.0,620.198486328125,733.8543701171875,2437.872802734375,0,0,0,0,0,0,0,0,0,0,0,0,0.05047415941953659,0.032431960105895996,0.17182177305221558,0.05064130201935768,0.010386934503912926,0.025715993717312813,0.01547563262283802,0.043130308389663696,0.0816146582365036,0.05859026685357094,0.030814193189144135,0.053887948393821716
244,8.133333333333333,,,,insightface_bbox,0.6350717544555664,0.0,620.198486328125,733.8543701171875,2437.872802734375,0,0,0,0,0,0,0,0,0,0,0,0,0.04720784351229668,0.03129459545016289,0.17776964604854584,0.04964284226298332,0.009559102356433868,0.023670362308621407,0.013907099142670631,0.04072675481438637,0.07518990337848663,0.05312047153711319,0.03144568204879761,0.05199708789587021
245,8.166666666666666,,,,insightface_bbox,0.6350717544555664,0.0,620.198486328125,733.8543701171875,2437.872802734375,0,0,1,0,0,0,0,0,0,0,0,0,0.043785594403743744,0.028776690363883972,0.18556135892868042,0.04390953108668327,0.009084569290280342,0.022043701261281967,0.013250656425952911,0.037760984152555466,0.07335900515317917,0.05175887048244476,0.02822282910346985,0.048069342970848083
246,8.2,,,,insightface_bbox,0.6568902134895325,0.0,630.7288818359375,716.6206665039062,2377.867431640625,0,0,1,0,0,0,0,0,0,0,0,0,0.045154064893722534,0.028725547716021538,0.22019070386886597,0.04025176540017128,0.009537601843476295,0.022747190669178963,0.013144109398126602,0.04034089297056198,0.07977551221847534,0.05546848848462105,0.03277244791388512,0.054434917867183685
247,8.233333333333333,,,,insightface_bbox,0.6568902134895325,0.0,630.7288818359375,716.6206665039062,2377.867431640625,0,0,1,0,0,0,0,0,0,0,0,0,0.0450265035033226,0.029158087447285652,0.23510172963142395,0.04181062802672386,0.009646110236644745,0.022703977301716805,0.013567059300839901,0.03983834385871887,0.07770960032939911,0.05596628412604332,0.033369746059179306,0.054025717079639435
248,8.266666666666667,,,,insightface_bbox,0.6568902134895325,0.0,630.7288818359375,716.6206665039062,2377.867431640625,0,0,1,0,0,0,0,0,0,0,0,0,0.047735318541526794,0.030451320111751556,0.2621019184589386,0.044282205402851105,0.009914042428135872,0.023035578429698944,0.013470184989273548,0.03846389055252075,0.07757902890443802,0.05599595233798027,0.036373913288116455,0.05565403029322624
249,8.3,,,,insightface_bbox,0.6568902134895325,0.0,630.7288818359375,716.6206665039062,2377.867431640625,0,0,1,0,0,0,0,0,0,0,0,0,0.048246510326862335,0.03119489550590515,0.26845598220825195,0.04601753503084183,0.010080356150865555,0.023447886109352112,0.01397198997437954,0.03903503715991974,0.07685084640979767,0.05636750906705856,0.038183994591236115,0.05685218423604965
250,8.333333333333334,,,,insightface_bbox,0.6568902134895325,0.0,630.7288818359375,716.6206665039062,2377.867431640625,0,0,1,0,0,0,0,0,0,0,0,0,0.04482361674308777,0.029767096042633057,0.23832601308822632,0.04372801631689072,0.009858258068561554,0.023014988750219345,0.01358939427882433,0.03922531381249428,0.07442986965179443,0.05504053831100464,0.033876948058605194,0.05297279357910156
251,8.366666666666667,,,,insightface_bbox,0.6568902134895325,0.0,630.7288818359375,716.6206665039062,2377.867431640625,0,0,1,0,0,0,0,0,0,0,0,0,0.04495912790298462,0.029712626710534096,0.23109683394432068,0.043188899755477905,0.009926803410053253,0.02283545583486557,0.013257337734103203,0.03958410769701004,0.07424064725637436,0.05381496995687485,0.03401867300271988,0.05175857990980148
252,8.4,,,,insightface_bbox,0.6591771841049194,0.0,638.4482421875,726.6661376953125,2376.620849609375,0,0,1,0,0,0,0,0,0,0,0,0,0.04324208199977875,0.02773205004632473,0.19422046840190887,0.04185450077056885,0.009240195155143738,0.02076341211795807,0.012611055746674538,0.03937108814716339,0.0750642865896225,0.056193284690380096,0.02471281588077545,0.04739927500486374
253,8.433333333333334,,,,insightface_bbox,0.6591771841049194,0.0,638.4482421875,726.6661376953125,2376.620849609375,0,0,1,0,0,0,0,0,0,0,0,0,0.04523802176117897,0.029408644884824753,0.20077763497829437,0.04413924366235733,0.009396026842296124,0.021569056436419487,0.013793960213661194,0.04086843878030777,0.0755627378821373,0.05697125568985939,0.02670978009700775,0.04994557052850723
254,8.466666666666667,,,,insightface_bbox,0.6591771841049194,0.0,638.4482421875,726.6661376953125,2376.620849609375,0,0,1,0,0,0,0,0,0,0,0,0,0.0468524731695652,0.030018847435712814,0.21156741678714752,0.0437399223446846,0.009570540860295296,0.022061225026845932,0.013627549633383751,0.04083632677793503,0.07595551759004593,0.056814197450876236,0.025656213983893394,0.049425218254327774
255,8.5,,,,insightface_bbox,0.6591771841049194,0.0,638.4482421875,726.6661376953125,2376.620849609375,0,0,1,0,0,0,0,0,0,0,0,0,0.04815545305609703,0.03150036558508873,0.24064868688583374,0.04638487845659256,0.009911726228892803,0.022752340883016586,0.013307884335517883,0.040459826588630676,0.07451722025871277,0.055534202605485916,0.02867884933948517,0.050518132746219635
256,8.533333333333333,,,,insightface_bbox,0.6591771841049194,0.0,638.4482421875,726.6661376953125,2376.620849609375,0,0,1,0,0,0,0,0,0,0,0,0,0.04716595634818077,0.03073601797223091,0.2710024416446686,0.043261196464300156,0.009953132830560207,0.022971520200371742,0.013558700680732727,0.03927970305085182,0.07492702454328537,0.054817818105220795,0.03274035453796387,0.052722711116075516
257,8.566666666666666,,,,insightface_bbox,0.6591771841049194,0.0,638.4482421875,726.6661376953125,2376.620849609375,0,0,1,0,0,0,0,0,0,0,0,0,0.04926753789186478,0.032241303473711014,0.2965177595615387,0.045359402894973755,0.010778075084090233,0.024223092943429947,0.014457441866397858,0.04216490685939789,0.07644607871770859,0.05861315876245499,0.0364614874124527,0.05759648233652115
258,8.6,,,,insightface_bbox,0.614567220211029,0.0,631.87548828125,728.07568359375,2357.531005859375,0,0,1,0,0,0,0,0,0,0,0,0,0.05418887361884117,0.039706870913505554,0.2515087127685547,0.0703352615237236,0.011158738285303116,0.025958571583032608,0.014174175448715687,0.041517987847328186,0.07401306927204132,0.05444277450442314,0.04010632634162903,0.06016838923096657
259,8.633333333333333,,,,insightface_bbox,0.614567220211029,0.0,631.87548828125,728.07568359375,2357.531005859375,0,0,1,0,0,0,0,0,0,0,0,0,0.05706239491701126,0.04161592945456505,0.2781696021556854,0.07437429577112198,0.011954940855503082,0.026645753532648087,0.015319865196943283,0.04233592748641968,0.07428079098463058,0.05579531192779541,0.040534280240535736,0.06370344012975693
260,8.666666666666666,,,,insightface_bbox,0.614567220211029,0.0,631.87548828125,728.07568359375,2357.531005859375,0,0,1,0,0,0,0,0,0,0,0,0,0.051322855055332184,0.038848165422677994,0.24230194091796875,0.07131481170654297,0.011504617519676685,0.02624383009970188,0.014569396153092384,0.04249434545636177,0.07365745306015015,0.05406168848276138,0.03847341239452362,0.05909845232963562
261,8.7,,,,insightface_bbox,0.614567220211029,0.0,631.87548828125,728.07568359375,2357.531005859375,0,0,1,0,0,0,0,0,0,0,0,0,0.05495360121130943,0.0420081801712513,0.2423258125782013,0.0831572562456131,0.011364486068487167,0.02622412145137787,0.01407131738960743,0.04334549605846405,0.07425044476985931,0.0527123399078846,0.03947969526052475,0.06156925857067108
262,8.733333333333333,,,,insightface_bbox,0.614567220211029,0.0,631.87548828125,728.07568359375,2357.531005859375,0,0,0,0,0,0,0,0,0,0,0,0,0.053456105291843414,0.04006779193878174,0.21548143029212952,0.07711215317249298,0.01134944986552,0.0258345864713192,0.013667814433574677,0.04399894177913666,0.07379990071058273,0.05312280356884003,0.03464881330728531,0.05712512880563736
263,8.766666666666667,,,,insightface_bbox,0.614567220211029,0.0,631.87548828125,728.07568359375,2357.531005859375,0,0,1,0,0,0,0,0,0,0,0,0,0.05132034048438072,0.037493254989385605,0.22480712831020355,0.06889458000659943,0.011318966746330261,0.025987010449171066,0.013603691011667252,0.04554545506834984,0.07233498990535736,0.052415549755096436,0.03351382166147232,0.05290882661938667
264,8.8,,,,insightface_bbox,0.6529349684715271,0.0,640.3678588867188,733.757080078125,2355.5927734375,0,0,0,0,0,0,0,0,0,0,0,0,0.04841475933790207,0.03369547426700592,0.194568932056427,0.056897178292274475,0.011019224300980568,0.0244603268802166,0.01401964109390974,0.04321962222456932,0.0736907571554184,0.053828731179237366,0.03211373835802078,0.053884364664554596
265,8.833333333333334,,,,insightface_bbox,0.6529349684715271,0.0,640.3678588867188,733.757080078125,2355.5927734375,0,0,1,0,0,0,0,0,0,0,0,0,0.05089921876788139,0.03593553230166435,0.21703334152698517,0.06276211887598038,0.01108070369809866,0.024883318692445755,0.013791626319289207,0.04215749353170395,0.07425159960985184,0.051936179399490356,0.032729968428611755,0.05450112372636795
266,8.866666666666667,,,,insightface_bbox,0.6529349684715271,0.0,640.3678588867188,733.757080078125,2355.5927734375,0,0,1,0,0,0,0,0,0,0,0,0,0.047006648033857346,0.03277639299631119,0.23699767887592316,0.05390007793903351,0.010588281787931919,0.023680776357650757,0.01318882592022419,0.0399530865252018,0.06960992515087128,0.04955742508172989,0.03098909929394722,0.05205392464995384
267,8.9,,,,insightface_bbox,0.6529349684715271,0.0,640.3678588867188,733.757080078125,2355.5927734375,0,0,1,0,0,0,0,0,0,0,0,0,0.05004923418164253,0.03368208929896355,0.27285102009773254,0.05350623279809952,0.010510185733437538,0.024516765028238297,0.013611383736133575,0.03913065418601036,0.06919165700674057,0.052402935922145844,0.03447350114583969,0.056508101522922516
268,8.933333333333334,,,,insightface_bbox,0.6529349684715271,0.0,640.3678588867188,733.757080078125,2355.5927734375,0,0,1,0,0,0,0,0,0,0,0,0,0.04903285205364227,0.032678745687007904,0.26382118463516235,0.051222845911979675,0.010543576441705227,0.024409394711256027,0.013660652562975883,0.039069369435310364,0.07128250598907471,0.05420538783073425,0.03360496461391449,0.0558578297495842
269,8.966666666666667,,,,insightface_bbox,0.6529349684715271,0.0,640.3678588867188,733.757080078125,2355.5927734375,0,0,1,0,0,0,0,0,0,0,0,0,0.05138242244720459,0.034757714718580246,0.2719447612762451,0.0568678081035614,0.01113692857325077,0.025345247238874435,0.014614462852478027,0.03970268368721008,0.07185867428779602,0.05361039936542511,0.03472612798213959,0.05740710347890854
270,9.0,,,,insightface_bbox,0.6168591380119324,0.0,628.4423217773438,744.228271484375,2425.87646484375,0,0,1,0,0,0,0,0,0,0,0,0,0.05631685256958008,0.04149141162633896,0.25425419211387634,0.07596483081579208,0.011549437418580055,0.02692345157265663,0.014434275217354298,0.04197210446000099,0.07334517687559128,0.05177220702171326,0.036696549504995346,0.05994204431772232
271,9.033333333333333,,,,insightface_bbox,0.6168591380119324,0.0,628.4423217773438,744.228271484375,2425.87646484375,0,0,1,0,0,0,0,0,0,0,0,0,0.05772070586681366,0.04126027226448059,0.2627229392528534,0.07535924017429352,0.011347316205501556,0.026860812678933144,0.014760241843760014,0.04100814461708069,0.07655520737171173,0.05236927047371864,0.03585314750671387,0.06023259460926056
272,9.066666666666666,,,,insightface_bbox,0.6168591380119324,0.0,628.4423217773438,744.228271484375,2425.87646484375,0,0,1,0,0,0,0,0,0,0,0,0,0.055422600358724594,0.039052918553352356,0.23642921447753906,0.06893690675497055,0.011051461100578308,0.025500142946839333,0.01333556603640318,0.03964066132903099,0.07682432979345322,0.05088725686073303,0.03371911868453026,0.05819523707032204
273,9.1,,,,insightface_bbox,0.6168591380119324,0.0,628.4423217773438,744.228271484375,2425.87646484375,0,0,1,0,0,0,0,0,0,0,0,0,0.05429128184914589,0.037302177399396896,0.22785788774490356,0.06440926343202591,0.011004889383912086,0.025314603000879288,0.01319118868559599,0.03982575610280037,0.07992125302553177,0.05228394642472267,0.03389877453446388,0.05780831724405289
274,9.133333333333333,,,,insightface_bbox,0.6168591380119324,0.0,628.4423217773438,744.228271484375,2425.87646484375,0,0,1,0,0,0,0,0,0,0,0,0,0.053843989968299866,0.036073386669158936,0.23297551274299622,0.062138061970472336,0.010621009394526482,0.024956777691841125,0.012518802657723427,0.03854842856526375,0.07989069819450378,0.05180326849222183,0.035060569643974304,0.058515239506959915
275,9.166666666666666,,,,insightface_bbox,0.6168591380119324,0.0,628.4423217773438,744.228271484375,2425.87646484375,0,0,1,0,0,0,0,0,0,0,0,0,0.05326956510543823,0.03606923669576645,0.23311494290828705,0.06184874475002289,0.010572784580290318,0.02480900101363659,0.012372110038995743,0.03786741942167282,0.07780800014734268,0.05067307874560356,0.03383522480726242,0.05729326978325844
276,9.2,,,,insightface_bbox,0.6290822625160217,0.0,616.678466796875,726.9879150390625,2433.909423828125,0,0,0,0,0,0,0,0,0,0,0,0,0.05326886102557182,0.03733214735984802,0.19809997081756592,0.0625118687748909,0.01131981611251831,0.02577681839466095,0.014070053584873676,0.04036872088909149,0.07809271663427353,0.053867362439632416,0.03262748196721077,0.05660221725702286
277,9.233333333333333,,,,insightface_bbox,0.6290822625160217,0.0,616.678466796875,726.9879150390625,2433.909423828125,0,0,0,0,0,0,0,0,0,0,0,0,0.052843689918518066,0.03689916431903839,0.2005504071712494,0.06132734566926956,0.011356939561665058,0.025697223842144012,0.01419471949338913,0.039799805730581284,0.07734575122594833,0.05415453016757965,0.03195367008447647,0.056490764021873474
278,9.266666666666667,,,,insightface_bbox,0.6290822625160217,0.0,616.678466796875,726.9879150390625,2433.909423828125,0,0,0,0,0,0,0,0,0,0,0,0,0.05264103040099144,0.0369923859834671,0.20591183006763458,0.06235549598932266,0.011519260704517365,0.025784142315387726,0.013534042984247208,0.03914844989776611,0.07548514008522034,0.052246060222387314,0.034147560596466064,0.05671170353889465
279,9.3,,,,insightface_bbox,0.6290822625160217,0.0,616.678466796875,726.9879150390625,2433.909423828125,0,0,0,0,0,0,0,0,0,0,0,0,0.0535472109913826,0.037348248064517975,0.21245482563972473,0.06348758190870285,0.011465773917734623,0.02609160542488098,0.01390982884913683,0.0395544171333313,0.07556572556495667,0.052240096032619476,0.03521399945020676,0.057641372084617615
280,9.333333333333334,,,,insightface_bbox,0.6290822625160217,0.0,616.678466796875,726.9879150390625,2433.909423828125,0,0,1,0,0,0,0,0,0,0,0,0,0.053918082267045975,0.037687912583351135,0.22496965527534485,0.0657302737236023,0.012010550126433372,0.02738090232014656,0.014718513935804367,0.04113093391060829,0.07752187550067902,0.05341667681932449,0.038862261921167374,0.06046565622091293
281,9.366666666666667,,,,insightface_bbox,0.6290822625160217,0.0,616.678466796875,726.9879150390625,2433.909423828125,0,0,1,0,0,0,0,0,0,0,0,0,0.05509112402796745,0.038542963564395905,0.24208950996398926,0.06752205640077591,0.012270180508494377,0.02804398536682129,0.014911698177456856,0.042018014937639236,0.0787457749247551,0.053393274545669556,0.04018425568938255,0.061550550162792206
282,9.4,,,,insightface_bbox,0.6316326260566711,0.0,626.5253295898438,719.4677734375,2376.559326171875,0,0,0,0,0,0,0,0,0,0,0,0,0.052972640842199326,0.036849040538072586,0.21495279669761658,0.06169886142015457,0.01182431261986494,0.02624206244945526,0.015540564432740211,0.04116646945476532,0.07569682598114014,0.05329224467277527,0.03375070542097092,0.05749418959021568
283,9.433333333333334,,,,insightface_bbox,0.6316326260566711,0.0,626.5253295898438,719.4677734375,2376.559326171875,0,0,0,0,0,0,0,0,0,0,0,0,0.051982443779706955,0.03608744218945503,0.21344208717346191,0.05907309055328369,0.01212404016405344,0.026841750368475914,0.0158268790692091,0.04215827211737633,0.07564447820186615,0.05290153995156288,0.033564288169145584,0.057605139911174774
284,9.466666666666667,,,,insightface_bbox,0.6316326260566711,0.0,626.5253295898438,719.4677734375,2376.559326171875,0,0,1,0,0,0,0,0,0,0,0,0,0.05198381841182709,0.03596512973308563,0.21265774965286255,0.05960371345281601,0.012177104130387306,0.026733681559562683,0.015735482797026634,0.04242418706417084,0.07568732649087906,0.05333394184708595,0.033319663256406784,0.05712378770112991
285,9.5,,,,insightface_bbox,0.6316326260566711,0.0,626.5253295898438,719.4677734375,2376.559326171875,0,0,1,0,0,0,0,0,0,0,0,0,0.05151013284921646,0.03613992780447006,0.21374978125095367,0.05915924906730652,0.012058288790285587,0.026576414704322815,0.01549327652901411,0.041731033474206924,0.07400699704885483,0.051840025931596756,0.03317718952894211,0.056246109306812286
286,9.533333333333333,,,,insightface_bbox,0.6316326260566711,0.0,626.5253295898438,719.4677734375,2376.559326171875,0,0,1,0,0,0,0,0,0,0,0,0,0.048966869711875916,0.033336471766233444,0.21192032098770142,0.05178014934062958,0.01163449976593256,0.026180220767855644,0.015657037496566772,0.04097183793783188,0.07614317536354065,0.05130057781934738,0.03168544918298721,0.05476166307926178
287,9.566666666666666,,,,insightface_bbox,0.6316326260566711,0.0,626.5253295898438,719.4677734375,2376.559326171875,0,0,0,0,0,0,0,0,0,0,0,0,0.04724257066845894,0.03193154186010361,0.19699203968048096,0.04867827147245407,0.011268164031207561,0.025751443579792976,0.015656225383281708,0.04054654762148857,0.0769539326429367,0.05139792338013649,0.029843781143426895,0.053440824151039124
288,9.6,,,,insightface_bbox,0.6212078928947449,0.0,610.9022216796875,729.7738647460938,2386.061767578125,0,0,0,0,0,0,0,0,0,0,0,0,0.04877990111708641,0.03417373448610306,0.18737313151359558,0.055714551359415054,0.011728973127901554,0.02580953575670719,0.015628080815076828,0.04224003106355667,0.07838797569274902,0.05419787019491196,0.029726658016443253,0.053730908781290054
289,9.633333333333333,,,,insightface_bbox,0.6212078928947449,0.0,610.9022216796875,729.7738647460938,2386.061767578125,0,0,0,0,0,0,0,0,0,0,0,0,0.048249196261167526,0.03320413455367088,0.19853337109088898,0.05293714255094528,0.011470983736217022,0.025750041007995605,0.015789886936545372,0.04167388752102852,0.07811363786458969,0.053574349731206894,0.02938985824584961,0.05341879650950432
290,9.666666666666666,,,,insightface_bbox,0.6212078928947449,0.0,610.9022216796875,729.7738647460938,2386.061767578125,0,0,1,0,0,0,0,0,0,0,0,0,0.048133447766304016,0.0328504741191864,0.20197398960590363,0.0518706850707531,0.011528922244906425,0.025997132062911987,0.016327667981386185,0.04247572645545006,0.07879120111465454,0.054343417286872864,0.029094887897372246,0.053174179047346115
291,9.7,,,,insightface_bbox,0.6212078928947449,0.0,610.9022216796875,729.7738647460938,2386.061767578125,0,0,0,0,0,0,0,0,0,0,0,0,0.05011502653360367,0.03483438119292259,0.20527198910713196,0.05704905465245247,0.012258689850568771,0.0276389941573143,0.017149943858385086,0.04584971442818642,0.08275113999843597,0.05663983151316643,0.031803760677576065,0.056415390223264694
292,9.733333333333333,,,,insightface_bbox,0.6212078928947449,0.0,610.9022216796875,729.7738647460938,2386.061767578125,0,0,0,0,0,0,0,0,0,0,0,0,0.04960622638463974,0.034697990864515305,0.2021179348230362,0.05693487450480461,0.012085605412721634,0.02726263366639614,0.0167977474629879,0.04433049261569977,0.08095969259738922,0.05480504781007767,0.032083600759506226,0.054919011890888214
293,9.766666666666667,,,,insightface_bbox,0.6212078928947449,0.0,610.9022216796875,729.7738647460938,2386.061767578125,0,0,0,0,0,0,0,0,0,0,0,0,0.050277482718229294,0.03547991067171097,0.2155095487833023,0.05945764482021332,0.012261481955647469,0.027744624763727188,0.017208827659487724,0.04513294994831085,0.0804566740989685,0.05498053506016731,0.03311353921890259,0.05591727793216705
294,9.8,,,,insightface_bbox,0.6182431578636169,0.0,626.9080810546875,728.515869140625,2355.71533203125,0,0,1,0,0,0,0,0,0,0,0,0,0.05380753427743912,0.03789433091878891,0.2556605339050293,0.06742023676633835,0.01240393053740263,0.028383741155266762,0.016340065747499466,0.04274355247616768,0.08415061235427856,0.05398508533835411,0.03652401641011238,0.058681972324848175
295,9.833333333333334,,,,insightface_bbox,0.6182431578636169,0.0,626.9080810546875,728.515869140625,2355.71533203125,0,0,1,0,0,0,0,0,0,0,0,0,0.052451394498348236,0.03656911849975586,0.24450330436229706,0.0646587610244751,0.012439978308975697,0.02781243622303009,0.01566581428050995,0.043703507632017136,0.08328243345022202,0.05274965986609459,0.03559216111898422,0.05666419118642807
296,9.866666666666667,,,,insightface_bbox,0.6182431578636169,0.0,626.9080810546875,728.515869140625,2355.71533203125,0,0,1,0,0,0,0,0,0,0,0,0,0.050133198499679565,0.034984420984983444,0.2334391325712204,0.060097504407167435,0.012027639895677567,0.026764512062072754,0.014764094725251198,0.041882216930389404,0.08136428892612457,0.05084533616900444,0.033604759722948074,0.05330692604184151
297,9.9,,,,insightface_bbox,0.6182431578636169,0.0,626.9080810546875,728.515869140625,2355.71533203125,0,0,1,0,0,0,0,0,0,0,0,0,0.049322955310344696,0.0342583991587162,0.2310517579317093,0.056876469403505325,0.012041671201586723,0.026856128126382828,0.014756545424461365,0.041560906916856766,0.08122551441192627,0.05042070150375366,0.033225592225790024,0.05229891836643219
298,9.933333333333334,,,,insightface_bbox,0.6182431578636169,0.0,626.9080810546875,728.515869140625,2355.71533203125,0,0,1,0,0,0,0,0,0,0,0,0,0.050046589225530624,0.03469645977020264,0.2356387823820114,0.05773838981986046,0.01237839087843895,0.027393929660320282,0.015276876278221607,0.04189802706241608,0.08277691155672073,0.0514170378446579,0.03369303047657013,0.05361750349402428
299,9.966666666666667,,,,insightface_bbox,0.6182431578636169,0.0,626.9080810546875,728.515869140625,2355.71533203125,0,0,1,0,0,0,0,0,0,0,0,0,0.051688965409994125,0.03620503470301628,0.23569218814373016,0.06213168054819107,0.012449134141206741,0.027528638020157814,0.01556350477039814,0.04246681556105614,0.08221881091594696,0.051948431879282,0.0332094170153141,0.05476550757884979
300,10.0,,,,insightface_bbox,0.6429563164710999,0.0,632.8540649414062,717.4481811523438,2384.646484375,0,0,1,0,0,0,0,0,0,0,0,0,0.048408448696136475,0.0341191440820694,0.25017601251602173,0.05159813538193703,0.010520162992179394,0.02565723843872547,0.013638142496347427,0.03875699266791344,0.07365905493497849,0.049035631120204926,0.03544360771775246,0.05518447607755661
301,10.033333333333333,,,,insightface_bbox,0.6429563164710999,0.0,632.8540649414062,717.4481811523438,2384.646484375,0,0,1,0,0,0,0,0,0,0,0,0,0.04948459565639496,0.03455894812941551,0.2500970661640167,0.05266227200627327,0.010510575957596302,0.02587590552866459,0.014036287553608418,0.040235213935375214,0.07340902835130692,0.05030858516693115,0.03655014932155609,0.05665040761232376
302,10.066666666666666,,,,insightface_bbox,0.6429563164710999,0.0,632.8540649414062,717.4481811523438,2384.646484375,0,0,1,0,0,0,0,0,0,0,0,0,0.051825203001499176,0.035518042743206024,0.24627676606178284,0.0564115084707737,0.010743964463472366,0.02610061503946781,0.01439937949180603,0.04145808890461922,0.07689685374498367,0.053028907626867294,0.03604559600353241,0.058016031980514526
303,10.1,,,,insightface_bbox,0.6429563164710999,0.0,632.8540649414062,717.4481811523438,2384.646484375,0,0,1,0,0,0,0,0,0,0,0,0,0.05294131487607956,0.03629811108112335,0.23958420753479004,0.05910984426736832,0.010816729627549648,0.02619418315589428,0.014545448124408722,0.04230167344212532,0.0781266987323761,0.05461733043193817,0.03660498559474945,0.05902893468737602
304,10.133333333333333,,,,insightface_bbox,0.6429563164710999,0.0,632.8540649414062,717.4481811523438,2384.646484375,0,0,1,0,0,0,0,0,0,0,0,0,0.052290353924036026,0.03570307418704033,0.2378939688205719,0.05743425339460373,0.010692094452679157,0.026098933070898056,0.014631371013820171,0.042040493339300156,0.07767866551876068,0.05420198664069176,0.03685300052165985,0.05862608924508095
305,10.166666666666666,,,,insightface_bbox,0.6429563164710999,0.0,632.8540649414062,717.4481811523438,2384.646484375,0,0,1,0,0,0,0,0,0,0,0,0,0.05160631984472275,0.03515640273690224,0.23643077909946442,0.05609562620520592,0.01068434864282608,0.025651589035987854,0.014330048114061356,0.04146481305360794,0.0768599733710289,0.05333026498556137,0.03422627970576286,0.05655943602323532
306,10.2,,,,insightface_bbox,0.6585202813148499,0.0,628.0271606445312,718.3927612304688,2423.372802734375,0,0,1,0,0,0,0,0,0,0,0,0,0.04560355097055435,0.028078272938728333,0.21710851788520813,0.03612735494971275,0.008959128521382809,0.022173110395669937,0.012352216988801956,0.037027232348918915,0.07658971846103668,0.05256146565079689,0.03189343959093094,0.051450781524181366
307,10.233333333333333,,,,insightface_bbox,0.6585202813148499,0.0,628.0271606445312,718.3927612304688,2423.372802734375,0,0,1,0,0,0,0,0,0,0,0,0,0.045174404978752136,0.027800610288977623,0.2174551635980606,0.03525238111615181,0.008929149247705936,0.02215287648141384,0.012365922331809998,0.03658619150519371,0.07612323760986328,0.05287426710128784,0.03171851113438606,0.05118712782859802
308,10.266666666666667,,,,insightface_bbox,0.6585202813148499,0.0,628.0271606445312,718.3927612304688,2423.372802734375,0,0,1,0,0,0,0,0,0,0,0,0,0.04659106954932213,0.029220907017588615,0.24706321954727173,0.03794682025909424,0.009327591396868229,0.022954899817705154,0.013110246509313583,0.037164002656936646,0.07846832275390625,0.05347456783056259,0.03591206297278404,0.053899135440588
309,10.3,,,,insightface_bbox,0.6585202813148499,0.0,628.0271606445312,718.3927612304688,2423.372802734375,0,0,1,0,0,0,0,0,0,0,0,0,0.047129303216934204,0.029704740270972252,0.2395118921995163,0.03935589641332626,0.009134639985859394,0.022870775312185287,0.012715650722384453,0.03704719617962837,0.07939201593399048,0.054278481751680374,0.035086728632450104,0.054736439138650894
310,10.333333333333334,,,,insightface_bbox,0.6585202813148499,0.0,628.0271606445312,718.3927612304688,2423.372802734375,0,0,1,0,0,0,0,0,0,0,0,0,0.04654214531183243,0.029008686542510986,0.2270352691411972,0.03709230571985245,0.009088859893381596,0.022603971883654594,0.012625206261873245,0.036769188940525055,0.0782027542591095,0.05338778346776962,0.033364199101924896,0.05361849069595337
311,10.366666666666667,,,,insightface_bbox,0.6585202813148499,0.0,628.0271606445312,718.3927612304688,2423.372802734375,0,0,1,0,0,0,0,0,0,0,0,0,0.047627296298742294,0.029565533623099327,0.23024070262908936,0.03811135143041611,0.00926603376865387,0.02273382805287838,0.013147410936653614,0.03714009001851082,0.07932222634553909,0.05438913404941559,0.032798197120428085,0.053346775472164154
312,10.4,,,,insightface_bbox,0.6370919942855835,0.0,623.1459350585938,731.2406616210938,2377.560791015625,0,0,1,0,0,0,0,0,0,0,0,0,0.051187969744205475,0.036154165863990784,0.2688385248184204,0.05892673879861832,0.010404749773442745,0.02494809962809086,0.012517077848315239,0.03587353974580765,0.07137671858072281,0.045890286564826965,0.03276074305176735,0.05007404834032059
313,10.433333333333334,,,,insightface_bbox,0.6370919942855835,0.0,623.1459350585938,731.2406616210938,2377.560791015625,0,0,1,0,0,0,0,0,0,0,0,0,0.052444636821746826,0.03703979402780533,0.25724679231643677,0.06243394315242767,0.01062404178082943,0.025369077920913696,0.01271364837884903,0.03666933998465538,0.07051205635070801,0.04633417725563049,0.033606112003326416,0.050728313624858856
314,10.466666666666667,,,,insightface_bbox,0.6370919942855835,0.0,623.1459350585938,731.2406616210938,2377.560791015625,0,0,1,0,0,0,0,0,0,0,0,0,0.053157322108745575,0.036918506026268005,0.2413124442100525,0.06148102879524231,0.010709482245147228,0.025340450927615166,0.013088572770357132,0.03719194605946541,0.07151749730110168,0.04761611670255661,0.03259732946753502,0.05080064758658409
315,10.5,,,,insightface_bbox,0.6370919942855835,0.0,623.1459350585938,731.2406616210938,2377.560791015625,0,0,1,0,0,0,0,0,0,0,0,0,0.05669395625591278,0.038673773407936096,0.24160511791706085,0.06475747376680374,0.010904866270720959,0.026608461514115334,0.013674781657755375,0.03937743976712227,0.07381203770637512,0.050146833062171936,0.034174419939517975,0.054670367389917374
316,10.533333333333333,,,,insightface_bbox,0.6370919942855835,0.0,623.1459350585938,731.2406616210938,2377.560791015625,0,0,1,0,0,0,0,0,0,0,0,0,0.05698656290769577,0.03835893049836159,0.2559860050678253,0.06641560792922974,0.010468718595802784,0.026847023516893387,0.013918278738856316,0.04070774465799332,0.07373703271150589,0.0511445514857769,0.038312021642923355,0.05625263229012489
317,10.566666666666666,,,,insightface_bbox,0.6370919942855835,0.0,623.1459350585938,731.2406616210938,2377.560791015625,0,0,1,0,0,0,0,0,0,0,0,0,0.05686422437429428,0.038007091730833054,0.2598545551300049,0.06513989716768265,0.010334517806768417,0.026700153946876526,0.013649996370077133,0.04014650359749794,0.07388617098331451,0.05140401050448418,0.03878837823867798,0.05598270148038864
318,10.6,,,,insightface_bbox,0.5997185707092285,0.0,607.9727172851562,745.34375,2392.163330078125,0,0,1,0,0,0,0,0,0,0,0,0,0.0496336854994297,0.03347435221076012,0.2703359127044678,0.05411059036850929,0.009531013667583466,0.024865709245204926,0.01190260425209999,0.03568045049905777,0.06598957628011703,0.04597543925046921,0.033665601164102554,0.046326689422130585
319,10.633333333333333,,,,insightface_bbox,0.5997185707092285,0.0,607.9727172851562,745.34375,2392.163330078125,0,0,1,0,0,0,0,0,0,0,0,0,0.05091322585940361,0.03401772305369377,0.2643827795982361,0.055543895810842514,0.009790310636162758,0.024379216134548187,0.011471119709312916,0.03529687598347664,0.06841668486595154,0.04605274647474289,0.0317959263920784,0.04671496897935867
320,10.666666666666666,,,,insightface_bbox,0.5997185707092285,0.0,607.9727172851562,745.34375,2392.163330078125,0,0,1,0,0,0,0,0,0,0,0,0,0.0508478619158268,0.035111553966999054,0.276029497385025,0.05850233510136604,0.010049788281321526,0.02451198361814022,0.011471131816506386,0.03485403209924698,0.06859859824180603,0.04431542754173279,0.03179549053311348,0.04615791141986847
321,10.7,,,,insightface_bbox,0.5997185707092285,0.0,607.9727172851562,745.34375,2392.163330078125,0,0,1,0,0,0,0,0,0,0,0,0,0.05177890509366989,0.03670872747898102,0.3063364028930664,0.062243521213531494,0.010371753014624119,0.025356624275445938,0.012337573803961277,0.035487838089466095,0.06985779106616974,0.04428589344024658,0.03437526896595955,0.04778142273426056
322,10.733333333333333,,,,insightface_bbox,0.5997185707092285,0.0,607.9727172851562,745.34375,2392.163330078125,0,0,1,0,0,0,0,0,0,0,0,0,0.05111603066325188,0.036371175199747086,0.31234675645828247,0.06171755492687225,0.010316642932593822,0.025506723672151566,0.012548045255243778,0.03541962057352066,0.06907017529010773,0.04384646192193031,0.03551316633820534,0.047896649688482285
323,10.766666666666667,,,,insightface_bbox,0.5997185707092285,0.0,607.9727172851562,745.34375,2392.163330078125,0,0,1,0,0,0,0,0,0,0,0,0,0.05120348557829857,0.03633234277367592,0.3127904236316681,0.062045514583587646,0.010239649564027786,0.02539830468595028,0.012637673877179623,0.035438038408756256,0.06972473859786987,0.044443242251873016,0.0352570079267025,0.04816453158855438
324,10.8,,,,insightface_bbox,0.6379453539848328,0.0,619.4310913085938,725.4953002929688,2386.00830078125,0,0,1,0,0,0,0,0,0,0,0,0,0.04871135577559471,0.032757751643657684,0.2404409646987915,0.05037452280521393,0.009560034610331059,0.023895006626844406,0.012734999880194664,0.03869651257991791,0.07187488675117493,0.051065053790807724,0.03596024215221405,0.05219835788011551
325,10.833333333333334,,,,insightface_bbox,0.6379453539848328,0.0,619.4310913085938,725.4953002929688,2386.00830078125,0,0,1,0,0,0,0,0,0,0,0,0,0.04861491918563843,0.03167407214641571,0.2377261221408844,0.04695738106966019,0.009297815151512623,0.02389911189675331,0.013626733794808388,0.03921324759721756,0.07579592615365982,0.05362337455153465,0.03460059314966202,0.05296215042471886
326,10.866666666666667,,,,insightface_bbox,0.6379453539848328,0.0,619.4310913085938,725.4953002929688,2386.00830078125,0,0,1,0,0,0,0,0,0,0,0,0,0.049719441682100296,0.03222893550992012,0.23788538575172424,0.04779710993170738,0.009381025098264217,0.023924903944134712,0.013511275872588158,0.038607094436883926,0.07476663589477539,0.05311736837029457,0.03327317163348198,0.052406616508960724
327,10.9,,,,insightface_bbox,0.6379453539848328,0.0,619.4310913085938,725.4953002929688,2386.00830078125,0,0,1,0,0,0,0,0,0,0,0,0,0.050841234624385834,0.032614242285490036,0.24525532126426697,0.04872145131230354,0.009505076333880424,0.0242332573980093,0.014095639809966087,0.03977035731077194,0.07821523398160934,0.056205183267593384,0.03281785547733307,0.05392642319202423
328,10.933333333333334,,,,insightface_bbox,0.6379453539848328,0.0,619.4310913085938,725.4953002929688,2386.00830078125,0,0,1,0,0,0,0,0,0,0,0,0,0.05064316466450691,0.03258051723241806,0.25379693508148193,0.04951383173465729,0.00921243242919445,0.023656459525227547,0.013551931828260422,0.038262415677309036,0.07644525170326233,0.05451611429452896,0.032592251896858215,0.0528915598988533
329,10.966666666666667,,,,insightface_bbox,0.6379453539848328,0.0,619.4310913085938,725.4953002929688,2386.00830078125,0,0,1,0,0,0,0,0,0,0,0,0,0.05024637654423714,0.032025326043367386,0.24185097217559814,0.0481940433382988,0.009083383716642857,0.02315618470311165,0.01347122248262167,0.03801693394780159,0.07620051503181458,0.05417417734861374,0.030538540333509445,0.05146760866045952
330,11.0,,,,insightface_bbox,0.6412838101387024,0.0,645.1912841796875,703.400634765625,2356.416015625,0,0,1,0,0,0,0,0,0,0,0,0,0.056509166955947876,0.034217774868011475,0.3217495083808899,0.04185982793569565,0.01203928329050541,0.029273327440023422,0.017920710146427155,0.04638075828552246,0.08416492491960526,0.05503099039196968,0.08034486323595047,0.07292964309453964
