frame_idx,frame_time_in_ms,pitch,yaw,roll,face_alignment_method,face_detection_score,face_bbox_xmin,face_bbox_ymin,face_bbox_xmax,face_bbox_ymax,au_1,au_2,au_4,au_6,au_7,au_10,au_12,au_14,au_15,au_17,au_23,au_24,au_1_intensity,au_2_intensity,au_4_intensity,au_5_intensity,au_6_intensity,au_9_intensity,au_12_intensity,au_15_intensity,au_17_intensity,au_20_intensity,au_25_intensity,au_26_intensity
0,0.0,,,,insightface_bbox,0.7252952456474304,1079.2274169921875,689.2630615234375,2056.73388671875,2505.37109375,0,0,0,0,0,0,0,0,0,0,0,0,0.04570942744612694,0.024970244616270065,0.09196610748767853,0.037156473845243454,0.008772671222686768,0.02667931839823723,0.01204214058816433,0.047860242426395416,0.08640940487384796,0.08865196257829666,0.0514715202152729,0.06898649036884308
1,0.03333333333333333,,,,insightface_bbox,0.7252952456474304,1079.2274169921875,689.2630615234375,2056.73388671875,2505.37109375,0,0,0,0,0,0,0,0,0,0,0,0,0.05749490112066269,0.03711409866809845,0.07219164073467255,0.058135345578193665,0.013410736806690693,0.037764113396406174,0.022814014926552773,0.05080762878060341,0.08578953146934509,0.09912526607513428,0.11148151755332947,0.11198586225509644
2,0.06666666666666667,,,,insightface_bbox,0.7252952456474304,1079.2274169921875,689.2630615234375,2056.73388671875,2505.37109375,0,0,0,0,0,0,0,0,0,0,0,0,0.06049027666449547,0.04176032170653343,0.06536170840263367,0.06881146132946014,0.014731344766914845,0.041857652366161346,0.02413889206945896,0.05211859196424484,0.078609399497509,0.08781185746192932,0.187387153506279,0.1407463103532791
3,0.1,,,,insightface_bbox,0.7252952456474304,1079.2274169921875,689.2630615234375,2056.73388671875,2505.37109375,0,0,0,0,0,0,0,0,0,0,0,0,0.06276321411132812,0.04338310658931732,0.06487002968788147,0.07242553681135178,0.01422562263906002,0.04168636351823807,0.025091413408517838,0.04881810396909714,0.07223423570394516,0.08525024354457855,0.2052503079175949,0.15706408023834229
4,0.13333333333333333,,,,insightface_bbox,0.7252952456474304,1079.2274169921875,689.2630615234375,2056.73388671875,2505.37109375,0,0,0,0,0,0,0,0,0,0,0,0,0.06247549504041672,0.04247741401195526,0.06490490585565567,0.06880226731300354,0.013995975255966187,0.042049042880535126,0.027312468737363815,0.04929829761385918,0.07223719358444214,0.08590154349803925,0.19781774282455444,0.15395650267601013
5,0.16666666666666666,,,,insightface_bbox,0.7252952456474304,1079.2274169921875,689.2630615234375,2056.73388671875,2505.37109375,0,0,0,0,0,0,0,0,0,0,0,0,0.06341264396905899,0.04408881068229675,0.06393168121576309,0.07440169900655746,0.01480112038552761,0.04418491572141647,0.031312502920627594,0.051692891865968704,0.07470167428255081,0.08959938585758209,0.2209336906671524,0.16210299730300903
6,0.2,,,,insightface_bbox,0.6922054886817932,1074.182373046875,715.7059326171875,2059.59814453125,2505.7666015625,0,0,0,0,0,0,0,0,0,0,0,0,0.09200827777385712,0.06301727890968323,0.10863800346851349,0.14454594254493713,0.018677685409784317,0.05138436332345009,0.04692021757364273,0.06612512469291687,0.07446924597024918,0.09786330163478851,0.24216029047966003,0.20089255273342133
7,0.23333333333333334,,,,insightface_bbox,0.6922054886817932,1074.182373046875,715.7059326171875,2059.59814453125,2505.7666015625,0,0,0,0,0,0,0,0,0,0,0,0,0.09418395161628723,0.06549610942602158,0.11045075953006744,0.15151406824588776,0.0188194140791893,0.05235587805509567,0.048456545919179916,0.06711733341217041,0.07502418011426926,0.09964703768491745,0.2589225471019745,0.20856207609176636
8,0.26666666666666666,,,,insightface_bbox,0.6922054886817932,1074.182373046875,715.7059326171875,2059.59814453125,2505.7666015625,0,0,0,0,0,0,0,0,0,0,0,0,0.09527815878391266,0.06597529351711273,0.11020268499851227,0.15589545667171478,0.018910329788923264,0.05272609740495682,0.04768173769116402,0.06899648159742355,0.07607756555080414,0.10106447339057922,0.26295149326324463,0.20585060119628906
9,0.3,,,,insightface_bbox,0.6922054886817932,1074.182373046875,715.7059326171875,2059.59814453125,2505.7666015625,0,0,0,0,0,0,0,0,0,0,0,0,0.09603051841259003,0.06593029201030731,0.10809317976236343,0.155011847615242,0.019065894186496735,0.05202376842498779,0.04720235615968704,0.06962527334690094,0.07584673166275024,0.10035347938537598,0.2565808594226837,0.2029821276664734
10,0.3333333333333333,,,,insightface_bbox,0.6922054886817932,1074.182373046875,715.7059326171875,2059.59814453125,2505.7666015625,0,0,0,0,0,0,0,0,0,0,0,0,0.09704241156578064,0.06747522205114365,0.10498708486557007,0.16006065905094147,0.01916676014661789,0.05337214469909668,0.0483834445476532,0.07147417217493057,0.07767833769321442,0.10313007980585098,0.2719142436981201,0.20790858566761017
11,0.36666666666666664,,,,insightface_bbox,0.6922054886817932,1074.182373046875,715.7059326171875,2059.59814453125,2505.7666015625,0,0,0,0,0,0,0,0,0,0,0,0,0.09524387121200562,0.0669538825750351,0.10406070202589035,0.1569841206073761,0.01866239495575428,0.05353877693414688,0.046256404370069504,0.07052548229694366,0.07892458885908127,0.10379933565855026,0.2753245234489441,0.21419109404087067
12,0.4,,,,insightface_bbox,0.6976518630981445,1078.589111328125,718.1185913085938,2054.940673828125,2507.671875,0,0,0,0,0,0,0,0,0,0,0,0,0.06637033820152283,0.04737257584929466,0.06370873004198074,0.07753967493772507,0.01530979759991169,0.04548308998346329,0.03185342252254486,0.05340263992547989,0.07488778978586197,0.08865255117416382,0.17550131678581238,0.16496190428733826
13,0.43333333333333335,,,,insightface_bbox,0.6976518630981445,1078.589111328125,718.1185913085938,2054.940673828125,2507.671875,0,0,0,0,0,0,0,0,0,0,0,0,0.06463795155286789,0.046315357089042664,0.06024663895368576,0.07627905905246735,0.014633186161518097,0.04398036003112793,0.027016514912247658,0.052021950483322144,0.07359536737203598,0.08859559893608093,0.16940785944461823,0.16172277927398682
14,0.4666666666666667,,,,insightface_bbox,0.6976518630981445,1078.589111328125,718.1185913085938,2054.940673828125,2507.671875,0,0,0,0,0,0,0,0,0,0,0,0,0.07069081813097,0.05164244771003723,0.06506872922182083,0.08430361747741699,0.01553224865347147,0.04483931139111519,0.027144651859998703,0.055039241909980774,0.07569628953933716,0.09104964137077332,0.2016943395137787,0.17408691346645355
15,0.5,,,,insightface_bbox,0.6976518630981445,1078.589111328125,718.1185913085938,2054.940673828125,2507.671875,0,0,0,0,0,0,0,0,0,0,0,0,0.07445760816335678,0.0534239336848259,0.0674896389245987,0.08902883529663086,0.01597609370946884,0.04766293615102768,0.02488473244011402,0.05691474676132202,0.08162996917963028,0.09308825433254242,0.2458777129650116,0.18918006122112274
16,0.5333333333333333,,,,insightface_bbox,0.6976518630981445,1078.589111328125,718.1185913085938,2054.940673828125,2507.671875,0,0,0,0,0,0,0,0,0,0,0,0,0.07502749562263489,0.05264289677143097,0.06932691484689713,0.08419933915138245,0.016507726162672043,0.049603842198848724,0.02269698493182659,0.05643129348754883,0.08153900504112244,0.09020093828439713,0.2609137296676636,0.1782037913799286
17,0.5666666666666667,,,,insightface_bbox,0.6976518630981445,1078.589111328125,718.1185913085938,2054.940673828125,2507.671875,0,0,0,0,0,0,0,0,0,0,0,0,0.08010292053222656,0.055833812803030014,0.07321545481681824,0.09047472476959229,0.016926031559705734,0.05374967306852341,0.023938864469528198,0.05760527402162552,0.08686794340610504,0.09213411808013916,0.26808714866638184,0.17910662293434143
18,0.6,,,,insightface_bbox,0.7501137852668762,1089.596435546875,752.1358032226562,2064.0,2536.1474609375,0,0,0,0,0,0,0,0,0,0,0,0,0.07736841589212418,0.05386144295334816,0.073092021048069,0.08383329957723618,0.01697559840977192,0.05458797514438629,0.025699324905872345,0.056360360234975815,0.08634310960769653,0.09112761914730072,0.28491082787513733,0.18725337088108063
19,0.6333333333333333,,,,insightface_bbox,0.7501137852668762,1089.596435546875,752.1358032226562,2064.0,2536.1474609375,0,0,0,0,0,0,0,0,0,0,0,0,0.07734233886003494,0.05392860993742943,0.07648366689682007,0.08507408201694489,0.016853921115398407,0.057799216359853745,0.026578770950436592,0.05693642795085907,0.09135979413986206,0.09448744356632233,0.2711610794067383,0.18690752983093262
20,0.6666666666666666,,,,insightface_bbox,0.7501137852668762,1089.596435546875,752.1358032226562,2064.0,2536.1474609375,0,0,0,0,0,0,0,0,0,0,0,0,0.07815104722976685,0.055565036833286285,0.08179335296154022,0.08605782687664032,0.017893111333251,0.06506115943193436,0.027312377467751503,0.059127505868673325,0.09383997321128845,0.0957021564245224,0.2823486328125,0.18791744112968445
21,0.7,,,,insightface_bbox,0.7501137852668762,1089.596435546875,752.1358032226562,2064.0,2536.1474609375,0,0,0,0,0,0,0,0,0,0,0,0,0.07769055664539337,0.05497724190354347,0.08159880340099335,0.08482907712459564,0.018064284697175026,0.06493112444877625,0.028449734672904015,0.05846339464187622,0.09376667439937592,0.09481999278068542,0.28918710350990295,0.1925244927406311
22,0.7333333333333333,,,,insightface_bbox,0.7501137852668762,1089.596435546875,752.1358032226562,2064.0,2536.1474609375,0,0,0,0,0,0,0,0,0,0,0,0,0.07628339529037476,0.05435159429907799,0.07930830866098404,0.08273832499980927,0.017819782719016075,0.06485092639923096,0.02995334193110466,0.05698143690824509,0.09267790615558624,0.09577983617782593,0.3162537217140198,0.2027808129787445
23,0.7666666666666667,,,,insightface_bbox,0.7501137852668762,1089.596435546875,752.1358032226562,2064.0,2536.1474609375,0,0,0,0,0,0,0,0,0,0,0,0,0.07393428683280945,0.051322951912879944,0.07887478172779083,0.07610560953617096,0.016298096626996994,0.05904003232717514,0.02935943379998207,0.05411349982023239,0.0897262915968895,0.09191960841417313,0.297285258769989,0.20091038942337036
24,0.8,,,,insightface_bbox,0.7559316754341125,1085.647216796875,770.5067749023438,2064.0,2539.089111328125,0,0,0,0,0,0,0,0,0,0,0,0,0.07662371546030045,0.05665748566389084,0.07119908928871155,0.0925920307636261,0.017467213794589043,0.06256955862045288,0.027931980788707733,0.05825371295213699,0.08067189157009125,0.09587427973747253,0.3343963325023651,0.17754018306732178
25,0.8333333333333334,,,,insightface_bbox,0.7559316754341125,1085.647216796875,770.5067749023438,2064.0,2539.089111328125,0,0,0,0,0,0,0,0,0,0,0,0,0.07712507247924805,0.059084367007017136,0.07808871567249298,0.09940139204263687,0.01758502796292305,0.07014435529708862,0.02966286800801754,0.06252279132604599,0.08546539396047592,0.09957125782966614,0.3711339831352234,0.19143494963645935
26,0.8666666666666667,,,,insightface_bbox,0.7559316754341125,1085.647216796875,770.5067749023438,2064.0,2539.089111328125,0,0,0,0,0,0,0,0,0,0,0,0,0.07846251130104065,0.059617143124341965,0.08004092425107956,0.10181576758623123,0.017686152830719948,0.07249367237091064,0.02979268878698349,0.0640784353017807,0.08653490245342255,0.10148020088672638,0.3619900047779083,0.18507817387580872
27,0.9,,,,insightface_bbox,0.7559316754341125,1085.647216796875,770.5067749023438,2064.0,2539.089111328125,0,0,0,0,0,0,0,0,0,0,0,0,0.08136630803346634,0.060983359813690186,0.08343099802732468,0.1041535958647728,0.017352420836687088,0.0741848275065422,0.02931107021868229,0.06543523073196411,0.08915726095438004,0.10318253934383392,0.3519992232322693,0.18629597127437592
28,0.9333333333333333,,,,insightface_bbox,0.7559316754341125,1085.647216796875,770.5067749023438,2064.0,2539.089111328125,0,0,0,0,0,0,0,0,0,0,0,0,0.08247223496437073,0.06013086438179016,0.08286755532026291,0.10133606195449829,0.016553936526179314,0.0737663060426712,0.02822279930114746,0.06451108306646347,0.09002120792865753,0.10285460948944092,0.33540093898773193,0.18258242309093475
29,0.9666666666666667,,,,insightface_bbox,0.7559316754341125,1085.647216796875,770.5067749023438,2064.0,2539.089111328125,0,0,0,0,0,0,0,0,0,0,0,0,0.083561010658741,0.06062868610024452,0.08431433141231537,0.10128114372491837,0.016285546123981476,0.07306159287691116,0.02865024097263813,0.06460422277450562,0.09151303768157959,0.10310571640729904,0.3227234482765198,0.18196111917495728
30,1.0,,,,insightface_bbox,0.7631490230560303,1077.6824951171875,771.7665405273438,2064.0,2535.999755859375,0,0,0,0,0,0,0,0,0,0,0,0,0.08878934383392334,0.06237972527742386,0.11259207129478455,0.12737590074539185,0.015167695470154285,0.07984153181314468,0.03692324459552765,0.07068387418985367,0.08371394127607346,0.10794351994991302,0.33097490668296814,0.1811942160129547
31,1.0333333333333334,,,,insightface_bbox,0.7631490230560303,1077.6824951171875,771.7665405273438,2064.0,2535.999755859375,0,0,0,0,0,0,0,0,0,0,0,0,0.0885913148522377,0.05841629579663277,0.11212226748466492,0.11756464838981628,0.014241020195186138,0.07249823957681656,0.032993901520967484,0.06546541303396225,0.08187372237443924,0.10260322690010071,0.32087814807891846,0.17946580052375793
32,1.0666666666666667,,,,insightface_bbox,0.7631490230560303,1077.6824951171875,771.7665405273438,2064.0,2535.999755859375,0,0,0,0,0,0,0,0,0,0,0,0,0.08976040780544281,0.05849086493253708,0.1143011599779129,0.11530853807926178,0.01402958296239376,0.0713537409901619,0.02991517260670662,0.06612630188465118,0.08788108825683594,0.10360179841518402,0.3091413378715515,0.1751771867275238
33,1.1,,,,insightface_bbox,0.7631490230560303,1077.6824951171875,771.7665405273438,2064.0,2535.999755859375,0,0,0,0,0,0,0,0,0,0,0,0,0.08592262864112854,0.05685974285006523,0.10650140047073364,0.11106963455677032,0.014018026180565357,0.0765506774187088,0.02749248594045639,0.0682680606842041,0.09401556104421616,0.10311931371688843,0.3164196312427521,0.1795516163110733
34,1.1333333333333333,,,,insightface_bbox,0.7631490230560303,1077.6824951171875,771.7665405273438,2064.0,2535.999755859375,0,0,0,0,0,0,0,0,0,0,0,0,0.0846286192536354,0.05455922335386276,0.10873939096927643,0.10727600753307343,0.014522429555654526,0.0768413171172142,0.029538355767726898,0.06922914832830429,0.09667561203241348,0.10254495590925217,0.3121739327907562,0.190214142203331
35,1.1666666666666667,,,,insightface_bbox,0.7631490230560303,1077.6824951171875,771.7665405273438,2064.0,2535.999755859375,0,0,0,0,0,0,0,0,0,0,0,0,0.07883626222610474,0.05077039450407028,0.10340547561645508,0.0970485657453537,0.014747841283679008,0.07284806668758392,0.028505224734544754,0.06643197685480118,0.08783362805843353,0.09563063085079193,0.3154069483280182,0.17848333716392517
36,1.2,,,,insightface_bbox,0.7480848431587219,1086.210693359375,757.97607421875,2064.0,2611.572509765625,0,0,0,0,0,0,0,0,0,0,0,0,0.09381817281246185,0.058458566665649414,0.13011159002780914,0.1321531981229782,0.01606505550444126,0.08192197233438492,0.03141096979379654,0.07471422851085663,0.08747129142284393,0.09620724618434906,0.2749694585800171,0.1493505835533142
37,1.2333333333333334,,,,insightface_bbox,0.7480848431587219,1086.210693359375,757.97607421875,2064.0,2611.572509765625,0,0,0,0,0,0,0,0,0,0,0,0,0.1021319180727005,0.06546076387166977,0.1425398290157318,0.15620216727256775,0.017787231132388115,0.09285244345664978,0.036280933767557144,0.08066663146018982,0.08742871880531311,0.09879401326179504,0.33859777450561523,0.1520776003599167
38,1.2666666666666666,,,,insightface_bbox,0.7480848431587219,1086.210693359375,757.97607421875,2064.0,2611.572509765625,0,0,0,0,0,0,0,0,0,0,0,0,0.10246224701404572,0.06550156325101852,0.1406293511390686,0.15576280653476715,0.01813490130007267,0.09371063113212585,0.03596958890557289,0.08070281893014908,0.0848519429564476,0.09936262667179108,0.3635246157646179,0.1571275293827057
39,1.3,,,,insightface_bbox,0.7480848431587219,1086.210693359375,757.97607421875,2064.0,2611.572509765625,0,0,0,0,0,0,0,0,0,0,0,0,0.10834704339504242,0.06719808280467987,0.14828914403915405,0.1668255776166916,0.01852838508784771,0.09627238661050797,0.037263303995132446,0.08235729485750198,0.08506359159946442,0.09743921458721161,0.3723391592502594,0.16019117832183838
40,1.3333333333333333,,,,insightface_bbox,0.7480848431587219,1086.210693359375,757.97607421875,2064.0,2611.572509765625,0,0,0,0,0,0,0,0,0,0,0,0,0.10964891314506531,0.06645715236663818,0.14662805199623108,0.16617171466350555,0.017845403403043747,0.08504995703697205,0.03389439731836319,0.07815930992364883,0.07860150188207626,0.09037252515554428,0.3346717357635498,0.15071642398834229
41,1.3666666666666667,,,,insightface_bbox,0.7480848431587219,1086.210693359375,757.97607421875,2064.0,2611.572509765625,0,0,0,0,0,0,0,0,0,0,0,0,0.10158783197402954,0.057721253484487534,0.13997958600521088,0.12760421633720398,0.016601279377937317,0.0764012485742569,0.02903261035680771,0.07155434042215347,0.07479477673768997,0.0844455435872078,0.28008198738098145,0.13721616566181183
42,1.4,,,,insightface_bbox,0.7469847202301025,1088.1170654296875,730.5399780273438,2064.0,2651.73388671875,0,0,0,0,0,0,0,0,0,0,0,0,0.10925450921058655,0.061088841408491135,0.17567303776741028,0.14284488558769226,0.016473522409796715,0.08845408260822296,0.03194344788789749,0.0754723772406578,0.08418955653905869,0.0905887633562088,0.25902634859085083,0.13059945404529572
43,1.4333333333333333,,,,insightface_bbox,0.7469847202301025,1088.1170654296875,730.5399780273438,2064.0,2651.73388671875,0,0,0,0,0,0,0,0,0,0,0,0,0.10999739170074463,0.06217058002948761,0.17254678905010223,0.14283213019371033,0.015982624143362045,0.08846183121204376,0.03179270029067993,0.07388228923082352,0.08385378122329712,0.09044493734836578,0.27322256565093994,0.1332540661096573
44,1.4666666666666666,,,,insightface_bbox,0.7469847202301025,1088.1170654296875,730.5399780273438,2064.0,2651.73388671875,0,0,0,0,0,0,0,0,0,0,0,0,0.10732303559780121,0.061384499073028564,0.16367357969284058,0.13877274096012115,0.015600977465510368,0.09039612114429474,0.03130613639950752,0.0726807713508606,0.08445452898740768,0.09044712781906128,0.2685331702232361,0.1322821080684662
45,1.5,,,,insightface_bbox,0.7469847202301025,1088.1170654296875,730.5399780273438,2064.0,2651.73388671875,0,0,0,0,0,0,0,0,0,0,0,0,0.10916651040315628,0.06259092688560486,0.16663791239261627,0.1387389600276947,0.01598455384373665,0.09927227348089218,0.03242159262299538,0.07493142038583755,0.08904305100440979,0.09355287998914719,0.27886876463890076,0.139691561460495
46,1.5333333333333334,,,,insightface_bbox,0.7469847202301025,1088.1170654296875,730.5399780273438,2064.0,2651.73388671875,0,0,0,0,0,0,0,0,0,0,0,0,0.1140078753232956,0.06442053616046906,0.18065528571605682,0.14576976001262665,0.016342714428901672,0.10346724838018417,0.034561093896627426,0.07707628607749939,0.09203492105007172,0.09554661810398102,0.29221686720848083,0.14755460619926453
47,1.5666666666666667,,,,insightface_bbox,0.7469847202301025,1088.1170654296875,730.5399780273438,2064.0,2651.73388671875,0,0,0,0,0,0,0,0,0,0,0,0,0.11685246229171753,0.06662558019161224,0.1892225444316864,0.15424902737140656,0.017181020230054855,0.1064462661743164,0.038852591067552567,0.079299196600914,0.09282834827899933,0.09750005602836609,0.3157668113708496,0.1545732170343399
48,1.6,,,,insightface_bbox,0.7397497296333313,1078.28564453125,734.892578125,2064.0,2630.6103515625,0,0,0,0,0,0,0,0,0,0,0,0,0.13282008469104767,0.07458281517028809,0.23126937448978424,0.1743902564048767,0.022080212831497192,0.11895336210727692,0.065235435962677,0.08797116577625275,0.1003548875451088,0.10833262652158737,0.35870417952537537,0.193064346909523
49,1.6333333333333333,,,,insightface_bbox,0.7397497296333313,1078.28564453125,734.892578125,2064.0,2630.6103515625,0,0,0,0,0,0,0,0,0,0,0,0,0.1265084445476532,0.07117660343647003,0.21445049345493317,0.16463759541511536,0.022055571898818016,0.11421328783035278,0.06240576133131981,0.08654158562421799,0.0981641411781311,0.10689198970794678,0.3440171182155609,0.19200025498867035
50,1.6666666666666667,,,,insightface_bbox,0.7397497296333313,1078.28564453125,734.892578125,2064.0,2630.6103515625,0,0,0,0,0,0,0,0,0,0,0,0,0.12953072786331177,0.0733729675412178,0.2249724268913269,0.17117345333099365,0.022646738216280937,0.12005705386400223,0.06613429635763168,0.0882110744714737,0.10031316429376602,0.10906901210546494,0.3662942051887512,0.1972259283065796
51,1.7,,,,insightface_bbox,0.7397497296333313,1078.28564453125,734.892578125,2064.0,2630.6103515625,0,0,0,0,0,0,0,0,0,0,0,0,0.13089534640312195,0.07409928739070892,0.22903528809547424,0.17142683267593384,0.022967606782913208,0.12246311455965042,0.06887922435998917,0.08866052329540253,0.10149859637022018,0.11025427281856537,0.3764856457710266,0.20168620347976685
52,1.7333333333333334,,,,insightface_bbox,0.7397497296333313,1078.28564453125,734.892578125,2064.0,2630.6103515625,0,0,0,0,0,0,0,0,0,0,0,0,0.13227832317352295,0.07482759654521942,0.23529621958732605,0.1756834089756012,0.023215685039758682,0.12479427456855774,0.0719529539346695,0.08949372172355652,0.10235486924648285,0.11098771542310715,0.3828533887863159,0.20549249649047852
53,1.7666666666666666,,,,insightface_bbox,0.7397497296333313,1078.28564453125,734.892578125,2064.0,2630.6103515625,0,0,0,0,0,0,0,0,0,0,0,0,0.13211989402770996,0.07470791041851044,0.23368431627750397,0.1776885688304901,0.02286067046225071,0.12422860413789749,0.07107473164796829,0.08982440829277039,0.10299307107925415,0.11169303208589554,0.38118574023246765,0.2064552903175354
54,1.8,,,,insightface_bbox,0.739026665687561,1080.9473876953125,727.58251953125,2064.0,2632.251220703125,0,0,0,0,0,0,0,0,0,0,0,0,0.12435546517372131,0.07105569541454315,0.21508662402629852,0.17445793747901917,0.021831635385751724,0.11241435259580612,0.06861484795808792,0.08720126748085022,0.09957552701234818,0.1091906726360321,0.36204811930656433,0.20291554927825928
55,1.8333333333333333,,,,insightface_bbox,0.739026665687561,1080.9473876953125,727.58251953125,2064.0,2632.251220703125,0,0,0,0,0,0,0,0,0,0,0,0,0.12218116968870163,0.06946948915719986,0.21041685342788696,0.17154425382614136,0.02133067697286606,0.11077913641929626,0.0651426613330841,0.08757449686527252,0.10143458843231201,0.10918375104665756,0.3509165048599243,0.20156246423721313
56,1.8666666666666667,,,,insightface_bbox,0.739026665687561,1080.9473876953125,727.58251953125,2064.0,2632.251220703125,0,0,0,0,0,0,0,0,0,0,0,0,0.12058451026678085,0.06730596721172333,0.20980149507522583,0.16501489281654358,0.020902512595057487,0.11075398325920105,0.06030431017279625,0.08740008622407913,0.10374732315540314,0.1083209440112114,0.32907921075820923,0.19439829885959625
57,1.9,,,,insightface_bbox,0.739026665687561,1080.9473876953125,727.58251953125,2064.0,2632.251220703125,0,0,0,0,0,0,0,0,0,0,0,0,0.11853552609682083,0.06517986208200455,0.20398379862308502,0.15802067518234253,0.020042352378368378,0.11067809164524078,0.054632268846035004,0.0869702473282814,0.10597106069326401,0.10808393359184265,0.31307485699653625,0.1895449459552765
58,1.9333333333333333,,,,insightface_bbox,0.739026665687561,1080.9473876953125,727.58251953125,2064.0,2632.251220703125,0,0,0,0,0,0,0,0,0,0,0,0,0.11887579411268234,0.06577922403812408,0.2018568068742752,0.1602000594139099,0.020078785717487335,0.10911960154771805,0.05505233258008957,0.08724323660135269,0.10520626604557037,0.10858706384897232,0.31074023246765137,0.1884438395500183
59,1.9666666666666666,,,,insightface_bbox,0.739026665687561,1080.9473876953125,727.58251953125,2064.0,2632.251220703125,0,0,0,0,0,0,0,0,0,0,0,0,0.11793243885040283,0.06539890170097351,0.19734659790992737,0.1591554582118988,0.01969182677567005,0.10661870986223221,0.05320381745696068,0.08715303242206573,0.10497435927391052,0.1088164895772934,0.3007659316062927,0.18481293320655823
60,2.0,,,,insightface_bbox,0.7408738136291504,1081.9176025390625,702.211181640625,2064.0,2631.503662109375,0,0,0,0,0,0,0,0,0,0,0,0,0.1136440858244896,0.06431050598621368,0.18598021566867828,0.15915492177009583,0.019086960703134537,0.10205313563346863,0.05245783179998398,0.08538368344306946,0.10122650116682053,0.10831798613071442,0.28934019804000854,0.1798608899116516
61,2.033333333333333,,,,insightface_bbox,0.7408738136291504,1081.9176025390625,702.211181640625,2064.0,2631.503662109375,0,0,0,0,0,0,0,0,0,0,0,0,0.10698390007019043,0.061098936945199966,0.167257621884346,0.14552420377731323,0.018264221027493477,0.0995754823088646,0.047057077288627625,0.08292555809020996,0.10185644030570984,0.10813726484775543,0.2550189793109894,0.16737693548202515
62,2.066666666666667,,,,insightface_bbox,0.7408738136291504,1081.9176025390625,702.211181640625,2064.0,2631.503662109375,0,0,0,0,0,0,0,0,0,0,0,0,0.10081648081541061,0.05890528857707977,0.1367868185043335,0.11789366602897644,0.017414173111319542,0.09547139704227448,0.04383237659931183,0.07997744530439377,0.10887832939624786,0.1142539232969284,0.24753855168819427,0.17952179908752441
63,2.1,,,,insightface_bbox,0.7408738136291504,1081.9176025390625,702.211181640625,2064.0,2631.503662109375,0,0,0,0,0,0,0,0,0,0,0,0,0.0900842696428299,0.055548109114170074,0.12244832515716553,0.10489220917224884,0.020822349935770035,0.08718990534543991,0.05366816744208336,0.07725401222705841,0.09937500953674316,0.11917579919099808,0.266908198595047,0.19014349579811096
64,2.1333333333333333,,,,insightface_bbox,0.7408738136291504,1081.9176025390625,702.211181640625,2064.0,2631.503662109375,0,0,0,0,0,0,0,0,0,0,0,0,0.08238193392753601,0.05498294532299042,0.11071350425481796,0.09945552796125412,0.020966866984963417,0.08508839458227158,0.053373828530311584,0.07756185531616211,0.09646646678447723,0.12345413863658905,0.3215074837207794,0.20535112917423248
65,2.1666666666666665,,,,insightface_bbox,0.7408738136291504,1081.9176025390625,702.211181640625,2064.0,2631.503662109375,0,0,0,0,0,0,0,0,0,0,0,0,0.07786967605352402,0.05406194180250168,0.09695588052272797,0.09805596619844437,0.019913921132683754,0.07659438997507095,0.05357346683740616,0.07459226995706558,0.08767210692167282,0.11972096562385559,0.3434225916862488,0.2000703662633896
66,2.2,,,,insightface_bbox,0.7132919430732727,1076.663330078125,740.6007690429688,2064.0,2516.23388671875,0,0,0,0,0,0,0,0,0,0,0,0,0.06739427149295807,0.0466543473303318,0.08752560615539551,0.07151487469673157,0.01653544418513775,0.07534448802471161,0.025563988834619522,0.06994540989398956,0.08563206344842911,0.10305649042129517,0.22208130359649658,0.11772826313972473
67,2.2333333333333334,,,,insightface_bbox,0.7132919430732727,1076.663330078125,740.6007690429688,2064.0,2516.23388671875,0,0,0,0,0,0,0,0,0,0,0,0,0.07330980151891708,0.05123959854245186,0.09265131503343582,0.08056697249412537,0.0169683787971735,0.07679608464241028,0.027212876826524734,0.07339902967214584,0.08703657239675522,0.10633599013090134,0.22810572385787964,0.12296940386295319
68,2.2666666666666666,,,,insightface_bbox,0.7132919430732727,1076.663330078125,740.6007690429688,2064.0,2516.23388671875,0,0,0,0,0,0,0,0,0,0,0,0,0.07854659110307693,0.05586567521095276,0.109560526907444,0.09094423055648804,0.01804942637681961,0.08554130047559738,0.035242918878793716,0.07840357720851898,0.090960793197155,0.11797592788934708,0.28815653920173645,0.1517179310321808
69,2.3,,,,insightface_bbox,0.7132919430732727,1076.663330078125,740.6007690429688,2064.0,2516.23388671875,0,0,0,0,0,0,0,0,0,0,0,0,0.08330222964286804,0.05878637731075287,0.11432231962680817,0.09772422909736633,0.019600503146648407,0.08944147080183029,0.04424509406089783,0.08172444254159927,0.09501627087593079,0.12431756407022476,0.3174942433834076,0.1758580505847931
70,2.3333333333333335,,,,insightface_bbox,0.7132919430732727,1076.663330078125,740.6007690429688,2064.0,2516.23388671875,0,0,0,0,0,0,0,0,0,0,0,0,0.08314980566501617,0.058022867888212204,0.11782757192850113,0.09558465331792831,0.02005007490515709,0.08863215148448944,0.049394287168979645,0.08076152205467224,0.09267628937959671,0.12262330949306488,0.3359040915966034,0.19511638581752777
71,2.3666666666666667,,,,insightface_bbox,0.7132919430732727,1076.663330078125,740.6007690429688,2064.0,2516.23388671875,0,0,0,0,0,0,0,0,0,0,0,0,0.08599749207496643,0.060119256377220154,0.11546358466148376,0.09983938187360764,0.019972607493400574,0.0853998139500618,0.05271870642900467,0.079903244972229,0.08995198458433151,0.12211710214614868,0.36256688833236694,0.20176582038402557
72,2.4,,,,insightface_bbox,0.7430364489555359,1059.771728515625,702.724853515625,2064.0,2556.020263671875,0,0,0,0,0,0,0,0,0,0,0,0,0.08101603388786316,0.05141230672597885,0.07494860142469406,0.08752691745758057,0.01645873859524727,0.07233662903308868,0.03257471323013306,0.05674227699637413,0.06861091405153275,0.09552343189716339,0.4519270658493042,0.1282682865858078
73,2.433333333333333,,,,insightface_bbox,0.7430364489555359,1059.771728515625,702.724853515625,2064.0,2556.020263671875,0,0,0,0,0,0,0,0,0,0,0,0,0.08870105445384979,0.05732398480176926,0.0890672355890274,0.09968625009059906,0.016319863498210907,0.09387749433517456,0.02661251462996006,0.0624619722366333,0.07510308176279068,0.09459271281957626,0.33817893266677856,0.12229133397340775
74,2.466666666666667,,,,insightface_bbox,0.7430364489555359,1059.771728515625,702.724853515625,2064.0,2556.020263671875,0,0,0,0,0,0,0,0,0,0,0,0,0.08603077381849289,0.05749126523733139,0.08518106490373611,0.09828655421733856,0.01513633131980896,0.09837467223405838,0.02682873047888279,0.06362150609493256,0.07796920090913773,0.09546962380409241,0.36552760004997253,0.1241525411605835
75,2.5,,,,insightface_bbox,0.7430364489555359,1059.771728515625,702.724853515625,2064.0,2556.020263671875,0,0,0,0,0,0,0,0,0,0,0,0,0.08658993989229202,0.058502115309238434,0.08947284519672394,0.10041248798370361,0.01516101136803627,0.09755165129899979,0.028903931379318237,0.06298407912254333,0.07734455913305283,0.09547978639602661,0.4708400070667267,0.12881258130073547
76,2.533333333333333,,,,insightface_bbox,0.7430364489555359,1059.771728515625,702.724853515625,2064.0,2556.020263671875,0,0,0,0,0,0,0,0,0,0,0,0,0.08657415211200714,0.06070956587791443,0.0916113406419754,0.10560595989227295,0.015228673815727234,0.10068537294864655,0.02974654547870159,0.06340550631284714,0.079046830534935,0.09781590849161148,0.5009387135505676,0.13187333941459656
77,2.566666666666667,,,,insightface_bbox,0.7430364489555359,1059.771728515625,702.724853515625,2064.0,2556.020263671875,0,0,0,0,0,0,0,0,0,0,0,0,0.08740417659282684,0.06165427714586258,0.09503631293773651,0.11042015254497528,0.015209298580884933,0.10412898659706116,0.03155561164021492,0.06371519714593887,0.08074001222848892,0.09825176000595093,0.4971506893634796,0.1358589231967926
78,2.6,,,,insightface_bbox,0.7580909729003906,1060.7620849609375,665.2359619140625,2064.0,2646.037841796875,0,0,0,0,0,0,0,0,0,0,0,0,0.0948822870850563,0.06273425370454788,0.10772964358329773,0.11556310951709747,0.01702236942946911,0.12744984030723572,0.03511433303356171,0.065139040350914,0.08517380058765411,0.09470225870609283,0.4354386031627655,0.1296946257352829
79,2.6333333333333333,,,,insightface_bbox,0.7580909729003906,1060.7620849609375,665.2359619140625,2064.0,2646.037841796875,0,0,0,0,0,0,0,0,0,0,0,0,0.09662012755870819,0.0637194961309433,0.11098689585924149,0.12116917222738266,0.017326820641756058,0.13644413650035858,0.03377661108970642,0.06425277143716812,0.0831742137670517,0.09047341346740723,0.484385222196579,0.12476271390914917
80,2.6666666666666665,,,,insightface_bbox,0.7580909729003906,1060.7620849609375,665.2359619140625,2064.0,2646.037841796875,0,0,0,0,0,0,0,0,0,0,0,0,0.09441684931516647,0.06143786013126373,0.10706228017807007,0.11571130901575089,0.016908658668398857,0.12844109535217285,0.030763722956180573,0.06203500181436539,0.08014566451311111,0.08705594390630722,0.4923844039440155,0.11945962905883789
81,2.7,,,,insightface_bbox,0.7580909729003906,1060.7620849609375,665.2359619140625,2064.0,2646.037841796875,0,0,0,0,0,0,0,0,0,0,0,0,0.09496501088142395,0.0623360276222229,0.10743914544582367,0.12195311486721039,0.01675288937985897,0.12236199527978897,0.029648318886756897,0.06172124296426773,0.07834523171186447,0.08582423627376556,0.5090847611427307,0.11901118606328964
82,2.7333333333333334,,,,insightface_bbox,0.7580909729003906,1060.7620849609375,665.2359619140625,2064.0,2646.037841796875,0,0,0,0,0,0,0,0,0,0,0,0,0.09454791247844696,0.06282807886600494,0.1129663810133934,0.12427528202533722,0.0165497288107872,0.13124646246433258,0.03089871071279049,0.06341278553009033,0.0815969705581665,0.08776074647903442,0.48862847685813904,0.12250491976737976
83,2.7666666666666666,,,,insightface_bbox,0.7580909729003906,1060.7620849609375,665.2359619140625,2064.0,2646.037841796875,0,0,0,0,0,0,0,0,0,0,0,0,0.0934489443898201,0.06338667124509811,0.11681714653968811,0.12498334050178528,0.01674691028892994,0.14125129580497742,0.03272147476673126,0.06473281234502792,0.08479472249746323,0.08953060954809189,0.47843533754348755,0.12706534564495087
84,2.8,,,,insightface_bbox,0.753787100315094,1059.81787109375,659.7714233398438,2064.0,2637.1513671875,0,0,0,0,0,0,0,0,0,0,0,0,0.09005466103553772,0.06223826855421066,0.11631489545106888,0.12387268990278244,0.016436945647001266,0.1480490118265152,0.034652721136808395,0.06529305130243301,0.08729152381420135,0.09046348929405212,0.45873403549194336,0.12965704500675201
85,2.8333333333333335,,,,insightface_bbox,0.753787100315094,1059.81787109375,659.7714233398438,2064.0,2637.1513671875,0,0,0,0,0,0,0,0,0,0,0,0,0.08964803814888,0.062424857169389725,0.1197536364197731,0.12671060860157013,0.016842039301991463,0.15389712154865265,0.037289656698703766,0.06740152090787888,0.09013661742210388,0.09325569868087769,0.4697648286819458,0.13337156176567078
86,2.8666666666666667,,,,insightface_bbox,0.753787100315094,1059.81787109375,659.7714233398438,2064.0,2637.1513671875,0,0,0,0,0,0,0,0,0,0,0,0,0.09040266275405884,0.061296671628952026,0.12247635424137115,0.12589477002620697,0.01655922457575798,0.15404528379440308,0.038228899240493774,0.06737332046031952,0.09235628694295883,0.09502886980772018,0.47479408979415894,0.13641853630542755
87,2.9,,,,insightface_bbox,0.753787100315094,1059.81787109375,659.7714233398438,2064.0,2637.1513671875,0,0,0,0,0,0,0,0,0,0,0,0,0.08704900741577148,0.056796763092279434,0.09918732941150665,0.1042872965335846,0.015555450692772865,0.12133817374706268,0.031205322593450546,0.060785483568906784,0.08198709040880203,0.0891742929816246,0.38681212067604065,0.121121346950531
88,2.933333333333333,,,,insightface_bbox,0.753787100315094,1059.81787109375,659.7714233398438,2064.0,2637.1513671875,0,0,0,0,0,0,0,0,0,0,0,0,0.08035305142402649,0.05136686563491821,0.0755314826965332,0.08834207057952881,0.013172119855880737,0.08513359725475311,0.02239413931965828,0.05483679100871086,0.07184921205043793,0.08086714893579483,0.35521960258483887,0.11418785154819489
89,2.966666666666667,,,,insightface_bbox,0.753787100315094,1059.81787109375,659.7714233398438,2064.0,2637.1513671875,0,0,0,0,0,0,0,0,0,0,0,0,0.07580998539924622,0.04911598563194275,0.0647391825914383,0.08910529315471649,0.012491758912801743,0.06564122438430786,0.022638686001300812,0.05312962085008621,0.06958874315023422,0.08178863674402237,0.3079948425292969,0.12455618381500244
90,3.0,,,,insightface_bbox,0.7317397594451904,1058.3280029296875,687.713623046875,2064.0,2579.908935546875,0,0,0,0,0,0,0,0,0,0,0,0,0.07574408501386642,0.053034182637929916,0.06823711097240448,0.09438759833574295,0.01305861584842205,0.07121739536523819,0.023991871625185013,0.05279587209224701,0.07094108313322067,0.08303716033697128,0.3344431221485138,0.12112966924905777
91,3.033333333333333,,,,insightface_bbox,0.7317397594451904,1058.3280029296875,687.713623046875,2064.0,2579.908935546875,0,0,0,0,0,0,0,0,0,0,0,0,0.07121340930461884,0.05035315081477165,0.059599619358778,0.08722341805696487,0.012911844998598099,0.06043444946408272,0.021995583549141884,0.04928387328982353,0.06461291760206223,0.08190856128931046,0.3137039840221405,0.11735428869724274
92,3.066666666666667,,,,insightface_bbox,0.7317397594451904,1058.3280029296875,687.713623046875,2064.0,2579.908935546875,0,0,0,0,0,0,0,0,0,0,0,0,0.07206887006759644,0.0500347763299942,0.0609908252954483,0.09141866862773895,0.013131270185112953,0.06027761101722717,0.023855429142713547,0.051513347774744034,0.06643807888031006,0.08375807106494904,0.2802296578884125,0.12108505517244339
93,3.1,,,,insightface_bbox,0.7317397594451904,1058.3280029296875,687.713623046875,2064.0,2579.908935546875,0,0,0,0,0,0,0,0,0,0,0,0,0.07387304306030273,0.04901016503572464,0.06285403668880463,0.09482623636722565,0.01398088876157999,0.0600866973400116,0.027037447318434715,0.05286281928420067,0.06641767174005508,0.08491416275501251,0.2698034346103668,0.12205510586500168
94,3.1333333333333333,,,,insightface_bbox,0.7317397594451904,1058.3280029296875,687.713623046875,2064.0,2579.908935546875,0,0,0,0,0,0,0,0,0,0,0,0,0.07666419446468353,0.05114291235804558,0.06508271396160126,0.10420415550470352,0.01469101756811142,0.060098469257354736,0.029558090493083,0.054860953241586685,0.06845758855342865,0.08414725959300995,0.27850598096847534,0.1304207146167755
95,3.1666666666666665,,,,insightface_bbox,0.7317397594451904,1058.3280029296875,687.713623046875,2064.0,2579.908935546875,0,0,0,0,0,0,0,0,0,0,0,0,0.096586212515831,0.06445129960775375,0.08998042345046997,0.13344551622867584,0.015805086120963097,0.08684994280338287,0.03023538924753666,0.06327661126852036,0.08212212473154068,0.08814321458339691,0.3495812714099884,0.14910918474197388
96,3.2,,,,insightface_bbox,0.7444010972976685,1071.0587158203125,670.4451293945312,2064.0,2631.74658203125,0,0,0,0,0,0,0,0,0,0,0,0,0.12269528210163116,0.07568367570638657,0.17719107866287231,0.20246610045433044,0.01944342814385891,0.14006051421165466,0.07835023105144501,0.09242783486843109,0.1012793630361557,0.12459824979305267,0.5459498763084412,0.19360370934009552
97,3.2333333333333334,,,,insightface_bbox,0.7444010972976685,1071.0587158203125,670.4451293945312,2064.0,2631.74658203125,0,0,0,0,0,0,0,0,0,0,0,0,0.12132880091667175,0.0830378532409668,0.1966283619403839,0.244069904088974,0.020284391939640045,0.19160151481628418,0.06076338142156601,0.09823763370513916,0.10374002158641815,0.12097305059432983,0.7200503349304199,0.18936997652053833
98,3.2666666666666666,,,,insightface_bbox,0.7444010972976685,1071.0587158203125,670.4451293945312,2064.0,2631.74658203125,0,0,0,0,0,0,0,0,0,0,0,0,0.08722309023141861,0.053264714777469635,0.1019216775894165,0.12930111587047577,0.014842985197901726,0.08067817240953445,0.02492564171552658,0.0665629506111145,0.07353861629962921,0.09490080922842026,0.5217533111572266,0.1474526822566986
99,3.3,,,,insightface_bbox,0.7444010972976685,1071.0587158203125,670.4451293945312,2064.0,2631.74658203125,0,0,0,0,0,0,0,0,0,0,0,0,0.0817590281367302,0.04999230057001114,0.08240890502929688,0.104633629322052,0.0138244042173028,0.07002086192369461,0.021404260769486427,0.05914803966879845,0.06810763478279114,0.08755381405353546,0.4840346574783325,0.13164672255516052
100,3.3333333333333335,,,,insightface_bbox,0.7444010972976685,1071.0587158203125,670.4451293945312,2064.0,2631.74658203125,0,0,0,0,0,0,0,0,0,0,0,0,0.08607295155525208,0.056082721799612045,0.08348707109689713,0.12023398280143738,0.014364305883646011,0.07229787856340408,0.021925920620560646,0.06127231568098068,0.0671117827296257,0.08599280565977097,0.49302423000335693,0.12980538606643677
101,3.3666666666666667,,,,insightface_bbox,0.7444010972976685,1071.0587158203125,670.4451293945312,2064.0,2631.74658203125,0,0,0,0,0,0,0,0,0,0,0,0,0.08721377700567245,0.05625438317656517,0.08211416006088257,0.1212124451994896,0.014492356218397617,0.07247742265462875,0.022498667240142822,0.06119796633720398,0.06774449348449707,0.08615879714488983,0.45111653208732605,0.13211476802825928
102,3.4,,,,insightface_bbox,0.7341190576553345,1054.6761474609375,712.4586181640625,2064.0,2490.030517578125,0,0,0,0,0,0,0,0,0,0,0,0,0.0884694904088974,0.05811827629804611,0.08171454817056656,0.13458846509456635,0.013205450028181076,0.06517620384693146,0.04282083362340927,0.06238134577870369,0.07387298345565796,0.09694583714008331,0.35405904054641724,0.14954271912574768
103,3.433333333333333,,,,insightface_bbox,0.7341190576553345,1054.6761474609375,712.4586181640625,2064.0,2490.030517578125,0,0,0,0,0,0,0,0,0,0,0,0,0.09364813566207886,0.05957867577672005,0.10133859515190125,0.15930339694023132,0.01374700479209423,0.07744334638118744,0.04068823158740997,0.06538742780685425,0.07776064425706863,0.09892472624778748,0.43829086422920227,0.15498287975788116
104,3.466666666666667,,,,insightface_bbox,0.7341190576553345,1054.6761474609375,712.4586181640625,2064.0,2490.030517578125,0,0,0,0,0,0,0,0,0,0,0,0,0.09828686714172363,0.06491914391517639,0.11974901705980301,0.14470291137695312,0.014584697782993317,0.12475627660751343,0.025648875162005424,0.06698334217071533,0.08536070585250854,0.08816707879304886,0.4001457989215851,0.12170164287090302
105,3.5,,,,insightface_bbox,0.7341190576553345,1054.6761474609375,712.4586181640625,2064.0,2490.030517578125,0,0,0,0,0,0,0,0,0,0,0,0,0.09659934043884277,0.06221814081072807,0.08440765738487244,0.13004718720912933,0.015836285427212715,0.06641576439142227,0.02174672670662403,0.05772475525736809,0.06325159966945648,0.08126168698072433,0.36345428228378296,0.11448805034160614
106,3.533333333333333,,,,insightface_bbox,0.7341190576553345,1054.6761474609375,712.4586181640625,2064.0,2490.030517578125,0,0,0,0,0,0,0,0,0,0,0,0,0.08895234763622284,0.05637779459357262,0.08845872431993484,0.12078569084405899,0.014630097895860672,0.06375321745872498,0.02399246208369732,0.057203568518161774,0.0631464421749115,0.08308708667755127,0.3118044435977936,0.1181335300207138
107,3.566666666666667,,,,insightface_bbox,0.7341190576553345,1054.6761474609375,712.4586181640625,2064.0,2490.030517578125,0,0,0,0,0,0,0,0,0,0,0,0,0.07853929698467255,0.05265134572982788,0.0905131846666336,0.109085813164711,0.013544335961341858,0.07747363299131393,0.021734217181801796,0.060263704508543015,0.07072049379348755,0.08394744247198105,0.2469199299812317,0.10938630253076553
108,3.6,,,,insightface_bbox,0.7431219220161438,1075.2005615234375,688.1586303710938,2064.0,2588.564697265625,0,0,0,0,0,0,0,0,0,0,0,0,0.09773421287536621,0.056917350739240646,0.14656540751457214,0.1328611820936203,0.014324543997645378,0.08832130581140518,0.02893347479403019,0.07126052677631378,0.07717093825340271,0.09804707020521164,0.3136119246482849,0.1265481412410736
109,3.6333333333333333,,,,insightface_bbox,0.7431219220161438,1075.2005615234375,688.1586303710938,2064.0,2588.564697265625,0,0,0,0,0,0,0,0,0,0,0,0,0.10251335054636002,0.062074534595012665,0.14736172556877136,0.14648881554603577,0.015356453135609627,0.08797203004360199,0.03207780793309212,0.07216888666152954,0.07552563399076462,0.09817912429571152,0.3366674482822418,0.136315256357193
110,3.6666666666666665,,,,insightface_bbox,0.7431219220161438,1075.2005615234375,688.1586303710938,2064.0,2588.564697265625,0,0,0,0,0,0,0,0,0,0,0,0,0.0980602279305458,0.06025229021906853,0.12189911305904388,0.12869270145893097,0.01715785078704357,0.07624246180057526,0.034557364881038666,0.07149987667798996,0.0792497843503952,0.1030770093202591,0.29621148109436035,0.14561012387275696
111,3.7,,,,insightface_bbox,0.7431219220161438,1075.2005615234375,688.1586303710938,2064.0,2588.564697265625,0,0,0,0,0,0,0,0,0,0,0,0,0.09688566625118256,0.059751130640506744,0.10331396758556366,0.12574686110019684,0.01574590429663658,0.06583511084318161,0.030168870463967323,0.06874097883701324,0.07674486935138702,0.10269847512245178,0.31097695231437683,0.15430815517902374
112,3.7333333333333334,,,,insightface_bbox,0.7431219220161438,1075.2005615234375,688.1586303710938,2064.0,2588.564697265625,0,0,0,0,0,0,0,0,0,0,0,0,0.100021131336689,0.06060958653688431,0.10718483477830887,0.13267801702022552,0.01641950197517872,0.06858175247907639,0.03207482770085335,0.06963028013706207,0.07898853719234467,0.10562095791101456,0.3225964307785034,0.16420944035053253
113,3.7666666666666666,,,,insightface_bbox,0.7431219220161438,1075.2005615234375,688.1586303710938,2064.0,2588.564697265625,0,0,0,0,0,0,0,0,0,0,0,0,0.10104436427354813,0.06042485684156418,0.11901307106018066,0.1283981055021286,0.016085639595985413,0.0721302330493927,0.03125199303030968,0.0673101469874382,0.07685300707817078,0.100076824426651,0.30535316467285156,0.1517103761434555
114,3.8,,,,insightface_bbox,0.6975340247154236,1071.9931640625,657.5093994140625,2064.0,2563.856689453125,0,0,0,0,0,0,0,0,0,0,0,0,0.09453928470611572,0.054552942514419556,0.10626615583896637,0.10926809161901474,0.016502972692251205,0.06587415933609009,0.029492506757378578,0.06429319083690643,0.0755142867565155,0.09813287109136581,0.2874601185321808,0.14903223514556885
115,3.8333333333333335,,,,insightface_bbox,0.6975340247154236,1071.9931640625,657.5093994140625,2064.0,2563.856689453125,0,0,0,0,0,0,0,0,0,0,0,0,0.09136192500591278,0.05584476515650749,0.10268381983041763,0.11532905697822571,0.01642708107829094,0.06594786047935486,0.030886895954608917,0.06605757772922516,0.07347683608531952,0.10181969404220581,0.3153883218765259,0.15408749878406525
116,3.8666666666666667,,,,insightface_bbox,0.6975340247154236,1071.9931640625,657.5093994140625,2064.0,2563.856689453125,0,0,0,0,0,0,0,0,0,0,0,0,0.08908767998218536,0.05626526102423668,0.09687996655702591,0.11802292615175247,0.016532834619283676,0.06220342963933945,0.032771266996860504,0.0657251700758934,0.07358821481466293,0.10396593809127808,0.3391464054584503,0.16921260952949524
117,3.9,,,,insightface_bbox,0.6975340247154236,1071.9931640625,657.5093994140625,2064.0,2563.856689453125,0,0,0,0,0,0,0,0,0,0,0,0,0.08896014094352722,0.05483076721429825,0.09699299931526184,0.11534297466278076,0.016703249886631966,0.060996077954769135,0.034157995134592056,0.06669479608535767,0.07492949068546295,0.10563004016876221,0.3227756917476654,0.16760855913162231
118,3.933333333333333,,,,insightface_bbox,0.6975340247154236,1071.9931640625,657.5093994140625,2064.0,2563.856689453125,0,0,0,0,0,0,0,0,0,0,0,0,0.09285314381122589,0.05638156831264496,0.10521368682384491,0.121706023812294,0.019192807376384735,0.06214912235736847,0.041141752153635025,0.06794391572475433,0.07346433401107788,0.10554734617471695,0.27597740292549133,0.15665994584560394
119,3.966666666666667,,,,insightface_bbox,0.6975340247154236,1071.9931640625,657.5093994140625,2064.0,2563.856689453125,0,0,0,0,0,0,0,0,0,0,0,0,0.09738722443580627,0.05483902245759964,0.11482246965169907,0.11331557482481003,0.015991706401109695,0.07128166407346725,0.030528584495186806,0.06524895131587982,0.07354383170604706,0.094900943338871,0.26231613755226135,0.134139284491539
120,4.0,,,,insightface_bbox,0.7168675661087036,1069.6446533203125,672.0527954101562,2064.0,2584.063232421875,0,0,0,0,0,0,0,0,0,0,0,0,0.0949440598487854,0.05394667387008667,0.11656571179628372,0.11099665611982346,0.01406126469373703,0.06101275235414505,0.02436417154967785,0.06104123219847679,0.06911231577396393,0.0880536139011383,0.23610195517539978,0.12142437696456909
121,4.033333333333333,,,,insightface_bbox,0.7168675661087036,1069.6446533203125,672.0527954101562,2064.0,2584.063232421875,0,0,0,0,0,0,0,0,0,0,0,0,0.09577108919620514,0.05808413028717041,0.11413267254829407,0.12494637817144394,0.01494260411709547,0.06660176068544388,0.025845028460025787,0.06696458905935287,0.07029631733894348,0.09252410382032394,0.26472482085227966,0.12996095418930054
122,4.066666666666666,,,,insightface_bbox,0.7168675661087036,1069.6446533203125,672.0527954101562,2064.0,2584.063232421875,0,0,0,0,0,0,0,0,0,0,0,0,0.10513278841972351,0.06896407902240753,0.1478506475687027,0.16487017273902893,0.017270037904381752,0.07903723418712616,0.03813186287879944,0.07790389657020569,0.07869984954595566,0.1038016751408577,0.31553828716278076,0.15265238285064697
123,4.1,,,,insightface_bbox,0.7168675661087036,1069.6446533203125,672.0527954101562,2064.0,2584.063232421875,0,0,0,0,0,0,0,0,0,0,0,0,0.09818145632743835,0.06168215721845627,0.14496101438999176,0.13383367657661438,0.017926152795553207,0.07885324954986572,0.040534280240535736,0.07643149793148041,0.0828951969742775,0.10768330097198486,0.2883870601654053,0.15845657885074615
124,4.133333333333334,,,,insightface_bbox,0.7168675661087036,1069.6446533203125,672.0527954101562,2064.0,2584.063232421875,0,0,0,0,0,0,0,0,0,0,0,0,0.09374599158763885,0.058187585324048996,0.1445581614971161,0.12079350650310516,0.018288055434823036,0.08099467307329178,0.03952213004231453,0.07612476497888565,0.08599650859832764,0.11027614772319794,0.28252050280570984,0.15973705053329468
125,4.166666666666667,,,,insightface_bbox,0.7168675661087036,1069.6446533203125,672.0527954101562,2064.0,2584.063232421875,0,0,0,0,0,0,0,0,0,0,0,0,0.09594544023275375,0.058645568788051605,0.14829511940479279,0.12614071369171143,0.01801910251379013,0.07853347063064575,0.03875647485256195,0.07484615594148636,0.08205229043960571,0.10781674832105637,0.269900918006897,0.1501701921224594
126,4.2,,,,insightface_bbox,0.7619955539703369,1080.416015625,691.3081665039062,2064.0,2638.364501953125,0,0,0,0,0,0,0,0,0,0,0,0,0.10695497691631317,0.06848251819610596,0.1545768678188324,0.16803941130638123,0.017463987693190575,0.08357173949480057,0.0374588668346405,0.07734523713588715,0.08024542033672333,0.10516905784606934,0.3112140893936157,0.1485271006822586
127,4.233333333333333,,,,insightface_bbox,0.7619955539703369,1080.416015625,691.3081665039062,2064.0,2638.364501953125,0,0,0,0,0,0,0,0,0,0,0,0,0.109526626765728,0.06597355008125305,0.1477442979812622,0.15629532933235168,0.016073450446128845,0.09799730777740479,0.030718646943569183,0.07685087621212006,0.0833728015422821,0.09726565331220627,0.2917170226573944,0.1366136223077774
128,4.266666666666667,,,,insightface_bbox,0.7619955539703369,1080.416015625,691.3081665039062,2064.0,2638.364501953125,0,0,0,0,0,0,0,0,0,0,0,0,0.12222812324762344,0.07628045231103897,0.16962409019470215,0.20804309844970703,0.01866188831627369,0.12399902939796448,0.039325445890426636,0.08722223341464996,0.08711808174848557,0.10444843024015427,0.4316777288913727,0.1568121314048767
129,4.3,,,,insightface_bbox,0.7619955539703369,1080.416015625,691.3081665039062,2064.0,2638.364501953125,0,0,0,0,0,0,0,0,0,0,0,0,0.11493184417486191,0.07293451577425003,0.1576613187789917,0.19420090317726135,0.01842610351741314,0.11326166987419128,0.03647476062178612,0.08654487133026123,0.0851837694644928,0.10103601217269897,0.3462247848510742,0.13755542039871216
130,4.333333333333333,,,,insightface_bbox,0.7619955539703369,1080.416015625,691.3081665039062,2064.0,2638.364501953125,0,0,0,0,0,0,0,0,0,0,0,0,0.11279839277267456,0.07399642467498779,0.1512390524148941,0.18866179883480072,0.018983058631420135,0.10388471931219101,0.04191284626722336,0.08447978645563126,0.07927276939153671,0.10425776243209839,0.37513846158981323,0.1461806297302246
131,4.366666666666666,,,,insightface_bbox,0.7619955539703369,1080.416015625,691.3081665039062,2064.0,2638.364501953125,0,0,0,0,0,0,0,0,0,0,0,0,0.11104851961135864,0.07561077177524567,0.1490493267774582,0.1880439966917038,0.01969943940639496,0.09861515462398529,0.04810059443116188,0.08338554948568344,0.07778744399547577,0.10656052827835083,0.3612768352031708,0.1539640724658966
132,4.4,,,,insightface_bbox,0.7594475746154785,1081.5205078125,729.601318359375,2064.0,2552.321044921875,0,0,0,0,0,0,0,0,0,0,0,0,0.10005507618188858,0.06783831119537354,0.14591948688030243,0.1276097297668457,0.01760922558605671,0.10055916011333466,0.03832309693098068,0.08124209195375443,0.09249570965766907,0.11452814936637878,0.2835138440132141,0.16380472481250763
133,4.433333333333334,,,,insightface_bbox,0.7594475746154785,1081.5205078125,729.601318359375,2064.0,2552.321044921875,0,0,0,0,0,0,0,0,0,0,0,0,0.09738828986883163,0.06779488921165466,0.13297857344150543,0.12902499735355377,0.018134478479623795,0.09430013597011566,0.039147913455963135,0.0805305764079094,0.09139996021986008,0.1155688539147377,0.27769559621810913,0.16866819560527802
134,4.466666666666667,,,,insightface_bbox,0.7594475746154785,1081.5205078125,729.601318359375,2064.0,2552.321044921875,0,0,0,0,0,0,0,0,0,0,0,0,0.10477688163518906,0.07342503219842911,0.14040546119213104,0.14953868091106415,0.01928284391760826,0.09583014249801636,0.04604373499751091,0.08382771909236908,0.09048455953598022,0.11900894343852997,0.3294839859008789,0.19511021673679352
135,4.5,,,,insightface_bbox,0.7594475746154785,1081.5205078125,729.601318359375,2064.0,2552.321044921875,0,0,0,0,0,0,0,0,0,0,0,0,0.10726332664489746,0.07555568218231201,0.13949716091156006,0.16700568795204163,0.020777618512511253,0.0918741449713707,0.05340889096260071,0.08621975034475327,0.0895036906003952,0.1196540892124176,0.35174575448036194,0.2097053974866867
136,4.533333333333333,,,,insightface_bbox,0.7594475746154785,1081.5205078125,729.601318359375,2064.0,2552.321044921875,0,0,0,0,0,0,0,0,0,0,0,0,0.1080956980586052,0.07625532150268555,0.13649910688400269,0.17576627433300018,0.0213334821164608,0.08666957914829254,0.054171524941921234,0.08657881617546082,0.08745506405830383,0.11808159947395325,0.40532779693603516,0.22570589184761047
137,4.566666666666666,,,,insightface_bbox,0.7594475746154785,1081.5205078125,729.601318359375,2064.0,2552.321044921875,0,0,0,0,0,0,0,0,0,0,0,0,0.10749432444572449,0.07371670007705688,0.13812801241874695,0.17408600449562073,0.021230444312095642,0.08298542350530624,0.051986053586006165,0.08379306644201279,0.08522506803274155,0.11530306190252304,0.4100065231323242,0.21399271488189697
138,4.6,,,,insightface_bbox,0.719535768032074,1079.991943359375,686.3966674804688,2064.0,2574.642578125,0,0,0,0,0,0,0,0,0,0,0,0,0.10158102214336395,0.06339529156684875,0.11791375279426575,0.15468665957450867,0.018090790137648582,0.06862005591392517,0.038767337799072266,0.07241423428058624,0.07497451454401016,0.10049478709697723,0.34689104557037354,0.16572949290275574
139,4.633333333333334,,,,insightface_bbox,0.719535768032074,1079.991943359375,686.3966674804688,2064.0,2574.642578125,0,0,0,0,0,0,0,0,0,0,0,0,0.09679277241230011,0.061015769839286804,0.11296258866786957,0.1418353170156479,0.01804496720433235,0.07347555458545685,0.04042365401983261,0.07334425300359726,0.07638096064329147,0.10132205486297607,0.36238595843315125,0.1631585657596588
140,4.666666666666667,,,,insightface_bbox,0.719535768032074,1079.991943359375,686.3966674804688,2064.0,2574.642578125,0,0,0,0,0,0,0,0,0,0,0,0,0.0904066413640976,0.06179092451930046,0.10297511518001556,0.1436896026134491,0.018107745796442032,0.07595990598201752,0.05128493905067444,0.07718973606824875,0.078151635825634,0.10671903192996979,0.4257691502571106,0.18080481886863708
141,4.7,,,,insightface_bbox,0.719535768032074,1079.991943359375,686.3966674804688,2064.0,2574.642578125,0,0,0,0,0,0,0,0,0,0,0,0,0.11390012502670288,0.07540098577737808,0.1620226502418518,0.18422581255435944,0.01804824359714985,0.13355839252471924,0.046334244310855865,0.08665398508310318,0.08931209146976471,0.10943838208913803,0.49034178256988525,0.16717642545700073
142,4.733333333333333,,,,insightface_bbox,0.719535768032074,1079.991943359375,686.3966674804688,2064.0,2574.642578125,0,0,0,0,0,1,0,0,0,0,0,0,0.14488278329372406,0.10273084789514542,0.2701617181301117,0.3241002857685089,0.02283416874706745,0.21217772364616394,0.09463703632354736,0.1092873364686966,0.11651946604251862,0.12760327756404877,0.7928025126457214,0.25524210929870605
143,4.766666666666667,,,,insightface_bbox,0.719535768032074,1079.991943359375,686.3966674804688,2064.0,2574.642578125,0,0,0,0,0,0,0,0,0,0,0,0,0.13913846015930176,0.09731310606002808,0.2549855709075928,0.27755311131477356,0.023026427254080772,0.19765174388885498,0.09292159974575043,0.11069454997777939,0.11361657828092575,0.1273859590291977,0.6940885782241821,0.21820667386054993
144,4.8,,,,insightface_bbox,0.7339266538619995,1076.08349609375,718.5828857421875,2064.0,2537.860107421875,0,0,0,0,0,0,0,0,0,0,0,0,0.11529683321714401,0.0824531763792038,0.11714038252830505,0.19655871391296387,0.020703405141830444,0.08167409151792526,0.05505240708589554,0.09351141005754471,0.08335411548614502,0.11897668987512589,0.33300819993019104,0.18717573583126068
145,4.833333333333333,,,,insightface_bbox,0.7339266538619995,1076.08349609375,718.5828857421875,2064.0,2537.860107421875,0,0,0,0,0,0,0,0,0,0,0,0,0.12372785061597824,0.08570004254579544,0.14767776429653168,0.21747642755508423,0.019200868904590607,0.09721019119024277,0.05306389182806015,0.09542348980903625,0.08898776024580002,0.11469574272632599,0.35747405886650085,0.18109716475009918
146,4.866666666666666,,,,insightface_bbox,0.7339266538619995,1076.08349609375,718.5828857421875,2064.0,2537.860107421875,0,0,0,0,0,0,0,0,0,0,0,0,0.13065728545188904,0.08746977150440216,0.1708815097808838,0.22575275599956512,0.01873549446463585,0.11146865040063858,0.05761483684182167,0.09775134921073914,0.09745728224515915,0.11983323842287064,0.3990873098373413,0.19096286594867706
147,4.9,,,,insightface_bbox,0.7339266538619995,1076.08349609375,718.5828857421875,2064.0,2537.860107421875,0,0,0,0,0,0,0,0,0,0,0,0,0.13283325731754303,0.08558429032564163,0.1811254620552063,0.2102438360452652,0.01960163749754429,0.11781825125217438,0.05854158103466034,0.0977877825498581,0.10137329995632172,0.12176614999771118,0.39637964963912964,0.19904467463493347
148,4.933333333333334,,,,insightface_bbox,0.7339266538619995,1076.08349609375,718.5828857421875,2064.0,2537.860107421875,0,0,0,0,0,0,0,0,0,0,0,0,0.1136903315782547,0.07897330820560455,0.13614284992218018,0.17188304662704468,0.019011784344911575,0.0953589677810669,0.04297386482357979,0.08941827714443207,0.08906936645507812,0.114494189620018,0.33015668392181396,0.19085222482681274
149,4.966666666666667,,,,insightface_bbox,0.7339266538619995,1076.08349609375,718.5828857421875,2064.0,2537.860107421875,0,0,0,0,0,0,0,0,0,0,0,0,0.11043243110179901,0.07882094383239746,0.1229366585612297,0.18120892345905304,0.019525082781910896,0.0831368938088417,0.04510246217250824,0.09003888070583344,0.08380918204784393,0.11379055678844452,0.3710513114929199,0.19647957384586334
150,5.0,,,,insightface_bbox,0.7254897356033325,1075.4117431640625,706.3903198242188,2064.0,2538.659912109375,0,0,0,0,0,0,0,0,0,0,0,0,0.10490484535694122,0.07225579768419266,0.11895181238651276,0.16729357838630676,0.01710696518421173,0.0831286683678627,0.03740738704800606,0.08119557052850723,0.07615440338850021,0.10096769779920578,0.3674188256263733,0.15381596982479095
151,5.033333333333333,,,,insightface_bbox,0.7254897356033325,1075.4117431640625,706.3903198242188,2064.0,2538.659912109375,0,0,0,0,0,0,0,0,0,0,0,0,0.11505930125713348,0.07720408588647842,0.1542315036058426,0.19899329543113708,0.01737270876765251,0.10971113294363022,0.0483766607940197,0.09001191705465317,0.0867823138833046,0.10877781361341476,0.42294973134994507,0.16786731779575348
152,5.066666666666666,,,,insightface_bbox,0.7254897356033325,1075.4117431640625,706.3903198242188,2064.0,2538.659912109375,0,0,0,0,0,0,0,0,0,0,0,0,0.11253774166107178,0.07727298140525818,0.15086467564105988,0.18893373012542725,0.018125290051102638,0.09811169654130936,0.048042383044958115,0.08652301132678986,0.08181318640708923,0.10471732169389725,0.3840203881263733,0.16198644042015076
153,5.1,,,,insightface_bbox,0.7254897356033325,1075.4117431640625,706.3903198242188,2064.0,2538.659912109375,0,0,0,0,0,0,0,0,0,0,0,0,0.11074535548686981,0.07635179907083511,0.14954328536987305,0.18759483098983765,0.018656205385923386,0.0872069001197815,0.046936579048633575,0.0837361142039299,0.07872995734214783,0.10271377861499786,0.3477229177951813,0.15716248750686646
154,5.133333333333334,,,,insightface_bbox,0.7254897356033325,1075.4117431640625,706.3903198242188,2064.0,2538.659912109375,0,0,0,0,0,0,0,0,0,0,0,0,0.11189215630292892,0.07366283237934113,0.14986753463745117,0.1772281676530838,0.01784692332148552,0.0805942639708519,0.04148170351982117,0.0805179625749588,0.08062785863876343,0.1012154370546341,0.31894224882125854,0.15631602704524994
155,5.166666666666667,,,,insightface_bbox,0.7254897356033325,1075.4117431640625,706.3903198242188,2064.0,2538.659912109375,0,0,0,0,0,0,0,0,0,0,0,0,0.11629477143287659,0.07652684301137924,0.16260980069637299,0.17307594418525696,0.018805019557476044,0.09446379542350769,0.044826216995716095,0.08393209427595139,0.08637915551662445,0.10907858610153198,0.33824843168258667,0.16779300570487976
156,5.2,,,,insightface_bbox,0.7528377175331116,1075.3697509765625,707.1831665039062,2064.0,2597.3681640625,0,0,0,0,0,0,0,0,0,0,0,0,0.11704139411449432,0.07216247916221619,0.13626815378665924,0.18751099705696106,0.01816868968307972,0.07413006573915482,0.03406829759478569,0.07744011282920837,0.07539907097816467,0.09665756672620773,0.3230993449687958,0.14315642416477203
157,5.233333333333333,,,,insightface_bbox,0.7528377175331116,1075.3697509765625,707.1831665039062,2064.0,2597.3681640625,0,0,0,0,0,0,0,0,0,0,0,0,0.11579552292823792,0.0669204369187355,0.12484296411275864,0.1675451099872589,0.017374616116285324,0.06615257263183594,0.03526096045970917,0.0728844553232193,0.0750681683421135,0.09419094026088715,0.31989026069641113,0.14951267838478088
158,5.266666666666667,,,,insightface_bbox,0.7528377175331116,1075.3697509765625,707.1831665039062,2064.0,2597.3681640625,0,0,0,0,0,0,0,0,0,0,0,0,0.1062389463186264,0.06053747981786728,0.10180895030498505,0.14188715815544128,0.015958288684487343,0.06449451297521591,0.030123619362711906,0.06937374174594879,0.07366493344306946,0.09196787327528,0.3127501606941223,0.14379507303237915
159,5.3,,,,insightface_bbox,0.7528377175331116,1075.3697509765625,707.1831665039062,2064.0,2597.3681640625,0,0,0,0,0,0,0,0,0,0,0,0,0.10433130711317062,0.06235203146934509,0.09954267740249634,0.1458529382944107,0.015958182513713837,0.06425634026527405,0.03124232403934002,0.06909365952014923,0.07109939306974411,0.09213826060295105,0.3159772753715515,0.14313530921936035
160,5.333333333333333,,,,insightface_bbox,0.7528377175331116,1075.3697509765625,707.1831665039062,2064.0,2597.3681640625,0,0,0,0,0,0,0,0,0,0,0,0,0.09881052374839783,0.06268040835857391,0.10382089018821716,0.14961299300193787,0.01628430001437664,0.07256513833999634,0.03392796218395233,0.07183030992746353,0.07164689153432846,0.09661532938480377,0.33606213331222534,0.14485660195350647
161,5.366666666666666,,,,insightface_bbox,0.7528377175331116,1075.3697509765625,707.1831665039062,2064.0,2597.3681640625,0,0,0,0,0,0,0,0,0,0,0,0,0.10312088578939438,0.06760824471712112,0.12101656943559647,0.15897855162620544,0.017772458493709564,0.09079879522323608,0.0372055321931839,0.07656573504209518,0.07562720775604248,0.10143299400806427,0.3633519411087036,0.15072935819625854
162,5.4,,,,insightface_bbox,0.7292145490646362,1080.24267578125,712.8278198242188,2064.0,2548.686767578125,0,0,0,0,0,0,0,0,0,0,0,0,0.11544056236743927,0.0831705778837204,0.15364079177379608,0.18850263953208923,0.021128732711076736,0.10023856163024902,0.056520283222198486,0.09022391587495804,0.09146583080291748,0.1228482648730278,0.3973768651485443,0.2236507087945938
163,5.433333333333334,,,,insightface_bbox,0.7292145490646362,1080.24267578125,712.8278198242188,2064.0,2548.686767578125,0,0,0,0,0,0,0,0,0,0,0,0,0.10838095843791962,0.07845871150493622,0.1279546022415161,0.18737377226352692,0.0200512558221817,0.08686937391757965,0.05011642351746559,0.08979041874408722,0.08476949483156204,0.1202469989657402,0.41141247749328613,0.21143898367881775
164,5.466666666666667,,,,insightface_bbox,0.7292145490646362,1080.24267578125,712.8278198242188,2064.0,2548.686767578125,0,0,0,0,0,0,0,0,0,0,0,0,0.10985450446605682,0.07725557684898376,0.12601640820503235,0.18652725219726562,0.019625162705779076,0.08414658904075623,0.04953552782535553,0.08882436901330948,0.08122361451387405,0.11617512255907059,0.3927082419395447,0.1911645382642746
165,5.5,,,,insightface_bbox,0.7292145490646362,1080.24267578125,712.8278198242188,2064.0,2548.686767578125,0,0,0,0,0,0,0,0,0,0,0,0,0.10843366384506226,0.07519234716892242,0.12100257724523544,0.18276864290237427,0.018094340339303017,0.08310192823410034,0.04178285971283913,0.08715671300888062,0.08097298443317413,0.11093676090240479,0.3676389157772064,0.17288526892662048
166,5.533333333333333,,,,insightface_bbox,0.7292145490646362,1080.24267578125,712.8278198242188,2064.0,2548.686767578125,0,0,0,0,0,0,0,0,0,0,0,0,0.11415905505418777,0.07686054706573486,0.11573292315006256,0.19343158602714539,0.018676551058888435,0.08114535361528397,0.04278948903083801,0.08623768389225006,0.07859958708286285,0.10816667973995209,0.44732749462127686,0.18168090283870697
167,5.566666666666666,,,,insightface_bbox,0.7292145490646362,1080.24267578125,712.8278198242188,2064.0,2548.686767578125,0,0,0,0,0,0,0,0,0,0,0,0,0.10855148732662201,0.07261435687541962,0.11262155324220657,0.18261992931365967,0.018125755712389946,0.07783547788858414,0.03958621993660927,0.0845758318901062,0.07722906768321991,0.10844099521636963,0.41409915685653687,0.1789480596780777
168,5.6,,,,insightface_bbox,0.6961104273796082,1070.826171875,709.2994384765625,2063.8935546875,2518.460205078125,0,0,0,0,0,0,0,0,0,0,0,0,0.1126318871974945,0.07014475762844086,0.11210817098617554,0.173086017370224,0.016539812088012695,0.07572466135025024,0.030356358736753464,0.07838160544633865,0.07752453535795212,0.10417474806308746,0.4101737141609192,0.16040033102035522
169,5.633333333333334,,,,insightface_bbox,0.6961104273796082,1070.826171875,709.2994384765625,2063.8935546875,2518.460205078125,0,0,0,0,0,0,0,0,0,0,0,0,0.1111035943031311,0.06913750618696213,0.10835149139165878,0.16722558438777924,0.016461703926324844,0.07545210421085358,0.033279046416282654,0.07926028221845627,0.07894717901945114,0.10634815692901611,0.3945504128932953,0.16789835691452026
170,5.666666666666667,,,,insightface_bbox,0.6961104273796082,1070.826171875,709.2994384765625,2063.8935546875,2518.460205078125,0,0,0,0,0,0,0,0,0,0,0,0,0.10873129963874817,0.06743872910737991,0.10601866990327835,0.1703091263771057,0.016773458570241928,0.07574901729822159,0.030751798301935196,0.07739143818616867,0.07667895406484604,0.1031837910413742,0.4726564288139343,0.16713938117027283
171,5.7,,,,insightface_bbox,0.6961104273796082,1070.826171875,709.2994384765625,2063.8935546875,2518.460205078125,0,0,0,0,0,0,0,0,0,0,0,0,0.11375346779823303,0.07041966915130615,0.11046908050775528,0.17076212167739868,0.016823632642626762,0.0791582390666008,0.024783458560705185,0.07475361227989197,0.07468707114458084,0.09493771940469742,0.5797230005264282,0.1523461639881134
172,5.733333333333333,,,,insightface_bbox,0.6961104273796082,1070.826171875,709.2994384765625,2063.8935546875,2518.460205078125,0,0,0,0,0,0,0,0,0,0,0,0,0.10589566081762314,0.06870239228010178,0.10077536851167679,0.17931652069091797,0.013683654367923737,0.07898031920194626,0.027255624532699585,0.08458293974399567,0.08812364190816879,0.10597855597734451,0.4412708878517151,0.1611846387386322
173,5.766666666666667,,,,insightface_bbox,0.6961104273796082,1070.826171875,709.2994384765625,2063.8935546875,2518.460205078125,0,0,0,0,0,0,0,0,0,0,0,0,0.10498405992984772,0.07400984317064285,0.10610054433345795,0.21185852587223053,0.014688614755868912,0.10177074372768402,0.02865460142493248,0.09839051216840744,0.11878418922424316,0.1200091540813446,0.37697598338127136,0.17937922477722168
174,5.8,,,,insightface_bbox,0.734595000743866,1047.19189453125,710.0836181640625,2054.921630859375,2527.820556640625,0,0,0,0,0,0,0,0,0,0,0,0,0.07940948754549026,0.06677087396383286,0.06632532179355621,0.18581070005893707,0.011448408477008343,0.05648250877857208,0.018829036504030228,0.0761287733912468,0.09056642651557922,0.10187938064336777,0.17798081040382385,0.12163498997688293
175,5.833333333333333,,,,insightface_bbox,0.734595000743866,1047.19189453125,710.0836181640625,2054.921630859375,2527.820556640625,0,0,0,0,0,0,0,0,0,0,0,0,0.07179949432611465,0.05809502676129341,0.06070716306567192,0.16078048944473267,0.010796481743454933,0.03922831639647484,0.017082279548048973,0.06869864463806152,0.08272557705640793,0.09143554419279099,0.06932838261127472,0.09150460362434387
176,5.866666666666666,,,,insightface_bbox,0.734595000743866,1047.19189453125,710.0836181640625,2054.921630859375,2527.820556640625,0,0,0,0,0,0,0,0,0,0,0,0,0.0728885680437088,0.05724799260497093,0.061820968985557556,0.1644660383462906,0.010654330253601074,0.03467128053307533,0.017280759289860725,0.06626217067241669,0.07906326651573181,0.08868693560361862,0.0575995147228241,0.08716564625501633
177,5.9,,,,insightface_bbox,0.734595000743866,1047.19189453125,710.0836181640625,2054.921630859375,2527.820556640625,0,0,0,0,0,0,0,0,0,0,0,0,0.07544189691543579,0.06149831786751747,0.06074100360274315,0.17700418829917908,0.011268817819654942,0.04241387918591499,0.01895008608698845,0.07174468040466309,0.08831740915775299,0.09610217064619064,0.10587967187166214,0.10495951771736145
178,5.933333333333334,,,,insightface_bbox,0.734595000743866,1047.19189453125,710.0836181640625,2054.921630859375,2527.820556640625,0,0,0,0,0,0,0,0,0,0,0,0,0.07384976744651794,0.05871378630399704,0.058140795677900314,0.16270896792411804,0.01114172488451004,0.04278412461280823,0.018145786598324776,0.0699826180934906,0.09253165125846863,0.09960915893316269,0.11152603477239609,0.10546062886714935
179,5.966666666666667,,,,insightface_bbox,0.734595000743866,1047.19189453125,710.0836181640625,2054.921630859375,2527.820556640625,0,0,0,0,0,0,0,0,0,0,0,0,0.07036717236042023,0.0545775480568409,0.05640605464577675,0.1513657420873642,0.011077888309955597,0.03683555871248245,0.017637502402067184,0.06779180467128754,0.09021557122468948,0.09738092124462128,0.06991589069366455,0.09404059499502182
180,6.0,,,,insightface_bbox,0.7070041298866272,1051.19384765625,723.2655639648438,2058.120361328125,2501.158935546875,0,0,0,0,0,0,0,0,0,0,0,0,0.06886745989322662,0.050541505217552185,0.05515153706073761,0.1333407759666443,0.010603457689285278,0.03167456388473511,0.015735864639282227,0.061503816395998,0.08453171700239182,0.0904867872595787,0.04540581256151199,0.0842573493719101
181,6.033333333333333,,,,insightface_bbox,0.7070041298866272,1051.19384765625,723.2655639648438,2058.120361328125,2501.158935546875,0,0,0,0,0,0,0,0,0,0,0,0,0.095463328063488,0.06829171627759933,0.07428167015314102,0.20113563537597656,0.014371862635016441,0.043921612203121185,0.025897778570652008,0.07523798197507858,0.09188354760408401,0.10576680302619934,0.11791916191577911,0.1275838017463684
182,6.066666666666666,,,,insightface_bbox,0.7070041298866272,1051.19384765625,723.2655639648438,2058.120361328125,2501.158935546875,0,0,0,0,0,0,0,0,0,0,0,0,0.10282813012599945,0.07367148250341415,0.08751731365919113,0.20826807618141174,0.017597146332263947,0.06107304245233536,0.03788018226623535,0.07929599285125732,0.08560843765735626,0.10505075752735138,0.2689281404018402,0.16755276918411255
183,6.1,,,,insightface_bbox,0.7070041298866272,1051.19384765625,723.2655639648438,2058.120361328125,2501.158935546875,0,0,0,0,0,0,0,0,0,0,0,0,0.095728300511837,0.0667513981461525,0.08194852620363235,0.1573658138513565,0.013327473774552345,0.0610424168407917,0.020539041608572006,0.07417342811822891,0.08435259759426117,0.09133823215961456,0.264367938041687,0.13735151290893555
184,6.133333333333334,,,,insightface_bbox,0.7070041298866272,1051.19384765625,723.2655639648438,2058.120361328125,2501.158935546875,0,0,0,0,0,0,0,0,0,0,0,0,0.09075860679149628,0.06840324401855469,0.07128977030515671,0.15282827615737915,0.013555259443819523,0.058874595910310745,0.020384909585118294,0.07522352784872055,0.09159305691719055,0.0960111990571022,0.19546282291412354,0.13441777229309082
185,6.166666666666667,,,,insightface_bbox,0.7070041298866272,1051.19384765625,723.2655639648438,2058.120361328125,2501.158935546875,0,0,0,0,0,0,0,0,0,0,0,0,0.07138023525476456,0.05488525331020355,0.05583144724369049,0.14277911186218262,0.012819802388548851,0.045373186469078064,0.020130470395088196,0.07300400733947754,0.09864997118711472,0.11010041832923889,0.11884674429893494,0.11972714215517044
186,6.2,,,,insightface_bbox,0.7114689350128174,1056.3414306640625,723.4154663085938,2061.10888671875,2512.876708984375,0,0,0,0,0,0,0,0,0,0,0,0,0.06937651336193085,0.053892601281404495,0.0550413504242897,0.14660315215587616,0.012694030068814754,0.04292711988091469,0.018927963450551033,0.07479846477508545,0.09669336676597595,0.10863885283470154,0.11572308838367462,0.1237054243683815
187,6.233333333333333,,,,insightface_bbox,0.7114689350128174,1056.3414306640625,723.4154663085938,2061.10888671875,2512.876708984375,0,0,0,0,0,0,0,0,0,0,0,0,0.06768158823251724,0.053585365414619446,0.054792482405900955,0.14099450409412384,0.01169552095234394,0.042062677443027496,0.0177687406539917,0.06973177939653397,0.09356512129306793,0.105917789041996,0.1186729148030281,0.12178988754749298
188,6.266666666666667,,,,insightface_bbox,0.7114689350128174,1056.3414306640625,723.4154663085938,2061.10888671875,2512.876708984375,0,0,0,0,0,0,0,0,0,0,0,0,0.08089036494493484,0.05878438055515289,0.061971522867679596,0.15921729803085327,0.012386501766741276,0.047402385622262955,0.01906834915280342,0.07061867415904999,0.09342868626117706,0.10187096148729324,0.16052159667015076,0.14034660160541534
189,6.3,,,,insightface_bbox,0.7114689350128174,1056.3414306640625,723.4154663085938,2061.10888671875,2512.876708984375,0,0,0,0,0,0,0,0,0,0,0,0,0.07944706082344055,0.06126079708337784,0.05870332941412926,0.16967061161994934,0.010975952260196209,0.053871095180511475,0.01700587570667267,0.07062537968158722,0.09189185500144958,0.10490328073501587,0.2201623022556305,0.14323614537715912
190,6.333333333333333,,,,insightface_bbox,0.7114689350128174,1056.3414306640625,723.4154663085938,2061.10888671875,2512.876708984375,0,0,0,0,0,0,0,0,0,0,0,0,0.08563119173049927,0.06791669130325317,0.0721016600728035,0.18656501173973083,0.01212631817907095,0.07635033130645752,0.020900657400488853,0.08084564656019211,0.10078310966491699,0.1092238649725914,0.26126688718795776,0.15103133022785187
191,6.366666666666666,,,,insightface_bbox,0.7114689350128174,1056.3414306640625,723.4154663085938,2061.10888671875,2512.876708984375,0,0,0,0,0,0,0,0,0,0,0,0,0.08794776350259781,0.06977294385433197,0.08345016092061996,0.18795335292816162,0.012854492291808128,0.10166750848293304,0.023526359349489212,0.08394201099872589,0.10754812508821487,0.1114039495587349,0.35388773679733276,0.16185185313224792
192,6.4,,,,insightface_bbox,0.7447205185890198,1047.9346923828125,685.87060546875,2062.153564453125,2563.4658203125,0,0,0,0,0,0,0,0,0,0,0,0,0.0727178305387497,0.05590003728866577,0.08018726110458374,0.14264649152755737,0.011099673807621002,0.09133633226156235,0.019424181431531906,0.06996285170316696,0.09531185775995255,0.09560707956552505,0.31069713830947876,0.13914987444877625
193,6.433333333333334,,,,insightface_bbox,0.7447205185890198,1047.9346923828125,685.87060546875,2062.153564453125,2563.4658203125,0,0,0,0,0,0,0,0,0,0,0,0,0.07738874852657318,0.060233503580093384,0.08383873105049133,0.15686756372451782,0.012028411962091923,0.1000349223613739,0.020952526479959488,0.07287511229515076,0.09633715450763702,0.09929225593805313,0.34178751707077026,0.14297854900360107
194,6.466666666666667,,,,insightface_bbox,0.7447205185890198,1047.9346923828125,685.87060546875,2062.153564453125,2563.4658203125,0,0,0,0,0,0,0,0,0,0,0,0,0.09976159781217575,0.07956147938966751,0.11322860419750214,0.22521458566188812,0.015111426822841167,0.13134649395942688,0.02859204076230526,0.08460545539855957,0.11960790306329727,0.11080999672412872,0.37455230951309204,0.16721688210964203
195,6.5,,,,insightface_bbox,0.7447205185890198,1047.9346923828125,685.87060546875,2062.153564453125,2563.4658203125,0,0,0,0,0,0,0,0,0,0,0,0,0.1172451600432396,0.08750874549150467,0.13302545249462128,0.3187790513038635,0.014457126148045063,0.11393845826387405,0.03146098554134369,0.08463120460510254,0.1108638197183609,0.10868273675441742,0.4115360975265503,0.1770537793636322
196,6.533333333333333,,,,insightface_bbox,0.7447205185890198,1047.9346923828125,685.87060546875,2062.153564453125,2563.4658203125,0,0,0,0,0,0,0,0,0,0,0,0,0.09562060236930847,0.0781732127070427,0.09598031640052795,0.2342001497745514,0.01317030843347311,0.09051841497421265,0.022969253361225128,0.08187588304281235,0.10137840360403061,0.1016455739736557,0.25208380818367004,0.1340729147195816
197,6.566666666666666,,,,insightface_bbox,0.7447205185890198,1047.9346923828125,685.87060546875,2062.153564453125,2563.4658203125,0,0,0,0,0,0,0,0,0,0,0,0,0.07918751984834671,0.06611607223749161,0.06640145182609558,0.1911480873823166,0.01120303850620985,0.04567459970712662,0.016934601590037346,0.06767487525939941,0.08360767364501953,0.09286139160394669,0.11276674270629883,0.11817409843206406
198,6.6,,,,insightface_bbox,0.7377485036849976,1044.9652099609375,699.3684692382812,2064.0,2550.801025390625,0,0,0,0,0,0,0,0,0,0,0,0,0.04917295649647713,0.03489341214299202,0.0508776493370533,0.07154344767332077,0.00839344970881939,0.0340866819024086,0.010801427997648716,0.045379213988780975,0.07690122723579407,0.07614149898290634,0.05721977353096008,0.07627486437559128
199,6.633333333333334,,,,insightface_bbox,0.7377485036849976,1044.9652099609375,699.3684692382812,2064.0,2550.801025390625,0,0,0,0,0,0,0,0,0,0,0,0,0.057764578610658646,0.04302803799510002,0.06019452586770058,0.0905531719326973,0.010208070278167725,0.0467904731631279,0.013125295750796795,0.05186764895915985,0.08251877129077911,0.07858715206384659,0.08147149533033371,0.08436885476112366
200,6.666666666666667,,,,insightface_bbox,0.7377485036849976,1044.9652099609375,699.3684692382812,2064.0,2550.801025390625,0,0,0,0,0,0,0,0,0,0,0,0,0.061551596969366074,0.045814789831638336,0.06729529798030853,0.09696659445762634,0.011507123708724976,0.06255500763654709,0.014875402674078941,0.05509099364280701,0.09434787929058075,0.08091374486684799,0.08599853515625,0.08025684952735901
201,6.7,,,,insightface_bbox,0.7377485036849976,1044.9652099609375,699.3684692382812,2064.0,2550.801025390625,0,0,0,0,0,0,0,0,0,0,0,0,0.05149052292108536,0.037529490888118744,0.05550627037882805,0.0800839439034462,0.009478557854890823,0.03817186877131462,0.012142481282353401,0.047365348786115646,0.08084295690059662,0.07438278943300247,0.055175963789224625,0.06854954361915588
202,6.733333333333333,,,,insightface_bbox,0.7377485036849976,1044.9652099609375,699.3684692382812,2064.0,2550.801025390625,0,0,0,0,0,0,0,0,0,0,0,0,0.05267999693751335,0.037957608699798584,0.056275393813848495,0.08436141908168793,0.009460863657295704,0.03654685989022255,0.012211926281452179,0.047796182334423065,0.07900848984718323,0.0739474967122078,0.057382434606552124,0.0706562027335167
203,6.766666666666667,,,,insightface_bbox,0.7377485036849976,1044.9652099609375,699.3684692382812,2064.0,2550.801025390625,0,0,0,0,0,0,0,0,0,0,0,0,0.06643989682197571,0.046804554760456085,0.07293533533811569,0.10553296655416489,0.011935085989534855,0.06443630903959274,0.017005424946546555,0.055250510573387146,0.09230490773916245,0.08143381774425507,0.11386987566947937,0.08774648606777191
204,6.8,,,,insightface_bbox,0.7646927833557129,1057.5467529296875,677.142822265625,2064.0,2622.76708984375,0,0,0,0,0,0,0,0,0,0,0,0,0.10093747079372406,0.08406146615743637,0.08727332949638367,0.22842279076576233,0.012573257088661194,0.07346830517053604,0.02075861394405365,0.07123765349388123,0.08638054132461548,0.08755262941122055,0.23560884594917297,0.11359775066375732
205,6.833333333333333,,,,insightface_bbox,0.7646927833557129,1057.5467529296875,677.142822265625,2064.0,2622.76708984375,0,0,0,0,0,0,0,0,0,0,0,0,0.08032609522342682,0.06522113084793091,0.07444291561841965,0.19940488040447235,0.01182066835463047,0.04713685065507889,0.01971631869673729,0.06866760551929474,0.0873052328824997,0.09240017831325531,0.09463992714881897,0.10709676146507263
206,6.866666666666666,,,,insightface_bbox,0.7646927833557129,1057.5467529296875,677.142822265625,2064.0,2622.76708984375,0,0,0,0,0,0,0,0,0,0,0,0,0.07734376192092896,0.05836464837193489,0.07220053672790527,0.17188875377178192,0.010362868197262287,0.04071103781461716,0.016633089631795883,0.061664845794439316,0.0821988433599472,0.08609477430582047,0.09045355767011642,0.10847634077072144
207,6.9,,,,insightface_bbox,0.7646927833557129,1057.5467529296875,677.142822265625,2064.0,2622.76708984375,0,0,0,0,0,0,0,0,0,0,0,0,0.06615839153528214,0.04836747795343399,0.06539338827133179,0.12053493410348892,0.009360745549201965,0.04087807983160019,0.014977831393480301,0.05630793049931526,0.08179573714733124,0.08384278416633606,0.07777856290340424,0.1009601280093193
208,6.933333333333334,,,,insightface_bbox,0.7646927833557129,1057.5467529296875,677.142822265625,2064.0,2622.76708984375,0,0,0,0,0,0,0,0,0,0,0,0,0.06274652481079102,0.044240351766347885,0.06068022921681404,0.09952621161937714,0.00922960601747036,0.04597578942775726,0.014191601425409317,0.0536595843732357,0.07399528473615646,0.0799156129360199,0.12813962996006012,0.0983828455209732
209,6.966666666666667,,,,insightface_bbox,0.7646927833557129,1057.5467529296875,677.142822265625,2064.0,2622.76708984375,0,0,0,0,0,0,0,0,0,0,0,0,0.06547444313764572,0.04782655090093613,0.062408991158008575,0.11374867707490921,0.009502931497991085,0.04841827601194382,0.01520609576255083,0.05612986534833908,0.07633029669523239,0.08390514552593231,0.1587003618478775,0.1076236292719841
210,7.0,,,,insightface_bbox,0.7268156409263611,1052.3826904296875,699.2274780273438,2055.879638671875,2535.988525390625,0,0,0,0,0,0,0,0,0,0,0,0,0.0754435658454895,0.057391390204429626,0.06361135840415955,0.15713922679424286,0.010478192940354347,0.055047910660505295,0.017519954591989517,0.07047649472951889,0.08738965541124344,0.09517921507358551,0.18735885620117188,0.12086749821901321
211,7.033333333333333,,,,insightface_bbox,0.7268156409263611,1052.3826904296875,699.2274780273438,2055.879638671875,2535.988525390625,0,0,0,0,0,0,0,0,0,0,0,0,0.08769289404153824,0.06528208404779434,0.08055415004491806,0.1973441243171692,0.011289934627711773,0.06659282743930817,0.020583000034093857,0.08130762726068497,0.09313613176345825,0.10318101942539215,0.26097187399864197,0.15288519859313965
212,7.066666666666666,,,,insightface_bbox,0.7268156409263611,1052.3826904296875,699.2274780273438,2055.879638671875,2535.988525390625,0,0,0,0,0,0,0,0,0,0,0,0,0.08828706294298172,0.0671692043542862,0.08638855069875717,0.20094311237335205,0.011916338466107845,0.07505229860544205,0.0219888798892498,0.0851656123995781,0.09826672077178955,0.10603833943605423,0.28614500164985657,0.1611044704914093
213,7.1,,,,insightface_bbox,0.7268156409263611,1052.3826904296875,699.2274780273438,2055.879638671875,2535.988525390625,0,0,0,0,0,0,0,0,0,0,0,0,0.0830431580543518,0.06312881410121918,0.07057436555624008,0.17487341165542603,0.010717515833675861,0.05738738179206848,0.01803029328584671,0.07577930390834808,0.0912134051322937,0.1000465452671051,0.23889975249767303,0.14845387637615204
214,7.133333333333334,,,,insightface_bbox,0.7268156409263611,1052.3826904296875,699.2274780273438,2055.879638671875,2535.988525390625,0,0,0,0,0,0,0,0,0,0,0,0,0.07398708164691925,0.05658829212188721,0.05984345078468323,0.15716813504695892,0.010926020331680775,0.03772931545972824,0.016911311075091362,0.07384422421455383,0.08958861231803894,0.09593159705400467,0.10741744190454483,0.10915344953536987
215,7.166666666666667,,,,insightface_bbox,0.7268156409263611,1052.3826904296875,699.2274780273438,2055.879638671875,2535.988525390625,0,0,0,0,0,0,0,0,0,0,0,0,0.06829805672168732,0.048766862601041794,0.06006870046257973,0.13700231909751892,0.00974007323384285,0.03024262562394142,0.015028851106762886,0.06725099682807922,0.08315062522888184,0.09146405756473541,0.05243362858891487,0.08418971300125122
216,7.2,,,,insightface_bbox,0.7386396527290344,1049.723388671875,711.2009887695312,2052.850830078125,2481.08251953125,0,0,0,0,0,0,0,0,0,0,0,0,0.07038994133472443,0.05231441929936409,0.06213197112083435,0.14894156157970428,0.010149195790290833,0.03514545410871506,0.017441553995013237,0.06868342310190201,0.08261778950691223,0.09426385909318924,0.0710037425160408,0.09247486293315887
217,7.233333333333333,,,,insightface_bbox,0.7386396527290344,1049.723388671875,711.2009887695312,2052.850830078125,2481.08251953125,0,0,0,0,0,0,0,0,0,0,0,0,0.06352481245994568,0.04751688241958618,0.05627600476145744,0.12408830970525742,0.009362239390611649,0.0326351523399353,0.014260698109865189,0.062257204204797745,0.08190878480672836,0.0890292078256607,0.0671270564198494,0.08370240032672882
218,7.266666666666667,,,,insightface_bbox,0.7386396527290344,1049.723388671875,711.2009887695312,2052.850830078125,2481.08251953125,0,0,0,0,0,0,0,0,0,0,0,0,0.06523675471544266,0.050004906952381134,0.05505385994911194,0.1287355273962021,0.009708861820399761,0.03282003477215767,0.014689264819025993,0.06320128589868546,0.08451741188764572,0.08995040506124496,0.07231027632951736,0.08286401629447937
219,7.3,,,,insightface_bbox,0.7386396527290344,1049.723388671875,711.2009887695312,2052.850830078125,2481.08251953125,0,0,0,0,0,0,0,0,0,0,0,0,0.06726080179214478,0.051958486437797546,0.05704660713672638,0.1425621658563614,0.010195570066571236,0.034328918904066086,0.015954837203025818,0.06585423648357391,0.08455517888069153,0.09214717894792557,0.08155617862939835,0.09034554660320282
220,7.333333333333333,,,,insightface_bbox,0.7386396527290344,1049.723388671875,711.2009887695312,2052.850830078125,2481.08251953125,0,0,0,0,0,0,0,0,0,0,0,0,0.06980201601982117,0.05364798754453659,0.06205059960484505,0.1620204597711563,0.010672123171389103,0.035858798772096634,0.017593611031770706,0.06838489323854446,0.08348535001277924,0.092790387570858,0.07947051525115967,0.09421409666538239
221,7.366666666666666,,,,insightface_bbox,0.7386396527290344,1049.723388671875,711.2009887695312,2052.850830078125,2481.08251953125,0,0,0,0,0,0,0,0,0,0,0,0,0.06775806844234467,0.0524887777864933,0.06206740066409111,0.16026794910430908,0.010422712191939354,0.03587790206074715,0.017642028629779816,0.06686731427907944,0.08176297694444656,0.09117448329925537,0.07086635380983353,0.09106110781431198
222,7.4,,,,insightface_bbox,0.7236611247062683,1051.5135498046875,693.83642578125,2053.639892578125,2502.00830078125,0,0,0,0,0,0,0,0,0,0,0,0,0.07460684329271317,0.05706344172358513,0.06383886933326721,0.177639901638031,0.010776761919260025,0.04153996333479881,0.01911427453160286,0.0674508810043335,0.0840681865811348,0.0946725606918335,0.11441564559936523,0.11278948187828064
223,7.433333333333334,,,,insightface_bbox,0.7236611247062683,1051.5135498046875,693.83642578125,2053.639892578125,2502.00830078125,0,0,0,0,0,0,0,0,0,0,0,0,0.09484276175498962,0.07351374626159668,0.09517990052700043,0.24353641271591187,0.012172077782452106,0.08051883429288864,0.022295620292425156,0.08402854949235916,0.09711295366287231,0.10481874644756317,0.3251470625400543,0.16979524493217468
224,7.466666666666667,,,,insightface_bbox,0.7236611247062683,1051.5135498046875,693.83642578125,2053.639892578125,2502.00830078125,0,0,0,0,0,0,0,0,0,0,0,0,0.1000979095697403,0.08009672164916992,0.10640846192836761,0.26708468794822693,0.01419517770409584,0.08943833410739899,0.0253964364528656,0.09476595371961594,0.10557734221220016,0.10798893868923187,0.3151164948940277,0.1581125557422638
225,7.5,,,,insightface_bbox,0.7236611247062683,1051.5135498046875,693.83642578125,2053.639892578125,2502.00830078125,0,0,0,0,0,0,0,0,0,0,0,0,0.09352847933769226,0.07755361497402191,0.08778907358646393,0.24330265820026398,0.013408320024609566,0.06651655584573746,0.022457703948020935,0.08829913288354874,0.09891679883003235,0.10151280462741852,0.21218717098236084,0.12865452468395233
226,7.533333333333333,,,,insightface_bbox,0.7236611247062683,1051.5135498046875,693.83642578125,2053.639892578125,2502.00830078125,0,0,0,0,0,0,0,0,0,0,0,0,0.08666921406984329,0.0728730633854866,0.08040520548820496,0.2216261625289917,0.012798387557268143,0.057688094675540924,0.02076750621199608,0.08209872245788574,0.09642880409955978,0.09728637337684631,0.17045839130878448,0.11666566878557205
227,7.566666666666666,,,,insightface_bbox,0.7236611247062683,1051.5135498046875,693.83642578125,2053.639892578125,2502.00830078125,0,0,0,0,0,0,0,0,0,0,0,0,0.08289934694766998,0.06917903572320938,0.0741443857550621,0.1970381885766983,0.012326434254646301,0.05662912130355835,0.019598733633756638,0.07731366157531738,0.0939025804400444,0.09609109908342361,0.17256470024585724,0.11714725941419601
228,7.6,,,,insightface_bbox,0.7397756576538086,1049.1199951171875,720.076416015625,2059.61865234375,2517.580078125,0,0,0,0,0,0,0,0,0,0,0,0,0.07824656367301941,0.059291549026966095,0.0652502030134201,0.16064170002937317,0.010485929436981678,0.052144668996334076,0.018243711441755295,0.05971207469701767,0.08125760406255722,0.08502265810966492,0.20243363082408905,0.11396535485982895
229,7.633333333333334,,,,insightface_bbox,0.7397756576538086,1049.1199951171875,720.076416015625,2059.61865234375,2517.580078125,0,0,0,0,0,0,0,0,0,0,0,0,0.08435994386672974,0.06547142565250397,0.07020091265439987,0.1713418811559677,0.011094450950622559,0.05737680569291115,0.019209088757634163,0.06239747256040573,0.08700636029243469,0.08507739007472992,0.2050863802433014,0.11455803364515305
230,7.666666666666667,,,,insightface_bbox,0.7397756576538086,1049.1199951171875,720.076416015625,2059.61865234375,2517.580078125,0,0,0,0,0,0,0,0,0,0,0,0,0.08640215545892715,0.06896764785051346,0.08109652996063232,0.176701620221138,0.01255485787987709,0.07199344784021378,0.021280772984027863,0.07165079563856125,0.09983018785715103,0.09141688048839569,0.19787216186523438,0.11482090502977371
231,7.7,,,,insightface_bbox,0.7397756576538086,1049.1199951171875,720.076416015625,2059.61865234375,2517.580078125,0,0,0,0,0,0,0,0,0,0,0,0,0.11228939890861511,0.08207685500383377,0.1334133744239807,0.25224611163139343,0.0153495566919446,0.09663966298103333,0.03086639568209648,0.07733722776174545,0.11168363690376282,0.0959446132183075,0.2655189037322998,0.13552622497081757
232,7.733333333333333,,,,insightface_bbox,0.7397756576538086,1049.1199951171875,720.076416015625,2059.61865234375,2517.580078125,0,0,0,0,0,0,0,0,0,0,0,0,0.11590316146612167,0.08299021422863007,0.14044532179832458,0.26802971959114075,0.01571573130786419,0.08889845013618469,0.030141370370984077,0.07651229202747345,0.10595258325338364,0.09307470172643661,0.2623359262943268,0.13139769434928894
233,7.766666666666667,,,,insightface_bbox,0.7397756576538086,1049.1199951171875,720.076416015625,2059.61865234375,2517.580078125,0,0,0,0,0,0,0,0,0,0,0,0,0.11728861927986145,0.08073470741510391,0.14498421549797058,0.2598108649253845,0.01602005399763584,0.09173083305358887,0.03200935199856758,0.07554726302623749,0.10565632581710815,0.09319614619016647,0.26908883452415466,0.13082446157932281
234,7.8,,,,insightface_bbox,0.7739162445068359,1034.8533935546875,688.03662109375,2064.0,2637.4072265625,0,0,0,0,0,0,0,0,0,0,0,0,0.07028564065694809,0.043846502900123596,0.10459455847740173,0.08834629505872726,0.011406215839087963,0.06114843487739563,0.016169145703315735,0.04777442663908005,0.07851309329271317,0.07070893049240112,0.1454332321882248,0.07635661214590073
235,7.833333333333333,,,,insightface_bbox,0.7739162445068359,1034.8533935546875,688.03662109375,2064.0,2637.4072265625,0,0,0,0,0,0,0,0,0,0,0,0,0.07965666055679321,0.04945565387606621,0.12008103728294373,0.11520250886678696,0.011939414776861668,0.061710458248853683,0.017813019454479218,0.04885871708393097,0.07349395751953125,0.07149514555931091,0.15407565236091614,0.08032537996768951
236,7.866666666666666,,,,insightface_bbox,0.7739162445068359,1034.8533935546875,688.03662109375,2064.0,2637.4072265625,0,0,0,0,0,0,0,0,0,0,0,0,0.0669521763920784,0.043472833931446075,0.08554691076278687,0.09631657600402832,0.009716428816318512,0.04062279686331749,0.013571402058005333,0.042223744094371796,0.06664200872182846,0.06442651897668839,0.07836799323558807,0.06495243310928345
237,7.9,,,,insightface_bbox,0.7739162445068359,1034.8533935546875,688.03662109375,2064.0,2637.4072265625,0,0,0,0,0,0,0,0,0,0,0,0,0.06753022223711014,0.04348810762166977,0.08876881003379822,0.1022389680147171,0.009477204643189907,0.04228205233812332,0.013756793923676014,0.04336373507976532,0.06595682352781296,0.06546192616224289,0.07825478911399841,0.06544391065835953
238,7.933333333333334,,,,insightface_bbox,0.7739162445068359,1034.8533935546875,688.03662109375,2064.0,2637.4072265625,0,0,0,0,0,0,0,0,0,0,0,0,0.08000735938549042,0.050759878009557724,0.11170972138643265,0.1339872032403946,0.01134498417377472,0.05760321393609047,0.01950325258076191,0.048148564994335175,0.07034631073474884,0.07101909071207047,0.141574889421463,0.08148074150085449
239,7.966666666666667,,,,insightface_bbox,0.7739162445068359,1034.8533935546875,688.03662109375,2064.0,2637.4072265625,0,0,0,0,0,0,0,0,0,0,0,0,0.08245069533586502,0.05252038687467575,0.118228480219841,0.14161518216133118,0.011906382627785206,0.06447038054466248,0.02096731588244438,0.050775762647390366,0.07233553379774094,0.07319959253072739,0.1645439863204956,0.08738072216510773
240,8.0,,,,insightface_bbox,0.7569603323936462,1029.695068359375,687.720703125,2055.248291015625,2592.046875,0,0,0,0,0,0,0,0,0,0,0,0,0.08042663335800171,0.04997653886675835,0.12375373393297195,0.12423127889633179,0.011531433090567589,0.0716191753745079,0.019674308598041534,0.05230667069554329,0.07803415507078171,0.07580187171697617,0.19705164432525635,0.09096585959196091
241,8.033333333333333,,,,insightface_bbox,0.7569603323936462,1029.695068359375,687.720703125,2055.248291015625,2592.046875,0,0,0,0,0,0,0,0,0,0,0,0,0.07058083266019821,0.04281998053193092,0.10017115622758865,0.10295839607715607,0.009564107283949852,0.05388472229242325,0.015070855617523193,0.045006703585386276,0.07142165303230286,0.06842495501041412,0.11628742516040802,0.07249271124601364
242,8.066666666666666,,,,insightface_bbox,0.7569603323936462,1029.695068359375,687.720703125,2055.248291015625,2592.046875,0,0,0,0,0,0,0,0,0,0,0,0,0.05626945197582245,0.03577318787574768,0.07389651983976364,0.08126705884933472,0.007841507904231548,0.031827833503484726,0.011590774171054363,0.03997255489230156,0.06366512924432755,0.06336116045713425,0.06025325506925583,0.06527318060398102
243,8.1,,,,insightface_bbox,0.7569603323936462,1029.695068359375,687.720703125,2055.248291015625,2592.046875,0,0,0,0,0,0,0,0,0,0,0,0,0.04388641566038132,0.029628917574882507,0.050197895616292953,0.06594596058130264,0.0065674809738993645,0.01957579329609871,0.010030070319771767,0.033558424562215805,0.05799878016114235,0.05853978917002678,0.02181069739162922,0.05415128543972969
244,8.133333333333333,,,,insightface_bbox,0.7569603323936462,1029.695068359375,687.720703125,2055.248291015625,2592.046875,0,0,0,0,0,0,0,0,0,0,0,0,0.03724868595600128,0.024680647999048233,0.042190976440906525,0.046535614877939224,0.005965038202702999,0.01842498406767845,0.008794864639639854,0.030176032334566116,0.05715581029653549,0.05866726487874985,0.01974976807832718,0.05050015449523926
245,8.166666666666666,,,,insightface_bbox,0.7569603323936462,1029.695068359375,687.720703125,2055.248291015625,2592.046875,0,0,0,0,0,0,0,0,0,0,0,0,0.03902757912874222,0.024872373789548874,0.043348461389541626,0.045060157775878906,0.006231432780623436,0.02300097793340683,0.008348722010850906,0.031274423003196716,0.06268075853586197,0.06006241589784622,0.023242177441716194,0.05315399169921875
246,8.2,,,,insightface_bbox,0.7562366724014282,1054.959228515625,712.46923828125,2058.280029296875,2547.253662109375,0,0,0,0,0,0,0,0,0,0,0,0,0.0840354859828949,0.06352917104959488,0.07826665043830872,0.16098372638225555,0.01279103010892868,0.07702114433050156,0.02184300869703293,0.0848628431558609,0.0931713879108429,0.10308030247688293,0.19798001646995544,0.13610821962356567
247,8.233333333333333,,,,insightface_bbox,0.7562366724014282,1054.959228515625,712.46923828125,2058.280029296875,2547.253662109375,0,0,0,0,0,0,0,0,0,0,0,0,0.08410599827766418,0.06420382112264633,0.07010446488857269,0.16798564791679382,0.012080456130206585,0.06759034842252731,0.020544670522212982,0.07882249355316162,0.09547139704227448,0.10333964228630066,0.18164582550525665,0.13111376762390137
248,8.266666666666667,,,,insightface_bbox,0.7562366724014282,1054.959228515625,712.46923828125,2058.280029296875,2547.253662109375,0,0,0,0,0,0,0,0,0,0,0,0,0.07536402344703674,0.057093843817710876,0.05746059864759445,0.14884793758392334,0.01123756729066372,0.04119784012436867,0.01608724519610405,0.06871657073497772,0.0905677005648613,0.09543612599372864,0.08100121468305588,0.10525297373533249
249,8.3,,,,insightface_bbox,0.7562366724014282,1054.959228515625,712.46923828125,2058.280029296875,2547.253662109375,0,0,0,0,0,0,0,0,0,0,0,0,0.08253588527441025,0.060033902525901794,0.0675281286239624,0.16319014132022858,0.011481881141662598,0.045842304825782776,0.015356569550931454,0.06745687872171402,0.09003853797912598,0.09195132553577423,0.09978338330984116,0.12315735965967178
250,8.333333333333334,,,,insightface_bbox,0.7562366724014282,1054.959228515625,712.46923828125,2058.280029296875,2547.253662109375,0,0,0,0,0,0,0,0,0,0,0,0,0.07772338390350342,0.05776719003915787,0.06258102506399155,0.1583857238292694,0.011326582171022892,0.04705536738038063,0.015763569623231888,0.06696752458810806,0.09187746047973633,0.09326688945293427,0.10225659608840942,0.11911003291606903
251,8.366666666666667,,,,insightface_bbox,0.7562366724014282,1054.959228515625,712.46923828125,2058.280029296875,2547.253662109375,0,0,0,0,0,0,0,0,0,0,0,0,0.07592153549194336,0.058272141963243484,0.060740742832422256,0.15759406983852386,0.011381004005670547,0.046338994055986404,0.0163013506680727,0.06750661879777908,0.09105674177408218,0.09463005512952805,0.09997935593128204,0.11550885438919067
252,8.4,,,,insightface_bbox,0.7130699753761292,1050.139892578125,702.5349731445312,2056.41748046875,2530.6611328125,0,0,0,0,0,0,0,0,0,0,0,0,0.06711888313293457,0.05208756402134895,0.05554444342851639,0.12993568181991577,0.010408041998744011,0.04198083654046059,0.015141075477004051,0.060976091772317886,0.08900381624698639,0.0922485738992691,0.08874394744634628,0.10001587867736816
253,8.433333333333334,,,,insightface_bbox,0.7130699753761292,1050.139892578125,702.5349731445312,2056.41748046875,2530.6611328125,0,0,0,0,0,0,0,0,0,0,0,0,0.06668754667043686,0.05165533721446991,0.05701509863138199,0.12038677930831909,0.0105332862585783,0.04691758751869202,0.01575193926692009,0.06233113259077072,0.09541711956262589,0.09391718357801437,0.09612254798412323,0.10262324661016464
254,8.466666666666667,,,,insightface_bbox,0.7130699753761292,1050.139892578125,702.5349731445312,2056.41748046875,2530.6611328125,0,0,0,0,0,0,0,0,0,0,0,0,0.07221309095621109,0.05671117082238197,0.060281138867139816,0.1313740313053131,0.011464802548289299,0.058587007224559784,0.017806662246584892,0.06919702142477036,0.09566716104745865,0.09786632657051086,0.14516665041446686,0.11113428324460983
255,8.5,,,,insightface_bbox,0.7130699753761292,1050.139892578125,702.5349731445312,2056.41748046875,2530.6611328125,0,0,0,0,0,0,0,0,0,0,0,0,0.0816575437784195,0.0681753009557724,0.06863748282194138,0.16635341942310333,0.013066829182207584,0.07148774713277817,0.02101222798228264,0.07571844756603241,0.09889651089906693,0.1012985110282898,0.18348650634288788,0.11727207899093628
256,8.533333333333333,,,,insightface_bbox,0.7130699753761292,1050.139892578125,702.5349731445312,2056.41748046875,2530.6611328125,0,0,0,0,0,0,0,0,0,0,0,0,0.07668913900852203,0.06253259629011154,0.062140509486198425,0.1587207317352295,0.012657278217375278,0.06351302564144135,0.021031321957707405,0.07352925091981888,0.09841914474964142,0.10253123193979263,0.19035065174102783,0.11980067193508148
257,8.566666666666666,,,,insightface_bbox,0.7130699753761292,1050.139892578125,702.5349731445312,2056.41748046875,2530.6611328125,0,0,0,0,0,0,0,0,0,0,0,0,0.06339720636606216,0.0492607019841671,0.050279706716537476,0.1305796205997467,0.01141816470772028,0.03990641236305237,0.01774682104587555,0.0654730498790741,0.09237094968557358,0.09785918891429901,0.09105907380580902,0.09940914064645767
258,8.6,,,,insightface_bbox,0.7027589082717896,1069.6129150390625,737.95361328125,2062.869140625,2489.630859375,0,0,0,0,0,0,0,0,0,0,0,0,0.07511582225561142,0.05142318084836006,0.05774497985839844,0.1328883171081543,0.011723712086677551,0.04006408154964447,0.016127653419971466,0.06922134011983871,0.09185466915369034,0.10170935094356537,0.11652716249227524,0.12529140710830688
259,8.633333333333333,,,,insightface_bbox,0.7027589082717896,1069.6129150390625,737.95361328125,2062.869140625,2489.630859375,0,0,0,0,0,0,0,0,0,0,0,0,0.0861230343580246,0.05709907039999962,0.06572529673576355,0.14759044349193573,0.012461433187127113,0.04691363871097565,0.017141886055469513,0.07450990378856659,0.1020602434873581,0.11071427911520004,0.14753533899784088,0.16775621473789215
260,8.666666666666666,,,,insightface_bbox,0.7027589082717896,1069.6129150390625,737.95361328125,2062.869140625,2489.630859375,0,0,0,0,0,0,0,0,0,0,0,0,0.08693582564592361,0.06086114048957825,0.07240545749664307,0.1614406555891037,0.01290141511708498,0.05456513911485672,0.01867595687508583,0.07422540336847305,0.09973222017288208,0.10403446853160858,0.15514644980430603,0.1556471288204193
261,8.7,,,,insightface_bbox,0.7027589082717896,1069.6129150390625,737.95361328125,2062.869140625,2489.630859375,0,0,0,0,0,0,0,0,0,0,0,0,0.08765675127506256,0.06402591615915298,0.07022665441036224,0.13585425913333893,0.012664426118135452,0.0728135034441948,0.019676128402352333,0.07398846745491028,0.10450970381498337,0.10439416766166687,0.13692313432693481,0.12155260145664215
262,8.733333333333333,,,,insightface_bbox,0.7027589082717896,1069.6129150390625,737.95361328125,2062.869140625,2489.630859375,0,0,0,0,0,0,0,0,0,0,0,0,0.10280025005340576,0.0760980024933815,0.09136223047971725,0.1823619306087494,0.014656344428658485,0.11467858403921127,0.02748170681297779,0.08668899536132812,0.11408139020204544,0.11595896631479263,0.31787538528442383,0.1852201521396637
263,8.766666666666667,,,,insightface_bbox,0.7027589082717896,1069.6129150390625,737.95361328125,2062.869140625,2489.630859375,0,0,0,0,0,0,0,0,0,0,0,0,0.0891704112291336,0.06579408049583435,0.06522186845541,0.1752416491508484,0.012383968569338322,0.05718601867556572,0.019993972033262253,0.08408664166927338,0.10408293455839157,0.1133449375629425,0.1877586841583252,0.17174705862998962
264,8.8,,,,insightface_bbox,0.7405238151550293,1037.41064453125,713.1006469726562,2053.87255859375,2488.681396484375,0,0,0,0,0,0,0,0,0,0,0,0,0.05867285653948784,0.043596696108579636,0.05674071982502937,0.11034052073955536,0.010760325007140636,0.03463105112314224,0.0179509986191988,0.050613224506378174,0.07770226150751114,0.0820232480764389,0.058086756616830826,0.0806281566619873
265,8.833333333333334,,,,insightface_bbox,0.7405238151550293,1037.41064453125,713.1006469726562,2053.87255859375,2488.681396484375,0,0,0,0,0,0,0,0,0,0,0,0,0.05515957251191139,0.04050832614302635,0.05855998396873474,0.09946151822805405,0.009852038696408272,0.035118140280246735,0.0166538767516613,0.0471191331744194,0.07754790782928467,0.07772506028413773,0.048821285367012024,0.07596161961555481
266,8.866666666666667,,,,insightface_bbox,0.7405238151550293,1037.41064453125,713.1006469726562,2053.87255859375,2488.681396484375,0,0,0,0,0,0,0,0,0,0,0,0,0.046509355306625366,0.03269912675023079,0.043289851397275925,0.06294617056846619,0.008358115330338478,0.032836489379405975,0.013250978663563728,0.03913804516196251,0.0816870778799057,0.07401721924543381,0.030369829386472702,0.06619538366794586
267,8.9,,,,insightface_bbox,0.7405238151550293,1037.41064453125,713.1006469726562,2053.87255859375,2488.681396484375,0,0,0,0,0,0,0,0,0,0,0,0,0.06368044763803482,0.05298719182610512,0.05814794823527336,0.11776861548423767,0.010772481560707092,0.04632735252380371,0.015058903954923153,0.05708988755941391,0.08859294652938843,0.08298102766275406,0.06365521252155304,0.08476519584655762
268,8.933333333333334,,,,insightface_bbox,0.7405238151550293,1037.41064453125,713.1006469726562,2053.87255859375,2488.681396484375,0,0,0,0,0,0,0,0,0,0,0,0,0.08446964621543884,0.06530611962080002,0.07153692841529846,0.16200482845306396,0.012588510289788246,0.054356180131435394,0.01936156116425991,0.06415951251983643,0.08918097615242004,0.08233678340911865,0.12195014208555222,0.10788077116012573
269,8.966666666666667,,,,insightface_bbox,0.7405238151550293,1037.41064453125,713.1006469726562,2053.87255859375,2488.681396484375,0,0,0,0,0,0,0,0,0,0,0,0,0.06905001401901245,0.0594429112970829,0.06628607958555222,0.13010935485363007,0.01154990866780281,0.05306154116988182,0.015856433659791946,0.06217300519347191,0.0937589704990387,0.08573463559150696,0.06628801673650742,0.08751855045557022
270,9.0,,,,insightface_bbox,0.7582299709320068,1044.997802734375,707.650390625,2064.0,2586.911865234375,0,0,0,0,0,0,0,0,0,0,0,0,0.041793059557676315,0.030750442296266556,0.04880763962864876,0.049834683537483215,0.007426369935274124,0.03229755163192749,0.008961103856563568,0.037708036601543427,0.07431919127702713,0.06765080988407135,0.037208106368780136,0.05705179646611214
271,9.033333333333333,,,,insightface_bbox,0.7582299709320068,1044.997802734375,707.650390625,2064.0,2586.911865234375,0,0,0,0,0,0,0,0,0,0,0,0,0.04256287217140198,0.03145136311650276,0.0531792975962162,0.05114481598138809,0.0075462269596755505,0.033616043627262115,0.009095109067857265,0.03810718655586243,0.07554897665977478,0.0675821453332901,0.037295714020729065,0.058445051312446594
272,9.066666666666666,,,,insightface_bbox,0.7582299709320068,1044.997802734375,707.650390625,2064.0,2586.911865234375,0,0,0,0,0,0,0,0,0,0,0,0,0.04574989527463913,0.03384150564670563,0.05979996919631958,0.053515851497650146,0.008256296627223492,0.03772013634443283,0.010624321177601814,0.03930690139532089,0.0815901905298233,0.07030419260263443,0.04205683246254921,0.06277725845575333
273,9.1,,,,insightface_bbox,0.7582299709320068,1044.997802734375,707.650390625,2064.0,2586.911865234375,0,0,0,0,0,0,0,0,0,0,0,0,0.04774212837219238,0.03361617028713226,0.06845568865537643,0.05194956436753273,0.008823095820844173,0.03962693735957146,0.010985350236296654,0.039032287895679474,0.0810832530260086,0.06936554610729218,0.04529733210802078,0.06394847482442856
274,9.133333333333333,,,,insightface_bbox,0.7582299709320068,1044.997802734375,707.650390625,2064.0,2586.911865234375,0,0,0,0,0,0,0,0,0,0,0,0,0.048252567648887634,0.03339181840419769,0.07040371000766754,0.05210487172007561,0.00891475286334753,0.039784763008356094,0.010931437835097313,0.03890279307961464,0.08018858730792999,0.06908489018678665,0.0477261021733284,0.06412408500909805
275,9.166666666666666,,,,insightface_bbox,0.7582299709320068,1044.997802734375,707.650390625,2064.0,2586.911865234375,0,0,0,0,0,0,0,0,0,0,0,0,0.048790428787469864,0.033495619893074036,0.0705718845129013,0.05428280681371689,0.008892376907169819,0.03779947757720947,0.01081684697419405,0.03858581930398941,0.07712185382843018,0.06844703108072281,0.048317551612854004,0.06396382302045822
276,9.2,,,,insightface_bbox,0.7688227891921997,1041.30224609375,721.058837890625,2064.0,2592.18212890625,0,0,0,0,0,0,0,0,0,0,0,0,0.05819222331047058,0.04261229932308197,0.06618522852659225,0.07577407360076904,0.009303303435444832,0.04368436336517334,0.01182404812425375,0.04552507773041725,0.08359454572200775,0.07025938481092453,0.05739346519112587,0.0723729357123375
277,9.233333333333333,,,,insightface_bbox,0.7688227891921997,1041.30224609375,721.058837890625,2064.0,2592.18212890625,0,0,0,0,0,0,0,0,0,0,0,0,0.05941277742385864,0.04434478282928467,0.0721898153424263,0.07945653051137924,0.01003942545503378,0.05199972167611122,0.012828603386878967,0.048308975994586945,0.09135735034942627,0.07213936001062393,0.05355868116021156,0.07051755487918854
278,9.266666666666667,,,,insightface_bbox,0.7688227891921997,1041.30224609375,721.058837890625,2064.0,2592.18212890625,0,0,0,0,0,0,0,0,0,0,0,0,0.059709515422582626,0.04396142438054085,0.07490861415863037,0.07543934881687164,0.010652996599674225,0.06719312071800232,0.013930303044617176,0.04977261647582054,0.09908530861139297,0.0751669853925705,0.06401383131742477,0.07137323170900345
279,9.3,,,,insightface_bbox,0.7688227891921997,1041.30224609375,721.058837890625,2064.0,2592.18212890625,0,0,0,0,0,0,0,0,0,0,0,0,0.06353895366191864,0.04527582973241806,0.07967453449964523,0.07637302577495575,0.010790158994495869,0.07551780343055725,0.015108652412891388,0.04934582859277725,0.10050061345100403,0.07550574094057083,0.08723796159029007,0.07570083439350128
280,9.333333333333334,,,,insightface_bbox,0.7688227891921997,1041.30224609375,721.058837890625,2064.0,2592.18212890625,0,0,0,0,0,0,0,0,0,0,0,0,0.0567949153482914,0.03730355203151703,0.05826318636536598,0.0642639547586441,0.008403544314205647,0.045377217233181,0.013706749305129051,0.03872077539563179,0.07646937668323517,0.07039457559585571,0.08247119188308716,0.07552176713943481
281,9.366666666666667,,,,insightface_bbox,0.7688227891921997,1041.30224609375,721.058837890625,2064.0,2592.18212890625,0,0,0,0,0,0,0,0,0,0,0,0,0.054328836500644684,0.03585711866617203,0.056366920471191406,0.058657485991716385,0.007959399372339249,0.04015900194644928,0.014336379244923592,0.03724958375096321,0.07448086142539978,0.06979577988386154,0.0703047513961792,0.07575429230928421
282,9.4,,,,insightface_bbox,0.7357648611068726,1033.3187255859375,718.8418579101562,2058.151611328125,2534.4384765625,0,0,0,0,0,0,0,0,0,0,0,0,0.05439639464020729,0.0351557731628418,0.05446856468915939,0.05573604628443718,0.007967634126543999,0.04364013671875,0.01388996746391058,0.03838511183857918,0.07215674221515656,0.07084297388792038,0.11122298240661621,0.07869891822338104
283,9.433333333333334,,,,insightface_bbox,0.7357648611068726,1033.3187255859375,718.8418579101562,2058.151611328125,2534.4384765625,0,0,0,0,0,0,0,0,0,0,0,0,0.05268869549036026,0.035589799284935,0.05203108862042427,0.055955126881599426,0.007950499653816223,0.040973272174596786,0.014088677242398262,0.03785448521375656,0.07042063027620316,0.07025076448917389,0.10206002742052078,0.08048491179943085
284,9.466666666666667,,,,insightface_bbox,0.7357648611068726,1033.3187255859375,718.8418579101562,2058.151611328125,2534.4384765625,0,0,0,0,0,0,0,0,0,0,0,0,0.05024675652384758,0.03338040038943291,0.05226679518818855,0.049288712441921234,0.007885390892624855,0.03685878962278366,0.01483179721981287,0.03547918424010277,0.06939083337783813,0.06987424194812775,0.07053986936807632,0.0739804357290268
285,9.5,,,,insightface_bbox,0.7357648611068726,1033.3187255859375,718.8418579101562,2058.151611328125,2534.4384765625,0,0,0,0,0,0,0,0,0,0,0,0,0.048403557389974594,0.030642151832580566,0.053860634565353394,0.04450009763240814,0.007915561087429523,0.03469471633434296,0.013838347047567368,0.03359883651137352,0.06572065502405167,0.06486289203166962,0.07204093784093857,0.06833072751760483
286,9.533333333333333,,,,insightface_bbox,0.7357648611068726,1033.3187255859375,718.8418579101562,2058.151611328125,2534.4384765625,0,0,0,0,0,0,0,0,0,0,0,0,0.04683568328619003,0.029219163581728935,0.05185553804039955,0.04059097170829773,0.007697977591305971,0.03505696728825569,0.012059751898050308,0.03211560845375061,0.0654105693101883,0.062019430100917816,0.07083575427532196,0.06322552263736725
287,9.566666666666666,,,,insightface_bbox,0.7357648611068726,1033.3187255859375,718.8418579101562,2058.151611328125,2534.4384765625,0,0,0,0,0,0,0,0,0,0,0,0,0.04480309411883354,0.02823536843061447,0.050451263785362244,0.03995482623577118,0.007403122261166573,0.03176401928067207,0.011843751184642315,0.031079716980457306,0.06466119736433029,0.06048890948295593,0.04792334884405136,0.05821575969457626
288,9.6,,,,insightface_bbox,0.7310358285903931,1047.4229736328125,732.3435668945312,2049.365966796875,2519.705810546875,0,0,0,0,0,0,0,0,0,0,0,0,0.07662414014339447,0.053662318736314774,0.07009082287549973,0.13026201725006104,0.011513268575072289,0.053189508616924286,0.020965702831745148,0.06311823427677155,0.08666276186704636,0.0877370610833168,0.19775646924972534,0.12941257655620575
289,9.633333333333333,,,,insightface_bbox,0.7310358285903931,1047.4229736328125,732.3435668945312,2049.365966796875,2519.705810546875,0,0,0,0,0,0,0,0,0,0,0,0,0.07477404922246933,0.05246683582663536,0.07156308740377426,0.12703226506710052,0.011551156640052795,0.05333733558654785,0.02185676433146,0.06238536536693573,0.0857032909989357,0.08762842416763306,0.2065116912126541,0.1393526941537857
290,9.666666666666666,,,,insightface_bbox,0.7310358285903931,1047.4229736328125,732.3435668945312,2049.365966796875,2519.705810546875,0,0,0,0,0,0,0,0,0,0,0,0,0.07453314960002899,0.055111728608608246,0.06943962723016739,0.1362248957157135,0.012544798664748669,0.05240308493375778,0.024150051176548004,0.06471356749534607,0.08773443102836609,0.09175571799278259,0.15778927505016327,0.13872934877872467
291,9.7,,,,insightface_bbox,0.7310358285903931,1047.4229736328125,732.3435668945312,2049.365966796875,2519.705810546875,0,0,0,0,0,0,0,0,0,0,0,0,0.07333046942949295,0.05203501880168915,0.0723886489868164,0.13226717710494995,0.012387556955218315,0.04024101421236992,0.02159661054611206,0.06141671910881996,0.08213596045970917,0.08716822415590286,0.08791971206665039,0.10912385582923889
292,9.733333333333333,,,,insightface_bbox,0.7310358285903931,1047.4229736328125,732.3435668945312,2049.365966796875,2519.705810546875,0,0,0,0,0,0,0,0,0,0,0,0,0.08145295828580856,0.05633185803890228,0.0849502831697464,0.15219081938266754,0.01302686333656311,0.04022346809506416,0.022739849984645844,0.0634196549654007,0.08394035696983337,0.0875982940196991,0.08159463107585907,0.10545478761196136
293,9.766666666666667,,,,insightface_bbox,0.7310358285903931,1047.4229736328125,732.3435668945312,2049.365966796875,2519.705810546875,0,0,0,0,0,0,0,0,0,0,0,0,0.07975562661886215,0.056505411863327026,0.08548963069915771,0.1523653268814087,0.012833905406296253,0.04060798138380051,0.02313738688826561,0.06105475127696991,0.08571822941303253,0.08559106290340424,0.07149691879749298,0.10365407913923264
294,9.8,,,,insightface_bbox,0.670546293258667,1046.818115234375,724.13671875,2049.935546875,2513.305419921875,0,0,0,0,0,0,0,0,0,0,0,0,0.07307137548923492,0.05164520442485809,0.07310019433498383,0.13212528824806213,0.011043115518987179,0.036970123648643494,0.018692350015044212,0.05382552742958069,0.08405077457427979,0.07914943993091583,0.05521318316459656,0.09447646141052246
295,9.833333333333334,,,,insightface_bbox,0.670546293258667,1046.818115234375,724.13671875,2049.935546875,2513.305419921875,0,0,0,0,0,0,0,0,0,0,0,0,0.07208608090877533,0.05348425358533859,0.06624055653810501,0.12914738059043884,0.011772988364100456,0.04405464977025986,0.02140806056559086,0.05726904422044754,0.08718492090702057,0.08550044894218445,0.08711747825145721,0.11532213538885117
296,9.866666666666667,,,,insightface_bbox,0.670546293258667,1046.818115234375,724.13671875,2049.935546875,2513.305419921875,0,0,0,0,0,0,0,0,0,0,0,0,0.07273738086223602,0.05147907882928848,0.06769818067550659,0.12203092873096466,0.012307427823543549,0.04228990897536278,0.023430097848176956,0.05533702298998833,0.0849379301071167,0.08607295155525208,0.098304882645607,0.12020293623209
297,9.9,,,,insightface_bbox,0.670546293258667,1046.818115234375,724.13671875,2049.935546875,2513.305419921875,0,0,0,0,0,0,0,0,0,0,0,0,0.07582561671733856,0.05271494761109352,0.07427661120891571,0.13072189688682556,0.012858902104198933,0.04389125108718872,0.025037981569767,0.0569833405315876,0.08455981314182281,0.08767083287239075,0.10252861678600311,0.12155570834875107
298,9.933333333333334,,,,insightface_bbox,0.670546293258667,1046.818115234375,724.13671875,2049.935546875,2513.305419921875,0,0,0,0,0,0,0,0,0,0,0,0,0.07680828124284744,0.05379903316497803,0.0775444358587265,0.13488978147506714,0.013035180047154427,0.04634849354624748,0.024612227454781532,0.05887126550078392,0.08461616933345795,0.08806843310594559,0.11246786266565323,0.12589266896247864
299,9.966666666666667,,,,insightface_bbox,0.670546293258667,1046.818115234375,724.13671875,2049.935546875,2513.305419921875,0,0,0,0,0,0,0,0,0,0,0,0,0.08161863684654236,0.05917120352387428,0.08003325760364532,0.16105227172374725,0.013085704296827316,0.05067843943834305,0.022821130231022835,0.06481927633285522,0.08566751331090927,0.09011980146169662,0.1463431566953659,0.1458837389945984
300,10.0,,,,insightface_bbox,0.6989939212799072,1050.43603515625,691.2447509765625,2038.9398193359375,2536.8203125,0,0,0,0,0,0,0,0,0,0,0,0,0.08212987333536148,0.053060583770275116,0.07810395956039429,0.14133720099925995,0.011238224804401398,0.054757967591285706,0.016674254089593887,0.06836901605129242,0.08987198770046234,0.09574013948440552,0.1520882546901703,0.1575741171836853
301,10.033333333333333,,,,insightface_bbox,0.6989939212799072,1050.43603515625,691.2447509765625,2038.9398193359375,2536.8203125,0,0,0,0,0,0,0,0,0,0,0,0,0.09632502496242523,0.06292637437582016,0.10344628244638443,0.17728206515312195,0.013313785195350647,0.088097482919693,0.02511204034090042,0.08093288540840149,0.10730355232954025,0.10826285183429718,0.2503153681755066,0.19799748063087463
302,10.066666666666666,,,,insightface_bbox,0.6989939212799072,1050.43603515625,691.2447509765625,2038.9398193359375,2536.8203125,0,0,0,0,0,0,0,0,0,0,0,0,0.09670853614807129,0.06406266242265701,0.11000613868236542,0.17479130625724792,0.01358092576265335,0.10091273486614227,0.026054512709379196,0.08235783129930496,0.10774770379066467,0.10718342661857605,0.29214027523994446,0.19142785668373108
303,10.1,,,,insightface_bbox,0.6989939212799072,1050.43603515625,691.2447509765625,2038.9398193359375,2536.8203125,0,0,0,0,0,0,0,0,0,0,0,0,0.09764364361763,0.06459814310073853,0.11060360074043274,0.17659398913383484,0.013427354395389557,0.10261139273643494,0.026095591485500336,0.08113320916891098,0.10724880546331406,0.10705467313528061,0.30689457058906555,0.19060391187667847
304,10.133333333333333,,,,insightface_bbox,0.6989939212799072,1050.43603515625,691.2447509765625,2038.9398193359375,2536.8203125,0,0,0,0,0,0,0,0,0,0,0,0,0.0987657755613327,0.06518936902284622,0.1120668575167656,0.17938338220119476,0.013753581792116165,0.10296859592199326,0.026418481022119522,0.08114957064390182,0.10781987011432648,0.10608050972223282,0.2944945991039276,0.1883200705051422
305,10.166666666666666,,,,insightface_bbox,0.6989939212799072,1050.43603515625,691.2447509765625,2038.9398193359375,2536.8203125,0,0,0,0,0,0,0,0,0,0,0,0,0.09524232149124146,0.06296872347593307,0.10477754473686218,0.1685437709093094,0.013419642113149166,0.09533555060625076,0.02541295997798443,0.082038015127182,0.10752440243959427,0.10654635727405548,0.2598692774772644,0.18137933313846588
306,10.2,,,,insightface_bbox,0.7468926906585693,1045.1719970703125,704.2433471679688,2051.368896484375,2578.6005859375,0,0,0,0,0,0,0,0,0,0,0,0,0.07214067876338959,0.04860986769199371,0.08083915710449219,0.10509278625249863,0.010891798883676529,0.09892868995666504,0.020472882315516472,0.06368755549192429,0.10489112883806229,0.08957355469465256,0.2577984035015106,0.13452929258346558
307,10.233333333333333,,,,insightface_bbox,0.7468926906585693,1045.1719970703125,704.2433471679688,2051.368896484375,2578.6005859375,0,0,0,0,0,0,0,0,0,0,0,0,0.07986786961555481,0.054244235157966614,0.09279531240463257,0.1303611844778061,0.01169480849057436,0.10782544314861298,0.023484446108341217,0.06596774607896805,0.10830622911453247,0.09339620172977448,0.31008145213127136,0.14913906157016754
308,10.266666666666667,,,,insightface_bbox,0.7468926906585693,1045.1719970703125,704.2433471679688,2051.368896484375,2578.6005859375,0,0,0,0,0,0,0,0,0,0,0,0,0.10044564306735992,0.07097850739955902,0.11963554471731186,0.2110898196697235,0.013988880440592766,0.12597066164016724,0.03568396344780922,0.07579511404037476,0.11877014487981796,0.10366015136241913,0.36455002427101135,0.17800408601760864
309,10.3,,,,insightface_bbox,0.7468926906585693,1045.1719970703125,704.2433471679688,2051.368896484375,2578.6005859375,0,0,0,0,0,0,0,0,0,0,0,0,0.0959356278181076,0.06859055906534195,0.10740415006875992,0.20601658523082733,0.013337042182683945,0.11342057585716248,0.031271692365407944,0.07899228483438492,0.1118478998541832,0.10144925862550735,0.3210448622703552,0.16204430162906647
310,10.333333333333334,,,,insightface_bbox,0.7468926906585693,1045.1719970703125,704.2433471679688,2051.368896484375,2578.6005859375,0,0,0,0,0,0,0,0,0,0,0,0,0.07516949623823166,0.056275393813848495,0.06508027017116547,0.14451757073402405,0.011975971050560474,0.04994597285985947,0.020989559590816498,0.06737793982028961,0.0922626256942749,0.09242575615644455,0.10547135770320892,0.11530397832393646
311,10.366666666666667,,,,insightface_bbox,0.7468926906585693,1045.1719970703125,704.2433471679688,2051.368896484375,2578.6005859375,0,0,0,0,0,0,0,0,0,0,0,0,0.0736052542924881,0.0555252730846405,0.06661435961723328,0.14675883948802948,0.011625182814896107,0.04039697349071503,0.018498999997973442,0.06251372396945953,0.08532434701919556,0.08697322756052017,0.07367202639579773,0.10578665137290955
312,10.4,,,,insightface_bbox,0.7256448864936829,1051.8319091796875,712.6742553710938,2056.47265625,2529.21875,0,0,0,0,0,0,0,0,0,0,0,0,0.07592535018920898,0.057758480310440063,0.06702932715415955,0.16005569696426392,0.011557060293853283,0.04339495673775673,0.01746630109846592,0.06432236731052399,0.08984106779098511,0.08756037801504135,0.07615251839160919,0.10899843275547028
313,10.433333333333334,,,,insightface_bbox,0.7256448864936829,1051.8319091796875,712.6742553710938,2056.47265625,2529.21875,0,0,0,0,0,0,0,0,0,0,0,0,0.07341465353965759,0.0546037033200264,0.06196174770593643,0.13961313664913177,0.011053802445530891,0.04275408014655113,0.017171742394566536,0.06377140432596207,0.08797474205493927,0.08595682680606842,0.06871732324361801,0.10027264058589935
314,10.466666666666667,,,,insightface_bbox,0.7256448864936829,1051.8319091796875,712.6742553710938,2056.47265625,2529.21875,0,0,0,0,0,0,0,0,0,0,0,0,0.0750834047794342,0.059375617653131485,0.06311371177434921,0.13348396122455597,0.011722341179847717,0.05573289096355438,0.01802065223455429,0.06668591499328613,0.09313178062438965,0.08966676145792007,0.08331828564405441,0.10017214715480804
315,10.5,,,,insightface_bbox,0.7256448864936829,1051.8319091796875,712.6742553710938,2056.47265625,2529.21875,0,0,0,0,0,0,0,0,0,0,0,0,0.0752265676856041,0.05960259586572647,0.0653027668595314,0.12997004389762878,0.011892851442098618,0.06162271648645401,0.018763229250907898,0.068045973777771,0.09695258736610413,0.09157852083444595,0.08822239935398102,0.1012280210852623
316,10.533333333333333,,,,insightface_bbox,0.7256448864936829,1051.8319091796875,712.6742553710938,2056.47265625,2529.21875,0,0,0,0,0,0,0,0,0,0,0,0,0.06404529511928558,0.046767935156822205,0.05293499678373337,0.1035112738609314,0.010686865076422691,0.0411384217441082,0.016899259760975838,0.057751428335905075,0.08759812265634537,0.08931313455104828,0.060004204511642456,0.09353690594434738
317,10.566666666666666,,,,insightface_bbox,0.7256448864936829,1051.8319091796875,712.6742553710938,2056.47265625,2529.21875,0,0,0,0,0,0,0,0,0,0,0,0,0.064323790371418,0.047219861298799515,0.05472910404205322,0.1122775748372078,0.010747993364930153,0.0389169305562973,0.01696435548365116,0.05780766159296036,0.0845327153801918,0.08809037506580353,0.05700988695025444,0.09456498920917511
318,10.6,,,,insightface_bbox,0.721677839756012,1042.0125732421875,693.1975708007812,2050.65771484375,2552.947998046875,0,0,0,0,0,0,0,0,0,0,0,0,0.057345278561115265,0.042973700910806656,0.05104837939143181,0.08773800730705261,0.010099412873387337,0.04041002690792084,0.015062203630805016,0.053008995950222015,0.08583779633045197,0.08540056645870209,0.04887682944536209,0.08062399178743362
319,10.633333333333333,,,,insightface_bbox,0.721677839756012,1042.0125732421875,693.1975708007812,2050.65771484375,2552.947998046875,0,0,0,0,0,0,0,0,0,0,0,0,0.06978678703308105,0.05632547661662102,0.06388594955205917,0.10787539184093475,0.011913163587450981,0.06892335414886475,0.019730892032384872,0.06310008466243744,0.10090690851211548,0.09225919097661972,0.11380606889724731,0.09210994839668274
320,10.666666666666666,,,,insightface_bbox,0.721677839756012,1042.0125732421875,693.1975708007812,2050.65771484375,2552.947998046875,0,0,0,0,0,0,0,0,0,0,0,0,0.07038091123104095,0.05765843763947487,0.063933365046978,0.11211614310741425,0.01207928266376257,0.07083029299974442,0.020959096029400826,0.06629466265439987,0.10165915638208389,0.09392431378364563,0.11131978780031204,0.09749151021242142
321,10.7,,,,insightface_bbox,0.721677839756012,1042.0125732421875,693.1975708007812,2050.65771484375,2552.947998046875,0,0,0,0,0,0,0,0,0,0,0,0,0.06129138916730881,0.04676756262779236,0.053003765642642975,0.11079747974872589,0.010592182166874409,0.04135587811470032,0.01752874068915844,0.055432483553886414,0.08783213794231415,0.08712241053581238,0.062130097299814224,0.09372803568840027
322,10.733333333333333,,,,insightface_bbox,0.721677839756012,1042.0125732421875,693.1975708007812,2050.65771484375,2552.947998046875,0,0,0,0,0,0,0,0,0,0,0,0,0.05934558063745499,0.04488557204604149,0.052810296416282654,0.10749927163124084,0.009798048995435238,0.037215013056993484,0.015615801326930523,0.051746636629104614,0.08496202528476715,0.082093745470047,0.05320999398827553,0.0862642452120781
323,10.766666666666667,,,,insightface_bbox,0.721677839756012,1042.0125732421875,693.1975708007812,2050.65771484375,2552.947998046875,0,0,0,0,0,0,0,0,0,0,0,0,0.059111759066581726,0.04410283640027046,0.05462462082505226,0.1060342863202095,0.009612646885216236,0.03685195371508598,0.015187248587608337,0.051134269684553146,0.08305872976779938,0.08098308742046356,0.05441050976514816,0.08543083071708679
324,10.8,,,,insightface_bbox,0.7122811079025269,1043.50732421875,694.6724853515625,2045.9229736328125,2539.566162109375,0,0,0,0,0,0,0,0,0,0,0,0,0.07598238438367844,0.05715303122997284,0.06673865020275116,0.16209712624549866,0.012035319581627846,0.04509834945201874,0.018414165824651718,0.0673525258898735,0.08754758536815643,0.08827821165323257,0.07518252730369568,0.10264196246862411
325,10.833333333333334,,,,insightface_bbox,0.7122811079025269,1043.50732421875,694.6724853515625,2045.9229736328125,2539.566162109375,0,0,0,0,0,0,0,0,0,0,0,0,0.06993404030799866,0.05239000543951988,0.06537812948226929,0.11999399214982986,0.011315379291772842,0.0615062490105629,0.01846073940396309,0.06836756318807602,0.08990582823753357,0.09112191200256348,0.1181708574295044,0.10811728239059448
326,10.866666666666667,,,,insightface_bbox,0.7122811079025269,1043.50732421875,694.6724853515625,2045.9229736328125,2539.566162109375,0,0,0,0,0,0,0,0,0,0,0,0,0.06922905147075653,0.052196137607097626,0.06585432589054108,0.12073778361082077,0.010904046706855297,0.06879693269729614,0.01806805282831192,0.07060953974723816,0.09048134088516235,0.09203679114580154,0.17078788578510284,0.12016292661428452
327,10.9,,,,insightface_bbox,0.7122811079025269,1043.50732421875,694.6724853515625,2045.9229736328125,2539.566162109375,0,0,0,0,0,0,0,0,0,0,0,0,0.07132164388895035,0.05520258843898773,0.06411156058311462,0.1537022590637207,0.011585415340960026,0.050934087485075,0.018835369497537613,0.0708383172750473,0.08437731117010117,0.09118588268756866,0.1347728967666626,0.1142333373427391
328,10.933333333333334,,,,insightface_bbox,0.7122811079025269,1043.50732421875,694.6724853515625,2045.9229736328125,2539.566162109375,0,0,0,0,0,0,0,0,0,0,0,0,0.0663757473230362,0.05088701844215393,0.05922986567020416,0.14443109929561615,0.011240262538194656,0.038354866206645966,0.01797517016530037,0.06534399092197418,0.08141452074050903,0.08640535175800323,0.0817011371254921,0.09602048993110657
329,10.966666666666667,,,,insightface_bbox,0.7122811079025269,1043.50732421875,694.6724853515625,2045.9229736328125,2539.566162109375,0,0,0,0,0,0,0,0,0,0,0,0,0.06270836293697357,0.047183118760585785,0.05686084181070328,0.12697820365428925,0.010570603422820568,0.03364025056362152,0.016711492091417313,0.06009702384471893,0.07686422765254974,0.08127450197935104,0.06463417410850525,0.0846664309501648
330,11.0,,,,insightface_bbox,0.7072851657867432,1039.9918212890625,726.4351196289062,2045.9410400390625,2506.247802734375,0,0,0,0,0,0,0,0,0,0,0,0,0.05711573362350464,0.04224333539605141,0.05512930452823639,0.10502465069293976,0.010211757384240627,0.03098171204328537,0.019989928230643272,0.05639190971851349,0.07317565381526947,0.0835575982928276,0.04760635644197464,0.0762723907828331
