frame_idx,frame_time_in_ms,pitch,yaw,roll,face_alignment_method,face_detection_score,face_bbox_xmin,face_bbox_ymin,face_bbox_xmax,face_bbox_ymax,au_1,au_2,au_4,au_6,au_7,au_10,au_12,au_14,au_15,au_17,au_23,au_24,au_1_intensity,au_2_intensity,au_4_intensity,au_5_intensity,au_6_intensity,au_9_intensity,au_12_intensity,au_15_intensity,au_17_intensity,au_20_intensity,au_25_intensity,au_26_intensity
0,0.0,,,,insightface_bbox,0.6954623460769653,0.0,727.011962890625,716.3812866210938,2405.07861328125,0,0,1,0,0,0,0,0,0,1,0,0,0.06415180116891861,0.03292425349354744,0.7168222665786743,0.029021063819527626,0.00730231823399663,0.0185308326035738,0.006516693159937859,0.034932542592287064,0.06710375845432281,0.049863871186971664,0.012333951890468597,0.033460527658462524
1,0.03333333333333333,,,,insightface_bbox,0.6954623460769653,0.0,727.011962890625,716.3812866210938,2405.07861328125,0,0,1,0,0,0,0,0,0,1,0,0,0.05146663635969162,0.03120465576648712,0.6405550241470337,0.030872337520122528,0.00804951786994934,0.019421782344579697,0.008023410104215145,0.0328771248459816,0.06366939097642899,0.04217958450317383,0.031845271587371826,0.0443045012652874
2,0.06666666666666667,,,,insightface_bbox,0.6954623460769653,0.0,727.011962890625,716.3812866210938,2405.07861328125,0,0,1,0,0,0,0,0,0,1,0,0,0.053807660937309265,0.03394237533211708,0.5209202170372009,0.03727896884083748,0.010438644327223301,0.02472791075706482,0.011602154932916164,0.042783863842487335,0.07754331827163696,0.053085725754499435,0.048301611095666885,0.05587315559387207
3,0.1,,,,insightface_bbox,0.6954623460769653,0.0,727.011962890625,716.3812866210938,2405.07861328125,0,0,1,0,0,0,0,0,0,1,0,0,0.05259435996413231,0.03445275500416756,0.5211570262908936,0.03739301115274429,0.011129080317914486,0.02539234049618244,0.012352676130831242,0.04368361830711365,0.0779876857995987,0.05401160195469856,0.050214771181344986,0.05916178598999977
4,0.13333333333333333,,,,insightface_bbox,0.6954623460769653,0.0,727.011962890625,716.3812866210938,2405.07861328125,0,0,1,0,0,0,0,0,0,1,0,0,0.05265996232628822,0.034306298941373825,0.5272152423858643,0.03819709271192551,0.011365740559995174,0.025656811892986298,0.012312967330217361,0.04351082444190979,0.07924213260412216,0.05482582375407219,0.050437308847904205,0.05988762155175209
5,0.16666666666666666,,,,insightface_bbox,0.6954623460769653,0.0,727.011962890625,716.3812866210938,2405.07861328125,0,0,1,0,0,0,0,0,0,1,0,0,0.052302297204732895,0.03439588099718094,0.4866043031215668,0.03871067985892296,0.011366378515958786,0.02585325576364994,0.012553006410598755,0.04601442068815231,0.07854154706001282,0.056488100439310074,0.0513942614197731,0.06273815780878067
6,0.2,,,,insightface_bbox,0.6621779799461365,0.0,688.7886962890625,721.623291015625,2415.117919921875,0,0,1,0,0,0,0,0,0,0,0,0,0.041367948055267334,0.028138218447566032,0.4844661355018616,0.028069447726011276,0.010633398778736591,0.024382710456848145,0.012618230655789375,0.03743492439389229,0.07222330570220947,0.04750983789563179,0.057229138910770416,0.05441274121403694
7,0.23333333333333334,,,,insightface_bbox,0.6621779799461365,0.0,688.7886962890625,721.623291015625,2415.117919921875,0,0,1,0,0,0,0,0,0,0,0,0,0.04049135372042656,0.027681048959493637,0.43768301606178284,0.02769053913652897,0.01085964497178793,0.024060383439064026,0.01306772418320179,0.0381116047501564,0.07042248547077179,0.04699081927537918,0.05211200192570686,0.053621452301740646
8,0.26666666666666666,,,,insightface_bbox,0.6621779799461365,0.0,688.7886962890625,721.623291015625,2415.117919921875,0,0,1,0,0,0,0,0,0,0,0,0,0.04106314480304718,0.02780652791261673,0.43620193004608154,0.02761930227279663,0.010986773297190666,0.02427244372665882,0.013310665264725685,0.039206888526678085,0.0710073709487915,0.04774991050362587,0.05157768353819847,0.05391177162528038
9,0.3,,,,insightface_bbox,0.6621779799461365,0.0,688.7886962890625,721.623291015625,2415.117919921875,0,0,1,0,0,0,0,0,0,0,0,0,0.040494151413440704,0.02763303369283676,0.41500991582870483,0.027551427483558655,0.01080600917339325,0.024006038904190063,0.012973054312169552,0.03911617770791054,0.0702553242444992,0.047677166759967804,0.0506499782204628,0.053164247423410416
10,0.3333333333333333,,,,insightface_bbox,0.6621779799461365,0.0,688.7886962890625,721.623291015625,2415.117919921875,0,0,1,0,0,0,0,0,0,0,0,0,0.040556296706199646,0.02755720168352127,0.4051443636417389,0.027668094262480736,0.010910727083683014,0.02439218759536743,0.013233036734163761,0.04027523100376129,0.07163338363170624,0.04801829904317856,0.050218112766742706,0.0534675270318985
11,0.36666666666666664,,,,insightface_bbox,0.6621779799461365,0.0,688.7886962890625,721.623291015625,2415.117919921875,0,0,1,0,0,0,0,0,0,0,0,0,0.040384747087955475,0.027568388730287552,0.38696569204330444,0.027863718569278717,0.010683677159249783,0.024245839565992355,0.012539435178041458,0.04001476243138313,0.06999021768569946,0.047092050313949585,0.04998073726892471,0.05293526500463486
12,0.4,,,,insightface_bbox,0.6744346618652344,0.0,673.8575439453125,728.36962890625,2402.2412109375,0,0,1,0,0,0,0,0,0,0,0,0,0.04511825740337372,0.03229678422212601,0.46599459648132324,0.03793090954422951,0.01141771487891674,0.027308568358421326,0.013417517766356468,0.04037277400493622,0.07450223714113235,0.048580147325992584,0.07068254798650742,0.06176378205418587
13,0.43333333333333335,,,,insightface_bbox,0.6744346618652344,0.0,673.8575439453125,728.36962890625,2402.2412109375,0,0,1,0,0,0,0,0,0,0,0,0,0.04389581084251404,0.03107384592294693,0.4157438278198242,0.03574999421834946,0.011025355197489262,0.025916004553437233,0.012620272114872932,0.03905905410647392,0.07299681007862091,0.048515066504478455,0.06441651284694672,0.05896009877324104
14,0.4666666666666667,,,,insightface_bbox,0.6744346618652344,0.0,673.8575439453125,728.36962890625,2402.2412109375,0,0,1,0,0,0,0,0,0,0,0,0,0.04386134445667267,0.031148899346590042,0.41183945536613464,0.03622390702366829,0.011130180209875107,0.025955112650990486,0.01260112039744854,0.03937613591551781,0.07345619052648544,0.04859260842204094,0.06342380493879318,0.05944747477769852
15,0.5,,,,insightface_bbox,0.6744346618652344,0.0,673.8575439453125,728.36962890625,2402.2412109375,0,0,1,0,0,0,0,0,0,0,0,0,0.043748192489147186,0.031136710196733475,0.41075366735458374,0.036143653094768524,0.011116601526737213,0.025989970192313194,0.01268058456480503,0.039126619696617126,0.07298579812049866,0.04823548346757889,0.0635448768734932,0.05894070863723755
16,0.5333333333333333,,,,insightface_bbox,0.6744346618652344,0.0,673.8575439453125,728.36962890625,2402.2412109375,0,0,1,0,0,0,0,0,0,0,0,0,0.04408363997936249,0.03122318908572197,0.4115822911262512,0.036599043756723404,0.011185741052031517,0.026277922093868256,0.012743835337460041,0.03981843218207359,0.07357307523488998,0.048971887677907944,0.06454252451658249,0.05966035649180412
17,0.5666666666666667,,,,insightface_bbox,0.6744346618652344,0.0,673.8575439453125,728.36962890625,2402.2412109375,0,0,1,0,0,0,0,0,0,0,0,0,0.04382744058966637,0.03087589144706726,0.40834811329841614,0.03620731085538864,0.010975481942296028,0.025776328518986702,0.012709984555840492,0.03987246751785278,0.07341769337654114,0.04881932586431503,0.06335337460041046,0.059170257300138474
18,0.6,,,,insightface_bbox,0.6643244624137878,0.0,674.3958740234375,735.7116088867188,2405.989990234375,0,0,1,0,0,0,0,0,0,0,0,0,0.04016128182411194,0.027276795357465744,0.3740156292915344,0.029297180473804474,0.010877661406993866,0.024440640583634377,0.01203575637191534,0.0398685447871685,0.07127058506011963,0.04727400094270706,0.056865885853767395,0.05429871007800102
19,0.6333333333333333,,,,insightface_bbox,0.6643244624137878,0.0,674.3958740234375,735.7116088867188,2405.989990234375,0,0,1,0,0,0,0,0,0,0,0,0,0.04061182588338852,0.027830366045236588,0.3660981357097626,0.030002258718013763,0.011339226737618446,0.025465555489063263,0.012751092202961445,0.04061134532094002,0.07356267422437668,0.048334963619709015,0.06067359820008278,0.055130213499069214
20,0.6666666666666666,,,,insightface_bbox,0.6643244624137878,0.0,674.3958740234375,735.7116088867188,2405.989990234375,0,0,1,0,0,0,0,0,0,0,0,0,0.039962559938430786,0.027889110147953033,0.3688279390335083,0.030403774231672287,0.011202400550246239,0.024660911411046982,0.012734618037939072,0.039445143193006516,0.0731414183974266,0.046843551099300385,0.05877319723367691,0.053756870329380035
21,0.7,,,,insightface_bbox,0.6643244624137878,0.0,674.3958740234375,735.7116088867188,2405.989990234375,0,0,1,0,0,0,0,0,0,0,0,0,0.040161870419979095,0.027997801080346107,0.3778333067893982,0.030153002589941025,0.01133474987000227,0.024946333840489388,0.013012312352657318,0.03850003331899643,0.07307258248329163,0.046086281538009644,0.0603284016251564,0.053898654878139496
22,0.7333333333333333,,,,insightface_bbox,0.6643244624137878,0.0,674.3958740234375,735.7116088867188,2405.989990234375,0,0,1,0,0,0,0,0,0,0,0,0,0.04055333882570267,0.02824123576283455,0.39046987891197205,0.0300570297986269,0.011500852182507515,0.02524874173104763,0.013017003424465656,0.038722388446331024,0.07244370877742767,0.04619171842932701,0.06159437447786331,0.05432068556547165
23,0.7666666666666667,,,,insightface_bbox,0.6643244624137878,0.0,674.3958740234375,735.7116088867188,2405.989990234375,0,0,1,0,0,0,0,0,0,0,0,0,0.041072309017181396,0.028598371893167496,0.3883509635925293,0.03129146620631218,0.011396819725632668,0.025317039340734482,0.013049930334091187,0.03922063484787941,0.07266126573085785,0.04647574946284294,0.06274187564849854,0.0550607405602932
24,0.8,,,,insightface_bbox,0.6238027215003967,0.0,655.6237182617188,740.89599609375,2441.8974609375,0,0,1,0,0,0,0,0,0,0,0,0,0.040798433125019073,0.02826310694217682,0.2985726594924927,0.031425200402736664,0.010843804106116295,0.023573031648993492,0.01299943309277296,0.04180901125073433,0.07443106174468994,0.04977482929825783,0.054631322622299194,0.05597837641835213
25,0.8333333333333334,,,,insightface_bbox,0.6238027215003967,0.0,655.6237182617188,740.89599609375,2441.8974609375,0,0,1,0,0,0,0,0,0,0,0,0,0.043137326836586,0.030133286491036415,0.3316759467124939,0.0339973159134388,0.011446867138147354,0.024760622531175613,0.014526842162013054,0.04333139955997467,0.07523031532764435,0.04980867728590965,0.05970054119825363,0.05877355486154556
26,0.8666666666666667,,,,insightface_bbox,0.6238027215003967,0.0,655.6237182617188,740.89599609375,2441.8974609375,0,0,1,0,0,0,0,0,0,0,0,0,0.04284564033150673,0.030132658779621124,0.3322735130786896,0.03431759029626846,0.01155363954603672,0.024866769090294838,0.0145760178565979,0.04384876787662506,0.07578841596841812,0.0501854345202446,0.06062046065926552,0.058785077184438705
27,0.9,,,,insightface_bbox,0.6238027215003967,0.0,655.6237182617188,740.89599609375,2441.8974609375,0,0,1,0,0,0,0,0,0,0,0,0,0.04224049299955368,0.02958241105079651,0.3338278830051422,0.032979898154735565,0.011540697887539864,0.024575117975473404,0.01437681820243597,0.043572816997766495,0.07568465918302536,0.04994097724556923,0.05961107462644577,0.05756966397166252
28,0.9333333333333333,,,,insightface_bbox,0.6238027215003967,0.0,655.6237182617188,740.89599609375,2441.8974609375,0,0,1,0,0,0,0,0,0,0,0,0,0.04170609638094902,0.029134955257177353,0.326052725315094,0.03161962702870369,0.011479790322482586,0.024624653160572052,0.013818737119436264,0.04298634082078934,0.07529711723327637,0.049355730414390564,0.059256333857774734,0.056305594742298126
29,0.9666666666666667,,,,insightface_bbox,0.6238027215003967,0.0,655.6237182617188,740.89599609375,2441.8974609375,0,0,1,0,0,0,0,0,0,0,0,0,0.04131869226694107,0.028883781284093857,0.32413750886917114,0.03147643804550171,0.011448870413005352,0.024758905172348022,0.013927759602665901,0.04259543865919113,0.07500406354665756,0.04909278452396393,0.05961938947439194,0.056436777114868164
30,1.0,,,,insightface_bbox,0.6217615604400635,0.0,663.6446533203125,745.082275390625,2425.77783203125,0,0,1,0,0,0,0,0,0,0,0,0,0.03946154937148094,0.027802377939224243,0.24424755573272705,0.03119148313999176,0.010670051909983158,0.022646073251962662,0.013132818043231964,0.03990516811609268,0.07426970452070236,0.04811674728989601,0.053495027124881744,0.05472801998257637
31,1.0333333333333334,,,,insightface_bbox,0.6217615604400635,0.0,663.6446533203125,745.082275390625,2425.77783203125,0,0,1,0,0,0,0,0,0,0,0,0,0.039979077875614166,0.028040647506713867,0.236845001578331,0.03218686953186989,0.010715833865106106,0.022642889991402626,0.013160059228539467,0.040433887392282486,0.07463720440864563,0.04846878722310066,0.05428272858262062,0.055808864533901215
32,1.0666666666666667,,,,insightface_bbox,0.6217615604400635,0.0,663.6446533203125,745.082275390625,2425.77783203125,0,0,1,0,0,0,0,0,0,0,0,0,0.040979351848363876,0.028925396502017975,0.23483061790466309,0.033912986516952515,0.01052392739802599,0.02277195267379284,0.01292969100177288,0.03898671641945839,0.07346975803375244,0.04751131683588028,0.0532902255654335,0.056281764060258865
33,1.1,,,,insightface_bbox,0.6217615604400635,0.0,663.6446533203125,745.082275390625,2425.77783203125,0,0,1,0,0,0,0,0,0,0,0,0,0.0396767184138298,0.028070736676454544,0.21544447541236877,0.032622985541820526,0.010116791352629662,0.022152233868837357,0.012105162255465984,0.03687381371855736,0.06937279552221298,0.04544781148433685,0.048560816794633865,0.05348783731460571
34,1.1333333333333333,,,,insightface_bbox,0.6217615604400635,0.0,663.6446533203125,745.082275390625,2425.77783203125,0,0,1,0,0,0,0,0,0,0,0,0,0.039966486394405365,0.028403062373399734,0.21593275666236877,0.03359508141875267,0.010259252041578293,0.02242150902748108,0.012109930627048016,0.0368073433637619,0.06841059774160385,0.045256637036800385,0.0475803017616272,0.05334165692329407
35,1.1666666666666667,,,,insightface_bbox,0.6217615604400635,0.0,663.6446533203125,745.082275390625,2425.77783203125,0,0,1,0,0,0,0,0,0,0,0,0,0.04037874937057495,0.02908894419670105,0.21853256225585938,0.035059355199337006,0.010218953713774681,0.022585846483707428,0.012109884060919285,0.036816298961639404,0.06806258857250214,0.0453188493847847,0.049076374620199203,0.05466817319393158
36,1.2,,,,insightface_bbox,0.6460071802139282,0.0,667.753662109375,747.1101684570312,2443.864013671875,0,0,1,0,0,0,0,0,0,0,0,0,0.042065344750881195,0.030294157564640045,0.2621876895427704,0.03656553477048874,0.01109654176980257,0.023640058934688568,0.013118554838001728,0.03653641790151596,0.0697905644774437,0.045583344995975494,0.05580192059278488,0.05582067742943764
37,1.2333333333333334,,,,insightface_bbox,0.6460071802139282,0.0,667.753662109375,747.1101684570312,2443.864013671875,0,0,1,0,0,0,0,0,0,0,0,0,0.041502200067043304,0.029897041618824005,0.26975807547569275,0.036153823137283325,0.011281020939350128,0.024153973907232285,0.013675875961780548,0.037338968366384506,0.07044867426156998,0.04652539640665054,0.05476757884025574,0.05456961691379547
38,1.2666666666666666,,,,insightface_bbox,0.6460071802139282,0.0,667.753662109375,747.1101684570312,2443.864013671875,0,0,1,0,0,0,0,0,0,0,0,0,0.04069875553250313,0.0291429553180933,0.2503865361213684,0.03511609137058258,0.011024469509720802,0.023891402408480644,0.01334468089044094,0.0360940545797348,0.07040669023990631,0.046296894550323486,0.05229649692773819,0.05294628441333771
39,1.3,,,,insightface_bbox,0.6460071802139282,0.0,667.753662109375,747.1101684570312,2443.864013671875,0,0,1,0,0,0,0,0,0,0,0,0,0.039435047656297684,0.02863994799554348,0.2394234985113144,0.034817080944776535,0.0104083102196455,0.02299485355615616,0.012469693087041378,0.03443777933716774,0.0685419961810112,0.04478926956653595,0.05079594999551773,0.05153980106115341
40,1.3333333333333333,,,,insightface_bbox,0.6460071802139282,0.0,667.753662109375,747.1101684570312,2443.864013671875,0,0,1,0,0,0,0,0,0,0,0,0,0.038372766226530075,0.028010161593556404,0.22853636741638184,0.03361394256353378,0.010426620952785015,0.022573884576559067,0.011834515258669853,0.03415314108133316,0.06714209169149399,0.044602952897548676,0.04948557913303375,0.0511169470846653
41,1.3666666666666667,,,,insightface_bbox,0.6460071802139282,0.0,667.753662109375,747.1101684570312,2443.864013671875,0,0,1,0,0,0,0,0,0,0,0,0,0.03987407311797142,0.02839922159910202,0.2195829302072525,0.033847376704216,0.010526861995458603,0.023318307474255562,0.012102248147130013,0.03530513122677803,0.06674323230981827,0.04521254450082779,0.05202249065041542,0.05432948097586632
42,1.4,,,,insightface_bbox,0.6615999341011047,0.0,663.751220703125,747.1957397460938,2405.43115234375,0,0,1,0,0,0,0,0,0,0,0,0,0.045541901141405106,0.0343727245926857,0.20701734721660614,0.045924536883831024,0.012001052498817444,0.02605416625738144,0.0157273318618536,0.04437512159347534,0.06822212040424347,0.050345905125141144,0.05442911759018898,0.06308656185865402
43,1.4333333333333333,,,,insightface_bbox,0.6615999341011047,0.0,663.751220703125,747.1957397460938,2405.43115234375,0,0,1,0,0,0,0,0,0,0,0,0,0.04840552434325218,0.03660217672586441,0.2109421193599701,0.04845260828733444,0.012738490477204323,0.027539540082216263,0.017225148156285286,0.047037273645401,0.07170314341783524,0.05295470356941223,0.055128082633018494,0.06680826097726822
44,1.4666666666666666,,,,insightface_bbox,0.6615999341011047,0.0,663.751220703125,747.1957397460938,2405.43115234375,0,0,1,0,0,0,0,0,0,0,0,0,0.04961458966135979,0.03743164613842964,0.21439281105995178,0.04959309101104736,0.012978645972907543,0.02820923551917076,0.01782386377453804,0.04766944423317909,0.07266280055046082,0.05359421670436859,0.05658325180411339,0.06871867924928665
45,1.5,,,,insightface_bbox,0.6615999341011047,0.0,663.751220703125,747.1957397460938,2405.43115234375,0,0,1,0,0,0,0,0,0,0,0,0,0.04944293200969696,0.037116628140211105,0.2158055454492569,0.04923703148961067,0.013022521510720253,0.028249766677618027,0.01805012859404087,0.04782009497284889,0.07288548350334167,0.05376346409320831,0.05672847479581833,0.06851015985012054
46,1.5333333333333334,,,,insightface_bbox,0.6615999341011047,0.0,663.751220703125,747.1957397460938,2405.43115234375,0,0,1,0,0,0,0,0,0,0,0,0,0.04799073189496994,0.03612814098596573,0.2153894156217575,0.048712898045778275,0.012790093198418617,0.027565618976950645,0.01735246367752552,0.046497736126184464,0.07028951495885849,0.051775217056274414,0.056756213307380676,0.06668409705162048
47,1.5666666666666667,,,,insightface_bbox,0.6615999341011047,0.0,663.751220703125,747.1957397460938,2405.43115234375,0,0,1,0,0,0,0,0,0,0,0,0,0.04834459722042084,0.03620203211903572,0.2215416431427002,0.04898414388298988,0.01266826968640089,0.027278758585453033,0.017005568370223045,0.04547266662120819,0.06961345672607422,0.050825085490942,0.05707374960184097,0.06687971204519272
48,1.6,,,,insightface_bbox,0.6906391382217407,0.0,683.1822509765625,733.1764526367188,2439.524169921875,0,0,1,0,0,0,0,0,0,0,0,0,0.037950679659843445,0.02775425836443901,0.1911674290895462,0.03226025402545929,0.009780698455870152,0.021670788526535034,0.011152252554893494,0.03320218622684479,0.06458178907632828,0.04278113692998886,0.0480133518576622,0.05004110932350159
49,1.6333333333333333,,,,insightface_bbox,0.6906391382217407,0.0,683.1822509765625,733.1764526367188,2439.524169921875,0,0,1,0,0,0,0,0,0,0,0,0,0.03724914416670799,0.027255883440375328,0.1833481788635254,0.031159335747361183,0.00962754525244236,0.021604526787996292,0.011111414059996605,0.03313886374235153,0.06380188465118408,0.042568303644657135,0.04805019125342369,0.04882686585187912
50,1.6666666666666667,,,,insightface_bbox,0.6906391382217407,0.0,683.1822509765625,733.1764526367188,2439.524169921875,0,0,1,0,0,0,0,0,0,0,0,0,0.03774756193161011,0.02743728831410408,0.1850784718990326,0.03130451589822769,0.009611586108803749,0.02162712626159191,0.011110473424196243,0.03343638777732849,0.06372447311878204,0.0425058975815773,0.04867107421159744,0.049468569457530975
51,1.7,,,,insightface_bbox,0.6906391382217407,0.0,683.1822509765625,733.1764526367188,2439.524169921875,0,0,1,0,0,0,0,0,0,0,0,0,0.03745241463184357,0.02725522592663765,0.18418824672698975,0.03102761134505272,0.009529416449368,0.021560873836278915,0.011098839342594147,0.033504411578178406,0.06406097114086151,0.04241121560335159,0.049720410257577896,0.04976007342338562
52,1.7333333333333334,,,,insightface_bbox,0.6906391382217407,0.0,683.1822509765625,733.1764526367188,2439.524169921875,0,0,1,0,0,0,0,0,0,0,0,0,0.03701697662472725,0.026756225153803825,0.1842668503522873,0.030479663982987404,0.009631588123738766,0.021888578310608864,0.011119800619781017,0.033903416246175766,0.06420981138944626,0.04243554547429085,0.0516224205493927,0.04995512217283249
53,1.7666666666666666,,,,insightface_bbox,0.6906391382217407,0.0,683.1822509765625,733.1764526367188,2439.524169921875,0,0,1,0,0,0,0,0,0,0,0,0,0.03628534823656082,0.02622854895889759,0.1672533005475998,0.029096195474267006,0.009716476313769817,0.021529991179704666,0.01096571609377861,0.034830108284950256,0.06314340978860855,0.04247821867465973,0.04951270669698715,0.04969891533255577
54,1.8,,,,insightface_bbox,0.6866767406463623,0.0,682.957275390625,744.79296875,2406.329833984375,0,0,0,0,0,0,0,0,0,0,0,0,0.03553509712219238,0.025588512420654297,0.14523254334926605,0.026576802134513855,0.009719610214233398,0.02129669301211834,0.010821615345776081,0.034937839955091476,0.06013639643788338,0.04282257705926895,0.04237952083349228,0.04704545438289642
55,1.8333333333333333,,,,insightface_bbox,0.6866767406463623,0.0,682.957275390625,744.79296875,2406.329833984375,0,0,0,0,0,0,0,0,0,0,0,0,0.03583059459924698,0.025736447423696518,0.1458834409713745,0.02727813832461834,0.010006451047956944,0.021723013371229172,0.011015765368938446,0.03595845401287079,0.06022854149341583,0.043132103979587555,0.04204140976071358,0.046921130269765854
56,1.8666666666666667,,,,insightface_bbox,0.6866767406463623,0.0,682.957275390625,744.79296875,2406.329833984375,0,0,0,0,0,0,0,0,0,0,0,0,0.03558511659502983,0.02558574080467224,0.14460422098636627,0.026972591876983643,0.009858634322881699,0.021539777517318726,0.0111037353053689,0.03559426590800285,0.0603003054857254,0.04298575222492218,0.04240425303578377,0.04705136641860008
57,1.9,,,,insightface_bbox,0.6866767406463623,0.0,682.957275390625,744.79296875,2406.329833984375,0,0,0,0,0,0,0,0,0,0,0,0,0.03563181310892105,0.02533661387860775,0.1445988118648529,0.02714899182319641,0.009848828427493572,0.02136179246008396,0.011098310351371765,0.036089424043893814,0.06093396991491318,0.04354257136583328,0.04277365282177925,0.04705154150724411
58,1.9333333333333333,,,,insightface_bbox,0.6866767406463623,0.0,682.957275390625,744.79296875,2406.329833984375,0,0,0,0,0,0,0,0,0,0,0,0,0.03576814383268356,0.02520168386399746,0.15077167749404907,0.02725832909345627,0.009692671708762646,0.021019522100687027,0.010785241611301899,0.03509907424449921,0.060366131365299225,0.04266838729381561,0.042012590914964676,0.046461787074804306
59,1.9666666666666666,,,,insightface_bbox,0.6866767406463623,0.0,682.957275390625,744.79296875,2406.329833984375,0,0,0,0,0,0,0,0,0,0,0,0,0.036880239844322205,0.026315080001950264,0.14728111028671265,0.029410123825073242,0.00997097697108984,0.021680070087313652,0.01112463790923357,0.03540439531207085,0.06080658733844757,0.04323400557041168,0.04256989434361458,0.04780229926109314
60,2.0,,,,insightface_bbox,0.6248801946640015,0.0,648.9811401367188,757.7466430664062,2479.364501953125,0,0,0,0,0,0,0,0,0,0,0,0,0.05370425060391426,0.042583342641592026,0.20325112342834473,0.06655045598745346,0.01316369604319334,0.026468651369214058,0.014897752553224564,0.045160725712776184,0.0660022720694542,0.04798596724867821,0.051703162491321564,0.06809172034263611
61,2.033333333333333,,,,insightface_bbox,0.6248801946640015,0.0,648.9811401367188,757.7466430664062,2479.364501953125,0,0,0,0,0,0,0,0,0,0,0,0,0.05549292638897896,0.044032417237758636,0.22307497262954712,0.0683290883898735,0.013732753694057465,0.028157252818346024,0.01649804785847664,0.047786612063646317,0.06708642840385437,0.04979478195309639,0.05571983382105827,0.07240718603134155
62,2.066666666666667,,,,insightface_bbox,0.6248801946640015,0.0,648.9811401367188,757.7466430664062,2479.364501953125,0,0,0,0,0,0,0,0,0,0,0,0,0.054290153086185455,0.04258519411087036,0.21899984776973724,0.06466159224510193,0.013330986723303795,0.027643635869026184,0.015837661921977997,0.04691477492451668,0.06618908792734146,0.04927594214677811,0.058034107089042664,0.07246723771095276
63,2.1,,,,insightface_bbox,0.6248801946640015,0.0,648.9811401367188,757.7466430664062,2479.364501953125,0,0,0,0,0,0,0,0,0,0,0,0,0.05408899858593941,0.0429605133831501,0.22967897355556488,0.06586910784244537,0.013730514794588089,0.027849385514855385,0.01645614206790924,0.04749101400375366,0.06579554080963135,0.04909159988164902,0.05896671861410141,0.07309754937887192
64,2.1333333333333333,,,,insightface_bbox,0.6248801946640015,0.0,648.9811401367188,757.7466430664062,2479.364501953125,0,0,0,0,0,0,0,0,0,0,0,0,0.05265350639820099,0.042388904839754105,0.23500755429267883,0.06601879000663757,0.013465913943946362,0.027195613831281662,0.016403114423155785,0.046879544854164124,0.06511615216732025,0.048895709216594696,0.05943305417895317,0.07208065688610077
65,2.1666666666666665,,,,insightface_bbox,0.6248801946640015,0.0,648.9811401367188,757.7466430664062,2479.364501953125,0,0,0,0,0,0,0,0,0,0,0,0,0.05106471851468086,0.040948592126369476,0.24204307794570923,0.06152922287583351,0.01355999056249857,0.02735992707312107,0.01653233729302883,0.046638257801532745,0.0645669549703598,0.048500679433345795,0.06311488151550293,0.07200204581022263
66,2.2,,,,insightface_bbox,0.6475523710250854,0.0,655.0786743164062,765.1292724609375,2431.582763671875,0,0,1,0,0,0,0,0,0,0,0,0,0.04519306495785713,0.034170761704444885,0.2303752303123474,0.05085904151201248,0.01266096904873848,0.02542734518647194,0.015035904943943024,0.04263557866215706,0.06252994388341904,0.04845890402793884,0.054491691291332245,0.06592650711536407
67,2.2333333333333334,,,,insightface_bbox,0.6475523710250854,0.0,655.0786743164062,765.1292724609375,2431.582763671875,0,0,0,0,0,0,0,0,0,0,0,0,0.04196224361658096,0.030772805213928223,0.1918470710515976,0.04326628893613815,0.01191664393991232,0.024660736322402954,0.014692127704620361,0.04106481000781059,0.0616397000849247,0.04802256077528,0.05074157938361168,0.062421269714832306
68,2.2666666666666666,,,,insightface_bbox,0.6475523710250854,0.0,655.0786743164062,765.1292724609375,2431.582763671875,0,0,1,0,0,0,0,0,0,0,0,0,0.04330901429057121,0.03204163908958435,0.20988374948501587,0.04609639197587967,0.012126456946134567,0.025101926177740097,0.015272832475602627,0.04239678010344505,0.06259484589099884,0.048628002405166626,0.05143827944993973,0.0635470598936081
69,2.3,,,,insightface_bbox,0.6475523710250854,0.0,655.0786743164062,765.1292724609375,2431.582763671875,0,0,0,0,0,0,0,0,0,0,0,0,0.043920595198869705,0.0323714017868042,0.20828910171985626,0.04694359004497528,0.011790785007178783,0.02477956749498844,0.01441451720893383,0.042143359780311584,0.06378600001335144,0.04907252639532089,0.051056861877441406,0.06418201327323914
70,2.3333333333333335,,,,insightface_bbox,0.6475523710250854,0.0,655.0786743164062,765.1292724609375,2431.582763671875,0,0,1,0,0,0,0,0,0,0,0,0,0.04569193348288536,0.034015920013189316,0.23336029052734375,0.050806738436222076,0.01240304484963417,0.02572697401046753,0.015208395197987556,0.04301809147000313,0.06426645070314407,0.048615168780088425,0.05251374468207359,0.06518857181072235
71,2.3666666666666667,,,,insightface_bbox,0.6475523710250854,0.0,655.0786743164062,765.1292724609375,2431.582763671875,0,0,1,0,0,0,0,0,0,0,0,0,0.045973267406225204,0.034194864332675934,0.2410825937986374,0.0516025647521019,0.012603997252881527,0.025883272290229797,0.01538625918328762,0.043450213968753815,0.06473501026630402,0.048806071281433105,0.05283157899975777,0.06617666780948639
72,2.4,,,,insightface_bbox,0.6746821403503418,0.0,640.3344116210938,750.6132202148438,2476.560302734375,0,0,0,0,0,0,0,0,0,0,0,0,0.05277945101261139,0.041110455989837646,0.22673776745796204,0.05998343601822853,0.013455415144562721,0.028911782428622246,0.01740918681025505,0.049710340797901154,0.07001227140426636,0.05207087844610214,0.07224937528371811,0.08038494735956192
73,2.433333333333333,,,,insightface_bbox,0.6746821403503418,0.0,640.3344116210938,750.6132202148438,2476.560302734375,0,0,0,0,0,0,0,0,0,0,0,0,0.058577898889780045,0.04603186249732971,0.2561151087284088,0.07066497206687927,0.014197148382663727,0.030422454699873924,0.018708741292357445,0.05097906291484833,0.07319911569356918,0.05437033623456955,0.08253565430641174,0.09234768152236938
74,2.466666666666667,,,,insightface_bbox,0.6746821403503418,0.0,640.3344116210938,750.6132202148438,2476.560302734375,0,0,0,0,0,0,0,0,0,0,0,0,0.056480322033166885,0.04387896880507469,0.2396867424249649,0.06626696139574051,0.013940599747002125,0.029670150950551033,0.018122464418411255,0.04929178208112717,0.07135970890522003,0.0525713674724102,0.08023589104413986,0.08783276379108429
75,2.5,,,,insightface_bbox,0.6746821403503418,0.0,640.3344116210938,750.6132202148438,2476.560302734375,0,0,0,0,0,0,0,0,0,0,0,0,0.05419544130563736,0.041319023817777634,0.23656398057937622,0.06065422669053078,0.01373479887843132,0.029401341453194618,0.017718873918056488,0.048657748848199844,0.07026281952857971,0.051276154816150665,0.07790415734052658,0.08239109069108963
76,2.533333333333333,,,,insightface_bbox,0.6746821403503418,0.0,640.3344116210938,750.6132202148438,2476.560302734375,0,0,0,0,0,0,0,0,0,0,0,0,0.05157430097460747,0.03858012706041336,0.22329965233802795,0.05440111830830574,0.013411203399300575,0.028702663257718086,0.01753128319978714,0.0489388108253479,0.06896358728408813,0.05013660341501236,0.07207757979631424,0.07535390555858612
77,2.566666666666667,,,,insightface_bbox,0.6746821403503418,0.0,640.3344116210938,750.6132202148438,2476.560302734375,0,0,0,0,0,0,0,0,0,0,0,0,0.05307640880346298,0.0400453619658947,0.23760126531124115,0.05741129815578461,0.013788878917694092,0.029791347682476044,0.01828686334192753,0.0513773113489151,0.07159171998500824,0.05145687609910965,0.07799112796783447,0.07971465587615967
78,2.6,,,,insightface_bbox,0.6628190279006958,0.0,648.837646484375,750.8108520507812,2458.1533203125,0,0,0,0,0,0,0,0,0,0,0,0,0.049634430557489395,0.0377599261701107,0.21441423892974854,0.05435064807534218,0.013793614692986012,0.028885463252663612,0.01723882183432579,0.052504632622003555,0.06955531239509583,0.05124896392226219,0.06490860879421234,0.07216260582208633
79,2.6333333333333333,,,,insightface_bbox,0.6628190279006958,0.0,648.837646484375,750.8108520507812,2458.1533203125,0,0,0,0,0,0,0,0,0,0,0,0,0.052775099873542786,0.03986547142267227,0.21190044283866882,0.057979874312877655,0.013983441516757011,0.028746746480464935,0.01678033173084259,0.05208460986614227,0.07201655954122543,0.05327079817652702,0.06538404524326324,0.07607148587703705
80,2.6666666666666665,,,,insightface_bbox,0.6628190279006958,0.0,648.837646484375,750.8108520507812,2458.1533203125,0,0,0,0,0,0,0,0,0,0,0,0,0.053932275623083115,0.04069213196635246,0.23303133249282837,0.061179082840681076,0.0137544060125947,0.028471147641539574,0.016466720029711723,0.049481350928545,0.07158154249191284,0.052801623940467834,0.06537000834941864,0.07688967883586884
81,2.7,,,,insightface_bbox,0.6628190279006958,0.0,648.837646484375,750.8108520507812,2458.1533203125,0,0,0,0,0,0,0,0,0,0,0,0,0.05415131151676178,0.04098315164446831,0.23489369451999664,0.06110699474811554,0.013645823113620281,0.028114695101976395,0.016183054074645042,0.04898349195718765,0.0721685141324997,0.05318000167608261,0.062395647168159485,0.07606920599937439
82,2.7333333333333334,,,,insightface_bbox,0.6628190279006958,0.0,648.837646484375,750.8108520507812,2458.1533203125,0,0,0,0,0,0,0,0,0,0,0,0,0.054308850318193436,0.0412784069776535,0.24167591333389282,0.06279277056455612,0.01383030042052269,0.028267035260796547,0.016320591792464256,0.048906076699495316,0.07207947969436646,0.05290695279836655,0.06429524719715118,0.07708688080310822
83,2.7666666666666666,,,,insightface_bbox,0.6628190279006958,0.0,648.837646484375,750.8108520507812,2458.1533203125,0,0,0,0,0,0,0,0,0,0,0,0,0.05381684750318527,0.040892623364925385,0.22517725825309753,0.06138617545366287,0.013986985199153423,0.02847098745405674,0.016282325610518456,0.050693437457084656,0.07230620086193085,0.05314125120639801,0.06452162563800812,0.07657914608716965
84,2.8,,,,insightface_bbox,0.6670820116996765,0.0,650.5541381835938,750.7067260742188,2461.157470703125,0,0,0,0,0,0,0,0,0,0,0,0,0.04709523543715477,0.03439687564969063,0.1798679530620575,0.04770951345562935,0.012165918946266174,0.025320857763290405,0.014057421125471592,0.04555804282426834,0.06780631095170975,0.04973785579204559,0.050026554614305496,0.06554312258958817
85,2.8333333333333335,,,,insightface_bbox,0.6670820116996765,0.0,650.5541381835938,750.7067260742188,2461.157470703125,0,0,0,0,0,0,0,0,0,0,0,0,0.04515824839472771,0.03343180567026138,0.1775890588760376,0.04711708426475525,0.011924123391509056,0.024952644482254982,0.013592736795544624,0.04515905678272247,0.06713417172431946,0.04890873283147812,0.04941437393426895,0.06364574283361435
86,2.8666666666666667,,,,insightface_bbox,0.6670820116996765,0.0,650.5541381835938,750.7067260742188,2461.157470703125,0,0,0,0,0,0,0,0,0,0,0,0,0.04518693685531616,0.03389463201165199,0.18502087891101837,0.04907507449388504,0.012100113555788994,0.02494143508374691,0.01338441763073206,0.04437018930912018,0.06584859639406204,0.047782279551029205,0.050489526242017746,0.06354174017906189
87,2.9,,,,insightface_bbox,0.6670820116996765,0.0,650.5541381835938,750.7067260742188,2461.157470703125,0,0,0,0,0,0,0,0,0,0,0,0,0.04521707445383072,0.03384708985686302,0.18577814102172852,0.04895279183983803,0.011821444146335125,0.024518266320228577,0.012872767634689808,0.04257196560502052,0.06533387303352356,0.04725303500890732,0.048484038561582565,0.062437646090984344
88,2.933333333333333,,,,insightface_bbox,0.6670820116996765,0.0,650.5541381835938,750.7067260742188,2461.157470703125,0,0,0,0,0,0,0,0,0,0,0,0,0.04608737677335739,0.03414295241236687,0.18067695200443268,0.04829324036836624,0.012022817507386208,0.025212008506059647,0.013669907115399837,0.045448482036590576,0.06723656505346298,0.04914874583482742,0.04884827136993408,0.06391190737485886
89,2.966666666666667,,,,insightface_bbox,0.6670820116996765,0.0,650.5541381835938,750.7067260742188,2461.157470703125,0,0,0,0,0,0,0,0,0,0,0,0,0.04580676183104515,0.03344595059752464,0.16987814009189606,0.046571992337703705,0.011983124539256096,0.024865344166755676,0.013596388511359692,0.04638974368572235,0.06799190491437912,0.04948261380195618,0.04745345562696457,0.06244370713829994
90,3.0,,,,insightface_bbox,0.6955519914627075,0.0,668.5325927734375,741.7388916015625,2438.177001953125,0,0,0,0,0,0,0,0,0,0,0,0,0.05026286467909813,0.03856450319290161,0.2082497477531433,0.055612847208976746,0.013678880408406258,0.02862601727247238,0.017362896353006363,0.051805078983306885,0.0731453076004982,0.051978595554828644,0.07138131558895111,0.0760631412267685
91,3.033333333333333,,,,insightface_bbox,0.6955519914627075,0.0,668.5325927734375,741.7388916015625,2438.177001953125,0,0,0,0,0,0,0,0,0,0,0,0,0.05122726783156395,0.039134226739406586,0.22407524287700653,0.05743170529603958,0.01359534077346325,0.029500296339392662,0.017611226066946983,0.04995592311024666,0.07154573500156403,0.050679609179496765,0.07573059946298599,0.07626380026340485
92,3.066666666666667,,,,insightface_bbox,0.6955519914627075,0.0,668.5325927734375,741.7388916015625,2438.177001953125,0,0,0,0,0,0,0,0,0,0,0,0,0.049673207104206085,0.03789264336228371,0.21775378286838531,0.05472296476364136,0.013328242115676403,0.0288477074354887,0.016619468107819557,0.04930879920721054,0.07011504471302032,0.049619343131780624,0.07285159081220627,0.07388367503881454
93,3.1,,,,insightface_bbox,0.6955519914627075,0.0,668.5325927734375,741.7388916015625,2438.177001953125,0,0,0,0,0,0,0,0,0,0,0,0,0.0481991171836853,0.036616817116737366,0.2099187821149826,0.05148308351635933,0.012885943055152893,0.02799229510128498,0.015595304779708385,0.04723616689443588,0.06863615661859512,0.04851625859737396,0.06951019912958145,0.07085253298282623
94,3.1333333333333333,,,,insightface_bbox,0.6955519914627075,0.0,668.5325927734375,741.7388916015625,2438.177001953125,0,0,0,0,0,0,0,0,0,0,0,0,0.05139615386724472,0.03940410912036896,0.226982980966568,0.05791601166129112,0.013577187433838844,0.029493151232600212,0.017552001401782036,0.04992004111409187,0.07085150480270386,0.05071066692471504,0.07483940571546555,0.07597528398036957
95,3.1666666666666665,,,,insightface_bbox,0.6955519914627075,0.0,668.5325927734375,741.7388916015625,2438.177001953125,0,0,0,0,0,0,0,0,0,0,0,0,0.05228611081838608,0.039940543472766876,0.2337903529405594,0.05955495685338974,0.01369958184659481,0.02964169904589653,0.017976175993680954,0.05081997811794281,0.07125255465507507,0.052172012627124786,0.07493793964385986,0.07702194154262543
96,3.2,,,,insightface_bbox,0.6739140152931213,0.0,640.8292236328125,747.201171875,2420.60498046875,0,0,0,0,0,0,0,0,0,0,0,0,0.048223044723272324,0.0358157753944397,0.1980772763490677,0.05163060501217842,0.013024851679801941,0.02666376903653145,0.014960466884076595,0.05088689178228378,0.06928649544715881,0.05146688222885132,0.04989827051758766,0.0625533014535904
97,3.2333333333333334,,,,insightface_bbox,0.6739140152931213,0.0,640.8292236328125,747.201171875,2420.60498046875,0,0,0,0,0,0,0,0,0,0,0,0,0.04931899905204773,0.03682234510779381,0.20949482917785645,0.053931787610054016,0.012906698510050774,0.026700178161263466,0.014879250898957253,0.05021714046597481,0.06832725554704666,0.050768814980983734,0.05370572209358215,0.06593693047761917
98,3.2666666666666666,,,,insightface_bbox,0.6739140152931213,0.0,640.8292236328125,747.201171875,2420.60498046875,0,0,0,0,0,0,0,0,0,0,0,0,0.04936773329973221,0.03730088472366333,0.20925574004650116,0.053968969732522964,0.01341947726905346,0.02718777395784855,0.01584070362150669,0.05244946479797363,0.06875582039356232,0.05080193653702736,0.057799216359853745,0.06787010282278061
99,3.3,,,,insightface_bbox,0.6739140152931213,0.0,640.8292236328125,747.201171875,2420.60498046875,0,0,0,0,0,0,0,0,0,0,0,0,0.04980785399675369,0.03778804838657379,0.21560385823249817,0.055470600724220276,0.013675088062882423,0.0276649072766304,0.01605602540075779,0.052515678107738495,0.06832220405340195,0.050492435693740845,0.06067737564444542,0.06955312192440033
100,3.3333333333333335,,,,insightface_bbox,0.6739140152931213,0.0,640.8292236328125,747.201171875,2420.60498046875,0,0,0,0,0,0,0,0,0,0,0,0,0.04928845539689064,0.03707069903612137,0.20221620798110962,0.054064005613327026,0.013428319245576859,0.027350835502147675,0.015405382961034775,0.05190746486186981,0.06890831887722015,0.05133821815252304,0.05593935027718544,0.06772949546575546
101,3.3666666666666667,,,,insightface_bbox,0.6739140152931213,0.0,640.8292236328125,747.201171875,2420.60498046875,0,0,0,0,0,0,0,0,0,0,0,0,0.04900660365819931,0.03654319792985916,0.20576030015945435,0.05308156833052635,0.013137409463524818,0.026578906923532486,0.01477665826678276,0.05146552249789238,0.06837582588195801,0.05099337920546532,0.051313601434230804,0.06445979326963425
102,3.4,,,,insightface_bbox,0.6817906498908997,0.0,652.776123046875,732.5541381835938,2406.3876953125,0,0,0,0,0,0,0,0,0,0,0,0,0.04624196141958237,0.03434228524565697,0.17798154056072235,0.044404301792383194,0.012272994965314865,0.026363465934991837,0.015372718684375286,0.047471821308135986,0.07162641733884811,0.05083674564957619,0.06001483276486397,0.06593860685825348
103,3.433333333333333,,,,insightface_bbox,0.6817906498908997,0.0,652.776123046875,732.5541381835938,2406.3876953125,0,0,0,0,0,0,0,0,0,0,0,0,0.04712231829762459,0.03461621329188347,0.17836055159568787,0.044718608260154724,0.012539626099169254,0.026745451614260674,0.015693599358201027,0.04853186011314392,0.07261940836906433,0.051857300102710724,0.06221216544508934,0.0681590735912323
104,3.466666666666667,,,,insightface_bbox,0.6817906498908997,0.0,652.776123046875,732.5541381835938,2406.3876953125,0,0,0,0,0,0,0,0,0,0,0,0,0.04799249768257141,0.03563174605369568,0.19358259439468384,0.04745267331600189,0.012678034603595734,0.02715170755982399,0.015595994889736176,0.04873007908463478,0.07195363193750381,0.0515936017036438,0.0661281943321228,0.07048401981592178
105,3.5,,,,insightface_bbox,0.6817906498908997,0.0,652.776123046875,732.5541381835938,2406.3876953125,0,0,0,0,0,0,0,0,0,0,0,0,0.048640355467796326,0.03630094975233078,0.19415417313575745,0.04840325936675072,0.013209614902734756,0.028343062847852707,0.0166249331086874,0.050940677523612976,0.072317935526371,0.05203887075185776,0.0718945786356926,0.07404676824808121
106,3.533333333333333,,,,insightface_bbox,0.6817906498908997,0.0,652.776123046875,732.5541381835938,2406.3876953125,0,0,0,0,0,0,0,0,0,0,0,0,0.045417118817567825,0.03357117250561714,0.1681007593870163,0.04274912551045418,0.01325447577983141,0.028427837416529655,0.01667940616607666,0.0490981861948967,0.06910302489995956,0.048699695616960526,0.0732087716460228,0.06927848607301712
107,3.566666666666667,,,,insightface_bbox,0.6817906498908997,0.0,652.776123046875,732.5541381835938,2406.3876953125,0,0,0,0,0,0,0,0,0,0,0,0,0.04618622362613678,0.0341205969452858,0.17570841312408447,0.04402121901512146,0.013336630538105965,0.029057562351226807,0.017014767974615097,0.05002010986208916,0.06935690343379974,0.048884354531764984,0.07763342559337616,0.07227929681539536
108,3.6,,,,insightface_bbox,0.7017415165901184,0.0,663.1344604492188,741.869384765625,2408.662353515625,0,0,0,0,0,0,0,0,0,0,0,0,0.044542454183101654,0.032733410596847534,0.18247352540493011,0.04631485417485237,0.01298212818801403,0.025957759469747543,0.014471422880887985,0.04888216033577919,0.06801202148199081,0.049385543912649155,0.0541972815990448,0.06350100785493851
109,3.6333333333333333,,,,insightface_bbox,0.7017415165901184,0.0,663.1344604492188,741.869384765625,2408.662353515625,0,0,0,0,0,0,0,0,0,0,0,0,0.045675598084926605,0.03383830189704895,0.18389123678207397,0.04823281615972519,0.012737885117530823,0.026152566075325012,0.0142535250633955,0.0494697168469429,0.06914979964494705,0.050431977957487106,0.05817966163158417,0.06652133911848068
110,3.6666666666666665,,,,insightface_bbox,0.7017415165901184,0.0,663.1344604492188,741.869384765625,2408.662353515625,0,0,0,0,0,0,0,0,0,0,0,0,0.047528959810733795,0.03546707704663277,0.1873275637626648,0.05083530768752098,0.012900108471512794,0.02630631998181343,0.014707027934491634,0.050183702260255814,0.06858672201633453,0.05096551775932312,0.0528487004339695,0.06549681723117828
111,3.7,,,,insightface_bbox,0.7017415165901184,0.0,663.1344604492188,741.869384765625,2408.662353515625,0,0,0,0,0,0,0,0,0,0,0,0,0.05100715160369873,0.038207270205020905,0.20746681094169617,0.05565200746059418,0.013389294035732746,0.026838185265660286,0.01540938951075077,0.05101988464593887,0.07014109194278717,0.05264701694250107,0.05594322457909584,0.07047662883996964
112,3.7333333333333334,,,,insightface_bbox,0.7017415165901184,0.0,663.1344604492188,741.869384765625,2408.662353515625,0,0,0,0,0,0,0,0,0,0,0,0,0.052135169506073,0.039019085466861725,0.21224094927310944,0.05622407793998718,0.013782074674963951,0.027638915926218033,0.01604764722287655,0.052430883049964905,0.07206977903842926,0.054493438452482224,0.05745165795087814,0.07229040563106537
113,3.7666666666666666,,,,insightface_bbox,0.7017415165901184,0.0,663.1344604492188,741.869384765625,2408.662353515625,0,0,0,0,0,0,0,0,0,0,0,0,0.05096903070807457,0.03822597116231918,0.20758479833602905,0.055565692484378815,0.013430451974272728,0.026798080652952194,0.015250821597874165,0.051086101680994034,0.06953825056552887,0.0521765872836113,0.05478467792272568,0.06922940909862518
114,3.8,,,,insightface_bbox,0.6848878264427185,0.0,645.197021484375,732.5194091796875,2449.944091796875,0,0,0,0,0,0,0,0,0,0,0,0,0.04381190612912178,0.0327032171189785,0.16563968360424042,0.04124370962381363,0.012152308598160744,0.026307618245482445,0.015001460909843445,0.04553469270467758,0.0696575939655304,0.04919736087322235,0.06528570502996445,0.06697031855583191
115,3.8333333333333335,,,,insightface_bbox,0.6848878264427185,0.0,645.197021484375,732.5194091796875,2449.944091796875,0,0,0,0,0,0,0,0,0,0,0,0,0.044302865862846375,0.03328544646501541,0.16693446040153503,0.042761437594890594,0.012282542884349823,0.026553822681307793,0.015126052312552929,0.045110709965229034,0.06973584741353989,0.049636587500572205,0.06492779403924942,0.06931951642036438
116,3.8666666666666667,,,,insightface_bbox,0.6848878264427185,0.0,645.197021484375,732.5194091796875,2449.944091796875,0,0,0,0,0,0,0,0,0,0,0,0,0.046190325170755386,0.03516564518213272,0.17128048837184906,0.046493299305438995,0.012950474396348,0.02781883254647255,0.015837714076042175,0.04596716910600662,0.06922156363725662,0.04909790679812431,0.07064048945903778,0.0732567086815834
117,3.9,,,,insightface_bbox,0.6848878264427185,0.0,645.197021484375,732.5194091796875,2449.944091796875,0,0,0,0,0,0,0,0,0,0,0,0,0.045186661183834076,0.03440207242965698,0.1664828658103943,0.044678330421447754,0.012739072553813457,0.027252834290266037,0.015307730995118618,0.04558176547288895,0.06880495697259903,0.048844896256923676,0.06805867701768875,0.07204431295394897
118,3.933333333333333,,,,insightface_bbox,0.6848878264427185,0.0,645.197021484375,732.5194091796875,2449.944091796875,0,0,0,0,0,0,0,0,0,0,0,0,0.04401853680610657,0.03340978920459747,0.1637393832206726,0.043702952563762665,0.012396314181387424,0.026721563190221786,0.015031186863780022,0.045469701290130615,0.06924689561128616,0.048736728727817535,0.06741370260715485,0.071108877658844
119,3.966666666666667,,,,insightface_bbox,0.6848878264427185,0.0,645.197021484375,732.5194091796875,2449.944091796875,0,0,0,0,0,0,0,0,0,0,0,0,0.04570093750953674,0.03487590327858925,0.17151588201522827,0.046133339405059814,0.012557018548250198,0.026805542409420013,0.015402469784021378,0.04624956101179123,0.07070168107748032,0.049923062324523926,0.0661473423242569,0.07121991366147995
120,4.0,,,,insightface_bbox,0.6540525555610657,0.0,651.9669189453125,750.3176879882812,2461.4619140625,0,0,0,0,0,0,0,0,0,0,0,0,0.041373949497938156,0.030873417854309082,0.14743749797344208,0.038059696555137634,0.011469750665128231,0.024922285228967667,0.013499453663825989,0.04240182787179947,0.06792937219142914,0.047848179936409,0.05921497195959091,0.06377918273210526
121,4.033333333333333,,,,insightface_bbox,0.6540525555610657,0.0,651.9669189453125,750.3176879882812,2461.4619140625,0,0,0,0,0,0,0,0,0,0,0,0,0.04418957233428955,0.03349139913916588,0.15743792057037354,0.04296194016933441,0.012097385711967945,0.02608964964747429,0.014418438076972961,0.04378423094749451,0.06814397871494293,0.04845787212252617,0.061133623123168945,0.0671403557062149
122,4.066666666666666,,,,insightface_bbox,0.6540525555610657,0.0,651.9669189453125,750.3176879882812,2461.4619140625,0,0,0,0,0,0,0,0,0,0,0,0,0.04332840442657471,0.03260684385895729,0.15510788559913635,0.041976314038038254,0.011970316991209984,0.025643330067396164,0.013899686746299267,0.043533213436603546,0.06633085012435913,0.04694993048906326,0.06193067505955696,0.0665305107831955
123,4.1,,,,insightface_bbox,0.6540525555610657,0.0,651.9669189453125,750.3176879882812,2461.4619140625,0,0,0,0,0,0,0,0,0,0,0,0,0.04201662167906761,0.031486716121435165,0.14757126569747925,0.040003176778554916,0.01163631584495306,0.024792056530714035,0.01297609694302082,0.042383790016174316,0.06538810580968857,0.04614872857928276,0.05830029025673866,0.06259708851575851
124,4.133333333333334,,,,insightface_bbox,0.6540525555610657,0.0,651.9669189453125,750.3176879882812,2461.4619140625,0,0,0,0,0,0,0,0,0,0,0,0,0.0427362360060215,0.03217252343893051,0.15008625388145447,0.04102218896150589,0.011725564487278461,0.02508743666112423,0.013509664684534073,0.04322003200650215,0.06610826402902603,0.04625627398490906,0.05996091291308403,0.0645703598856926
125,4.166666666666667,,,,insightface_bbox,0.6540525555610657,0.0,651.9669189453125,750.3176879882812,2461.4619140625,0,0,0,0,0,0,0,0,0,0,0,0,0.04265978932380676,0.032158013433218,0.1499941200017929,0.04096011817455292,0.01160937175154686,0.025010932236909866,0.013636015355587006,0.04309447854757309,0.06753711402416229,0.047755368053913116,0.057900480926036835,0.06434916704893112
126,4.2,,,,insightface_bbox,0.6633024215698242,0.0,652.22509765625,739.8604736328125,2490.094482421875,0,0,0,0,0,0,0,0,0,0,0,0,0.050109587609767914,0.03896123543381691,0.19656680524349213,0.05711527168750763,0.013346552848815918,0.027582066133618355,0.01627359725534916,0.049231868237257004,0.07079736888408661,0.05043691024184227,0.06517065316438675,0.0734991729259491
127,4.233333333333333,,,,insightface_bbox,0.6633024215698242,0.0,652.22509765625,739.8604736328125,2490.094482421875,0,0,0,0,0,0,0,0,0,0,0,0,0.049937911331653595,0.038081467151641846,0.20572693645954132,0.05554316192865372,0.012951809912919998,0.027468077838420868,0.016154443845152855,0.04807475209236145,0.07034765928983688,0.050032343715429306,0.06470043957233429,0.0707324966788292
128,4.266666666666667,,,,insightface_bbox,0.6633024215698242,0.0,652.22509765625,739.8604736328125,2490.094482421875,0,0,0,0,0,0,0,0,0,0,0,0,0.05122368782758713,0.03952914848923683,0.21172696352005005,0.05875078961253166,0.013456100597977638,0.02832919731736183,0.016857825219631195,0.05034385621547699,0.07222184538841248,0.05218161270022392,0.06859559565782547,0.07451284676790237
129,4.3,,,,insightface_bbox,0.6633024215698242,0.0,652.22509765625,739.8604736328125,2490.094482421875,0,0,0,0,0,0,0,0,0,0,0,0,0.05369279906153679,0.04148721322417259,0.21796914935112,0.06087484955787659,0.014240858145058155,0.02996525540947914,0.017768986523151398,0.052717216312885284,0.07309713214635849,0.05221431702375412,0.07709426432847977,0.08043424785137177
130,4.333333333333333,,,,insightface_bbox,0.6633024215698242,0.0,652.22509765625,739.8604736328125,2490.094482421875,0,0,0,0,0,0,0,0,0,0,0,0,0.052166447043418884,0.039716754108667374,0.2071678638458252,0.05836787074804306,0.013282878324389458,0.028150418773293495,0.015620426274836063,0.0502195805311203,0.06953951716423035,0.048610396683216095,0.07104316353797913,0.0739525705575943
131,4.366666666666666,,,,insightface_bbox,0.6633024215698242,0.0,652.22509765625,739.8604736328125,2490.094482421875,0,0,1,0,0,0,0,0,0,0,0,0,0.05426501855254173,0.04007110744714737,0.25345197319984436,0.056928642094135284,0.013314577750861645,0.03007020801305771,0.016315419226884842,0.05033435299992561,0.07366140186786652,0.05192066729068756,0.06407991051673889,0.07642494142055511
132,4.4,,,,insightface_bbox,0.5845047235488892,0.0,612.2396240234375,731.0802612304688,2543.59228515625,0,0,1,0,0,0,0,0,0,0,0,0,0.0517972856760025,0.03667859360575676,0.2565400302410126,0.050085775554180145,0.01094685960561037,0.026741113513708115,0.012782168574631214,0.04063224792480469,0.06957719475030899,0.048552561551332474,0.06356615573167801,0.07585258036851883
133,4.433333333333334,,,,insightface_bbox,0.5845047235488892,0.0,612.2396240234375,731.0802612304688,2543.59228515625,0,0,1,0,0,0,0,0,0,0,0,0,0.045705534517765045,0.03222060203552246,0.2126733809709549,0.04063618928194046,0.010968273505568504,0.02511182427406311,0.012396061792969704,0.041358064860105515,0.07530911266803741,0.05105561017990112,0.07119691371917725,0.08017262816429138
134,4.466666666666667,,,,insightface_bbox,0.5845047235488892,0.0,612.2396240234375,731.0802612304688,2543.59228515625,0,0,0,0,0,0,0,0,0,0,0,0,0.046912066638469696,0.03432675451040268,0.1947135031223297,0.046047937124967575,0.01183827593922615,0.02536236308515072,0.012598196044564247,0.042932093143463135,0.07866498082876205,0.05175098404288292,0.06748836487531662,0.08080083131790161
135,4.5,,,,insightface_bbox,0.5845047235488892,0.0,612.2396240234375,731.0802612304688,2543.59228515625,0,0,0,0,0,0,0,0,0,0,0,0,0.045209046453237534,0.0315437875688076,0.16881389915943146,0.04392485320568085,0.01124279759824276,0.0242545735090971,0.011362349614501,0.041574448347091675,0.07554435729980469,0.051169514656066895,0.04895757511258125,0.06524080038070679
136,4.533333333333333,,,,insightface_bbox,0.5845047235488892,0.0,612.2396240234375,731.0802612304688,2543.59228515625,0,0,1,0,0,0,0,0,0,0,0,0,0.04595931991934776,0.032175205647945404,0.19003315269947052,0.04321136325597763,0.011970926076173782,0.025216156616806984,0.012717604637145996,0.04489273577928543,0.07935607433319092,0.0532490611076355,0.05868377164006233,0.07443458586931229
137,4.566666666666666,,,,insightface_bbox,0.5845047235488892,0.0,612.2396240234375,731.0802612304688,2543.59228515625,0,0,0,0,0,0,0,0,0,0,0,0,0.046895164996385574,0.034984041005373,0.19620540738105774,0.045821670442819595,0.012189112603664398,0.0268818661570549,0.014343053102493286,0.04499904438853264,0.07819846272468567,0.051140569150447845,0.07455842196941376,0.08128508925437927
138,4.6,,,,insightface_bbox,0.5556090474128723,0.0,583.5925903320312,749.4052124023438,2600.01953125,0,0,0,0,0,0,0,0,0,0,0,0,0.05006277561187744,0.03959225118160248,0.20909857749938965,0.06235899031162262,0.012328673154115677,0.028764184564352036,0.013898497447371483,0.04446936398744583,0.07396295666694641,0.0522637665271759,0.08457746356725693,0.07972925156354904
139,4.633333333333334,,,,insightface_bbox,0.5556090474128723,0.0,583.5925903320312,749.4052124023438,2600.01953125,0,0,0,0,0,0,0,0,0,0,0,0,0.05172254145145416,0.04094266891479492,0.2239362895488739,0.06513747572898865,0.013033159077167511,0.03043530508875847,0.0155969662591815,0.04582461342215538,0.07560743391513824,0.05368819460272789,0.09025000780820847,0.08491075038909912
140,4.666666666666667,,,,insightface_bbox,0.5556090474128723,0.0,583.5925903320312,749.4052124023438,2600.01953125,0,0,1,0,0,0,0,0,0,0,0,0,0.05137498676776886,0.040382109582424164,0.24473196268081665,0.06369325518608093,0.013818265870213509,0.031169705092906952,0.01574244722723961,0.04671048745512962,0.07372310757637024,0.053457263857126236,0.09024742990732193,0.08482847362756729
141,4.7,,,,insightface_bbox,0.5556090474128723,0.0,583.5925903320312,749.4052124023438,2600.01953125,0,0,0,0,0,0,0,0,0,0,0,0,0.04646027833223343,0.034905146807432175,0.20625947415828705,0.04990413784980774,0.012952117249369621,0.028332890942692757,0.013467995449900627,0.04560475796461105,0.07334160059690475,0.052779607474803925,0.07086113095283508,0.07183783501386642
142,4.733333333333333,,,,insightface_bbox,0.5556090474128723,0.0,583.5925903320312,749.4052124023438,2600.01953125,0,0,0,0,0,0,0,0,0,0,0,0,0.046014752238988876,0.0348445400595665,0.20391756296157837,0.049485597759485245,0.012913109734654427,0.028437770903110504,0.013308138586580753,0.04584589973092079,0.07358689606189728,0.05337405949831009,0.06957442313432693,0.0721043050289154
143,4.766666666666667,,,,insightface_bbox,0.5556090474128723,0.0,583.5925903320312,749.4052124023438,2600.01953125,0,0,0,0,0,0,0,0,0,0,0,0,0.046691298484802246,0.035037219524383545,0.20539923012256622,0.04928179830312729,0.012878235429525375,0.028704190626740456,0.013093946501612663,0.04520697146654129,0.07340609282255173,0.05368214473128319,0.06955979019403458,0.07312815636396408
144,4.8,,,,insightface_bbox,0.5849651098251343,0.0,551.3427734375,747.4058837890625,2621.4560546875,0,0,0,0,0,0,0,0,0,0,0,0,0.04090333729982376,0.03159486874938011,0.15105707943439484,0.043697044253349304,0.012364801950752735,0.026038365438580513,0.012085627764463425,0.04695458710193634,0.07479067146778107,0.05218943953514099,0.04007226973772049,0.05558982864022255
145,4.833333333333333,,,,insightface_bbox,0.5849651098251343,0.0,551.3427734375,747.4058837890625,2621.4560546875,0,0,0,0,0,0,0,0,0,0,0,0,0.0410202294588089,0.031511712819337845,0.1560894250869751,0.04350913688540459,0.012853160500526428,0.026687342673540115,0.01282352115958929,0.049454864114522934,0.07636133581399918,0.05362311750650406,0.039984606206417084,0.05597958341240883
146,4.866666666666666,,,,insightface_bbox,0.5849651098251343,0.0,551.3427734375,747.4058837890625,2621.4560546875,0,0,0,0,0,0,0,0,0,0,0,0,0.04096542298793793,0.03131978586316109,0.16279461979866028,0.04245984926819801,0.013058951124548912,0.02709951438009739,0.013040358200669289,0.05004455894231796,0.07656397670507431,0.0535530224442482,0.04123425483703613,0.05630304664373398
147,4.9,,,,insightface_bbox,0.5849651098251343,0.0,551.3427734375,747.4058837890625,2621.4560546875,0,0,0,0,0,0,0,0,0,0,0,0,0.04068070650100708,0.031216751784086227,0.16148997843265533,0.043093010783195496,0.01309491228312254,0.02715490013360977,0.012837097980082035,0.04953770339488983,0.07743814587593079,0.05336056649684906,0.042335543781518936,0.05661986395716667
148,4.933333333333334,,,,insightface_bbox,0.5849651098251343,0.0,551.3427734375,747.4058837890625,2621.4560546875,0,0,0,0,0,0,0,0,0,0,0,0,0.044738754630088806,0.03445427492260933,0.17321017384529114,0.051052600145339966,0.014199133962392807,0.029033008962869644,0.014485625550150871,0.0515587292611599,0.0808243602514267,0.05611036345362663,0.0482916422188282,0.06151166558265686
149,4.966666666666667,,,,insightface_bbox,0.5849651098251343,0.0,551.3427734375,747.4058837890625,2621.4560546875,0,0,0,0,0,0,0,0,0,0,0,0,0.04593323543667793,0.03508161008358002,0.17526230216026306,0.05257870629429817,0.014392574317753315,0.029588300734758377,0.016047067940235138,0.05450994148850441,0.08232060074806213,0.06006580591201782,0.04741792380809784,0.06351017951965332
150,5.0,,,,insightface_bbox,0.6392819881439209,0.0,641.7352294921875,726.385009765625,2450.25048828125,0,0,0,0,0,0,0,0,0,0,0,0,0.042149122804403305,0.03280536085367203,0.17566770315170288,0.04035350680351257,0.013254992663860321,0.02763873152434826,0.0155023243278265,0.053649336099624634,0.07850218564271927,0.053516361862421036,0.07785513252019882,0.08586087822914124
151,5.033333333333333,,,,insightface_bbox,0.6392819881439209,0.0,641.7352294921875,726.385009765625,2450.25048828125,0,0,1,0,0,0,0,0,0,0,0,0,0.0424487479031086,0.031212832778692245,0.17878301441669464,0.03747619315981865,0.013031437061727047,0.025678982958197594,0.014642895199358463,0.05203837901353836,0.0807809978723526,0.05623844265937805,0.06047770753502846,0.07475253194570541
152,5.066666666666666,,,,insightface_bbox,0.6392819881439209,0.0,641.7352294921875,726.385009765625,2450.25048828125,0,0,1,0,0,0,0,0,0,0,0,0,0.04302993044257164,0.029854774475097656,0.18278756737709045,0.03514710068702698,0.011602761223912239,0.02419085055589676,0.012801041826605797,0.04560193419456482,0.07596443593502045,0.05275217443704605,0.052848853170871735,0.06500401347875595
153,5.1,,,,insightface_bbox,0.6392819881439209,0.0,641.7352294921875,726.385009765625,2450.25048828125,0,0,1,0,0,0,0,0,0,0,0,0,0.04459907114505768,0.030884157866239548,0.17639261484146118,0.03761227801442146,0.011800514534115791,0.02470068447291851,0.013412995263934135,0.04672624543309212,0.0756530687212944,0.05337642878293991,0.05019579082727432,0.06207318976521492
154,5.133333333333334,,,,insightface_bbox,0.6392819881439209,0.0,641.7352294921875,726.385009765625,2450.25048828125,0,0,0,0,0,0,0,0,0,0,0,0,0.045504674315452576,0.032113682478666306,0.17837738990783691,0.04074966162443161,0.01192106120288372,0.025544723495841026,0.013968270272016525,0.04745101556181908,0.07532887905836105,0.054045774042606354,0.05324690043926239,0.06398346275091171
155,5.166666666666667,,,,insightface_bbox,0.6392819881439209,0.0,641.7352294921875,726.385009765625,2450.25048828125,0,0,0,0,0,0,0,0,0,0,0,0,0.043892618268728256,0.031016850844025612,0.16891556978225708,0.03801761567592621,0.011700700968503952,0.024855565279722214,0.013681508600711823,0.04702521488070488,0.07532984763383865,0.05440491810441017,0.04941021651029587,0.06107819825410843
156,5.2,,,,insightface_bbox,0.6533668041229248,0.0,668.569091796875,720.5121459960938,2424.220458984375,0,0,0,0,0,0,0,0,0,0,0,0,0.03992914780974388,0.028069540858268738,0.15103091299533844,0.032381005585193634,0.010371973738074303,0.022892050445079803,0.012303459458053112,0.04401887208223343,0.07298421859741211,0.05271938070654869,0.0463046133518219,0.056772105395793915
157,5.233333333333333,,,,insightface_bbox,0.6533668041229248,0.0,668.569091796875,720.5121459960938,2424.220458984375,0,0,1,0,0,0,0,0,0,0,0,0,0.039096418768167496,0.027644120156764984,0.1673208326101303,0.032363198697566986,0.009856831282377243,0.021918121725320816,0.011907023377716541,0.040524061769247055,0.07083765417337418,0.05113663524389267,0.04126770794391632,0.05195816606283188
158,5.266666666666667,,,,insightface_bbox,0.6533668041229248,0.0,668.569091796875,720.5121459960938,2424.220458984375,0,0,1,0,0,0,0,0,0,0,0,0,0.03849945217370987,0.027272356674075127,0.16683539748191833,0.03184396028518677,0.009482989087700844,0.021189052611589432,0.011875705793499947,0.03824992477893829,0.0692536011338234,0.049965452402830124,0.038849249482154846,0.049781620502471924
159,5.3,,,,insightface_bbox,0.6533668041229248,0.0,668.569091796875,720.5121459960938,2424.220458984375,0,0,1,0,0,0,0,0,0,0,0,0,0.03983384370803833,0.027813583612442017,0.1726359724998474,0.032584235072135925,0.009379860945045948,0.02140841633081436,0.011896762996912003,0.03933688998222351,0.06867238134145737,0.04976934939622879,0.03826567530632019,0.049130093306303024
160,5.333333333333333,,,,insightface_bbox,0.6533668041229248,0.0,668.569091796875,720.5121459960938,2424.220458984375,0,0,1,0,0,0,0,0,0,0,0,0,0.04072638601064682,0.028518378734588623,0.17845076322555542,0.03344479575753212,0.009685012511909008,0.022081218659877777,0.012429775670170784,0.03990012779831886,0.06986662745475769,0.05036681890487671,0.040843416005373,0.05096960440278053
161,5.366666666666666,,,,insightface_bbox,0.6533668041229248,0.0,668.569091796875,720.5121459960938,2424.220458984375,0,0,1,0,0,0,0,0,0,0,0,0,0.03873327374458313,0.027350664138793945,0.17025591433048248,0.03166380897164345,0.009641333483159542,0.021698975935578346,0.012144878506660461,0.03883707895874977,0.06907238066196442,0.0496436208486557,0.04026614502072334,0.049031004309654236
162,5.4,,,,insightface_bbox,0.6523069143295288,0.0,639.494873046875,725.60400390625,2421.495361328125,0,0,1,0,0,0,0,0,0,0,0,0,0.04222995042800903,0.030809927731752396,0.18187493085861206,0.0387205146253109,0.010914210230112076,0.021619774401187897,0.011754583567380905,0.040189482271671295,0.06679515540599823,0.049369927495718,0.03466338664293289,0.051856666803359985
163,5.433333333333334,,,,insightface_bbox,0.6523069143295288,0.0,639.494873046875,725.60400390625,2421.495361328125,0,0,1,0,0,0,0,0,0,0,0,0,0.04080072417855263,0.029739059507846832,0.17529331147670746,0.03754778951406479,0.010560174472630024,0.02102762646973133,0.011569607071578503,0.03732828050851822,0.06241703778505325,0.04642258584499359,0.03127191588282585,0.04785321280360222
164,5.466666666666667,,,,insightface_bbox,0.6523069143295288,0.0,639.494873046875,725.60400390625,2421.495361328125,0,0,1,0,0,0,0,0,0,0,0,0,0.041859351098537445,0.030208807438611984,0.1785135418176651,0.03781779482960701,0.010790955275297165,0.021682437509298325,0.011743947863578796,0.0380835197865963,0.06382003426551819,0.04680882766842842,0.03408929333090782,0.049129702150821686
165,5.5,,,,insightface_bbox,0.6523069143295288,0.0,639.494873046875,725.60400390625,2421.495361328125,0,0,1,0,0,0,0,0,0,0,0,0,0.043622586876153946,0.030768515542149544,0.18615108728408813,0.03778695687651634,0.010976671241223812,0.02238607406616211,0.012076577171683311,0.039287954568862915,0.06657709926366806,0.048301421105861664,0.038980983197689056,0.05195586383342743
166,5.533333333333333,,,,insightface_bbox,0.6523069143295288,0.0,639.494873046875,725.60400390625,2421.495361328125,0,0,1,0,0,0,0,0,0,0,0,0,0.0432489849627018,0.03092394955456257,0.18141137063503265,0.03884332999587059,0.011386154219508171,0.023472735658288002,0.012529180385172367,0.040321871638298035,0.06997177004814148,0.04974905401468277,0.04547165706753731,0.05761841684579849
167,5.566666666666666,,,,insightface_bbox,0.6523069143295288,0.0,639.494873046875,725.60400390625,2421.495361328125,0,0,1,0,0,0,0,0,0,0,0,0,0.04316488280892372,0.03115871734917164,0.18360266089439392,0.03921950235962868,0.011720672249794006,0.024191102012991905,0.013106269761919975,0.04196803644299507,0.07088984549045563,0.050607964396476746,0.049791961908340454,0.06212746724486351
168,5.6,,,,insightface_bbox,0.6537690162658691,0.0,649.4203491210938,717.453125,2418.048583984375,0,0,1,0,0,0,0,0,0,0,0,0,0.04133974015712738,0.02922619879245758,0.1876930296421051,0.033002156764268875,0.0121703390032053,0.02490294724702835,0.014927366748452187,0.04503287002444267,0.07158569246530533,0.052117038518190384,0.055530015379190445,0.06400316208600998
169,5.633333333333334,,,,insightface_bbox,0.6537690162658691,0.0,649.4203491210938,717.453125,2418.048583984375,0,0,1,0,0,0,0,0,0,0,0,0,0.04084555804729462,0.02891356498003006,0.17237961292266846,0.0333801805973053,0.012110501527786255,0.024758141487836838,0.014850283041596413,0.043612174689769745,0.07117369025945663,0.051894307136535645,0.05282265692949295,0.0619087778031826
170,5.666666666666667,,,,insightface_bbox,0.6537690162658691,0.0,649.4203491210938,717.453125,2418.048583984375,0,0,1,0,0,0,0,0,0,0,0,0,0.04141668230295181,0.029833512380719185,0.17183499038219452,0.03561737388372421,0.01186838187277317,0.02461947686970234,0.01472523994743824,0.04358040168881416,0.07173910737037659,0.05322123318910599,0.051640961319208145,0.062170516699552536
171,5.7,,,,insightface_bbox,0.6537690162658691,0.0,649.4203491210938,717.453125,2418.048583984375,0,0,1,0,0,0,0,0,0,0,0,0,0.04345915466547012,0.03173883631825447,0.18739454448223114,0.03975905105471611,0.011593492701649666,0.024985529482364655,0.014613545499742031,0.04303823411464691,0.07425875216722488,0.05502813309431076,0.0548272505402565,0.06587645411491394
172,5.733333333333333,,,,insightface_bbox,0.6537690162658691,0.0,649.4203491210938,717.453125,2418.048583984375,0,0,1,0,0,0,0,0,0,0,0,0,0.0478365421295166,0.03420725092291832,0.21107077598571777,0.04454769566655159,0.011600034311413765,0.02599615789949894,0.015617739409208298,0.04368843138217926,0.07647968083620071,0.05658058449625969,0.05460679531097412,0.067146897315979
173,5.766666666666667,,,,insightface_bbox,0.6537690162658691,0.0,649.4203491210938,717.453125,2418.048583984375,0,0,1,0,0,0,0,0,0,0,0,0,0.04689013585448265,0.03363394737243652,0.1968093067407608,0.04442125931382179,0.01099303551018238,0.02465735748410225,0.01423729583621025,0.04293958842754364,0.07626359164714813,0.0561600923538208,0.04993831366300583,0.06318412721157074
174,5.8,,,,insightface_bbox,0.677092969417572,0.0,662.6666259765625,710.8939819335938,2411.350341796875,0,0,1,0,0,0,0,0,0,0,0,0,0.04111899062991142,0.02907358482480049,0.16798152029514313,0.03422943875193596,0.009759807959198952,0.022789426147937775,0.013632981106638908,0.041049785912036896,0.0730300173163414,0.0535883791744709,0.04472951591014862,0.05337843671441078
175,5.833333333333333,,,,insightface_bbox,0.677092969417572,0.0,662.6666259765625,710.8939819335938,2411.350341796875,0,0,0,0,0,0,0,0,0,0,0,0,0.04006059467792511,0.028565309941768646,0.15796419978141785,0.034507520496845245,0.009516898542642593,0.022633198648691177,0.012939452193677425,0.03945152461528778,0.07169054448604584,0.05232762545347214,0.042686827480793,0.050717223435640335
176,5.866666666666666,,,,insightface_bbox,0.677092969417572,0.0,662.6666259765625,710.8939819335938,2411.350341796875,0,0,0,0,0,0,0,0,0,0,0,0,0.04096691310405731,0.029058068990707397,0.16281791031360626,0.03596563637256622,0.009803851135075092,0.023118888959288597,0.013614814728498459,0.04076063260436058,0.07302713394165039,0.053399115800857544,0.04235164076089859,0.05200742185115814
177,5.9,,,,insightface_bbox,0.677092969417572,0.0,662.6666259765625,710.8939819335938,2411.350341796875,0,0,0,0,0,0,0,0,0,0,0,0,0.04155367240309715,0.029257358983159065,0.1681596338748932,0.03580016270279884,0.009901966899633408,0.02336066961288452,0.013755537569522858,0.04160374775528908,0.0742112547159195,0.05427338555455208,0.04309535399079323,0.05285690724849701
178,5.933333333333334,,,,insightface_bbox,0.677092969417572,0.0,662.6666259765625,710.8939819335938,2411.350341796875,0,0,1,0,0,0,0,0,0,0,0,0,0.04252374917268753,0.02944646216928959,0.17406491935253143,0.03632690757513046,0.009538025595247746,0.022662535309791565,0.012754222378134727,0.0395340658724308,0.07006502151489258,0.050846777856349945,0.04276374354958534,0.05049329251050949
179,5.966666666666667,,,,insightface_bbox,0.677092969417572,0.0,662.6666259765625,710.8939819335938,2411.350341796875,0,0,1,0,0,0,0,0,0,0,0,0,0.042795579880476,0.02886294573545456,0.19149722158908844,0.03418894112110138,0.009248066693544388,0.02216942608356476,0.01195717602968216,0.03812136501073837,0.06900829076766968,0.04904387518763542,0.04544023424386978,0.05128266289830208
180,6.0,,,,insightface_bbox,0.6008250713348389,0.0,635.433349609375,720.9702758789062,2534.908935546875,0,0,1,0,0,0,0,0,0,0,0,0,0.03864606097340584,0.026346255093812943,0.18352828919887543,0.028443407267332077,0.009107627905905247,0.021322280168533325,0.010504690930247307,0.035340841859579086,0.06606592983007431,0.04553120955824852,0.04586184769868851,0.047569047659635544
181,6.033333333333333,,,,insightface_bbox,0.6008250713348389,0.0,635.433349609375,720.9702758789062,2534.908935546875,0,0,1,0,0,0,0,0,0,0,0,0,0.04314586892724037,0.029224080964922905,0.23130707442760468,0.03194308653473854,0.009989123791456223,0.023441987112164497,0.012021633796393871,0.037012021988630295,0.065706267952919,0.04682428762316704,0.056683752685785294,0.05464889481663704
182,6.066666666666666,,,,insightface_bbox,0.6008250713348389,0.0,635.433349609375,720.9702758789062,2534.908935546875,0,0,1,0,0,0,0,0,0,0,0,0,0.04448338598012924,0.029862627387046814,0.2409895956516266,0.03291129693388939,0.010601364076137543,0.024312464520335197,0.012595739215612411,0.037578970193862915,0.06791269779205322,0.04806378483772278,0.06470677256584167,0.06085973605513573
183,6.1,,,,insightface_bbox,0.6008250713348389,0.0,635.433349609375,720.9702758789062,2534.908935546875,0,0,1,0,0,0,0,0,0,0,0,0,0.042360976338386536,0.028615597635507584,0.23315107822418213,0.030262945219874382,0.010405442677438259,0.023776281625032425,0.012150402180850506,0.03684234246611595,0.06696641445159912,0.04698438197374344,0.0651506632566452,0.059109143912792206
184,6.133333333333334,,,,insightface_bbox,0.6008250713348389,0.0,635.433349609375,720.9702758789062,2534.908935546875,0,0,1,0,0,0,0,0,0,0,0,0,0.043284207582473755,0.029185812920331955,0.22852765023708344,0.03286459296941757,0.010062799789011478,0.02424313686788082,0.012816453352570534,0.03720826655626297,0.06766223907470703,0.047708697617053986,0.06389984488487244,0.05789344012737274
185,6.166666666666667,,,,insightface_bbox,0.6008250713348389,0.0,635.433349609375,720.9702758789062,2534.908935546875,0,0,1,0,0,0,0,0,0,0,0,0,0.045205920934677124,0.030391830950975418,0.20848703384399414,0.03568659722805023,0.010040080174803734,0.02480195090174675,0.012773406691849232,0.038814984261989594,0.0714116245508194,0.049552977085113525,0.07556796818971634,0.07307258248329163
186,6.2,,,,insightface_bbox,0.5639817118644714,0.0,617.4596557617188,726.744140625,2569.41943359375,0,0,1,0,0,0,0,0,0,0,0,0,0.04361000657081604,0.030820075422525406,0.196719229221344,0.04194631427526474,0.010694888420403004,0.024293160066008568,0.012126393616199493,0.03858887031674385,0.07017038762569427,0.04857343062758446,0.05378667265176773,0.06950868666172028
187,6.233333333333333,,,,insightface_bbox,0.5639817118644714,0.0,617.4596557617188,726.744140625,2569.41943359375,0,0,1,0,0,0,0,0,0,0,0,0,0.046512387692928314,0.03264900669455528,0.1912299543619156,0.045840419828891754,0.011778412386775017,0.026941372081637383,0.014278446324169636,0.0467255637049675,0.07979699224233627,0.056700449436903,0.06398002803325653,0.07174895703792572
188,6.266666666666667,,,,insightface_bbox,0.5639817118644714,0.0,617.4596557617188,726.744140625,2569.41943359375,0,0,0,0,0,0,0,0,0,0,0,0,0.0496891513466835,0.0351153165102005,0.1708589643239975,0.05196008086204529,0.01190424058586359,0.02752327360212803,0.013842941261827946,0.04466453939676285,0.07751314342021942,0.05446691811084747,0.07026367634534836,0.07378269731998444
189,6.3,,,,insightface_bbox,0.5639817118644714,0.0,617.4596557617188,726.744140625,2569.41943359375,0,0,0,0,0,0,0,0,0,0,0,0,0.04590772092342377,0.031239278614521027,0.1559727042913437,0.043553341180086136,0.011016194708645344,0.025505127385258675,0.012120372615754604,0.04139624163508415,0.07613545656204224,0.05338786169886589,0.054184652864933014,0.06295908987522125
190,6.333333333333333,,,,insightface_bbox,0.5639817118644714,0.0,617.4596557617188,726.744140625,2569.41943359375,0,0,0,0,0,0,0,0,0,0,0,0,0.045843519270420074,0.03052935190498829,0.1554722934961319,0.0424734428524971,0.01042259857058525,0.024760479107499123,0.011365437880158424,0.040834859013557434,0.07946637272834778,0.05362962186336517,0.04633711278438568,0.05697700381278992
191,6.366666666666666,,,,insightface_bbox,0.5639817118644714,0.0,617.4596557617188,726.744140625,2569.41943359375,0,0,0,0,0,0,0,0,0,0,0,0,0.04867134988307953,0.03206954151391983,0.16281931102275848,0.046493954956531525,0.010429102927446365,0.02534385398030281,0.011601574718952179,0.042349979281425476,0.0819735899567604,0.054807424545288086,0.0475420244038105,0.05777440592646599
192,6.4,,,,insightface_bbox,0.5512921810150146,0.0,603.281005859375,824.899169921875,2548.7900390625,0,0,0,0,0,0,0,0,0,0,0,0,0.05424991622567177,0.038999300450086594,0.15289871394634247,0.06985365599393845,0.015973329544067383,0.03247451409697533,0.022167205810546875,0.058745697140693665,0.09829865396022797,0.0681724101305008,0.03674038127064705,0.07286743819713593
193,6.433333333333334,,,,insightface_bbox,0.5512921810150146,0.0,603.281005859375,824.899169921875,2548.7900390625,0,0,0,0,0,0,0,0,0,0,0,0,0.05363316088914871,0.03903903067111969,0.146251380443573,0.06910223513841629,0.01582958735525608,0.03216215968132019,0.022107448428869247,0.05879513546824455,0.09812105447053909,0.06771188229322433,0.03672011196613312,0.07206656783819199
194,6.466666666666667,,,,insightface_bbox,0.5512921810150146,0.0,603.281005859375,824.899169921875,2548.7900390625,0,0,0,0,0,0,0,0,0,0,0,0,0.05392499640583992,0.0396561324596405,0.13500696420669556,0.07075582444667816,0.015858707949519157,0.03185879439115524,0.021763749420642853,0.059130262583494186,0.09653033316135406,0.06738951802253723,0.036158788949251175,0.07105285674333572
195,6.5,,,,insightface_bbox,0.5512921810150146,0.0,603.281005859375,824.899169921875,2548.7900390625,0,0,0,0,0,0,0,0,0,0,0,0,0.05608515813946724,0.04121354967355728,0.13731497526168823,0.0748121365904808,0.016066676005721092,0.032548658549785614,0.02266436442732811,0.06059496849775314,0.09736575931310654,0.06835418939590454,0.038059916347265244,0.07314842939376831
196,6.533333333333333,,,,insightface_bbox,0.5512921810150146,0.0,603.281005859375,824.899169921875,2548.7900390625,0,0,0,0,0,0,0,0,0,0,0,0,0.0598483607172966,0.04326882213354111,0.14988335967063904,0.0796433612704277,0.016064254567027092,0.03246316313743591,0.021406140178442,0.05864875018596649,0.09580374509096146,0.06564381718635559,0.03843541815876961,0.07318367063999176
197,6.566666666666666,,,,insightface_bbox,0.5512921810150146,0.0,603.281005859375,824.899169921875,2548.7900390625,0,0,0,0,0,0,0,0,0,0,0,0,0.059596046805381775,0.042415328323841095,0.1543276607990265,0.07776609063148499,0.015722906216979027,0.031942300498485565,0.020516015589237213,0.05705050751566887,0.09570947289466858,0.06506060808897018,0.03677782788872719,0.07164954394102097
198,6.6,,,,insightface_bbox,0.5831276178359985,0.0,610.5780029296875,737.0262451171875,2537.132568359375,0,0,0,0,0,0,0,0,0,0,0,0,0.04479039087891579,0.028537005186080933,0.14918625354766846,0.038974009454250336,0.01001549419015646,0.022223034873604774,0.010149605572223663,0.036785416305065155,0.0729280412197113,0.04983087629079819,0.042225562036037445,0.05376163870096207
199,6.633333333333334,,,,insightface_bbox,0.5831276178359985,0.0,610.5780029296875,737.0262451171875,2537.132568359375,0,0,0,0,0,0,0,0,0,0,0,0,0.04213009402155876,0.02773083932697773,0.1461663842201233,0.03779269754886627,0.010361837223172188,0.021785065531730652,0.011104162782430649,0.0375092476606369,0.06915470212697983,0.048510920256376266,0.035481348633766174,0.05036924034357071
200,6.666666666666667,,,,insightface_bbox,0.5831276178359985,0.0,610.5780029296875,737.0262451171875,2537.132568359375,0,0,1,0,0,0,0,0,0,0,0,0,0.04247555136680603,0.027761021628975868,0.15754801034927368,0.03691677376627922,0.010430664755403996,0.022142644971609116,0.011945226229727268,0.03943103551864624,0.07092475146055222,0.05073712021112442,0.035318709909915924,0.052212249487638474
201,6.7,,,,insightface_bbox,0.5831276178359985,0.0,610.5780029296875,737.0262451171875,2537.132568359375,0,0,1,0,0,0,0,0,0,0,0,0,0.04368562251329422,0.028421245515346527,0.16560018062591553,0.03769106790423393,0.010821135714650154,0.02281191572546959,0.012891074642539024,0.04061746969819069,0.07288076728582382,0.052283626049757004,0.03642084822058678,0.05511893332004547
202,6.733333333333333,,,,insightface_bbox,0.5831276178359985,0.0,610.5780029296875,737.0262451171875,2537.132568359375,0,0,1,0,0,0,0,0,0,0,0,0,0.04234667494893074,0.027759864926338196,0.1606062799692154,0.03608939051628113,0.01095343567430973,0.023122675716876984,0.012815260328352451,0.04123400151729584,0.07338496297597885,0.05299081653356552,0.037666887044906616,0.05664055049419403
203,6.766666666666667,,,,insightface_bbox,0.5831276178359985,0.0,610.5780029296875,737.0262451171875,2537.132568359375,0,0,1,0,0,0,0,0,0,0,0,0,0.04083526134490967,0.02673833630979061,0.1601627767086029,0.03482403978705406,0.010515378788113594,0.02212120220065117,0.012465471401810646,0.040202755481004715,0.07102169841527939,0.05172283202409744,0.03334209322929382,0.052602868527173996
204,6.8,,,,insightface_bbox,0.6266950964927673,0.0,654.3389282226562,741.7866821289062,2451.506591796875,0,0,1,0,0,0,0,0,0,0,0,0,0.04222523793578148,0.027803203091025352,0.17216768860816956,0.03607483580708504,0.010102089494466782,0.02123713679611683,0.01204997394233942,0.039324626326560974,0.07118623703718185,0.05185164511203766,0.029980994760990143,0.04786555469036102
205,6.833333333333333,,,,insightface_bbox,0.6266950964927673,0.0,654.3389282226562,741.7866821289062,2451.506591796875,0,0,1,0,0,0,0,0,0,0,0,0,0.0419204980134964,0.027354270219802856,0.18898846209049225,0.03354485332965851,0.009472569450736046,0.020486732944846153,0.01157208438962698,0.03645998612046242,0.06934484094381332,0.04966818541288376,0.026440419256687164,0.043959178030490875
206,6.866666666666666,,,,insightface_bbox,0.6266950964927673,0.0,654.3389282226562,741.7866821289062,2451.506591796875,0,0,1,0,0,0,0,0,0,0,0,0,0.042049359530210495,0.028706461191177368,0.1790638417005539,0.03585323318839073,0.00902625173330307,0.019768614321947098,0.010949261486530304,0.035520631819963455,0.06656533479690552,0.047320108860731125,0.023822758346796036,0.0403323695063591
207,6.9,,,,insightface_bbox,0.6266950964927673,0.0,654.3389282226562,741.7866821289062,2451.506591796875,0,0,1,0,0,0,0,0,0,0,0,0,0.04209943115711212,0.029176142066717148,0.17600254714488983,0.03720215708017349,0.00923667661845684,0.019900165498256683,0.011029982939362526,0.03516116365790367,0.06499068439006805,0.04543355852365494,0.023800915107131004,0.03987192362546921
208,6.933333333333334,,,,insightface_bbox,0.6266950964927673,0.0,654.3389282226562,741.7866821289062,2451.506591796875,0,0,1,0,0,0,0,0,0,0,0,0,0.045518409460783005,0.031841155141592026,0.19933021068572998,0.042277537286281586,0.009848917834460735,0.0214532483369112,0.011877400800585747,0.03708675876259804,0.0658150166273117,0.047379687428474426,0.028829261660575867,0.04399947077035904
209,6.966666666666667,,,,insightface_bbox,0.6266950964927673,0.0,654.3389282226562,741.7866821289062,2451.506591796875,0,0,1,0,0,0,0,0,0,0,0,0,0.045032333582639694,0.03145483136177063,0.1969820261001587,0.04104545712471008,0.009730922989547253,0.021604599431157112,0.012480925768613815,0.03633306175470352,0.06606995314359665,0.04706430807709694,0.030131857842206955,0.04420609027147293
210,7.0,,,,insightface_bbox,0.6485891342163086,0.0,656.0284423828125,740.1895751953125,2429.1611328125,0,0,1,0,0,0,0,0,0,0,0,0,0.041977643966674805,0.02949254773557186,0.15994206070899963,0.03660820797085762,0.0098104914650321,0.021863624453544617,0.012654406018555164,0.03851229324936867,0.06936296820640564,0.05115256458520889,0.030649499967694283,0.04568260535597801
211,7.033333333333333,,,,insightface_bbox,0.6485891342163086,0.0,656.0284423828125,740.1895751953125,2429.1611328125,0,0,0,0,0,0,0,0,0,0,0,0,0.0408388152718544,0.02860861085355282,0.14928993582725525,0.03576759994029999,0.00970155093818903,0.02153022587299347,0.012557316571474075,0.03686872124671936,0.06872233003377914,0.05010925233364105,0.03246399387717247,0.04645750671625137
212,7.066666666666666,,,,insightface_bbox,0.6485891342163086,0.0,656.0284423828125,740.1895751953125,2429.1611328125,0,0,1,0,0,0,0,0,0,0,0,0,0.04208790510892868,0.028919542208313942,0.1542195826768875,0.0351886972784996,0.009781671687960625,0.022554617375135422,0.013279404491186142,0.03808896243572235,0.07044142484664917,0.05292169004678726,0.03730560094118118,0.04930919408798218
213,7.1,,,,insightface_bbox,0.6485891342163086,0.0,656.0284423828125,740.1895751953125,2429.1611328125,0,0,1,0,0,0,0,0,0,0,0,0,0.040993932634592056,0.0281883105635643,0.14903196692466736,0.03360756114125252,0.009925532154738903,0.02260541170835495,0.013667788356542587,0.03930266201496124,0.07121478766202927,0.05444487929344177,0.038760825991630554,0.05039314180612564
214,7.133333333333334,,,,insightface_bbox,0.6485891342163086,0.0,656.0284423828125,740.1895751953125,2429.1611328125,0,0,0,0,0,0,0,0,0,0,0,0,0.03935423120856285,0.027523454278707504,0.13498204946517944,0.033002279698848724,0.009804507717490196,0.02193865180015564,0.013016607612371445,0.03959335386753082,0.07096916437149048,0.05387234687805176,0.03942881152033806,0.05009189620614052
215,7.166666666666667,,,,insightface_bbox,0.6485891342163086,0.0,656.0284423828125,740.1895751953125,2429.1611328125,0,0,0,0,0,0,0,0,0,0,0,0,0.03956867754459381,0.027725446969270706,0.1446978896856308,0.03310852125287056,0.010108482092618942,0.022604914382100105,0.013059013523161411,0.0404660701751709,0.07116398960351944,0.053854990750551224,0.042000219225883484,0.051470961421728134
216,7.2,,,,insightface_bbox,0.6305806636810303,0.0,658.7244873046875,738.555419921875,2440.427001953125,0,0,1,0,0,0,0,0,0,0,0,0,0.04084665700793266,0.027986614033579826,0.16392654180526733,0.03307058662176132,0.009694849140942097,0.02267042174935341,0.012415740638971329,0.03816540539264679,0.06837175041437149,0.051162950694561005,0.04284149035811424,0.0504176989197731
217,7.233333333333333,,,,insightface_bbox,0.6305806636810303,0.0,658.7244873046875,738.555419921875,2440.427001953125,0,0,1,0,0,0,0,0,0,0,0,0,0.042197439819574356,0.02842622995376587,0.17510607838630676,0.03501494973897934,0.009831328876316547,0.023579277098178864,0.01314583420753479,0.03975105285644531,0.07107540220022202,0.052146464586257935,0.04400414228439331,0.050223492085933685
218,7.266666666666667,,,,insightface_bbox,0.6305806636810303,0.0,658.7244873046875,738.555419921875,2440.427001953125,0,0,1,0,0,0,0,0,0,0,0,0,0.04163543879985809,0.028262343257665634,0.16971541941165924,0.03441821411252022,0.009738456457853317,0.02320258878171444,0.012442161329090595,0.03904346376657486,0.06981054693460464,0.05105368420481682,0.0432092659175396,0.049092527478933334
219,7.3,,,,insightface_bbox,0.6305806636810303,0.0,658.7244873046875,738.555419921875,2440.427001953125,0,0,1,0,0,0,0,0,0,0,0,0,0.041738156229257584,0.028259705752134323,0.17182472348213196,0.0342855378985405,0.009819891303777695,0.02319885604083538,0.012271412648260593,0.03914983943104744,0.06957696378231049,0.05062980577349663,0.043846648186445236,0.04895462095737457
220,7.333333333333333,,,,insightface_bbox,0.6305806636810303,0.0,658.7244873046875,738.555419921875,2440.427001953125,0,0,1,0,0,0,0,0,0,0,0,0,0.042806100100278854,0.028983542695641518,0.1817847192287445,0.03538378328084946,0.00984920747578144,0.023459237068891525,0.012690137140452862,0.039187364280223846,0.06965647637844086,0.0503162257373333,0.045974962413311005,0.050047367811203
221,7.366666666666666,,,,insightface_bbox,0.6305806636810303,0.0,658.7244873046875,738.555419921875,2440.427001953125,0,0,1,0,0,0,0,0,0,0,0,0,0.04473593831062317,0.030131857842206955,0.19077327847480774,0.037774283438920975,0.009958021342754364,0.02358149364590645,0.012831074185669422,0.039140429347753525,0.06960713863372803,0.05007524788379669,0.04693620279431343,0.05175520479679108
222,7.4,,,,insightface_bbox,0.6093349456787109,0.0,641.3402099609375,718.0009155273438,2530.650634765625,0,0,1,0,0,0,0,0,0,0,0,0,0.043107789009809494,0.02873268723487854,0.1839081346988678,0.034278590232133865,0.009438816457986832,0.021998632699251175,0.010861003771424294,0.0344892218708992,0.06790538877248764,0.047624409198760986,0.04954266548156738,0.052243251353502274
223,7.433333333333334,,,,insightface_bbox,0.6093349456787109,0.0,641.3402099609375,718.0009155273438,2530.650634765625,0,0,1,0,0,0,0,0,0,0,0,0,0.04101840779185295,0.027269281446933746,0.1614270955324173,0.031844593584537506,0.009057791903614998,0.021106481552124023,0.010082894004881382,0.03349481150507927,0.06853107362985611,0.047598280012607574,0.04409952089190483,0.04804215952754021
224,7.466666666666667,,,,insightface_bbox,0.6093349456787109,0.0,641.3402099609375,718.0009155273438,2530.650634765625,0,0,1,0,0,0,0,0,0,0,0,0,0.03918864205479622,0.026177849620580673,0.15999345481395721,0.029577137902379036,0.008647586219012737,0.020475633442401886,0.009523853659629822,0.03277876228094101,0.06735911965370178,0.046255532652139664,0.039875224232673645,0.0438537523150444
225,7.5,,,,insightface_bbox,0.6093349456787109,0.0,641.3402099609375,718.0009155273438,2530.650634765625,0,0,1,0,0,0,0,0,0,0,0,0,0.03851557523012161,0.02583947777748108,0.15828800201416016,0.02902277000248432,0.00854355376213789,0.020352881401777267,0.009673552587628365,0.03276143968105316,0.06684806942939758,0.04640638083219528,0.04044794291257858,0.044372186064720154
226,7.533333333333333,,,,insightface_bbox,0.6093349456787109,0.0,641.3402099609375,718.0009155273438,2530.650634765625,0,0,1,0,0,0,0,0,0,0,0,0,0.04053707793354988,0.02688119374215603,0.1690644770860672,0.030829817056655884,0.008904528804123402,0.02089860290288925,0.010080140084028244,0.03293859213590622,0.0680030956864357,0.046584777534008026,0.04423230141401291,0.047362614423036575
227,7.566666666666666,,,,insightface_bbox,0.6093349456787109,0.0,641.3402099609375,718.0009155273438,2530.650634765625,0,0,1,0,0,0,0,0,0,0,0,0,0.03922000527381897,0.026244016364216805,0.15856163203716278,0.03034639172255993,0.008738325908780098,0.020574741065502167,0.009972281754016876,0.033092886209487915,0.06794483959674835,0.046829111874103546,0.04319378733634949,0.046271439641714096
228,7.6,,,,insightface_bbox,0.6177546977996826,0.0,641.9503784179688,716.42431640625,2510.41943359375,0,0,1,0,0,0,0,0,0,0,0,0,0.03987618535757065,0.025461159646511078,0.20514653623104095,0.026074258610606194,0.009294328279793262,0.020362744107842445,0.010173890739679337,0.03775946423411369,0.07369720190763474,0.0479145422577858,0.03705374151468277,0.03988608717918396
229,7.633333333333334,,,,insightface_bbox,0.6177546977996826,0.0,641.9503784179688,716.42431640625,2510.41943359375,0,0,1,0,0,0,0,0,0,0,0,0,0.0416305735707283,0.027040690183639526,0.20695433020591736,0.028880905359983444,0.010001428425312042,0.02169722504913807,0.010818623937666416,0.04062844067811966,0.07561606168746948,0.051369164139032364,0.04333203285932541,0.04572584480047226
230,7.666666666666667,,,,insightface_bbox,0.6177546977996826,0.0,641.9503784179688,716.42431640625,2510.41943359375,0,0,1,0,0,0,0,0,0,0,0,0,0.04246201366186142,0.02766415849328041,0.21935971081256866,0.02957731857895851,0.01041434332728386,0.02216929942369461,0.011192448437213898,0.04177039861679077,0.07627536356449127,0.05233745276927948,0.04415887966752052,0.046790167689323425
231,7.7,,,,insightface_bbox,0.6177546977996826,0.0,641.9503784179688,716.42431640625,2510.41943359375,0,0,1,0,0,0,0,0,0,0,0,0,0.041952088475227356,0.027616381645202637,0.21412983536720276,0.029642952606081963,0.01051514782011509,0.02230587974190712,0.011217819526791573,0.04190438240766525,0.0755053460597992,0.05207367241382599,0.04489823430776596,0.04815308749675751
232,7.733333333333333,,,,insightface_bbox,0.6177546977996826,0.0,641.9503784179688,716.42431640625,2510.41943359375,0,0,1,0,0,0,0,0,0,0,0,0,0.041509758681058884,0.027177024632692337,0.21659794449806213,0.029013900086283684,0.010385008528828621,0.022324861958622932,0.011367887258529663,0.0414837971329689,0.0759042501449585,0.05188971385359764,0.04550735652446747,0.0482332743704319
233,7.766666666666667,,,,insightface_bbox,0.6177546977996826,0.0,641.9503784179688,716.42431640625,2510.41943359375,0,0,1,0,0,0,0,0,0,0,0,0,0.04139551892876625,0.026995128020644188,0.21595117449760437,0.02895272523164749,0.010269992984831333,0.021978184580802917,0.011519716121256351,0.04144567996263504,0.07586497813463211,0.050923801958560944,0.04128795117139816,0.044812239706516266
234,7.8,,,,insightface_bbox,0.6707160472869873,0.0,656.5449829101562,725.8457641601562,2408.8037109375,0,0,1,0,0,0,0,0,0,0,0,0,0.04359646886587143,0.029797999188303947,0.1776202917098999,0.03816049173474312,0.009687616489827633,0.022751854732632637,0.013923468068242073,0.03925514966249466,0.07035549730062485,0.05183718726038933,0.03857238590717316,0.0508558452129364
235,7.833333333333333,,,,insightface_bbox,0.6707160472869873,0.0,656.5449829101562,725.8457641601562,2408.8037109375,0,0,0,0,0,0,0,0,0,0,0,0,0.04440562427043915,0.030740737915039062,0.17019110918045044,0.04008123651146889,0.00973181240260601,0.022947946563363075,0.014230914413928986,0.04000985994935036,0.07227875292301178,0.05160018056631088,0.0356178805232048,0.04876914620399475
236,7.866666666666666,,,,insightface_bbox,0.6707160472869873,0.0,656.5449829101562,725.8457641601562,2408.8037109375,0,0,0,0,0,0,0,0,0,0,0,0,0.044101666659116745,0.03047170303761959,0.16538932919502258,0.03983570635318756,0.00959252193570137,0.022553768008947372,0.013855887576937675,0.0387767069041729,0.07142440974712372,0.050985053181648254,0.034228160977363586,0.047634560614824295
237,7.9,,,,insightface_bbox,0.6707160472869873,0.0,656.5449829101562,725.8457641601562,2408.8037109375,0,0,0,0,0,0,0,0,0,0,0,0,0.04297264292836189,0.02993030659854412,0.16700930893421173,0.03895740583539009,0.00958623643964529,0.022582758218050003,0.0139136528596282,0.038822241127491,0.07009434700012207,0.05101923644542694,0.036648429930210114,0.04836156219244003
238,7.933333333333334,,,,insightface_bbox,0.6707160472869873,0.0,656.5449829101562,725.8457641601562,2408.8037109375,0,0,0,0,0,0,0,0,0,0,0,0,0.04331343248486519,0.03025684878230095,0.16987493634223938,0.04004504159092903,0.009605558589100838,0.02270684577524662,0.013980296440422535,0.03880569338798523,0.0699620246887207,0.050725918263196945,0.038100533187389374,0.04935934394598007
239,7.966666666666667,,,,insightface_bbox,0.6707160472869873,0.0,656.5449829101562,725.8457641601562,2408.8037109375,0,0,0,0,0,0,0,0,0,0,0,0,0.04322783648967743,0.030124133452773094,0.16753798723220825,0.03951346129179001,0.009712508879601955,0.023012759163975716,0.014534677378833294,0.039838798344135284,0.07138124853372574,0.05199842154979706,0.03828221186995506,0.05005762353539467
240,8.0,,,,insightface_bbox,0.662100076675415,0.0,666.907958984375,728.2710571289062,2440.892822265625,0,0,1,0,0,0,0,0,0,0,0,0,0.03878870978951454,0.025583023205399513,0.16664978861808777,0.029004354029893875,0.00871665682643652,0.020719055086374283,0.011080699041485786,0.037175968289375305,0.07169627398252487,0.04911274090409279,0.03843472898006439,0.043724752962589264
241,8.033333333333333,,,,insightface_bbox,0.662100076675415,0.0,666.907958984375,728.2710571289062,2440.892822265625,0,0,1,0,0,0,0,0,0,0,0,0,0.04055744409561157,0.026751413941383362,0.18584612011909485,0.03109218366444111,0.008850259706377983,0.02130883000791073,0.011425827629864216,0.03719116747379303,0.07125473767518997,0.049052394926548004,0.03982281684875488,0.04530094936490059
242,8.066666666666666,,,,insightface_bbox,0.662100076675415,0.0,666.907958984375,728.2710571289062,2440.892822265625,0,0,1,0,0,0,0,0,0,0,0,0,0.0413406640291214,0.027251865714788437,0.19235776364803314,0.03253234922885895,0.008901421912014484,0.021668195724487305,0.011476993560791016,0.03737644851207733,0.0726260393857956,0.04963314160704613,0.03814993053674698,0.04554063081741333
243,8.1,,,,insightface_bbox,0.662100076675415,0.0,666.907958984375,728.2710571289062,2440.892822265625,0,0,1,0,0,0,0,0,0,0,0,0,0.04107477515935898,0.02697291038930416,0.18543890118598938,0.032367076724767685,0.008848095312714577,0.02139190584421158,0.01112538855522871,0.038708724081516266,0.0753251314163208,0.050172358751297,0.039032675325870514,0.046472303569316864
244,8.133333333333333,,,,insightface_bbox,0.662100076675415,0.0,666.907958984375,728.2710571289062,2440.892822265625,0,0,1,0,0,0,0,0,0,0,0,0,0.04085396230220795,0.026867199689149857,0.18091170489788055,0.03215911239385605,0.008755062706768513,0.021077267825603485,0.011035562492907047,0.038592301309108734,0.07425156235694885,0.04982567951083183,0.03795764967799187,0.04531814157962799
245,8.166666666666666,,,,insightface_bbox,0.662100076675415,0.0,666.907958984375,728.2710571289062,2440.892822265625,0,0,1,0,0,0,0,0,0,0,0,0,0.0405447855591774,0.026882989332079887,0.18774516880512238,0.03135555610060692,0.008941738866269588,0.021231047809123993,0.01113290898501873,0.037455711513757706,0.07192665338516235,0.048636890947818756,0.03758867830038071,0.04428161680698395
246,8.2,,,,insightface_bbox,0.6513922214508057,0.0,670.4767456054688,723.6820678710938,2454.549072265625,0,0,1,0,0,0,0,0,0,0,0,0,0.046441689133644104,0.03060280904173851,0.20300939679145813,0.03919561207294464,0.010000506415963173,0.023276731371879578,0.014528651721775532,0.04163224622607231,0.07257536798715591,0.05290605500340462,0.03925037384033203,0.050868019461631775
247,8.233333333333333,,,,insightface_bbox,0.6513922214508057,0.0,670.4767456054688,723.6820678710938,2454.549072265625,0,0,1,0,0,0,0,0,0,0,0,0,0.04624897614121437,0.030560389161109924,0.20100191235542297,0.03889988362789154,0.009821751154959202,0.023090530186891556,0.014019926078617573,0.040498729795217514,0.07038150727748871,0.051233842968940735,0.039741188287734985,0.051017142832279205
248,8.266666666666667,,,,insightface_bbox,0.6513922214508057,0.0,670.4767456054688,723.6820678710938,2454.549072265625,0,0,1,0,0,0,0,0,0,0,0,0,0.04611928388476372,0.030519559979438782,0.20250080525875092,0.03925997391343117,0.0096542127430439,0.02283962070941925,0.013555568642914295,0.04004521295428276,0.07030798494815826,0.05105999857187271,0.041271984577178955,0.052134059369564056
249,8.3,,,,insightface_bbox,0.6513922214508057,0.0,670.4767456054688,723.6820678710938,2454.549072265625,0,0,1,0,0,0,0,0,0,0,0,0,0.046104684472084045,0.03066219575703144,0.21455934643745422,0.03984513133764267,0.009756946004927158,0.023269232362508774,0.013970721513032913,0.0397903174161911,0.06961745023727417,0.05043114721775055,0.04469560459256172,0.05307353287935257
250,8.333333333333334,,,,insightface_bbox,0.6513922214508057,0.0,670.4767456054688,723.6820678710938,2454.549072265625,0,0,1,0,0,0,0,0,0,0,0,0,0.049036141484975815,0.032747507095336914,0.23771783709526062,0.04386178404092789,0.010230318643152714,0.02435227669775486,0.014528769999742508,0.04088057577610016,0.07093378156423569,0.051492996513843536,0.04879213497042656,0.05746617913246155
251,8.366666666666667,,,,insightface_bbox,0.6513922214508057,0.0,670.4767456054688,723.6820678710938,2454.549072265625,0,0,1,0,0,0,0,0,0,0,0,0,0.04867509752511978,0.031836554408073425,0.23080229759216309,0.041712887585163116,0.01011152658611536,0.024237636476755142,0.01432857010513544,0.04123099893331528,0.07192434370517731,0.051507510244846344,0.046863388270139694,0.054159924387931824
252,8.4,,,,insightface_bbox,0.642400324344635,0.0,633.6737060546875,732.1997680664062,2494.30029296875,0,0,1,0,0,0,0,0,0,0,0,0,0.051439978182315826,0.03725448623299599,0.22718733549118042,0.054972656071186066,0.011063720099627972,0.0239404309540987,0.013033295050263405,0.03744518384337425,0.06524265557527542,0.047102686017751694,0.04216369241476059,0.05372777208685875
253,8.433333333333334,,,,insightface_bbox,0.642400324344635,0.0,633.6737060546875,732.1997680664062,2494.30029296875,0,0,1,0,0,0,0,0,0,0,0,0,0.04799872636795044,0.03444070369005203,0.2248736321926117,0.048636294901371,0.010940434411168098,0.0227827001363039,0.012434056028723717,0.03697829693555832,0.06289121508598328,0.04574991762638092,0.03638867288827896,0.04944806918501854
254,8.466666666666667,,,,insightface_bbox,0.642400324344635,0.0,633.6737060546875,732.1997680664062,2494.30029296875,0,0,1,0,0,0,0,0,0,0,0,0,0.04558709263801575,0.032871879637241364,0.22715888917446136,0.04588302597403526,0.010476283729076385,0.021502820774912834,0.011540748178958893,0.03576680272817612,0.060728300362825394,0.044031962752342224,0.03285478428006172,0.04727958142757416
255,8.5,,,,insightface_bbox,0.642400324344635,0.0,633.6737060546875,732.1997680664062,2494.30029296875,0,0,1,0,0,0,0,0,0,0,0,0,0.045847415924072266,0.0323549322783947,0.23913833498954773,0.04522179812192917,0.010553896427154541,0.021481012925505638,0.011906473897397518,0.036262147128582,0.06216784939169884,0.0449870303273201,0.033168040215969086,0.04755524918437004
256,8.533333333333333,,,,insightface_bbox,0.642400324344635,0.0,633.6737060546875,732.1997680664062,2494.30029296875,0,0,1,0,0,0,0,0,0,0,0,0,0.04506251960992813,0.031909190118312836,0.2328786849975586,0.04478730261325836,0.010327143594622612,0.021138276904821396,0.011598872020840645,0.03498021513223648,0.06180070340633392,0.044884003698825836,0.03244040906429291,0.047341324388980865
257,8.566666666666666,,,,insightface_bbox,0.642400324344635,0.0,633.6737060546875,732.1997680664062,2494.30029296875,0,0,1,0,0,0,0,0,0,0,0,0,0.04458923265337944,0.03155526518821716,0.22320353984832764,0.04366973042488098,0.010156539268791676,0.020946618169546127,0.01170394103974104,0.035684335976839066,0.06292623281478882,0.045382022857666016,0.030416671186685562,0.045822691172361374
258,8.6,,,,insightface_bbox,0.6425424814224243,0.0,630.5416259765625,730.0742797851562,2479.025390625,0,0,1,0,0,0,0,0,0,0,0,0,0.05143818259239197,0.03487434983253479,0.22903931140899658,0.047808196395635605,0.010429991409182549,0.024932313710451126,0.014314372092485428,0.04193207621574402,0.07217539846897125,0.05265345796942711,0.04439076781272888,0.05610467493534088
259,8.633333333333333,,,,insightface_bbox,0.6425424814224243,0.0,630.5416259765625,730.0742797851562,2479.025390625,0,0,1,0,0,0,0,0,0,0,0,0,0.050038911402225494,0.034449655562639236,0.2278437465429306,0.047298453748226166,0.010244553908705711,0.024011995643377304,0.014077717438340187,0.04039086028933525,0.06975522637367249,0.050984181463718414,0.042379483580589294,0.05441762134432793
260,8.666666666666666,,,,insightface_bbox,0.6425424814224243,0.0,630.5416259765625,730.0742797851562,2479.025390625,0,0,1,0,0,0,0,0,0,0,0,0,0.050268083810806274,0.03489477187395096,0.22167855501174927,0.048151999711990356,0.010486941784620285,0.024405349045991898,0.01472611352801323,0.04139522463083267,0.06956509500741959,0.05167735740542412,0.043235864490270615,0.05521643906831741
261,8.7,,,,insightface_bbox,0.6425424814224243,0.0,630.5416259765625,730.0742797851562,2479.025390625,0,0,1,0,0,0,0,0,0,0,0,0,0.05063401162624359,0.03527135029435158,0.22947363555431366,0.048642974346876144,0.010751031339168549,0.02453874982893467,0.014661912806332111,0.041233375668525696,0.0690077394247055,0.051366571336984634,0.04243990033864975,0.05490195006132126
262,8.733333333333333,,,,insightface_bbox,0.6425424814224243,0.0,630.5416259765625,730.0742797851562,2479.025390625,0,0,1,0,0,0,0,0,0,0,0,0,0.05058866739273071,0.035090479999780655,0.22446750104427338,0.048124197870492935,0.010645021684467793,0.024470938369631767,0.014599663205444813,0.040821343660354614,0.06872064620256424,0.050836652517318726,0.041868336498737335,0.05404537171125412
263,8.766666666666667,,,,insightface_bbox,0.6425424814224243,0.0,630.5416259765625,730.0742797851562,2479.025390625,0,0,1,0,0,0,0,0,0,0,0,0,0.04999437928199768,0.034621257334947586,0.22161386907100677,0.0485004298388958,0.010633631609380245,0.024608803912997246,0.014544078148901463,0.04152081534266472,0.07122161239385605,0.052471548318862915,0.044198133051395416,0.05620753765106201
264,8.8,,,,insightface_bbox,0.632565975189209,0.0,628.2320556640625,732.7245483398438,2499.710693359375,0,0,1,0,0,0,0,0,0,0,0,0,0.05078796297311783,0.035200681537389755,0.21646422147750854,0.04835144430398941,0.010272827930748463,0.024113843217492104,0.01419156789779663,0.04050537943840027,0.07011528313159943,0.05173313617706299,0.04269526153802872,0.05517375469207764
265,8.833333333333334,,,,insightface_bbox,0.632565975189209,0.0,628.2320556640625,732.7245483398438,2499.710693359375,0,0,1,0,0,0,0,0,0,0,0,0,0.05103546753525734,0.03472769260406494,0.22172346711158752,0.04687387868762016,0.010435455478727818,0.024353478103876114,0.014178031124174595,0.04093898832798004,0.06950316578149796,0.05086036026477814,0.04214894399046898,0.053943999111652374
266,8.866666666666667,,,,insightface_bbox,0.632565975189209,0.0,628.2320556640625,732.7245483398438,2499.710693359375,0,0,1,0,0,0,0,0,0,0,0,0,0.050687525421381,0.034410834312438965,0.22195257246494293,0.04722645878791809,0.010433261282742023,0.024301081895828247,0.013982291333377361,0.04044985771179199,0.07044479995965958,0.051532868295907974,0.04342532902956009,0.05448902025818825
267,8.9,,,,insightface_bbox,0.632565975189209,0.0,628.2320556640625,732.7245483398438,2499.710693359375,0,0,1,0,0,0,0,0,0,0,0,0,0.0494828000664711,0.03412719443440437,0.22763019800186157,0.046754106879234314,0.010409770533442497,0.02421669289469719,0.013788471929728985,0.04001421481370926,0.06874195486307144,0.05021117255091667,0.044073496013879776,0.05474242568016052
268,8.933333333333334,,,,insightface_bbox,0.632565975189209,0.0,628.2320556640625,732.7245483398438,2499.710693359375,0,0,1,0,0,0,0,0,0,0,0,0,0.047111768275499344,0.033050041645765305,0.20824795961380005,0.0453898087143898,0.010553644970059395,0.024505192413926125,0.012968156486749649,0.03917596489191055,0.06952778249979019,0.04901599884033203,0.05027247220277786,0.056957561522722244
269,8.966666666666667,,,,insightface_bbox,0.632565975189209,0.0,628.2320556640625,732.7245483398438,2499.710693359375,0,0,1,0,0,0,0,0,0,0,0,0,0.04422667995095253,0.03181592375040054,0.20961113274097443,0.04416213184595108,0.01110189687460661,0.02542300522327423,0.01205657422542572,0.0377606637775898,0.07045506685972214,0.04925216734409332,0.05348930135369301,0.05989905446767807
270,9.0,,,,insightface_bbox,0.552118718624115,0.0,603.31591796875,746.275146484375,2550.86962890625,0,0,0,0,0,0,0,0,0,0,0,0,0.05462629720568657,0.04052620753645897,0.19059374928474426,0.06652803719043732,0.012086329981684685,0.028662972152233124,0.014209925197064877,0.04420578107237816,0.07523426413536072,0.05393519625067711,0.07206819206476212,0.08214525133371353
271,9.033333333333333,,,,insightface_bbox,0.552118718624115,0.0,603.31591796875,746.275146484375,2550.86962890625,0,0,0,0,0,0,0,0,0,0,0,0,0.057589855045080185,0.04163210839033127,0.22117173671722412,0.0762912780046463,0.012518792413175106,0.0283699668943882,0.013569382950663567,0.04553712531924248,0.07615559548139572,0.05558568611741066,0.07657068967819214,0.08395886421203613
272,9.066666666666666,,,,insightface_bbox,0.552118718624115,0.0,603.31591796875,746.275146484375,2550.86962890625,0,0,1,0,0,0,0,0,0,0,0,0,0.05869022011756897,0.03862970322370529,0.2550363838672638,0.06867199391126633,0.012569526210427284,0.027558453381061554,0.013338692486286163,0.041591789573431015,0.07580330222845078,0.05310751870274544,0.06572975218296051,0.07239184528589249
273,9.1,,,,insightface_bbox,0.552118718624115,0.0,603.31591796875,746.275146484375,2550.86962890625,0,0,0,0,0,0,0,0,0,0,0,0,0.05346089228987694,0.03507820516824722,0.20789869129657745,0.060391902923583984,0.011183084920048714,0.025747278705239296,0.01237417571246624,0.0399908646941185,0.07660327851772308,0.05151757597923279,0.04757176712155342,0.06027744710445404
274,9.133333333333333,,,,insightface_bbox,0.552118718624115,0.0,603.31591796875,746.275146484375,2550.86962890625,0,0,0,0,0,0,0,0,0,0,0,0,0.05485694482922554,0.035912398248910904,0.20880213379859924,0.06121167540550232,0.011248907074332237,0.026036882773041725,0.013115174137055874,0.04156225919723511,0.07912124693393707,0.05225984379649162,0.042965374886989594,0.058572735637426376
275,9.166666666666666,,,,insightface_bbox,0.552118718624115,0.0,603.31591796875,746.275146484375,2550.86962890625,0,0,0,0,0,0,0,0,0,0,0,0,0.054260000586509705,0.035642948001623154,0.20640310645103455,0.061978843063116074,0.011298521421849728,0.026098065078258514,0.012738866731524467,0.04161982983350754,0.07825776189565659,0.051904886960983276,0.046425651758909225,0.059576742351055145
276,9.2,,,,insightface_bbox,0.5547041893005371,0.0,579.5769653320312,839.9833374023438,2525.3173828125,0,0,0,0,0,0,0,0,0,0,0,0,0.07207787781953812,0.05757088214159012,0.22047601640224457,0.1529843509197235,0.01667591743171215,0.03491460159420967,0.02692333608865738,0.057040583342313766,0.09011130034923553,0.06569144129753113,0.0340246856212616,0.0715126171708107
277,9.233333333333333,,,,insightface_bbox,0.5547041893005371,0.0,579.5769653320312,839.9833374023438,2525.3173828125,0,0,0,0,0,0,0,0,0,0,0,0,0.07668396085500717,0.06188516318798065,0.2590249180793762,0.16294154524803162,0.01858721487224102,0.03773416951298714,0.02914060652256012,0.06367367506027222,0.09573433548212051,0.06903831660747528,0.03982459008693695,0.07961593568325043
278,9.266666666666667,,,,insightface_bbox,0.5547041893005371,0.0,579.5769653320312,839.9833374023438,2525.3173828125,0,0,0,0,0,0,0,0,0,0,0,0,0.07510674744844437,0.061852797865867615,0.2567988634109497,0.16136011481285095,0.019184522330760956,0.03926883637905121,0.03173987194895744,0.0675511583685875,0.09886008501052856,0.07301666587591171,0.042797766625881195,0.08330465108156204
279,9.3,,,,insightface_bbox,0.5547041893005371,0.0,579.5769653320312,839.9833374023438,2525.3173828125,0,0,0,0,0,0,0,0,0,0,0,0,0.07784672826528549,0.06283021718263626,0.27805936336517334,0.16508996486663818,0.020181862637400627,0.04039880260825157,0.0333305224776268,0.0663670003414154,0.09789346158504486,0.07297170907258987,0.045161083340644836,0.08840114623308182
280,9.333333333333334,,,,insightface_bbox,0.5547041893005371,0.0,579.5769653320312,839.9833374023438,2525.3173828125,0,0,0,0,0,0,0,0,0,0,0,0,0.07775403559207916,0.06154460832476616,0.2623807191848755,0.1638176441192627,0.019690217450261116,0.04028763622045517,0.034391988068819046,0.0647568628191948,0.0971413105726242,0.07321356236934662,0.04201080650091171,0.08730129897594452
281,9.366666666666667,,,,insightface_bbox,0.5547041893005371,0.0,579.5769653320312,839.9833374023438,2525.3173828125,0,0,0,0,0,0,0,0,0,0,0,0,0.07013796269893646,0.056399066001176834,0.23809954524040222,0.14884932339191437,0.01725373975932598,0.035577692091464996,0.02811320126056671,0.059754230082035065,0.0947689414024353,0.06866990029811859,0.03279542922973633,0.074510857462883
282,9.4,,,,insightface_bbox,0.5539762377738953,0.0,580.7166137695312,758.019287109375,2551.553466796875,0,0,1,0,0,0,0,0,0,0,0,0,0.050643738359212875,0.03279698267579079,0.19621922075748444,0.05445091426372528,0.012322451919317245,0.02558578923344612,0.012678053230047226,0.04104936122894287,0.07836034893989563,0.053237661719322205,0.04509647190570831,0.057927291840314865
283,9.433333333333334,,,,insightface_bbox,0.5539762377738953,0.0,580.7166137695312,758.019287109375,2551.553466796875,0,0,1,0,0,0,0,0,0,0,0,0,0.048742830753326416,0.031166307628154755,0.19232764840126038,0.05135564133524895,0.01197320967912674,0.025249015539884567,0.012243193574249744,0.03958923742175102,0.07709090411663055,0.051923587918281555,0.04629562050104141,0.05651198700070381
284,9.466666666666667,,,,insightface_bbox,0.5539762377738953,0.0,580.7166137695312,758.019287109375,2551.553466796875,0,0,1,0,0,0,0,0,0,0,0,0,0.04829152673482895,0.03100619651377201,0.1910415142774582,0.051153603941202164,0.011960304342210293,0.02517843246459961,0.012295889668166637,0.039681050926446915,0.07667194306850433,0.05188633129000664,0.04601268470287323,0.056454259902238846
285,9.5,,,,insightface_bbox,0.5539762377738953,0.0,580.7166137695312,758.019287109375,2551.553466796875,0,0,1,0,0,0,0,0,0,0,0,0,0.04820698872208595,0.03093835897743702,0.18806257843971252,0.050960347056388855,0.011867985129356384,0.025110358372330666,0.012333746999502182,0.039636943489313126,0.07682490348815918,0.0519389733672142,0.04574991762638092,0.05639055371284485
286,9.533333333333333,,,,insightface_bbox,0.5539762377738953,0.0,580.7166137695312,758.019287109375,2551.553466796875,0,0,1,0,0,0,0,0,0,0,0,0,0.0492984876036644,0.03169405460357666,0.19194519519805908,0.05257183313369751,0.01206156425178051,0.025220045819878578,0.012708038091659546,0.04082470387220383,0.07753902673721313,0.05307605862617493,0.045422784984111786,0.05743313953280449
287,9.566666666666666,,,,insightface_bbox,0.5539762377738953,0.0,580.7166137695312,758.019287109375,2551.553466796875,0,0,1,0,0,0,0,0,0,0,0,0,0.05014955624938011,0.03200777620077133,0.19440339505672455,0.05289610102772713,0.012263471260666847,0.02587314508855343,0.01299266517162323,0.041495297104120255,0.07895199954509735,0.053997136652469635,0.045783739537000656,0.05801258608698845
288,9.6,,,,insightface_bbox,0.5493721961975098,0.0,583.0039672851562,746.3438110351562,2571.89013671875,0,0,0,0,0,0,0,0,0,0,0,0,0.05108264833688736,0.03344044089317322,0.19094151258468628,0.05599917471408844,0.011864259839057922,0.02500561997294426,0.012358558364212513,0.04025982320308685,0.07606338709592819,0.051559701561927795,0.0470222570002079,0.06084239110350609
289,9.633333333333333,,,,insightface_bbox,0.5493721961975098,0.0,583.0039672851562,746.3438110351562,2571.89013671875,0,0,0,0,0,0,0,0,0,0,0,0,0.05213014781475067,0.03494437411427498,0.19330275058746338,0.06030084565281868,0.012232804670929909,0.02539784461259842,0.012168390676379204,0.04024961590766907,0.07483258843421936,0.050492145121097565,0.049127448350191116,0.06282157450914383
290,9.666666666666666,,,,insightface_bbox,0.5493721961975098,0.0,583.0039672851562,746.3438110351562,2571.89013671875,0,0,0,0,0,0,0,0,0,0,0,0,0.052799876779317856,0.03519560769200325,0.19800342619419098,0.061050038784742355,0.012420685030519962,0.02619832009077072,0.012508518993854523,0.04128033667802811,0.07633982598781586,0.051791198551654816,0.05505536124110222,0.06631684303283691
291,9.7,,,,insightface_bbox,0.5493721961975098,0.0,583.0039672851562,746.3438110351562,2571.89013671875,0,0,0,0,0,0,0,0,0,0,0,0,0.05255479738116264,0.03544998541474342,0.1972360908985138,0.06059485673904419,0.012708710506558418,0.026977604255080223,0.012698475271463394,0.04173479974269867,0.07757240533828735,0.05256454646587372,0.05936963111162186,0.06886859983205795
292,9.733333333333333,,,,insightface_bbox,0.5493721961975098,0.0,583.0039672851562,746.3438110351562,2571.89013671875,0,0,0,0,0,0,0,0,0,0,0,0,0.05035063251852989,0.03394337370991707,0.19278168678283691,0.05613105744123459,0.012507257983088493,0.026599867269396782,0.012474426999688148,0.040837448090314865,0.07767338305711746,0.05180366337299347,0.0582890622317791,0.06639189273118973
293,9.766666666666667,,,,insightface_bbox,0.5493721961975098,0.0,583.0039672851562,746.3438110351562,2571.89013671875,0,0,1,0,0,0,0,0,0,0,0,0,0.05135498568415642,0.03343188762664795,0.2057601660490036,0.0544830821454525,0.012213732115924358,0.02598543092608452,0.012370632961392403,0.03962937369942665,0.07664400339126587,0.05076189339160919,0.054777320474386215,0.06363897025585175
294,9.8,,,,insightface_bbox,0.5603835582733154,0.0,600.0885620117188,753.2749633789062,2575.67236328125,0,0,1,0,0,0,0,0,0,0,0,0,0.04944568872451782,0.0316384918987751,0.1892624944448471,0.051272764801979065,0.012036156840622425,0.025120582431554794,0.012247585691511631,0.03966132551431656,0.07642878592014313,0.05093240737915039,0.04801981523633003,0.058366164565086365
295,9.833333333333334,,,,insightface_bbox,0.5603835582733154,0.0,600.0885620117188,753.2749633789062,2575.67236328125,0,0,1,0,0,0,0,0,0,0,0,0,0.04888022318482399,0.031466204673051834,0.19149748980998993,0.049943216145038605,0.01226687803864479,0.02541637234389782,0.012834791094064713,0.03920911252498627,0.07495729625225067,0.05020510032773018,0.047442205250263214,0.05882842093706131
296,9.866666666666667,,,,insightface_bbox,0.5603835582733154,0.0,600.0885620117188,753.2749633789062,2575.67236328125,0,0,1,0,0,0,0,0,0,0,0,0,0.04933767393231392,0.031432393938302994,0.19933852553367615,0.049564674496650696,0.012430088594555855,0.025772515684366226,0.013230991549789906,0.038920387625694275,0.07583705335855484,0.050249554216861725,0.0472053661942482,0.05896743759512901
297,9.9,,,,insightface_bbox,0.5603835582733154,0.0,600.0885620117188,753.2749633789062,2575.67236328125,0,0,0,0,0,0,0,0,0,0,0,0,0.04968145862221718,0.0324016772210598,0.18190404772758484,0.05145418643951416,0.012153238989412785,0.02566741406917572,0.01341191679239273,0.0398143045604229,0.0768619179725647,0.05156524479389191,0.04990081861615181,0.06152655556797981
298,9.933333333333334,,,,insightface_bbox,0.5603835582733154,0.0,600.0885620117188,753.2749633789062,2575.67236328125,0,0,0,0,0,0,0,0,0,0,0,0,0.05236334353685379,0.03476530686020851,0.1835886538028717,0.056006595492362976,0.012299854308366776,0.02556728944182396,0.013859545812010765,0.04004482924938202,0.07789172232151031,0.05312841758131981,0.04786648228764534,0.06322339922189713
299,9.966666666666667,,,,insightface_bbox,0.5603835582733154,0.0,600.0885620117188,753.2749633789062,2575.67236328125,0,0,0,0,0,0,0,0,0,0,0,0,0.052056774497032166,0.03653775155544281,0.19591586291790009,0.0620293915271759,0.0121886245906353,0.02404780313372612,0.013061486184597015,0.03972174972295761,0.07589654624462128,0.05245562642812729,0.04130873084068298,0.06008915603160858
300,10.0,,,,insightface_bbox,0.5936596393585205,0.0,618.1466674804688,750.2788696289062,2521.361083984375,0,0,0,0,0,0,0,0,0,0,0,0,0.0479181669652462,0.03580029681324959,0.14005175232887268,0.052238695323467255,0.010586921125650406,0.02256280742585659,0.01093517430126667,0.03592797741293907,0.0660528838634491,0.04795276001095772,0.03901941701769829,0.05268774554133415
301,10.033333333333333,,,,insightface_bbox,0.5936596393585205,0.0,618.1466674804688,750.2788696289062,2521.361083984375,0,0,0,0,0,0,0,0,0,0,0,0,0.0458192452788353,0.03467121720314026,0.13331183791160583,0.05154770240187645,0.010365407913923264,0.02162453718483448,0.010325655341148376,0.03530444949865341,0.06550788134336472,0.04635103419423103,0.036427050828933716,0.05011526495218277
302,10.066666666666666,,,,insightface_bbox,0.5936596393585205,0.0,618.1466674804688,750.2788696289062,2521.361083984375,0,0,0,0,0,0,0,0,0,0,0,0,0.04537590593099594,0.034991778433322906,0.1303878128528595,0.051958341151475906,0.01055239513516426,0.021908197551965714,0.01050802692770958,0.03556313365697861,0.06536868959665298,0.04617840796709061,0.036588940769433975,0.05035421997308731
303,10.1,,,,insightface_bbox,0.5936596393585205,0.0,618.1466674804688,750.2788696289062,2521.361083984375,0,0,0,0,0,0,0,0,0,0,0,0,0.04436279088258743,0.03452576324343681,0.12565286457538605,0.050934284925460815,0.01059789303690195,0.021668484434485435,0.010430809110403061,0.03553250804543495,0.06508204340934753,0.045657772570848465,0.03421352431178093,0.04834706336259842
304,10.133333333333333,,,,insightface_bbox,0.5936596393585205,0.0,618.1466674804688,750.2788696289062,2521.361083984375,0,0,0,0,0,0,0,0,0,0,0,0,0.043698303401470184,0.03392183780670166,0.12466248869895935,0.04902129992842674,0.010532725602388382,0.021814830601215363,0.01062789000570774,0.03553038835525513,0.06544505804777145,0.046019814908504486,0.03485143929719925,0.04850482940673828
305,10.166666666666666,,,,insightface_bbox,0.5936596393585205,0.0,618.1466674804688,750.2788696289062,2521.361083984375,0,0,0,0,0,0,0,0,0,0,0,0,0.04356522113084793,0.0335749126970768,0.12129097431898117,0.049162883311510086,0.01068433839827776,0.022051801905035973,0.01089358702301979,0.03645201027393341,0.06513635069131851,0.046523481607437134,0.035278648138046265,0.04881519824266434
306,10.2,,,,insightface_bbox,0.6381149291992188,0.0,631.663818359375,740.5504760742188,2490.349853515625,0,0,0,0,0,0,0,0,0,0,0,0,0.036962494254112244,0.030235575512051582,0.13571159541606903,0.04072515666484833,0.0106611717492342,0.020171478390693665,0.01083592139184475,0.03577324002981186,0.05692720040678978,0.045527420938014984,0.033721257001161575,0.051223110407590866
307,10.233333333333333,,,,insightface_bbox,0.6381149291992188,0.0,631.663818359375,740.5504760742188,2490.349853515625,0,0,1,0,0,0,0,0,0,0,0,0,0.039397045969963074,0.03125717490911484,0.14845670759677887,0.04042436182498932,0.010519632138311863,0.021124349907040596,0.011646676808595657,0.03628551587462425,0.05911190062761307,0.047886110842227936,0.03504078835248947,0.0529332235455513
308,10.266666666666667,,,,insightface_bbox,0.6381149291992188,0.0,631.663818359375,740.5504760742188,2490.349853515625,0,0,0,0,0,0,0,0,0,0,0,0,0.03953094035387039,0.030911656096577644,0.1426660269498825,0.03957847133278847,0.010709039866924286,0.021593822166323662,0.011989282444119453,0.037052787840366364,0.0608772337436676,0.04946485534310341,0.03609441593289375,0.053799234330654144
309,10.3,,,,insightface_bbox,0.6381149291992188,0.0,631.663818359375,740.5504760742188,2490.349853515625,0,0,1,0,0,0,0,0,0,0,0,0,0.039335623383522034,0.030653711408376694,0.14960242807865143,0.03878171741962433,0.010808744467794895,0.021746477112174034,0.011816462501883507,0.03698769584298134,0.0606667697429657,0.04900727793574333,0.037718869745731354,0.054952800273895264
310,10.333333333333334,,,,insightface_bbox,0.6381149291992188,0.0,631.663818359375,740.5504760742188,2490.349853515625,0,0,1,0,0,0,0,0,0,0,0,0,0.0390443280339241,0.030280303210020065,0.1550639569759369,0.03866223245859146,0.010714741423726082,0.021570252254605293,0.012173502705991268,0.03730325400829315,0.0628073439002037,0.05034803971648216,0.037176210433244705,0.05514300987124443
311,10.366666666666667,,,,insightface_bbox,0.6381149291992188,0.0,631.663818359375,740.5504760742188,2490.349853515625,0,0,1,0,0,0,0,0,0,0,0,0,0.038528189063072205,0.02949640527367592,0.15864090621471405,0.037218108773231506,0.010418175719678402,0.020832346752285957,0.01142930705100298,0.035969603806734085,0.061429623514413834,0.04712431877851486,0.036425381898880005,0.05216614902019501
312,10.4,,,,insightface_bbox,0.6446459293365479,0.0,639.9642944335938,736.2559814453125,2494.224609375,0,0,1,0,0,0,0,0,0,0,0,0,0.04011249169707298,0.030969589948654175,0.17090168595314026,0.041087858378887177,0.01074640266597271,0.021315934136509895,0.011130381375551224,0.03746730834245682,0.061255522072315216,0.04565488174557686,0.039128340780735016,0.05416536331176758
313,10.433333333333334,,,,insightface_bbox,0.6446459293365479,0.0,639.9642944335938,736.2559814453125,2494.224609375,0,0,1,0,0,0,0,0,0,0,0,0,0.03903036564588547,0.030189238488674164,0.1835591346025467,0.04016093909740448,0.01061720959842205,0.021183449774980545,0.011761742644011974,0.03842071071267128,0.06135126203298569,0.04515611380338669,0.03803980350494385,0.05281298980116844
314,10.466666666666667,,,,insightface_bbox,0.6446459293365479,0.0,639.9642944335938,736.2559814453125,2494.224609375,0,0,0,0,0,0,0,0,0,0,0,0,0.040092822164297104,0.03154538571834564,0.16980670392513275,0.0426434762775898,0.011001517996191978,0.022284891456365585,0.012143006548285484,0.04141215980052948,0.06305176764726639,0.04677699878811836,0.0433824248611927,0.05663086473941803
315,10.5,,,,insightface_bbox,0.6446459293365479,0.0,639.9642944335938,736.2559814453125,2494.224609375,0,0,0,0,0,0,0,0,0,0,0,0,0.041329581290483475,0.03270264342427254,0.16343870759010315,0.04443167895078659,0.011090683750808239,0.022893104702234268,0.012018369510769844,0.04130449518561363,0.0624350868165493,0.04653071612119675,0.04611631855368614,0.058497484773397446
316,10.533333333333333,,,,insightface_bbox,0.6446459293365479,0.0,639.9642944335938,736.2559814453125,2494.224609375,0,0,0,0,0,0,0,0,0,0,0,0,0.04134213179349899,0.03280540555715561,0.15998704731464386,0.04528753086924553,0.01085415855050087,0.02261275053024292,0.011874383315443993,0.04145558178424835,0.06396657228469849,0.047133445739746094,0.04524068906903267,0.057316552847623825
317,10.566666666666666,,,,insightface_bbox,0.6446459293365479,0.0,639.9642944335938,736.2559814453125,2494.224609375,0,0,0,0,0,0,0,0,0,0,0,0,0.0404457226395607,0.03223893791437149,0.16499778628349304,0.04410700872540474,0.010798413306474686,0.022116299718618393,0.011852599680423737,0.04027651250362396,0.0630350261926651,0.046618301421403885,0.04275359585881233,0.055374875664711
318,10.6,,,,insightface_bbox,0.6248669028282166,0.0,631.6192016601562,744.210205078125,2518.147216796875,0,0,0,0,0,0,0,0,0,0,0,0,0.0387037955224514,0.030783437192440033,0.15533697605133057,0.04375359043478966,0.01015294436365366,0.020305132493376732,0.010611987672746181,0.03515372425317764,0.05734216794371605,0.042900994420051575,0.03295845910906792,0.04820437729358673
319,10.633333333333333,,,,insightface_bbox,0.6248669028282166,0.0,631.6192016601562,744.210205078125,2518.147216796875,0,0,0,0,0,0,0,0,0,0,0,0,0.0379452183842659,0.0305032916367054,0.14693008363246918,0.0437953844666481,0.010286319069564342,0.02014479599893093,0.010780817829072475,0.03450750187039375,0.05674609914422035,0.04272357001900673,0.03165992349386215,0.04722168669104576
320,10.666666666666666,,,,insightface_bbox,0.6248669028282166,0.0,631.6192016601562,744.210205078125,2518.147216796875,0,0,0,0,0,0,0,0,0,0,0,0,0.036476779729127884,0.029293525964021683,0.1320117861032486,0.04200243949890137,0.01044134609401226,0.019833259284496307,0.010977649129927158,0.0349423885345459,0.05688127130270004,0.043382346630096436,0.03149741142988205,0.04781390726566315
321,10.7,,,,insightface_bbox,0.6248669028282166,0.0,631.6192016601562,744.210205078125,2518.147216796875,0,0,0,0,0,0,0,0,0,0,0,0,0.037460654973983765,0.02994551882147789,0.13790583610534668,0.04392065480351448,0.010392219759523869,0.020270196720957756,0.011035227216780186,0.03549070656299591,0.05716809630393982,0.04360131174325943,0.03269091621041298,0.048912499099969864
322,10.733333333333333,,,,insightface_bbox,0.6248669028282166,0.0,631.6192016601562,744.210205078125,2518.147216796875,0,0,0,0,0,0,0,0,0,0,0,0,0.03783874586224556,0.03028884530067444,0.13958214223384857,0.04528815299272537,0.010329517535865307,0.020659251138567924,0.010544970631599426,0.03534528985619545,0.058281391859054565,0.04255874454975128,0.03478964418172836,0.04840134084224701
323,10.766666666666667,,,,insightface_bbox,0.6248669028282166,0.0,631.6192016601562,744.210205078125,2518.147216796875,0,0,0,0,0,0,0,0,0,0,0,0,0.0387791283428669,0.03107346221804619,0.15252631902694702,0.046249959617853165,0.010254649445414543,0.021030902862548828,0.010906537994742393,0.03658459708094597,0.0594765841960907,0.04298355430364609,0.03812700882554054,0.05006328970193863
324,10.8,,,,insightface_bbox,0.6256498694419861,0.0,632.5474243164062,740.748291015625,2548.786865234375,0,0,0,0,0,0,0,0,0,0,0,0,0.04774469882249832,0.034206606447696686,0.17374484241008759,0.04464786872267723,0.009808611124753952,0.022334668785333633,0.012287206947803497,0.04201012849807739,0.06986042857170105,0.050594404339790344,0.04358239471912384,0.05684088170528412
325,10.833333333333334,,,,insightface_bbox,0.6256498694419861,0.0,632.5474243164062,740.748291015625,2548.786865234375,0,0,1,0,0,0,0,0,0,0,0,0,0.050002872943878174,0.035256821662187576,0.1856253743171692,0.047115106135606766,0.010380038060247898,0.023163659498095512,0.012933878228068352,0.04275292903184891,0.06901997327804565,0.05159786343574524,0.04326195269823074,0.05840691179037094
326,10.866666666666667,,,,insightface_bbox,0.6256498694419861,0.0,632.5474243164062,740.748291015625,2548.786865234375,0,0,1,0,0,0,0,0,0,0,0,0,0.050459034740924835,0.036117952316999435,0.1911490261554718,0.049120910465717316,0.010359687730669975,0.023522473871707916,0.01312619261443615,0.04230165481567383,0.06945449113845825,0.05198594927787781,0.04543295502662659,0.05986550450325012
327,10.9,,,,insightface_bbox,0.6256498694419861,0.0,632.5474243164062,740.748291015625,2548.786865234375,0,0,0,0,0,0,0,0,0,0,0,0,0.05064608156681061,0.036134690046310425,0.18684175610542297,0.04915415495634079,0.010367972776293755,0.023346003144979477,0.012967163696885109,0.0425322949886322,0.06842124462127686,0.05113355070352554,0.04454689472913742,0.059064459055662155
328,10.933333333333334,,,,insightface_bbox,0.6256498694419861,0.0,632.5474243164062,740.748291015625,2548.786865234375,0,0,0,0,0,0,0,0,0,0,0,0,0.04982220008969307,0.03613662347197533,0.1807236522436142,0.05061066895723343,0.010603937320411205,0.023971419781446457,0.013173967599868774,0.04467592015862465,0.07255198806524277,0.05247144401073456,0.0475904643535614,0.06134224683046341
329,10.966666666666667,,,,insightface_bbox,0.6256498694419861,0.0,632.5474243164062,740.748291015625,2548.786865234375,0,0,0,0,0,0,0,0,0,0,0,0,0.05255497246980667,0.03839201480150223,0.19571197032928467,0.05455245077610016,0.011232596822082996,0.025309210643172264,0.0142243392765522,0.04425421357154846,0.07266406714916229,0.05197116732597351,0.052136123180389404,0.06526156514883041
330,11.0,,,,insightface_bbox,0.6449627876281738,0.0,643.1192016601562,731.7701416015625,2492.934326171875,0,0,1,0,0,0,0,0,0,0,0,0,0.040561243891716,0.027858659625053406,0.1606905311346054,0.032575733959674835,0.009221232496201992,0.021794438362121582,0.012110749259591103,0.04026632010936737,0.07058713585138321,0.05064171180129051,0.04109424352645874,0.05251684784889221
331,11.033333333333333,,,,insightface_bbox,0.6449627876281738,0.0,643.1192016601562,731.7701416015625,2492.934326171875,0,0,0,0,0,0,0,0,0,0,0,0,0.04052475094795227,0.02803734689950943,0.15987859666347504,0.033292435109615326,0.009107350371778011,0.02191924676299095,0.011716865934431553,0.03976280987262726,0.06956122815608978,0.049361441284418106,0.04127094894647598,0.05123022198677063
332,11.066666666666666,,,,insightface_bbox,0.6449627876281738,0.0,643.1192016601562,731.7701416015625,2492.934326171875,0,0,0,0,0,0,0,0,0,0,0,0,0.03877045214176178,0.02682686038315296,0.15518860518932343,0.03111126832664013,0.008968772366642952,0.02146763540804386,0.01135229505598545,0.03951102867722511,0.06850364804267883,0.04858423396945,0.040599897503852844,0.04993137717247009
333,11.1,,,,insightface_bbox,0.6449627876281738,0.0,643.1192016601562,731.7701416015625,2492.934326171875,0,0,0,0,0,0,0,0,0,0,0,0,0.03698804974555969,0.02597138285636902,0.14952582120895386,0.02973301149904728,0.008711222559213638,0.021053455770015717,0.010865354910492897,0.03908639773726463,0.06910071521997452,0.04890129715204239,0.040988482534885406,0.049654118716716766
334,11.133333333333333,,,,insightface_bbox,0.6449627876281738,0.0,643.1192016601562,731.7701416015625,2492.934326171875,0,0,0,0,0,0,0,0,0,0,0,0,0.03684628754854202,0.02567809261381626,0.15028633177280426,0.02988521382212639,0.008620941080152988,0.020638620480895042,0.010720979422330856,0.03789174556732178,0.06997212767601013,0.04888167604804039,0.03976181149482727,0.04912253096699715
335,11.166666666666666,,,,insightface_bbox,0.6449627876281738,0.0,643.1192016601562,731.7701416015625,2492.934326171875,0,0,1,0,0,0,0,0,0,0,0,0,0.036871686577796936,0.025964604690670967,0.15447142720222473,0.030419856309890747,0.008350828662514687,0.020316388458013535,0.010401817038655281,0.03661249205470085,0.06928855180740356,0.04792613536119461,0.04119262099266052,0.04946231469511986
336,11.2,,,,insightface_bbox,0.6749825477600098,0.0,656.177978515625,713.6336059570312,2439.3935546875,0,0,1,0,0,0,0,0,0,0,0,0,0.035873621702194214,0.02439768612384796,0.17445026338100433,0.026219628751277924,0.008380693383514881,0.01962682045996189,0.009013312868773937,0.03523779660463333,0.0666913166642189,0.04401308298110962,0.046810001134872437,0.04658420383930206
337,11.233333333333333,,,,insightface_bbox,0.6749825477600098,0.0,656.177978515625,713.6336059570312,2439.3935546875,0,0,1,0,0,0,0,0,0,0,0,0,0.03766601160168648,0.025254515931010246,0.19416503608226776,0.026850052177906036,0.008710633963346481,0.020131178200244904,0.00923593807965517,0.035947900265455246,0.06721534579992294,0.043631620705127716,0.04876954108476639,0.04742870107293129
338,11.266666666666667,,,,insightface_bbox,0.6749825477600098,0.0,656.177978515625,713.6336059570312,2439.3935546875,0,0,1,0,0,0,0,0,0,0,0,0,0.03796219080686569,0.025318820029497147,0.19106462597846985,0.027049336582422256,0.008736138232052326,0.02045561373233795,0.009314637631177902,0.03654776141047478,0.06749794632196426,0.04437652975320816,0.04985928162932396,0.04821673408150673
339,11.3,,,,insightface_bbox,0.6749825477600098,0.0,656.177978515625,713.6336059570312,2439.3935546875,0,0,1,0,0,0,0,0,0,0,0,0,0.03713277727365494,0.024902189150452614,0.18390722572803497,0.026790685951709747,0.00857181940227747,0.02049502171576023,0.009300938807427883,0.03587017580866814,0.06590789556503296,0.04424877464771271,0.049554333090782166,0.04848554730415344
340,11.333333333333334,,,,insightface_bbox,0.6749825477600098,0.0,656.177978515625,713.6336059570312,2439.3935546875,0,0,1,0,0,0,0,0,0,0,0,0,0.03744621202349663,0.02520209178328514,0.18081872165203094,0.02789534255862236,0.008691143244504929,0.02101210691034794,0.009786556474864483,0.03722390532493591,0.06741224974393845,0.045661136507987976,0.052421823143959045,0.050792522728443146
341,11.366666666666667,,,,insightface_bbox,0.6749825477600098,0.0,656.177978515625,713.6336059570312,2439.3935546875,0,0,1,0,0,0,0,0,0,0,0,0,0.0378163680434227,0.025568706914782524,0.1746600866317749,0.028185276314616203,0.008757350966334343,0.02128954604268074,0.009848306886851788,0.03744056075811386,0.0669160932302475,0.04545028507709503,0.05196581780910492,0.05091281980276108
342,11.4,,,,insightface_bbox,0.6602771282196045,0.0,659.00732421875,729.6401977539062,2473.4853515625,0,0,0,0,0,0,0,0,0,0,0,0,0.04139798879623413,0.028612801805138588,0.1557566523551941,0.034976039081811905,0.009128772653639317,0.021455563604831696,0.01159131433814764,0.03871231526136398,0.07182744145393372,0.05008447542786598,0.04270632565021515,0.05350795015692711
343,11.433333333333334,,,,insightface_bbox,0.6602771282196045,0.0,659.00732421875,729.6401977539062,2473.4853515625,0,0,0,0,0,0,0,0,0,0,0,0,0.04197099059820175,0.029001839458942413,0.1622774302959442,0.03522326797246933,0.009414518252015114,0.022043388336896896,0.012273870408535004,0.03991696983575821,0.07426830381155014,0.05194561928510666,0.043843891471624374,0.05526353418827057
344,11.466666666666667,,,,insightface_bbox,0.6602771282196045,0.0,659.00732421875,729.6401977539062,2473.4853515625,0,0,0,0,0,0,0,0,0,0,0,0,0.041902922093868256,0.02853272669017315,0.16020730137825012,0.03307104483246803,0.00911983847618103,0.021874960511922836,0.012007974088191986,0.03960290923714638,0.07146547734737396,0.05006158724427223,0.04311878979206085,0.05234259366989136
345,11.5,,,,insightface_bbox,0.6602771282196045,0.0,659.00732421875,729.6401977539062,2473.4853515625,0,0,1,0,0,0,0,0,0,0,0,0,0.04297049343585968,0.028804387897253036,0.16991837322711945,0.03316111117601395,0.00924711488187313,0.022206038236618042,0.012307053431868553,0.04069608077406883,0.07223335653543472,0.05047038942575455,0.04423002153635025,0.05294548347592354
346,11.533333333333333,,,,insightface_bbox,0.6602771282196045,0.0,659.00732421875,729.6401977539062,2473.4853515625,0,0,1,0,0,0,0,0,0,0,0,0,0.04325459152460098,0.029058868065476418,0.16954167187213898,0.033913180232048035,0.009176861494779587,0.022480392828583717,0.012558666057884693,0.040533509105443954,0.07340637594461441,0.05150318145751953,0.04504425451159477,0.05378624051809311
