frame_idx,frame_time_in_ms,pitch,yaw,roll,face_alignment_method,face_detection_score,face_bbox_xmin,face_bbox_ymin,face_bbox_xmax,face_bbox_ymax,au_1,au_2,au_4,au_6,au_7,au_10,au_12,au_14,au_15,au_17,au_23,au_24,au_1_intensity,au_2_intensity,au_4_intensity,au_5_intensity,au_6_intensity,au_9_intensity,au_12_intensity,au_15_intensity,au_17_intensity,au_20_intensity,au_25_intensity,au_26_intensity
0,0.0,,,,insightface_bbox,0.6958085298538208,0.0,700.5390014648438,670.9957885742188,2368.993408203125,1,0,1,0,0,0,0,0,0,1,0,0,0.056920625269412994,0.027249528095126152,0.6457000970840454,0.022931985557079315,0.00621286453679204,0.015866482630372047,0.005709707736968994,0.029703952372074127,0.058785468339920044,0.0444699265062809,0.01226537860929966,0.03167591989040375
1,0.03333333333333333,,,,insightface_bbox,0.6958085298538208,0.0,700.5390014648438,670.9957885742188,2368.993408203125,0,0,1,0,0,0,0,0,0,1,0,0,0.04950806125998497,0.029236234724521637,0.646682858467102,0.027817830443382263,0.00843097921460867,0.019751738756895065,0.008185554295778275,0.03097132034599781,0.0630856454372406,0.04169006645679474,0.04018031805753708,0.04247532784938812
2,0.06666666666666667,,,,insightface_bbox,0.6958085298538208,0.0,700.5390014648438,670.9957885742188,2368.993408203125,0,0,1,0,0,0,0,0,0,0,0,0,0.05249762535095215,0.03309948742389679,0.5222200751304626,0.03421056270599365,0.011973506771028042,0.02482784166932106,0.012197917327284813,0.041831985116004944,0.06993722915649414,0.049838196486234665,0.05691641569137573,0.05521586537361145
3,0.1,,,,insightface_bbox,0.6958085298538208,0.0,700.5390014648438,670.9957885742188,2368.993408203125,0,0,1,0,0,0,0,0,0,1,0,0,0.05292395502328873,0.03387312963604927,0.5647143125534058,0.034931667149066925,0.013447113335132599,0.02675778418779373,0.014174336567521095,0.043742984533309937,0.07263682037591934,0.05130575969815254,0.066660575568676,0.05874364823102951
4,0.13333333333333333,,,,insightface_bbox,0.6958085298538208,0.0,700.5390014648438,670.9957885742188,2368.993408203125,0,0,1,0,0,0,0,0,0,1,0,0,0.051749616861343384,0.033442530781030655,0.598533570766449,0.03536755591630936,0.014002930372953415,0.027280636131763458,0.01439476478844881,0.04398197680711746,0.07279328256845474,0.05140551179647446,0.0741211548447609,0.06137944012880325
5,0.16666666666666666,,,,insightface_bbox,0.6958085298538208,0.0,700.5390014648438,670.9957885742188,2368.993408203125,0,0,1,0,0,0,0,0,0,0,0,0,0.05280575901269913,0.033755168318748474,0.5997113585472107,0.03615850955247879,0.014946418814361095,0.02903720550239086,0.015759464353322983,0.04464109241962433,0.07413598895072937,0.05286518856883049,0.07809319347143173,0.06377897411584854
6,0.2,,,,insightface_bbox,0.6923612952232361,0.0,687.8172607421875,677.5089111328125,2381.79443359375,0,0,1,0,0,0,0,0,0,0,0,0,0.04180414602160454,0.03102276287972927,0.5070163011550903,0.03397870808839798,0.014247352257370949,0.028568003326654434,0.014878431335091591,0.04621566832065582,0.0772157609462738,0.05350426584482193,0.0849124938249588,0.07497695088386536
7,0.23333333333333334,,,,insightface_bbox,0.6923612952232361,0.0,687.8172607421875,677.5089111328125,2381.79443359375,0,0,1,0,0,0,0,0,0,0,0,0,0.040759243071079254,0.030637579038739204,0.4391030967235565,0.034572750329971313,0.013935582712292671,0.02904919907450676,0.015173024497926235,0.04545921832323074,0.07231275737285614,0.05377018451690674,0.0898783802986145,0.07488304376602173
8,0.26666666666666666,,,,insightface_bbox,0.6923612952232361,0.0,687.8172607421875,677.5089111328125,2381.79443359375,0,0,1,0,0,0,0,0,0,0,0,0,0.040965791791677475,0.030671238899230957,0.4220922589302063,0.03500770032405853,0.013860177248716354,0.02885640412569046,0.015180028975009918,0.04601335525512695,0.07207313925027847,0.05470139533281326,0.08987417817115784,0.07630179822444916
9,0.3,,,,insightface_bbox,0.6923612952232361,0.0,687.8172607421875,677.5089111328125,2381.79443359375,0,0,1,0,0,0,0,0,0,0,0,0,0.04223362356424332,0.03144630417227745,0.43502065539360046,0.035994626581668854,0.014346177689731121,0.029199250042438507,0.016337184235453606,0.045873526483774185,0.07064543664455414,0.05458439141511917,0.09292103350162506,0.0780458077788353
10,0.3333333333333333,,,,insightface_bbox,0.6923612952232361,0.0,687.8172607421875,677.5089111328125,2381.79443359375,0,0,1,0,0,0,0,0,0,0,0,0,0.04352670535445213,0.03221217542886734,0.459122896194458,0.03716312348842621,0.014887494035065174,0.030022744089365005,0.01748104766011238,0.04606201872229576,0.07144016027450562,0.05445251241326332,0.09795865416526794,0.08175837993621826
11,0.36666666666666664,,,,insightface_bbox,0.6923612952232361,0.0,687.8172607421875,677.5089111328125,2381.79443359375,0,0,1,0,0,0,0,0,0,0,0,0,0.044195353984832764,0.0323440358042717,0.4614347517490387,0.03740717098116875,0.015079349279403687,0.030329152941703796,0.018135789781808853,0.04679368436336517,0.07156311720609665,0.055082112550735474,0.10081823915243149,0.08465539664030075
12,0.4,,,,insightface_bbox,0.6902583837509155,0.0,651.3307495117188,686.6097412109375,2383.54638671875,0,0,1,0,0,0,0,0,0,0,0,0,0.044427160173654556,0.03303736448287964,0.4384213984012604,0.039065323770046234,0.014438295736908913,0.029581919312477112,0.01810077205300331,0.044043589383363724,0.0690164715051651,0.053100451827049255,0.10791125893592834,0.08587537705898285
13,0.43333333333333335,,,,insightface_bbox,0.6902583837509155,0.0,651.3307495117188,686.6097412109375,2383.54638671875,0,0,1,0,0,0,0,0,0,0,0,0,0.04164910316467285,0.031380485743284225,0.39267414808273315,0.03653454780578613,0.013642086647450924,0.02778802067041397,0.016021141782402992,0.04350099712610245,0.0677453875541687,0.0515575036406517,0.09414245188236237,0.0796557366847992
14,0.4666666666666667,,,,insightface_bbox,0.6902583837509155,0.0,651.3307495117188,686.6097412109375,2383.54638671875,0,0,1,0,0,0,0,0,0,0,0,0,0.04153803363442421,0.03146491199731827,0.3777160942554474,0.03624243289232254,0.013714853674173355,0.02779490128159523,0.015455497428774834,0.04362846165895462,0.06955868005752563,0.05179479345679283,0.09243183583021164,0.07818252593278885
15,0.5,,,,insightface_bbox,0.6902583837509155,0.0,651.3307495117188,686.6097412109375,2383.54638671875,0,0,1,0,0,0,0,0,0,0,0,0,0.04169933497905731,0.03162364289164543,0.37294209003448486,0.03640042245388031,0.013770544901490211,0.027904881164431572,0.015483954921364784,0.044632911682128906,0.07027579843997955,0.0522594228386879,0.08946887403726578,0.07921148836612701
16,0.5333333333333333,,,,insightface_bbox,0.6902583837509155,0.0,651.3307495117188,686.6097412109375,2383.54638671875,0,0,1,0,0,0,0,0,0,0,0,0,0.042357709258794785,0.03207334131002426,0.36762890219688416,0.037263479083776474,0.01397953275591135,0.028330553323030472,0.015765586867928505,0.04555363208055496,0.07077610492706299,0.05306378751993179,0.09043269604444504,0.0803099274635315
17,0.5666666666666667,,,,insightface_bbox,0.6902583837509155,0.0,651.3307495117188,686.6097412109375,2383.54638671875,0,0,1,0,0,0,0,0,0,0,0,0,0.042111217975616455,0.03185088559985161,0.37267062067985535,0.03671279549598694,0.014277705922722816,0.028340669348835945,0.01581268198788166,0.045258522033691406,0.07114331424236298,0.05321809649467468,0.09084887057542801,0.08017857372760773
18,0.6,,,,insightface_bbox,0.7015348076820374,0.0,665.5601806640625,688.4671020507812,2392.873779296875,0,0,1,0,0,0,0,0,0,0,0,0,0.04190745949745178,0.031243672594428062,0.4451742470264435,0.03491680324077606,0.01470209937542677,0.02902006357908249,0.01610380783677101,0.04420475661754608,0.07145855575799942,0.05222668871283531,0.09000995755195618,0.07448209077119827
19,0.6333333333333333,,,,insightface_bbox,0.7015348076820374,0.0,665.5601806640625,688.4671020507812,2392.873779296875,0,0,1,0,0,0,0,0,0,0,0,0,0.04411820322275162,0.032037921249866486,0.4308881163597107,0.036503762006759644,0.015757299959659576,0.030715007334947586,0.018060268834233284,0.04592381417751312,0.07450564205646515,0.05455925315618515,0.09170179069042206,0.07779445499181747
20,0.6666666666666666,,,,insightface_bbox,0.7015348076820374,0.0,665.5601806640625,688.4671020507812,2392.873779296875,0,0,1,0,0,0,0,0,0,0,0,0,0.04441242665052414,0.031880445778369904,0.4271773099899292,0.036244697868824005,0.01564452424645424,0.030439460650086403,0.017646556720137596,0.04524112120270729,0.07433874160051346,0.05378507450222969,0.09229046106338501,0.07747531682252884
21,0.7,,,,insightface_bbox,0.7015348076820374,0.0,665.5601806640625,688.4671020507812,2392.873779296875,0,0,1,0,0,0,0,0,0,0,0,0,0.0436861626803875,0.03173435479402542,0.42555904388427734,0.03634119778871536,0.015508588403463364,0.030015872791409492,0.01749543286859989,0.04416942223906517,0.07209596782922745,0.05240090563893318,0.09420382976531982,0.07734354585409164
22,0.7333333333333333,,,,insightface_bbox,0.7015348076820374,0.0,665.5601806640625,688.4671020507812,2392.873779296875,0,0,1,0,0,0,0,0,0,0,0,0,0.04360737279057503,0.03177481144666672,0.41811153292655945,0.036450356245040894,0.015385586768388748,0.029724854975938797,0.017523327842354774,0.04450885206460953,0.0717398151755333,0.05254653841257095,0.0953361764550209,0.07815581560134888
23,0.7666666666666667,,,,insightface_bbox,0.7015348076820374,0.0,665.5601806640625,688.4671020507812,2392.873779296875,0,0,1,0,0,0,0,0,0,0,0,0,0.043940652161836624,0.031910642981529236,0.4124371409416199,0.03635735437273979,0.015363060869276524,0.029956279322504997,0.017866725102066994,0.04509947821497917,0.07296156138181686,0.05350290238857269,0.09662877768278122,0.08016367256641388
24,0.8,,,,insightface_bbox,0.6934530735015869,0.0,649.3328857421875,685.1084594726562,2391.037841796875,0,0,1,0,0,0,0,0,0,0,0,0,0.04331343248486519,0.03236835077404976,0.36784857511520386,0.03819441795349121,0.01439652405679226,0.028787851333618164,0.017243362963199615,0.04334516450762749,0.06828948110342026,0.05144538730382919,0.09778105467557907,0.08259721845388412
25,0.8333333333333334,,,,insightface_bbox,0.6934530735015869,0.0,649.3328857421875,685.1084594726562,2391.037841796875,0,0,1,0,0,0,0,0,0,0,0,0,0.04293231666088104,0.03192796930670738,0.35838377475738525,0.03783172369003296,0.014433163218200207,0.028937796130776405,0.01772654429078102,0.04389770328998566,0.06793749332427979,0.051323991268873215,0.10076196491718292,0.08420680463314056
26,0.8666666666666667,,,,insightface_bbox,0.6934530735015869,0.0,649.3328857421875,685.1084594726562,2391.037841796875,0,0,1,0,0,0,0,0,0,0,0,0,0.04364123195409775,0.03216259926557541,0.35711053013801575,0.03788258507847786,0.014762460254132748,0.02960517816245556,0.018950652331113815,0.04529596120119095,0.0689053013920784,0.052442509680986404,0.10354968905448914,0.08549211919307709
27,0.9,,,,insightface_bbox,0.6934530735015869,0.0,649.3328857421875,685.1084594726562,2391.037841796875,0,0,1,0,0,0,0,0,0,0,0,0,0.043750036507844925,0.032517511397600174,0.3630760908126831,0.03876418247818947,0.014676609076559544,0.029723048210144043,0.019175302237272263,0.04521867632865906,0.06868704408407211,0.05245644599199295,0.10873463749885559,0.08901673555374146
28,0.9333333333333333,,,,insightface_bbox,0.6934530735015869,0.0,649.3328857421875,685.1084594726562,2391.037841796875,0,0,1,0,0,0,0,0,0,0,0,0,0.04323631525039673,0.03223993256688118,0.3748328685760498,0.03846602141857147,0.014583929441869259,0.02947317622601986,0.019443824887275696,0.044968754053115845,0.06844384968280792,0.052219223231077194,0.10806983709335327,0.08773460239171982
29,0.9666666666666667,,,,insightface_bbox,0.6934530735015869,0.0,649.3328857421875,685.1084594726562,2391.037841796875,0,0,1,0,0,0,0,0,0,0,0,0,0.04322141781449318,0.032324355095624924,0.37330687046051025,0.03853238373994827,0.014606417156755924,0.029538927599787712,0.019105693325400352,0.04471892490983009,0.06756027787923813,0.05171770602464676,0.10725841671228409,0.08696763962507248
30,1.0,,,,insightface_bbox,0.7021306157112122,0.0,685.5509643554688,687.5908813476562,2385.747802734375,0,0,1,0,0,0,0,0,0,0,0,0,0.043489910662174225,0.032117195427417755,0.33286190032958984,0.038445111364126205,0.014928502961993217,0.029372256249189377,0.01856352388858795,0.044617243111133575,0.06593968719244003,0.0497484914958477,0.10252218693494797,0.0845375806093216
31,1.0333333333333334,,,,insightface_bbox,0.7021306157112122,0.0,685.5509643554688,687.5908813476562,2385.747802734375,0,0,1,0,0,0,0,0,0,0,0,0,0.0432693175971508,0.03213341906666756,0.32549354434013367,0.03746964782476425,0.015236111357808113,0.029458457604050636,0.019069254398345947,0.045347146689891815,0.06683558225631714,0.050333667546510696,0.10195843130350113,0.08344601839780807
32,1.0666666666666667,,,,insightface_bbox,0.7021306157112122,0.0,685.5509643554688,687.5908813476562,2385.747802734375,0,0,1,0,0,0,0,0,0,0,0,0,0.043580129742622375,0.03231979161500931,0.32256871461868286,0.037458814680576324,0.015276121906936169,0.029733959585428238,0.018950587138533592,0.04567065089941025,0.06710514426231384,0.050717130303382874,0.1042092964053154,0.08477985858917236
33,1.1,,,,insightface_bbox,0.7021306157112122,0.0,685.5509643554688,687.5908813476562,2385.747802734375,0,0,1,0,0,0,0,0,0,0,0,0,0.04254676029086113,0.031570520251989365,0.3090168535709381,0.03609517961740494,0.014968078583478928,0.029003528878092766,0.01826542615890503,0.04462317004799843,0.06546365469694138,0.04897436127066612,0.10153648257255554,0.08160565048456192
34,1.1333333333333333,,,,insightface_bbox,0.7021306157112122,0.0,685.5509643554688,687.5908813476562,2385.747802734375,0,0,1,0,0,0,0,0,0,0,0,0,0.04296037554740906,0.031793635338544846,0.3115938901901245,0.03610493987798691,0.015040758065879345,0.029202448204159737,0.018277015537023544,0.04558698087930679,0.06731610000133514,0.04986175149679184,0.10596919804811478,0.08554956316947937
35,1.1666666666666667,,,,insightface_bbox,0.7021306157112122,0.0,685.5509643554688,687.5908813476562,2385.747802734375,0,0,1,0,0,0,0,0,0,0,0,0,0.04279879480600357,0.03166331350803375,0.30727899074554443,0.03584270924329758,0.014875452034175396,0.029033299535512924,0.01815984584391117,0.04529322683811188,0.06690870225429535,0.04983433336019516,0.103174589574337,0.08364402502775192
36,1.2,,,,insightface_bbox,0.693965494632721,0.0,676.45263671875,689.4789428710938,2414.318359375,0,0,1,0,0,0,0,0,0,0,0,0,0.043694816529750824,0.03214873746037483,0.3130921423435211,0.037455905228853226,0.014679476618766785,0.029457923024892807,0.017656201496720314,0.04501882568001747,0.06853977590799332,0.05090128630399704,0.10430862009525299,0.0866350382566452
37,1.2333333333333334,,,,insightface_bbox,0.693965494632721,0.0,676.45263671875,689.4789428710938,2414.318359375,0,0,1,0,0,0,0,0,0,0,0,0,0.042868372052907944,0.03151833266019821,0.29951515793800354,0.03607838600873947,0.0146946357563138,0.029309723526239395,0.017403116449713707,0.0438963957130909,0.06839367747306824,0.049222737550735474,0.10193590819835663,0.08550730347633362
38,1.2666666666666666,,,,insightface_bbox,0.693965494632721,0.0,676.45263671875,689.4789428710938,2414.318359375,0,0,1,0,0,0,0,0,0,0,0,0,0.04144938662648201,0.03064354695379734,0.27874910831451416,0.03502408787608147,0.014826721511781216,0.028759602457284927,0.01752576045691967,0.04462186247110367,0.06960968673229218,0.04957897588610649,0.10171432793140411,0.0867098718881607
39,1.3,,,,insightface_bbox,0.693965494632721,0.0,676.45263671875,689.4789428710938,2414.318359375,0,0,1,0,0,0,0,0,0,0,0,0,0.040963076055049896,0.030416760593652725,0.27479079365730286,0.03457383066415787,0.014599011279642582,0.028409160673618317,0.017313670367002487,0.043920159339904785,0.06913100183010101,0.04950251430273056,0.0987563207745552,0.08456841856241226
40,1.3333333333333333,,,,insightface_bbox,0.693965494632721,0.0,676.45263671875,689.4789428710938,2414.318359375,0,0,1,0,0,0,0,0,0,0,0,0,0.0408211313188076,0.030548613518476486,0.276475191116333,0.035162948071956635,0.01458784006536007,0.028564415872097015,0.017188958823680878,0.043885257095098495,0.06870187819004059,0.0494966059923172,0.1000017374753952,0.08626484125852585
41,1.3666666666666667,,,,insightface_bbox,0.693965494632721,0.0,676.45263671875,689.4789428710938,2414.318359375,0,0,1,0,0,0,0,0,0,0,0,0,0.04159751534461975,0.030995294451713562,0.2838560938835144,0.03566129878163338,0.014877022244036198,0.029243716970086098,0.017327241599559784,0.04462055489420891,0.06965579092502594,0.05012347921729088,0.1006602793931961,0.08707067370414734
42,1.4,,,,insightface_bbox,0.6526445150375366,0.0,645.0760498046875,702.9786376953125,2402.318359375,0,0,1,0,0,0,0,0,0,0,0,0,0.04605531319975853,0.03561375290155411,0.3163510262966156,0.0487603023648262,0.01615368388593197,0.03003584034740925,0.0183394942432642,0.04659796133637428,0.07097150385379791,0.05158145725727081,0.0739598348736763,0.08663490414619446
43,1.4333333333333333,,,,insightface_bbox,0.6526445150375366,0.0,645.0760498046875,702.9786376953125,2402.318359375,0,0,1,0,0,0,0,0,0,0,0,0,0.046459682285785675,0.03658849373459816,0.3224293887615204,0.051127925515174866,0.01602320559322834,0.03114001639187336,0.018863102421164513,0.047935932874679565,0.07250221073627472,0.052351389080286026,0.0825766921043396,0.09160026162862778
44,1.4666666666666666,,,,insightface_bbox,0.6526445150375366,0.0,645.0760498046875,702.9786376953125,2402.318359375,0,0,1,0,0,0,0,0,0,0,0,0,0.046444106847047806,0.03675610572099686,0.3355509042739868,0.0523635670542717,0.016081763431429863,0.032217882573604584,0.019950849935412407,0.048704758286476135,0.0744110643863678,0.05330793187022209,0.09034573286771774,0.09426616877317429
45,1.5,,,,insightface_bbox,0.6526445150375366,0.0,645.0760498046875,702.9786376953125,2402.318359375,0,0,1,0,0,0,0,0,0,0,0,0,0.04613721743226051,0.037013787776231766,0.33090367913246155,0.05394473671913147,0.01600089855492115,0.031974777579307556,0.01968543976545334,0.04875431954860687,0.07372089475393295,0.05360473692417145,0.08760559558868408,0.09388309717178345
46,1.5333333333333334,,,,insightface_bbox,0.6526445150375366,0.0,645.0760498046875,702.9786376953125,2402.318359375,0,0,1,0,0,0,0,0,0,0,0,0,0.046609051525592804,0.03768502175807953,0.3107338845729828,0.05555395409464836,0.01592232845723629,0.03168678656220436,0.019394513219594955,0.04912983626127243,0.07354294508695602,0.054717645049095154,0.08411076664924622,0.09305588901042938
47,1.5666666666666667,,,,insightface_bbox,0.6526445150375366,0.0,645.0760498046875,702.9786376953125,2402.318359375,0,0,1,0,0,0,0,0,0,0,0,0,0.045720092952251434,0.03669936582446098,0.2896929383277893,0.05336832255125046,0.015907887369394302,0.030652901157736778,0.01916208118200302,0.04918031767010689,0.07307793200016022,0.055502187460660934,0.0800170823931694,0.09089580923318863
48,1.6,,,,insightface_bbox,0.6859533786773682,0.0,674.2391967773438,695.4024047851562,2397.578125,0,0,1,0,0,0,0,0,0,0,0,0,0.0455685518682003,0.03543166443705559,0.3048810660839081,0.04698072001338005,0.015155499801039696,0.030432550236582756,0.017334243282675743,0.04651513323187828,0.06987868994474411,0.05224568769335747,0.09801402688026428,0.09578800201416016
49,1.6333333333333333,,,,insightface_bbox,0.6859533786773682,0.0,674.2391967773438,695.4024047851562,2397.578125,0,0,1,0,0,0,0,0,0,0,0,0,0.04605192318558693,0.03563208505511284,0.31293347477912903,0.048009566962718964,0.015051458962261677,0.030269786715507507,0.01723872497677803,0.04635876417160034,0.06892406940460205,0.0522778257727623,0.09961825609207153,0.09676039218902588
50,1.6666666666666667,,,,insightface_bbox,0.6859533786773682,0.0,674.2391967773438,695.4024047851562,2397.578125,0,0,1,0,0,0,0,0,0,0,0,0,0.048092909157276154,0.037708036601543427,0.3398183286190033,0.05357356369495392,0.014998430386185646,0.030901417136192322,0.01708400994539261,0.04510987922549248,0.06927555054426193,0.05149424076080322,0.09899415820837021,0.0980028510093689
51,1.7,,,,insightface_bbox,0.6859533786773682,0.0,674.2391967773438,695.4024047851562,2397.578125,0,0,1,0,0,0,0,0,0,0,0,0,0.04666188359260559,0.0363919623196125,0.31655940413475037,0.04997292906045914,0.01497998833656311,0.03033430129289627,0.017142845317721367,0.046400465071201324,0.0692153126001358,0.05238918960094452,0.09740865230560303,0.09606532007455826
52,1.7333333333333334,,,,insightface_bbox,0.6859533786773682,0.0,674.2391967773438,695.4024047851562,2397.578125,0,0,1,0,0,0,0,0,0,0,0,0,0.04526814818382263,0.03482888638973236,0.3024754524230957,0.04610159248113632,0.015009814873337746,0.02938048727810383,0.017358310520648956,0.046139225363731384,0.06779397279024124,0.0511673167347908,0.09290456771850586,0.09151250869035721
53,1.7666666666666666,,,,insightface_bbox,0.6859533786773682,0.0,674.2391967773438,695.4024047851562,2397.578125,0,0,1,0,0,0,0,0,0,0,0,0,0.04487190768122673,0.034641169011592865,0.2865111529827118,0.0455641970038414,0.014870142564177513,0.028851060196757317,0.016758335754275322,0.04561266303062439,0.06694301217794418,0.05080347880721092,0.08720322698354721,0.08873879164457321
54,1.8,,,,insightface_bbox,0.6700577139854431,0.0,647.3510131835938,713.4869995117188,2417.882568359375,0,0,1,0,0,0,0,0,0,0,0,0,0.0454060435295105,0.035008613020181656,0.2731262445449829,0.0449184775352478,0.0140048423781991,0.028454968705773354,0.015735311433672905,0.044289134442806244,0.06500520557165146,0.04966821148991585,0.0913938581943512,0.0903562381863594
55,1.8333333333333333,,,,insightface_bbox,0.6700577139854431,0.0,647.3510131835938,713.4869995117188,2417.882568359375,0,0,1,0,0,0,0,0,0,0,0,0,0.045289523899555206,0.03547530248761177,0.267726331949234,0.046671513468027115,0.01421346701681614,0.028826406225562096,0.016060618683695793,0.045117296278476715,0.06557672470808029,0.0500849224627018,0.09347856789827347,0.09290236234664917
56,1.8666666666666667,,,,insightface_bbox,0.6700577139854431,0.0,647.3510131835938,713.4869995117188,2417.882568359375,0,0,1,0,0,0,0,0,0,0,0,0,0.05143642798066139,0.041027214378118515,0.32278162240982056,0.060778237879276276,0.014964955858886242,0.03243882581591606,0.0170290544629097,0.04668353125452995,0.07124431431293488,0.05311375856399536,0.11369292438030243,0.11083818972110748
57,1.9,,,,insightface_bbox,0.6700577139854431,0.0,647.3510131835938,713.4869995117188,2417.882568359375,0,0,1,0,0,0,0,0,0,0,0,0,0.05184834450483322,0.04156455770134926,0.33413824439048767,0.061843037605285645,0.01490484457463026,0.032763104885816574,0.017186671495437622,0.0461837574839592,0.07299770414829254,0.05266403779387474,0.11462412774562836,0.11269301176071167
58,1.9333333333333333,,,,insightface_bbox,0.6700577139854431,0.0,647.3510131835938,713.4869995117188,2417.882568359375,0,0,1,0,0,0,0,0,0,0,0,0,0.05007950961589813,0.040297698229551315,0.33496931195259094,0.0588531456887722,0.014793001115322113,0.03267757222056389,0.016674434766173363,0.04571309685707092,0.07166703045368195,0.05124133825302124,0.11443299055099487,0.10986018925905228
59,1.9666666666666666,,,,insightface_bbox,0.6700577139854431,0.0,647.3510131835938,713.4869995117188,2417.882568359375,0,0,1,0,0,0,0,0,0,0,0,0,0.046700406819581985,0.037074122577905655,0.3256627321243286,0.05126436799764633,0.014871733263134956,0.032440781593322754,0.017312081530690193,0.04599651321768761,0.0717175081372261,0.050516434013843536,0.10416515171527863,0.09810540825128555
60,2.0,,,,insightface_bbox,0.6814300417900085,0.0,671.6069946289062,699.9213256835938,2402.8984375,0,0,1,0,0,0,0,0,0,0,0,0,0.04931790381669998,0.03886237367987633,0.3585418462753296,0.056397683918476105,0.01527756080031395,0.032866209745407104,0.017547382041811943,0.04616235941648483,0.07246726751327515,0.05052090063691139,0.112605981528759,0.10612088441848755
61,2.033333333333333,,,,insightface_bbox,0.6814300417900085,0.0,671.6069946289062,699.9213256835938,2402.8984375,0,0,1,0,0,0,0,0,0,0,0,0,0.04743114486336708,0.03699629008769989,0.33566272258758545,0.05222473666071892,0.014638222754001617,0.031181035563349724,0.016776591539382935,0.04437103122472763,0.07128478586673737,0.04939962923526764,0.10115254670381546,0.0973396748304367
62,2.066666666666667,,,,insightface_bbox,0.6814300417900085,0.0,671.6069946289062,699.9213256835938,2402.8984375,0,0,1,0,0,0,0,0,0,0,0,0,0.04713787883520126,0.036931999027729034,0.340309739112854,0.05207689478993416,0.014894120395183563,0.03174509108066559,0.016904538497328758,0.04521436616778374,0.07154526561498642,0.049596793949604034,0.1031065359711647,0.09844423830509186
63,2.1,,,,insightface_bbox,0.6814300417900085,0.0,671.6069946289062,699.9213256835938,2402.8984375,0,0,1,0,0,0,0,0,0,0,0,0,0.0469365157186985,0.03670120611786842,0.33862707018852234,0.05141058564186096,0.014932377263903618,0.031382836401462555,0.01699209399521351,0.04490748420357704,0.07147622108459473,0.05018240213394165,0.10014709830284119,0.09617725014686584
64,2.1333333333333333,,,,insightface_bbox,0.6814300417900085,0.0,671.6069946289062,699.9213256835938,2402.8984375,0,0,1,0,0,0,0,0,0,0,0,0,0.044933535158634186,0.03464917093515396,0.3175703287124634,0.04625570401549339,0.014927146025002003,0.030429907143115997,0.0171077698469162,0.04536861926317215,0.07117670774459839,0.050213515758514404,0.09340383112430573,0.09101361036300659
65,2.1666666666666665,,,,insightface_bbox,0.6814300417900085,0.0,671.6069946289062,699.9213256835938,2402.8984375,0,0,1,0,0,0,0,0,0,0,0,0,0.044672563672065735,0.03411218151450157,0.3077279329299927,0.044194772839546204,0.01455828920006752,0.02980566769838333,0.016708968207240105,0.045019205659627914,0.07055635005235672,0.05015251040458679,0.09165333211421967,0.08809550106525421
66,2.2,,,,insightface_bbox,0.6814427375793457,0.0,653.5621948242188,695.3174438476562,2399.57421875,0,0,1,0,0,0,0,0,0,0,0,0,0.03987649083137512,0.029061956331133842,0.28864574432373047,0.03226551041007042,0.013709591701626778,0.028177687898278236,0.016094397753477097,0.04209516942501068,0.06710086017847061,0.047929465770721436,0.09201519191265106,0.07492160052061081
67,2.2333333333333334,,,,insightface_bbox,0.6814427375793457,0.0,653.5621948242188,695.3174438476562,2399.57421875,0,0,1,0,0,0,0,0,0,0,0,0,0.04010351747274399,0.029209909960627556,0.2778051793575287,0.03203165531158447,0.013548698276281357,0.028020070865750313,0.015896709635853767,0.04238070920109749,0.06754911690950394,0.0482686311006546,0.0874253660440445,0.0738716647028923
68,2.2666666666666666,,,,insightface_bbox,0.6814427375793457,0.0,653.5621948242188,695.3174438476562,2399.57421875,0,0,1,0,0,0,0,0,0,0,0,0,0.03994715213775635,0.029138794168829918,0.2809741497039795,0.031227583065629005,0.013579316437244415,0.028035303577780724,0.015585817396640778,0.04140859842300415,0.06736551970243454,0.047648489475250244,0.0898764431476593,0.07486067712306976
69,2.3,,,,insightface_bbox,0.6814427375793457,0.0,653.5621948242188,695.3174438476562,2399.57421875,0,0,1,0,0,0,0,0,0,0,0,0,0.03896820917725563,0.028174256905913353,0.2676387429237366,0.02957698330283165,0.013218940235674381,0.027447931468486786,0.014859464950859547,0.04056508094072342,0.06753545999526978,0.047002293169498444,0.08768779039382935,0.07250906527042389
70,2.3333333333333335,,,,insightface_bbox,0.6814427375793457,0.0,653.5621948242188,695.3174438476562,2399.57421875,0,0,1,0,0,0,0,0,0,0,0,0,0.0381019227206707,0.02767217345535755,0.26289063692092896,0.02858099527657032,0.013291939161717892,0.027199458330869675,0.014667769894003868,0.04043200984597206,0.0677018091082573,0.04664301872253418,0.0919528678059578,0.07361695915460587
71,2.3666666666666667,,,,insightface_bbox,0.6814427375793457,0.0,653.5621948242188,695.3174438476562,2399.57421875,0,0,1,0,0,0,0,0,0,0,0,0,0.03778894245624542,0.027402572333812714,0.26113542914390564,0.02822752296924591,0.013149605132639408,0.02710319310426712,0.01451184879988432,0.040021613240242004,0.06768178194761276,0.04658275097608566,0.09094655513763428,0.07270737737417221
72,2.4,,,,insightface_bbox,0.668891966342926,0.0,656.485595703125,703.2484741210938,2405.632568359375,0,0,1,0,0,0,0,0,0,0,0,0,0.04082518070936203,0.03060135990381241,0.2394382804632187,0.03378301113843918,0.013946407474577427,0.029197048395872116,0.016858462244272232,0.04653465002775192,0.07011307775974274,0.050841640681028366,0.09970472007989883,0.08637920022010803
73,2.433333333333333,,,,insightface_bbox,0.668891966342926,0.0,656.485595703125,703.2484741210938,2405.632568359375,0,0,1,0,0,0,0,0,0,0,0,0,0.04026138782501221,0.030115637928247452,0.23159295320510864,0.03289969637989998,0.013833748176693916,0.02897888608276844,0.01682169921696186,0.046065106987953186,0.06949567794799805,0.049934279173612595,0.10548085719347,0.0866943970322609
74,2.466666666666667,,,,insightface_bbox,0.668891966342926,0.0,656.485595703125,703.2484741210938,2405.632568359375,0,0,1,0,0,0,0,0,0,0,0,0,0.04016224667429924,0.03018239699304104,0.2338920533657074,0.03337123245000839,0.013954520225524902,0.029129404574632645,0.016973476856946945,0.04610120505094528,0.0692191869020462,0.05028300732374191,0.10612602531909943,0.08605694770812988
75,2.5,,,,insightface_bbox,0.668891966342926,0.0,656.485595703125,703.2484741210938,2405.632568359375,0,0,1,0,0,0,0,0,0,0,0,0,0.03978382796049118,0.030145715922117233,0.2283490002155304,0.03397996351122856,0.013875782489776611,0.029286444187164307,0.01617821678519249,0.04808369278907776,0.07052116841077805,0.05175325646996498,0.09918898344039917,0.08357773721218109
76,2.533333333333333,,,,insightface_bbox,0.668891966342926,0.0,656.485595703125,703.2484741210938,2405.632568359375,0,0,1,0,0,0,0,0,0,0,0,0,0.043382491916418076,0.03243616968393326,0.2533489763736725,0.04118833690881729,0.013330461457371712,0.029020901769399643,0.01464018039405346,0.0450354628264904,0.07062644511461258,0.05020659416913986,0.08668603003025055,0.0818839818239212
77,2.566666666666667,,,,insightface_bbox,0.668891966342926,0.0,656.485595703125,703.2484741210938,2405.632568359375,0,0,1,0,0,0,0,0,0,0,0,0,0.04571106657385826,0.034104056656360626,0.24606220424175262,0.04246052727103233,0.012906158342957497,0.030293984338641167,0.01447075791656971,0.047259822487831116,0.0753258764743805,0.0543772391974926,0.0817134827375412,0.08281795680522919
78,2.6,,,,insightface_bbox,0.6654394865036011,0.0,649.610595703125,718.5231323242188,2411.893310546875,0,0,1,0,0,0,0,0,0,0,0,0,0.03736065328121185,0.02754954621195793,0.1653941571712494,0.033618055284023285,0.01069805957376957,0.023937657475471497,0.0114704929292202,0.043254200369119644,0.07342278957366943,0.05353036895394325,0.05087525025010109,0.06506340205669403
79,2.6333333333333333,,,,insightface_bbox,0.6654394865036011,0.0,649.610595703125,718.5231323242188,2411.893310546875,0,0,1,0,0,0,0,0,0,0,0,0,0.040975190699100494,0.029840925708413124,0.17819194495677948,0.036940477788448334,0.011260881088674068,0.025904299691319466,0.012211146764457226,0.04478611424565315,0.07770507037639618,0.053176287561655045,0.06063900142908096,0.07085633277893066
80,2.6666666666666665,,,,insightface_bbox,0.6654394865036011,0.0,649.610595703125,718.5231323242188,2411.893310546875,0,0,1,0,0,0,0,0,0,0,0,0,0.04142308980226517,0.030608801171183586,0.17722710967063904,0.03815092518925667,0.011492302641272545,0.02621341310441494,0.012821276672184467,0.04554237797856331,0.0798351988196373,0.05389575660228729,0.06318001449108124,0.07311218231916428
81,2.7,,,,insightface_bbox,0.6654394865036011,0.0,649.610595703125,718.5231323242188,2411.893310546875,0,0,1,0,0,0,0,0,0,0,0,0,0.040647294372320175,0.02960221841931343,0.17964698374271393,0.0361478328704834,0.011391676031053066,0.025995414704084396,0.012620505876839161,0.045595668256282806,0.07793547213077545,0.05345960706472397,0.06049312278628349,0.07062525302171707
82,2.7333333333333334,,,,insightface_bbox,0.6654394865036011,0.0,649.610595703125,718.5231323242188,2411.893310546875,0,0,1,0,0,0,0,0,0,0,0,0,0.03871060907840729,0.028408503159880638,0.16636081039905548,0.03370590880513191,0.010954748839139938,0.024958232417702675,0.012177752330899239,0.04457911476492882,0.07555536180734634,0.053941838443279266,0.05620613694190979,0.06745287775993347
83,2.7666666666666666,,,,insightface_bbox,0.6654394865036011,0.0,649.610595703125,718.5231323242188,2411.893310546875,0,0,1,0,0,0,0,0,0,0,0,0,0.0388086661696434,0.028576891869306564,0.17221778631210327,0.03361282870173454,0.011209928430616856,0.025577126070857048,0.012681796215474606,0.04495406895875931,0.07473009824752808,0.05555183067917824,0.05493326112627983,0.06701217591762543
84,2.8,,,,insightface_bbox,0.6730982065200806,0.0,672.2212524414062,710.8168334960938,2414.35888671875,0,0,1,0,0,0,0,0,0,0,0,0,0.04604778811335564,0.03331289440393448,0.24165086448192596,0.04136242717504501,0.012847189791500568,0.028960730880498886,0.014940671622753143,0.04724116623401642,0.07250331342220306,0.052622728049755096,0.06355878710746765,0.07254690676927567
85,2.8333333333333335,,,,insightface_bbox,0.6730982065200806,0.0,672.2212524414062,710.8168334960938,2414.35888671875,0,0,1,0,0,0,0,0,0,0,0,0,0.0458366759121418,0.03354399651288986,0.23951449990272522,0.04219522327184677,0.012828419916331768,0.029333671554923058,0.015063864178955555,0.04786308854818344,0.07292834669351578,0.05379141867160797,0.06863347440958023,0.0755113810300827
86,2.8666666666666667,,,,insightface_bbox,0.6730982065200806,0.0,672.2212524414062,710.8168334960938,2414.35888671875,0,0,1,0,0,0,0,0,0,0,0,0,0.047181643545627594,0.0340692512691021,0.24638283252716064,0.04244692251086235,0.013028987683355808,0.02930774912238121,0.015071399509906769,0.0473795086145401,0.07254986464977264,0.05409412831068039,0.06707282364368439,0.07542464137077332
87,2.9,,,,insightface_bbox,0.6730982065200806,0.0,672.2212524414062,710.8168334960938,2414.35888671875,0,0,1,0,0,0,0,0,0,0,0,0,0.0492415614426136,0.035762958228588104,0.2569285035133362,0.04591476917266846,0.013422885909676552,0.029808945953845978,0.015035332180559635,0.04741281643509865,0.07336652278900146,0.05495085567235947,0.07084175199270248,0.07794106751680374
88,2.933333333333333,,,,insightface_bbox,0.6730982065200806,0.0,672.2212524414062,710.8168334960938,2414.35888671875,0,0,1,0,0,0,0,0,0,0,0,0,0.04994450509548187,0.03696352615952492,0.2676968574523926,0.048433806747198105,0.013330974616110325,0.029604922980070114,0.014900253154337406,0.04630150645971298,0.07290905714035034,0.05471733957529068,0.07554028183221817,0.08144867420196533
89,2.966666666666667,,,,insightface_bbox,0.6730982065200806,0.0,672.2212524414062,710.8168334960938,2414.35888671875,0,0,1,0,0,0,0,0,0,0,0,0,0.04949190467596054,0.03725729137659073,0.2723098397254944,0.04998885467648506,0.013675212860107422,0.029066115617752075,0.015357271768152714,0.04645026847720146,0.07192600518465042,0.05432591214776039,0.07734674215316772,0.08232157677412033
90,3.0,,,,insightface_bbox,0.6835125684738159,0.0,667.89208984375,708.64111328125,2387.82421875,0,0,1,0,0,0,0,0,0,0,0,0,0.043851811438798904,0.03271092101931572,0.2191126048564911,0.03962571918964386,0.01398115511983633,0.028707917779684067,0.016942119225859642,0.04959828779101372,0.06854084134101868,0.05398700013756752,0.07716498523950577,0.07621078193187714
91,3.033333333333333,,,,insightface_bbox,0.6835125684738159,0.0,667.89208984375,708.64111328125,2387.82421875,0,0,1,0,0,0,0,0,0,0,0,0,0.04666056111454964,0.03417809307575226,0.2434779405593872,0.042695511132478714,0.014512999914586544,0.030111558735370636,0.01902030035853386,0.05092644691467285,0.06856653839349747,0.05519069358706474,0.08374378085136414,0.07907900214195251
92,3.066666666666667,,,,insightface_bbox,0.6835125684738159,0.0,667.89208984375,708.64111328125,2387.82421875,0,0,1,0,0,0,0,0,0,0,0,0,0.04643436148762703,0.034003160893917084,0.24001944065093994,0.04251186549663544,0.014861442148685455,0.03044947236776352,0.019464531913399696,0.05156697705388069,0.06963427364826202,0.055854037404060364,0.08693137764930725,0.08001776039600372
93,3.1,,,,insightface_bbox,0.6835125684738159,0.0,667.89208984375,708.64111328125,2387.82421875,0,0,1,0,0,0,0,0,0,0,0,0,0.04698258638381958,0.03493611514568329,0.24799787998199463,0.04374045878648758,0.015664391219615936,0.031513653695583344,0.020597726106643677,0.05367135629057884,0.07085233181715012,0.05698615685105324,0.09149053692817688,0.08416645973920822
94,3.1333333333333333,,,,insightface_bbox,0.6835125684738159,0.0,667.89208984375,708.64111328125,2387.82421875,0,0,1,0,0,0,0,0,0,0,0,0,0.04788968712091446,0.03594771400094032,0.25608834624290466,0.046424202620983124,0.01564445160329342,0.03178836405277252,0.020756632089614868,0.052653029561042786,0.07021813839673996,0.05639389902353287,0.09438538551330566,0.08583900332450867
95,3.1666666666666665,,,,insightface_bbox,0.6835125684738159,0.0,667.89208984375,708.64111328125,2387.82421875,0,0,1,0,0,0,0,0,0,0,0,0,0.04815036430954933,0.03603338077664375,0.2649812400341034,0.046625811606645584,0.014968961477279663,0.031201064586639404,0.020034074783325195,0.05091000720858574,0.06819607317447662,0.055735040456056595,0.09304848313331604,0.08546959608793259
96,3.2,,,,insightface_bbox,0.677919328212738,0.0,649.0662231445312,712.6917114257812,2395.681640625,0,0,1,0,0,0,0,0,0,0,0,0,0.04845784977078438,0.03535411134362221,0.29428333044052124,0.046043504029512405,0.013805042952299118,0.027809666469693184,0.015048516914248466,0.042927488684654236,0.06905397027730942,0.05229571461677551,0.06711287796497345,0.07634882628917694
97,3.2333333333333334,,,,insightface_bbox,0.677919328212738,0.0,649.0662231445312,712.6917114257812,2395.681640625,0,0,1,0,0,0,0,0,0,0,0,0,0.04854465276002884,0.03539825975894928,0.286928653717041,0.04654071852564812,0.01416707318276167,0.028291869908571243,0.01568766124546528,0.04361794888973236,0.06998061388731003,0.053357720375061035,0.06634274125099182,0.07701917737722397
98,3.2666666666666666,,,,insightface_bbox,0.677919328212738,0.0,649.0662231445312,712.6917114257812,2395.681640625,0,0,1,0,0,0,0,0,0,0,0,0,0.049508385360240936,0.03597934544086456,0.30582699179649353,0.047293052077293396,0.014510544948279858,0.028715869411826134,0.016262277960777283,0.04382118582725525,0.0692412331700325,0.05266498401761055,0.0723307728767395,0.07960981130599976
99,3.3,,,,insightface_bbox,0.677919328212738,0.0,649.0662231445312,712.6917114257812,2395.681640625,0,0,1,0,0,0,0,0,0,0,0,0,0.05128984898328781,0.0378338024020195,0.3122304379940033,0.05172080546617508,0.01441895216703415,0.029106352478265762,0.015929028391838074,0.043418578803539276,0.06962933391332626,0.05258284509181976,0.07860331982374191,0.08420297503471375
100,3.3333333333333335,,,,insightface_bbox,0.677919328212738,0.0,649.0662231445312,712.6917114257812,2395.681640625,0,0,1,0,0,0,0,0,0,0,0,0,0.050339654088020325,0.037546705454587936,0.29498207569122314,0.0514339804649353,0.013860810548067093,0.02858671545982361,0.015355169773101807,0.04185040295124054,0.06887135654687881,0.051653437316417694,0.07548942416906357,0.0821332260966301
101,3.3666666666666667,,,,insightface_bbox,0.677919328212738,0.0,649.0662231445312,712.6917114257812,2395.681640625,0,0,1,0,0,0,0,0,0,0,0,0,0.050525907427072525,0.038237154483795166,0.30037564039230347,0.05378073453903198,0.014040173962712288,0.029634099453687668,0.01616092398762703,0.04266737401485443,0.06925268471240997,0.05178828537464142,0.08549107611179352,0.08737348020076752
102,3.4,,,,insightface_bbox,0.6783305406570435,0.0,658.0531616210938,692.0802001953125,2421.08447265625,0,0,1,0,0,0,0,0,0,0,0,0,0.047832563519477844,0.036309268325567245,0.2547212839126587,0.04566239193081856,0.015941927209496498,0.0321047343313694,0.021546855568885803,0.05193983018398285,0.07020599395036697,0.05590356886386871,0.09748845547437668,0.08959910273551941
103,3.433333333333333,,,,insightface_bbox,0.6783305406570435,0.0,658.0531616210938,692.0802001953125,2421.08447265625,0,0,1,0,0,0,0,0,0,0,0,0,0.04690242558717728,0.035657044500112534,0.24360299110412598,0.04446898400783539,0.01498954277485609,0.03092150203883648,0.019589371979236603,0.04983346536755562,0.0680333599448204,0.055037058889865875,0.09442800283432007,0.08628760278224945
104,3.466666666666667,,,,insightface_bbox,0.6783305406570435,0.0,658.0531616210938,692.0802001953125,2421.08447265625,0,0,1,0,0,0,0,0,0,0,0,0,0.04729267209768295,0.03654911369085312,0.2507563531398773,0.04680157080292702,0.015021037310361862,0.031275369226932526,0.01910894364118576,0.05046112462878227,0.06934608519077301,0.055149976164102554,0.0992102175951004,0.09153221547603607
105,3.5,,,,insightface_bbox,0.6783305406570435,0.0,658.0531616210938,692.0802001953125,2421.08447265625,0,0,1,0,0,0,0,0,0,0,0,0,0.04469067603349686,0.03482309728860855,0.23162302374839783,0.04254605248570442,0.015029050409793854,0.030669670552015305,0.018088478595018387,0.051868729293346405,0.07149443030357361,0.05524821951985359,0.1004045158624649,0.0899229645729065
106,3.533333333333333,,,,insightface_bbox,0.6783305406570435,0.0,658.0531616210938,692.0802001953125,2421.08447265625,0,0,1,0,0,0,0,0,0,0,0,0,0.04389921575784683,0.034276027232408524,0.23331902921199799,0.04215240851044655,0.015087983570992947,0.030652059242129326,0.017796555534005165,0.05247686803340912,0.07312341779470444,0.055402614176273346,0.10176326334476471,0.09023728966712952
107,3.566666666666667,,,,insightface_bbox,0.6783305406570435,0.0,658.0531616210938,692.0802001953125,2421.08447265625,0,0,1,0,0,0,0,0,0,0,0,0,0.04329628497362137,0.03388173133134842,0.2409379780292511,0.04242372512817383,0.014876740984618664,0.030340740457177162,0.01727008819580078,0.04984946548938751,0.07170377671718597,0.05335120111703873,0.09822164475917816,0.09089888632297516
108,3.6,,,,insightface_bbox,0.6823469400405884,0.0,643.6183471679688,700.3551635742188,2416.304931640625,0,0,1,0,0,0,0,0,0,0,0,0,0.04473727568984032,0.033421579748392105,0.2835538387298584,0.04327837750315666,0.014576025307178497,0.028434237465262413,0.015473118051886559,0.04558931291103363,0.07095368951559067,0.050145745277404785,0.07830402255058289,0.08205325156450272
109,3.6333333333333333,,,,insightface_bbox,0.6823469400405884,0.0,643.6183471679688,700.3551635742188,2416.304931640625,0,0,1,0,0,0,0,0,0,0,0,0,0.044889092445373535,0.0339617021381855,0.285239040851593,0.04416409879922867,0.014566714875400066,0.02905488759279251,0.015644941478967667,0.04618779197335243,0.07112142443656921,0.04987382888793945,0.08402027934789658,0.08388736099004745
110,3.6666666666666665,,,,insightface_bbox,0.6823469400405884,0.0,643.6183471679688,700.3551635742188,2416.304931640625,0,0,1,0,0,0,0,0,0,0,0,0,0.044716767966747284,0.03312008082866669,0.26957112550735474,0.04246261343359947,0.014361131936311722,0.028777306899428368,0.015448826365172863,0.04643719643354416,0.07191888242959976,0.051403358578681946,0.07865926623344421,0.08159352838993073
111,3.7,,,,insightface_bbox,0.6823469400405884,0.0,643.6183471679688,700.3551635742188,2416.304931640625,0,0,1,0,0,0,0,0,0,0,0,0,0.045316923409700394,0.033354196697473526,0.27063700556755066,0.04304150491952896,0.01397860236465931,0.028873402625322342,0.015024058520793915,0.04562680050730705,0.07218245416879654,0.051822979003190994,0.07604898512363434,0.07966530323028564
112,3.7333333333333334,,,,insightface_bbox,0.6823469400405884,0.0,643.6183471679688,700.3551635742188,2416.304931640625,0,0,1,0,0,0,0,0,0,0,0,0,0.04479729011654854,0.03269008547067642,0.263913094997406,0.04144677892327309,0.013682231307029724,0.028568236157298088,0.014364532195031643,0.04520617797970772,0.0711652934551239,0.05163382366299629,0.07278668135404587,0.07585866749286652
113,3.7666666666666666,,,,insightface_bbox,0.6823469400405884,0.0,643.6183471679688,700.3551635742188,2416.304931640625,0,0,1,0,0,0,0,0,0,0,0,0,0.044040948152542114,0.03195648267865181,0.2501721978187561,0.03900181129574776,0.013130901381373405,0.027901532128453255,0.01381011214107275,0.04514528065919876,0.07139758765697479,0.05204014480113983,0.06252818554639816,0.0701524093747139
114,3.8,,,,insightface_bbox,0.6731323599815369,0.0,670.1749267578125,702.6853637695312,2393.169921875,0,0,1,0,0,0,0,0,0,0,0,0,0.04297758638858795,0.03212696313858032,0.21444183588027954,0.04009818658232689,0.013099290430545807,0.02874763309955597,0.015289993025362492,0.047484781593084335,0.07043863832950592,0.05254936218261719,0.08230581879615784,0.07949887216091156
115,3.8333333333333335,,,,insightface_bbox,0.6731323599815369,0.0,670.1749267578125,702.6853637695312,2393.169921875,0,0,1,0,0,0,0,0,0,0,0,0,0.04403957724571228,0.03320460394024849,0.22304163873195648,0.04195408895611763,0.013208999298512936,0.02905387058854103,0.014791412279009819,0.046533066779375076,0.06966060400009155,0.051968809217214584,0.08001797646284103,0.08004266023635864
116,3.8666666666666667,,,,insightface_bbox,0.6731323599815369,0.0,670.1749267578125,702.6853637695312,2393.169921875,0,0,1,0,0,0,0,0,0,0,0,0,0.04202502965927124,0.031037818640470505,0.20709456503391266,0.038383204489946365,0.01218879222869873,0.02778594195842743,0.014172914437949657,0.04644741863012314,0.06891132891178131,0.050676047801971436,0.07578354328870773,0.074474036693573
117,3.9,,,,insightface_bbox,0.6731323599815369,0.0,670.1749267578125,702.6853637695312,2393.169921875,0,0,1,0,0,0,0,0,0,0,0,0,0.0409664660692215,0.03051476925611496,0.20247170329093933,0.038094259798526764,0.011622164398431778,0.026944193989038467,0.013238121755421162,0.04483329504728317,0.06904815137386322,0.049662306904792786,0.07312647253274918,0.07181380689144135
118,3.933333333333333,,,,insightface_bbox,0.6731323599815369,0.0,670.1749267578125,702.6853637695312,2393.169921875,0,0,1,0,0,0,0,0,0,0,0,0,0.041425615549087524,0.03080884739756584,0.2041865587234497,0.0380319207906723,0.011583260260522366,0.026882225647568703,0.013316046446561813,0.04475025460124016,0.06873422116041183,0.049234289675951004,0.07506401091814041,0.07291018962860107
119,3.966666666666667,,,,insightface_bbox,0.6731323599815369,0.0,670.1749267578125,702.6853637695312,2393.169921875,0,0,1,0,0,0,0,0,0,0,0,0,0.04310888797044754,0.03165692090988159,0.20715028047561646,0.03864496573805809,0.01218271255493164,0.027646701782941818,0.014767213724553585,0.046944692730903625,0.06917545199394226,0.0507541298866272,0.0787174329161644,0.07719242572784424
120,4.0,,,,insightface_bbox,0.6810033321380615,0.0,661.5733642578125,720.2236938476562,2397.51123046875,0,0,1,0,0,0,0,0,0,0,0,0,0.03931429982185364,0.028403867036104202,0.2091042846441269,0.03428947180509567,0.011905152350664139,0.025780292227864265,0.012749364599585533,0.0447394922375679,0.06820482760667801,0.05166994407773018,0.052682872861623764,0.06081558018922806
121,4.033333333333333,,,,insightface_bbox,0.6810033321380615,0.0,661.5733642578125,720.2236938476562,2397.51123046875,0,0,1,0,0,0,0,0,0,0,0,0,0.04021294787526131,0.02860029973089695,0.2212902009487152,0.03453999012708664,0.012394004501402378,0.026146862655878067,0.013627499341964722,0.045160338282585144,0.07020992040634155,0.05202219635248184,0.05246013402938843,0.06232376769185066
122,4.066666666666666,,,,insightface_bbox,0.6810033321380615,0.0,661.5733642578125,720.2236938476562,2397.51123046875,0,0,1,0,0,0,0,0,0,0,0,0,0.04068274423480034,0.029001396149396896,0.22822631895542145,0.035187795758247375,0.01259860210120678,0.026609813794493675,0.013800246641039848,0.04576645791530609,0.07124913483858109,0.05225725471973419,0.054286010563373566,0.06382051110267639
123,4.1,,,,insightface_bbox,0.6810033321380615,0.0,661.5733642578125,720.2236938476562,2397.51123046875,0,0,1,0,0,0,0,0,0,0,0,0,0.03979131579399109,0.02834857441484928,0.21865758299827576,0.03433668985962868,0.01236682664602995,0.025795582681894302,0.013342942111194134,0.044621970504522324,0.06949914991855621,0.051311641931533813,0.0517408512532711,0.06141986697912216
124,4.133333333333334,,,,insightface_bbox,0.6810033321380615,0.0,661.5733642578125,720.2236938476562,2397.51123046875,0,0,1,0,0,0,0,0,0,0,0,0,0.03903893753886223,0.027830008417367935,0.20970025658607483,0.033742185682058334,0.011913464404642582,0.025065675377845764,0.013271639123558998,0.04441633075475693,0.06914761662483215,0.05148966610431671,0.049094777554273605,0.05985921621322632
125,4.166666666666667,,,,insightface_bbox,0.6810033321380615,0.0,661.5733642578125,720.2236938476562,2397.51123046875,0,0,1,0,0,0,0,0,0,0,0,0,0.03992846608161926,0.028283054009079933,0.2184998244047165,0.034192174673080444,0.012213319540023804,0.02505272813141346,0.01375006977468729,0.04538150876760483,0.0693727657198906,0.05189213156700134,0.04962613433599472,0.060960929840803146
126,4.2,,,,insightface_bbox,0.6792798042297363,0.0,662.9443359375,717.0977783203125,2400.578857421875,0,0,1,0,0,0,0,0,0,0,0,0,0.045162566006183624,0.03278036788105965,0.21824480593204498,0.04074732959270477,0.012170989066362381,0.027433358132839203,0.014878543093800545,0.04510831832885742,0.06831460446119308,0.05052473768591881,0.07370166480541229,0.07487551122903824
127,4.233333333333333,,,,insightface_bbox,0.6792798042297363,0.0,662.9443359375,717.0977783203125,2400.578857421875,0,0,1,0,0,0,0,0,0,0,0,0,0.04514653608202934,0.032921914011240005,0.2265910804271698,0.04055562615394592,0.012415876612067223,0.02794424444437027,0.015259277075529099,0.04618731886148453,0.06795062869787216,0.05077233910560608,0.07633158564567566,0.07598059624433517
128,4.266666666666667,,,,insightface_bbox,0.6792798042297363,0.0,662.9443359375,717.0977783203125,2400.578857421875,0,0,1,0,0,0,0,0,0,0,0,0,0.04465758055448532,0.03257356956601143,0.21809199452400208,0.04007432982325554,0.012586228549480438,0.027658987790346146,0.015125931240618229,0.04638757184147835,0.06687263399362564,0.05100022256374359,0.07189525663852692,0.07345612347126007
129,4.3,,,,insightface_bbox,0.6792798042297363,0.0,662.9443359375,717.0977783203125,2400.578857421875,0,0,1,0,0,0,0,0,0,0,0,0,0.04382702708244324,0.03200078383088112,0.21950557827949524,0.03924114629626274,0.01273720059543848,0.02763393521308899,0.015191912651062012,0.04659553989768028,0.06666678190231323,0.0511067658662796,0.07257438451051712,0.07378380000591278
130,4.333333333333333,,,,insightface_bbox,0.6792798042297363,0.0,662.9443359375,717.0977783203125,2400.578857421875,0,0,1,0,0,0,0,0,0,0,0,0,0.04410218819975853,0.032209429889917374,0.22868163883686066,0.039994947612285614,0.013134229928255081,0.02772284671664238,0.015505300834774971,0.047580283135175705,0.06710975617170334,0.05148986354470253,0.07357349246740341,0.07574959844350815
131,4.366666666666666,,,,insightface_bbox,0.6792798042297363,0.0,662.9443359375,717.0977783203125,2400.578857421875,0,0,1,0,0,0,0,0,0,0,0,0,0.04466196522116661,0.03241051733493805,0.23482190072536469,0.04066687449812889,0.013147453777492046,0.027827106416225433,0.015479297377169132,0.04739690199494362,0.06739684194326401,0.051637258380651474,0.07424614578485489,0.07574059814214706
132,4.4,,,,insightface_bbox,0.6837174892425537,0.0,669.6080932617188,712.4110717773438,2386.125732421875,0,0,1,0,0,0,0,0,0,0,0,0,0.045951031148433685,0.0336487777531147,0.24230721592903137,0.043342746794223785,0.013026156462728977,0.02749551273882389,0.014846196398139,0.04615127667784691,0.06758586317300797,0.05125951021909714,0.06985388696193695,0.07643140107393265
133,4.433333333333334,,,,insightface_bbox,0.6837174892425537,0.0,669.6080932617188,712.4110717773438,2386.125732421875,0,0,1,0,0,0,0,0,0,0,0,0,0.04613795876502991,0.033729054033756256,0.24110940098762512,0.043691202998161316,0.013174769468605518,0.02759300358593464,0.015069480054080486,0.04687586799263954,0.0681966245174408,0.0520256869494915,0.07083189487457275,0.07671312987804413
134,4.466666666666667,,,,insightface_bbox,0.6837174892425537,0.0,669.6080932617188,712.4110717773438,2386.125732421875,0,0,1,0,0,0,0,0,0,0,0,0,0.04541677236557007,0.03333184868097305,0.24149122834205627,0.0432356633245945,0.013096705079078674,0.02747182920575142,0.014882244169712067,0.04669142886996269,0.06788146495819092,0.05149054899811745,0.07155235856771469,0.07629936933517456
135,4.5,,,,insightface_bbox,0.6837174892425537,0.0,669.6080932617188,712.4110717773438,2386.125732421875,0,0,1,0,0,0,0,0,0,0,0,0,0.04628538712859154,0.034075867384672165,0.25042688846588135,0.04498692601919174,0.01328826043754816,0.027740992605686188,0.01509728841483593,0.04664451256394386,0.06834322959184647,0.051735009998083115,0.07241147756576538,0.07737285643815994
136,4.533333333333333,,,,insightface_bbox,0.6837174892425537,0.0,669.6080932617188,712.4110717773438,2386.125732421875,0,0,1,0,0,0,0,0,0,0,0,0,0.046347662806510925,0.034191206097602844,0.25046515464782715,0.04531113803386688,0.013524647802114487,0.027983708307147026,0.015410086140036583,0.04788561165332794,0.0693354532122612,0.0522519089281559,0.07108305394649506,0.0770123302936554
137,4.566666666666666,,,,insightface_bbox,0.6837174892425537,0.0,669.6080932617188,712.4110717773438,2386.125732421875,0,0,1,0,0,0,0,0,0,0,0,0,0.04641050100326538,0.03421483561396599,0.24949291348457336,0.045250095427036285,0.01352380495518446,0.028017736971378326,0.015409836545586586,0.04735375940799713,0.06937269121408463,0.05289198458194733,0.07076260447502136,0.07700759172439575
138,4.6,,,,insightface_bbox,0.6930896639823914,0.0,660.3548583984375,712.1470336914062,2388.1591796875,0,0,1,0,0,0,0,0,0,0,0,0,0.04482848569750786,0.03260476887226105,0.23252028226852417,0.04058941453695297,0.012769773602485657,0.02738986350595951,0.015247849747538567,0.04702417179942131,0.06749379634857178,0.05263839662075043,0.0694977417588234,0.0730007216334343
139,4.633333333333334,,,,insightface_bbox,0.6930896639823914,0.0,660.3548583984375,712.1470336914062,2388.1591796875,0,0,1,0,0,0,0,0,0,0,0,0,0.045982956886291504,0.03317750245332718,0.2515838146209717,0.040755562484264374,0.01271118875592947,0.027435673400759697,0.015349169261753559,0.045568764209747314,0.06656739115715027,0.05129241943359375,0.06910756975412369,0.07364161312580109
140,4.666666666666667,,,,insightface_bbox,0.6930896639823914,0.0,660.3548583984375,712.1470336914062,2388.1591796875,0,0,1,0,0,0,0,0,0,0,0,0,0.04602866619825363,0.033214688301086426,0.2509474456310272,0.04047000780701637,0.012686309404671192,0.027338381856679916,0.015215713530778885,0.046378329396247864,0.0675889104604721,0.05158916860818863,0.0689658597111702,0.07408609241247177
141,4.7,,,,insightface_bbox,0.6930896639823914,0.0,660.3548583984375,712.1470336914062,2388.1591796875,0,0,1,0,0,0,0,0,0,0,0,0,0.04606970027089119,0.033068206161260605,0.25208380818367004,0.0397992841899395,0.012808745726943016,0.02746855840086937,0.015590055845677853,0.04664678871631622,0.06755363941192627,0.0513482466340065,0.07013397663831711,0.0741305872797966
142,4.733333333333333,,,,insightface_bbox,0.6930896639823914,0.0,660.3548583984375,712.1470336914062,2388.1591796875,0,0,1,0,0,0,0,0,0,0,0,0,0.04579707980155945,0.03286006301641464,0.24666407704353333,0.03972300887107849,0.012713069096207619,0.027379631996154785,0.015627406537532806,0.04646466672420502,0.06708791851997375,0.05177028104662895,0.07041801512241364,0.07515724748373032
143,4.766666666666667,,,,insightface_bbox,0.6930896639823914,0.0,660.3548583984375,712.1470336914062,2388.1591796875,0,0,1,0,0,0,0,0,0,0,0,0,0.04690610244870186,0.03354061022400856,0.2602524161338806,0.040621064603328705,0.01323219295591116,0.028405915945768356,0.016703782603144646,0.04777217283844948,0.06753861159086227,0.05268605798482895,0.07533425837755203,0.07661277055740356
144,4.8,,,,insightface_bbox,0.6756894588470459,0.0,651.7947387695312,712.57080078125,2398.9326171875,0,0,1,0,0,0,0,0,0,0,0,0,0.04603628069162369,0.03293071314692497,0.24354034662246704,0.03867946192622185,0.013364719226956367,0.028644617646932602,0.01687011867761612,0.04857125133275986,0.06761786341667175,0.05225493758916855,0.07507769018411636,0.07309658825397491
145,4.833333333333333,,,,insightface_bbox,0.6756894588470459,0.0,651.7947387695312,712.57080078125,2398.9326171875,0,0,1,0,0,0,0,0,0,0,0,0,0.04672304540872574,0.03339017182588577,0.2546951174736023,0.0399259552359581,0.013302386738359928,0.02903047762811184,0.017305832356214523,0.047469086945056915,0.06738352030515671,0.051966872066259384,0.07744236290454865,0.07428298890590668
146,4.866666666666666,,,,insightface_bbox,0.6756894588470459,0.0,651.7947387695312,712.57080078125,2398.9326171875,0,0,1,0,0,0,0,0,0,0,0,0,0.04697369039058685,0.033608146011829376,0.26106247305870056,0.04034944251179695,0.013606822118163109,0.029475051909685135,0.01774526946246624,0.04870963096618652,0.06827031075954437,0.052520982921123505,0.08040278404951096,0.07581810653209686
147,4.9,,,,insightface_bbox,0.6756894588470459,0.0,651.7947387695312,712.57080078125,2398.9326171875,0,0,1,0,0,0,0,0,0,0,0,0,0.04689166322350502,0.03346734493970871,0.26049837470054626,0.04051574319601059,0.013779493048787117,0.0293514896184206,0.01788428984582424,0.04723161458969116,0.0669039711356163,0.051199812442064285,0.08053416013717651,0.07511080801486969
148,4.933333333333334,,,,insightface_bbox,0.6756894588470459,0.0,651.7947387695312,712.57080078125,2398.9326171875,0,0,1,0,0,0,0,0,0,0,0,0,0.04718044400215149,0.03405124694108963,0.2626539170742035,0.04170842468738556,0.014105630107223988,0.02987472154200077,0.018087051808834076,0.047157272696495056,0.06633971631526947,0.05089690908789635,0.08369368314743042,0.07710403949022293
149,4.966666666666667,,,,insightface_bbox,0.6756894588470459,0.0,651.7947387695312,712.57080078125,2398.9326171875,0,0,1,0,0,0,0,0,0,0,0,0,0.046778254210948944,0.033993177115917206,0.2560771107673645,0.041938383132219315,0.013900624588131905,0.029616588726639748,0.017824795097112656,0.046605248004198074,0.06666985154151917,0.0510183721780777,0.08459523320198059,0.07826697826385498
150,5.0,,,,insightface_bbox,0.6827659010887146,0.0,667.0171508789062,711.6886596679688,2397.702392578125,0,0,1,0,0,0,0,0,0,0,0,0,0.04742429032921791,0.034435972571372986,0.2798212766647339,0.043162211775779724,0.012919824570417404,0.027670573443174362,0.014949091710150242,0.041705600917339325,0.06567313522100449,0.04955872893333435,0.06794270128011703,0.07577838003635406
151,5.033333333333333,,,,insightface_bbox,0.6827659010887146,0.0,667.0171508789062,711.6886596679688,2397.702392578125,0,0,1,0,0,0,0,0,0,0,0,0,0.04635929316282272,0.033184245228767395,0.26173558831214905,0.04165395349264145,0.012547866441309452,0.026660243049263954,0.014155511744320393,0.04044756293296814,0.06515621393918991,0.04927019029855728,0.060380324721336365,0.0702224001288414
152,5.066666666666666,,,,insightface_bbox,0.6827659010887146,0.0,667.0171508789062,711.6886596679688,2397.702392578125,0,0,1,0,0,0,0,0,0,0,0,0,0.04625585302710533,0.032931458204984665,0.27853628993034363,0.0406491793692112,0.012676273472607136,0.02681032568216324,0.014451188035309315,0.04045320674777031,0.06483587622642517,0.04881247878074646,0.06082984805107117,0.06971889734268188
153,5.1,,,,insightface_bbox,0.6827659010887146,0.0,667.0171508789062,711.6886596679688,2397.702392578125,0,0,1,0,0,0,0,0,0,0,0,0,0.045385539531707764,0.03240572661161423,0.2694181501865387,0.04052957892417908,0.012498421594500542,0.026547159999608994,0.014068842865526676,0.03949445113539696,0.06491635739803314,0.04868072271347046,0.061088841408491135,0.06912213563919067
154,5.133333333333334,,,,insightface_bbox,0.6827659010887146,0.0,667.0171508789062,711.6886596679688,2397.702392578125,0,0,1,0,0,0,0,0,0,0,0,0,0.046783335506916046,0.03403196856379509,0.2772643566131592,0.04430544376373291,0.012742798775434494,0.027134045958518982,0.0145431999117136,0.03939710184931755,0.06577293574810028,0.04953597113490105,0.0668727234005928,0.07574731111526489
155,5.166666666666667,,,,insightface_bbox,0.6827659010887146,0.0,667.0171508789062,711.6886596679688,2397.702392578125,0,0,1,0,0,0,0,0,0,0,0,0,0.04720558971166611,0.034525204449892044,0.2771289646625519,0.0447271466255188,0.012794815003871918,0.027205392718315125,0.014514083974063396,0.039423126727342606,0.0653468519449234,0.0490490160882473,0.06763535737991333,0.07598477602005005
156,5.2,,,,insightface_bbox,0.6823915839195251,0.0,652.8604736328125,710.1480102539062,2419.554931640625,0,0,1,0,0,0,0,0,0,0,0,0,0.04421735554933548,0.03129412233829498,0.26064619421958923,0.03778917342424393,0.012741666287183762,0.026493873447179794,0.014124946668744087,0.03987843170762062,0.06504211574792862,0.04833247512578964,0.057558346539735794,0.06585698574781418
157,5.233333333333333,,,,insightface_bbox,0.6823915839195251,0.0,652.8604736328125,710.1480102539062,2419.554931640625,0,0,1,0,0,0,0,0,0,0,0,0,0.04294898733496666,0.03009125404059887,0.2573102116584778,0.035378459841012955,0.012611722573637962,0.026041045784950256,0.013980336487293243,0.03992166742682457,0.06489412486553192,0.04815183952450752,0.0526290163397789,0.06201694905757904
158,5.266666666666667,,,,insightface_bbox,0.6823915839195251,0.0,652.8604736328125,710.1480102539062,2419.554931640625,0,0,1,0,0,0,0,0,0,0,0,0,0.04285862669348717,0.030218269675970078,0.257689893245697,0.03542495146393776,0.01250481978058815,0.02582578733563423,0.013880861923098564,0.03942592442035675,0.06472020596265793,0.04782237485051155,0.05190090090036392,0.06139421835541725
159,5.3,,,,insightface_bbox,0.6823915839195251,0.0,652.8604736328125,710.1480102539062,2419.554931640625,0,0,1,0,0,0,0,0,0,0,0,0,0.043987300246953964,0.031167594715952873,0.2611841559410095,0.037166886031627655,0.012462892569601536,0.025820422917604446,0.013815294951200485,0.03938077390193939,0.0649920254945755,0.0484846755862236,0.051820456981658936,0.06288328021764755
160,5.333333333333333,,,,insightface_bbox,0.6823915839195251,0.0,652.8604736328125,710.1480102539062,2419.554931640625,0,0,1,0,0,0,0,0,0,0,0,0,0.04395323991775513,0.030826402828097343,0.2599830627441406,0.03707433119416237,0.012398337945342064,0.026023929938673973,0.013953160494565964,0.039503104984760284,0.06531684100627899,0.04835215210914612,0.05308174341917038,0.06276912242174149
161,5.366666666666666,,,,insightface_bbox,0.6823915839195251,0.0,652.8604736328125,710.1480102539062,2419.554931640625,0,0,1,0,0,0,0,0,0,0,0,0,0.04332961514592171,0.03057720884680748,0.25999051332473755,0.03690669685602188,0.012552311643958092,0.026110198348760605,0.01384508702903986,0.03953871876001358,0.06544581800699234,0.04823775961995125,0.05491645634174347,0.0640711635351181
162,5.4,,,,insightface_bbox,0.6927365064620972,0.0,641.5557250976562,697.8909301757812,2412.44677734375,0,0,1,0,0,0,0,0,0,0,0,0,0.04488451033830643,0.0328344963490963,0.24508273601531982,0.040918994694948196,0.013123034499585629,0.028577987104654312,0.016894908621907234,0.043888721615076065,0.06573569029569626,0.050386250019073486,0.07359045743942261,0.07298943400382996
163,5.433333333333334,,,,insightface_bbox,0.6927365064620972,0.0,641.5557250976562,697.8909301757812,2412.44677734375,0,0,1,0,0,0,0,0,0,0,0,0,0.045508887618780136,0.0332365483045578,0.25020381808280945,0.04218359291553497,0.012926813215017319,0.028577391058206558,0.016504861414432526,0.042874857783317566,0.06606165319681168,0.050256699323654175,0.07398231327533722,0.07365967333316803
164,5.466666666666667,,,,insightface_bbox,0.6927365064620972,0.0,641.5557250976562,697.8909301757812,2412.44677734375,0,0,1,0,0,0,0,0,0,0,0,0,0.043938491493463516,0.031700555235147476,0.24355924129486084,0.03897110000252724,0.013036556541919708,0.027946550399065018,0.016529133543372154,0.04268462210893631,0.06562991440296173,0.04997040703892708,0.07068026065826416,0.07063497602939606
165,5.5,,,,insightface_bbox,0.6927365064620972,0.0,641.5557250976562,697.8909301757812,2412.44677734375,0,0,1,0,0,0,0,0,0,0,0,0,0.04447249323129654,0.032045572996139526,0.24753764271736145,0.0388198159635067,0.013355747796595097,0.028420465067029,0.016861692070961,0.04309912770986557,0.06559419631958008,0.04987172782421112,0.07389575242996216,0.07147201895713806
166,5.533333333333333,,,,insightface_bbox,0.6927365064620972,0.0,641.5557250976562,697.8909301757812,2412.44677734375,0,0,1,0,0,0,0,0,0,0,0,0,0.044979121536016464,0.0321643091738224,0.2659492492675781,0.03871649131178856,0.01332990825176239,0.02892705611884594,0.0173148475587368,0.043374575674533844,0.06551706790924072,0.04897405952215195,0.08030838519334793,0.07369931042194366
167,5.566666666666666,,,,insightface_bbox,0.6927365064620972,0.0,641.5557250976562,697.8909301757812,2412.44677734375,0,0,1,0,0,0,0,0,0,0,0,0,0.043194353580474854,0.0311424657702446,0.26010605692863464,0.03747280314564705,0.01281481422483921,0.02782599814236164,0.01680666208267212,0.04336479678750038,0.06588823348283768,0.04834005609154701,0.07415353506803513,0.07144717872142792
168,5.6,,,,insightface_bbox,0.6829749941825867,0.0,646.8780517578125,706.8505859375,2369.05859375,0,0,1,0,0,0,0,0,0,0,0,0,0.044530559331178665,0.032387617975473404,0.28175410628318787,0.040829334408044815,0.012826858088374138,0.026792198419570923,0.015491001307964325,0.042787421494722366,0.06533077359199524,0.049452997744083405,0.05767159163951874,0.06711256504058838
169,5.633333333333334,,,,insightface_bbox,0.6829749941825867,0.0,646.8780517578125,706.8505859375,2369.05859375,0,0,1,0,0,0,0,0,0,0,0,0,0.04498971253633499,0.03299163654446602,0.29476749897003174,0.041918378323316574,0.013430221006274223,0.027199070900678635,0.016017936170101166,0.04598882049322128,0.06879988312721252,0.05166279524564743,0.05770063027739525,0.06761375069618225
170,5.666666666666667,,,,insightface_bbox,0.6829749941825867,0.0,646.8780517578125,706.8505859375,2369.05859375,0,0,1,0,0,0,0,0,0,0,0,0,0.04409393295645714,0.032405417412519455,0.28402280807495117,0.041102465242147446,0.013170139864087105,0.026904864236712456,0.015303292311728,0.04537370055913925,0.06761579215526581,0.05109637603163719,0.055842503905296326,0.06656266003847122
171,5.7,,,,insightface_bbox,0.6829749941825867,0.0,646.8780517578125,706.8505859375,2369.05859375,0,0,1,0,0,0,0,0,0,0,0,0,0.044206321239471436,0.03252193331718445,0.2928381860256195,0.04091132804751396,0.0131831681355834,0.027269020676612854,0.015542058274149895,0.0453040786087513,0.06804455816745758,0.051001083105802536,0.05842728540301323,0.06831376254558563
172,5.733333333333333,,,,insightface_bbox,0.6829749941825867,0.0,646.8780517578125,706.8505859375,2369.05859375,0,0,1,0,0,0,0,0,0,0,0,0,0.047834258526563644,0.034820593893527985,0.3008793294429779,0.04606669396162033,0.01368935126811266,0.02843155711889267,0.016583671793341637,0.04509613290429115,0.06901315599679947,0.05213819444179535,0.0669109970331192,0.07420013844966888
173,5.766666666666667,,,,insightface_bbox,0.6829749941825867,0.0,646.8780517578125,706.8505859375,2369.05859375,0,0,1,0,0,0,0,0,0,0,0,0,0.0515567809343338,0.037223782390356064,0.32211992144584656,0.04984979331493378,0.01348023395985365,0.027928389608860016,0.015260640531778336,0.0424601286649704,0.06673519313335419,0.05014834925532341,0.07369755208492279,0.08083074539899826
174,5.8,,,,insightface_bbox,0.6488568186759949,0.0,599.13818359375,716.2106323242188,2516.448974609375,0,0,1,0,0,0,0,0,0,0,0,0,0.04985184222459793,0.03652394562959671,0.28996559977531433,0.049558427184820175,0.01239256002008915,0.025790736079216003,0.013905755244195461,0.03780772536993027,0.06571360677480698,0.04847956821322441,0.0684298425912857,0.07760166376829147
175,5.833333333333333,,,,insightface_bbox,0.6488568186759949,0.0,599.13818359375,716.2106323242188,2516.448974609375,0,0,1,0,0,0,0,0,0,0,0,0,0.04932016134262085,0.03539484739303589,0.2938346862792969,0.04668243229389191,0.012488394975662231,0.02668027952313423,0.014398769475519657,0.03847626969218254,0.06703346222639084,0.04938395693898201,0.06786451488733292,0.07699435949325562
176,5.866666666666666,,,,insightface_bbox,0.6488568186759949,0.0,599.13818359375,716.2106323242188,2516.448974609375,0,0,1,0,0,0,0,0,0,0,0,0,0.048415765166282654,0.03517991304397583,0.2886104881763458,0.04715333133935928,0.012535768561065197,0.027226559817790985,0.01460922323167324,0.040078677237033844,0.06702863425016403,0.049606580287218094,0.0631902813911438,0.07337786257266998
177,5.9,,,,insightface_bbox,0.6488568186759949,0.0,599.13818359375,716.2106323242188,2516.448974609375,0,0,1,0,0,0,0,0,0,0,0,0,0.04651752859354019,0.03380027785897255,0.28359147906303406,0.04423246532678604,0.01254241168498993,0.026642408221960068,0.014882045798003674,0.04117951542139053,0.06656363606452942,0.05020884424448013,0.057936131954193115,0.0681363120675087
178,5.933333333333334,,,,insightface_bbox,0.6488568186759949,0.0,599.13818359375,716.2106323242188,2516.448974609375,0,0,1,0,0,0,0,0,0,0,0,0,0.04581597447395325,0.03323174640536308,0.2762327194213867,0.04364298656582832,0.012502428144216537,0.025923822075128555,0.014646027237176895,0.041860975325107574,0.06651029735803604,0.05111593380570412,0.05384686589241028,0.06452459841966629
179,5.966666666666667,,,,insightface_bbox,0.6488568186759949,0.0,599.13818359375,716.2106323242188,2516.448974609375,0,0,1,0,0,0,0,0,0,0,0,0,0.04775574803352356,0.03440897539258003,0.2983977198600769,0.046454526484012604,0.012523258104920387,0.026274994015693665,0.014827940613031387,0.042076222598552704,0.06761403381824493,0.05124455317854881,0.05688376724720001,0.06666772812604904
180,6.0,,,,insightface_bbox,0.677389919757843,0.0,648.9506225585938,709.633544921875,2381.435302734375,0,0,1,0,0,0,0,0,0,0,0,0,0.04611869901418686,0.032556358724832535,0.31611368060112,0.042087964713573456,0.01231217011809349,0.025405079126358032,0.013908619061112404,0.04258863627910614,0.06718184053897858,0.050006039440631866,0.051387764513492584,0.06259201467037201
181,6.033333333333333,,,,insightface_bbox,0.677389919757843,0.0,648.9506225585938,709.633544921875,2381.435302734375,0,0,1,0,0,0,0,0,0,0,0,0,0.0460205078125,0.03199291601777077,0.2986435294151306,0.04052428901195526,0.012396691367030144,0.025451956316828728,0.014060791581869125,0.043325457721948624,0.06853912770748138,0.05163206160068512,0.04988369345664978,0.06190553680062294
182,6.066666666666666,,,,insightface_bbox,0.677389919757843,0.0,648.9506225585938,709.633544921875,2381.435302734375,0,0,1,0,0,0,0,0,0,0,0,0,0.045435357838869095,0.031570252031087875,0.28669631481170654,0.03991475701332092,0.012676719576120377,0.02581440843641758,0.014352858066558838,0.04463426396250725,0.07064982503652573,0.05261687561869621,0.05040618032217026,0.0629795491695404
183,6.1,,,,insightface_bbox,0.677389919757843,0.0,648.9506225585938,709.633544921875,2381.435302734375,0,0,1,0,0,0,0,0,0,0,0,0,0.04520135372877121,0.03143269196152687,0.27733850479125977,0.03949441388249397,0.012827828526496887,0.02598109468817711,0.014673927798867226,0.0450829453766346,0.07159753888845444,0.05327514559030533,0.05027273669838905,0.06376057118177414
184,6.133333333333334,,,,insightface_bbox,0.677389919757843,0.0,648.9506225585938,709.633544921875,2381.435302734375,0,0,1,0,0,0,0,0,0,0,0,0,0.04608935862779617,0.031901583075523376,0.28669312596321106,0.04032828286290169,0.013072448782622814,0.026676533743739128,0.015374225564301014,0.04616473615169525,0.0735870748758316,0.05509361997246742,0.0515967458486557,0.06640582531690598
185,6.166666666666667,,,,insightface_bbox,0.677389919757843,0.0,648.9506225585938,709.633544921875,2381.435302734375,0,0,1,0,0,0,0,0,0,0,0,0,0.046513881534338,0.032849445939064026,0.2816953957080841,0.042597055435180664,0.013261014595627785,0.02723758853971958,0.015520824119448662,0.046550218015909195,0.07274261116981506,0.05447940528392792,0.05723553150892258,0.06971274316310883
186,6.2,,,,insightface_bbox,0.6884812116622925,0.0,646.8394165039062,710.1687622070312,2382.43115234375,0,0,1,0,0,0,0,0,0,0,0,0,0.046906549483537674,0.03387749567627907,0.26888394355773926,0.044254254549741745,0.012772456742823124,0.027929821982979774,0.016185862943530083,0.044608619064092636,0.07175860553979874,0.052694011479616165,0.06631362438201904,0.07360833883285522
187,6.233333333333333,,,,insightface_bbox,0.6884812116622925,0.0,646.8394165039062,710.1687622070312,2382.43115234375,0,0,1,0,0,0,0,0,0,0,0,0,0.04736163094639778,0.0343676432967186,0.27112969756126404,0.04529091715812683,0.013003136962652206,0.028131283819675446,0.016507606953382492,0.04545874893665314,0.07219697535037994,0.053280699998140335,0.06804859638214111,0.07509655505418777
188,6.266666666666667,,,,insightface_bbox,0.6884812116622925,0.0,646.8394165039062,710.1687622070312,2382.43115234375,0,0,1,0,0,0,0,0,0,0,0,0,0.0467597171664238,0.03396083414554596,0.2684430181980133,0.04454895853996277,0.012609129771590233,0.02786233089864254,0.016128268092870712,0.04423899203538895,0.07111376523971558,0.05279788747429848,0.0636533796787262,0.07137232273817062
189,6.3,,,,insightface_bbox,0.6884812116622925,0.0,646.8394165039062,710.1687622070312,2382.43115234375,0,0,1,0,0,0,0,0,0,0,0,0,0.04596599191427231,0.03368470072746277,0.26468586921691895,0.04376581311225891,0.01257114578038454,0.02761853113770485,0.015611821785569191,0.0433504655957222,0.07054375112056732,0.051636986434459686,0.06528912484645844,0.07183793932199478
190,6.333333333333333,,,,insightface_bbox,0.6884812116622925,0.0,646.8394165039062,710.1687622070312,2382.43115234375,0,0,1,0,0,0,0,0,0,0,0,0,0.04440654441714287,0.03262067213654518,0.25571468472480774,0.042446721345186234,0.012613466009497643,0.027320872992277145,0.015308036468923092,0.04404159262776375,0.07208076119422913,0.052482955157756805,0.06675133109092712,0.07223355770111084
191,6.366666666666666,,,,insightface_bbox,0.6884812116622925,0.0,646.8394165039062,710.1687622070312,2382.43115234375,0,0,1,0,0,0,0,0,0,0,0,0,0.045727141201496124,0.03378976136445999,0.2765754461288452,0.04505176469683647,0.012875976040959358,0.028002595528960228,0.01610911451280117,0.04465954005718231,0.07204790413379669,0.05294676125049591,0.06738688051700592,0.07377258688211441
192,6.4,,,,insightface_bbox,0.7065736055374146,0.0,648.6917724609375,700.593017578125,2409.700439453125,0,0,1,0,0,0,0,0,0,0,0,0,0.04677649214863777,0.03339596092700958,0.2759033143520355,0.04407128691673279,0.012823045253753662,0.026623748242855072,0.015002517029643059,0.044685423374176025,0.0721985399723053,0.053691230714321136,0.05357348918914795,0.06617258489131927
193,6.433333333333334,,,,insightface_bbox,0.7065736055374146,0.0,648.6917724609375,700.593017578125,2409.700439453125,0,0,1,0,0,0,0,0,0,0,0,0,0.04734873026609421,0.03378017619252205,0.29120805859565735,0.045413147658109665,0.012784946709871292,0.026537112891674042,0.014914647676050663,0.043423790484666824,0.07203314453363419,0.052732858806848526,0.05477998033165932,0.06693290919065475
194,6.466666666666667,,,,insightface_bbox,0.7065736055374146,0.0,648.6917724609375,700.593017578125,2409.700439453125,0,0,1,0,0,0,0,0,0,0,0,0,0.04766324907541275,0.034000810235738754,0.27438420057296753,0.04553832858800888,0.012906073592603207,0.02694547176361084,0.015797723084688187,0.04465325176715851,0.07363258302211761,0.054291047155857086,0.056954603642225266,0.06895139813423157
195,6.5,,,,insightface_bbox,0.7065736055374146,0.0,648.6917724609375,700.593017578125,2409.700439453125,0,0,1,0,0,0,0,0,0,0,0,0,0.04617121070623398,0.03276043385267258,0.2646511197090149,0.042835552245378494,0.012651999481022358,0.026587078347802162,0.015019215643405914,0.044386256486177444,0.07303234934806824,0.053855400532484055,0.05496210604906082,0.06743235886096954
196,6.533333333333333,,,,insightface_bbox,0.7065736055374146,0.0,648.6917724609375,700.593017578125,2409.700439453125,0,0,1,0,0,0,0,0,0,0,0,0,0.046244651079177856,0.032736945897340775,0.2710733413696289,0.042905762791633606,0.013034720905125141,0.026900094002485275,0.014968590810894966,0.04515666887164116,0.07363856583833694,0.054083239287137985,0.05537588894367218,0.0682794600725174
197,6.566666666666666,,,,insightface_bbox,0.7065736055374146,0.0,648.6917724609375,700.593017578125,2409.700439453125,0,0,1,0,0,0,0,0,0,0,0,0,0.0464111790060997,0.033275771886110306,0.28139665722846985,0.044095203280448914,0.013128421269357204,0.027042962610721588,0.015387898311018944,0.04526487737894058,0.0724971815943718,0.05287858843803406,0.05546683818101883,0.06766586750745773
198,6.6,,,,insightface_bbox,0.6969289183616638,0.0,660.2310791015625,700.5660400390625,2380.193115234375,0,0,1,0,0,0,0,0,0,0,0,0,0.04238086938858032,0.028057655319571495,0.2395668625831604,0.03164403885602951,0.010746071115136147,0.02585509791970253,0.013170415535569191,0.042021989822387695,0.07543814927339554,0.04931101202964783,0.06740549206733704,0.06254544109106064
199,6.633333333333334,,,,insightface_bbox,0.6969289183616638,0.0,660.2310791015625,700.5660400390625,2380.193115234375,0,0,1,0,0,0,0,0,0,0,0,0,0.04280747473239899,0.02800893969833851,0.23531895875930786,0.03147488832473755,0.010678838938474655,0.02618454210460186,0.013301684521138668,0.042307592928409576,0.07583266496658325,0.050219226628541946,0.06811323761940002,0.06314647197723389
200,6.666666666666667,,,,insightface_bbox,0.6969289183616638,0.0,660.2310791015625,700.5660400390625,2380.193115234375,0,0,1,0,0,0,0,0,0,0,0,0,0.04337426647543907,0.028347566723823547,0.23818089067935944,0.03211456164717674,0.010860553942620754,0.02662920579314232,0.01341176312416792,0.04302941635251045,0.07680045068264008,0.05060897022485733,0.07052820920944214,0.0647701770067215
201,6.7,,,,insightface_bbox,0.6969289183616638,0.0,660.2310791015625,700.5660400390625,2380.193115234375,0,0,1,0,0,0,0,0,0,0,0,0,0.04296066239476204,0.027951810508966446,0.243490070104599,0.031243525445461273,0.01081404834985733,0.0264604315161705,0.013318686746060848,0.042246583849191666,0.07565335929393768,0.04947209730744362,0.07042952626943588,0.06427808851003647
202,6.733333333333333,,,,insightface_bbox,0.6969289183616638,0.0,660.2310791015625,700.5660400390625,2380.193115234375,0,0,1,0,0,0,0,0,0,0,0,0,0.04435482621192932,0.02907211147248745,0.25374725461006165,0.032927028834819794,0.011050453409552574,0.027069970965385437,0.014276137575507164,0.043733932077884674,0.07657432556152344,0.04955429211258888,0.07282780110836029,0.0659836158156395
203,6.766666666666667,,,,insightface_bbox,0.6969289183616638,0.0,660.2310791015625,700.5660400390625,2380.193115234375,0,0,1,0,0,0,0,0,0,0,0,0,0.04492361843585968,0.029590854421257973,0.25550955533981323,0.03400949388742447,0.01118219830095768,0.027297083288431168,0.014710775576531887,0.04419364407658577,0.07823542505502701,0.051005031913518906,0.07014511525630951,0.06516412645578384
204,6.8,,,,insightface_bbox,0.6974219083786011,0.0,666.7091064453125,711.7765502929688,2379.533447265625,0,0,1,0,0,0,0,0,0,0,0,0,0.04436863958835602,0.030922086909413338,0.25614070892333984,0.03861484304070473,0.012859433889389038,0.02561187744140625,0.014876103028655052,0.04616020247340202,0.07402247190475464,0.05412636697292328,0.0473032146692276,0.06447023153305054
205,6.833333333333333,,,,insightface_bbox,0.6974219083786011,0.0,666.7091064453125,711.7765502929688,2379.533447265625,0,0,1,0,0,0,0,0,0,0,0,0,0.04427093267440796,0.030704660341143608,0.2528766691684723,0.03755994141101837,0.01271100714802742,0.025537695735692978,0.014569423161447048,0.04582853615283966,0.07357411086559296,0.0533219650387764,0.04778803139925003,0.0633382499217987
206,6.866666666666666,,,,insightface_bbox,0.6974219083786011,0.0,666.7091064453125,711.7765502929688,2379.533447265625,0,0,1,0,0,0,0,0,0,0,0,0,0.04433799162507057,0.03025102987885475,0.2520213723182678,0.036624275147914886,0.012568904086947441,0.02606987953186035,0.015063628554344177,0.045640427619218826,0.0742965042591095,0.05406476929783821,0.049404896795749664,0.0629131942987442
207,6.9,,,,insightface_bbox,0.6974219083786011,0.0,666.7091064453125,711.7765502929688,2379.533447265625,0,0,1,0,0,0,0,0,0,0,0,0,0.03972795233130455,0.02758188545703888,0.20109029114246368,0.03240175172686577,0.011312506161630154,0.024801267310976982,0.01204331498593092,0.04324615001678467,0.0728197693824768,0.0518919862806797,0.04598217085003853,0.05783497542142868
208,6.933333333333334,,,,insightface_bbox,0.6974219083786011,0.0,666.7091064453125,711.7765502929688,2379.533447265625,0,0,1,0,0,0,0,0,0,0,0,0,0.03923102840781212,0.027374722063541412,0.1880740523338318,0.03217633068561554,0.011227247305214405,0.024689223617315292,0.011659471318125725,0.043229084461927414,0.07567566633224487,0.052704133093357086,0.043941233307123184,0.057221610099077225
209,6.966666666666667,,,,insightface_bbox,0.6974219083786011,0.0,666.7091064453125,711.7765502929688,2379.533447265625,0,0,1,0,0,0,0,0,0,0,0,0,0.04003714397549629,0.027874328196048737,0.18874391913414001,0.03280017152428627,0.011390522122383118,0.0251756701618433,0.01213882490992546,0.044229622930288315,0.07745251059532166,0.05423934757709503,0.04526032134890556,0.058935876935720444
210,7.0,,,,insightface_bbox,0.6659348011016846,0.0,636.5147705078125,715.4921875,2425.406982421875,0,0,1,0,0,0,0,0,0,0,0,0,0.03833528980612755,0.0269179604947567,0.17008665204048157,0.03354988992214203,0.010719841346144676,0.023728396743535995,0.011718236841261387,0.04364046826958656,0.07562543451786041,0.054417312145233154,0.04110407829284668,0.058732740581035614
211,7.033333333333333,,,,insightface_bbox,0.6659348011016846,0.0,636.5147705078125,715.4921875,2425.406982421875,0,0,1,0,0,0,0,0,0,0,0,0,0.039037108421325684,0.02733530104160309,0.16102823615074158,0.03367849811911583,0.010918615385890007,0.024246910586953163,0.012005820870399475,0.04481922835111618,0.07900044322013855,0.05533315986394882,0.04413517564535141,0.061803851276636124
212,7.066666666666666,,,,insightface_bbox,0.6659348011016846,0.0,636.5147705078125,715.4921875,2425.406982421875,0,0,1,0,0,0,0,0,0,0,0,0,0.039619848132133484,0.027653049677610397,0.1698390245437622,0.03333320841193199,0.011234434321522713,0.02479126863181591,0.012359799817204475,0.04602527245879173,0.08115682005882263,0.056327611207962036,0.04678148403763771,0.06495771557092667
213,7.1,,,,insightface_bbox,0.6659348011016846,0.0,636.5147705078125,715.4921875,2425.406982421875,0,0,1,0,0,0,0,0,0,0,0,0,0.040219951421022415,0.02812999114394188,0.17383114993572235,0.033987753093242645,0.011500716209411621,0.025426575914025307,0.01299293152987957,0.04710262268781662,0.08255194872617722,0.05794214457273483,0.04958325996994972,0.06835049390792847
214,7.133333333333334,,,,insightface_bbox,0.6659348011016846,0.0,636.5147705078125,715.4921875,2425.406982421875,0,0,1,0,0,0,0,0,0,0,0,0,0.040196292102336884,0.027914011850953102,0.17205625772476196,0.033528685569763184,0.011398116126656532,0.02499432861804962,0.012783456593751907,0.046574629843235016,0.08134111762046814,0.056866228580474854,0.04687385633587837,0.06634555011987686
215,7.166666666666667,,,,insightface_bbox,0.6659348011016846,0.0,636.5147705078125,715.4921875,2425.406982421875,0,0,1,0,0,0,0,0,0,0,0,0,0.0399838462471962,0.027825497090816498,0.1710866391658783,0.03377817943692207,0.0113639235496521,0.024836406111717224,0.012759434059262276,0.046536605805158615,0.08128364384174347,0.05645439401268959,0.04698161035776138,0.06622020900249481
216,7.2,,,,insightface_bbox,0.6545218229293823,0.0,634.1921997070312,737.270263671875,2430.2802734375,0,0,1,0,0,0,0,0,0,0,0,0,0.04846306890249252,0.03611312806606293,0.1978515088558197,0.053630486130714417,0.013160723261535168,0.029729701578617096,0.01484597846865654,0.05160166323184967,0.08154274523258209,0.06095070764422417,0.0634431540966034,0.07700469344854355
217,7.233333333333333,,,,insightface_bbox,0.6545218229293823,0.0,634.1921997070312,737.270263671875,2430.2802734375,0,0,0,0,0,0,0,0,0,0,0,0,0.04588152468204498,0.03458573296666145,0.18077878654003143,0.05106515437364578,0.013124664314091206,0.029332322999835014,0.014942055568099022,0.052587732672691345,0.08065664023160934,0.06039935722947121,0.06503305584192276,0.07734854519367218
218,7.266666666666667,,,,insightface_bbox,0.6545218229293823,0.0,634.1921997070312,737.270263671875,2430.2802734375,0,0,0,0,0,0,0,0,0,0,0,0,0.04470895230770111,0.03387834504246712,0.18131378293037415,0.04909287765622139,0.01311449334025383,0.02905360609292984,0.01497784536331892,0.05231327936053276,0.07888104021549225,0.05882708728313446,0.06387229263782501,0.07606252282857895
219,7.3,,,,insightface_bbox,0.6545218229293823,0.0,634.1921997070312,737.270263671875,2430.2802734375,0,0,0,0,0,0,0,0,0,0,0,0,0.0453755222260952,0.034674301743507385,0.1864093393087387,0.05111325532197952,0.013441863469779491,0.02956746518611908,0.01566377282142639,0.0533386692404747,0.07964526116847992,0.05991821736097336,0.06725206971168518,0.07847245782613754
220,7.333333333333333,,,,insightface_bbox,0.6545218229293823,0.0,634.1921997070312,737.270263671875,2430.2802734375,0,0,0,0,0,0,0,0,0,0,0,0,0.04540224373340607,0.034543391317129135,0.18558503687381744,0.050757862627506256,0.013388440012931824,0.029457617551088333,0.01564127579331398,0.05302487313747406,0.07962553948163986,0.05963343754410744,0.06558897346258163,0.07737208902835846
221,7.366666666666666,,,,insightface_bbox,0.6545218229293823,0.0,634.1921997070312,737.270263671875,2430.2802734375,0,0,0,0,0,0,0,0,0,0,0,0,0.04550148546695709,0.03466762229800224,0.18462882936000824,0.050709206610918045,0.01345568336546421,0.029482191428542137,0.01584663800895214,0.053322844207286835,0.07965326309204102,0.06013616546988487,0.06449217349290848,0.07749312371015549
222,7.4,,,,insightface_bbox,0.6733240485191345,0.0,672.8512573242188,716.2163696289062,2431.392333984375,0,0,1,0,0,0,0,0,0,0,0,0,0.04457719996571541,0.032076165080070496,0.22363173961639404,0.04189307242631912,0.012537449598312378,0.0291172806173563,0.014475056901574135,0.04615161195397377,0.07596582919359207,0.054859139025211334,0.07063969224691391,0.0736110657453537
223,7.433333333333334,,,,insightface_bbox,0.6733240485191345,0.0,672.8512573242188,716.2163696289062,2431.392333984375,0,0,1,0,0,0,0,0,0,0,0,0,0.045510150492191315,0.03298116475343704,0.22681549191474915,0.04352320358157158,0.012726899236440659,0.029656540602445602,0.014523236081004143,0.046603284776210785,0.0768057182431221,0.05517388880252838,0.07567926496267319,0.07666855305433273
224,7.466666666666667,,,,insightface_bbox,0.6733240485191345,0.0,672.8512573242188,716.2163696289062,2431.392333984375,0,0,1,0,0,0,0,0,0,0,0,0,0.04594527930021286,0.032994259148836136,0.2289367914199829,0.04373161494731903,0.012568043544888496,0.029333826154470444,0.014426488429307938,0.04498548060655594,0.07612626254558563,0.05492059513926506,0.07419169694185257,0.07648265361785889
225,7.5,,,,insightface_bbox,0.6733240485191345,0.0,672.8512573242188,716.2163696289062,2431.392333984375,0,0,1,0,0,0,0,0,0,0,0,0,0.04524742811918259,0.03266984969377518,0.2237749844789505,0.043100468814373016,0.012669051997363567,0.02929268218576908,0.014361539855599403,0.04532032459974289,0.07674998790025711,0.055560529232025146,0.07323826104402542,0.07631384581327438
226,7.533333333333333,,,,insightface_bbox,0.6733240485191345,0.0,672.8512573242188,716.2163696289062,2431.392333984375,0,0,1,0,0,0,0,0,0,0,0,0,0.045893795788288116,0.03321067988872528,0.22673934698104858,0.044117119163274765,0.012703434564173222,0.029606834053993225,0.014474877156317234,0.04562312364578247,0.07669926434755325,0.05555256828665733,0.07660630345344543,0.07890292257070541
227,7.566666666666666,,,,insightface_bbox,0.6733240485191345,0.0,672.8512573242188,716.2163696289062,2431.392333984375,0,0,1,0,0,0,0,0,0,0,0,0,0.04559604823589325,0.033278435468673706,0.21989929676055908,0.04389006644487381,0.012673089280724525,0.029375458136200905,0.014622732996940613,0.0454670786857605,0.07605870813131332,0.055284418165683746,0.07308030128479004,0.07643117755651474
228,7.6,,,,insightface_bbox,0.6723339557647705,0.0,663.4840087890625,720.8306884765625,2401.237060546875,0,0,1,0,0,0,0,0,0,0,0,0,0.04295964166522026,0.032846178859472275,0.18525046110153198,0.043795160949230194,0.013139752671122551,0.02793418988585472,0.01637556403875351,0.048691004514694214,0.077543243765831,0.05820201709866524,0.05919811129570007,0.0748332142829895
229,7.633333333333334,,,,insightface_bbox,0.6723339557647705,0.0,663.4840087890625,720.8306884765625,2401.237060546875,0,0,1,0,0,0,0,0,0,0,0,0,0.04211810231208801,0.031873587518930435,0.17945191264152527,0.0432126559317112,0.012873225845396519,0.026930244639515877,0.01616138592362404,0.048233065754175186,0.07834531366825104,0.05873864144086838,0.052934322506189346,0.07123178988695145
230,7.666666666666667,,,,insightface_bbox,0.6723339557647705,0.0,663.4840087890625,720.8306884765625,2401.237060546875,0,0,1,0,0,0,0,0,0,0,0,0,0.041567035019397736,0.03142113611102104,0.16831906139850616,0.04261498153209686,0.012643139809370041,0.026360005140304565,0.01585470139980316,0.04663357138633728,0.07712754607200623,0.05790184438228607,0.05180688574910164,0.0700172483921051
231,7.7,,,,insightface_bbox,0.6723339557647705,0.0,663.4840087890625,720.8306884765625,2401.237060546875,0,0,1,0,0,0,0,0,0,0,0,0,0.04070375859737396,0.031108008697628975,0.16741320490837097,0.042090512812137604,0.012702672742307186,0.026301005855202675,0.015898289158940315,0.04610152915120125,0.07645921409130096,0.05730031430721283,0.0523071326315403,0.0691835880279541
232,7.733333333333333,,,,insightface_bbox,0.6723339557647705,0.0,663.4840087890625,720.8306884765625,2401.237060546875,0,0,1,0,0,0,0,0,0,0,0,0,0.041081011295318604,0.03182378038764,0.1733236163854599,0.043840762227773666,0.012874334119260311,0.02642146311700344,0.015937533229589462,0.04676840454339981,0.0763607993721962,0.05719504877924919,0.05507340654730797,0.07077684253454208
233,7.766666666666667,,,,insightface_bbox,0.6723339557647705,0.0,663.4840087890625,720.8306884765625,2401.237060546875,0,0,1,0,0,0,0,0,0,0,0,0,0.04216742143034935,0.031942013651132584,0.1798097938299179,0.043585404753685,0.013037728145718575,0.026925623416900635,0.01640797220170498,0.0468769334256649,0.07724270224571228,0.05794462561607361,0.054600462317466736,0.0712176263332367
234,7.8,,,,insightface_bbox,0.6647353172302246,0.0,641.1378173828125,728.2655029296875,2393.550048828125,0,0,1,0,0,0,0,0,0,0,0,0,0.04381431266665459,0.03198541700839996,0.22642013430595398,0.040842968970537186,0.013264274224638939,0.027640633285045624,0.015880834311246872,0.04440700635313988,0.07374174147844315,0.0552547313272953,0.05634930729866028,0.06843901425600052
235,7.833333333333333,,,,insightface_bbox,0.6647353172302246,0.0,641.1378173828125,728.2655029296875,2393.550048828125,0,0,1,0,0,0,0,0,0,0,0,0,0.042631443589925766,0.03066108003258705,0.21928822994232178,0.038789793848991394,0.012761637568473816,0.026297610253095627,0.01565415784716606,0.043811261653900146,0.0732467919588089,0.05461658537387848,0.050846341997385025,0.06368069350719452
236,7.866666666666666,,,,insightface_bbox,0.6647353172302246,0.0,641.1378173828125,728.2655029296875,2393.550048828125,0,0,1,0,0,0,0,0,0,0,0,0,0.042114440351724625,0.030022844672203064,0.21211928129196167,0.037328243255615234,0.012287866324186325,0.025061774998903275,0.015128159895539284,0.04315204918384552,0.07246053218841553,0.0542939230799675,0.04365668073296547,0.05917767062783241
237,7.9,,,,insightface_bbox,0.6647353172302246,0.0,641.1378173828125,728.2655029296875,2393.550048828125,0,0,1,0,0,0,0,0,0,0,0,0,0.04177606850862503,0.03027155064046383,0.2116105854511261,0.039969947189092636,0.012268325313925743,0.024698879569768906,0.014992577955126762,0.04372847080230713,0.07603470981121063,0.05641315132379532,0.037163279950618744,0.05558374896645546
238,7.933333333333334,,,,insightface_bbox,0.6647353172302246,0.0,641.1378173828125,728.2655029296875,2393.550048828125,0,0,1,0,0,0,0,0,0,0,0,0,0.04417286068201065,0.032259535044431686,0.19709013402462006,0.04406651854515076,0.012570003978908062,0.025544336065649986,0.01508913841098547,0.04662257060408592,0.07946406304836273,0.05568660423159599,0.04079202562570572,0.05842486023902893
239,7.966666666666667,,,,insightface_bbox,0.6647353172302246,0.0,641.1378173828125,728.2655029296875,2393.550048828125,0,0,0,0,0,0,0,0,0,0,0,0,0.044399768114089966,0.03394776210188866,0.18323677778244019,0.0480630099773407,0.013079650700092316,0.027271581813693047,0.01587330363690853,0.05100320279598236,0.08094798773527145,0.057752981781959534,0.051542721688747406,0.0682898536324501
240,8.0,,,,insightface_bbox,0.6417713165283203,13.955584526062012,644.2133178710938,813.7861328125,2421.5751953125,0,0,0,0,0,0,0,0,0,0,0,0,0.04417816549539566,0.03461945801973343,0.14562977850437164,0.0534268319606781,0.014479806646704674,0.027659345418214798,0.017502008005976677,0.053105488419532776,0.08481268584728241,0.06018670275807381,0.04646863788366318,0.06646449863910675
241,8.033333333333333,,,,insightface_bbox,0.6417713165283203,13.955584526062012,644.2133178710938,813.7861328125,2421.5751953125,0,0,0,0,0,0,0,0,0,0,0,0,0.04616781324148178,0.03533175215125084,0.18759755790233612,0.05835084617137909,0.01493695005774498,0.028438888490200043,0.017861656844615936,0.057096242904663086,0.08446663618087769,0.060776807367801666,0.04500986635684967,0.06469035893678665
242,8.066666666666666,,,,insightface_bbox,0.6417713165283203,13.955584526062012,644.2133178710938,813.7861328125,2421.5751953125,0,0,0,0,0,0,0,0,0,0,0,0,0.046763718128204346,0.035510528832674026,0.18461671471595764,0.05801212415099144,0.015026592649519444,0.03075093775987625,0.02105141431093216,0.06214894354343414,0.08873824775218964,0.06471298635005951,0.05401501804590225,0.07607974112033844
243,8.1,,,,insightface_bbox,0.6417713165283203,13.955584526062012,644.2133178710938,813.7861328125,2421.5751953125,0,0,0,0,0,0,0,0,0,0,0,0,0.04302147030830383,0.03227517381310463,0.14757907390594482,0.05089791864156723,0.013597054407000542,0.028505725786089897,0.018420834094285965,0.05579283833503723,0.08807481825351715,0.06111209839582443,0.04570324718952179,0.06928526610136032
244,8.133333333333333,,,,insightface_bbox,0.6417713165283203,13.955584526062012,644.2133178710938,813.7861328125,2421.5751953125,0,0,0,0,0,0,0,0,0,0,0,0,0.04277413338422775,0.03175702318549156,0.11942483484745026,0.050254110246896744,0.012852367013692856,0.02676045149564743,0.0169928390532732,0.050673242658376694,0.08641321212053299,0.05986209586262703,0.04095207899808884,0.06503290683031082
245,8.166666666666666,,,,insightface_bbox,0.6417713165283203,13.955584526062012,644.2133178710938,813.7861328125,2421.5751953125,0,0,0,0,0,0,0,0,0,0,0,0,0.042680125683546066,0.03146647661924362,0.11635808646678925,0.04924140125513077,0.012875370681285858,0.026749446988105774,0.01707340031862259,0.05130999535322189,0.08751387894153595,0.060342248529195786,0.0390215627849102,0.06461973488330841
246,8.2,,,,insightface_bbox,0.673492431640625,43.04859924316406,671.7098999023438,806.1307373046875,2405.769775390625,0,0,0,0,0,0,0,0,0,0,0,0,0.04089212045073509,0.029584623873233795,0.13087056577205658,0.039404332637786865,0.012012070044875145,0.025506045669317245,0.0139470174908638,0.051709383726119995,0.08383593708276749,0.05985163152217865,0.049309615045785904,0.07697238773107529
247,8.233333333333333,,,,insightface_bbox,0.673492431640625,43.04859924316406,671.7098999023438,806.1307373046875,2405.769775390625,0,0,0,0,0,0,0,0,0,0,0,0,0.04138391464948654,0.030134858563542366,0.12338674068450928,0.04006582498550415,0.012149592861533165,0.025817470625042915,0.014102566055953503,0.04985654726624489,0.08310018479824066,0.059133801609277725,0.049823466688394547,0.076493039727211
248,8.266666666666667,,,,insightface_bbox,0.673492431640625,43.04859924316406,671.7098999023438,806.1307373046875,2405.769775390625,0,0,0,0,0,0,0,0,0,0,0,0,0.0411149300634861,0.02964467741549015,0.12169307470321655,0.039264023303985596,0.012056957930326462,0.025399232283234596,0.013894130475819111,0.048356447368860245,0.0811339020729065,0.05776144191622734,0.048914480954408646,0.07369893044233322
249,8.3,,,,insightface_bbox,0.673492431640625,43.04859924316406,671.7098999023438,806.1307373046875,2405.769775390625,0,0,0,0,0,0,0,0,0,0,0,0,0.040424149483442307,0.02922762557864189,0.12016046792268753,0.03847404941916466,0.012033270671963692,0.02530757710337639,0.013879099860787392,0.048545271158218384,0.08128242194652557,0.05793968215584755,0.04897778481245041,0.07409347593784332
250,8.333333333333334,,,,insightface_bbox,0.673492431640625,43.04859924316406,671.7098999023438,806.1307373046875,2405.769775390625,0,0,0,0,0,0,0,0,0,0,0,0,0.04013173654675484,0.029155459254980087,0.12354910373687744,0.03877163305878639,0.012157425284385681,0.02521057054400444,0.013951362110674381,0.0482662171125412,0.07977718114852905,0.05653802305459976,0.04984007775783539,0.0734587162733078
251,8.366666666666667,,,,insightface_bbox,0.673492431640625,43.04859924316406,671.7098999023438,806.1307373046875,2405.769775390625,0,0,0,0,0,0,0,0,0,0,0,0,0.04051418974995613,0.029390724375844002,0.12564978003501892,0.039361365139484406,0.012064754962921143,0.02532590553164482,0.014370134100317955,0.04782102257013321,0.07899780571460724,0.05628686025738716,0.05046353116631508,0.07304643094539642
252,8.4,,,,insightface_bbox,0.6584006547927856,30.809181213378906,661.7100830078125,803.6865844726562,2409.99560546875,0,0,0,0,0,0,0,0,0,0,0,0,0.03985374793410301,0.02985822968184948,0.1569785475730896,0.04690643772482872,0.0129229836165905,0.026068247854709625,0.014618701301515102,0.04712309688329697,0.07809560745954514,0.05632008984684944,0.06076272577047348,0.07322047650814056
253,8.433333333333334,,,,insightface_bbox,0.6584006547927856,30.809181213378906,661.7100830078125,803.6865844726562,2409.99560546875,0,0,0,0,0,0,0,0,0,0,0,0,0.04092952236533165,0.031159335747361183,0.1471276730298996,0.051270827651023865,0.013325522653758526,0.025957908481359482,0.015911336988210678,0.04740643873810768,0.07698291540145874,0.056094199419021606,0.059567052870988846,0.0718505010008812
254,8.466666666666667,,,,insightface_bbox,0.6584006547927856,30.809181213378906,661.7100830078125,803.6865844726562,2409.99560546875,0,0,0,0,0,0,0,0,0,0,0,0,0.04142528399825096,0.03151044622063637,0.14738121628761292,0.051667433232069016,0.013281317427754402,0.026114150881767273,0.016027219593524933,0.046818289905786514,0.07551484555006027,0.05500950664281845,0.05789432302117348,0.06844554841518402
255,8.5,,,,insightface_bbox,0.6584006547927856,30.809181213378906,661.7100830078125,803.6865844726562,2409.99560546875,0,0,0,0,0,0,0,0,0,0,0,0,0.04172716662287712,0.03132789209485054,0.14884726703166962,0.051178041845560074,0.013322640210390091,0.02613632194697857,0.015843519940972328,0.04676330089569092,0.07532407343387604,0.05502242594957352,0.05671098455786705,0.06642613559961319
256,8.533333333333333,,,,insightface_bbox,0.6584006547927856,30.809181213378906,661.7100830078125,803.6865844726562,2409.99560546875,0,0,0,0,0,0,0,0,0,0,0,0,0.04217890650033951,0.031659290194511414,0.15324166417121887,0.052490636706352234,0.013110608793795109,0.025517957285046577,0.015088927000761032,0.044197630137205124,0.07176973670721054,0.052301011979579926,0.053691841661930084,0.06277884542942047
257,8.566666666666666,,,,insightface_bbox,0.6584006547927856,30.809181213378906,661.7100830078125,803.6865844726562,2409.99560546875,0,0,0,0,0,0,0,0,0,0,0,0,0.042894989252090454,0.0314185731112957,0.16775204241275787,0.051418934017419815,0.01317483838647604,0.025344716385006905,0.014895289205014706,0.04409385472536087,0.07101728767156601,0.051565319299697876,0.05293507128953934,0.060625605285167694
258,8.6,,,,insightface_bbox,0.6557408571243286,17.966970443725586,674.2634887695312,801.3515625,2405.192626953125,0,0,0,0,0,0,0,0,0,0,0,0,0.042141810059547424,0.030618056654930115,0.16716268658638,0.048209041357040405,0.01360222790390253,0.02513384073972702,0.013931388966739178,0.046096086502075195,0.0741322934627533,0.052243102341890335,0.0528741180896759,0.059496764093637466
259,8.633333333333333,,,,insightface_bbox,0.6557408571243286,17.966970443725586,674.2634887695312,801.3515625,2405.192626953125,0,0,0,0,0,0,0,0,0,0,0,0,0.04159802570939064,0.029949408024549484,0.173760324716568,0.0464404821395874,0.013454180210828781,0.025172289460897446,0.013598715886473656,0.04686449095606804,0.07453077286481857,0.052965447306632996,0.05407005175948143,0.05941585451364517
260,8.666666666666666,,,,insightface_bbox,0.6557408571243286,17.966970443725586,674.2634887695312,801.3515625,2405.192626953125,0,0,0,0,0,0,0,0,0,0,0,0,0.04079486429691315,0.029186490923166275,0.17540289461612701,0.044703077524900436,0.012980875559151173,0.02455470710992813,0.013190662488341331,0.04535029083490372,0.07320495694875717,0.05187245085835457,0.04902178794145584,0.05594328045845032
261,8.7,,,,insightface_bbox,0.6557408571243286,17.966970443725586,674.2634887695312,801.3515625,2405.192626953125,0,0,0,0,0,0,0,0,0,0,0,0,0.03957930952310562,0.02868025004863739,0.1617855429649353,0.04350800812244415,0.012599645182490349,0.023898068815469742,0.01246725581586361,0.04414289817214012,0.07152387499809265,0.05065418407320976,0.047602199018001556,0.05417732521891594
262,8.733333333333333,,,,insightface_bbox,0.6557408571243286,17.966970443725586,674.2634887695312,801.3515625,2405.192626953125,0,0,0,0,0,0,0,0,0,0,0,0,0.039312928915023804,0.028815872967243195,0.16203834116458893,0.04409785568714142,0.012676527723670006,0.023956159129738808,0.012714768759906292,0.04360603168606758,0.07056380808353424,0.04921065270900726,0.04664061591029167,0.05430562421679497
263,8.766666666666667,,,,insightface_bbox,0.6557408571243286,17.966970443725586,674.2634887695312,801.3515625,2405.192626953125,0,0,0,0,0,0,0,0,0,0,0,0,0.039837177842855453,0.029702065512537956,0.15618155896663666,0.046430595219135284,0.013089618645608425,0.024527166038751602,0.013083103112876415,0.04578474909067154,0.07138745486736298,0.05026513710618019,0.0477110892534256,0.05714091658592224
264,8.8,,,,insightface_bbox,0.6488679051399231,2.4959523677825928,659.15185546875,795.40576171875,2420.724853515625,0,0,0,0,0,0,0,0,0,0,0,0,0.0413149818778038,0.02945995144546032,0.14556361734867096,0.04446759819984436,0.01244498509913683,0.02500089816749096,0.014222249388694763,0.0476003997027874,0.08102811872959137,0.055895134806632996,0.04626842215657234,0.05672948434948921
265,8.833333333333334,,,,insightface_bbox,0.6488679051399231,2.4959523677825928,659.15185546875,795.40576171875,2420.724853515625,0,0,0,0,0,0,0,0,0,0,0,0,0.041551314294338226,0.02972014620900154,0.1516018956899643,0.04501461237668991,0.012464280240237713,0.025316271930933,0.01471441239118576,0.04750369116663933,0.08044855296611786,0.05506762117147446,0.04733119532465935,0.05629142373800278
266,8.866666666666667,,,,insightface_bbox,0.6488679051399231,2.4959523677825928,659.15185546875,795.40576171875,2420.724853515625,0,0,0,0,0,0,0,0,0,0,0,0,0.04270152002573013,0.030813124030828476,0.15739895403385162,0.04840211942791939,0.012700244784355164,0.02535266801714897,0.015301473438739777,0.047637637704610825,0.08077402412891388,0.05456046015024185,0.044766224920749664,0.05699903145432472
267,8.9,,,,insightface_bbox,0.6488679051399231,2.4959523677825928,659.15185546875,795.40576171875,2420.724853515625,0,0,0,0,0,0,0,0,0,0,0,0,0.04293765500187874,0.03089146316051483,0.15365822613239288,0.047886017709970474,0.01235108356922865,0.024506578221917152,0.014682142995297909,0.04540085420012474,0.07992380112409592,0.053864769637584686,0.04014721140265465,0.055440716445446014
268,8.933333333333334,,,,insightface_bbox,0.6488679051399231,2.4959523677825928,659.15185546875,795.40576171875,2420.724853515625,0,0,0,0,0,0,0,0,0,0,0,0,0.04246849566698074,0.030823422595858574,0.14755670726299286,0.04787642881274223,0.012461647391319275,0.024789176881313324,0.01540286373347044,0.045373037457466125,0.07964059710502625,0.05355716496706009,0.04084395244717598,0.0561392605304718
269,8.966666666666667,,,,insightface_bbox,0.6488679051399231,2.4959523677825928,659.15185546875,795.40576171875,2420.724853515625,0,0,0,0,0,0,0,0,0,0,0,0,0.04253629967570305,0.03034975752234459,0.15464183688163757,0.04626166820526123,0.01212077122181654,0.0246741846203804,0.015189304947853088,0.04427940025925636,0.08071429282426834,0.05338521674275398,0.03900284692645073,0.05461611598730087
270,9.0,,,,insightface_bbox,0.676347553730011,0.0,661.6634521484375,747.8607788085938,2395.98681640625,0,0,0,0,0,0,0,0,0,0,0,0,0.040359120815992355,0.0303721334785223,0.14497335255146027,0.043749041855335236,0.011071760207414627,0.022255554795265198,0.012327306903898716,0.03980018571019173,0.07530847191810608,0.04954804107546806,0.038289908319711685,0.05417592078447342
271,9.033333333333333,,,,insightface_bbox,0.676347553730011,0.0,661.6634521484375,747.8607788085938,2395.98681640625,0,0,0,0,0,0,0,0,0,0,0,0,0.04070015996694565,0.030259158462285995,0.14962467551231384,0.04355158656835556,0.011255117133259773,0.022563129663467407,0.012765693478286266,0.040454085916280746,0.07575403898954391,0.04953646659851074,0.03902580961585045,0.05478638783097267
272,9.066666666666666,,,,insightface_bbox,0.676347553730011,0.0,661.6634521484375,747.8607788085938,2395.98681640625,0,0,0,0,0,0,0,0,0,0,0,0,0.040597476065158844,0.030464861541986465,0.1443326771259308,0.04408041015267372,0.011570906266570091,0.02315097488462925,0.013177157379686832,0.04087187722325325,0.07496863603591919,0.049735553562641144,0.041406795382499695,0.05624998360872269
273,9.1,,,,insightface_bbox,0.676347553730011,0.0,661.6634521484375,747.8607788085938,2395.98681640625,0,0,0,0,0,0,0,0,0,0,0,0,0.040209922939538956,0.0305078886449337,0.14068691432476044,0.044048011302948,0.012072671204805374,0.02369765006005764,0.013583606109023094,0.042587265372276306,0.07507282495498657,0.05038641393184662,0.04404103383421898,0.05842023342847824
274,9.133333333333333,,,,insightface_bbox,0.676347553730011,0.0,661.6634521484375,747.8607788085938,2395.98681640625,0,0,0,0,0,0,0,0,0,0,0,0,0.04197065532207489,0.03097258135676384,0.14773494005203247,0.04300564527511597,0.012472019530832767,0.02535005658864975,0.015305394306778908,0.046911709010601044,0.07909752428531647,0.05385110154747963,0.04590047523379326,0.061573632061481476
275,9.166666666666666,,,,insightface_bbox,0.676347553730011,0.0,661.6634521484375,747.8607788085938,2395.98681640625,0,0,0,0,0,0,0,0,0,0,0,0,0.041940465569496155,0.03002055361866951,0.15400511026382446,0.039820972830057144,0.012081853114068508,0.02507973648607731,0.015780379995703697,0.047437213361263275,0.07851589471101761,0.05579444766044617,0.043097104877233505,0.060628462582826614
276,9.2,,,,insightface_bbox,0.6817181706428528,0.0,670.6292724609375,732.09228515625,2381.077880859375,0,0,1,0,0,0,0,0,0,0,0,0,0.040791578590869904,0.02919919602572918,0.1887054741382599,0.037063661962747574,0.012369216419756413,0.026012415066361427,0.01586811989545822,0.05036788433790207,0.07899625599384308,0.05684366449713707,0.0454922690987587,0.0628458634018898
277,9.233333333333333,,,,insightface_bbox,0.6817181706428528,0.0,670.6292724609375,732.09228515625,2381.077880859375,0,0,1,0,0,0,0,0,0,0,0,0,0.03955918923020363,0.028279852122068405,0.18938195705413818,0.0356924943625927,0.011577949859201908,0.025248706340789795,0.015505588613450527,0.04922749847173691,0.07699595391750336,0.05411232262849808,0.044850800186395645,0.06045643240213394
278,9.266666666666667,,,,insightface_bbox,0.6817181706428528,0.0,670.6292724609375,732.09228515625,2381.077880859375,0,0,1,0,0,0,0,0,0,0,0,0,0.040210191160440445,0.02871091291308403,0.20056560635566711,0.03630933538079262,0.01186967920511961,0.025785353034734726,0.01588987000286579,0.04739847034215927,0.07481670379638672,0.05264163017272949,0.04561156406998634,0.05914190784096718
279,9.3,,,,insightface_bbox,0.6817181706428528,0.0,670.6292724609375,732.09228515625,2381.077880859375,0,0,1,0,0,0,0,0,0,0,0,0,0.040832214057445526,0.02895575948059559,0.2051895558834076,0.03670400381088257,0.012152042239904404,0.025947222486138344,0.01628377102315426,0.048799023032188416,0.07550910860300064,0.05359027162194252,0.045882001519203186,0.05961495637893677
280,9.333333333333334,,,,insightface_bbox,0.6817181706428528,0.0,670.6292724609375,732.09228515625,2381.077880859375,0,0,1,0,0,0,0,0,0,0,0,0,0.040975771844387054,0.028812497854232788,0.20717106759548187,0.0363953560590744,0.012046964839100838,0.02565266191959381,0.016124503687024117,0.048014283180236816,0.0754246786236763,0.0533805787563324,0.04443098232150078,0.0593750886619091
281,9.366666666666667,,,,insightface_bbox,0.6817181706428528,0.0,670.6292724609375,732.09228515625,2381.077880859375,0,0,1,0,0,0,0,0,0,0,0,0,0.04072735086083412,0.0287054143846035,0.2072191834449768,0.0365334078669548,0.012134581804275513,0.025710919871926308,0.016031714156270027,0.04819101095199585,0.07580140233039856,0.053537242114543915,0.045346055179834366,0.05956188589334488
282,9.4,,,,insightface_bbox,0.6931509375572205,0.0,670.3450927734375,733.9487915039062,2378.196533203125,0,0,0,0,0,0,0,0,0,0,0,0,0.04139316827058792,0.030033504590392113,0.1647433638572693,0.03882100433111191,0.011672275140881538,0.024599280208349228,0.01523183099925518,0.0445089116692543,0.07528004795312881,0.05425388365983963,0.03904547169804573,0.05865607038140297
283,9.433333333333334,,,,insightface_bbox,0.6931509375572205,0.0,670.3450927734375,733.9487915039062,2378.196533203125,0,0,0,0,0,0,0,0,0,0,0,0,0.04201141744852066,0.03019939921796322,0.1733219027519226,0.03946593403816223,0.011874452233314514,0.025664212182164192,0.015906905755400658,0.044806547462940216,0.07695817947387695,0.055096451193094254,0.043393973261117935,0.06166757643222809
284,9.466666666666667,,,,insightface_bbox,0.6931509375572205,0.0,670.3450927734375,733.9487915039062,2378.196533203125,0,0,1,0,0,0,0,0,0,0,0,0,0.040533166378736496,0.029682260006666183,0.1918564885854721,0.039071567356586456,0.01183505542576313,0.025788255035877228,0.015142149291932583,0.044304266571998596,0.07732193171977997,0.05525355786085129,0.04369497671723366,0.06199778988957405
285,9.5,,,,insightface_bbox,0.6931509375572205,0.0,670.3450927734375,733.9487915039062,2378.196533203125,0,0,1,0,0,0,0,0,0,0,0,0,0.03970741480588913,0.029067080467939377,0.1979062259197235,0.03832636773586273,0.011434239335358143,0.025448130443692207,0.014313392341136932,0.04344432055950165,0.07725466787815094,0.055252231657505035,0.04336190223693848,0.0618150532245636
286,9.533333333333333,,,,insightface_bbox,0.6931509375572205,0.0,670.3450927734375,733.9487915039062,2378.196533203125,0,0,1,0,0,0,0,0,0,0,0,0,0.04130787402391434,0.030127044767141342,0.20379050076007843,0.040058623999357224,0.011732437647879124,0.025480106472969055,0.015060441568493843,0.04639171436429024,0.07996274530887604,0.057528894394636154,0.042214762419462204,0.0631934106349945
287,9.566666666666666,,,,insightface_bbox,0.6931509375572205,0.0,670.3450927734375,733.9487915039062,2378.196533203125,0,0,0,0,0,0,0,0,0,0,0,0,0.041541337966918945,0.03078622557222843,0.17866894602775574,0.041827403008937836,0.012163291685283184,0.025082828477025032,0.015368028543889523,0.04689137637615204,0.08074489235877991,0.058166202157735825,0.04243863373994827,0.0638793557882309
288,9.6,,,,insightface_bbox,0.686631441116333,0.0,646.8732299804688,741.3819580078125,2384.86376953125,0,0,0,0,0,0,0,0,0,0,0,0,0.0424041748046875,0.031403496861457825,0.16162081062793732,0.04286409169435501,0.01202339492738247,0.024857569485902786,0.015416949987411499,0.04625561833381653,0.08086372911930084,0.05894637852907181,0.04109591618180275,0.06448306888341904
289,9.633333333333333,,,,insightface_bbox,0.686631441116333,0.0,646.8732299804688,741.3819580078125,2384.86376953125,0,0,0,0,0,0,0,0,0,0,0,0,0.04362553730607033,0.03230857104063034,0.166100412607193,0.04446915537118912,0.012241202406585217,0.02553081512451172,0.015449238941073418,0.048030294477939606,0.08177102357149124,0.05889840051531792,0.04811553657054901,0.06934656947851181
290,9.666666666666666,,,,insightface_bbox,0.686631441116333,0.0,646.8732299804688,741.3819580078125,2384.86376953125,0,0,0,0,0,0,0,0,0,0,0,0,0.04352479428052902,0.03221878409385681,0.16210205852985382,0.04473879933357239,0.01214379258453846,0.02526688389480114,0.015284402295947075,0.04710453748703003,0.08275420218706131,0.05848078429698944,0.0474703386425972,0.0694163516163826
291,9.7,,,,insightface_bbox,0.686631441116333,0.0,646.8732299804688,741.3819580078125,2384.86376953125,0,0,0,0,0,0,0,0,0,0,0,0,0.0434209369122982,0.03199128061532974,0.16249798238277435,0.04491105675697327,0.01241956278681755,0.025376107543706894,0.015334547497332096,0.048391055315732956,0.08530139923095703,0.06003092974424362,0.047034524381160736,0.06932922452688217
292,9.733333333333333,,,,insightface_bbox,0.686631441116333,0.0,646.8732299804688,741.3819580078125,2384.86376953125,0,0,0,0,0,0,0,0,0,0,0,0,0.043797869235277176,0.03218049556016922,0.15960833430290222,0.04453033208847046,0.012188329361379147,0.025296665728092194,0.015364309772849083,0.04812581092119217,0.08433029800653458,0.059150829911231995,0.046104684472084045,0.06818744540214539
293,9.766666666666667,,,,insightface_bbox,0.686631441116333,0.0,646.8732299804688,741.3819580078125,2384.86376953125,0,0,0,0,0,0,0,0,0,0,0,0,0.044257186353206635,0.03205052390694618,0.16122105717658997,0.04396506026387215,0.012140297330915928,0.025491397827863693,0.015896277502179146,0.04713081568479538,0.08045949786901474,0.05844780057668686,0.0444759801030159,0.06702705472707748
294,9.8,,,,insightface_bbox,0.6785677671432495,0.0,664.9449462890625,734.6156616210938,2393.65380859375,0,0,0,0,0,0,0,0,0,0,0,0,0.04331003874540329,0.032131657004356384,0.14182335138320923,0.043353259563446045,0.012078376486897469,0.024525431916117668,0.015491288155317307,0.04651058465242386,0.0782293751835823,0.05818440765142441,0.04100686311721802,0.06326187402009964
295,9.833333333333334,,,,insightface_bbox,0.6785677671432495,0.0,664.9449462890625,734.6156616210938,2393.65380859375,0,0,0,0,0,0,0,0,0,0,0,0,0.04426686465740204,0.033104442059993744,0.16775476932525635,0.04643688350915909,0.012808501720428467,0.025623908266425133,0.01606249064207077,0.04774530231952667,0.07569827884435654,0.05753111466765404,0.04472970589995384,0.0643027275800705
296,9.866666666666667,,,,insightface_bbox,0.6785677671432495,0.0,664.9449462890625,734.6156616210938,2393.65380859375,0,0,0,0,0,0,0,0,0,0,0,0,0.044203855097293854,0.03276822715997696,0.16778799891471863,0.045926790684461594,0.012813211418688297,0.02581002376973629,0.0158236064016819,0.04677003622055054,0.07357320934534073,0.05484454706311226,0.04531567916274071,0.062449559569358826
297,9.9,,,,insightface_bbox,0.6785677671432495,0.0,664.9449462890625,734.6156616210938,2393.65380859375,0,0,0,0,0,0,0,0,0,0,0,0,0.04370233044028282,0.03238688036799431,0.1674579232931137,0.04517976567149162,0.012819180265069008,0.0257805734872818,0.01588321104645729,0.04790518060326576,0.07382670044898987,0.05553695559501648,0.0460965633392334,0.06308737397193909
298,9.933333333333334,,,,insightface_bbox,0.6785677671432495,0.0,664.9449462890625,734.6156616210938,2393.65380859375,0,0,0,0,0,0,0,0,0,0,0,0,0.04442032054066658,0.032688628882169724,0.17703166604042053,0.04619257152080536,0.01302263792604208,0.02626318298280239,0.01563555933535099,0.048478104174137115,0.07338344305753708,0.05541248619556427,0.04804721474647522,0.06449836492538452
299,9.966666666666667,,,,insightface_bbox,0.6785677671432495,0.0,664.9449462890625,734.6156616210938,2393.65380859375,0,0,0,0,0,0,0,0,0,0,0,0,0.04589124023914337,0.03285796195268631,0.18098825216293335,0.04510314017534256,0.012811371125280857,0.026890067383646965,0.015415141358971596,0.047589316964149475,0.07528884708881378,0.05657001957297325,0.05027830973267555,0.06728187948465347
300,10.0,,,,insightface_bbox,0.6629205346107483,0.0,639.77880859375,745.0299072265625,2444.9697265625,0,0,0,0,0,0,0,0,0,0,0,0,0.0441022552549839,0.0322786308825016,0.16501915454864502,0.04249776154756546,0.010411657392978668,0.022738056257367134,0.011510890908539295,0.04063159599900246,0.06837157905101776,0.05112314596772194,0.04119519144296646,0.06045432388782501
301,10.033333333333333,,,,insightface_bbox,0.6629205346107483,0.0,639.77880859375,745.0299072265625,2444.9697265625,0,0,0,0,0,0,0,0,0,0,0,0,0.04242308437824249,0.03069584257900715,0.16337040066719055,0.03983137011528015,0.010430248454213142,0.022839942947030067,0.011536394245922565,0.04193994775414467,0.06962405890226364,0.051580894738435745,0.04545958340167999,0.06253501772880554
302,10.066666666666666,,,,insightface_bbox,0.6629205346107483,0.0,639.77880859375,745.0299072265625,2444.9697265625,0,0,0,0,0,0,0,0,0,0,0,0,0.04045435041189194,0.02984609827399254,0.15488073229789734,0.038206059485673904,0.010598684661090374,0.023330707103013992,0.011996361427009106,0.04314340278506279,0.06825919449329376,0.0515470989048481,0.04557725042104721,0.06139294058084488
303,10.1,,,,insightface_bbox,0.6629205346107483,0.0,639.77880859375,745.0299072265625,2444.9697265625,0,0,0,0,0,0,0,0,0,0,0,0,0.04010389745235443,0.02977164089679718,0.14638769626617432,0.037652771919965744,0.010665114037692547,0.023036913946270943,0.012127650901675224,0.04270501434803009,0.06831096857786179,0.05163784325122833,0.04272599145770073,0.05941065400838852
304,10.133333333333333,,,,insightface_bbox,0.6629205346107483,0.0,639.77880859375,745.0299072265625,2444.9697265625,0,0,0,0,0,0,0,0,0,0,0,0,0.042476728558540344,0.03128329664468765,0.16233010590076447,0.04084627330303192,0.010762116871774197,0.0234113447368145,0.012354380451142788,0.042249783873558044,0.0671333447098732,0.051133304834365845,0.04353010654449463,0.06065976619720459
305,10.166666666666666,,,,insightface_bbox,0.6629205346107483,0.0,639.77880859375,745.0299072265625,2444.9697265625,0,0,1,0,0,0,0,0,0,0,0,0,0.04267001524567604,0.03110004961490631,0.17594587802886963,0.03981843218207359,0.010724540799856186,0.023479199036955833,0.012608134187757969,0.040974490344524384,0.06804293394088745,0.051171038299798965,0.04421096295118332,0.060176096856594086
306,10.2,,,,insightface_bbox,0.7234869003295898,0.0,648.633544921875,739.3163452148438,2384.24560546875,0,0,0,0,0,0,0,0,0,0,0,0,0.04322127252817154,0.03157833218574524,0.17034293711185455,0.040598057210445404,0.010728434659540653,0.0235182773321867,0.01253607776015997,0.04160022735595703,0.0691409483551979,0.052152566611766815,0.04395490139722824,0.061418771743774414
307,10.233333333333333,,,,insightface_bbox,0.7234869003295898,0.0,648.633544921875,739.3163452148438,2384.24560546875,0,0,0,0,0,0,0,0,0,0,0,0,0.04299001768231392,0.031558141112327576,0.16538679599761963,0.040489230304956436,0.010652175173163414,0.023365234956145287,0.012476491741836071,0.041666120290756226,0.06937674432992935,0.052494198083877563,0.04414646327495575,0.061694711446762085
308,10.266666666666667,,,,insightface_bbox,0.7234869003295898,0.0,648.633544921875,739.3163452148438,2384.24560546875,0,0,0,0,0,0,0,0,0,0,0,0,0.04257885366678238,0.03131595999002457,0.16707055270671844,0.04041331261396408,0.010522685945034027,0.023223532363772392,0.012291321530938148,0.04112677648663521,0.0688934177160263,0.05187511816620827,0.04483475908637047,0.06128911301493645
309,10.3,,,,insightface_bbox,0.7234869003295898,0.0,648.633544921875,739.3163452148438,2384.24560546875,0,0,0,0,0,0,0,0,0,0,0,0,0.0422375351190567,0.031168421730399132,0.16679994761943817,0.04041847214102745,0.010592807084321976,0.023222200572490692,0.012335196137428284,0.041374072432518005,0.06909414380788803,0.0520150326192379,0.0450969822704792,0.06149981543421745
310,10.333333333333334,,,,insightface_bbox,0.7234869003295898,0.0,648.633544921875,739.3163452148438,2384.24560546875,0,0,0,0,0,0,0,0,0,0,0,0,0.042374275624752045,0.03136645257472992,0.16914314031600952,0.040534064173698425,0.010669194161891937,0.0233876034617424,0.012578766793012619,0.041177019476890564,0.06917642802000046,0.0520685650408268,0.04514395445585251,0.061524294316768646
311,10.366666666666667,,,,insightface_bbox,0.7234869003295898,0.0,648.633544921875,739.3163452148438,2384.24560546875,0,0,1,0,0,0,0,0,0,0,0,0,0.04238316789269447,0.03125490993261337,0.16989833116531372,0.04050133377313614,0.01064504124224186,0.023262660950422287,0.012480729259550571,0.041067901998758316,0.06896138936281204,0.051850322633981705,0.04417407512664795,0.060656484216451645
312,10.4,,,,insightface_bbox,0.7036840915679932,0.0,644.6038818359375,743.93359375,2373.867431640625,0,0,0,0,0,0,0,0,0,0,0,0,0.0418844148516655,0.03101964294910431,0.15926715731620789,0.039490848779678345,0.011010823771357536,0.02469097077846527,0.013322677463293076,0.04417987912893295,0.07155313342809677,0.054096706211566925,0.051092103123664856,0.06269073486328125
313,10.433333333333334,,,,insightface_bbox,0.7036840915679932,0.0,644.6038818359375,743.93359375,2373.867431640625,0,0,0,0,0,0,0,0,0,0,0,0,0.042273856699466705,0.031694233417510986,0.16740009188652039,0.0410238578915596,0.011434695683419704,0.02510964497923851,0.01373567245900631,0.04448792338371277,0.07002761214971542,0.05364632233977318,0.052371662110090256,0.0637192502617836
314,10.466666666666667,,,,insightface_bbox,0.7036840915679932,0.0,644.6038818359375,743.93359375,2373.867431640625,0,0,1,0,0,0,0,0,0,0,0,0,0.04058422893285751,0.029693830758333206,0.16690656542778015,0.03735249117016792,0.010844133794307709,0.024566220119595528,0.012638390064239502,0.04386862367391586,0.07100888341665268,0.054499685764312744,0.04974419251084328,0.060677263885736465
315,10.5,,,,insightface_bbox,0.7036840915679932,0.0,644.6038818359375,743.93359375,2373.867431640625,0,0,1,0,0,0,0,0,0,0,0,0,0.040410008281469345,0.02945760451257229,0.1790371835231781,0.03743558004498482,0.010588281787931919,0.023829203099012375,0.011905061081051826,0.04203977435827255,0.0694243535399437,0.05284538492560387,0.047243330627679825,0.05857124552130699
316,10.533333333333333,,,,insightface_bbox,0.7036840915679932,0.0,644.6038818359375,743.93359375,2373.867431640625,0,0,1,0,0,0,0,0,0,0,0,0,0.04104768857359886,0.030108245089650154,0.18399980664253235,0.03880038112401962,0.010818052105605602,0.02434268593788147,0.01230602990835905,0.04280732944607735,0.06963837146759033,0.05321476235985756,0.04876963049173355,0.060080211609601974
317,10.566666666666666,,,,insightface_bbox,0.7036840915679932,0.0,644.6038818359375,743.93359375,2373.867431640625,0,0,1,0,0,0,0,0,0,0,0,0,0.04231925681233406,0.03134291619062424,0.1796552687883377,0.040590204298496246,0.011231794953346252,0.02478194236755371,0.012965855188667774,0.043885380029678345,0.06992693245410919,0.05407721549272537,0.050715286284685135,0.06267913430929184
318,10.6,,,,insightface_bbox,0.6808327436447144,0.0,655.417236328125,748.3273315429688,2372.51025390625,0,0,1,0,0,0,0,0,0,0,0,0,0.04220280423760414,0.03159060329198837,0.18648453056812286,0.04272805526852608,0.011446458287537098,0.024583058431744576,0.012634181417524815,0.04445066303014755,0.0702834352850914,0.05381504446268082,0.05126429721713066,0.06349685043096542
319,10.633333333333333,,,,insightface_bbox,0.6808327436447144,0.0,655.417236328125,748.3273315429688,2372.51025390625,0,0,0,0,0,0,0,0,0,0,0,0,0.03967585414648056,0.02954692766070366,0.16809359192848206,0.03939683735370636,0.010720341466367245,0.023748280480504036,0.011924962513148785,0.04428712651133537,0.07172209024429321,0.05410686507821083,0.0500665083527565,0.061055101454257965
320,10.666666666666666,,,,insightface_bbox,0.6808327436447144,0.0,655.417236328125,748.3273315429688,2372.51025390625,0,0,1,0,0,0,0,0,0,0,0,0,0.039683833718299866,0.029431141912937164,0.16946858167648315,0.039346400648355484,0.010546059347689152,0.023697448894381523,0.011725708842277527,0.04370003938674927,0.07155992835760117,0.05296997353434563,0.049157869070768356,0.059779826551675797
321,10.7,,,,insightface_bbox,0.6808327436447144,0.0,655.417236328125,748.3273315429688,2372.51025390625,0,0,0,0,0,0,0,0,0,0,0,0,0.0403723306953907,0.03008130006492138,0.16428670287132263,0.04188196361064911,0.010350098833441734,0.02235848270356655,0.01118993479758501,0.041812729090452194,0.06859007477760315,0.05119580030441284,0.04596631973981857,0.05774952098727226
322,10.733333333333333,,,,insightface_bbox,0.6808327436447144,0.0,655.417236328125,748.3273315429688,2372.51025390625,0,0,0,0,0,0,0,0,0,0,0,0,0.040948301553726196,0.03015095740556717,0.16135020554065704,0.041299864649772644,0.010360377840697765,0.022444957867264748,0.011110641993582249,0.042490433901548386,0.06886021047830582,0.051146652549505234,0.0453505702316761,0.057164452970027924
323,10.766666666666667,,,,insightface_bbox,0.6808327436447144,0.0,655.417236328125,748.3273315429688,2372.51025390625,0,0,0,0,0,0,0,0,0,0,0,0,0.042178649455308914,0.03083227574825287,0.17059871554374695,0.04287876561284065,0.010510050691664219,0.02264757640659809,0.011065294966101646,0.042730722576379776,0.06898925453424454,0.051322855055332184,0.0473853275179863,0.058455705642700195
324,10.8,,,,insightface_bbox,0.6864439845085144,0.0,647.8010864257812,748.527587890625,2413.229736328125,0,0,0,0,0,0,0,0,0,0,0,0,0.04372739791870117,0.03209478780627251,0.15538576245307922,0.04208400472998619,0.01132961269468069,0.024590909481048584,0.012468002736568451,0.04571586102247238,0.07190857827663422,0.05501892417669296,0.052622437477111816,0.06600649654865265
325,10.833333333333334,,,,insightface_bbox,0.6864439845085144,0.0,647.8010864257812,748.527587890625,2413.229736328125,0,0,0,0,0,0,0,0,0,0,0,0,0.04367443174123764,0.031889840960502625,0.15399663150310516,0.040754422545433044,0.011573543772101402,0.024883057922124863,0.012964955531060696,0.045884475111961365,0.07090788334608078,0.05471063405275345,0.05213639885187149,0.0633004903793335
326,10.866666666666667,,,,insightface_bbox,0.6864439845085144,0.0,647.8010864257812,748.527587890625,2413.229736328125,0,0,0,0,0,0,0,0,0,0,0,0,0.04368855804204941,0.031843312084674835,0.15622395277023315,0.040419407188892365,0.011737389490008354,0.02526971325278282,0.01311130728572607,0.047119688242673874,0.07208868116140366,0.055274222046136856,0.052452728152275085,0.06400876492261887
327,10.9,,,,insightface_bbox,0.6864439845085144,0.0,647.8010864257812,748.527587890625,2413.229736328125,0,0,0,0,0,0,0,0,0,0,0,0,0.04442138597369194,0.03258717060089111,0.15787339210510254,0.04224494844675064,0.011769864708185196,0.025438860058784485,0.013287004083395004,0.04768339917063713,0.07254304736852646,0.05595261603593826,0.05400841683149338,0.06614812463521957
328,10.933333333333334,,,,insightface_bbox,0.6864439845085144,0.0,647.8010864257812,748.527587890625,2413.229736328125,0,0,0,0,0,0,0,0,0,0,0,0,0.041241779923439026,0.030991096049547195,0.14495602250099182,0.0405181385576725,0.011015324853360653,0.023875568062067032,0.012567386031150818,0.04546061530709267,0.07086092978715897,0.05427873879671097,0.0504828542470932,0.06346212327480316
329,10.966666666666667,,,,insightface_bbox,0.6864439845085144,0.0,647.8010864257812,748.527587890625,2413.229736328125,0,0,0,0,0,0,0,0,0,0,0,0,0.03962760791182518,0.029688691720366478,0.13415458798408508,0.038810353726148605,0.01049825455993414,0.022541267797350883,0.011268667876720428,0.043274082243442535,0.07010611146688461,0.052611786872148514,0.043380893766880035,0.058834657073020935
330,11.0,,,,insightface_bbox,0.6772654056549072,0.0,648.4060668945312,744.0422973632812,2382.6728515625,0,0,0,0,0,0,0,0,0,0,0,0,0.04034791514277458,0.029449939727783203,0.13589194416999817,0.04034528508782387,0.010249493643641472,0.02184937708079815,0.010736552998423576,0.04336167871952057,0.06926832348108292,0.05187775939702988,0.043260663747787476,0.05843529850244522
331,11.033333333333333,,,,insightface_bbox,0.6772654056549072,0.0,648.4060668945312,744.0422973632812,2382.6728515625,0,0,0,0,0,0,0,0,0,0,0,0,0.04111780226230621,0.029869355261325836,0.15474732220172882,0.04032492637634277,0.010622519999742508,0.02266049198806286,0.011178335174918175,0.044217292219400406,0.07082299888134003,0.052558835595846176,0.046170055866241455,0.05935044586658478
332,11.066666666666666,,,,insightface_bbox,0.6772654056549072,0.0,648.4060668945312,744.0422973632812,2382.6728515625,0,0,0,0,0,0,0,0,0,0,0,0,0.04323872923851013,0.03145168349146843,0.17435166239738464,0.04350512847304344,0.011088499799370766,0.023329652845859528,0.011308216489851475,0.04401266947388649,0.06950512528419495,0.05139976739883423,0.04678698629140854,0.05924798548221588
333,11.1,,,,insightface_bbox,0.6772654056549072,0.0,648.4060668945312,744.0422973632812,2382.6728515625,0,0,1,0,0,0,0,0,0,0,0,0,0.044423989951610565,0.03243297338485718,0.18112117052078247,0.04560956358909607,0.011443452909588814,0.024026576429605484,0.011471481062471867,0.04519682750105858,0.07072973996400833,0.0529869943857193,0.05139520764350891,0.06235276907682419
334,11.133333333333333,,,,insightface_bbox,0.6772654056549072,0.0,648.4060668945312,744.0422973632812,2382.6728515625,0,0,1,0,0,0,0,0,0,0,0,0,0.04506228491663933,0.032461196184158325,0.1909516155719757,0.04633496701717377,0.01184086687862873,0.024327237159013748,0.011798943392932415,0.04626534506678581,0.07311251759529114,0.05457185581326485,0.05294468626379967,0.06292121857404709
335,11.166666666666666,,,,insightface_bbox,0.6772654056549072,0.0,648.4060668945312,744.0422973632812,2382.6728515625,0,0,1,0,0,0,0,0,0,0,0,0,0.046462271362543106,0.03302055969834328,0.18792101740837097,0.046910665929317474,0.011656537652015686,0.024303514510393143,0.011413256637752056,0.044902246445417404,0.0717754065990448,0.05331811308860779,0.04771025478839874,0.06092272326350212
