frame_idx,frame_time_in_ms,pitch,yaw,roll,face_alignment_method,face_detection_score,face_bbox_xmin,face_bbox_ymin,face_bbox_xmax,face_bbox_ymax,au_1,au_2,au_4,au_6,au_7,au_10,au_12,au_14,au_15,au_17,au_23,au_24,au_1_intensity,au_2_intensity,au_4_intensity,au_5_intensity,au_6_intensity,au_9_intensity,au_12_intensity,au_15_intensity,au_17_intensity,au_20_intensity,au_25_intensity,au_26_intensity
0,0.0,,,,insightface_bbox,0.6584157347679138,1202.653564453125,1171.7037353515625,2064.0,2774.061279296875,1,0,1,0,0,0,0,0,0,1,0,1,0.09257271140813828,0.03890341892838478,0.9106384515762329,0.02451111003756523,0.014736037701368332,0.029028963297605515,0.010086973197758198,0.0366424098610878,0.08561185002326965,0.06521103531122208,0.021189294755458832,0.04609893634915352
1,0.03333333333333333,,,,insightface_bbox,0.6584157347679138,1202.653564453125,1171.7037353515625,2064.0,2774.061279296875,1,0,1,0,0,0,0,0,0,1,0,1,0.0844641849398613,0.043425291776657104,0.6274339556694031,0.02738014981150627,0.014762812294065952,0.029259081929922104,0.009981084614992142,0.04555537551641464,0.08974859118461609,0.07066597044467926,0.019132914021611214,0.04556148499250412
2,0.06666666666666667,,,,insightface_bbox,0.6584157347679138,1202.653564453125,1171.7037353515625,2064.0,2774.061279296875,1,0,1,0,0,0,0,0,0,1,0,1,0.06382913142442703,0.04274896904826164,0.390654981136322,0.027083726599812508,0.013678912073373795,0.02492441050708294,0.008667631074786186,0.04654566943645477,0.08878344297409058,0.07262685894966125,0.012879223562777042,0.04161205515265465
3,0.1,,,,insightface_bbox,0.6584157347679138,1202.653564453125,1171.7037353515625,2064.0,2774.061279296875,1,0,1,0,0,0,0,0,0,1,0,0,0.05998450890183449,0.041453149169683456,0.3689660131931305,0.026698241010308266,0.01309832464903593,0.02368859015405178,0.008295915089547634,0.04452887922525406,0.08448100835084915,0.07112181931734085,0.013315830379724503,0.04023949056863785
4,0.13333333333333333,,,,insightface_bbox,0.6584157347679138,1202.653564453125,1171.7037353515625,2064.0,2774.061279296875,1,0,1,0,0,0,0,0,0,1,0,0,0.06074260175228119,0.044305626302957535,0.3598722815513611,0.027691759169101715,0.013328351080417633,0.02444923296570778,0.008752191439270973,0.04564012959599495,0.08580855280160904,0.07244932651519775,0.014023306779563427,0.04116395488381386
5,0.16666666666666666,,,,insightface_bbox,0.6584157347679138,1202.653564453125,1171.7037353515625,2064.0,2774.061279296875,1,0,1,0,0,0,0,0,0,1,0,0,0.06075982749462128,0.045019570738077164,0.3388622999191284,0.027667583897709846,0.013078803196549416,0.023415688425302505,0.008369410410523415,0.043913282454013824,0.08135493844747543,0.06865555793046951,0.013366727158427238,0.040690675377845764
6,0.2,,,,insightface_bbox,0.6140034198760986,1212.797607421875,1073.3642578125,2064.0,2755.984619140625,0,0,1,0,0,0,0,0,0,1,0,1,0.062365274876356125,0.04312290996313095,0.40213173627853394,0.029073748737573624,0.018824037164449692,0.026142792776226997,0.010369225405156612,0.04909612238407135,0.10008196532726288,0.06696619838476181,0.011803390458226204,0.04407424479722977
7,0.23333333333333334,,,,insightface_bbox,0.6140034198760986,1212.797607421875,1073.3642578125,2064.0,2755.984619140625,0,0,1,0,0,0,0,0,0,1,0,1,0.05775836855173111,0.040344443172216415,0.39453598856925964,0.028645964339375496,0.01773836463689804,0.024612121284008026,0.009879829362034798,0.05193338170647621,0.09801297634840012,0.06892840564250946,0.012070638127624989,0.042404014617204666
8,0.26666666666666666,,,,insightface_bbox,0.6140034198760986,1212.797607421875,1073.3642578125,2064.0,2755.984619140625,0,0,1,0,0,0,0,0,0,1,0,1,0.059230901300907135,0.04220446199178696,0.40039655566215515,0.02946668304502964,0.01808568462729454,0.025005728006362915,0.010086089372634888,0.05228421092033386,0.09856768697500229,0.07074590027332306,0.011920499615371227,0.042805854231119156
9,0.3,,,,insightface_bbox,0.6140034198760986,1212.797607421875,1073.3642578125,2064.0,2755.984619140625,0,0,1,0,0,0,0,0,0,1,0,1,0.05873763933777809,0.04119079187512398,0.4153038561344147,0.02927219308912754,0.018041985109448433,0.024772971868515015,0.010106009431183338,0.051596060395240784,0.09826061129570007,0.06933780014514923,0.012075715698301792,0.043290264904499054
10,0.3333333333333333,,,,insightface_bbox,0.6140034198760986,1212.797607421875,1073.3642578125,2064.0,2755.984619140625,0,0,1,0,0,0,0,0,0,1,0,1,0.05928967520594597,0.04144107550382614,0.41609302163124084,0.029957428574562073,0.01834067888557911,0.02502325549721718,0.010660730302333832,0.053669508546590805,0.09929774701595306,0.06975162029266357,0.012408368289470673,0.04381853714585304
11,0.36666666666666664,,,,insightface_bbox,0.6140034198760986,1212.797607421875,1073.3642578125,2064.0,2755.984619140625,0,0,1,0,0,0,0,0,0,1,0,0,0.059091098606586456,0.040999360382556915,0.40219646692276,0.03069722279906273,0.01848922111093998,0.024789445102214813,0.011198829859495163,0.05456722900271416,0.09821347892284393,0.06868090480566025,0.012541182339191437,0.04291732236742973
12,0.4,,,,insightface_bbox,0.6138169765472412,1208.8876953125,1139.2296142578125,2064.0,2759.80078125,0,0,1,0,0,0,0,0,0,1,0,1,0.06775115430355072,0.04958450421690941,0.3590931296348572,0.03182953596115112,0.015430514700710773,0.025061823427677155,0.010104355402290821,0.05648588761687279,0.10312782227993011,0.0851268619298935,0.013532162643969059,0.04614059627056122
13,0.43333333333333335,,,,insightface_bbox,0.6138169765472412,1208.8876953125,1139.2296142578125,2064.0,2759.80078125,1,0,1,0,0,0,0,0,0,1,0,1,0.06913275271654129,0.05124777555465698,0.34761831164360046,0.0323135107755661,0.01564696431159973,0.025180745869874954,0.010200224816799164,0.05600178614258766,0.1045684814453125,0.08691553771495819,0.01364031620323658,0.04605276882648468
14,0.4666666666666667,,,,insightface_bbox,0.6138169765472412,1208.8876953125,1139.2296142578125,2064.0,2759.80078125,1,0,1,0,0,0,0,0,0,1,0,1,0.06804616004228592,0.05008016526699066,0.33690544962882996,0.03132199868559837,0.015302972868084908,0.023946065455675125,0.010021833702921867,0.05339871346950531,0.10296574234962463,0.08441292494535446,0.012266727164387703,0.04413261264562607
15,0.5,,,,insightface_bbox,0.6138169765472412,1208.8876953125,1139.2296142578125,2064.0,2759.80078125,0,0,1,0,0,0,0,0,0,1,0,0,0.06814051419496536,0.049901027232408524,0.32976534962654114,0.03129078820347786,0.015448085032403469,0.0239491555839777,0.010002023540437222,0.052481845021247864,0.10170795768499374,0.08270210772752762,0.012283846735954285,0.04419426992535591
16,0.5333333333333333,,,,insightface_bbox,0.6138169765472412,1208.8876953125,1139.2296142578125,2064.0,2759.80078125,0,0,1,0,0,0,0,0,0,1,0,0,0.06960124522447586,0.05163942277431488,0.33473092317581177,0.03186143562197685,0.015804611146450043,0.024227380752563477,0.010203719139099121,0.05266314372420311,0.10248759388923645,0.08357173949480057,0.012435132637619972,0.04485104978084564
17,0.5666666666666667,,,,insightface_bbox,0.6138169765472412,1208.8876953125,1139.2296142578125,2064.0,2759.80078125,0,0,1,0,0,0,0,0,0,1,0,0,0.07019291818141937,0.052995793521404266,0.32953110337257385,0.032359443604946136,0.015951886773109436,0.024434607475996017,0.010452019050717354,0.052202049642801285,0.10183237493038177,0.08475133031606674,0.013191904872655869,0.04616453871130943
18,0.6,,,,insightface_bbox,0.6281781196594238,1212.6356201171875,1150.0712890625,2064.0,2763.4208984375,1,0,1,0,0,0,0,0,0,1,0,0,0.07138936966657639,0.054378826171159744,0.34231245517730713,0.033490557223558426,0.015618875622749329,0.024991456419229507,0.01083498913794756,0.054704129695892334,0.10384883731603622,0.08862456679344177,0.01366919744759798,0.04731912538409233
19,0.6333333333333333,,,,insightface_bbox,0.6281781196594238,1212.6356201171875,1150.0712890625,2064.0,2763.4208984375,0,0,1,0,0,0,0,0,0,1,0,0,0.07130763679742813,0.05287251994013786,0.32538101077079773,0.03422772139310837,0.01599721796810627,0.02565380185842514,0.011236947029829025,0.05663937330245972,0.10579627752304077,0.09039220213890076,0.014272209256887436,0.04847151041030884
20,0.6666666666666666,,,,insightface_bbox,0.6281781196594238,1212.6356201171875,1150.0712890625,2064.0,2763.4208984375,0,0,1,0,0,0,0,0,0,1,0,0,0.07236146926879883,0.05176091939210892,0.33799245953559875,0.034473057836294174,0.016202563419938087,0.026284705847501755,0.011702470481395721,0.05579886585474014,0.1044163778424263,0.08763793855905533,0.01563231088221073,0.05030667781829834
21,0.7,,,,insightface_bbox,0.6281781196594238,1212.6356201171875,1150.0712890625,2064.0,2763.4208984375,0,0,1,0,0,0,0,0,0,1,0,0,0.07089034467935562,0.05167123302817345,0.32917189598083496,0.033240340650081635,0.015947051346302032,0.02580779604613781,0.011073868721723557,0.052566125988960266,0.09854278713464737,0.08105427026748657,0.01547191757708788,0.049961913377046585
22,0.7333333333333333,,,,insightface_bbox,0.6281781196594238,1212.6356201171875,1150.0712890625,2064.0,2763.4208984375,0,0,1,0,0,0,0,0,0,1,0,0,0.07193750143051147,0.051986172795295715,0.3344273567199707,0.0337911993265152,0.015913991257548332,0.026407457888126373,0.011173194274306297,0.053681839257478714,0.09895770996809006,0.07913187146186829,0.016553189605474472,0.050638265907764435
23,0.7666666666666667,,,,insightface_bbox,0.6281781196594238,1212.6356201171875,1150.0712890625,2064.0,2763.4208984375,0,0,1,0,0,0,0,0,0,1,0,0,0.07224628329277039,0.05351600795984268,0.3221387267112732,0.03385871276259422,0.01562601700425148,0.026949815452098846,0.010964077897369862,0.05502878874540329,0.09785950928926468,0.08035549521446228,0.017395557835698128,0.0511162206530571
24,0.8,,,,insightface_bbox,0.6320589780807495,1209.935302734375,1096.10791015625,2064.0,2751.799072265625,0,0,1,0,0,0,0,0,0,1,0,1,0.06723808497190475,0.04904118925333023,0.32817885279655457,0.03126615285873413,0.015027536079287529,0.02391921728849411,0.01039336808025837,0.05354401096701622,0.1038225069642067,0.08755061775445938,0.010855387896299362,0.04443258047103882
25,0.8333333333333334,,,,insightface_bbox,0.6320589780807495,1209.935302734375,1096.10791015625,2064.0,2751.799072265625,0,0,1,0,0,0,0,0,0,1,0,1,0.06650249660015106,0.04869344085454941,0.3032503128051758,0.03109963983297348,0.015291402116417885,0.024194110184907913,0.010357208549976349,0.052326615899801254,0.10295747220516205,0.08866587281227112,0.01076633669435978,0.04349032789468765
26,0.8666666666666667,,,,insightface_bbox,0.6320589780807495,1209.935302734375,1096.10791015625,2064.0,2751.799072265625,0,0,1,0,0,0,0,0,0,1,0,1,0.06685756146907806,0.04933180660009384,0.29846346378326416,0.03125036507844925,0.01520329900085926,0.024121154099702835,0.010223651304841042,0.051692355424165726,0.10129351913928986,0.08813660591840744,0.011073420755565166,0.04407281056046486
27,0.9,,,,insightface_bbox,0.6320589780807495,1209.935302734375,1096.10791015625,2064.0,2751.799072265625,0,0,1,0,0,0,0,0,0,1,0,1,0.06602399051189423,0.04834946244955063,0.2944669723510742,0.030819430947303772,0.01495492085814476,0.023825891315937042,0.009993813000619411,0.05038610100746155,0.09930898249149323,0.08629000186920166,0.011284736916422844,0.043883778154850006
28,0.9333333333333333,,,,insightface_bbox,0.6320589780807495,1209.935302734375,1096.10791015625,2064.0,2751.799072265625,0,0,1,0,0,0,0,0,0,1,0,0,0.06487666070461273,0.04740113392472267,0.2874660789966583,0.030430329963564873,0.014820702373981476,0.02354355901479721,0.00988659355789423,0.04972144588828087,0.09762974083423615,0.0846511498093605,0.011102118529379368,0.04317173734307289
29,0.9666666666666667,,,,insightface_bbox,0.6320589780807495,1209.935302734375,1096.10791015625,2064.0,2751.799072265625,0,0,1,0,0,0,0,0,0,1,0,1,0.06432352215051651,0.044527169317007065,0.2844683527946472,0.030015889555215836,0.014895317144691944,0.023284489288926125,0.009866171516478062,0.05039343237876892,0.10042507946491241,0.08567112684249878,0.01103387214243412,0.043573249131441116
30,1.0,,,,insightface_bbox,0.6248595118522644,1207.5570068359375,1085.4864501953125,2064.0,2748.706787109375,0,0,1,0,0,0,0,0,0,1,0,1,0.0671110600233078,0.042834922671318054,0.31590506434440613,0.03105071932077408,0.01586151495575905,0.02420840598642826,0.010717276483774185,0.05388004332780838,0.10973543673753738,0.09152061492204666,0.011572485789656639,0.045947909355163574
31,1.0333333333333334,,,,insightface_bbox,0.6248595118522644,1207.5570068359375,1085.4864501953125,2064.0,2748.706787109375,0,0,1,0,0,0,0,0,0,1,0,1,0.0679689422249794,0.043080855160951614,0.3111475110054016,0.032069284468889236,0.01671263575553894,0.02507230080664158,0.011748043820261955,0.05561215803027153,0.11235536634922028,0.09232409298419952,0.011929361149668694,0.04685286805033684
32,1.0666666666666667,,,,insightface_bbox,0.6248595118522644,1207.5570068359375,1085.4864501953125,2064.0,2748.706787109375,0,0,1,0,0,0,0,0,0,1,0,1,0.06715555489063263,0.042100902646780014,0.3048804998397827,0.03205619007349014,0.016619112342596054,0.02508937567472458,0.01196569949388504,0.05647880584001541,0.11461512744426727,0.09434991329908371,0.0120295574888587,0.04692179709672928
33,1.1,,,,insightface_bbox,0.6248595118522644,1207.5570068359375,1085.4864501953125,2064.0,2748.706787109375,0,0,1,0,0,0,0,0,0,1,0,1,0.06879967451095581,0.04333657771348953,0.3231036961078644,0.034213606268167496,0.01733754575252533,0.026210488751530647,0.013147573918104172,0.05981864780187607,0.11819387972354889,0.0947398990392685,0.01259770430624485,0.048782434314489365
34,1.1333333333333333,,,,insightface_bbox,0.6248595118522644,1207.5570068359375,1085.4864501953125,2064.0,2748.706787109375,0,0,1,0,0,0,0,0,0,1,0,1,0.06980345398187637,0.04345434159040451,0.3254760503768921,0.03466983884572983,0.017756689339876175,0.026642557233572006,0.013440240174531937,0.061200667172670364,0.11986851692199707,0.09666360169649124,0.01306118257343769,0.05000360310077667
35,1.1666666666666667,,,,insightface_bbox,0.6248595118522644,1207.5570068359375,1085.4864501953125,2064.0,2748.706787109375,0,0,1,0,0,0,0,0,0,1,0,1,0.07026347517967224,0.043711960315704346,0.3279252350330353,0.036036089062690735,0.01815890520811081,0.02685438096523285,0.014105590060353279,0.0632619634270668,0.12188795208930969,0.09682565927505493,0.012871121056377888,0.0509871207177639
36,1.2,,,,insightface_bbox,0.6372842788696289,1213.1678466796875,1137.02294921875,2064.0,2780.094970703125,0,0,1,0,0,0,0,0,0,1,0,1,0.07321716845035553,0.04764169082045555,0.31984126567840576,0.036391377449035645,0.01707242615520954,0.026960093528032303,0.013757631182670593,0.06041073799133301,0.11676876991987228,0.10140343755483627,0.013739697635173798,0.05424587428569794
37,1.2333333333333334,,,,insightface_bbox,0.6372842788696289,1213.1678466796875,1137.02294921875,2064.0,2780.094970703125,0,0,1,0,0,0,0,0,0,1,0,1,0.07395416498184204,0.047422271221876144,0.31197458505630493,0.03594653680920601,0.016495661810040474,0.025897949934005737,0.013504558242857456,0.060685403645038605,0.11698625236749649,0.1025940552353859,0.012937342748045921,0.05290421098470688
38,1.2666666666666666,,,,insightface_bbox,0.6372842788696289,1213.1678466796875,1137.02294921875,2064.0,2780.094970703125,0,0,1,0,0,0,0,0,0,1,0,1,0.07487921416759491,0.047689907252788544,0.31161394715309143,0.036082711070775986,0.016372131183743477,0.025766033679246902,0.013560699298977852,0.060013674199581146,0.11656171083450317,0.10224834084510803,0.012834712862968445,0.05350101366639137
39,1.3,,,,insightface_bbox,0.6372842788696289,1213.1678466796875,1137.02294921875,2064.0,2780.094970703125,0,0,1,0,0,0,0,0,0,1,0,1,0.07478118687868118,0.04754768684506416,0.3084007799625397,0.03611292317509651,0.01654333434998989,0.025854680687189102,0.013586455024778843,0.05982205271720886,0.11716493219137192,0.10259010642766953,0.013012608513236046,0.05371306836605072
40,1.3333333333333333,,,,insightface_bbox,0.6372842788696289,1213.1678466796875,1137.02294921875,2064.0,2780.094970703125,0,0,1,0,0,0,0,0,0,1,0,1,0.0730448067188263,0.04688505828380585,0.2923070192337036,0.03622553497552872,0.01620837301015854,0.025256888940930367,0.013674328103661537,0.05831590294837952,0.11599408090114594,0.09950359165668488,0.013312455266714096,0.05355403199791908
41,1.3666666666666667,,,,insightface_bbox,0.6372842788696289,1213.1678466796875,1137.02294921875,2064.0,2780.094970703125,0,0,1,0,0,0,0,0,0,1,0,0,0.07120906561613083,0.04554721713066101,0.2816172242164612,0.03553656116127968,0.015646278858184814,0.024786220863461494,0.013373550027608871,0.0578012615442276,0.11495423316955566,0.10010747611522675,0.013166338205337524,0.05321335047483444
42,1.4,,,,insightface_bbox,0.6303582787513733,1210.97998046875,1143.4586181640625,2064.0,2774.199462890625,0,0,1,0,0,0,0,0,0,1,0,0,0.07344311475753784,0.051251571625471115,0.2820093035697937,0.03748641163110733,0.015748314559459686,0.026028547435998917,0.014012348838150501,0.05748742073774338,0.10765713453292847,0.103888601064682,0.014438571408390999,0.05611274391412735
43,1.4333333333333333,,,,insightface_bbox,0.6303582787513733,1210.97998046875,1143.4586181640625,2064.0,2774.199462890625,0,0,1,0,0,0,0,0,0,1,0,0,0.07237120717763901,0.050227098166942596,0.27534008026123047,0.03708121180534363,0.01552247628569603,0.026029203087091446,0.013616707175970078,0.05884255841374397,0.1075853705406189,0.10207421332597733,0.01458817906677723,0.05566827952861786
44,1.4666666666666666,,,,insightface_bbox,0.6303582787513733,1210.97998046875,1143.4586181640625,2064.0,2774.199462890625,0,0,1,0,0,0,0,0,0,1,0,0,0.07244112342596054,0.04998704046010971,0.2700018286705017,0.036652613431215286,0.015718646347522736,0.02638850174844265,0.013636937364935875,0.057345740497112274,0.10486748069524765,0.0988074243068695,0.015715233981609344,0.0574420727789402
45,1.5,,,,insightface_bbox,0.6303582787513733,1210.97998046875,1143.4586181640625,2064.0,2774.199462890625,0,0,1,0,0,0,0,0,0,1,0,0,0.0725439041852951,0.0486086905002594,0.2778059244155884,0.03566153347492218,0.015864234417676926,0.026412319391965866,0.013128891587257385,0.05607656389474869,0.10275707393884659,0.09294471889734268,0.016207147389650345,0.0580635704100132
46,1.5333333333333334,,,,insightface_bbox,0.6303582787513733,1210.97998046875,1143.4586181640625,2064.0,2774.199462890625,0,0,1,0,0,0,0,0,0,1,0,0,0.06960180401802063,0.04651682451367378,0.2739012539386749,0.03389773517847061,0.01505628228187561,0.024668697267770767,0.012227648869156837,0.0547034814953804,0.09815048426389694,0.08669879287481308,0.014290734194219112,0.055074580013751984
47,1.5666666666666667,,,,insightface_bbox,0.6303582787513733,1210.97998046875,1143.4586181640625,2064.0,2774.199462890625,0,0,1,0,0,0,0,0,0,1,0,0,0.06995044648647308,0.04664696380496025,0.27630770206451416,0.03380218520760536,0.014845743775367737,0.02430654875934124,0.012424933724105358,0.05420549213886261,0.09642860293388367,0.08696674555540085,0.01382722333073616,0.05417131260037422
48,1.6,,,,insightface_bbox,0.6367246508598328,1207.296875,1077.3707275390625,2064.0,2762.339599609375,0,0,1,0,0,0,0,0,0,1,0,1,0.07157523185014725,0.043640900403261185,0.33495908975601196,0.033722616732120514,0.01623186096549034,0.02555232308804989,0.01234742347151041,0.0581560879945755,0.11085718125104904,0.09726706892251968,0.012839296832680702,0.051749441772699356
49,1.6333333333333333,,,,insightface_bbox,0.6367246508598328,1207.296875,1077.3707275390625,2064.0,2762.339599609375,0,0,1,0,0,0,0,0,0,1,0,1,0.07201659679412842,0.04410948231816292,0.3242972493171692,0.03402627632021904,0.01674182526767254,0.025833815336227417,0.012351260520517826,0.05844937264919281,0.10806699097156525,0.09639099985361099,0.013227946124970913,0.051878295838832855
50,1.6666666666666667,,,,insightface_bbox,0.6367246508598328,1207.296875,1077.3707275390625,2064.0,2762.339599609375,0,0,1,0,0,0,0,0,0,1,0,1,0.07392401993274689,0.04574321210384369,0.3317165970802307,0.03454617038369179,0.01716046780347824,0.026885196566581726,0.012793062254786491,0.058917999267578125,0.1101778894662857,0.09984315931797028,0.013598917052149773,0.05282628908753395
51,1.7,,,,insightface_bbox,0.6367246508598328,1207.296875,1077.3707275390625,2064.0,2762.339599609375,0,0,1,0,0,0,0,0,0,1,0,0,0.07236426323652267,0.04477363079786301,0.3222271502017975,0.033954549580812454,0.01709689572453499,0.026301229372620583,0.01267893984913826,0.05772995203733444,0.10707799345254898,0.099702388048172,0.013375896029174328,0.05261332169175148
52,1.7333333333333334,,,,insightface_bbox,0.6367246508598328,1207.296875,1077.3707275390625,2064.0,2762.339599609375,0,0,1,0,0,0,0,0,0,1,0,1,0.07363933324813843,0.04531996324658394,0.3249456286430359,0.034232258796691895,0.01716233417391777,0.02673264406621456,0.012957485392689705,0.05846267566084862,0.10860256850719452,0.10060437768697739,0.013220160268247128,0.05268038809299469
53,1.7666666666666666,,,,insightface_bbox,0.6367246508598328,1207.296875,1077.3707275390625,2064.0,2762.339599609375,0,0,1,0,0,0,0,0,0,1,0,1,0.07230439782142639,0.043233782052993774,0.3173553943634033,0.032939355820417404,0.016408121213316917,0.02612467110157013,0.01215739082545042,0.057737138122320175,0.10945992171764374,0.10150836408138275,0.012817971408367157,0.0513991117477417
54,1.8,,,,insightface_bbox,0.6198598146438599,1199.7364501953125,1119.9244384765625,2064.0,2788.562255859375,0,0,1,0,0,0,0,0,0,1,0,0,0.08315529674291611,0.053161971271038055,0.29590752720832825,0.04259306564927101,0.015620254911482334,0.029994629323482513,0.019208377227187157,0.05923933535814285,0.11367011815309525,0.11387033760547638,0.018364490941166878,0.06054674834012985
55,1.8333333333333333,,,,insightface_bbox,0.6198598146438599,1199.7364501953125,1119.9244384765625,2064.0,2788.562255859375,0,0,1,0,0,0,0,0,0,1,0,0,0.0822831243276596,0.052008647471666336,0.27781668305397034,0.041754599660634995,0.015207303687930107,0.02889520488679409,0.018704591318964958,0.05788916349411011,0.11543489247560501,0.11469466984272003,0.017668362706899643,0.05967194214463234
56,1.8666666666666667,,,,insightface_bbox,0.6198598146438599,1199.7364501953125,1119.9244384765625,2064.0,2788.562255859375,0,0,1,0,0,0,0,0,0,1,0,0,0.08335012942552567,0.0518236868083477,0.2868598997592926,0.04166945442557335,0.015528593212366104,0.029406096786260605,0.01847749948501587,0.05767526105046272,0.116363525390625,0.11583612859249115,0.01828061044216156,0.06097891181707382
57,1.9,,,,insightface_bbox,0.6198598146438599,1199.7364501953125,1119.9244384765625,2064.0,2788.562255859375,0,0,1,0,0,0,0,0,0,1,0,0,0.08642929792404175,0.05587513744831085,0.31503427028656006,0.045584529638290405,0.01831587217748165,0.034046318382024765,0.023535829037427902,0.05917736887931824,0.11530686914920807,0.11525489389896393,0.02121494710445404,0.06503088772296906
58,1.9333333333333333,,,,insightface_bbox,0.6198598146438599,1199.7364501953125,1119.9244384765625,2064.0,2788.562255859375,0,0,1,0,0,0,0,0,0,1,0,0,0.08823607861995697,0.058547623455524445,0.33760738372802734,0.04693875461816788,0.01854671910405159,0.03505823016166687,0.023220611736178398,0.06044705957174301,0.11210991442203522,0.11489894986152649,0.021467983722686768,0.06500695645809174
59,1.9666666666666666,,,,insightface_bbox,0.6198598146438599,1199.7364501953125,1119.9244384765625,2064.0,2788.562255859375,0,0,1,0,0,0,0,0,0,1,0,0,0.09050578624010086,0.06001662090420723,0.3639894425868988,0.047954000532627106,0.018769409507513046,0.03544958308339119,0.022763704881072044,0.06171891465783119,0.10973697900772095,0.11039949953556061,0.02039511501789093,0.06543950736522675
60,2.0,,,,insightface_bbox,0.6177905201911926,1213.892822265625,1075.16943359375,2064.0,2761.32080078125,0,0,1,0,0,0,0,0,0,1,0,0,0.06955413520336151,0.04351940378546715,0.3372439444065094,0.037563178688287735,0.018880169838666916,0.028239412233233452,0.01514467503875494,0.05832667648792267,0.09367816895246506,0.08009971678256989,0.015506016090512276,0.053353920578956604
61,2.033333333333333,,,,insightface_bbox,0.6177905201911926,1213.892822265625,1075.16943359375,2064.0,2761.32080078125,0,0,1,0,0,0,0,0,0,1,0,0,0.0698297843337059,0.04306180030107498,0.33150482177734375,0.03671286255121231,0.018437152728438377,0.027518611401319504,0.014909096993505955,0.05759263038635254,0.09540849179029465,0.0825827419757843,0.01434931717813015,0.05178408324718475
62,2.066666666666667,,,,insightface_bbox,0.6177905201911926,1213.892822265625,1075.16943359375,2064.0,2761.32080078125,0,0,1,0,0,0,0,0,0,1,0,0,0.07073027640581131,0.04336514323949814,0.3323441743850708,0.03635496273636818,0.018260682001709938,0.02720789611339569,0.014681759290397167,0.056905895471572876,0.09759017080068588,0.08462242782115936,0.01335059106349945,0.05126442015171051
63,2.1,,,,insightface_bbox,0.6177905201911926,1213.892822265625,1075.16943359375,2064.0,2761.32080078125,0,0,1,0,0,0,0,0,0,1,0,0,0.0722213014960289,0.043951041996479034,0.3489331603050232,0.03684033825993538,0.01821792498230934,0.027619263157248497,0.01498060766607523,0.05781659856438637,0.10112841427326202,0.08818946778774261,0.013487864285707474,0.051993437111377716
64,2.1333333333333333,,,,insightface_bbox,0.6177905201911926,1213.892822265625,1075.16943359375,2064.0,2761.32080078125,0,0,1,0,0,0,0,0,0,1,0,0,0.07254590839147568,0.04390104115009308,0.34659329056739807,0.037310052663087845,0.01835796609520912,0.028236480429768562,0.015241558663547039,0.05937883257865906,0.10391201078891754,0.090032659471035,0.013897478580474854,0.052421506494283676
65,2.1666666666666665,,,,insightface_bbox,0.6177905201911926,1213.892822265625,1075.16943359375,2064.0,2761.32080078125,0,0,1,0,0,0,0,0,0,1,0,0,0.0735853761434555,0.04482710734009743,0.3522658050060272,0.03735266625881195,0.018573611974716187,0.02846098504960537,0.015229752287268639,0.058212488889694214,0.10109870880842209,0.08772502839565277,0.014451510272920132,0.05287795886397362
66,2.2,,,,insightface_bbox,0.6177573204040527,1205.0439453125,1085.98046875,2064.0,2757.563232421875,0,0,1,0,0,0,0,0,0,1,0,1,0.07656610012054443,0.043182700872421265,0.3256187438964844,0.03562407195568085,0.017673686146736145,0.028022462502121925,0.013863209635019302,0.06286126375198364,0.1146378442645073,0.10573321580886841,0.01463517639786005,0.05421891435980797
67,2.2333333333333334,,,,insightface_bbox,0.6177573204040527,1205.0439453125,1085.98046875,2064.0,2757.563232421875,0,0,1,0,0,0,0,0,0,1,0,0,0.07542145997285843,0.042494311928749084,0.31932491064071655,0.03513893485069275,0.017491450533270836,0.027764931321144104,0.013663257472217083,0.06130888685584068,0.11383752524852753,0.105121910572052,0.01477794535458088,0.053937364369630814
68,2.2666666666666666,,,,insightface_bbox,0.6177573204040527,1205.0439453125,1085.98046875,2064.0,2757.563232421875,0,0,1,0,0,0,0,0,0,1,0,1,0.07493236660957336,0.042852792888879776,0.3169160783290863,0.03523394092917442,0.017191581428050995,0.027623508125543594,0.013438333757221699,0.061828646808862686,0.11575400829315186,0.10558992624282837,0.014039980247616768,0.05342302843928337
69,2.3,,,,insightface_bbox,0.6177573204040527,1205.0439453125,1085.98046875,2064.0,2757.563232421875,0,0,1,0,0,0,0,0,0,1,0,1,0.07550017535686493,0.043601639568805695,0.3196179270744324,0.036877743899822235,0.017762985080480576,0.02794152870774269,0.014431900344789028,0.06410136073827744,0.11805394291877747,0.11028537154197693,0.013869321905076504,0.05406994745135307
70,2.3333333333333335,,,,insightface_bbox,0.6177573204040527,1205.0439453125,1085.98046875,2064.0,2757.563232421875,0,0,1,0,0,0,0,0,0,1,0,1,0.07900819182395935,0.045152340084314346,0.3269624710083008,0.037879519164562225,0.018014410510659218,0.02858465537428856,0.014739646576344967,0.06435014307498932,0.11704893410205841,0.11063195765018463,0.013909201137721539,0.05463358759880066
71,2.3666666666666667,,,,insightface_bbox,0.6177573204040527,1205.0439453125,1085.98046875,2064.0,2757.563232421875,0,0,1,0,0,0,0,0,0,1,0,1,0.07849135249853134,0.044916994869709015,0.3201568126678467,0.03783177584409714,0.017866987735033035,0.028406240046024323,0.014589337632060051,0.06402236223220825,0.11595948040485382,0.10896167904138565,0.013863986358046532,0.054273102432489395
72,2.4,,,,insightface_bbox,0.6001183986663818,1208.5458984375,1070.9617919921875,2064.0,2760.207763671875,0,0,1,0,0,0,0,0,0,1,0,0,0.07904353737831116,0.0460372120141983,0.31415584683418274,0.03812291473150253,0.017757752910256386,0.028554920107126236,0.014744945801794529,0.06364771723747253,0.11450819671154022,0.10650594532489777,0.013786288909614086,0.05443703010678291
73,2.433333333333333,,,,insightface_bbox,0.6001183986663818,1208.5458984375,1070.9617919921875,2064.0,2760.207763671875,0,0,1,0,0,0,0,0,0,1,0,1,0.07544487714767456,0.043097272515296936,0.30546313524246216,0.03636910766363144,0.01732192374765873,0.027576129883527756,0.013822438195347786,0.06300930678844452,0.1145845353603363,0.10659721493721008,0.013609138317406178,0.05250135809183121
74,2.466666666666667,,,,insightface_bbox,0.6001183986663818,1208.5458984375,1070.9617919921875,2064.0,2760.207763671875,0,0,1,0,0,0,0,0,0,1,0,1,0.07544561475515366,0.04218684509396553,0.3231545686721802,0.03565160930156708,0.016998209059238434,0.027689211070537567,0.013764136470854282,0.06444510817527771,0.11698557436466217,0.10939921438694,0.013737848028540611,0.05333791673183441
75,2.5,,,,insightface_bbox,0.6001183986663818,1208.5458984375,1070.9617919921875,2064.0,2760.207763671875,0,0,1,0,0,0,0,0,0,1,0,1,0.0754486620426178,0.04201294854283333,0.3345102369785309,0.03509991988539696,0.01768307574093342,0.028501657769083977,0.014459958299994469,0.06772936880588531,0.11414080858230591,0.11480019986629486,0.014296075329184532,0.05218537896871567
76,2.533333333333333,,,,insightface_bbox,0.6001183986663818,1208.5458984375,1070.9617919921875,2064.0,2760.207763671875,0,0,1,0,0,0,0,0,0,1,0,1,0.05915975198149681,0.03561791777610779,0.29090896248817444,0.028648734092712402,0.013330391608178616,0.023838501423597336,0.011418718844652176,0.06050757318735123,0.1047050803899765,0.10648563504219055,0.012071161530911922,0.04462121054530144
77,2.566666666666667,,,,insightface_bbox,0.6001183986663818,1208.5458984375,1070.9617919921875,2064.0,2760.207763671875,0,0,1,0,0,0,0,0,0,1,0,0,0.05650796741247177,0.03584691882133484,0.256621778011322,0.028438646346330643,0.013076589442789555,0.021897904574871063,0.010847761295735836,0.05425482988357544,0.09692903608083725,0.09522050619125366,0.01183803379535675,0.04405129700899124
78,2.6,,,,insightface_bbox,0.6273658871650696,1153.2105712890625,1148.329833984375,2064.0,2757.79736328125,0,0,0,0,0,0,0,0,0,0,0,0,0.05363660305738449,0.032479457557201385,0.1344437599182129,0.02503303810954094,0.008870555087924004,0.018845761194825172,0.012942174449563026,0.03903117775917053,0.08199416100978851,0.06088981404900551,0.010111805982887745,0.03970350697636604
79,2.6333333333333333,,,,insightface_bbox,0.6273658871650696,1153.2105712890625,1148.329833984375,2064.0,2757.79736328125,0,0,0,0,0,0,0,0,0,0,0,0,0.05136014521121979,0.031200412660837173,0.12312987446784973,0.023239122703671455,0.008574668318033218,0.017943477258086205,0.01154405903071165,0.03825950622558594,0.07784347236156464,0.05931239575147629,0.009188982658088207,0.03729010000824928
80,2.6666666666666665,,,,insightface_bbox,0.6273658871650696,1153.2105712890625,1148.329833984375,2064.0,2757.79736328125,0,0,0,0,0,0,0,0,0,0,0,0,0.051445122808218,0.03146938234567642,0.1221543624997139,0.02277979999780655,0.00839652307331562,0.017245614901185036,0.01072127465158701,0.037251733243465424,0.0759962648153305,0.0582902692258358,0.008480249904096127,0.03692334517836571
81,2.7,,,,insightface_bbox,0.6273658871650696,1153.2105712890625,1148.329833984375,2064.0,2757.79736328125,0,0,0,0,0,0,0,0,0,0,0,0,0.052211910486221313,0.03217046707868576,0.1229802668094635,0.022290097549557686,0.008184916339814663,0.01646798849105835,0.010217420756816864,0.03512563928961754,0.0740908682346344,0.05781322345137596,0.007455640472471714,0.03574687987565994
82,2.7333333333333334,,,,insightface_bbox,0.6273658871650696,1153.2105712890625,1148.329833984375,2064.0,2757.79736328125,0,0,1,0,0,0,0,0,0,0,0,0,0.060838669538497925,0.036049842834472656,0.14263278245925903,0.026236139237880707,0.00965417455881834,0.01868005469441414,0.013338958844542503,0.03773890435695648,0.08084951341152191,0.06455929577350616,0.0075666047632694244,0.03874707221984863
83,2.7666666666666666,,,,insightface_bbox,0.6273658871650696,1153.2105712890625,1148.329833984375,2064.0,2757.79736328125,0,0,1,0,0,0,0,0,0,0,0,0,0.06170880049467087,0.03599077835679054,0.17591172456741333,0.029221365228295326,0.011701407842338085,0.0222869124263525,0.02078428864479065,0.0378093346953392,0.08727516978979111,0.07204015552997589,0.008362819440662861,0.04154533892869949
84,2.8,,,,insightface_bbox,0.6094404458999634,1190.069580078125,1151.873046875,2064.0,2784.806640625,0,0,1,0,0,0,0,0,0,1,0,0,0.07067286968231201,0.047388263046741486,0.25899872183799744,0.03704833984375,0.013778307475149632,0.024775993078947067,0.015842948108911514,0.048900168389081955,0.09943549335002899,0.09118974953889847,0.01087068673223257,0.04764612391591072
85,2.8333333333333335,,,,insightface_bbox,0.6094404458999634,1190.069580078125,1151.873046875,2064.0,2784.806640625,0,0,1,0,0,0,0,0,0,1,0,0,0.06589022278785706,0.04508526995778084,0.2348211109638214,0.03484279289841652,0.013345645740628242,0.023466631770133972,0.014413364231586456,0.04866044223308563,0.09820572286844254,0.09167897701263428,0.01049709040671587,0.04708929359912872
86,2.8666666666666667,,,,insightface_bbox,0.6094404458999634,1190.069580078125,1151.873046875,2064.0,2784.806640625,0,0,1,0,0,0,0,0,0,1,0,0,0.06564097106456757,0.044087931513786316,0.23541483283042908,0.03462645784020424,0.013517587445676327,0.023596035316586494,0.0141329076141119,0.04924175143241882,0.09878579527139664,0.09185396879911423,0.010896464809775352,0.04773669317364693
87,2.9,,,,insightface_bbox,0.6094404458999634,1190.069580078125,1151.873046875,2064.0,2784.806640625,0,0,1,0,0,0,0,0,0,1,0,0,0.06835881620645523,0.045637261122465134,0.24795955419540405,0.0357503816485405,0.014171311631798744,0.02464701607823372,0.014861788600683212,0.05044978857040405,0.0991516187787056,0.0931355282664299,0.01181925181299448,0.04931825399398804
88,2.933333333333333,,,,insightface_bbox,0.6094404458999634,1190.069580078125,1151.873046875,2064.0,2784.806640625,0,0,1,0,0,0,0,0,0,0,0,0,0.07233637571334839,0.048684362322092056,0.2572440207004547,0.039180707186460495,0.01548724714666605,0.02701679989695549,0.01766122877597809,0.05393974855542183,0.10280755162239075,0.09477867931127548,0.01337553933262825,0.052729252725839615
89,2.966666666666667,,,,insightface_bbox,0.6094404458999634,1190.069580078125,1151.873046875,2064.0,2784.806640625,0,0,1,0,0,0,0,0,0,1,0,0,0.07323994487524033,0.04919905588030815,0.2532072961330414,0.04163745045661926,0.01593514159321785,0.0274466834962368,0.01896781101822853,0.0570472776889801,0.10851829499006271,0.09909797459840775,0.013892854563891888,0.05353488400578499
90,3.0,,,,insightface_bbox,0.6279102563858032,1187.2401123046875,1122.52734375,2064.0,2783.15625,0,0,1,0,0,0,0,0,0,1,0,0,0.0751512423157692,0.04664909839630127,0.28095340728759766,0.04058808833360672,0.015529561787843704,0.02768305316567421,0.020125996321439743,0.05438772961497307,0.11241394281387329,0.10236579924821854,0.014670245349407196,0.05470949411392212
91,3.033333333333333,,,,insightface_bbox,0.6279102563858032,1187.2401123046875,1122.52734375,2064.0,2783.15625,0,0,1,0,0,0,0,0,0,1,0,0,0.08070875704288483,0.04972843825817108,0.3048621416091919,0.04349825903773308,0.0167807936668396,0.030185917392373085,0.020525675266981125,0.057782433927059174,0.11863692104816437,0.10882554948329926,0.017516793683171272,0.05638933181762695
92,3.066666666666667,,,,insightface_bbox,0.6279102563858032,1187.2401123046875,1122.52734375,2064.0,2783.15625,0,0,1,0,0,0,0,0,0,1,0,0,0.08368619531393051,0.05028047040104866,0.3284115791320801,0.04657427966594696,0.0183376744389534,0.0334937646985054,0.023536399006843567,0.06149730086326599,0.12214110046625137,0.1176055446267128,0.021761341020464897,0.060588546097278595
93,3.1,,,,insightface_bbox,0.6279102563858032,1187.2401123046875,1122.52734375,2064.0,2783.15625,0,0,1,0,0,0,0,0,0,1,0,0,0.08177612721920013,0.04789721220731735,0.3288441598415375,0.044286098331213,0.01790856570005417,0.033285196870565414,0.02254132181406021,0.0623534694314003,0.1265624612569809,0.11969912052154541,0.019155357033014297,0.05602000653743744
94,3.1333333333333333,,,,insightface_bbox,0.6279102563858032,1187.2401123046875,1122.52734375,2064.0,2783.15625,0,0,1,0,0,0,0,0,0,1,0,0,0.08291804790496826,0.04909874498844147,0.3243895173072815,0.042874570935964584,0.017936579883098602,0.03313801437616348,0.0248236246407032,0.059051137417554855,0.11928558349609375,0.11332608014345169,0.01724592037498951,0.05355047062039375
95,3.1666666666666665,,,,insightface_bbox,0.6279102563858032,1187.2401123046875,1122.52734375,2064.0,2783.15625,0,0,1,0,0,0,0,0,0,1,0,0,0.08100596070289612,0.048820916563272476,0.3012540638446808,0.040784887969493866,0.01513220276683569,0.030398443341255188,0.02033798210322857,0.0564594492316246,0.12040866911411285,0.10041416436433792,0.016162684187293053,0.053611159324645996
96,3.2,,,,insightface_bbox,0.6167165040969849,1187.8927001953125,1117.321533203125,2064.0,2776.783935546875,0,0,1,0,0,0,0,0,0,1,0,0,0.08196820318698883,0.05108091980218887,0.2853028178215027,0.04357359930872917,0.01553608849644661,0.03260863572359085,0.020391318947076797,0.060847584158182144,0.11947464197874069,0.10799002647399902,0.021318800747394562,0.060009412467479706
97,3.2333333333333334,,,,insightface_bbox,0.6167165040969849,1187.8927001953125,1117.321533203125,2064.0,2776.783935546875,0,0,1,0,0,0,0,0,0,1,0,0,0.08306040614843369,0.05143347382545471,0.29119378328323364,0.04552774503827095,0.015841465443372726,0.03383428230881691,0.021702757105231285,0.06322286278009415,0.12021512538194656,0.11198051273822784,0.023004526272416115,0.06047254800796509
98,3.2666666666666666,,,,insightface_bbox,0.6167165040969849,1187.8927001953125,1117.321533203125,2064.0,2776.783935546875,0,0,1,0,0,0,0,0,0,1,0,0,0.08165225386619568,0.05110006406903267,0.2820057272911072,0.043723803013563156,0.01537400484085083,0.03234144672751427,0.0197934340685606,0.06188230589032173,0.11935459077358246,0.10892102122306824,0.02013370394706726,0.05885434150695801
99,3.3,,,,insightface_bbox,0.6167165040969849,1187.8927001953125,1117.321533203125,2064.0,2776.783935546875,0,0,1,0,0,0,0,0,0,1,0,0,0.0785679817199707,0.04899080470204353,0.2846302390098572,0.04099434241652489,0.015034237876534462,0.031112229451537132,0.01921839639544487,0.0583140105009079,0.12001451849937439,0.10579473525285721,0.01667715422809124,0.05511479824781418
100,3.3333333333333335,,,,insightface_bbox,0.6167165040969849,1187.8927001953125,1117.321533203125,2064.0,2776.783935546875,0,0,1,0,0,0,0,0,0,1,0,0,0.07620735466480255,0.04724942520260811,0.2750341296195984,0.03894030302762985,0.01459735818207264,0.029582493007183075,0.01917794533073902,0.05538085475564003,0.12084179371595383,0.10247375816106796,0.014291582629084587,0.05113200098276138
101,3.3666666666666667,,,,insightface_bbox,0.6167165040969849,1187.8927001953125,1117.321533203125,2064.0,2776.783935546875,0,0,1,0,0,0,0,0,0,1,0,0,0.07933671772480011,0.04855968803167343,0.30171459913253784,0.03972114995121956,0.015704412013292313,0.03066626563668251,0.02199704572558403,0.0564560666680336,0.11763560771942139,0.10725337266921997,0.014447244815528393,0.051527880132198334
102,3.4,,,,insightface_bbox,0.6329565048217773,1200.190673828125,1083.7296142578125,2064.0,2756.7041015625,0,0,1,0,0,0,0,0,0,1,0,0,0.07207536697387695,0.04218604788184166,0.29851648211479187,0.03525053337216377,0.01565086841583252,0.02664286270737648,0.014830217696726322,0.0648028701543808,0.10597610473632812,0.10468581318855286,0.01668764278292656,0.056175827980041504
103,3.433333333333333,,,,insightface_bbox,0.6329565048217773,1200.190673828125,1083.7296142578125,2064.0,2756.7041015625,0,0,1,0,0,0,0,0,0,1,0,0,0.0715758353471756,0.04219059273600578,0.29230621457099915,0.03515763580799103,0.015627192333340645,0.02636438049376011,0.015241486020386219,0.0628286749124527,0.10977388173341751,0.1067533940076828,0.01595206931233406,0.056373171508312225
104,3.466666666666667,,,,insightface_bbox,0.6329565048217773,1200.190673828125,1083.7296142578125,2064.0,2756.7041015625,0,0,1,0,0,0,0,0,0,1,0,0,0.07047202438116074,0.04076003283262253,0.28741276264190674,0.03370065987110138,0.015478120185434818,0.025841424241662025,0.014542073011398315,0.06036316975951195,0.10906960070133209,0.101411834359169,0.0149340545758605,0.05386871099472046
105,3.5,,,,insightface_bbox,0.6329565048217773,1200.190673828125,1083.7296142578125,2064.0,2756.7041015625,0,0,1,0,0,0,0,0,0,1,0,0,0.07226492464542389,0.04266122356057167,0.29060694575309753,0.03417681157588959,0.015846576541662216,0.026203738525509834,0.013924818485975266,0.06052153557538986,0.10566568374633789,0.0963655412197113,0.015154102817177773,0.05314674228429794
106,3.533333333333333,,,,insightface_bbox,0.6329565048217773,1200.190673828125,1083.7296142578125,2064.0,2756.7041015625,0,0,1,0,0,0,0,0,0,1,0,0,0.07078462094068527,0.0447591170668602,0.27140286564826965,0.03500738739967346,0.015364713035523891,0.025665806606411934,0.01373944990336895,0.06282974034547806,0.10427667200565338,0.1013379842042923,0.014046603813767433,0.05235632508993149
107,3.566666666666667,,,,insightface_bbox,0.6329565048217773,1200.190673828125,1083.7296142578125,2064.0,2756.7041015625,0,0,1,0,0,0,0,0,0,1,0,0,0.07088492065668106,0.045926570892333984,0.26860174536705017,0.03581492602825165,0.015636969357728958,0.02626502513885498,0.014130521565675735,0.06538357585668564,0.11169832199811935,0.10894343256950378,0.014540115371346474,0.05362532287836075
108,3.6,,,,insightface_bbox,0.6211190223693848,1203.3663330078125,1121.0260009765625,2064.0,2784.08447265625,0,0,1,0,0,0,0,0,0,1,0,0,0.06850944459438324,0.04352882504463196,0.24762961268424988,0.03499174863100052,0.015121940523386002,0.02478886768221855,0.014802041463553905,0.05977321043610573,0.10192350298166275,0.09845077991485596,0.013417926616966724,0.052771639078855515
109,3.6333333333333333,,,,insightface_bbox,0.6211190223693848,1203.3663330078125,1121.0260009765625,2064.0,2784.08447265625,0,0,1,0,0,0,0,0,0,1,0,0,0.06665003299713135,0.04316537082195282,0.22983147203922272,0.03390190750360489,0.01469093281775713,0.023782679811120033,0.013687729835510254,0.05828699469566345,0.1012687012553215,0.09695600718259811,0.012696294113993645,0.050836361944675446
110,3.6666666666666665,,,,insightface_bbox,0.6211190223693848,1203.3663330078125,1121.0260009765625,2064.0,2784.08447265625,0,0,1,0,0,0,0,0,0,1,0,0,0.06584583967924118,0.04303208738565445,0.2292485386133194,0.03348235785961151,0.014536106958985329,0.023590736091136932,0.013852100819349289,0.05916183814406395,0.1023835763335228,0.09867699444293976,0.011910760775208473,0.0493658185005188
111,3.7,,,,insightface_bbox,0.6211190223693848,1203.3663330078125,1121.0260009765625,2064.0,2784.08447265625,0,0,1,0,0,0,0,0,0,1,0,0,0.0689103901386261,0.04575692117214203,0.23516683280467987,0.03540121391415596,0.015179475769400597,0.024934867396950722,0.015230940654873848,0.06244023144245148,0.10671510547399521,0.1061832532286644,0.012174387462437153,0.0511467270553112
112,3.7333333333333334,,,,insightface_bbox,0.6211190223693848,1203.3663330078125,1121.0260009765625,2064.0,2784.08447265625,0,0,1,0,0,0,0,0,0,1,0,0,0.06634330749511719,0.04454784095287323,0.22887496650218964,0.033762361854314804,0.01459887158125639,0.02403894066810608,0.014228945598006248,0.059165019541978836,0.10502450168132782,0.10301042348146439,0.011343419551849365,0.04807933419942856
113,3.7666666666666666,,,,insightface_bbox,0.6211190223693848,1203.3663330078125,1121.0260009765625,2064.0,2784.08447265625,0,0,1,0,0,0,0,0,0,1,0,0,0.06614818423986435,0.04369883984327316,0.2313602715730667,0.03354337438941002,0.014299032278358936,0.02391059137880802,0.014005080796778202,0.05811581388115883,0.10222630202770233,0.10037322342395782,0.011061478406190872,0.04722199961543083
114,3.8,,,,insightface_bbox,0.6112763285636902,1183.83837890625,1058.659423828125,2064.0,2779.42724609375,0,0,1,0,0,0,0,0,0,1,0,0,0.07117512822151184,0.050364039838314056,0.24121589958667755,0.04377094656229019,0.01519426703453064,0.027360057458281517,0.018390698358416557,0.05958203598856926,0.11168466508388519,0.10533362627029419,0.012880478985607624,0.05077996104955673
115,3.8333333333333335,,,,insightface_bbox,0.6112763285636902,1183.83837890625,1058.659423828125,2064.0,2779.42724609375,0,0,1,0,0,0,0,0,0,1,0,0,0.06738671660423279,0.04708949476480484,0.23749151825904846,0.04122483730316162,0.014755920507013798,0.026660671457648277,0.017535172402858734,0.056915152817964554,0.1087326854467392,0.09685584157705307,0.01337209902703762,0.05137588083744049
116,3.8666666666666667,,,,insightface_bbox,0.6112763285636902,1183.83837890625,1058.659423828125,2064.0,2779.42724609375,0,0,1,0,0,0,0,0,0,1,0,0,0.06446947157382965,0.042656444013118744,0.22069814801216125,0.033812977373600006,0.012866463512182236,0.02283000573515892,0.01256934180855751,0.048267632722854614,0.10246787220239639,0.0851806178689003,0.011023314669728279,0.046276841312646866
117,3.9,,,,insightface_bbox,0.6112763285636902,1183.83837890625,1058.659423828125,2064.0,2779.42724609375,0,0,1,0,0,0,0,0,0,1,0,0,0.06379231065511703,0.041276197880506516,0.21343091130256653,0.032593823969364166,0.012390226125717163,0.022306915372610092,0.012205803766846657,0.04816678166389465,0.10168836265802383,0.08441819250583649,0.010786601342260838,0.04590034484863281
118,3.933333333333333,,,,insightface_bbox,0.6112763285636902,1183.83837890625,1058.659423828125,2064.0,2779.42724609375,0,0,1,0,0,0,0,0,0,1,0,0,0.06496793031692505,0.042707253247499466,0.21711140871047974,0.03385896980762482,0.012693263590335846,0.022806741297245026,0.012811700813472271,0.04925195500254631,0.10327562689781189,0.08537411689758301,0.010919096879661083,0.04663766175508499
119,3.966666666666667,,,,insightface_bbox,0.6112763285636902,1183.83837890625,1058.659423828125,2064.0,2779.42724609375,0,0,1,0,0,0,0,0,0,1,0,0,0.06816650182008743,0.045801084488630295,0.22152656316757202,0.036715760827064514,0.013375489041209221,0.024740563705563545,0.014941517263650894,0.051660262048244476,0.10426859557628632,0.09060977399349213,0.012680989690124989,0.05041731894016266
120,4.0,,,,insightface_bbox,0.6374595165252686,1185.93701171875,1134.2735595703125,2064.0,2779.796142578125,0,0,1,0,0,0,0,0,0,1,0,0,0.068688303232193,0.0432436540722847,0.2291974425315857,0.038136303424835205,0.013743220828473568,0.02463095262646675,0.01547066681087017,0.05619442090392113,0.11058312654495239,0.09514809399843216,0.01122359000146389,0.04901878163218498
121,4.033333333333333,,,,insightface_bbox,0.6374595165252686,1185.93701171875,1134.2735595703125,2064.0,2779.796142578125,0,0,1,0,0,0,0,0,0,1,0,0,0.07009968906641006,0.0465388260781765,0.2424360066652298,0.0421205535531044,0.015324527397751808,0.02662469446659088,0.019189663231372833,0.057924721390008926,0.11229033768177032,0.10013268887996674,0.012403941713273525,0.0500243604183197
122,4.066666666666666,,,,insightface_bbox,0.6374595165252686,1185.93701171875,1134.2735595703125,2064.0,2779.796142578125,0,0,1,0,0,0,0,0,0,1,0,0,0.070008784532547,0.046624358743429184,0.23979367315769196,0.0422564335167408,0.015537092462182045,0.02663271687924862,0.01988690160214901,0.05805755406618118,0.11412137001752853,0.10196082293987274,0.01253080926835537,0.04968009889125824
123,4.1,,,,insightface_bbox,0.6374595165252686,1185.93701171875,1134.2735595703125,2064.0,2779.796142578125,0,0,1,0,0,0,0,0,0,1,0,0,0.07041946798563004,0.04668990522623062,0.24027851223945618,0.04252208396792412,0.015535091981291771,0.026955951005220413,0.019090868532657623,0.05919575318694115,0.11344312876462936,0.1003551185131073,0.012643084861338139,0.050361327826976776
124,4.133333333333334,,,,insightface_bbox,0.6374595165252686,1185.93701171875,1134.2735595703125,2064.0,2779.796142578125,0,0,1,0,0,0,0,0,0,1,0,0,0.06284618377685547,0.0396629236638546,0.20719397068023682,0.03523664176464081,0.012842832133173943,0.023119032382965088,0.013787101954221725,0.05310313403606415,0.10826355963945389,0.09109975397586823,0.010853693820536137,0.04649107903242111
125,4.166666666666667,,,,insightface_bbox,0.6374595165252686,1185.93701171875,1134.2735595703125,2064.0,2779.796142578125,0,0,1,0,0,0,0,0,0,1,0,0,0.060037799179553986,0.036810219287872314,0.18719610571861267,0.03148529306054115,0.011662350967526436,0.021271055564284325,0.012144115753471851,0.04724755138158798,0.10528967529535294,0.08621376752853394,0.01001894474029541,0.04371754080057144
126,4.2,,,,insightface_bbox,0.6082661151885986,1186.7215576171875,1130.2552490234375,2064.0,2778.71630859375,0,0,1,0,0,0,0,0,0,1,0,0,0.06344446539878845,0.03806811198592186,0.19515998661518097,0.03188185393810272,0.011746791191399097,0.021417852491140366,0.011786511167883873,0.04677991569042206,0.10416150093078613,0.08464473485946655,0.010355528444051743,0.044840987771749496
127,4.233333333333333,,,,insightface_bbox,0.6082661151885986,1186.7215576171875,1130.2552490234375,2064.0,2778.71630859375,0,0,1,0,0,0,0,0,0,1,0,0,0.0640575960278511,0.04018668830394745,0.20929144322872162,0.0338914692401886,0.012686558999121189,0.022994525730609894,0.013054628856480122,0.04906714707612991,0.10724666714668274,0.08715355396270752,0.010990222916007042,0.047123827040195465
128,4.266666666666667,,,,insightface_bbox,0.6082661151885986,1186.7215576171875,1130.2552490234375,2064.0,2778.71630859375,0,0,1,0,0,0,0,0,0,1,0,0,0.06521137058734894,0.04210532084107399,0.21022441983222961,0.035539571195840836,0.013217292726039886,0.0237007774412632,0.014083120040595531,0.05086098238825798,0.10797392576932907,0.08902691304683685,0.011196868494153023,0.047747064381837845
129,4.3,,,,insightface_bbox,0.6082661151885986,1186.7215576171875,1130.2552490234375,2064.0,2778.71630859375,0,0,1,0,0,0,0,0,0,1,0,0,0.06496771425008774,0.042246486991643906,0.2144889235496521,0.03626105189323425,0.013340100646018982,0.024279607459902763,0.014751129783689976,0.051775358617305756,0.10962661355733871,0.09058002382516861,0.01159769669175148,0.04833587259054184
130,4.333333333333333,,,,insightface_bbox,0.6082661151885986,1186.7215576171875,1130.2552490234375,2064.0,2778.71630859375,0,0,1,0,0,0,0,0,0,1,0,0,0.06773344427347183,0.04324081540107727,0.2305256575345993,0.03654565289616585,0.013339631259441376,0.025079868733882904,0.01494577992707491,0.05142485722899437,0.11302395910024643,0.09116977453231812,0.012151488102972507,0.048680175095796585
131,4.366666666666666,,,,insightface_bbox,0.6082661151885986,1186.7215576171875,1130.2552490234375,2064.0,2778.71630859375,0,0,1,0,0,0,0,0,0,1,0,0,0.06702898442745209,0.04167240485548973,0.23051588237285614,0.034893233329057693,0.012777142226696014,0.024455243721604347,0.014231082983314991,0.0495467334985733,0.11245489120483398,0.08942513912916183,0.01210932619869709,0.04711853340268135
132,4.4,,,,insightface_bbox,0.6164875030517578,1186.5379638671875,1120.14794921875,2064.0,2770.05322265625,0,0,1,0,0,0,0,0,0,1,0,0,0.0698685348033905,0.04202292114496231,0.2337239384651184,0.03432597219944,0.012023252435028553,0.025432415306568146,0.01519991084933281,0.047808196395635605,0.11594559997320175,0.09319707751274109,0.014032931998372078,0.0519166961312294
133,4.433333333333334,,,,insightface_bbox,0.6164875030517578,1186.5379638671875,1120.14794921875,2064.0,2770.05322265625,0,0,1,0,0,0,0,0,0,1,0,0,0.07132034003734589,0.043774522840976715,0.23570126295089722,0.03567994013428688,0.012219404801726341,0.02554243616759777,0.015593948774039745,0.04842781275510788,0.11448386311531067,0.09283940494060516,0.014043533243238926,0.05364181846380234
134,4.466666666666667,,,,insightface_bbox,0.6164875030517578,1186.5379638671875,1120.14794921875,2064.0,2770.05322265625,0,0,1,0,0,0,0,0,0,1,0,0,0.07288336008787155,0.04524312913417816,0.2486233413219452,0.03693544492125511,0.012538963928818703,0.02603692002594471,0.016428658738732338,0.049029916524887085,0.11474983394145966,0.09267158061265945,0.014187026768922806,0.0536416657269001
135,4.5,,,,insightface_bbox,0.6164875030517578,1186.5379638671875,1120.14794921875,2064.0,2770.05322265625,0,0,1,0,0,0,0,0,0,1,0,0,0.07676984369754791,0.047968700528144836,0.2688137888908386,0.03934556245803833,0.013184660114347935,0.02766808122396469,0.018303092569112778,0.05101531371474266,0.11768341064453125,0.09511873871088028,0.015429062768816948,0.056215278804302216
136,4.533333333333333,,,,insightface_bbox,0.6164875030517578,1186.5379638671875,1120.14794921875,2064.0,2770.05322265625,0,0,1,0,0,0,0,0,0,1,0,0,0.0782850980758667,0.05008929967880249,0.27815374732017517,0.04076986759901047,0.01352919451892376,0.028604760766029358,0.019541632384061813,0.05235970392823219,0.11946707963943481,0.09594250470399857,0.015702344477176666,0.05690530315041542
137,4.566666666666666,,,,insightface_bbox,0.6164875030517578,1186.5379638671875,1120.14794921875,2064.0,2770.05322265625,0,0,1,0,0,0,0,0,0,1,0,0,0.07871295511722565,0.05053459107875824,0.28480297327041626,0.04094347730278969,0.013728784397244453,0.028940031304955482,0.020246384665369987,0.0527963861823082,0.12096899747848511,0.09582995623350143,0.015488408505916595,0.05675867199897766
138,4.6,,,,insightface_bbox,0.6134218573570251,1190.072509765625,1121.9808349609375,2064.0,2768.185791015625,0,0,1,0,0,0,0,0,0,1,0,0,0.07840559631586075,0.05050158500671387,0.28486204147338867,0.03962777554988861,0.013975631445646286,0.028542159125208855,0.018646398559212685,0.051120974123477936,0.11728475987911224,0.09033606201410294,0.01538339164108038,0.05434073135256767
139,4.633333333333334,,,,insightface_bbox,0.6134218573570251,1190.072509765625,1121.9808349609375,2064.0,2768.185791015625,0,0,1,0,0,0,0,0,0,1,0,0,0.0803912803530693,0.051843300461769104,0.2930918037891388,0.04025309905409813,0.014203859493136406,0.02925257384777069,0.01939281076192856,0.05204078182578087,0.11816957592964172,0.09232395887374878,0.01544799655675888,0.054797496646642685
140,4.666666666666667,,,,insightface_bbox,0.6134218573570251,1190.072509765625,1121.9808349609375,2064.0,2768.185791015625,0,0,1,0,0,0,0,0,0,1,0,0,0.07841932773590088,0.0504537895321846,0.2713963985443115,0.0385499969124794,0.013809344731271267,0.028377432376146317,0.017511967569589615,0.050312262028455734,0.1134045347571373,0.08986356854438782,0.015442189760506153,0.053429678082466125
141,4.7,,,,insightface_bbox,0.6134218573570251,1190.072509765625,1121.9808349609375,2064.0,2768.185791015625,0,0,1,0,0,0,0,0,0,1,0,0,0.08047475665807724,0.05263790488243103,0.284727543592453,0.040392257273197174,0.01429602038115263,0.0299728661775589,0.01866726391017437,0.05220532789826393,0.11540719866752625,0.09237900376319885,0.016877014189958572,0.05602563917636871
142,4.733333333333333,,,,insightface_bbox,0.6134218573570251,1190.072509765625,1121.9808349609375,2064.0,2768.185791015625,0,0,1,0,0,0,0,0,0,1,0,0,0.08142919093370438,0.05396902561187744,0.2916896939277649,0.0415906123816967,0.014584371820092201,0.03062375821173191,0.019731812179088593,0.05306035652756691,0.11695152521133423,0.09354915469884872,0.0171697735786438,0.05735887587070465
143,4.766666666666667,,,,insightface_bbox,0.6134218573570251,1190.072509765625,1121.9808349609375,2064.0,2768.185791015625,0,0,1,0,0,0,0,0,0,1,0,0,0.08104473352432251,0.05312731862068176,0.29015183448791504,0.04094299301505089,0.014477955177426338,0.030264565721154213,0.019296441227197647,0.053001366555690765,0.11636216938495636,0.0922563225030899,0.016745375469326973,0.05613648146390915
144,4.8,,,,insightface_bbox,0.6190860271453857,1188.518798828125,1087.6312255859375,2064.0,2762.14111328125,0,0,1,0,0,0,0,0,0,1,0,0,0.07824531197547913,0.05520014092326164,0.24201500415802002,0.04062027484178543,0.01563176140189171,0.028566215187311172,0.016247352585196495,0.05672970786690712,0.10990834981203079,0.10424197465181351,0.01571640558540821,0.055287595838308334
145,4.833333333333333,,,,insightface_bbox,0.6190860271453857,1188.518798828125,1087.6312255859375,2064.0,2762.14111328125,0,0,1,0,0,0,0,0,0,1,0,0,0.0810137540102005,0.05623817816376686,0.24638956785202026,0.04154897853732109,0.015677010640501976,0.02899337187409401,0.017072249203920364,0.0579056479036808,0.1126595214009285,0.10604861378669739,0.015219120308756828,0.05503270402550697
146,4.866666666666666,,,,insightface_bbox,0.6190860271453857,1188.518798828125,1087.6312255859375,2064.0,2762.14111328125,0,0,1,0,0,0,0,0,0,1,0,0,0.08046037703752518,0.05542730540037155,0.24459007382392883,0.041151486337184906,0.01560915820300579,0.028887342661619186,0.017045602202415466,0.05769256129860878,0.11253170669078827,0.10698999464511871,0.015145070850849152,0.05477752536535263
147,4.9,,,,insightface_bbox,0.6190860271453857,1188.518798828125,1087.6312255859375,2064.0,2762.14111328125,0,0,1,0,0,0,0,0,0,1,0,0,0.08036842942237854,0.05469401180744171,0.23447653651237488,0.0425407849252224,0.01579352468252182,0.030131574720144272,0.019623447209596634,0.06008872762322426,0.11598584055900574,0.11008390784263611,0.015888649970293045,0.055915139615535736
148,4.933333333333334,,,,insightface_bbox,0.6190860271453857,1188.518798828125,1087.6312255859375,2064.0,2762.14111328125,0,0,1,0,0,0,0,0,0,1,0,0,0.08285185694694519,0.05589977279305458,0.2541753351688385,0.044803451746702194,0.016994474455714226,0.032541967928409576,0.02382875233888626,0.06371597945690155,0.1190473735332489,0.11611421406269073,0.016377750784158707,0.056283194571733475
149,4.966666666666667,,,,insightface_bbox,0.6190860271453857,1188.518798828125,1087.6312255859375,2064.0,2762.14111328125,0,0,1,0,0,0,0,0,0,1,0,0,0.08416954427957535,0.05607902258634567,0.26735514402389526,0.045691847801208496,0.017305757850408554,0.03323838859796524,0.024243861436843872,0.06412369757890701,0.11799729615449905,0.11553747951984406,0.017678406089544296,0.057948999106884
150,5.0,,,,insightface_bbox,0.6039899587631226,1197.8023681640625,1118.4459228515625,2064.0,2808.623046875,0,0,1,0,0,0,0,0,0,1,0,0,0.08042783290147781,0.052344221621751785,0.24045982956886292,0.044889941811561584,0.016372207552194595,0.03187667205929756,0.022012757137417793,0.06251625716686249,0.1161670833826065,0.11128854006528854,0.019337592646479607,0.05812791734933853
151,5.033333333333333,,,,insightface_bbox,0.6039899587631226,1197.8023681640625,1118.4459228515625,2064.0,2808.623046875,0,0,1,0,0,0,0,0,0,1,0,0,0.08249644935131073,0.05221850797533989,0.2575627267360687,0.04428701847791672,0.016333116218447685,0.032739393413066864,0.019965656101703644,0.06232531741261482,0.11459366977214813,0.11019906401634216,0.02159680798649788,0.06117752194404602
152,5.066666666666666,,,,insightface_bbox,0.6039899587631226,1197.8023681640625,1118.4459228515625,2064.0,2808.623046875,0,0,1,0,0,0,0,0,0,1,0,0,0.0827939510345459,0.052654895931482315,0.26056984066963196,0.0444621779024601,0.01608913391828537,0.03243754059076309,0.01917451061308384,0.061899274587631226,0.11416269838809967,0.10980354249477386,0.021765556186437607,0.06231366842985153
153,5.1,,,,insightface_bbox,0.6039899587631226,1197.8023681640625,1118.4459228515625,2064.0,2808.623046875,0,0,1,0,0,0,0,0,0,1,0,0,0.08454761654138565,0.05288205295801163,0.2674110531806946,0.044840458780527115,0.016329854726791382,0.03399791568517685,0.02023814618587494,0.0626598373055458,0.11689300835132599,0.11174654960632324,0.023392442613840103,0.06311538815498352
154,5.133333333333334,,,,insightface_bbox,0.6039899587631226,1197.8023681640625,1118.4459228515625,2064.0,2808.623046875,0,0,1,0,0,0,0,0,0,1,0,0,0.08628356456756592,0.05317305028438568,0.27265727519989014,0.04616124555468559,0.016933506354689598,0.035981591790914536,0.0233781561255455,0.06391990184783936,0.12286755442619324,0.11952832341194153,0.02574463188648224,0.06597374379634857
155,5.166666666666667,,,,insightface_bbox,0.6039899587631226,1197.8023681640625,1118.4459228515625,2064.0,2808.623046875,0,0,1,0,0,0,0,0,0,1,0,0,0.08356884121894836,0.05211064964532852,0.26568320393562317,0.04449446499347687,0.016860386356711388,0.03410596400499344,0.023282356560230255,0.0616256482899189,0.12460403889417648,0.11804036796092987,0.02143121510744095,0.062173448503017426
156,5.2,,,,insightface_bbox,0.6229223012924194,1195.6456298828125,1125.68603515625,2064.0,2779.986328125,0,0,1,0,0,0,0,0,0,1,0,0,0.0762329027056694,0.04983117803931236,0.22904179990291595,0.04112667590379715,0.01552894152700901,0.029460368677973747,0.019433777779340744,0.05959908664226532,0.11623714864253998,0.10958454757928848,0.01639801636338234,0.05562787503004074
157,5.233333333333333,,,,insightface_bbox,0.6229223012924194,1195.6456298828125,1125.68603515625,2064.0,2779.986328125,0,0,1,0,0,0,0,0,0,1,0,0,0.07323168963193893,0.047989390790462494,0.2172110676765442,0.03803786262869835,0.014422524720430374,0.026681432500481606,0.015363667160272598,0.0542924590408802,0.10923124849796295,0.10109356790781021,0.014390803873538971,0.05240649729967117
158,5.266666666666667,,,,insightface_bbox,0.6229223012924194,1195.6456298828125,1125.68603515625,2064.0,2779.986328125,0,0,1,0,0,0,0,0,0,1,0,0,0.07580824941396713,0.04947758838534355,0.2285064458847046,0.038566745817661285,0.014609994366765022,0.02744811587035656,0.015626441687345505,0.053924210369586945,0.11032544076442719,0.1021103709936142,0.015089984983205795,0.05363473296165466
159,5.3,,,,insightface_bbox,0.6229223012924194,1195.6456298828125,1125.68603515625,2064.0,2779.986328125,0,0,1,0,0,0,0,0,0,1,0,0,0.07566483318805695,0.05031149834394455,0.22746625542640686,0.03839930146932602,0.01453099399805069,0.027715761214494705,0.015385067090392113,0.05322803556919098,0.10906492173671722,0.10171988606452942,0.014745106920599937,0.053162217140197754
160,5.333333333333333,,,,insightface_bbox,0.6229223012924194,1195.6456298828125,1125.68603515625,2064.0,2779.986328125,0,0,1,0,0,0,0,0,0,1,0,0,0.07256844639778137,0.047845352441072464,0.21148838102817535,0.03616815060377121,0.014018407091498375,0.025825947523117065,0.014104463160037994,0.051712263375520706,0.10672956705093384,0.09802370518445969,0.013172527775168419,0.04987071827054024
161,5.366666666666666,,,,insightface_bbox,0.6229223012924194,1195.6456298828125,1125.68603515625,2064.0,2779.986328125,0,0,1,0,0,0,0,0,0,1,0,0,0.07268547266721725,0.04858281463384628,0.21002459526062012,0.037291791290044785,0.014254805631935596,0.02644975110888481,0.014849054627120495,0.05346331745386124,0.10771685838699341,0.09986784309148788,0.013680570758879185,0.05029243230819702
162,5.4,,,,insightface_bbox,0.6285338401794434,1202.9124755859375,1120.48388671875,2064.0,2776.567138671875,0,0,1,0,0,0,0,0,0,1,0,0,0.07180400937795639,0.04776700958609581,0.2337842434644699,0.03271755203604698,0.013533384539186954,0.024472065269947052,0.013759057968854904,0.048919614404439926,0.09583692997694016,0.0922541618347168,0.012505384162068367,0.04843255132436752
163,5.433333333333334,,,,insightface_bbox,0.6285338401794434,1202.9124755859375,1120.48388671875,2064.0,2776.567138671875,0,0,1,0,0,0,0,0,0,1,0,0,0.07354553043842316,0.048809390515089035,0.24561291933059692,0.033986207097768784,0.014068080112338066,0.02589007467031479,0.014761807397007942,0.05272020027041435,0.10022305697202682,0.09811915457248688,0.013121106661856174,0.050567395985126495
164,5.466666666666667,,,,insightface_bbox,0.6285338401794434,1202.9124755859375,1120.48388671875,2064.0,2776.567138671875,0,0,1,0,0,0,0,0,0,1,0,0,0.07360466569662094,0.049036905169487,0.24116584658622742,0.03449072688817978,0.014366322197020054,0.026111340150237083,0.01511834654957056,0.054406117647886276,0.10144398361444473,0.09852497279644012,0.013035483658313751,0.05040827766060829
165,5.5,,,,insightface_bbox,0.6285338401794434,1202.9124755859375,1120.48388671875,2064.0,2776.567138671875,0,0,1,0,0,0,0,0,0,1,0,0,0.0726144015789032,0.04850844293832779,0.2346670776605606,0.03457101434469223,0.014285359531641006,0.026037180796265602,0.015399789437651634,0.05453238636255264,0.10204160213470459,0.09771706163883209,0.012650296092033386,0.049623843282461166
166,5.533333333333333,,,,insightface_bbox,0.6285338401794434,1202.9124755859375,1120.48388671875,2064.0,2776.567138671875,0,0,1,0,0,0,0,0,0,1,0,0,0.07201632857322693,0.04792984575033188,0.2286805510520935,0.032996904104948044,0.013938790187239647,0.0250597782433033,0.014230730943381786,0.0512133464217186,0.09773395210504532,0.09271354973316193,0.012194708921015263,0.04794501140713692
167,5.566666666666666,,,,insightface_bbox,0.6285338401794434,1202.9124755859375,1120.48388671875,2064.0,2776.567138671875,0,0,1,0,0,0,0,0,0,1,0,0,0.07106013596057892,0.04708053544163704,0.23459601402282715,0.03166878968477249,0.013606918975710869,0.02411157824099064,0.012966103851795197,0.047790225595235825,0.09197627007961273,0.0866101011633873,0.011794021353125572,0.04668267071247101
168,5.6,,,,insightface_bbox,0.6380460858345032,1190.0531005859375,1079.7034912109375,2064.0,2740.759765625,0,0,1,0,0,0,0,0,0,1,0,0,0.07387145608663559,0.047553569078445435,0.23340463638305664,0.03591316193342209,0.014011849649250507,0.026628851890563965,0.013406865298748016,0.05409303307533264,0.1086796447634697,0.10431824624538422,0.013737360015511513,0.05126504600048065
169,5.633333333333334,,,,insightface_bbox,0.6380460858345032,1190.0531005859375,1079.7034912109375,2064.0,2740.759765625,0,0,1,0,0,0,0,0,0,1,0,0,0.07814408838748932,0.050645485520362854,0.2460893839597702,0.038214270025491714,0.014893370680510998,0.028436478227376938,0.014313439838588238,0.05633283779025078,0.11006632447242737,0.10502307862043381,0.015147101134061813,0.05427774041891098
170,5.666666666666667,,,,insightface_bbox,0.6380460858345032,1190.0531005859375,1079.7034912109375,2064.0,2740.759765625,0,0,1,0,0,0,0,0,0,1,0,0,0.07865232229232788,0.05236007645726204,0.24321335554122925,0.03888775780797005,0.015169438906013966,0.02853892557322979,0.014387408271431923,0.05619126930832863,0.10677716135978699,0.10228566825389862,0.015589204616844654,0.05461359769105911
171,5.7,,,,insightface_bbox,0.6380460858345032,1190.0531005859375,1079.7034912109375,2064.0,2740.759765625,0,0,1,0,0,0,0,0,0,1,0,0,0.0766543373465538,0.05095595121383667,0.24163243174552917,0.03863615170121193,0.015216168016195297,0.02790553867816925,0.014326157979667187,0.05487360432744026,0.1052105724811554,0.10017675161361694,0.015844957903027534,0.05372602120041847
172,5.733333333333333,,,,insightface_bbox,0.6380460858345032,1190.0531005859375,1079.7034912109375,2064.0,2740.759765625,0,0,1,0,0,0,0,0,0,1,0,0,0.07723994553089142,0.04944737255573273,0.24042832851409912,0.037582721561193466,0.014847910031676292,0.028132552281022072,0.015061400830745697,0.051791779696941376,0.10707352310419083,0.10321345925331116,0.016732489690184593,0.05573596432805061
173,5.766666666666667,,,,insightface_bbox,0.6380460858345032,1190.0531005859375,1079.7034912109375,2064.0,2740.759765625,0,0,1,0,0,0,0,0,0,1,0,0,0.07809945195913315,0.04826908931136131,0.24305202066898346,0.03804246708750725,0.015233119949698448,0.029766403138637543,0.01699213497340679,0.052640512585639954,0.1113780215382576,0.10974451899528503,0.01936301589012146,0.058244600892066956
174,5.8,,,,insightface_bbox,0.6331583857536316,1209.071044921875,1083.0875244140625,2064.0,2858.512451171875,0,0,1,0,0,0,0,0,0,1,0,0,0.07077483832836151,0.045005783438682556,0.2550733685493469,0.03161993995308876,0.014393046498298645,0.02634112909436226,0.01265745796263218,0.05087699741125107,0.09430988878011703,0.09632501006126404,0.01562771201133728,0.052533768117427826
175,5.833333333333333,,,,insightface_bbox,0.6331583857536316,1209.071044921875,1083.0875244140625,2064.0,2858.512451171875,0,0,1,0,0,0,0,0,0,1,0,0,0.07067271322011948,0.04471112787723541,0.25265854597091675,0.03050960600376129,0.014279330149292946,0.02568024955689907,0.011768067255616188,0.048183780163526535,0.09066573530435562,0.09278061985969543,0.014960601925849915,0.051030483096838
176,5.866666666666666,,,,insightface_bbox,0.6331583857536316,1209.071044921875,1083.0875244140625,2064.0,2858.512451171875,0,0,1,0,0,0,0,0,0,1,0,0,0.07050201296806335,0.04488171637058258,0.2448110580444336,0.029946697875857353,0.013974999077618122,0.025125006213784218,0.011611392721533775,0.04830735921859741,0.089762844145298,0.09200052171945572,0.013868359848856926,0.0490129217505455
177,5.9,,,,insightface_bbox,0.6331583857536316,1209.071044921875,1083.0875244140625,2064.0,2858.512451171875,0,0,1,0,0,0,0,0,0,1,0,0,0.07111828029155731,0.04638192057609558,0.24378864467144012,0.03051137365400791,0.014029474928975105,0.025312043726444244,0.012078575789928436,0.05013672634959221,0.09235889464616776,0.09398888796567917,0.013234899379312992,0.04858359321951866
178,5.933333333333334,,,,insightface_bbox,0.6331583857536316,1209.071044921875,1083.0875244140625,2064.0,2858.512451171875,0,0,1,0,0,0,0,0,0,1,0,0,0.06831444054841995,0.04412028566002846,0.24271421134471893,0.02912568673491478,0.013347720727324486,0.02476099692285061,0.010955389589071274,0.04778318107128143,0.08917033672332764,0.0877898558974266,0.012943534180521965,0.04653598740696907
179,5.966666666666667,,,,insightface_bbox,0.6331583857536316,1209.071044921875,1083.0875244140625,2064.0,2858.512451171875,0,0,1,0,0,0,0,0,0,1,0,0,0.06781134754419327,0.04332466050982475,0.24458566308021545,0.028458908200263977,0.013048777356743813,0.024680884554982185,0.010385586880147457,0.04799063876271248,0.09036510437726974,0.08736979216337204,0.01257067359983921,0.04564802348613739
180,6.0,,,,insightface_bbox,0.6096023917198181,1186.71728515625,1060.6876220703125,2064.0,2767.38330078125,0,0,1,0,0,0,0,0,0,1,0,0,0.0698930099606514,0.04361666738986969,0.25099629163742065,0.03452734649181366,0.013861424289643764,0.02812722884118557,0.012646722607314587,0.05529572814702988,0.10902181267738342,0.10024525970220566,0.01662220060825348,0.05054708942770958
181,6.033333333333333,,,,insightface_bbox,0.6096023917198181,1186.71728515625,1060.6876220703125,2064.0,2767.38330078125,0,0,1,0,0,0,0,0,0,1,0,0,0.06841928511857986,0.04381532222032547,0.2473505437374115,0.03307238966226578,0.0134092066437006,0.026907850056886673,0.011610729619860649,0.052080780267715454,0.10591647773981094,0.09530460834503174,0.014536909759044647,0.04852549731731415
182,6.066666666666666,,,,insightface_bbox,0.6096023917198181,1186.71728515625,1060.6876220703125,2064.0,2767.38330078125,0,0,1,0,0,0,0,0,0,1,0,0,0.07237096130847931,0.04563303664326668,0.2594863474369049,0.03509984165430069,0.013964810408651829,0.027978094294667244,0.012331976555287838,0.054370954632759094,0.10868503153324127,0.09775164723396301,0.015778398141264915,0.05163893848657608
183,6.1,,,,insightface_bbox,0.6096023917198181,1186.71728515625,1060.6876220703125,2064.0,2767.38330078125,0,0,1,0,0,0,0,0,0,1,0,0,0.07623061537742615,0.047880545258522034,0.2680613398551941,0.035725679248571396,0.014487899839878082,0.028950437903404236,0.012786910869181156,0.05573231354355812,0.11018634587526321,0.0978342741727829,0.016050944104790688,0.05283711478114128
184,6.133333333333334,,,,insightface_bbox,0.6096023917198181,1186.71728515625,1060.6876220703125,2064.0,2767.38330078125,0,0,1,0,0,0,0,0,0,1,0,0,0.07746315747499466,0.049374423921108246,0.2655767798423767,0.03630751371383667,0.014543919824063778,0.028547465801239014,0.013264602981507778,0.0553765706717968,0.109525166451931,0.0962352603673935,0.015681661665439606,0.052956849336624146
185,6.166666666666667,,,,insightface_bbox,0.6096023917198181,1186.71728515625,1060.6876220703125,2064.0,2767.38330078125,0,0,1,0,0,0,0,0,0,1,0,0,0.0785343199968338,0.05066404119133949,0.26559528708457947,0.03708349168300629,0.014707902446389198,0.02909374237060547,0.013454551808536053,0.0564148835837841,0.10968334972858429,0.09685341268777847,0.016247408464550972,0.05400647968053818
186,6.2,,,,insightface_bbox,0.614203929901123,1184.8819580078125,1077.984375,2064.0,2764.459716796875,0,0,1,0,0,0,0,0,0,1,0,0,0.07219158113002777,0.045830871909856796,0.2552764415740967,0.03414224088191986,0.013538495637476444,0.028071098029613495,0.013511938974261284,0.05214608833193779,0.11349453032016754,0.09481292963027954,0.015081399120390415,0.050100646913051605
187,6.233333333333333,,,,insightface_bbox,0.614203929901123,1184.8819580078125,1077.984375,2064.0,2764.459716796875,0,0,1,0,0,0,0,0,0,1,0,0,0.07371226698160172,0.04651864990592003,0.25752243399620056,0.03527792915701866,0.013905424624681473,0.029105287045240402,0.015131957828998566,0.053690653294324875,0.1171179711818695,0.09826651960611343,0.01589386910200119,0.05088595673441887
188,6.266666666666667,,,,insightface_bbox,0.614203929901123,1184.8819580078125,1077.984375,2064.0,2764.459716796875,0,0,1,0,0,0,0,0,0,1,0,0,0.07263743132352829,0.04619922488927841,0.24833352863788605,0.03574371337890625,0.013886824250221252,0.0283378753811121,0.015080216340720654,0.05369698256254196,0.11768433451652527,0.09986371546983719,0.014759892597794533,0.05051250755786896
189,6.3,,,,insightface_bbox,0.614203929901123,1184.8819580078125,1077.984375,2064.0,2764.459716796875,0,0,1,0,0,0,0,0,0,1,0,0,0.06804759800434113,0.044117119163274765,0.2269963026046753,0.03487598896026611,0.013157062232494354,0.025781096890568733,0.013676570728421211,0.052387334406375885,0.11555660516023636,0.09758225828409195,0.012689255177974701,0.04834877699613571
190,6.333333333333333,,,,insightface_bbox,0.614203929901123,1184.8819580078125,1077.984375,2064.0,2764.459716796875,0,0,1,0,0,0,0,0,0,1,0,0,0.06685233861207962,0.04374250769615173,0.2249303162097931,0.03416160121560097,0.012757115997374058,0.02460765838623047,0.013711951673030853,0.05075295269489288,0.11653783917427063,0.09539429098367691,0.011355476453900337,0.04710913449525833
191,6.366666666666666,,,,insightface_bbox,0.614203929901123,1184.8819580078125,1077.984375,2064.0,2764.459716796875,0,0,1,0,0,0,0,0,0,1,0,0,0.07146017253398895,0.045242294669151306,0.24801287055015564,0.03454941511154175,0.013368252664804459,0.02682444080710411,0.015383092686533928,0.05010729283094406,0.11915881186723709,0.09772470593452454,0.01265745796263218,0.04861820116639137
192,6.4,,,,insightface_bbox,0.6210257411003113,1188.4940185546875,1076.7392578125,2064.0,2768.13916015625,0,0,1,0,0,0,0,0,0,1,0,0,0.06563952565193176,0.044371724128723145,0.2031572014093399,0.029426662251353264,0.012452392838895321,0.02207024395465851,0.010149344801902771,0.046466730535030365,0.0937642827630043,0.09129118919372559,0.0111052505671978,0.04412645846605301
193,6.433333333333334,,,,insightface_bbox,0.6210257411003113,1188.4940185546875,1076.7392578125,2064.0,2768.13916015625,0,0,1,0,0,0,0,0,0,1,0,0,0.06762450188398361,0.044932447373867035,0.2094803750514984,0.03054722771048546,0.013098186813294888,0.023182112723588943,0.0104895681142807,0.04730674996972084,0.09579084068536758,0.0937836542725563,0.012134603224694729,0.04635027050971985
194,6.466666666666667,,,,insightface_bbox,0.6210257411003113,1188.4940185546875,1076.7392578125,2064.0,2768.13916015625,0,0,1,0,0,0,0,0,0,1,0,0,0.06788277626037598,0.045742955058813095,0.20566526055335999,0.0305401012301445,0.013258921913802624,0.023189706727862358,0.010578854940831661,0.04740576446056366,0.09366285800933838,0.09214136004447937,0.011927067302167416,0.04586121439933777
195,6.5,,,,insightface_bbox,0.6210257411003113,1188.4940185546875,1076.7392578125,2064.0,2768.13916015625,0,0,1,0,0,0,0,0,0,1,0,0,0.06653439998626709,0.04590407386422157,0.20346248149871826,0.031291913241147995,0.013895509764552116,0.023511022329330444,0.011550573632121086,0.05034768581390381,0.0915331244468689,0.08900780975818634,0.011328608728945255,0.045118726789951324
196,6.533333333333333,,,,insightface_bbox,0.6210257411003113,1188.4940185546875,1076.7392578125,2064.0,2768.13916015625,0,0,1,0,0,0,0,0,0,1,0,0,0.0666741207242012,0.04526551812887192,0.20229996740818024,0.030339734628796577,0.013230763375759125,0.02276795171201229,0.010901371017098427,0.04892455413937569,0.09201207011938095,0.08848817646503448,0.011248410679399967,0.044838208705186844
197,6.566666666666666,,,,insightface_bbox,0.6210257411003113,1188.4940185546875,1076.7392578125,2064.0,2768.13916015625,0,0,1,0,0,0,0,0,0,1,0,0,0.06916826963424683,0.045977089554071426,0.20388180017471313,0.030792688950896263,0.013154271058738232,0.023429054766893387,0.010906117036938667,0.04884480684995651,0.09494489431381226,0.09196031838655472,0.01202004961669445,0.045979827642440796
198,6.6,,,,insightface_bbox,0.6389733552932739,1191.107177734375,1078.5157470703125,2064.0,2757.69189453125,0,0,1,0,0,0,0,0,0,1,0,0,0.06883087754249573,0.04608210176229477,0.2030620574951172,0.030326450243592262,0.013216854073107243,0.023224856704473495,0.010660627856850624,0.04974724352359772,0.0952470451593399,0.09163463115692139,0.011630315333604813,0.045309919863939285
199,6.633333333333334,,,,insightface_bbox,0.6389733552932739,1191.107177734375,1078.5157470703125,2064.0,2757.69189453125,0,0,1,0,0,0,0,0,0,1,0,0,0.06846271455287933,0.04572136700153351,0.20243987441062927,0.029937613755464554,0.013197758235037327,0.022940130904316902,0.010947011411190033,0.048448771238327026,0.0927538052201271,0.08846928179264069,0.01142441388219595,0.04518333077430725
200,6.666666666666667,,,,insightface_bbox,0.6389733552932739,1191.107177734375,1078.5157470703125,2064.0,2757.69189453125,0,0,1,0,0,0,0,0,0,1,0,0,0.06766173243522644,0.04494685307145119,0.2027832716703415,0.02954144962131977,0.013293039053678513,0.02264142781496048,0.011035924777388573,0.047314949333667755,0.0897446870803833,0.08473134785890579,0.011030774563550949,0.044770605862140656
201,6.7,,,,insightface_bbox,0.6389733552932739,1191.107177734375,1078.5157470703125,2064.0,2757.69189453125,0,0,1,0,0,0,0,0,0,1,0,0,0.06729640811681747,0.04511447995901108,0.20012116432189941,0.029753848910331726,0.01343490369617939,0.022846190258860588,0.011416574940085411,0.047917939722537994,0.09073621779680252,0.08559555560350418,0.010950840078294277,0.044257789850234985
202,6.733333333333333,,,,insightface_bbox,0.6389733552932739,1191.107177734375,1078.5157470703125,2064.0,2757.69189453125,0,0,1,0,0,0,0,0,0,1,0,0,0.06730980426073074,0.045912906527519226,0.19922329485416412,0.029900401830673218,0.013437388464808464,0.022998392581939697,0.011298052966594696,0.048222336918115616,0.09106815606355667,0.0862283930182457,0.010992503724992275,0.04429690167307854
203,6.766666666666667,,,,insightface_bbox,0.6389733552932739,1191.107177734375,1078.5157470703125,2064.0,2757.69189453125,0,0,1,0,0,0,0,0,0,1,0,0,0.0676884651184082,0.045840874314308167,0.20290687680244446,0.030208630487322807,0.013596187345683575,0.02327403798699379,0.011506718583405018,0.04914885759353638,0.0926850289106369,0.08945324271917343,0.011276728473603725,0.04494219645857811
204,6.8,,,,insightface_bbox,0.6155838966369629,1186.7999267578125,1079.537841796875,2064.0,2763.991943359375,0,0,1,0,0,0,0,0,0,1,0,0,0.07813799381256104,0.052794449031353,0.2478809803724289,0.04037149250507355,0.015499965287744999,0.02964821830391884,0.015871364623308182,0.057336222380399704,0.11179990321397781,0.10564649105072021,0.016880229115486145,0.055916883051395416
205,6.833333333333333,,,,insightface_bbox,0.6155838966369629,1186.7999267578125,1079.537841796875,2064.0,2763.991943359375,0,0,1,0,0,0,0,0,0,1,0,0,0.07725434005260468,0.0521848127245903,0.24194630980491638,0.04049813747406006,0.015678903087973595,0.029827261343598366,0.016329491510987282,0.05896740406751633,0.11403609812259674,0.10886095464229584,0.01684868521988392,0.0555703230202198
206,6.866666666666666,,,,insightface_bbox,0.6155838966369629,1186.7999267578125,1079.537841796875,2064.0,2763.991943359375,0,0,1,0,0,0,0,0,0,1,0,0,0.07477061450481415,0.05037107318639755,0.23287448287010193,0.04061950743198395,0.015642086043953896,0.029811348766088486,0.016492262482643127,0.06113152578473091,0.11451958119869232,0.10876685380935669,0.01612848974764347,0.05399685353040695
207,6.9,,,,insightface_bbox,0.6155838966369629,1186.7999267578125,1079.537841796875,2064.0,2763.991943359375,0,0,1,0,0,0,0,0,0,1,0,0,0.06787741184234619,0.04608730971813202,0.23116232454776764,0.03796147555112839,0.014949836768209934,0.0267198383808136,0.014697019010782242,0.05575086921453476,0.1012001484632492,0.0956108495593071,0.01495044119656086,0.05130428075790405
208,6.933333333333334,,,,insightface_bbox,0.6155838966369629,1186.7999267578125,1079.537841796875,2064.0,2763.991943359375,0,0,1,0,0,0,0,0,0,1,0,0,0.06837274134159088,0.04520188644528389,0.25662001967430115,0.03841201588511467,0.014924266375601292,0.02727459743618965,0.014874335378408432,0.05725204572081566,0.11000628769397736,0.09862497448921204,0.01425478607416153,0.050849173218011856
209,6.966666666666667,,,,insightface_bbox,0.6155838966369629,1186.7999267578125,1079.537841796875,2064.0,2763.991943359375,0,0,1,0,0,0,0,0,0,1,0,0,0.0666809007525444,0.04449768364429474,0.24062038958072662,0.03715049475431442,0.0145147405564785,0.026555974036455154,0.014180559664964676,0.05622253566980362,0.10959465801715851,0.0967010036110878,0.013896739110350609,0.04989207535982132
210,7.0,,,,insightface_bbox,0.5997583866119385,1158.43994140625,1105.44140625,2064.0,2782.468017578125,0,0,0,0,0,0,0,0,0,1,0,0,0.05102275311946869,0.029463205486536026,0.1316780149936676,0.022324681282043457,0.008343998342752457,0.016991164535284042,0.012848087586462498,0.03322308883070946,0.08502756059169769,0.06041508913040161,0.007770836353302002,0.03588775917887688
211,7.033333333333333,,,,insightface_bbox,0.5997583866119385,1158.43994140625,1105.44140625,2064.0,2782.468017578125,0,0,0,0,0,0,0,0,0,0,0,0,0.050755325704813004,0.028666585683822632,0.13396161794662476,0.02250191755592823,0.008416527882218361,0.017635751515626907,0.01228471752256155,0.03442573547363281,0.08242610841989517,0.05916353687644005,0.008542394265532494,0.036711230874061584
212,7.066666666666666,,,,insightface_bbox,0.5997583866119385,1158.43994140625,1105.44140625,2064.0,2782.468017578125,0,0,1,0,0,0,0,0,0,0,0,0,0.05561310797929764,0.03133810684084892,0.15492825210094452,0.024443769827485085,0.008966432884335518,0.01956920139491558,0.014375374652445316,0.03704552724957466,0.08634771406650543,0.06252041459083557,0.009417197667062283,0.03917238861322403
213,7.1,,,,insightface_bbox,0.5997583866119385,1158.43994140625,1105.44140625,2064.0,2782.468017578125,0,0,1,0,0,0,0,0,0,0,0,0,0.054193705320358276,0.03171738609671593,0.15000633895397186,0.023714538663625717,0.008780963718891144,0.018899930641055107,0.013532322831451893,0.0365399606525898,0.0831712856888771,0.061440758407115936,0.008719022385776043,0.03808104991912842
214,7.133333333333334,,,,insightface_bbox,0.5997583866119385,1158.43994140625,1105.44140625,2064.0,2782.468017578125,0,0,1,0,0,0,0,0,0,0,0,0,0.05477429926395416,0.03175775706768036,0.15061448514461517,0.023183301091194153,0.00859459862112999,0.018618561327457428,0.013112778775393963,0.0357431061565876,0.0827455148100853,0.06099622696638107,0.008601434528827667,0.03813610598444939
215,7.166666666666667,,,,insightface_bbox,0.5997583866119385,1158.43994140625,1105.44140625,2064.0,2782.468017578125,0,0,1,0,0,0,0,0,0,0,0,0,0.05779913812875748,0.03278903290629387,0.15622325241565704,0.02354421839118004,0.008727647364139557,0.019011732190847397,0.013438571244478226,0.035215526819229126,0.08434085547924042,0.06242227181792259,0.008829007856547832,0.03937080502510071
216,7.2,,,,insightface_bbox,0.6040811538696289,1129.796630859375,1057.4412841796875,2064.0,2772.24365234375,0,0,0,0,0,0,0,0,0,0,0,0,0.054240889847278595,0.03595742955803871,0.11386014521121979,0.023774150758981705,0.009142172522842884,0.019925085827708244,0.014881082810461521,0.039715737104415894,0.08032455295324326,0.061235297471284866,0.012719297781586647,0.04287897050380707
217,7.233333333333333,,,,insightface_bbox,0.6040811538696289,1129.796630859375,1057.4412841796875,2064.0,2772.24365234375,0,0,0,0,0,0,0,0,0,0,0,0,0.055049166083335876,0.03632920980453491,0.11485093086957932,0.02375233918428421,0.009267859160900116,0.019763872027397156,0.014918675646185875,0.03797692805528641,0.07729305326938629,0.05767512321472168,0.012863525189459324,0.04197707027196884
218,7.266666666666667,,,,insightface_bbox,0.6040811538696289,1129.796630859375,1057.4412841796875,2064.0,2772.24365234375,0,0,0,0,0,0,0,0,0,0,0,0,0.05551108717918396,0.03748553991317749,0.11362949013710022,0.024021562188863754,0.009389347396790981,0.019695192575454712,0.014759821817278862,0.03756222128868103,0.07626748830080032,0.057081438601017,0.012805401347577572,0.04184427112340927
219,7.3,,,,insightface_bbox,0.6040811538696289,1129.796630859375,1057.4412841796875,2064.0,2772.24365234375,0,0,0,0,0,0,0,0,0,0,0,0,0.05780892074108124,0.039628975093364716,0.11753525584936142,0.02541712298989296,0.009901095181703568,0.020505506545305252,0.015760626643896103,0.03833644464612007,0.07677485793828964,0.05736885592341423,0.01350588072091341,0.043215759098529816
220,7.333333333333333,,,,insightface_bbox,0.6040811538696289,1129.796630859375,1057.4412841796875,2064.0,2772.24365234375,0,0,0,0,0,0,0,0,0,0,0,0,0.05981419235467911,0.04087425768375397,0.1254582554101944,0.026861578226089478,0.010430397465825081,0.021375589072704315,0.016828814521431923,0.039515066891908646,0.07647142559289932,0.05709771811962128,0.014749131165444851,0.04362943023443222
221,7.366666666666666,,,,insightface_bbox,0.6040811538696289,1129.796630859375,1057.4412841796875,2064.0,2772.24365234375,0,0,0,0,0,0,0,0,0,0,0,0,0.06069432571530342,0.04133731871843338,0.12423896789550781,0.027615204453468323,0.010732768103480339,0.022029370069503784,0.017705313861370087,0.03996480628848076,0.07652731984853745,0.0583052933216095,0.015806367620825768,0.04463285207748413
222,7.4,,,,insightface_bbox,0.6089617013931274,1152.8760986328125,1110.865234375,2064.0,2781.43310546875,0,0,0,0,0,0,0,0,0,0,0,0,0.05291634052991867,0.0313764251768589,0.1131613701581955,0.024052325636148453,0.00897539034485817,0.018258459866046906,0.01455605961382389,0.03568059951066971,0.07994262874126434,0.059522051364183426,0.010645745322108269,0.03646576777100563
223,7.433333333333334,,,,insightface_bbox,0.6089617013931274,1152.8760986328125,1110.865234375,2064.0,2781.43310546875,0,0,0,0,0,0,0,0,0,0,0,0,0.05213337019085884,0.031071916222572327,0.10713215172290802,0.023750443011522293,0.008885754272341728,0.017995018512010574,0.014295503497123718,0.03558478131890297,0.07881805300712585,0.05964495614171028,0.010728654451668262,0.036978594958782196
224,7.466666666666667,,,,insightface_bbox,0.6089617013931274,1152.8760986328125,1110.865234375,2064.0,2781.43310546875,0,0,0,0,0,0,0,0,0,0,0,0,0.05231160670518875,0.030688554048538208,0.10848616063594818,0.0235748328268528,0.008691313676536083,0.017736805602908134,0.014114989899098873,0.03487248346209526,0.07909904420375824,0.05867224559187889,0.010341689921915531,0.036734819412231445
225,7.5,,,,insightface_bbox,0.6089617013931274,1152.8760986328125,1110.865234375,2064.0,2781.43310546875,0,0,0,0,0,0,0,0,0,0,0,0,0.05337607115507126,0.03120681270956993,0.11009885370731354,0.023746758699417114,0.008792411535978317,0.018073607236146927,0.014595713466405869,0.03511632978916168,0.08149250596761703,0.06024306267499924,0.010097077116370201,0.03737112507224083
226,7.533333333333333,,,,insightface_bbox,0.6089617013931274,1152.8760986328125,1110.865234375,2064.0,2781.43310546875,0,0,0,0,0,0,0,0,0,0,0,0,0.0517972856760025,0.0299835242331028,0.10699406266212463,0.022870298475027084,0.008519799448549747,0.017582612112164497,0.013793475925922394,0.033999763429164886,0.08094043284654617,0.05935240164399147,0.009770751930773258,0.03661787882447243
227,7.566666666666666,,,,insightface_bbox,0.6089617013931274,1152.8760986328125,1110.865234375,2064.0,2781.43310546875,0,0,0,0,0,0,0,0,0,0,0,0,0.05179581046104431,0.029833698645234108,0.10885336250066757,0.022595401853322983,0.008541727438569069,0.017679935321211815,0.013403316028416157,0.03350098431110382,0.08006605505943298,0.057883404195308685,0.010054920800030231,0.036957334727048874
228,7.6,,,,insightface_bbox,0.6217421889305115,1154.5787353515625,1122.0125732421875,2064.0,2769.92041015625,0,0,0,0,0,0,0,0,0,0,0,0,0.05942929908633232,0.03650445118546486,0.12550348043441772,0.024275589734315872,0.009099802002310753,0.018573172390460968,0.014164331369102001,0.03274238854646683,0.07903852313756943,0.058148741722106934,0.009789066389203072,0.039966560900211334
229,7.633333333333334,,,,insightface_bbox,0.6217421889305115,1154.5787353515625,1122.0125732421875,2064.0,2769.92041015625,0,0,0,0,0,0,0,0,0,0,0,0,0.061008330434560776,0.03815130516886711,0.12586939334869385,0.024782024323940277,0.009052924811840057,0.018696224316954613,0.013989460654556751,0.03272514417767525,0.077181875705719,0.056207720190286636,0.009910174645483494,0.040434058755636215
230,7.666666666666667,,,,insightface_bbox,0.6217421889305115,1154.5787353515625,1122.0125732421875,2064.0,2769.92041015625,0,0,0,0,0,0,0,0,0,0,0,0,0.05924399197101593,0.037371691316366196,0.11794735491275787,0.024724919348955154,0.00880014430731535,0.018024958670139313,0.013690723106265068,0.0316573865711689,0.07528446614742279,0.05530707538127899,0.00968736782670021,0.039552975445985794
231,7.7,,,,insightface_bbox,0.6217421889305115,1154.5787353515625,1122.0125732421875,2064.0,2769.92041015625,0,0,0,0,0,0,0,0,0,0,0,0,0.06114492192864418,0.0379028283059597,0.12261821329593658,0.025345437228679657,0.009054911322891712,0.018566766753792763,0.013930408284068108,0.032417044043540955,0.07660432159900665,0.056142840534448624,0.010167168453335762,0.04065277427434921
232,7.733333333333333,,,,insightface_bbox,0.6217421889305115,1154.5787353515625,1122.0125732421875,2064.0,2769.92041015625,0,0,0,0,0,0,0,0,0,0,0,0,0.06133788824081421,0.037869300693273544,0.12364823371171951,0.02557917684316635,0.009054536931216717,0.018662741407752037,0.013909287750720978,0.03253033012151718,0.07671406865119934,0.056057609617710114,0.010172316804528236,0.04049644619226456
233,7.766666666666667,,,,insightface_bbox,0.6217421889305115,1154.5787353515625,1122.0125732421875,2064.0,2769.92041015625,0,0,0,0,0,0,0,0,0,0,0,0,0.05993764102458954,0.0368940494954586,0.11962243169546127,0.02470351941883564,0.008784099481999874,0.0182864461094141,0.013468046672642231,0.031892672181129456,0.0768311470746994,0.056555405259132385,0.009701020084321499,0.039522528648376465
234,7.8,,,,insightface_bbox,0.6158132553100586,1154.2991943359375,1065.1041259765625,2064.0,2764.326904296875,0,0,1,0,0,0,0,0,0,0,0,0,0.05894023925065994,0.03743652254343033,0.13013505935668945,0.024779193103313446,0.00889168307185173,0.01749502494931221,0.013032203540205956,0.03403538092970848,0.0839364230632782,0.06676458567380905,0.008015117608010769,0.04074184224009514
235,7.833333333333333,,,,insightface_bbox,0.6158132553100586,1154.2991943359375,1065.1041259765625,2064.0,2764.326904296875,0,0,1,0,0,0,0,0,0,0,0,0,0.05874311923980713,0.03678080067038536,0.13280142843723297,0.024301405996084213,0.008628034964203835,0.017387906089425087,0.012314548715949059,0.03365908935666084,0.08247807621955872,0.06460464745759964,0.00838035810738802,0.04072938859462738
236,7.866666666666666,,,,insightface_bbox,0.6158132553100586,1154.2991943359375,1065.1041259765625,2064.0,2764.326904296875,0,0,1,0,0,0,0,0,0,0,0,0,0.05719345808029175,0.03530627116560936,0.12994644045829773,0.024532033130526543,0.008465074002742767,0.017560461536049843,0.012942973524332047,0.03397541120648384,0.08267344534397125,0.0644524097442627,0.00865440908819437,0.04079212248325348
237,7.9,,,,insightface_bbox,0.6158132553100586,1154.2991943359375,1065.1041259765625,2064.0,2764.326904296875,0,0,0,0,0,0,0,0,0,0,0,0,0.052140407264232635,0.033169545233249664,0.11840402334928513,0.022964127361774445,0.007886713370680809,0.017199859023094177,0.011465216055512428,0.034667178988456726,0.07991232722997665,0.06517154723405838,0.008522970601916313,0.03787772357463837
238,7.933333333333334,,,,insightface_bbox,0.6158132553100586,1154.2991943359375,1065.1041259765625,2064.0,2764.326904296875,0,0,0,0,0,0,0,0,0,0,0,0,0.05364002287387848,0.03489367663860321,0.13457943499088287,0.02370256744325161,0.008523806929588318,0.018607933074235916,0.012406272813677788,0.03570527210831642,0.08066768944263458,0.06231340765953064,0.009375330992043018,0.03955163061618805
239,7.966666666666667,,,,insightface_bbox,0.6158132553100586,1154.2991943359375,1065.1041259765625,2064.0,2764.326904296875,0,0,0,0,0,0,0,0,0,0,0,0,0.04461674019694328,0.029128149151802063,0.10998803377151489,0.020340077579021454,0.007720771245658398,0.015348156914114952,0.008191612549126148,0.032182477414608,0.07640362530946732,0.05328311026096344,0.007749784272164106,0.03558002784848213
240,8.0,,,,insightface_bbox,0.6616582870483398,1109.316162109375,1107.1689453125,2064.0,2776.855712890625,0,0,0,0,0,0,0,0,0,0,0,0,0.04130607470870018,0.025829683989286423,0.07867953926324844,0.02107219584286213,0.007883995771408081,0.015638403594493866,0.014266448095440865,0.031492069363594055,0.08312071859836578,0.06502743065357208,0.008545855060219765,0.03867373615503311
241,8.033333333333333,,,,insightface_bbox,0.6616582870483398,1109.316162109375,1107.1689453125,2064.0,2776.855712890625,0,0,0,0,0,0,0,0,0,0,0,0,0.03933178633451462,0.02506076544523239,0.0724228173494339,0.020049523562192917,0.00779793132096529,0.015215374529361725,0.013000830076634884,0.03097981959581375,0.07858417183160782,0.056225430220365524,0.006805278826504946,0.03463836386799812
242,8.066666666666666,,,,insightface_bbox,0.6616582870483398,1109.316162109375,1107.1689453125,2064.0,2776.855712890625,0,0,0,0,0,0,0,0,0,0,0,0,0.04226747155189514,0.02878253161907196,0.07680390775203705,0.0251634418964386,0.008942794986069202,0.01743234135210514,0.015492047183215618,0.03332344815135002,0.07701030373573303,0.05644531920552254,0.009123759344220161,0.040005072951316833
243,8.1,,,,insightface_bbox,0.6616582870483398,1109.316162109375,1107.1689453125,2064.0,2776.855712890625,0,0,0,0,0,0,0,0,0,0,0,0,0.03897956758737564,0.026521258056163788,0.06787693500518799,0.02281222864985466,0.008105372078716755,0.016397027298808098,0.013620831072330475,0.03219655156135559,0.07377223670482635,0.055302694439888,0.009723428636789322,0.04195164889097214
244,8.133333333333333,,,,insightface_bbox,0.6616582870483398,1109.316162109375,1107.1689453125,2064.0,2776.855712890625,0,0,0,0,0,0,0,0,0,0,0,0,0.037256933748722076,0.02476976253092289,0.06423109024763107,0.021014712750911713,0.007600631099194288,0.015550465323030949,0.012201770208775997,0.03225022926926613,0.07369865477085114,0.055374063551425934,0.00938686728477478,0.04070035368204117
245,8.166666666666666,,,,insightface_bbox,0.6616582870483398,1109.316162109375,1107.1689453125,2064.0,2776.855712890625,0,0,0,0,0,0,0,0,0,0,0,0,0.03805919736623764,0.025400521233677864,0.06729631125926971,0.021766364574432373,0.007813368923962116,0.015990465879440308,0.012533597648143768,0.033046990633010864,0.07408634573221207,0.055847011506557465,0.009635855443775654,0.04118383675813675
246,8.2,,,,insightface_bbox,0.6695610284805298,1076.3092041015625,1105.24365234375,2063.2421875,2768.031005859375,0,0,0,0,0,0,0,0,0,0,0,0,0.03762521594762802,0.0260423943400383,0.05086226016283035,0.02046600915491581,0.007954679429531097,0.015783388167619705,0.016265342012047768,0.036629818379879,0.08203350752592087,0.06983119994401932,0.009714542888104916,0.04345027729868889
247,8.233333333333333,,,,insightface_bbox,0.6695610284805298,1076.3092041015625,1105.24365234375,2063.2421875,2768.031005859375,0,0,0,0,0,0,0,0,0,0,0,0,0.03721790015697479,0.025630302727222443,0.050481852144002914,0.020664529874920845,0.007953845895826817,0.015877986326813698,0.016926081851124763,0.03678365796804428,0.08099675923585892,0.06949084997177124,0.010019537061452866,0.043490469455718994
248,8.266666666666667,,,,insightface_bbox,0.6695610284805298,1076.3092041015625,1105.24365234375,2063.2421875,2768.031005859375,0,0,0,0,0,0,0,0,0,0,0,0,0.03684400022029877,0.02539694309234619,0.049492329359054565,0.020337365567684174,0.007862408645451069,0.015669628977775574,0.016487009823322296,0.03628701716661453,0.08044037222862244,0.06871266663074493,0.009986504912376404,0.0432501956820488
249,8.3,,,,insightface_bbox,0.6695610284805298,1076.3092041015625,1105.24365234375,2063.2421875,2768.031005859375,0,0,0,0,0,0,0,0,0,0,0,0,0.036828186362981796,0.025514069944620132,0.04913318157196045,0.02047162875533104,0.007868927903473377,0.015689952298998833,0.01651013270020485,0.036503471434116364,0.08025851100683212,0.0692361518740654,0.009912381879985332,0.04347264766693115
250,8.333333333333334,,,,insightface_bbox,0.6695610284805298,1076.3092041015625,1105.24365234375,2063.2421875,2768.031005859375,0,0,0,0,0,0,0,0,0,0,0,0,0.03618317097425461,0.0249148141592741,0.04725681245326996,0.020059896633028984,0.007692320272326469,0.015376841649413109,0.01569768786430359,0.036110769957304,0.0794515386223793,0.06964641809463501,0.009752276353538036,0.04335768148303032
251,8.366666666666667,,,,insightface_bbox,0.6695610284805298,1076.3092041015625,1105.24365234375,2063.2421875,2768.031005859375,0,0,0,0,0,0,0,0,0,0,0,0,0.03633234277367592,0.024944404140114784,0.0474468469619751,0.0205020010471344,0.0077959527261555195,0.015612727962434292,0.015495331957936287,0.03688202053308487,0.07931080460548401,0.06902098655700684,0.01021393109112978,0.04477333277463913
252,8.4,,,,insightface_bbox,0.6773772239685059,1086.441650390625,1107.392822265625,2064.0,2770.8203125,0,0,0,0,0,0,0,0,0,0,0,0,0.0380835197865963,0.025367077440023422,0.05290581285953522,0.021777546033263206,0.008214489556849003,0.016253862529993057,0.016384266316890717,0.03890043497085571,0.08111212402582169,0.06773978471755981,0.010267662815749645,0.04554681107401848
253,8.433333333333334,,,,insightface_bbox,0.6773772239685059,1086.441650390625,1107.392822265625,2064.0,2770.8203125,0,0,0,0,0,0,0,0,0,0,0,0,0.036975059658288956,0.02414288930594921,0.05352766811847687,0.021401850506663322,0.008263181895017624,0.015843678265810013,0.016835110262036324,0.0368778333067894,0.07809293270111084,0.06283585727214813,0.009784428402781487,0.042848434299230576
254,8.466666666666667,,,,insightface_bbox,0.6773772239685059,1086.441650390625,1107.392822265625,2064.0,2770.8203125,0,0,0,0,0,0,0,0,0,0,0,0,0.03736574947834015,0.024265071377158165,0.05440843105316162,0.021676242351531982,0.008291170932352543,0.015814529731869698,0.01699186861515045,0.03706468269228935,0.07932279258966446,0.06379695981740952,0.009568173438310623,0.04334157705307007
255,8.5,,,,insightface_bbox,0.6773772239685059,1086.441650390625,1107.392822265625,2064.0,2770.8203125,0,0,0,0,0,0,0,0,0,0,0,0,0.03924116492271423,0.025792866945266724,0.05730995908379555,0.023359116166830063,0.008724553510546684,0.016595985740423203,0.01778644509613514,0.03803881257772446,0.08034943044185638,0.06433003395795822,0.010314816609025002,0.04597507044672966
256,8.533333333333333,,,,insightface_bbox,0.6773772239685059,1086.441650390625,1107.392822265625,2064.0,2770.8203125,0,0,0,0,0,0,0,0,0,0,0,0,0.03996996581554413,0.026470161974430084,0.057918548583984375,0.024253595620393753,0.008942182175815105,0.01711396686732769,0.018283920362591743,0.03894389420747757,0.08016988635063171,0.06486491113901138,0.01082035806030035,0.04686814174056053
257,8.566666666666666,,,,insightface_bbox,0.6773772239685059,1086.441650390625,1107.392822265625,2064.0,2770.8203125,0,0,0,0,0,0,0,0,0,0,0,0,0.04000179469585419,0.026301516219973564,0.058425359427928925,0.024143794551491737,0.008877228945493698,0.017125844955444336,0.018194476142525673,0.038809634745121,0.08046508580446243,0.06497447192668915,0.010803834535181522,0.04677964746952057
258,8.6,,,,insightface_bbox,0.6574825048446655,1105.7890625,1099.4442138671875,2064.0,2768.9951171875,0,0,0,0,0,0,0,0,0,0,0,0,0.035262782126665115,0.021740449592471123,0.05919831991195679,0.0179002545773983,0.006950074806809425,0.013655131682753563,0.011078400537371635,0.02849552407860756,0.07406911253929138,0.053408943116664886,0.005777511280030012,0.031122710555791855
259,8.633333333333333,,,,insightface_bbox,0.6574825048446655,1105.7890625,1099.4442138671875,2064.0,2768.9951171875,0,0,0,0,0,0,0,0,0,0,0,0,0.035861141979694366,0.022001640871167183,0.06307566165924072,0.018041392788290977,0.007008105516433716,0.013969232328236103,0.011120690032839775,0.029109278693795204,0.07453574240207672,0.05365745723247528,0.0062266625463962555,0.03209103271365166
260,8.666666666666666,,,,insightface_bbox,0.6574825048446655,1105.7890625,1099.4442138671875,2064.0,2768.9951171875,0,0,0,0,0,0,0,0,0,0,0,0,0.0360221229493618,0.0221390500664711,0.06338339298963547,0.018207084387540817,0.006993451155722141,0.014047045260667801,0.011285191401839256,0.02927950583398342,0.07462234050035477,0.05392441526055336,0.006368234287947416,0.03254172205924988
261,8.7,,,,insightface_bbox,0.6574825048446655,1105.7890625,1099.4442138671875,2064.0,2768.9951171875,0,0,0,0,0,0,0,0,0,0,0,0,0.036236684769392014,0.02223380096256733,0.06430689990520477,0.01803310588002205,0.007020109333097935,0.01419014297425747,0.011299536563456059,0.02879801020026207,0.07405710965394974,0.05391833186149597,0.006576538551598787,0.03267490863800049
262,8.733333333333333,,,,insightface_bbox,0.6574825048446655,1105.7890625,1099.4442138671875,2064.0,2768.9951171875,0,0,0,0,0,0,0,0,0,0,0,0,0.036276981234550476,0.022488001734018326,0.06711767613887787,0.018234118819236755,0.0071038114838302135,0.014468534849584103,0.011338633485138416,0.028648434206843376,0.07269672304391861,0.053653836250305176,0.007223093882203102,0.0337500162422657
263,8.766666666666667,,,,insightface_bbox,0.6574825048446655,1105.7890625,1099.4442138671875,2064.0,2768.9951171875,0,0,0,0,0,0,0,0,0,0,0,0,0.03773406520485878,0.023646468296647072,0.07301807403564453,0.019114134833216667,0.007317522075027227,0.015102047473192215,0.011900940909981728,0.02910931594669819,0.07379063218832016,0.054632965475320816,0.007872052490711212,0.035133473575115204
264,8.8,,,,insightface_bbox,0.6436439156532288,1121.0482177734375,1105.0296630859375,2064.0,2768.36865234375,0,0,0,0,0,0,0,0,0,0,0,0,0.0381757915019989,0.02498621866106987,0.07284645736217499,0.01929430477321148,0.006919761188328266,0.015113553032279015,0.010271649807691574,0.0323486365377903,0.08012964576482773,0.06472840160131454,0.00832435954362154,0.038486629724502563
265,8.833333333333334,,,,insightface_bbox,0.6436439156532288,1121.0482177734375,1105.0296630859375,2064.0,2768.36865234375,0,0,0,0,0,0,0,0,0,0,0,0,0.0367845818400383,0.0246826633810997,0.07293856143951416,0.018809620290994644,0.006822729017585516,0.014554087072610855,0.010072687640786171,0.03093772754073143,0.07822991907596588,0.06194648891687393,0.007858019322156906,0.03728281334042549
266,8.866666666666667,,,,insightface_bbox,0.6436439156532288,1121.0482177734375,1105.0296630859375,2064.0,2768.36865234375,0,0,0,0,0,0,0,0,0,0,0,0,0.038013674318790436,0.026529813185334206,0.08074334263801575,0.01862698420882225,0.006700003985315561,0.014292201027274132,0.00958364550024271,0.029389021918177605,0.0722070187330246,0.058054517954587936,0.007458352949470282,0.03694668412208557
267,8.9,,,,insightface_bbox,0.6436439156532288,1121.0482177734375,1105.0296630859375,2064.0,2768.36865234375,0,0,0,0,0,0,0,0,0,0,0,0,0.04395756125450134,0.029210494831204414,0.09214979410171509,0.019117841497063637,0.006795867811888456,0.015695815905928612,0.010190611705183983,0.03037865459918976,0.06823036819696426,0.0556984506547451,0.00982629507780075,0.03941740095615387
268,8.933333333333334,,,,insightface_bbox,0.6436439156532288,1121.0482177734375,1105.0296630859375,2064.0,2768.36865234375,0,0,0,0,0,0,0,0,0,0,0,0,0.047342486679553986,0.03185410052537918,0.10322868824005127,0.020370520651340485,0.007195780053734779,0.017156651243567467,0.011609956622123718,0.03080623410642147,0.0685611143708229,0.054107703268527985,0.011714763939380646,0.041347648948431015
269,8.966666666666667,,,,insightface_bbox,0.6436439156532288,1121.0482177734375,1105.0296630859375,2064.0,2768.36865234375,0,0,0,0,0,0,0,0,0,0,0,0,0.049532048404216766,0.03338876739144325,0.1118474081158638,0.02141566574573517,0.007685878314077854,0.018058354035019875,0.013121256604790688,0.03180413693189621,0.07000464200973511,0.05459953099489212,0.012617912143468857,0.04293365776538849
270,9.0,,,,insightface_bbox,0.6335010528564453,1126.131103515625,1108.79443359375,2064.0,2763.013427734375,0,0,0,0,0,0,0,0,0,0,0,0,0.05083828419446945,0.033314298838377,0.12391508370637894,0.024010322988033295,0.008459695614874363,0.020064564421772957,0.01615244708955288,0.03564921021461487,0.07471878826618195,0.0610087513923645,0.014861922711133957,0.04586594179272652
271,9.033333333333333,,,,insightface_bbox,0.6335010528564453,1126.131103515625,1108.79443359375,2064.0,2763.013427734375,0,0,0,0,0,0,0,0,0,0,0,0,0.05258920043706894,0.03491390869021416,0.12436814606189728,0.025789588689804077,0.009347990155220032,0.02145938202738762,0.01872878335416317,0.03744039684534073,0.07643847167491913,0.06328000873327255,0.01626788266003132,0.04892247915267944
272,9.066666666666666,,,,insightface_bbox,0.6335010528564453,1126.131103515625,1108.79443359375,2064.0,2763.013427734375,0,0,0,0,0,0,0,0,0,0,0,0,0.05204623565077782,0.034277163445949554,0.1215001568198204,0.02566581778228283,0.009922722354531288,0.02191145345568657,0.020724525675177574,0.0359884612262249,0.07307615131139755,0.0625460296869278,0.016881946474313736,0.04894976317882538
273,9.1,,,,insightface_bbox,0.6335010528564453,1126.131103515625,1108.79443359375,2064.0,2763.013427734375,0,0,0,0,0,0,0,0,0,0,0,0,0.052908752113580704,0.03436146676540375,0.11822523176670074,0.02648378536105156,0.0105059202760458,0.022361816838383675,0.022373996675014496,0.036197319626808167,0.07232612371444702,0.06317835301160812,0.017777565866708755,0.04993823915719986
274,9.133333333333333,,,,insightface_bbox,0.6335010528564453,1126.131103515625,1108.79443359375,2064.0,2763.013427734375,0,0,0,0,0,0,0,0,0,0,0,0,0.05078195035457611,0.032385773956775665,0.10770148783922195,0.02454826608300209,0.009767920710146427,0.02079138532280922,0.020699838176369667,0.033531904220581055,0.06991838663816452,0.05995382368564606,0.01736467145383358,0.048457760363817215
275,9.166666666666666,,,,insightface_bbox,0.6335010528564453,1126.131103515625,1108.79443359375,2064.0,2763.013427734375,0,0,0,0,0,0,0,0,0,0,0,0,0.04974931478500366,0.03115743398666382,0.10323375463485718,0.023564990609884262,0.00907833594828844,0.020008107647299767,0.01847713813185692,0.03321666643023491,0.07169438153505325,0.05910218134522438,0.0157911479473114,0.04696090519428253
276,9.2,,,,insightface_bbox,0.6574908494949341,1129.9500732421875,1054.6263427734375,2064.0,2747.3681640625,0,0,0,0,0,0,0,0,0,0,0,0,0.048667170107364655,0.03295617550611496,0.11807999759912491,0.02242513932287693,0.008678965270519257,0.019749833270907402,0.015502633526921272,0.03387962654232979,0.07177338004112244,0.05966778099536896,0.013189194723963737,0.04568427428603172
277,9.233333333333333,,,,insightface_bbox,0.6574908494949341,1129.9500732421875,1054.6263427734375,2064.0,2747.3681640625,0,0,0,0,0,0,0,0,0,0,0,0,0.04839249327778816,0.03247874975204468,0.11598381400108337,0.021567214280366898,0.008603256195783615,0.018966026604175568,0.014320184476673603,0.03361641243100166,0.0707416832447052,0.06056417152285576,0.01261208113282919,0.044848889112472534
278,9.266666666666667,,,,insightface_bbox,0.6574908494949341,1129.9500732421875,1054.6263427734375,2064.0,2747.3681640625,0,0,0,0,0,0,0,0,0,0,0,0,0.048248328268527985,0.03202974423766136,0.11317513138055801,0.02155585028231144,0.008603755384683609,0.01910296268761158,0.014381896704435349,0.03405902162194252,0.07052932679653168,0.06253247708082199,0.012912348844110966,0.045747146010398865
279,9.3,,,,insightface_bbox,0.6574908494949341,1129.9500732421875,1054.6263427734375,2064.0,2747.3681640625,0,0,0,0,0,0,0,0,0,0,0,0,0.04843553900718689,0.03215434402227402,0.11130798608064651,0.021743329241871834,0.008733730763196945,0.019445229321718216,0.014750905334949493,0.03419387713074684,0.07017114013433456,0.06300386786460876,0.01344357617199421,0.04587484896183014
280,9.333333333333334,,,,insightface_bbox,0.6574908494949341,1129.9500732421875,1054.6263427734375,2064.0,2747.3681640625,0,0,0,0,0,0,0,0,0,0,0,0,0.04871600121259689,0.032310180366039276,0.11127303540706635,0.021858269348740578,0.008815896697342396,0.01947874017059803,0.015002460218966007,0.034553028643131256,0.0705542340874672,0.06369496136903763,0.013246667571365833,0.04587525874376297
281,9.366666666666667,,,,insightface_bbox,0.6574908494949341,1129.9500732421875,1054.6263427734375,2064.0,2747.3681640625,0,0,0,0,0,0,0,0,0,0,0,0,0.04890438914299011,0.03244896978139877,0.11210376024246216,0.021968910470604897,0.008882181718945503,0.01949266716837883,0.015218389220535755,0.03460242599248886,0.07091367989778519,0.0643061175942421,0.0130595862865448,0.0458061508834362
282,9.4,,,,insightface_bbox,0.660457968711853,1127.7113037109375,1058.1368408203125,2064.0,2748.4365234375,0,0,0,0,0,0,0,0,0,0,0,0,0.04619516804814339,0.029355594888329506,0.10454624891281128,0.020833317190408707,0.008319961838424206,0.01863948255777359,0.014275466091930866,0.033592596650123596,0.06860081851482391,0.062004826962947845,0.01320741605013609,0.04390878230333328
283,9.433333333333334,,,,insightface_bbox,0.660457968711853,1127.7113037109375,1058.1368408203125,2064.0,2748.4365234375,0,0,0,0,0,0,0,0,0,0,0,0,0.046102382242679596,0.0293350201100111,0.1020326092839241,0.021042820066213608,0.008496243506669998,0.01899522915482521,0.01392427645623684,0.033307164907455444,0.06869654357433319,0.06260813772678375,0.013649523258209229,0.043820735067129135
284,9.466666666666667,,,,insightface_bbox,0.660457968711853,1127.7113037109375,1058.1368408203125,2064.0,2748.4365234375,0,0,0,0,0,0,0,0,0,0,0,0,0.045219212770462036,0.028345614671707153,0.09418036788702011,0.020096292719244957,0.007960429415106773,0.018422601744532585,0.012328656390309334,0.032135412096977234,0.0659220740199089,0.06100381165742874,0.01406867429614067,0.04372526332736015
285,9.5,,,,insightface_bbox,0.660457968711853,1127.7113037109375,1058.1368408203125,2064.0,2748.4365234375,0,0,0,0,0,0,0,0,0,0,0,0,0.04489707201719284,0.027840567752718925,0.09415280818939209,0.020290585234761238,0.008037424646317959,0.018582630902528763,0.01239834912121296,0.032460685819387436,0.06536542624235153,0.06095828860998154,0.01483086682856083,0.044590726494789124
286,9.533333333333333,,,,insightface_bbox,0.660457968711853,1127.7113037109375,1058.1368408203125,2064.0,2748.4365234375,0,0,0,0,0,0,0,0,0,0,0,0,0.04563851282000542,0.0292363278567791,0.09990542382001877,0.020625833421945572,0.008375563658773899,0.019003335386514664,0.01362218614667654,0.032198015600442886,0.06589893251657486,0.059773579239845276,0.014522443525493145,0.04441303014755249
287,9.566666666666666,,,,insightface_bbox,0.660457968711853,1127.7113037109375,1058.1368408203125,2064.0,2748.4365234375,0,0,0,0,0,0,0,0,0,0,0,0,0.0477198101580143,0.03119421750307083,0.11209835112094879,0.021902643144130707,0.008947924710810184,0.019879864528775215,0.015301436185836792,0.03191573917865753,0.0669952854514122,0.05603694170713425,0.015044878236949444,0.04486158490180969
288,9.6,,,,insightface_bbox,0.6408564448356628,1125.8377685546875,1063.9644775390625,2064.0,2756.55029296875,0,0,0,0,0,0,0,0,0,0,0,0,0.04849745333194733,0.032488949596881866,0.11246945708990097,0.0218691136687994,0.008364921435713768,0.019570913165807724,0.012999149970710278,0.03227812424302101,0.06708689779043198,0.055897243320941925,0.014639504253864288,0.04436798766255379
289,9.633333333333333,,,,insightface_bbox,0.6408564448356628,1125.8377685546875,1063.9644775390625,2064.0,2756.55029296875,0,0,0,0,0,0,0,0,0,0,0,0,0.049972813576459885,0.03409843519330025,0.11536572873592377,0.022460702806711197,0.00862383097410202,0.01987597346305847,0.013979179784655571,0.031699806451797485,0.06458904594182968,0.054322633892297745,0.015327172353863716,0.045766305178403854
290,9.666666666666666,,,,insightface_bbox,0.6408564448356628,1125.8377685546875,1063.9644775390625,2064.0,2756.55029296875,0,0,0,0,0,0,0,0,0,0,0,0,0.05112234875559807,0.035194411873817444,0.11745303124189377,0.02266486920416355,0.008669739589095116,0.020251953974366188,0.014273680746555328,0.03172524273395538,0.06331256031990051,0.05398055538535118,0.01579565927386284,0.04685428366065025
291,9.7,,,,insightface_bbox,0.6408564448356628,1125.8377685546875,1063.9644775390625,2064.0,2756.55029296875,0,0,0,0,0,0,0,0,0,0,0,0,0.05137442797422409,0.035451363772153854,0.11921919137239456,0.023099180310964584,0.008877456188201904,0.020718256011605263,0.014587868005037308,0.032107315957546234,0.06321331858634949,0.05393751338124275,0.016484510153532028,0.047460947185754776
292,9.733333333333333,,,,insightface_bbox,0.6408564448356628,1125.8377685546875,1063.9644775390625,2064.0,2756.55029296875,0,0,0,0,0,0,0,0,0,0,0,0,0.04949534684419632,0.03393404930830002,0.11344964802265167,0.022040091454982758,0.008217105641961098,0.01959654502570629,0.01301189698278904,0.03188840672373772,0.06507524847984314,0.0535704605281353,0.015379969030618668,0.0467396005988121
293,9.766666666666667,,,,insightface_bbox,0.6408564448356628,1125.8377685546875,1063.9644775390625,2064.0,2756.55029296875,0,0,0,0,0,0,0,0,0,0,0,0,0.04981067031621933,0.03358154371380806,0.11367380619049072,0.022199682891368866,0.008374427445232868,0.020054951310157776,0.01318950206041336,0.03308373689651489,0.06787724792957306,0.05477868765592575,0.016239726915955544,0.048484399914741516
294,9.8,,,,insightface_bbox,0.6371614933013916,1131.520263671875,1064.094970703125,2064.0,2758.405029296875,0,0,0,0,0,0,0,0,0,0,0,0,0.048694681376218796,0.03208352252840996,0.10945190489292145,0.02067965641617775,0.0077978093177080154,0.017988624051213264,0.010918453335762024,0.030694546177983284,0.0646708756685257,0.053625017404556274,0.012521276250481606,0.042963095009326935
295,9.833333333333334,,,,insightface_bbox,0.6371614933013916,1131.520263671875,1064.094970703125,2064.0,2758.405029296875,0,0,0,0,0,0,0,0,0,0,0,0,0.049151647835969925,0.03282466530799866,0.10847613960504532,0.021668842062354088,0.007816297002136707,0.018063031136989594,0.01078949123620987,0.03379920870065689,0.06791620701551437,0.05850454419851303,0.012159069068729877,0.04524458199739456
296,9.866666666666667,,,,insightface_bbox,0.6371614933013916,1131.520263671875,1064.094970703125,2064.0,2758.405029296875,0,0,0,0,0,0,0,0,0,0,0,0,0.04974520206451416,0.033178068697452545,0.1068497747182846,0.022007010877132416,0.007869236171245575,0.01812838949263096,0.01076490804553032,0.03520576283335686,0.07191161066293716,0.06125260517001152,0.012170803733170033,0.04770888015627861
297,9.9,,,,insightface_bbox,0.6371614933013916,1131.520263671875,1064.094970703125,2064.0,2758.405029296875,0,0,0,0,0,0,0,0,0,0,0,0,0.0479111485183239,0.031212255358695984,0.10399574041366577,0.020504221320152283,0.007591047789901495,0.017772827297449112,0.009971631690859795,0.03484082967042923,0.07365849614143372,0.060444243252277374,0.012021010741591454,0.04658829793334007
298,9.933333333333334,,,,insightface_bbox,0.6371614933013916,1131.520263671875,1064.094970703125,2064.0,2758.405029296875,0,0,0,0,0,0,0,0,0,0,0,0,0.0457083061337471,0.030183814465999603,0.10195619612932205,0.02032746747136116,0.007614601403474808,0.01761079765856266,0.010384059511125088,0.033921241760253906,0.07067828625440598,0.06165764480829239,0.010749557986855507,0.04206763207912445
299,9.966666666666667,,,,insightface_bbox,0.6371614933013916,1131.520263671875,1064.094970703125,2064.0,2758.405029296875,0,0,0,0,0,0,0,0,0,0,0,0,0.04824666678905487,0.03159567713737488,0.11883436143398285,0.022728068754076958,0.007809304632246494,0.019253719598054886,0.012751176953315735,0.037438325583934784,0.07224687188863754,0.06498973071575165,0.01172330416738987,0.04154546186327934
300,10.0,,,,insightface_bbox,0.6518754363059998,1135.788330078125,1022.3138427734375,2064.0,2794.986328125,0,0,0,0,0,0,0,0,0,0,0,0,0.0648161917924881,0.0436735674738884,0.18759030103683472,0.025070112198591232,0.009711403399705887,0.022417061030864716,0.014920505695044994,0.03446418046951294,0.06824494153261185,0.054430969059467316,0.014374582096934319,0.04263414442539215
301,10.033333333333333,,,,insightface_bbox,0.6518754363059998,1135.788330078125,1022.3138427734375,2064.0,2794.986328125,0,0,0,0,0,0,0,0,0,0,0,0,0.06267854571342468,0.0411287359893322,0.17149582505226135,0.023836802691221237,0.009313209913671017,0.020691975951194763,0.012936253100633621,0.034183938056230545,0.06825196743011475,0.05443071573972702,0.013445058837532997,0.04172335937619209
302,10.066666666666666,,,,insightface_bbox,0.6518754363059998,1135.788330078125,1022.3138427734375,2064.0,2794.986328125,0,0,0,0,0,0,0,0,0,0,0,0,0.06633097678422928,0.043283045291900635,0.17198985815048218,0.02483775094151497,0.009458242915570736,0.022015903145074844,0.013181381858885288,0.03631092980504036,0.06741129606962204,0.05639411509037018,0.015593340620398521,0.04435884952545166
303,10.1,,,,insightface_bbox,0.6518754363059998,1135.788330078125,1022.3138427734375,2064.0,2794.986328125,0,0,0,0,0,0,0,0,0,0,0,0,0.06781680881977081,0.04361240193247795,0.16509473323822021,0.025335099548101425,0.009221584536135197,0.02145911566913128,0.012671565636992455,0.03821680322289467,0.06840047240257263,0.05940469354391098,0.016067080199718475,0.047695182263851166
304,10.133333333333333,,,,insightface_bbox,0.6518754363059998,1135.788330078125,1022.3138427734375,2064.0,2794.986328125,0,0,0,0,0,0,0,0,0,0,0,0,0.0674864873290062,0.04242852330207825,0.16805943846702576,0.024866830557584763,0.009480321779847145,0.021820921450853348,0.01395769976079464,0.037397682666778564,0.06939774751663208,0.06018207222223282,0.015643222257494926,0.04821749031543732
305,10.166666666666666,,,,insightface_bbox,0.6518754363059998,1135.788330078125,1022.3138427734375,2064.0,2794.986328125,0,0,0,0,0,0,0,0,0,0,0,0,0.06652509421110153,0.04294169694185257,0.16784045100212097,0.024693872779607773,0.009521505795419216,0.022068537771701813,0.013314355164766312,0.03655146434903145,0.06625770777463913,0.057044729590415955,0.01602797955274582,0.046657100319862366
306,10.2,,,,insightface_bbox,0.6920151710510254,1142.28662109375,1050.9365234375,2064.0,2731.442138671875,0,0,0,0,0,0,0,0,0,0,0,0,0.057019077241420746,0.035293012857437134,0.14227095246315002,0.020505322143435478,0.008080003783106804,0.01778186671435833,0.00859398115426302,0.029474478214979172,0.06118415296077728,0.04804574325680733,0.010964474640786648,0.0346812829375267
307,10.233333333333333,,,,insightface_bbox,0.6920151710510254,1142.28662109375,1050.9365234375,2064.0,2731.442138671875,0,0,0,0,0,0,0,0,0,0,0,0,0.05876663327217102,0.03648222237825394,0.14464619755744934,0.020840175449848175,0.008207551203668118,0.018000029027462006,0.008603435941040516,0.0302293598651886,0.06151699274778366,0.048709720373153687,0.011395899578928947,0.03561987355351448
308,10.266666666666667,,,,insightface_bbox,0.6920151710510254,1142.28662109375,1050.9365234375,2064.0,2731.442138671875,0,0,0,0,0,0,0,0,0,0,0,0,0.05946207046508789,0.036743685603141785,0.14820455014705658,0.020819254219532013,0.008206631988286972,0.01794675923883915,0.008622488006949425,0.030546341091394424,0.06206910312175751,0.04913157969713211,0.011374871246516705,0.03613337501883507
309,10.3,,,,insightface_bbox,0.6920151710510254,1142.28662109375,1050.9365234375,2064.0,2731.442138671875,0,0,0,0,0,0,0,0,0,0,0,0,0.060090404003858566,0.03684574365615845,0.15012456476688385,0.02120322361588478,0.008319122716784477,0.018225466832518578,0.008763297460973263,0.03132232278585434,0.06206153333187103,0.04967137798666954,0.011918473988771439,0.03668934106826782
310,10.333333333333334,,,,insightface_bbox,0.6920151710510254,1142.28662109375,1050.9365234375,2064.0,2731.442138671875,0,0,0,0,0,0,0,0,0,0,0,0,0.06005401164293289,0.03671368211507797,0.14884158968925476,0.02113538607954979,0.00829812791198492,0.01824740320444107,0.008751925081014633,0.03135249763727188,0.06212185323238373,0.04979419708251953,0.011831763200461864,0.036865998059511185
311,10.366666666666667,,,,insightface_bbox,0.6920151710510254,1142.28662109375,1050.9365234375,2064.0,2731.442138671875,0,0,0,0,0,0,0,0,0,0,0,0,0.059710465371608734,0.03647379204630852,0.14938844740390778,0.021227501332759857,0.008303375914692879,0.018192607909440994,0.008764765225350857,0.03142843395471573,0.062375083565711975,0.04982951283454895,0.01203903742134571,0.037278950214385986
312,10.4,,,,insightface_bbox,0.6677911877632141,1140.6328125,1025.953857421875,2064.0,2740.810546875,0,0,0,0,0,0,0,0,0,0,0,0,0.06528131663799286,0.04098106175661087,0.16546207666397095,0.02463829144835472,0.009615246206521988,0.02158791571855545,0.012034238316118717,0.03614543750882149,0.065493643283844,0.05478597432374954,0.016918104141950607,0.046767450869083405
313,10.433333333333334,,,,insightface_bbox,0.6677911877632141,1140.6328125,1025.953857421875,2064.0,2740.810546875,0,0,0,0,0,0,0,0,0,0,0,0,0.06258691847324371,0.03920622169971466,0.15853287279605865,0.023765766993165016,0.009434935636818409,0.02069734036922455,0.01148376613855362,0.034823477268218994,0.06541857123374939,0.05423499643802643,0.014552677050232887,0.04283075034618378
314,10.466666666666667,,,,insightface_bbox,0.6677911877632141,1140.6328125,1025.953857421875,2064.0,2740.810546875,0,0,0,0,0,0,0,0,0,0,0,0,0.06277427077293396,0.03849329054355621,0.15976659953594208,0.024354323744773865,0.00927547737956047,0.020341752097010612,0.010289300233125687,0.03638622164726257,0.06780723482370377,0.05599835515022278,0.013944093137979507,0.041624512523412704
315,10.5,,,,insightface_bbox,0.6677911877632141,1140.6328125,1025.953857421875,2064.0,2740.810546875,0,0,0,0,0,0,0,0,0,0,0,0,0.06435050070285797,0.03945460170507431,0.16072100400924683,0.02514592371881008,0.009442901238799095,0.020855240523815155,0.010781681165099144,0.03732285648584366,0.06831353157758713,0.0576581135392189,0.015038957819342613,0.04439702257514
316,10.533333333333333,,,,insightface_bbox,0.6677911877632141,1140.6328125,1025.953857421875,2064.0,2740.810546875,0,0,0,0,0,0,0,0,0,0,0,0,0.06621292233467102,0.04126952588558197,0.1623801589012146,0.026011526584625244,0.009660495445132256,0.021489113569259644,0.011692944914102554,0.038140203803777695,0.06862695515155792,0.05892149731516838,0.015640968456864357,0.04572838917374611
317,10.566666666666666,,,,insightface_bbox,0.6677911877632141,1140.6328125,1025.953857421875,2064.0,2740.810546875,0,0,0,0,0,0,0,0,0,0,0,0,0.06500784307718277,0.04071880131959915,0.16438843309879303,0.025292538106441498,0.00986103992909193,0.02149665541946888,0.012529372237622738,0.036297768354415894,0.06661661714315414,0.055135831236839294,0.014865760691463947,0.04390743374824524
318,10.6,,,,insightface_bbox,0.6660798788070679,1142.7618408203125,1050.0504150390625,2064.0,2739.9853515625,0,0,0,0,0,0,0,0,0,0,0,0,0.058731529861688614,0.03750131279230118,0.14387226104736328,0.021194124594330788,0.00857642013579607,0.018279846757650375,0.008694942109286785,0.030961383134126663,0.061819568276405334,0.05010620504617691,0.011214195750653744,0.03637828677892685
319,10.633333333333333,,,,insightface_bbox,0.6660798788070679,1142.7618408203125,1050.0504150390625,2064.0,2739.9853515625,0,0,0,0,0,0,0,0,0,0,0,0,0.06028829142451286,0.03866118565201759,0.14405542612075806,0.021956667304039,0.008736975491046906,0.01811249740421772,0.009188025258481503,0.03070354089140892,0.06287303566932678,0.05062860995531082,0.010572890751063824,0.035556890070438385
320,10.666666666666666,,,,insightface_bbox,0.6660798788070679,1142.7618408203125,1050.0504150390625,2064.0,2739.9853515625,0,0,0,0,0,0,0,0,0,0,0,0,0.060491353273391724,0.038672201335430145,0.14180919528007507,0.022251242771744728,0.008896755054593086,0.01837293803691864,0.009781657718122005,0.030636070296168327,0.06254873424768448,0.050329551100730896,0.01098731067031622,0.035901740193367004
321,10.7,,,,insightface_bbox,0.6660798788070679,1142.7618408203125,1050.0504150390625,2064.0,2739.9853515625,0,0,0,0,0,0,0,0,0,0,0,0,0.0600023977458477,0.0380295068025589,0.14100149273872375,0.021642224863171577,0.008768992498517036,0.018056510016322136,0.009915480390191078,0.030304064974188805,0.0638376921415329,0.05051739141345024,0.010576453059911728,0.03574259951710701
322,10.733333333333333,,,,insightface_bbox,0.6660798788070679,1142.7618408203125,1050.0504150390625,2064.0,2739.9853515625,0,0,0,0,0,0,0,0,0,0,0,0,0.05833599343895912,0.03697831928730011,0.13892871141433716,0.020849905908107758,0.008535406552255154,0.01788288541138172,0.009858234785497189,0.029644299298524857,0.06316612660884857,0.049592647701501846,0.010567890480160713,0.03525816276669502
323,10.766666666666667,,,,insightface_bbox,0.6660798788070679,1142.7618408203125,1050.0504150390625,2064.0,2739.9853515625,0,0,0,0,0,0,0,0,0,0,0,0,0.05830969288945198,0.037098467350006104,0.14261814951896667,0.02150515839457512,0.008572591468691826,0.01832735165953636,0.010727010667324066,0.031333696097135544,0.06611599773168564,0.05165714770555496,0.010726255364716053,0.03630873188376427
324,10.8,,,,insightface_bbox,0.657318115234375,1137.1158447265625,1071.2635498046875,2064.0,2746.093994140625,0,0,0,0,0,0,0,0,0,0,0,0,0.0642382800579071,0.04095752164721489,0.14876419305801392,0.02441532537341118,0.009948340244591236,0.022955408319830894,0.016467126086354256,0.03617832064628601,0.06615564972162247,0.061142440885305405,0.014581842347979546,0.04475127160549164
325,10.833333333333334,,,,insightface_bbox,0.657318115234375,1137.1158447265625,1071.2635498046875,2064.0,2746.093994140625,0,0,0,0,0,0,0,0,0,0,0,0,0.06427772343158722,0.040055740624666214,0.13928131759166718,0.025107868015766144,0.009718759916722775,0.023292990401387215,0.015168126672506332,0.03818796947598457,0.06583738327026367,0.06395632773637772,0.017202157527208328,0.048731785267591476
326,10.866666666666667,,,,insightface_bbox,0.657318115234375,1137.1158447265625,1071.2635498046875,2064.0,2746.093994140625,0,0,0,0,0,0,0,0,0,0,0,0,0.06503869593143463,0.03934936225414276,0.14069391787052155,0.02540905401110649,0.009881377220153809,0.023550568148493767,0.01623002626001835,0.039278943091630936,0.06761953979730606,0.06644608080387115,0.0175686813890934,0.0504978708922863
327,10.9,,,,insightface_bbox,0.657318115234375,1137.1158447265625,1071.2635498046875,2064.0,2746.093994140625,0,0,0,0,0,0,0,0,0,0,0,0,0.06620247662067413,0.041513942182064056,0.15074355900287628,0.02713911607861519,0.010779475793242455,0.024461161345243454,0.019713010638952255,0.04010362923145294,0.06915519386529922,0.06791480630636215,0.01772797480225563,0.051019810140132904
328,10.933333333333334,,,,insightface_bbox,0.657318115234375,1137.1158447265625,1071.2635498046875,2064.0,2746.093994140625,0,0,0,0,0,0,0,0,0,0,0,0,0.06473111361265182,0.041720200330019,0.15272340178489685,0.027069371193647385,0.010807927697896957,0.023347366601228714,0.020157964900135994,0.03992246463894844,0.07384296506643295,0.06915024667978287,0.015920035541057587,0.05127078294754028
329,10.966666666666667,,,,insightface_bbox,0.657318115234375,1137.1158447265625,1071.2635498046875,2064.0,2746.093994140625,0,0,0,0,0,0,0,0,0,0,0,0,0.060187891125679016,0.03984277695417404,0.13677605986595154,0.025973845273256302,0.010117379948496819,0.02159932628273964,0.015970459207892418,0.04086470603942871,0.07531243562698364,0.06944280862808228,0.014605015516281128,0.04848337173461914
330,11.0,,,,insightface_bbox,0.6433486342430115,1133.91943359375,1052.0810546875,2064.0,2761.06982421875,0,0,0,0,0,0,0,0,0,0,0,0,0.054556213319301605,0.03399258106946945,0.11551033705472946,0.02318890579044819,0.00898086465895176,0.01935296505689621,0.014093052595853806,0.03881929814815521,0.07648621499538422,0.07199040055274963,0.01037678774446249,0.043229736387729645
331,11.033333333333333,,,,insightface_bbox,0.6433486342430115,1133.91943359375,1052.0810546875,2064.0,2761.06982421875,0,0,0,0,0,0,0,0,0,0,0,0,0.05415685474872589,0.0331166610121727,0.1153552383184433,0.02308589592576027,0.00878303311765194,0.01953331008553505,0.014655549079179764,0.03903496637940407,0.07583512365818024,0.07065026462078094,0.011246226727962494,0.04437723755836487
332,11.066666666666666,,,,insightface_bbox,0.6433486342430115,1133.91943359375,1052.0810546875,2064.0,2761.06982421875,0,0,0,0,0,0,0,0,0,0,0,0,0.05448411405086517,0.034247420728206635,0.12225885689258575,0.023297442123293877,0.008700212463736534,0.019785791635513306,0.014515649527311325,0.03990088030695915,0.07739134132862091,0.07272859662771225,0.011455626226961613,0.04637103155255318
333,11.1,,,,insightface_bbox,0.6433486342430115,1133.91943359375,1052.0810546875,2064.0,2761.06982421875,0,0,0,0,0,0,0,0,0,0,0,0,0.05898330360651016,0.03910866379737854,0.1520296037197113,0.02610904909670353,0.009761204943060875,0.022654566913843155,0.01944156177341938,0.04060690850019455,0.07262551784515381,0.07025618106126785,0.015191313810646534,0.05242487043142319
334,11.133333333333333,,,,insightface_bbox,0.6433486342430115,1133.91943359375,1052.0810546875,2064.0,2761.06982421875,0,0,0,0,0,0,0,0,0,0,0,0,0.05669505149126053,0.03864756226539612,0.15535520017147064,0.025442829355597496,0.009513193741440773,0.022463826462626457,0.01792813092470169,0.038168128579854965,0.07019789516925812,0.061979517340660095,0.0158066563308239,0.05115913599729538
335,11.166666666666666,,,,insightface_bbox,0.6433486342430115,1133.91943359375,1052.0810546875,2064.0,2761.06982421875,0,0,0,0,0,0,0,0,0,0,0,0,0.053655657917261124,0.03964660316705704,0.14015693962574005,0.023288289085030556,0.008716175332665443,0.019701853394508362,0.013107921928167343,0.03596873581409454,0.07258553802967072,0.05891641601920128,0.011188151314854622,0.04310515522956848
