frame_idx,frame_time_in_ms,pitch,yaw,roll,face_alignment_method,face_detection_score,face_bbox_xmin,face_bbox_ymin,face_bbox_xmax,face_bbox_ymax,au_1,au_2,au_4,au_6,au_7,au_10,au_12,au_14,au_15,au_17,au_23,au_24,au_1_intensity,au_2_intensity,au_4_intensity,au_5_intensity,au_6_intensity,au_9_intensity,au_12_intensity,au_15_intensity,au_17_intensity,au_20_intensity,au_25_intensity,au_26_intensity
0,0.0,,,,insightface_bbox,0.6997881531715393,0.0,926.563232421875,953.0440673828125,2367.5888671875,0,0,1,0,0,0,0,0,0,1,0,1,0.05077660456299782,0.021662961691617966,0.43609243631362915,0.01986818015575409,0.006487073842436075,0.014688363298773766,0.006560003384947777,0.04092168062925339,0.06919539719820023,0.06475886702537537,0.004976474680006504,0.033505283296108246
1,0.03333333333333333,,,,insightface_bbox,0.6997881531715393,0.0,926.563232421875,953.0440673828125,2367.5888671875,0,0,1,0,0,0,0,0,0,1,0,1,0.05146443098783493,0.021377669647336006,0.32044798135757446,0.018355749547481537,0.007083791308104992,0.014626272022724152,0.007339837029576302,0.03896778076887131,0.08256670087575912,0.07501135766506195,0.0033236665185540915,0.03230448439717293
2,0.06666666666666667,,,,insightface_bbox,0.6997881531715393,0.0,926.563232421875,953.0440673828125,2367.5888671875,0,0,1,0,0,0,0,0,0,1,0,1,0.04967058077454567,0.01974470540881157,0.2867547273635864,0.017757339403033257,0.007512164302170277,0.015500709414482117,0.009191413410007954,0.036177754402160645,0.09792843461036682,0.08281930536031723,0.002872731536626816,0.031640201807022095
3,0.1,,,,insightface_bbox,0.6997881531715393,0.0,926.563232421875,953.0440673828125,2367.5888671875,0,0,1,0,0,0,0,0,0,1,0,1,0.0495477169752121,0.02008257433772087,0.2789927124977112,0.01799810491502285,0.007701071444898844,0.015449393540620804,0.00961183849722147,0.03561881184577942,0.09309757500886917,0.07946521788835526,0.0026810457929968834,0.030886881053447723
4,0.13333333333333333,,,,insightface_bbox,0.6997881531715393,0.0,926.563232421875,953.0440673828125,2367.5888671875,0,0,1,0,0,0,0,0,0,1,0,1,0.048998646438121796,0.020335648208856583,0.25803861021995544,0.01833651401102543,0.007696453481912613,0.014929763972759247,0.010870201513171196,0.035088252276182175,0.09295335412025452,0.07976821064949036,0.0025120568461716175,0.029814569279551506
5,0.16666666666666666,,,,insightface_bbox,0.6997881531715393,0.0,926.563232421875,953.0440673828125,2367.5888671875,0,0,1,0,0,0,0,0,0,1,0,1,0.04630516469478607,0.019455308094620705,0.2482672929763794,0.01743794046342373,0.007564227562397718,0.014287308789789677,0.009945584461092949,0.03276234120130539,0.09030269086360931,0.07672779262065887,0.0023867585696280003,0.028848417103290558
6,0.2,,,,insightface_bbox,0.6930822134017944,0.0,878.077392578125,922.8172607421875,2363.074951171875,0,0,1,0,0,0,0,0,0,1,0,1,0.045086052268743515,0.019346825778484344,0.2729010283946991,0.016245801001787186,0.006868848577141762,0.014059874229133129,0.007469537667930126,0.034105218946933746,0.07409817725419998,0.06615101546049118,0.002772147301584482,0.026588262990117073
7,0.23333333333333334,,,,insightface_bbox,0.6930822134017944,0.0,878.077392578125,922.8172607421875,2363.074951171875,0,0,1,0,0,0,0,0,0,1,0,1,0.0463973730802536,0.019623447209596634,0.2737237513065338,0.016048243269324303,0.00688129011541605,0.014241616241633892,0.007485429756343365,0.03198831155896187,0.07250084728002548,0.06355199217796326,0.0029345708899199963,0.027280764654278755
8,0.26666666666666666,,,,insightface_bbox,0.6930822134017944,0.0,878.077392578125,922.8172607421875,2363.074951171875,0,0,1,0,0,0,0,0,0,1,0,1,0.046035606414079666,0.01941021718084812,0.27443256974220276,0.015834864228963852,0.006865333765745163,0.014256589114665985,0.0072936383076012135,0.03177252411842346,0.07273125648498535,0.0640372782945633,0.002873749006539583,0.027118131518363953
9,0.3,,,,insightface_bbox,0.6930822134017944,0.0,878.077392578125,922.8172607421875,2363.074951171875,0,0,1,0,0,0,0,0,0,1,0,1,0.04471127316355705,0.018845438957214355,0.25950101017951965,0.014945609495043755,0.006703296676278114,0.014007791876792908,0.006548283621668816,0.02975340001285076,0.07257742434740067,0.062143564224243164,0.002700851997360587,0.026477331295609474
10,0.3333333333333333,,,,insightface_bbox,0.6930822134017944,0.0,878.077392578125,922.8172607421875,2363.074951171875,0,0,1,0,0,0,0,0,0,1,0,1,0.04404656961560249,0.01871689222753048,0.24933895468711853,0.014703097753226757,0.006702696438878775,0.014138506725430489,0.006218531168997288,0.02977072261273861,0.07465214282274246,0.06251192837953568,0.0026581271085888147,0.026436295360326767
11,0.36666666666666664,,,,insightface_bbox,0.6930822134017944,0.0,878.077392578125,922.8172607421875,2363.074951171875,0,0,1,0,0,0,0,0,0,1,0,1,0.042816780507564545,0.018592655658721924,0.24390843510627747,0.014691861346364021,0.006738360971212387,0.014226673170924187,0.006103801541030407,0.029970113188028336,0.07610639929771423,0.06337790191173553,0.002586501417681575,0.026158485561609268
12,0.4,,,,insightface_bbox,0.704302191734314,0.0,884.8623046875,929.6544799804688,2355.994384765625,0,0,1,0,0,0,0,0,0,1,0,1,0.04032004252076149,0.018567807972431183,0.22440895438194275,0.015104258432984352,0.007009580731391907,0.014245984144508839,0.006541968788951635,0.03137373551726341,0.07727424800395966,0.06765135377645493,0.002617026912048459,0.025789868086576462
13,0.43333333333333335,,,,insightface_bbox,0.704302191734314,0.0,884.8623046875,929.6544799804688,2355.994384765625,0,0,1,0,0,0,0,0,0,1,0,1,0.04056650400161743,0.01901135966181755,0.21528980135917664,0.015005483292043209,0.007069937884807587,0.014414769597351551,0.006640791427344084,0.03046916425228119,0.0753246396780014,0.06644874066114426,0.002755769994109869,0.026072070002555847
14,0.4666666666666667,,,,insightface_bbox,0.704302191734314,0.0,884.8623046875,929.6544799804688,2355.994384765625,0,0,1,0,0,0,0,0,0,1,0,1,0.03955063223838806,0.018521748483181,0.20759427547454834,0.014572408981621265,0.006812411360442638,0.013944254256784916,0.006373324431478977,0.029571177437901497,0.0723855271935463,0.06510192155838013,0.002583505352959037,0.025025319308042526
15,0.5,,,,insightface_bbox,0.704302191734314,0.0,884.8623046875,929.6544799804688,2355.994384765625,0,0,1,0,0,0,0,0,0,1,0,1,0.03927290439605713,0.0186304971575737,0.21197736263275146,0.014701923355460167,0.00672999769449234,0.013943138532340527,0.00644841929897666,0.029596490785479546,0.06957602500915527,0.06436935067176819,0.0026456594932824373,0.025149919092655182
16,0.5333333333333333,,,,insightface_bbox,0.704302191734314,0.0,884.8623046875,929.6544799804688,2355.994384765625,0,0,1,0,0,0,0,0,0,1,0,1,0.03875279426574707,0.01838100701570511,0.21275681257247925,0.01464717648923397,0.00672935601323843,0.013995635323226452,0.006351030897349119,0.029893118888139725,0.06961266696453094,0.06501147896051407,0.0025697762612253428,0.024780603125691414
17,0.5666666666666667,,,,insightface_bbox,0.704302191734314,0.0,884.8623046875,929.6544799804688,2355.994384765625,0,0,1,0,0,0,0,0,0,1,0,1,0.038012921810150146,0.01811191998422146,0.215182825922966,0.014330082572996616,0.006642812397330999,0.013933541253209114,0.005887457635253668,0.030131014063954353,0.06784915924072266,0.06373245269060135,0.0025572485756129026,0.024302087724208832
18,0.6,,,,insightface_bbox,0.721184492111206,0.0,887.3836669921875,923.3543090820312,2365.750244140625,0,0,1,0,0,0,0,0,0,1,0,1,0.043151356279850006,0.019671980291604996,0.2738443613052368,0.015935298055410385,0.006992119364440441,0.015531046316027641,0.007020884659141302,0.03324960172176361,0.07511987537145615,0.06257615983486176,0.003343236166983843,0.02779785357415676
19,0.6333333333333333,,,,insightface_bbox,0.721184492111206,0.0,887.3836669921875,923.3543090820312,2365.750244140625,0,0,1,0,0,0,0,0,0,1,0,1,0.041199639439582825,0.01927059330046177,0.2703794240951538,0.015389543026685715,0.006911498494446278,0.015790905803442,0.00638795830309391,0.03244097903370857,0.07447442412376404,0.06108250468969345,0.0031823478639125824,0.026464182883501053
20,0.6666666666666666,,,,insightface_bbox,0.721184492111206,0.0,887.3836669921875,923.3543090820312,2365.750244140625,0,0,1,0,0,0,0,0,0,1,0,1,0.040997616946697235,0.019382348284125328,0.2787080705165863,0.015517613850533962,0.006956101395189762,0.016045711934566498,0.006422931794077158,0.03200235217809677,0.07399500161409378,0.060497626662254333,0.0032023019157350063,0.026371706277132034
21,0.7,,,,insightface_bbox,0.721184492111206,0.0,887.3836669921875,923.3543090820312,2365.750244140625,0,0,1,0,0,0,0,0,0,1,0,1,0.04025373235344887,0.01909065991640091,0.26843082904815674,0.015366164967417717,0.0069358330219984055,0.015965737402439117,0.006179287564009428,0.03221080079674721,0.07476028054952621,0.06070876121520996,0.0030263883527368307,0.02573564276099205
22,0.7333333333333333,,,,insightface_bbox,0.721184492111206,0.0,887.3836669921875,923.3543090820312,2365.750244140625,0,0,1,0,0,0,0,0,0,1,0,1,0.03975127637386322,0.018905695527791977,0.2670496702194214,0.015013076364994049,0.006844426970928907,0.015922345221042633,0.0057831332087516785,0.031055398285388947,0.07380041480064392,0.05952581763267517,0.0030259527266025543,0.02545342966914177
23,0.7666666666666667,,,,insightface_bbox,0.721184492111206,0.0,887.3836669921875,923.3543090820312,2365.750244140625,0,0,1,0,0,0,0,0,0,1,0,1,0.03850371390581131,0.018576180562376976,0.2653517723083496,0.01470901258289814,0.0068314578384160995,0.01602749526500702,0.005581522826105356,0.03031114861369133,0.0741959810256958,0.05896037817001343,0.003011888125911355,0.025202907621860504
24,0.8,,,,insightface_bbox,0.6979854702949524,0.0,858.0499267578125,925.0055541992188,2372.44873046875,0,0,1,0,0,0,0,0,0,1,0,1,0.04074937105178833,0.019206944853067398,0.2334795892238617,0.014975368045270443,0.006921540480107069,0.01585853472352028,0.0057402304373681545,0.029989037662744522,0.07637708634138107,0.06433235853910446,0.002677707001566887,0.026032067835330963
25,0.8333333333333334,,,,insightface_bbox,0.6979854702949524,0.0,858.0499267578125,925.0055541992188,2372.44873046875,0,0,1,0,0,0,0,0,0,1,0,1,0.040719009935855865,0.019337225705385208,0.23836910724639893,0.015151716768741608,0.007039550691843033,0.01637985184788704,0.00583508750423789,0.030338915064930916,0.07709614932537079,0.0653381496667862,0.0027896754909306765,0.026187747716903687
26,0.8666666666666667,,,,insightface_bbox,0.6979854702949524,0.0,858.0499267578125,925.0055541992188,2372.44873046875,0,0,1,0,0,0,0,0,0,1,0,1,0.041524678468704224,0.019511081278324127,0.2349390685558319,0.015372514724731445,0.0071510993875563145,0.016595205292105675,0.006151053123176098,0.03112858161330223,0.0790482833981514,0.06715905666351318,0.0027524821925908327,0.026240170001983643
27,0.9,,,,insightface_bbox,0.6979854702949524,0.0,858.0499267578125,925.0055541992188,2372.44873046875,0,0,1,0,0,0,0,0,0,1,0,1,0.04101631045341492,0.0192477498203516,0.2282971441745758,0.015325183048844337,0.007174923550337553,0.016365589573979378,0.006200205069035292,0.031258776783943176,0.07959254831075668,0.06742781400680542,0.0026085595600306988,0.02564084529876709
28,0.9333333333333333,,,,insightface_bbox,0.6979854702949524,0.0,858.0499267578125,925.0055541992188,2372.44873046875,0,0,1,0,0,0,0,0,0,1,0,1,0.04156719520688057,0.01961253397166729,0.22622951865196228,0.01567716710269451,0.007256078999489546,0.01644723489880562,0.006543953903019428,0.031676262617111206,0.07973026484251022,0.0678359791636467,0.0027072145603597164,0.02610904909670353
29,0.9666666666666667,,,,insightface_bbox,0.6979854702949524,0.0,858.0499267578125,925.0055541992188,2372.44873046875,0,0,1,0,0,0,0,0,0,1,0,1,0.04243213310837746,0.01991506665945053,0.23712077736854553,0.015703337267041206,0.007306680083274841,0.016801532357931137,0.006381068844348192,0.031681232154369354,0.0805843248963356,0.06821666657924652,0.0027516991831362247,0.026293743401765823
30,1.0,,,,insightface_bbox,0.6871276497840881,0.0,861.2529907226562,927.0380859375,2363.294921875,0,0,1,0,0,0,0,0,0,1,0,1,0.04153914004564285,0.019655095413327217,0.25696861743927,0.015219547785818577,0.006996392272412777,0.017028333619236946,0.006154798436909914,0.029058966785669327,0.07342217862606049,0.06188467517495155,0.003269496839493513,0.025861291214823723
31,1.0333333333333334,,,,insightface_bbox,0.6871276497840881,0.0,861.2529907226562,927.0380859375,2363.294921875,0,0,1,0,0,0,0,0,0,1,0,1,0.04216694086790085,0.01985868811607361,0.2714509665966034,0.014950129203498363,0.006913177203387022,0.017110014334321022,0.005759361665695906,0.028108827769756317,0.0721738412976265,0.06119619682431221,0.0035061745438724756,0.02710573561489582
32,1.0666666666666667,,,,insightface_bbox,0.6871276497840881,0.0,861.2529907226562,927.0380859375,2363.294921875,0,0,1,0,0,0,0,0,0,1,0,1,0.04314503073692322,0.020026598125696182,0.27163416147232056,0.015196464024484158,0.0069335144944489,0.017109250649809837,0.00600695563480258,0.028297772631049156,0.07303914427757263,0.06269046664237976,0.003632878651842475,0.02799293026328087
33,1.1,,,,insightface_bbox,0.6871276497840881,0.0,861.2529907226562,927.0380859375,2363.294921875,0,0,1,0,0,0,0,0,0,1,0,1,0.04468590393662453,0.020679010078310966,0.2874947190284729,0.015445662662386894,0.006987506058067083,0.017405034974217415,0.006124061532318592,0.0283009372651577,0.07313168793916702,0.06234974041581154,0.004010383505374193,0.029589366167783737
34,1.1333333333333333,,,,insightface_bbox,0.6871276497840881,0.0,861.2529907226562,927.0380859375,2363.294921875,0,0,1,0,0,0,0,0,0,1,0,1,0.04551391676068306,0.021141881123185158,0.2962411046028137,0.015856221318244934,0.006953670643270016,0.017898084595799446,0.006439547054469585,0.02891315519809723,0.07428701221942902,0.06265659630298615,0.004534813575446606,0.03133391961455345
35,1.1666666666666667,,,,insightface_bbox,0.6871276497840881,0.0,861.2529907226562,927.0380859375,2363.294921875,0,0,1,0,0,0,0,0,0,1,0,1,0.04530138522386551,0.020965594798326492,0.2949012815952301,0.015994064509868622,0.006914141587913036,0.018180998042225838,0.006620850879698992,0.029124360531568527,0.07589729130268097,0.06293191760778427,0.004938390105962753,0.03255922347307205
36,1.2,,,,insightface_bbox,0.7053548693656921,0.0,867.6466674804688,917.1823120117188,2384.9794921875,0,0,1,0,0,0,0,0,0,1,0,1,0.043689195066690445,0.020240647718310356,0.29427969455718994,0.015537912026047707,0.00671707559376955,0.017816191539168358,0.0059274546802043915,0.029693858698010445,0.07440651953220367,0.06006772816181183,0.004431344103068113,0.029791459441184998
37,1.2333333333333334,,,,insightface_bbox,0.7053548693656921,0.0,867.6466674804688,917.1823120117188,2384.9794921875,0,0,1,0,0,0,0,0,0,1,0,1,0.042998433113098145,0.019823472946882248,0.28628963232040405,0.015169592574238777,0.006542605347931385,0.017233410850167274,0.0056232004426419735,0.029773544520139694,0.07438219338655472,0.06108026206493378,0.0043246992863714695,0.02964065968990326
38,1.2666666666666666,,,,insightface_bbox,0.7053548693656921,0.0,867.6466674804688,917.1823120117188,2384.9794921875,0,0,1,0,0,0,0,0,0,1,0,1,0.04247737675905228,0.019715074449777603,0.27880778908729553,0.015193985775113106,0.006443234626203775,0.017031488940119743,0.005514631513506174,0.030308302491903305,0.07507772743701935,0.06176616996526718,0.004437122028321028,0.029986707493662834
39,1.3,,,,insightface_bbox,0.7053548693656921,0.0,867.6466674804688,917.1823120117188,2384.9794921875,0,0,1,0,0,0,0,0,0,1,0,1,0.0427316315472126,0.019746964797377586,0.2821144163608551,0.015160975977778435,0.006493849214166403,0.017226532101631165,0.005535658448934555,0.03041147068142891,0.07596147805452347,0.06203914433717728,0.004315137397497892,0.029574081301689148
40,1.3333333333333333,,,,insightface_bbox,0.7053548693656921,0.0,867.6466674804688,917.1823120117188,2384.9794921875,0,0,1,0,0,0,0,0,0,1,0,1,0.041375868022441864,0.01918894425034523,0.2762393355369568,0.01493278332054615,0.006416713818907738,0.016937701031565666,0.005345430690795183,0.030937260016798973,0.07757674902677536,0.06376384198665619,0.0040183402597904205,0.02922581136226654
41,1.3666666666666667,,,,insightface_bbox,0.7053548693656921,0.0,867.6466674804688,917.1823120117188,2384.9794921875,0,0,1,0,0,0,0,0,0,1,0,1,0.0400775745511055,0.018608110025525093,0.2718992829322815,0.014522595331072807,0.006273698061704636,0.016644002869725227,0.005153249949216843,0.030215192586183548,0.07742255181074142,0.06445177644491196,0.0038842270150780678,0.02840759977698326
42,1.4,,,,insightface_bbox,0.7043318748474121,0.0,864.4129028320312,908.048583984375,2379.60400390625,0,0,1,0,0,0,0,0,0,1,0,1,0.038533277809619904,0.018362736329436302,0.26941585540771484,0.014421358704566956,0.00624493882060051,0.01516429241746664,0.005193269345909357,0.03060995787382126,0.07131635397672653,0.06123999506235123,0.0036657401360571384,0.027103127911686897
43,1.4333333333333333,,,,insightface_bbox,0.7043318748474121,0.0,864.4129028320312,908.048583984375,2379.60400390625,0,0,1,0,0,0,0,0,0,1,0,1,0.03775044530630112,0.018168553709983826,0.2672612965106964,0.013957951217889786,0.006135888863354921,0.014524389989674091,0.004914556164294481,0.029506109654903412,0.0688161551952362,0.05984047055244446,0.0034904517233371735,0.026654554530978203
44,1.4666666666666666,,,,insightface_bbox,0.7043318748474121,0.0,864.4129028320312,908.048583984375,2379.60400390625,0,0,1,0,0,0,0,0,0,1,0,1,0.037991251796483994,0.01843097060918808,0.2643543481826782,0.01406529825180769,0.00620958162471652,0.014784992672502995,0.004947658162564039,0.02922183647751808,0.0699111595749855,0.05994271859526634,0.0035115545615553856,0.02684672921895981
45,1.5,,,,insightface_bbox,0.7043318748474121,0.0,864.4129028320312,908.048583984375,2379.60400390625,0,0,1,0,0,0,0,0,0,1,0,1,0.039954427629709244,0.019406622275710106,0.2701229751110077,0.01469968818128109,0.00647802883759141,0.016322795301675797,0.005320878699421883,0.029925668612122536,0.07132694125175476,0.0598289892077446,0.0037772459909319878,0.02795233204960823
46,1.5333333333333334,,,,insightface_bbox,0.7043318748474121,0.0,864.4129028320312,908.048583984375,2379.60400390625,0,0,1,0,0,0,0,0,0,1,0,1,0.04272480309009552,0.020286433398723602,0.2916274070739746,0.015323981642723083,0.0067422157153487206,0.01734810136258602,0.005515958182513714,0.03129035606980324,0.07620681822299957,0.06178789585828781,0.00408331910148263,0.02984805405139923
47,1.5666666666666667,,,,insightface_bbox,0.7043318748474121,0.0,864.4129028320312,908.048583984375,2379.60400390625,0,0,1,0,0,0,0,0,0,1,0,1,0.044545821845531464,0.020426850765943527,0.30726537108421326,0.015404930338263512,0.006811386439949274,0.01806991547346115,0.005575796123594046,0.03024814836680889,0.07670336961746216,0.061641618609428406,0.004545890726149082,0.030626559630036354
48,1.6,,,,insightface_bbox,0.7079347968101501,0.0,881.8384399414062,925.4025268554688,2370.099853515625,0,0,1,0,0,0,0,0,0,1,0,1,0.04318602755665779,0.01997055858373642,0.27268457412719727,0.014841495081782341,0.006689629517495632,0.01692558266222477,0.005619619973003864,0.028915606439113617,0.07445225119590759,0.06392764300107956,0.003902758238837123,0.029647013172507286
49,1.6333333333333333,,,,insightface_bbox,0.7079347968101501,0.0,881.8384399414062,925.4025268554688,2370.099853515625,0,0,1,0,0,0,0,0,0,1,0,1,0.04401181638240814,0.020409077405929565,0.2538560628890991,0.015072561800479889,0.006751818582415581,0.016900409013032913,0.005820886697620153,0.02881385199725628,0.07461311668157578,0.06449110805988312,0.003775513032451272,0.02938813343644142
50,1.6666666666666667,,,,insightface_bbox,0.7079347968101501,0.0,881.8384399414062,925.4025268554688,2370.099853515625,0,0,1,0,0,0,0,0,0,1,0,1,0.042964398860931396,0.020480994135141373,0.2484336495399475,0.015871688723564148,0.006977887358516455,0.01735757663846016,0.007005596533417702,0.029701320454478264,0.07203341275453568,0.06552758067846298,0.0037462126929312944,0.029778514057397842
51,1.7,,,,insightface_bbox,0.7079347968101501,0.0,881.8384399414062,925.4025268554688,2370.099853515625,0,0,1,0,0,0,0,0,0,1,0,1,0.04462076351046562,0.02118714153766632,0.26117148995399475,0.016297679394483566,0.007078190334141254,0.017929745838046074,0.00736485980451107,0.03022518754005432,0.07439833879470825,0.06693977117538452,0.004182467702776194,0.03192168101668358
52,1.7333333333333334,,,,insightface_bbox,0.7079347968101501,0.0,881.8384399414062,925.4025268554688,2370.099853515625,0,0,1,0,0,0,0,0,0,1,0,1,0.044926103204488754,0.02146323397755623,0.2574620842933655,0.01638459414243698,0.007107675075531006,0.018158111721277237,0.007548828609287739,0.030454162508249283,0.07664245367050171,0.06875119358301163,0.004317362327128649,0.03277453035116196
53,1.7666666666666666,,,,insightface_bbox,0.7079347968101501,0.0,881.8384399414062,925.4025268554688,2370.099853515625,0,0,1,0,0,0,0,0,0,1,0,1,0.04564707726240158,0.02155749872326851,0.2592354416847229,0.016446104273200035,0.0071747153997421265,0.018580567091703415,0.0077385869808495045,0.030120879411697388,0.07781223952770233,0.06926991790533066,0.004416733514517546,0.033252231776714325
54,1.8,,,,insightface_bbox,0.682064414024353,0.0,833.8143920898438,924.6065063476562,2386.553955078125,0,0,1,0,0,0,0,0,0,1,0,1,0.04282969981431961,0.02048882469534874,0.21685579419136047,0.016072893515229225,0.007526427507400513,0.018692225217819214,0.007592872716486454,0.02881300449371338,0.07844451069831848,0.06886254251003265,0.0036944798193871975,0.030436746776103973
55,1.8333333333333333,,,,insightface_bbox,0.682064414024353,0.0,833.8143920898438,924.6065063476562,2386.553955078125,0,0,1,0,0,0,0,0,0,1,0,1,0.04416638985276222,0.020923148840665817,0.2216031402349472,0.01594310998916626,0.007461510598659515,0.018804367631673813,0.007560411002486944,0.02840978093445301,0.07806101441383362,0.0677981823682785,0.0036676928866654634,0.029757460579276085
56,1.8666666666666667,,,,insightface_bbox,0.682064414024353,0.0,833.8143920898438,924.6065063476562,2386.553955078125,0,0,1,0,0,0,0,0,0,1,0,1,0.04646310582756996,0.022637302055954933,0.2504631578922272,0.01740599237382412,0.007984516210854053,0.021028805524110794,0.010336097329854965,0.029502995312213898,0.08069722354412079,0.07036472856998444,0.004493563435971737,0.03293195739388466
57,1.9,,,,insightface_bbox,0.682064414024353,0.0,833.8143920898438,924.6065063476562,2386.553955078125,0,0,1,0,0,0,0,0,0,1,0,1,0.047616854310035706,0.02284158207476139,0.2821919322013855,0.018060775473713875,0.007475998252630234,0.017832428216934204,0.010757237672805786,0.0335160456597805,0.07127701491117477,0.07179874181747437,0.004931109957396984,0.035701315850019455
58,1.9333333333333333,,,,insightface_bbox,0.682064414024353,0.0,833.8143920898438,924.6065063476562,2386.553955078125,0,0,1,0,0,0,0,0,0,1,0,1,0.044410787522792816,0.020830538123846054,0.2605334520339966,0.01624826341867447,0.007086985744535923,0.015760919079184532,0.007743388880044222,0.032753169536590576,0.07057321071624756,0.06993167847394943,0.003597073722630739,0.0303370151668787
59,1.9666666666666666,,,,insightface_bbox,0.682064414024353,0.0,833.8143920898438,924.6065063476562,2386.553955078125,0,0,1,0,0,0,0,0,0,1,0,1,0.03866533935070038,0.01860692724585533,0.2206479012966156,0.014218726195394993,0.00668749213218689,0.014587021432816982,0.005701533053070307,0.02963350899517536,0.06759060174226761,0.06463177502155304,0.002588291885331273,0.02508135512471199
60,2.0,,,,insightface_bbox,0.7144066095352173,0.0,862.9630737304688,919.37548828125,2359.917724609375,0,0,1,0,0,0,0,0,0,1,0,1,0.04232007637619972,0.019798249006271362,0.25408196449279785,0.015438107773661613,0.007326457649469376,0.01647813431918621,0.006163924001157284,0.032090652734041214,0.07261255383491516,0.06868834048509598,0.0036574453115463257,0.030198566615581512
61,2.033333333333333,,,,insightface_bbox,0.7144066095352173,0.0,862.9630737304688,919.37548828125,2359.917724609375,0,0,1,0,0,0,0,0,0,1,0,1,0.04347211867570877,0.020482968538999557,0.26097598671913147,0.015736239030957222,0.007118903566151857,0.016759242862462997,0.006409597583115101,0.031201299279928207,0.07237549126148224,0.06621456891298294,0.003935122396796942,0.031182661652565002
62,2.066666666666667,,,,insightface_bbox,0.7144066095352173,0.0,862.9630737304688,919.37548828125,2359.917724609375,0,0,1,0,0,0,0,0,0,1,0,1,0.043228186666965485,0.020524533465504646,0.25264060497283936,0.01542552001774311,0.0069336434826254845,0.016373034566640854,0.006212326698005199,0.030094079673290253,0.06917695701122284,0.06347033381462097,0.0038591257762163877,0.030317239463329315
63,2.1,,,,insightface_bbox,0.7144066095352173,0.0,862.9630737304688,919.37548828125,2359.917724609375,0,0,1,0,0,0,0,0,0,1,0,1,0.04363112524151802,0.021028127521276474,0.2522312104701996,0.015832889825105667,0.007107356563210487,0.016802731901407242,0.0066925580613315105,0.03042072430253029,0.06947386264801025,0.06404728442430496,0.004011052194982767,0.03055281564593315
64,2.1333333333333333,,,,insightface_bbox,0.7144066095352173,0.0,862.9630737304688,919.37548828125,2359.917724609375,0,0,1,0,0,0,0,0,0,1,0,1,0.044174324721097946,0.02134198322892189,0.2440679967403412,0.016182946041226387,0.007190440781414509,0.017097271978855133,0.007002705242484808,0.031073447316884995,0.07227518409490585,0.0667867362499237,0.004102501552551985,0.031595900654792786
65,2.1666666666666665,,,,insightface_bbox,0.7144066095352173,0.0,862.9630737304688,919.37548828125,2359.917724609375,0,0,1,0,0,0,0,0,0,1,0,1,0.0455474779009819,0.021651126444339752,0.2491498589515686,0.016778815537691116,0.00734697375446558,0.0174283217638731,0.0075118569657206535,0.03264308348298073,0.0764988586306572,0.07052356004714966,0.0041259219869971275,0.03270191699266434
66,2.2,,,,insightface_bbox,0.7139246463775635,0.0,840.0096435546875,917.826904296875,2357.67822265625,0,0,1,0,0,0,0,0,0,1,0,1,0.04587806016206741,0.021244782954454422,0.2872295379638672,0.01629839837551117,0.007312975823879242,0.01774102821946144,0.006463478319346905,0.032345738261938095,0.07339837402105331,0.06635122746229172,0.004573972430080175,0.03311847895383835
67,2.2333333333333334,,,,insightface_bbox,0.7139246463775635,0.0,840.0096435546875,917.826904296875,2357.67822265625,0,0,1,0,0,0,0,0,0,1,0,1,0.045290570706129074,0.02096398174762726,0.2790590524673462,0.01623581349849701,0.007235913071781397,0.017433034256100655,0.006495458073914051,0.032635848969221115,0.07408794015645981,0.06772713363170624,0.0043931687250733376,0.03272264823317528
68,2.2666666666666666,,,,insightface_bbox,0.7139246463775635,0.0,840.0096435546875,917.826904296875,2357.67822265625,0,0,1,0,0,0,0,0,0,1,0,1,0.04510469734668732,0.021086018532514572,0.2743616998195648,0.01621680147945881,0.007206316106021404,0.017465777695178986,0.006468863692134619,0.03265771642327309,0.07275108993053436,0.06649061292409897,0.004461444914340973,0.032286230474710464
69,2.3,,,,insightface_bbox,0.7139246463775635,0.0,840.0096435546875,917.826904296875,2357.67822265625,0,0,1,0,0,0,0,0,0,1,0,1,0.044186580926179886,0.021004127338528633,0.27014341950416565,0.015945564955472946,0.007149765267968178,0.0172005295753479,0.006268809549510479,0.03179417923092842,0.06986042857170105,0.06417880207300186,0.004476369824260473,0.03185858577489853
70,2.3333333333333335,,,,insightface_bbox,0.7139246463775635,0.0,840.0096435546875,917.826904296875,2357.67822265625,0,0,1,0,0,0,0,0,0,1,0,1,0.04390797019004822,0.02110285498201847,0.2709962725639343,0.015956081449985504,0.007007275242358446,0.01685834489762783,0.006356786470860243,0.03163733705878258,0.06697344779968262,0.06281666457653046,0.004367740824818611,0.03141556680202484
71,2.3666666666666667,,,,insightface_bbox,0.7139246463775635,0.0,840.0096435546875,917.826904296875,2357.67822265625,0,0,1,0,0,0,0,0,0,1,0,1,0.04353746771812439,0.0209040530025959,0.26616817712783813,0.015655437484383583,0.00691866734996438,0.016520125791430473,0.006094878073781729,0.03117154911160469,0.06624027341604233,0.06118074804544449,0.004187384154647589,0.030752424150705338
72,2.4,,,,insightface_bbox,0.7029775381088257,0.0,857.754150390625,922.85498046875,2374.332763671875,0,0,1,0,0,0,0,0,0,1,0,1,0.04360697790980339,0.021309034898877144,0.2520116865634918,0.01669756881892681,0.00729365274310112,0.01730921119451523,0.007748260162770748,0.03226393833756447,0.07355371117591858,0.06775281578302383,0.004157773684710264,0.0322713665664196
73,2.433333333333333,,,,insightface_bbox,0.7029775381088257,0.0,857.754150390625,922.85498046875,2374.332763671875,0,0,1,0,0,0,0,0,0,1,0,1,0.044158272445201874,0.02162058651447296,0.2542174756526947,0.01677726022899151,0.007410947699099779,0.01783660613000393,0.007659845985472202,0.033522773534059525,0.0754251778125763,0.06890316307544708,0.004197961185127497,0.03252917528152466
74,2.466666666666667,,,,insightface_bbox,0.7029775381088257,0.0,857.754150390625,922.85498046875,2374.332763671875,0,0,1,0,0,0,0,0,0,1,0,1,0.044796086847782135,0.02184455469250679,0.2543207108974457,0.01705983281135559,0.007524549961090088,0.017879998311400414,0.008162926882505417,0.03452347218990326,0.07698973268270493,0.07023748755455017,0.004044873174279928,0.03298325836658478
75,2.5,,,,insightface_bbox,0.7029775381088257,0.0,857.754150390625,922.85498046875,2374.332763671875,0,0,1,0,0,0,0,0,0,1,0,1,0.04051198810338974,0.019135529175400734,0.23417773842811584,0.015665262937545776,0.006820916198194027,0.01570260524749756,0.007769437972456217,0.031367119401693344,0.06891529262065887,0.06504711508750916,0.003493458265438676,0.029157020151615143
76,2.533333333333333,,,,insightface_bbox,0.7029775381088257,0.0,857.754150390625,922.85498046875,2374.332763671875,0,0,1,0,0,0,0,0,0,1,0,1,0.038718871772289276,0.01785748265683651,0.20865358412265778,0.015218895860016346,0.006754584610462189,0.014941113069653511,0.007777353748679161,0.029188774526119232,0.07614192366600037,0.06721879541873932,0.0031099789775907993,0.028445135802030563
77,2.566666666666667,,,,insightface_bbox,0.7029775381088257,0.0,857.754150390625,922.85498046875,2374.332763671875,0,0,1,0,0,0,0,0,0,1,0,1,0.03875943273305893,0.017460808157920837,0.20176933705806732,0.014887041412293911,0.006812619045376778,0.014966321177780628,0.006886150222271681,0.029677199199795723,0.0843667984008789,0.06962311267852783,0.0031977426260709763,0.03033602423965931
78,2.6,,,,insightface_bbox,0.6993024349212646,0.0,835.7741088867188,960.749267578125,2361.022216796875,0,0,1,0,0,0,0,0,0,1,0,1,0.041209883987903595,0.018865134567022324,0.1834239363670349,0.015924600884318352,0.008009666576981544,0.019303124397993088,0.008395186625421047,0.03242142125964165,0.09170384705066681,0.07682126015424728,0.0029599620029330254,0.029043665155768394
79,2.6333333333333333,,,,insightface_bbox,0.6993024349212646,0.0,835.7741088867188,960.749267578125,2361.022216796875,0,0,1,0,0,0,0,0,0,1,0,1,0.04166188836097717,0.019513146951794624,0.1578587293624878,0.01658601313829422,0.008227290585637093,0.018945321440696716,0.009907231666147709,0.03338591754436493,0.09164345264434814,0.0778580904006958,0.0028384351171553135,0.02804134041070938
80,2.6666666666666665,,,,insightface_bbox,0.6993024349212646,0.0,835.7741088867188,960.749267578125,2361.022216796875,0,0,1,0,0,0,0,0,0,1,0,1,0.04183467477560043,0.01972041092813015,0.1584571897983551,0.016919950023293495,0.008068121038377285,0.01872768998146057,0.011186948977410793,0.033313900232315063,0.08845864236354828,0.07654959708452225,0.002838301006704569,0.02838294766843319
81,2.7,,,,insightface_bbox,0.6993024349212646,0.0,835.7741088867188,960.749267578125,2361.022216796875,0,0,1,0,0,0,0,0,0,1,0,1,0.04086640477180481,0.019287407398223877,0.1579027622938156,0.016364935785531998,0.007580516394227743,0.0178868118673563,0.01060299389064312,0.03256736695766449,0.08473233878612518,0.07336638122797012,0.002874530851840973,0.028279300779104233
82,2.7333333333333334,,,,insightface_bbox,0.6993024349212646,0.0,835.7741088867188,960.749267578125,2361.022216796875,0,0,1,0,0,0,0,0,0,1,0,1,0.04075928032398224,0.019337080419063568,0.16288667917251587,0.016023533418774605,0.007200863212347031,0.017228996381163597,0.010507551953196526,0.03139132633805275,0.08160397410392761,0.07062623649835587,0.0028819171711802483,0.02842165157198906
83,2.7666666666666666,,,,insightface_bbox,0.6993024349212646,0.0,835.7741088867188,960.749267578125,2361.022216796875,0,0,1,0,0,0,0,0,0,1,0,1,0.03934023901820183,0.018751468509435654,0.16170039772987366,0.015958191826939583,0.00682903453707695,0.01664942130446434,0.011001993902027607,0.03076443448662758,0.07723791897296906,0.06824389100074768,0.0028177695348858833,0.02775222808122635
84,2.8,,,,insightface_bbox,0.7006683349609375,0.0,833.3591918945312,951.4915161132812,2357.02978515625,0,0,1,0,0,0,0,0,0,1,0,1,0.046980831772089005,0.020502060651779175,0.24841713905334473,0.015742387622594833,0.007275557145476341,0.02023867517709732,0.00735501991584897,0.028702786192297935,0.078870490193367,0.06740200519561768,0.004035727586597204,0.03155624121427536
85,2.8333333333333335,,,,insightface_bbox,0.7006683349609375,0.0,833.3591918945312,951.4915161132812,2357.02978515625,0,0,1,0,0,0,0,0,0,1,0,1,0.04710228741168976,0.020918678492307663,0.2427780032157898,0.015812959522008896,0.007366525940597057,0.02025546506047249,0.007571097929030657,0.028395911678671837,0.0786152333021164,0.0663905143737793,0.004118960816413164,0.032059408724308014
86,2.8666666666666667,,,,insightface_bbox,0.7006683349609375,0.0,833.3591918945312,951.4915161132812,2357.02978515625,0,0,1,0,0,0,0,0,0,1,0,1,0.048204418271780014,0.021188005805015564,0.2415493279695511,0.015941618010401726,0.007479272782802582,0.02083362638950348,0.007594196125864983,0.02859308570623398,0.07903718948364258,0.06671911478042603,0.004469086416065693,0.032942287623882294
87,2.9,,,,insightface_bbox,0.7006683349609375,0.0,833.3591918945312,951.4915161132812,2357.02978515625,0,0,1,0,0,0,0,0,0,1,0,1,0.04886731877923012,0.02170068770647049,0.24167868494987488,0.016256019473075867,0.007541349157691002,0.020954648032784462,0.007551996037364006,0.029542725533246994,0.07838775217533112,0.06859878450632095,0.004679449833929539,0.03379930183291435
88,2.933333333333333,,,,insightface_bbox,0.7006683349609375,0.0,833.3591918945312,951.4915161132812,2357.02978515625,0,0,1,0,0,0,0,0,0,1,0,1,0.04788891226053238,0.021314606070518494,0.23308128118515015,0.01626504585146904,0.007841220125555992,0.021943487226963043,0.007388743571937084,0.03040951117873192,0.07884888350963593,0.07126559317111969,0.0045502763241529465,0.03316111117601395
89,2.966666666666667,,,,insightface_bbox,0.7006683349609375,0.0,833.3591918945312,951.4915161132812,2357.02978515625,0,0,1,0,0,0,0,0,0,1,0,1,0.0467490553855896,0.0206557996571064,0.21618926525115967,0.015638969838619232,0.007831042632460594,0.021063601598143578,0.006759529933333397,0.03008456900715828,0.07775728404521942,0.0703631043434143,0.0041844649240374565,0.031862083822488785
90,3.0,,,,insightface_bbox,0.6930515766143799,0.0,865.8057250976562,942.3355102539062,2353.332763671875,0,0,1,0,0,0,0,0,0,1,0,1,0.045352570712566376,0.020435070618987083,0.22242140769958496,0.015812402591109276,0.007902243174612522,0.021029803901910782,0.0062019918113946915,0.03159657493233681,0.08785971254110336,0.07703464478254318,0.0038977551739662886,0.03164123743772507
91,3.033333333333333,,,,insightface_bbox,0.6930515766143799,0.0,865.8057250976562,942.3355102539062,2353.332763671875,0,0,1,0,0,0,0,0,0,1,0,1,0.044807303696870804,0.01970866695046425,0.21723657846450806,0.01519433967769146,0.00793155562132597,0.02066962420940399,0.0054998393170535564,0.03086240589618683,0.09056740254163742,0.0760703831911087,0.0037346193566918373,0.03074629046022892
92,3.066666666666667,,,,insightface_bbox,0.6930515766143799,0.0,865.8057250976562,942.3355102539062,2353.332763671875,0,0,1,0,0,0,0,0,0,1,0,1,0.04695296660065651,0.02050597593188286,0.22834978997707367,0.015770323574543,0.008243831805884838,0.021616017445921898,0.005910856649279594,0.030885111540555954,0.09317150712013245,0.07731391489505768,0.004070076160132885,0.03286366909742355
93,3.1,,,,insightface_bbox,0.6930515766143799,0.0,865.8057250976562,942.3355102539062,2353.332763671875,0,0,1,0,0,0,0,0,0,1,0,1,0.04749711602926254,0.020875882357358932,0.22646383941173553,0.01597599685192108,0.008379975333809853,0.021476872265338898,0.006090113893151283,0.030979685485363007,0.09434328973293304,0.07849625498056412,0.004063644912093878,0.03409411013126373
94,3.1333333333333333,,,,insightface_bbox,0.6930515766143799,0.0,865.8057250976562,942.3355102539062,2353.332763671875,0,0,1,0,0,0,0,0,0,1,0,1,0.04794211685657501,0.020875316113233566,0.2239922434091568,0.016211392357945442,0.008584527298808098,0.022152287885546684,0.006349582690745592,0.03223893791437149,0.09645093232393265,0.08063136786222458,0.004144139122217894,0.03541019931435585
95,3.1666666666666665,,,,insightface_bbox,0.6930515766143799,0.0,865.8057250976562,942.3355102539062,2353.332763671875,0,0,1,0,0,0,0,0,0,1,0,1,0.048863187432289124,0.021186992526054382,0.22104842960834503,0.016314612701535225,0.008631695061922073,0.023301314562559128,0.00634398777037859,0.03267819061875343,0.09931840002536774,0.08112247288227081,0.004128680564463139,0.03486320748925209
96,3.2,,,,insightface_bbox,0.697121262550354,0.0,850.4529418945312,942.0033569335938,2347.340087890625,0,0,1,0,0,0,0,0,0,1,0,1,0.048905592411756516,0.02125222608447075,0.22450700402259827,0.016086068004369736,0.0085829496383667,0.023637112230062485,0.00610498758032918,0.030625194311141968,0.0950053483247757,0.07493941485881805,0.004189130384474993,0.03484645485877991
97,3.2333333333333334,,,,insightface_bbox,0.697121262550354,0.0,850.4529418945312,942.0033569335938,2347.340087890625,0,0,1,0,0,0,0,0,0,1,0,1,0.04948090389370918,0.021712083369493484,0.22569023072719574,0.016381509602069855,0.008374758996069431,0.02380143664777279,0.0061777569353580475,0.03038342110812664,0.09248073399066925,0.07445155084133148,0.004725927021354437,0.03624684363603592
98,3.2666666666666666,,,,insightface_bbox,0.697121262550354,0.0,850.4529418945312,942.0033569335938,2347.340087890625,0,0,1,0,0,0,0,0,0,1,0,1,0.04953071102499962,0.02239062264561653,0.22245275974273682,0.017006441950798035,0.008463140577077866,0.025104999542236328,0.006543857045471668,0.030232278630137444,0.08991829305887222,0.07326455414295197,0.005486427806317806,0.036736972630023956
99,3.3,,,,insightface_bbox,0.697121262550354,0.0,850.4529418945312,942.0033569335938,2347.340087890625,0,0,1,0,0,0,0,0,0,1,0,1,0.05014863237738609,0.02283993363380432,0.21863427758216858,0.017863940447568893,0.008664863184094429,0.026282424107193947,0.007693716324865818,0.03082016482949257,0.09151161462068558,0.07607056200504303,0.006259296089410782,0.03850371390581131
100,3.3333333333333335,,,,insightface_bbox,0.697121262550354,0.0,850.4529418945312,942.0033569335938,2347.340087890625,0,0,1,0,0,0,0,0,0,1,0,1,0.04790950194001198,0.02105894312262535,0.21644249558448792,0.016810022294521332,0.008423770777881145,0.022826071828603745,0.006915237754583359,0.031758978962898254,0.0897894948720932,0.07846929132938385,0.005516433622688055,0.03757944703102112
101,3.3666666666666667,,,,insightface_bbox,0.697121262550354,0.0,850.4529418945312,942.0033569335938,2347.340087890625,0,0,1,0,0,0,0,0,0,1,0,1,0.04462723433971405,0.019011136144399643,0.20661169290542603,0.015081249177455902,0.008068344555795193,0.020892759785056114,0.005132798571139574,0.03257909417152405,0.09239204227924347,0.0779552161693573,0.004284821916371584,0.03214109316468239
102,3.4,,,,insightface_bbox,0.6981233358383179,0.0,867.3350219726562,905.8467407226562,2346.880615234375,0,0,1,0,0,0,0,0,0,1,0,1,0.0391247496008873,0.019131869077682495,0.26547953486442566,0.014380043372511864,0.007785244844853878,0.017544498667120934,0.005318349692970514,0.032610610127449036,0.06530503928661346,0.05887170135974884,0.0031302296556532383,0.028066318482160568
103,3.433333333333333,,,,insightface_bbox,0.6981233358383179,0.0,867.3350219726562,905.8467407226562,2346.880615234375,0,0,1,0,0,0,0,0,0,1,0,1,0.03816226124763489,0.018837222829461098,0.25366124510765076,0.014139260165393353,0.0078124720603227615,0.01740698516368866,0.005316201131790876,0.03105158917605877,0.06261029094457626,0.057274289429187775,0.0031458758749067783,0.02721499279141426
104,3.466666666666667,,,,insightface_bbox,0.6981233358383179,0.0,867.3350219726562,905.8467407226562,2346.880615234375,0,0,1,0,0,0,0,0,0,1,0,1,0.03977392613887787,0.019259246066212654,0.2642524540424347,0.014263777062296867,0.007878820411860943,0.01712794601917267,0.005250046029686928,0.028935808688402176,0.0627666711807251,0.05677167698740959,0.0030262237414717674,0.02695738524198532
105,3.5,,,,insightface_bbox,0.6981233358383179,0.0,867.3350219726562,905.8467407226562,2346.880615234375,0,0,1,0,0,0,0,0,0,1,0,1,0.03885805234313011,0.018801677972078323,0.24323219060897827,0.013727869838476181,0.007547088898718357,0.016604678705334663,0.005218587350100279,0.028684260323643684,0.060382626950740814,0.055021364241838455,0.0031059340108186007,0.026220660656690598
106,3.533333333333333,,,,insightface_bbox,0.6981233358383179,0.0,867.3350219726562,905.8467407226562,2346.880615234375,0,0,1,0,0,0,0,0,0,1,0,1,0.03970422223210335,0.01901339367032051,0.2542800307273865,0.013781975954771042,0.007329168729484081,0.016400691121816635,0.005047934129834175,0.030216408893465996,0.060933858156204224,0.05469658970832825,0.0031933479476720095,0.026849007233977318
107,3.566666666666667,,,,insightface_bbox,0.6981233358383179,0.0,867.3350219726562,905.8467407226562,2346.880615234375,0,0,1,0,0,0,0,0,0,1,0,1,0.03942858800292015,0.019013501703739166,0.25527727603912354,0.013750175945460796,0.007349979132413864,0.016556816175580025,0.005132803227752447,0.030321750789880753,0.06154220923781395,0.055035240948200226,0.0032151094637811184,0.026905566453933716
108,3.6,,,,insightface_bbox,0.7046592831611633,0.0,855.5369873046875,915.4069213867188,2362.54150390625,0,0,1,0,0,0,0,0,0,1,0,1,0.045029059052467346,0.021678423509001732,0.2768059968948364,0.016692601144313812,0.00764583982527256,0.0171548742800951,0.0070526860654354095,0.033111605793237686,0.06960173696279526,0.06561891734600067,0.0038143943529576063,0.031024228781461716
109,3.6333333333333333,,,,insightface_bbox,0.7046592831611633,0.0,855.5369873046875,915.4069213867188,2362.54150390625,0,0,1,0,0,0,0,0,0,1,0,1,0.0452691987156868,0.021596312522888184,0.2798612117767334,0.016710039228200912,0.007620811462402344,0.017447032034397125,0.007186508271843195,0.03172561898827553,0.07078565657138824,0.0647558867931366,0.004001523368060589,0.03171983361244202
110,3.6666666666666665,,,,insightface_bbox,0.7046592831611633,0.0,855.5369873046875,915.4069213867188,2362.54150390625,0,0,1,0,0,0,0,0,0,1,0,1,0.04540417715907097,0.021663937717676163,0.2788768708705902,0.0167580246925354,0.00766698969528079,0.017956294119358063,0.007556886877864599,0.030968470498919487,0.07038018107414246,0.06459777057170868,0.004194251261651516,0.03247937932610512
111,3.7,,,,insightface_bbox,0.7046592831611633,0.0,855.5369873046875,915.4069213867188,2362.54150390625,0,0,1,0,0,0,0,0,0,1,0,1,0.04479765519499779,0.02139248326420784,0.26918354630470276,0.01653287373483181,0.007770099677145481,0.018089938908815384,0.007301383186131716,0.030560214072465897,0.07051242142915726,0.06464735418558121,0.00432519381865859,0.032730281352996826
112,3.7333333333333334,,,,insightface_bbox,0.7046592831611633,0.0,855.5369873046875,915.4069213867188,2362.54150390625,0,0,1,0,0,0,0,0,0,1,0,1,0.04418543726205826,0.0210108682513237,0.2611166536808014,0.016467705368995667,0.007799044717103243,0.01818850263953209,0.0073815882205963135,0.031069694086909294,0.0728398859500885,0.06739705055952072,0.0045474981889128685,0.033942826092243195
113,3.7666666666666666,,,,insightface_bbox,0.7046592831611633,0.0,855.5369873046875,915.4069213867188,2362.54150390625,0,0,1,0,0,0,0,0,0,1,0,1,0.042671896517276764,0.020170968025922775,0.245638906955719,0.01579371467232704,0.007478059735149145,0.01736343279480934,0.0071329837664961815,0.030081085860729218,0.07159289717674255,0.0669567734003067,0.004176788032054901,0.03234247863292694
114,3.8,,,,insightface_bbox,0.6735265254974365,0.0,818.4533081054688,938.9024658203125,2358.6337890625,0,0,1,0,0,0,0,0,0,1,0,1,0.04404977336525917,0.019315047189593315,0.2150602638721466,0.015359279699623585,0.007507366128265858,0.017886074259877205,0.0058577535673975945,0.03007756546139717,0.08647911995649338,0.07666739821434021,0.00371060473844409,0.032914239913225174
115,3.8333333333333335,,,,insightface_bbox,0.6735265254974365,0.0,818.4533081054688,938.9024658203125,2358.6337890625,0,0,1,0,0,0,0,0,0,1,0,1,0.04405529797077179,0.019396938383579254,0.21868228912353516,0.015568284317851067,0.007405751384794712,0.018026767298579216,0.006103941239416599,0.030045637860894203,0.08872927725315094,0.07848052680492401,0.00344056892208755,0.0321422815322876
116,3.8666666666666667,,,,insightface_bbox,0.6735265254974365,0.0,818.4533081054688,938.9024658203125,2358.6337890625,0,0,1,0,0,0,0,0,0,1,0,1,0.045975565910339355,0.0201673973351717,0.2127334475517273,0.015850750729441643,0.007487888913601637,0.018401240929961205,0.0061275954358279705,0.03034171834588051,0.09324541687965393,0.07898250222206116,0.003519780235365033,0.03321866691112518
117,3.9,,,,insightface_bbox,0.6735265254974365,0.0,818.4533081054688,938.9024658203125,2358.6337890625,0,0,1,0,0,0,0,0,0,1,0,1,0.045522890985012054,0.020021900534629822,0.2113340198993683,0.015796402469277382,0.007778902072459459,0.018650244921445847,0.0063402787782251835,0.030309263616800308,0.09670193493366241,0.07813206315040588,0.0035170840565115213,0.033265940845012665
118,3.933333333333333,,,,insightface_bbox,0.6735265254974365,0.0,818.4533081054688,938.9024658203125,2358.6337890625,0,0,1,0,0,0,0,0,0,1,0,1,0.0459214523434639,0.020046714693307877,0.21082624793052673,0.01569236069917679,0.007638188544660807,0.01843520812690258,0.006031989119946957,0.02967396005988121,0.09441270679235458,0.0763467475771904,0.003500960534438491,0.0328843854367733
119,3.966666666666667,,,,insightface_bbox,0.6735265254974365,0.0,818.4533081054688,938.9024658203125,2358.6337890625,0,0,1,0,0,0,0,0,0,1,0,1,0.045871272683143616,0.019925909116864204,0.2174871414899826,0.01569794863462448,0.007664442528039217,0.018729131668806076,0.00586413498967886,0.030516954138875008,0.09330417215824127,0.07948550581932068,0.0034736236557364464,0.03293872997164726
120,4.0,,,,insightface_bbox,0.7064078450202942,0.0,813.4000244140625,931.912109375,2360.998779296875,0,0,1,0,0,0,0,0,0,1,0,1,0.044929876923561096,0.019324909895658493,0.21934419870376587,0.01537198107689619,0.007446108385920525,0.01778634451329708,0.005755232647061348,0.03032590262591839,0.08995728194713593,0.0783354863524437,0.003366544609889388,0.03228451684117317
121,4.033333333333333,,,,insightface_bbox,0.7064078450202942,0.0,813.4000244140625,931.912109375,2360.998779296875,0,0,1,0,0,0,0,0,0,1,0,1,0.04380689933896065,0.018772805109620094,0.21657542884349823,0.015070224180817604,0.007541823200881481,0.017672812566161156,0.005616864189505577,0.029883896932005882,0.08972522616386414,0.07719480991363525,0.003243417479097843,0.031096454709768295
122,4.066666666666666,,,,insightface_bbox,0.7064078450202942,0.0,813.4000244140625,931.912109375,2360.998779296875,0,0,1,0,0,0,0,0,0,1,0,1,0.04352588579058647,0.018588893115520477,0.21367603540420532,0.014960765838623047,0.007461504079401493,0.017421243712306023,0.005505175795406103,0.02976383827626705,0.0890066921710968,0.07652817666530609,0.0032671422231942415,0.030968572944402695
123,4.1,,,,insightface_bbox,0.7064078450202942,0.0,813.4000244140625,931.912109375,2360.998779296875,0,0,1,0,0,0,0,0,0,1,0,1,0.04407472535967827,0.018785376101732254,0.209391251206398,0.014940728433430195,0.007507984526455402,0.01780211180448532,0.005461282562464476,0.030024098232388496,0.09088614583015442,0.07739166915416718,0.00325771770440042,0.031053369864821434
124,4.133333333333334,,,,insightface_bbox,0.7064078450202942,0.0,813.4000244140625,931.912109375,2360.998779296875,0,0,1,0,0,0,0,0,0,1,0,1,0.04571320861577988,0.019372260197997093,0.20972049236297607,0.01526404358446598,0.007712453603744507,0.018950732424855232,0.005490979179739952,0.030680835247039795,0.09638477861881256,0.08021920919418335,0.0034814050886780024,0.03256503865122795
125,4.166666666666667,,,,insightface_bbox,0.7064078450202942,0.0,813.4000244140625,931.912109375,2360.998779296875,0,0,1,0,0,0,0,0,0,1,0,1,0.04722972214221954,0.01993621699512005,0.21268630027770996,0.015379678457975388,0.00769423320889473,0.019693754613399506,0.005444540176540613,0.030801724642515182,0.0979175791144371,0.08064479380846024,0.0035802696365863085,0.03286309540271759
126,4.2,,,,insightface_bbox,0.7198501229286194,0.0,805.9676513671875,933.2686157226562,2350.856689453125,0,0,1,0,0,0,0,0,0,1,0,1,0.05113173648715019,0.02166963741183281,0.23670019209384918,0.016171850264072418,0.007777327671647072,0.022189367562532425,0.006438403390347958,0.029981039464473724,0.09771782904863358,0.08088789880275726,0.0040601398795843124,0.034590944647789
127,4.233333333333333,,,,insightface_bbox,0.7198501229286194,0.0,805.9676513671875,933.2686157226562,2350.856689453125,0,0,1,0,0,0,0,0,0,1,0,1,0.050988808274269104,0.021794211119413376,0.23155945539474487,0.016149360686540604,0.0076877661049366,0.022418051958084106,0.006294752936810255,0.030162449926137924,0.09783539921045303,0.08046894520521164,0.004154294729232788,0.03484444320201874
128,4.266666666666667,,,,insightface_bbox,0.7198501229286194,0.0,805.9676513671875,933.2686157226562,2350.856689453125,0,0,1,0,0,0,0,0,0,1,0,1,0.05068245902657509,0.021686021238565445,0.23394304513931274,0.016098901629447937,0.007853114977478981,0.02272859402000904,0.006166613195091486,0.030031101778149605,0.09934983402490616,0.07994412630796432,0.004123147111386061,0.03461159020662308
129,4.3,,,,insightface_bbox,0.7198501229286194,0.0,805.9676513671875,933.2686157226562,2350.856689453125,0,0,1,0,0,0,0,0,0,1,0,1,0.050397660583257675,0.02164277993142605,0.22947518527507782,0.016138266772031784,0.007960907183587551,0.022384651005268097,0.006114386487752199,0.030302442610263824,0.0997026339173317,0.08151789009571075,0.004007728770375252,0.03435056284070015
130,4.333333333333333,,,,insightface_bbox,0.7198501229286194,0.0,805.9676513671875,933.2686157226562,2350.856689453125,0,0,1,0,0,0,0,0,0,1,0,1,0.049886636435985565,0.02143348567187786,0.2272367626428604,0.016064750030636787,0.008090052753686905,0.02225136011838913,0.005914217792451382,0.030443280935287476,0.10158884525299072,0.08138031512498856,0.0038468954153358936,0.03378913551568985
131,4.366666666666666,,,,insightface_bbox,0.7198501229286194,0.0,805.9676513671875,933.2686157226562,2350.856689453125,0,0,1,0,0,0,0,0,0,1,0,1,0.049884334206581116,0.021586481481790543,0.23174342513084412,0.01617741771042347,0.008066626265645027,0.022361792623996735,0.005939719267189503,0.03058670088648796,0.10115162283182144,0.08130382001399994,0.003933696076273918,0.034227073192596436
132,4.4,,,,insightface_bbox,0.7016079425811768,0.0,815.4312744140625,928.0289916992188,2350.5302734375,0,0,1,0,0,0,0,0,0,1,0,1,0.04436694085597992,0.019677260890603065,0.19728316366672516,0.015294617041945457,0.007894794456660748,0.01862252503633499,0.005556308198720217,0.02979082614183426,0.09386055916547775,0.07568800449371338,0.003505130298435688,0.03186710923910141
133,4.433333333333334,,,,insightface_bbox,0.7016079425811768,0.0,815.4312744140625,928.0289916992188,2350.5302734375,0,0,1,0,0,0,0,0,0,1,0,1,0.04433181509375572,0.019721629098057747,0.1986076831817627,0.01537406351417303,0.007891546934843063,0.01850041374564171,0.005522172898054123,0.02989484742283821,0.09346640110015869,0.07544927299022675,0.0035343074705451727,0.03178819641470909
134,4.466666666666667,,,,insightface_bbox,0.7016079425811768,0.0,815.4312744140625,928.0289916992188,2350.5302734375,0,0,1,0,0,0,0,0,0,1,0,1,0.04550131410360336,0.020058991387486458,0.2048310935497284,0.01572810299694538,0.008055801503360271,0.018982384353876114,0.005771168973296881,0.030437711626291275,0.09553761035203934,0.07641768455505371,0.0036496531683951616,0.032402534037828445
135,4.5,,,,insightface_bbox,0.7016079425811768,0.0,815.4312744140625,928.0289916992188,2350.5302734375,0,0,1,0,0,0,0,0,0,1,0,1,0.045801494270563126,0.02014927566051483,0.20546400547027588,0.015746915712952614,0.008025660179555416,0.019017186015844345,0.005750264506787062,0.030029818415641785,0.09457185119390488,0.07518987357616425,0.003657654859125614,0.03224014863371849
136,4.533333333333333,,,,insightface_bbox,0.7016079425811768,0.0,815.4312744140625,928.0289916992188,2350.5302734375,0,0,1,0,0,0,0,0,0,1,0,1,0.04593310505151749,0.02001887559890747,0.20536451041698456,0.015597016550600529,0.007964334450662136,0.01911085844039917,0.005611051339656115,0.0293847918510437,0.0924232229590416,0.07288017868995667,0.0038238205015659332,0.03222386911511421
137,4.566666666666666,,,,insightface_bbox,0.7016079425811768,0.0,815.4312744140625,928.0289916992188,2350.5302734375,0,0,1,0,0,0,0,0,0,1,0,1,0.04621490463614464,0.020246608182787895,0.20786523818969727,0.015643775463104248,0.00784781202673912,0.019578618928790092,0.005593746434897184,0.029178177937865257,0.09181000292301178,0.07227277755737305,0.003954771906137466,0.03268317133188248
138,4.6,,,,insightface_bbox,0.711412787437439,0.0,805.9236450195312,939.75732421875,2336.919677734375,0,0,1,0,0,0,0,0,0,1,0,1,0.0501706525683403,0.02150047942996025,0.2230435460805893,0.015903102234005928,0.00793011300265789,0.023544665426015854,0.006270821206271648,0.028799086809158325,0.09007137268781662,0.06878367066383362,0.004331953823566437,0.03180912882089615
139,4.633333333333334,,,,insightface_bbox,0.711412787437439,0.0,805.9236450195312,939.75732421875,2336.919677734375,0,0,1,0,0,0,0,0,0,1,0,1,0.050130974501371384,0.021430140361189842,0.21999794244766235,0.015944678336381912,0.00794950034469366,0.023589598014950752,0.006212294101715088,0.02893132157623768,0.09257330000400543,0.07084760814905167,0.00409651268273592,0.031055165454745293
140,4.666666666666667,,,,insightface_bbox,0.711412787437439,0.0,805.9236450195312,939.75732421875,2336.919677734375,0,0,1,0,0,0,0,0,0,1,0,1,0.04983273148536682,0.021358028054237366,0.2171124517917633,0.015961846336722374,0.008142608217895031,0.024303272366523743,0.006285220850259066,0.029251480475068092,0.09385264664888382,0.07150949537754059,0.004102879203855991,0.031100932508707047
141,4.7,,,,insightface_bbox,0.711412787437439,0.0,805.9236450195312,939.75732421875,2336.919677734375,0,0,1,0,0,0,0,0,0,1,0,1,0.05015677958726883,0.021510262042284012,0.21823950111865997,0.016030509024858475,0.008336213417351246,0.02470134012401104,0.006204414181411266,0.02918338030576706,0.09586003422737122,0.07138094305992126,0.004083999898284674,0.03125970810651779
142,4.733333333333333,,,,insightface_bbox,0.711412787437439,0.0,805.9236450195312,939.75732421875,2336.919677734375,0,0,1,0,0,0,0,0,0,1,0,1,0.0505731999874115,0.02161388471722603,0.22169379889965057,0.016032421961426735,0.008355914615094662,0.02471613511443138,0.00615726038813591,0.028944384306669235,0.09597417712211609,0.07083742320537567,0.003982989117503166,0.03111545741558075
143,4.766666666666667,,,,insightface_bbox,0.711412787437439,0.0,805.9236450195312,939.75732421875,2336.919677734375,0,0,1,0,0,0,0,0,0,1,0,1,0.05008615180850029,0.021449176594614983,0.2218645066022873,0.015918787568807602,0.008301245048642159,0.025075644254684448,0.0060328710824251175,0.028616424649953842,0.09568896889686584,0.07093651592731476,0.004051409661769867,0.03134385496377945
144,4.8,,,,insightface_bbox,0.7202696800231934,0.0,837.6387939453125,933.8392333984375,2346.02783203125,0,0,1,0,0,0,0,0,0,1,0,1,0.04404246807098389,0.020194634795188904,0.2160009741783142,0.015951305627822876,0.007872022688388824,0.018827062100172043,0.006752590648829937,0.028174839913845062,0.08853702247142792,0.0693884789943695,0.0035400381311774254,0.030596544966101646
145,4.833333333333333,,,,insightface_bbox,0.7202696800231934,0.0,837.6387939453125,933.8392333984375,2346.02783203125,0,0,1,0,0,0,0,0,0,1,0,1,0.04332271218299866,0.01982954517006874,0.21192002296447754,0.015705151483416557,0.007658103015273809,0.018508413806557655,0.006676743738353252,0.028167160227894783,0.08894205093383789,0.0689796432852745,0.003381849732249975,0.029881473630666733
146,4.866666666666666,,,,insightface_bbox,0.7202696800231934,0.0,837.6387939453125,933.8392333984375,2346.02783203125,0,0,1,0,0,0,0,0,0,1,0,1,0.0434512235224247,0.019927753135561943,0.2126944661140442,0.01573113724589348,0.0076993596740067005,0.0186750590801239,0.00670603895559907,0.028386417776346207,0.08911451697349548,0.06928744167089462,0.0032985759899020195,0.02965697832405567
147,4.9,,,,insightface_bbox,0.7202696800231934,0.0,837.6387939453125,933.8392333984375,2346.02783203125,0,0,1,0,0,0,0,0,0,1,0,1,0.04419533535838127,0.02054455503821373,0.22104457020759583,0.01609293557703495,0.007899632677435875,0.019541243091225624,0.006969326641410589,0.02882814034819603,0.08815634250640869,0.06968051940202713,0.003391735954210162,0.029980169609189034
148,4.933333333333334,,,,insightface_bbox,0.7202696800231934,0.0,837.6387939453125,933.8392333984375,2346.02783203125,0,0,1,0,0,0,0,0,0,1,0,1,0.04487155005335808,0.02109123393893242,0.23183399438858032,0.01672281324863434,0.008168809115886688,0.02043268084526062,0.007671104744076729,0.0294279046356678,0.08879783749580383,0.07057821750640869,0.0036299549974501133,0.031303614377975464
149,4.966666666666667,,,,insightface_bbox,0.7202696800231934,0.0,837.6387939453125,933.8392333984375,2346.02783203125,0,0,1,0,0,0,0,0,0,1,0,1,0.04446791112422943,0.0207666102796793,0.2297564595937729,0.016682028770446777,0.00811865646392107,0.02066173404455185,0.007833690382540226,0.029309457167983055,0.09030510485172272,0.07177175581455231,0.003762227948755026,0.03150147199630737
150,5.0,,,,insightface_bbox,0.7109638452529907,0.0,799.2716064453125,950.9577026367188,2361.5771484375,0,0,1,0,0,0,0,0,0,1,0,1,0.0489092655479908,0.02098982036113739,0.21384887397289276,0.01657392457127571,0.008270682767033577,0.024121200665831566,0.007581248879432678,0.029949620366096497,0.10266600549221039,0.0793219730257988,0.0036743050441145897,0.030015673488378525
151,5.033333333333333,,,,insightface_bbox,0.7109638452529907,0.0,799.2716064453125,950.9577026367188,2361.5771484375,0,0,1,0,0,0,0,0,0,1,0,1,0.050587620586156845,0.021678771823644638,0.22357314825057983,0.017531106248497963,0.008724993094801903,0.02535000629723072,0.00864158570766449,0.03036930039525032,0.10673131793737411,0.08121812343597412,0.004198645241558552,0.03249086067080498
152,5.066666666666666,,,,insightface_bbox,0.7109638452529907,0.0,799.2716064453125,950.9577026367188,2361.5771484375,0,0,1,0,0,0,0,0,0,1,0,1,0.05110958591103554,0.022022195160388947,0.2233116179704666,0.018068809062242508,0.009064402431249619,0.025985540822148323,0.009265861473977566,0.030972668901085854,0.10867566615343094,0.08451785147190094,0.0045561352744698524,0.03401991352438927
153,5.1,,,,insightface_bbox,0.7109638452529907,0.0,799.2716064453125,950.9577026367188,2361.5771484375,0,0,1,0,0,0,0,0,0,1,0,1,0.05198980122804642,0.022904429584741592,0.228896364569664,0.019159240648150444,0.009367653168737888,0.026596449315547943,0.011029090732336044,0.032037846744060516,0.10901916772127151,0.08739058673381805,0.004636052530258894,0.0348983034491539
154,5.133333333333334,,,,insightface_bbox,0.7109638452529907,0.0,799.2716064453125,950.9577026367188,2361.5771484375,0,0,1,0,0,0,0,0,0,1,0,1,0.051962338387966156,0.0231366828083992,0.23631224036216736,0.020029041916131973,0.009397819638252258,0.026717660948634148,0.01291128620505333,0.03274645283818245,0.10897082090377808,0.09002085030078888,0.004733267240226269,0.03594869747757912
155,5.166666666666667,,,,insightface_bbox,0.7109638452529907,0.0,799.2716064453125,950.9577026367188,2361.5771484375,0,0,1,0,0,0,0,0,0,1,0,1,0.05430518835783005,0.024239040911197662,0.24068357050418854,0.021082494407892227,0.009325397200882435,0.028816239908337593,0.0145903704687953,0.034631095826625824,0.10789171606302261,0.09710698574781418,0.005337017588317394,0.03894396871328354
156,5.2,,,,insightface_bbox,0.6875724792480469,0.0,855.3290405273438,941.3404541015625,2374.423828125,0,0,1,0,0,0,0,0,0,1,0,1,0.04840286821126938,0.02147756703197956,0.21780408918857574,0.01708904281258583,0.00869497936218977,0.02398507483303547,0.007539098151028156,0.03120100311934948,0.10129189491271973,0.081416055560112,0.004155052825808525,0.03501048684120178
157,5.233333333333333,,,,insightface_bbox,0.6875724792480469,0.0,855.3290405273438,941.3404541015625,2374.423828125,0,0,1,0,0,0,0,0,0,1,0,1,0.04702683538198471,0.021422673016786575,0.20492315292358398,0.01669546402990818,0.00858919508755207,0.02428734302520752,0.006616180296987295,0.03143206611275673,0.09924314171075821,0.0776141881942749,0.003934863489121199,0.03283006697893143
158,5.266666666666667,,,,insightface_bbox,0.6875724792480469,0.0,855.3290405273438,941.3404541015625,2374.423828125,0,0,1,0,0,0,0,0,0,1,0,1,0.04659071937203407,0.02132916823029518,0.1998533010482788,0.016435181722044945,0.008532454259693623,0.0238442812114954,0.006294240243732929,0.031570564955472946,0.09974279999732971,0.07738015055656433,0.0038570945616811514,0.03224870190024376
159,5.3,,,,insightface_bbox,0.6875724792480469,0.0,855.3290405273438,941.3404541015625,2374.423828125,0,0,1,0,0,0,0,0,0,1,0,1,0.04525679349899292,0.020908677950501442,0.19470754265785217,0.01620376668870449,0.008378395810723305,0.022848129272460938,0.0060490695759654045,0.03174816071987152,0.09893731027841568,0.0773744136095047,0.00383670162409544,0.03196484223008156
160,5.333333333333333,,,,insightface_bbox,0.6875724792480469,0.0,855.3290405273438,941.3404541015625,2374.423828125,0,0,1,0,0,0,0,0,0,1,0,1,0.04529841989278793,0.020612526684999466,0.19494882225990295,0.01584745943546295,0.008205000311136246,0.022396044805645943,0.005898616276681423,0.030878815799951553,0.0968199148774147,0.07630524039268494,0.0037598107010126114,0.031536076217889786
161,5.366666666666666,,,,insightface_bbox,0.6875724792480469,0.0,855.3290405273438,941.3404541015625,2374.423828125,0,0,1,0,0,0,0,0,0,1,0,1,0.04484880715608597,0.020296823233366013,0.1990140676498413,0.015797678381204605,0.008370633237063885,0.022110357880592346,0.0059309229254722595,0.032059378921985626,0.09796620905399323,0.0792023092508316,0.003565553342923522,0.03147750720381737
162,5.4,,,,insightface_bbox,0.736791729927063,0.0,842.7490234375,910.3525390625,2348.3369140625,0,0,1,0,0,0,0,0,0,1,0,1,0.04356126859784126,0.020286722108721733,0.2965582609176636,0.016117539256811142,0.007682483643293381,0.018679363653063774,0.006641898769885302,0.03181786835193634,0.07589191943407059,0.0661008208990097,0.0037423772737383842,0.03286575898528099
163,5.433333333333334,,,,insightface_bbox,0.736791729927063,0.0,842.7490234375,910.3525390625,2348.3369140625,0,0,1,0,0,0,0,0,0,1,0,1,0.04201140254735947,0.019623465836048126,0.28864067792892456,0.015965338796377182,0.007313550915569067,0.017238799482584,0.006664726417511702,0.034141287207603455,0.07334432750940323,0.0683421716094017,0.003259591991081834,0.031963616609573364
164,5.466666666666667,,,,insightface_bbox,0.736791729927063,0.0,842.7490234375,910.3525390625,2348.3369140625,0,0,1,0,0,0,0,0,0,1,0,1,0.042225390672683716,0.01966901868581772,0.288108229637146,0.015816792845726013,0.007247934117913246,0.01724693551659584,0.006376946810632944,0.03433649241924286,0.07447495311498642,0.06703904271125793,0.003317571245133877,0.0320434495806694
165,5.5,,,,insightface_bbox,0.736791729927063,0.0,842.7490234375,910.3525390625,2348.3369140625,0,0,1,0,0,0,0,0,0,1,0,1,0.041811875998973846,0.01979566179215908,0.28746846318244934,0.015982206910848618,0.007631605491042137,0.01871863752603531,0.006650285795331001,0.033300384879112244,0.0766456201672554,0.06764845550060272,0.0037290004547685385,0.033381856977939606
166,5.533333333333333,,,,insightface_bbox,0.736791729927063,0.0,842.7490234375,910.3525390625,2348.3369140625,0,0,1,0,0,0,0,0,0,1,0,1,0.0408998541533947,0.019671831279993057,0.27331826090812683,0.01564677059650421,0.007704753428697586,0.01892220787703991,0.006544227711856365,0.03058377467095852,0.07645124197006226,0.06560885906219482,0.0035388153046369553,0.03183445334434509
167,5.566666666666666,,,,insightface_bbox,0.736791729927063,0.0,842.7490234375,910.3525390625,2348.3369140625,0,0,1,0,0,0,0,0,0,1,0,1,0.04077420383691788,0.019589567556977272,0.26022881269454956,0.015669284388422966,0.007732992060482502,0.01872304640710354,0.00674310140311718,0.030018275603652,0.07681519538164139,0.06582581996917725,0.003367483150213957,0.03073572926223278
168,5.6,,,,insightface_bbox,0.7192621827125549,0.0,817.155029296875,941.6600341796875,2338.63134765625,0,0,1,0,0,0,0,0,0,1,0,1,0.0474155992269516,0.022144265472888947,0.19763031601905823,0.016413308680057526,0.008341492153704166,0.022420179098844528,0.006254539825022221,0.0291755348443985,0.10131634771823883,0.07419790327548981,0.003527549095451832,0.03239051252603531
169,5.633333333333334,,,,insightface_bbox,0.7192621827125549,0.0,817.155029296875,941.6600341796875,2338.63134765625,0,0,1,0,0,0,0,0,0,1,0,1,0.04655833542346954,0.021708332002162933,0.19986526668071747,0.016291668638586998,0.008205675520002842,0.02228238433599472,0.006340774241834879,0.029124392196536064,0.10112748295068741,0.07362888008356094,0.0035897432826459408,0.03234679624438286
170,5.666666666666667,,,,insightface_bbox,0.7192621827125549,0.0,817.155029296875,941.6600341796875,2338.63134765625,0,0,1,0,0,0,0,0,0,1,0,1,0.04668496921658516,0.021631726995110512,0.1996178776025772,0.016282575204968452,0.008287705481052399,0.022561736404895782,0.006467323284596205,0.029391339048743248,0.10135270655155182,0.07418067753314972,0.003606026526540518,0.03259502723813057
171,5.7,,,,insightface_bbox,0.7192621827125549,0.0,817.155029296875,941.6600341796875,2338.63134765625,0,0,1,0,0,0,0,0,0,1,0,1,0.04638746753334999,0.021257920190691948,0.1940476894378662,0.016029680147767067,0.008219894953072071,0.021408215165138245,0.005912026856094599,0.03037792071700096,0.09737718850374222,0.07308027148246765,0.0036915764212608337,0.03267654776573181
172,5.733333333333333,,,,insightface_bbox,0.7192621827125549,0.0,817.155029296875,941.6600341796875,2338.63134765625,0,0,1,0,0,0,0,0,0,1,0,1,0.049053557217121124,0.02223604917526245,0.2329523116350174,0.017873652279376984,0.009056282229721546,0.02311127446591854,0.008228681050240993,0.03349270299077034,0.09937412291765213,0.08540301024913788,0.005150079261511564,0.03972319886088371
173,5.766666666666667,,,,insightface_bbox,0.7192621827125549,0.0,817.155029296875,941.6600341796875,2338.63134765625,0,0,1,0,0,0,0,0,0,1,0,1,0.05320677533745766,0.02325396239757538,0.2628971338272095,0.019230028614401817,0.009041654877364635,0.023198658600449562,0.009693561121821404,0.03468445688486099,0.09939174354076385,0.08924499154090881,0.006118980702012777,0.04308721050620079
174,5.8,,,,insightface_bbox,0.7059234976768494,0.0,848.8460083007812,906.7526245117188,2442.936767578125,0,0,1,0,0,0,0,0,0,1,0,1,0.04152931272983551,0.019995607435703278,0.2586890757083893,0.01594276912510395,0.007996682077646255,0.017104748636484146,0.006670546252280474,0.033449769020080566,0.07614628225564957,0.06925790011882782,0.0023903888650238514,0.028294270858168602
175,5.833333333333333,,,,insightface_bbox,0.7059234976768494,0.0,848.8460083007812,906.7526245117188,2442.936767578125,0,0,1,0,0,0,0,0,0,1,0,1,0.04243369773030281,0.020306577906012535,0.2594411075115204,0.01627904362976551,0.008321253582835197,0.01712185889482498,0.007123639807105064,0.033669404685497284,0.07659576088190079,0.0708276629447937,0.002467094687744975,0.028893887996673584
176,5.866666666666666,,,,insightface_bbox,0.7059234976768494,0.0,848.8460083007812,906.7526245117188,2442.936767578125,0,0,1,0,0,0,0,0,0,1,0,1,0.04194435104727745,0.020105773583054543,0.24768206477165222,0.016414213925600052,0.00839273352175951,0.0170573927462101,0.007671466562896967,0.03307334706187248,0.07588179409503937,0.06738374382257462,0.0029021454975008965,0.030866235494613647
177,5.9,,,,insightface_bbox,0.7059234976768494,0.0,848.8460083007812,906.7526245117188,2442.936767578125,0,0,1,0,0,0,0,0,0,1,0,1,0.0402366928756237,0.01967286877334118,0.23736357688903809,0.015677105635404587,0.007788774091750383,0.01653406023979187,0.006768342107534409,0.030439719557762146,0.07214871048927307,0.06131206452846527,0.0029449446592479944,0.029599323868751526
178,5.933333333333334,,,,insightface_bbox,0.7059234976768494,0.0,848.8460083007812,906.7526245117188,2442.936767578125,0,0,1,0,0,0,0,0,0,1,0,1,0.04078230261802673,0.01992994174361229,0.23920154571533203,0.015723541378974915,0.007605522405356169,0.01651323400437832,0.007082977797836065,0.0286402590572834,0.07210427522659302,0.059563349932432175,0.002996585099026561,0.030096348375082016
179,5.966666666666667,,,,insightface_bbox,0.7059234976768494,0.0,848.8460083007812,906.7526245117188,2442.936767578125,0,0,1,0,0,0,0,0,0,1,0,1,0.04011770710349083,0.019568167626857758,0.23714476823806763,0.015601370483636856,0.00732926931232214,0.01649242639541626,0.007004525978118181,0.02831447869539261,0.07136595249176025,0.05981791764497757,0.003066846402361989,0.029938198626041412
180,6.0,,,,insightface_bbox,0.7153775095939636,0.0,801.3638305664062,951.6770629882812,2341.025146484375,0,0,1,0,0,0,0,0,0,1,0,1,0.04465595260262489,0.020228402689099312,0.1970905363559723,0.016963839530944824,0.007950907573103905,0.02102704904973507,0.008124688640236855,0.032549090683460236,0.09732461720705032,0.08223152160644531,0.0035187588073313236,0.0312548391520977
181,6.033333333333333,,,,insightface_bbox,0.7153775095939636,0.0,801.3638305664062,951.6770629882812,2341.025146484375,0,0,1,0,0,0,0,0,0,1,0,1,0.043550580739974976,0.020132925361394882,0.18283796310424805,0.016945356503129005,0.007902080193161964,0.020282715559005737,0.00840718112885952,0.032214127480983734,0.09442763030529022,0.0806921049952507,0.0034491769038140774,0.03061676397919655
182,6.066666666666666,,,,insightface_bbox,0.7153775095939636,0.0,801.3638305664062,951.6770629882812,2341.025146484375,0,0,1,0,0,0,0,0,0,1,0,1,0.04338611662387848,0.019826684147119522,0.1733662486076355,0.016746481880545616,0.008106938563287258,0.020495284348726273,0.008379748091101646,0.032312873750925064,0.09443261474370956,0.08188620209693909,0.0034365151077508926,0.030291974544525146
183,6.1,,,,insightface_bbox,0.7153775095939636,0.0,801.3638305664062,951.6770629882812,2341.025146484375,0,0,1,0,0,0,0,0,0,1,0,1,0.04369378462433815,0.019816970452666283,0.17250226438045502,0.016685105860233307,0.008309920318424702,0.02084135264158249,0.00829214509576559,0.03211077302694321,0.09602047502994537,0.08299091458320618,0.003650258295238018,0.031403422355651855
184,6.133333333333334,,,,insightface_bbox,0.7153775095939636,0.0,801.3638305664062,951.6770629882812,2341.025146484375,0,0,1,0,0,0,0,0,0,1,0,1,0.04450405016541481,0.020102011039853096,0.17529290914535522,0.016524672508239746,0.00851661991328001,0.021232884377241135,0.008119063451886177,0.031212832778692245,0.09928290545940399,0.08297362923622131,0.0038358643651008606,0.03253474086523056
185,6.166666666666667,,,,insightface_bbox,0.7153775095939636,0.0,801.3638305664062,951.6770629882812,2341.025146484375,0,0,1,0,0,0,0,0,0,1,0,1,0.04587133973836899,0.020575376227498055,0.18923209607601166,0.016473162919282913,0.008598662912845612,0.021986383944749832,0.007724286988377571,0.03110550343990326,0.1024833619594574,0.0832962915301323,0.0038308289367705584,0.03328708931803703
186,6.2,,,,insightface_bbox,0.7064054608345032,0.0,810.5648803710938,948.4669189453125,2350.06689453125,0,0,1,0,0,0,0,0,0,1,0,1,0.047676242887973785,0.021027658134698868,0.20904846489429474,0.016807498410344124,0.008763810619711876,0.022013382986187935,0.007760831620544195,0.03101329319179058,0.10300666093826294,0.08407706022262573,0.0038167720194905996,0.0344657301902771
187,6.233333333333333,,,,insightface_bbox,0.7064054608345032,0.0,810.5648803710938,948.4669189453125,2350.06689453125,0,0,1,0,0,0,0,0,0,1,0,1,0.04650979861617088,0.020756937563419342,0.1988455057144165,0.016391901299357414,0.008377334102988243,0.02159859985113144,0.007216978818178177,0.030588414520025253,0.1004749983549118,0.08195587247610092,0.0036640772596001625,0.033164553344249725
188,6.266666666666667,,,,insightface_bbox,0.7064054608345032,0.0,810.5648803710938,948.4669189453125,2350.06689453125,0,0,1,0,0,0,0,0,0,1,0,1,0.04446101933717728,0.020133577287197113,0.18633687496185303,0.015830565243959427,0.008292768150568008,0.02076646313071251,0.006663704290986061,0.03085462376475334,0.09968574345111847,0.08073216676712036,0.0033604796044528484,0.03097708895802498
189,6.3,,,,insightface_bbox,0.7064054608345032,0.0,810.5648803710938,948.4669189453125,2350.06689453125,0,0,1,0,0,0,0,0,0,1,0,1,0.04190121591091156,0.019043700769543648,0.1722678244113922,0.015005335211753845,0.00804393645375967,0.01959984190762043,0.005975957959890366,0.030375055968761444,0.09842730313539505,0.07811899483203888,0.002850310644134879,0.027623087167739868
190,6.333333333333333,,,,insightface_bbox,0.7064054608345032,0.0,810.5648803710938,948.4669189453125,2350.06689453125,0,0,1,0,0,0,0,0,0,1,0,1,0.041971612721681595,0.019004343077540398,0.16857200860977173,0.014831917360424995,0.008138620294630527,0.019343730062246323,0.005910729058086872,0.030782882124185562,0.10156461596488953,0.07891528308391571,0.0026711998507380486,0.02688838355243206
191,6.366666666666666,,,,insightface_bbox,0.7064054608345032,0.0,810.5648803710938,948.4669189453125,2350.06689453125,0,0,1,0,0,0,0,0,0,1,0,1,0.04299865663051605,0.019717611372470856,0.17440684139728546,0.015428020618855953,0.008501389995217323,0.019662220031023026,0.006430050823837519,0.03275090828537941,0.10273653268814087,0.08101785182952881,0.002776265610009432,0.02807510644197464
192,6.4,,,,insightface_bbox,0.7311753034591675,0.0,795.0685424804688,929.9244995117188,2343.865966796875,0,0,1,0,0,0,0,0,0,1,0,1,0.046223632991313934,0.02105238288640976,0.20576448738574982,0.016804471611976624,0.008555025793612003,0.01913798600435257,0.007290489040315151,0.03083743155002594,0.09548734128475189,0.07268509268760681,0.003661251626908779,0.03329041600227356
193,6.433333333333334,,,,insightface_bbox,0.7311753034591675,0.0,795.0685424804688,929.9244995117188,2343.865966796875,0,0,1,0,0,0,0,0,0,1,0,1,0.04611758515238762,0.02107946202158928,0.22262868285179138,0.017467712983489037,0.008388843387365341,0.019129276275634766,0.007813528180122375,0.03219786658883095,0.0957818403840065,0.07673827558755875,0.004358350299298763,0.03521416336297989
194,6.466666666666667,,,,insightface_bbox,0.7311753034591675,0.0,795.0685424804688,929.9244995117188,2343.865966796875,0,0,1,0,0,0,0,0,0,1,0,1,0.046123117208480835,0.020927689969539642,0.2183832973241806,0.017234884202480316,0.008393133990466595,0.019024638459086418,0.007598825730383396,0.03198167309165001,0.09619713574647903,0.07711990177631378,0.004317880608141422,0.034880198538303375
195,6.5,,,,insightface_bbox,0.7311753034591675,0.0,795.0685424804688,929.9244995117188,2343.865966796875,0,0,1,0,0,0,0,0,0,1,0,1,0.043667763471603394,0.020140549167990685,0.20376084744930267,0.016246110200881958,0.008248023688793182,0.017926331609487534,0.0066307298839092255,0.03156202286481857,0.09120230376720428,0.07320891320705414,0.0033387732692062855,0.030615486204624176
196,6.533333333333333,,,,insightface_bbox,0.7311753034591675,0.0,795.0685424804688,929.9244995117188,2343.865966796875,0,0,1,0,0,0,0,0,0,1,0,1,0.04566047340631485,0.0209515243768692,0.21359987556934357,0.016631707549095154,0.008545001037418842,0.018417421728372574,0.007048710715025663,0.030881863087415695,0.09332104027271271,0.0738648921251297,0.00347268208861351,0.031780850142240524
197,6.566666666666666,,,,insightface_bbox,0.7311753034591675,0.0,795.0685424804688,929.9244995117188,2343.865966796875,0,0,1,0,0,0,0,0,0,1,0,1,0.04631704092025757,0.021247465163469315,0.21142719686031342,0.016682013869285583,0.008540922775864601,0.0184859000146389,0.007040686905384064,0.03078819438815117,0.09417979419231415,0.07264013588428497,0.0036743890959769487,0.032626233994960785
198,6.6,,,,insightface_bbox,0.7108624577522278,0.0,810.2557373046875,938.1506958007812,2343.165283203125,0,0,1,0,0,0,0,0,0,1,0,1,0.04597146436572075,0.021526619791984558,0.19600404798984528,0.016371190547943115,0.008496887050569057,0.021883955225348473,0.005855148192495108,0.030992312356829643,0.09574004262685776,0.07438019663095474,0.003994136583060026,0.033549271523952484
199,6.633333333333334,,,,insightface_bbox,0.7108624577522278,0.0,810.2557373046875,938.1506958007812,2343.165283203125,0,0,1,0,0,0,0,0,0,1,0,1,0.04617893695831299,0.0218534953892231,0.19704492390155792,0.016547227278351784,0.008507633581757545,0.022495174780488014,0.006080980412662029,0.03045162372291088,0.09675965458154678,0.07453595101833344,0.0039685736410319805,0.03347790241241455
200,6.666666666666667,,,,insightface_bbox,0.7108624577522278,0.0,810.2557373046875,938.1506958007812,2343.165283203125,0,0,1,0,0,0,0,0,0,1,0,1,0.04588187485933304,0.02187994495034218,0.19199462234973907,0.016588062047958374,0.008464123122394085,0.022023670375347137,0.006253497675061226,0.030093548819422722,0.09521371871232986,0.07451280951499939,0.003966452553868294,0.033442769199609756
201,6.7,,,,insightface_bbox,0.7108624577522278,0.0,810.2557373046875,938.1506958007812,2343.165283203125,0,0,1,0,0,0,0,0,0,1,0,1,0.04578091949224472,0.021783284842967987,0.19050630927085876,0.01653328165411949,0.008332919329404831,0.02182593382894993,0.00624417420476675,0.03001345507800579,0.0950355976819992,0.07436846941709518,0.003956600092351437,0.033565547317266464
202,6.733333333333333,,,,insightface_bbox,0.7108624577522278,0.0,810.2557373046875,938.1506958007812,2343.165283203125,0,0,1,0,0,0,0,0,0,1,0,1,0.04671335965394974,0.021882668137550354,0.19563131034374237,0.01666814461350441,0.00852277223020792,0.022713160142302513,0.0064422497525811195,0.03058348223567009,0.09563270211219788,0.07626956701278687,0.0041601634584367275,0.03461542725563049
203,6.766666666666667,,,,insightface_bbox,0.7108624577522278,0.0,810.2557373046875,938.1506958007812,2343.165283203125,0,0,1,0,0,0,0,0,0,1,0,1,0.047953277826309204,0.02273046225309372,0.20543448626995087,0.017179682850837708,0.008775381371378899,0.023732362315058708,0.006665386725217104,0.03150830790400505,0.09715569019317627,0.07900964468717575,0.004391433671116829,0.03603138402104378
204,6.8,,,,insightface_bbox,0.7132816314697266,0.0,792.9210815429688,936.8760375976562,2343.237548828125,0,0,1,0,0,0,0,0,0,1,0,1,0.04763844981789589,0.022935980930924416,0.21345706284046173,0.01740237884223461,0.008781010285019875,0.023765314370393753,0.006551381200551987,0.03204502910375595,0.09771239012479782,0.08028849214315414,0.004601833410561085,0.03710222616791725
205,6.833333333333333,,,,insightface_bbox,0.7132816314697266,0.0,792.9210815429688,936.8760375976562,2343.237548828125,0,0,1,0,0,0,0,0,0,1,0,1,0.04784345254302025,0.022540435194969177,0.2127917855978012,0.01743456907570362,0.00881030410528183,0.024948308244347572,0.006797716021537781,0.03232349455356598,0.09612482786178589,0.08084914088249207,0.005081413313746452,0.03766173496842384
206,6.866666666666666,,,,insightface_bbox,0.7132816314697266,0.0,792.9210815429688,936.8760375976562,2343.237548828125,0,0,1,0,0,0,0,0,0,1,0,1,0.04674330726265907,0.021639635786414146,0.22184690833091736,0.01729130558669567,0.008334295824170113,0.022612888365983963,0.006897630635648966,0.031680673360824585,0.09227908402681351,0.07970303297042847,0.005418784916400909,0.038816872984170914
207,6.9,,,,insightface_bbox,0.7132816314697266,0.0,792.9210815429688,936.8760375976562,2343.237548828125,0,0,1,0,0,0,0,0,0,1,0,1,0.04700997844338417,0.020880628377199173,0.23644490540027618,0.016849005594849586,0.007810884155333042,0.02107371762394905,0.007115453481674194,0.03079047054052353,0.08925749361515045,0.07862643897533417,0.005956981331110001,0.04086776077747345
208,6.933333333333334,,,,insightface_bbox,0.7132816314697266,0.0,792.9210815429688,936.8760375976562,2343.237548828125,0,0,1,0,0,0,0,0,0,1,0,1,0.04575265944004059,0.020032323896884918,0.23367619514465332,0.016050752252340317,0.007520631887018681,0.02010083757340908,0.006783462129533291,0.02966497838497162,0.08714805543422699,0.07828660309314728,0.005858534947037697,0.04212497919797897
209,6.966666666666667,,,,insightface_bbox,0.7132816314697266,0.0,792.9210815429688,936.8760375976562,2343.237548828125,0,0,1,0,0,0,0,0,0,1,0,1,0.04528932645916939,0.019620230421423912,0.23020511865615845,0.01590423658490181,0.007584537845104933,0.020020008087158203,0.007004382088780403,0.02955755963921547,0.08815543353557587,0.07860618829727173,0.005320397205650806,0.04020065814256668
210,7.0,,,,insightface_bbox,0.6970081329345703,0.0,821.465087890625,956.9588012695312,2364.20751953125,0,0,1,0,0,0,0,0,0,1,0,1,0.04509913921356201,0.01982918009161949,0.19564902782440186,0.017037050798535347,0.007978690788149834,0.020726798102259636,0.01016358844935894,0.033206697553396225,0.09743741899728775,0.0856066346168518,0.0042937807738780975,0.03629084303975105
211,7.033333333333333,,,,insightface_bbox,0.6970081329345703,0.0,821.465087890625,956.9588012695312,2364.20751953125,0,0,1,0,0,0,0,0,0,1,0,1,0.04507661610841751,0.02001471444964409,0.19675397872924805,0.016839582473039627,0.008196501061320305,0.020940471440553665,0.009262289851903915,0.03276693448424339,0.09870703518390656,0.08296319842338562,0.004006367176771164,0.03418898582458496
212,7.066666666666666,,,,insightface_bbox,0.6970081329345703,0.0,821.465087890625,956.9588012695312,2364.20751953125,0,0,1,0,0,0,0,0,0,1,0,1,0.04437663033604622,0.02012101747095585,0.19448958337306976,0.017387064173817635,0.007968004792928696,0.02090522274374962,0.009641838259994984,0.03324643522500992,0.09691944718360901,0.08490078896284103,0.004518537782132626,0.034975823014974594
213,7.1,,,,insightface_bbox,0.6970081329345703,0.0,821.465087890625,956.9588012695312,2364.20751953125,0,0,1,0,0,0,0,0,0,1,0,1,0.045334890484809875,0.0202399343252182,0.20190533995628357,0.017576631158590317,0.007819531485438347,0.020876582711935043,0.009815176017582417,0.033482521772384644,0.09488803148269653,0.08610986918210983,0.004718685057014227,0.03579297661781311
214,7.133333333333334,,,,insightface_bbox,0.6970081329345703,0.0,821.465087890625,956.9588012695312,2364.20751953125,0,0,1,0,0,0,0,0,0,1,0,1,0.04459738731384277,0.020244721323251724,0.1952739804983139,0.017545141279697418,0.007816433906555176,0.020716644823551178,0.009804747998714447,0.03331044688820839,0.09382215142250061,0.08540377020835876,0.004580289591103792,0.03503794968128204
215,7.166666666666667,,,,insightface_bbox,0.6970081329345703,0.0,821.465087890625,956.9588012695312,2364.20751953125,0,0,1,0,0,0,0,0,0,1,0,1,0.04409005865454674,0.02040211111307144,0.18957236409187317,0.01767640747129917,0.0077715907245874405,0.020576011389493942,0.010157549753785133,0.033583272248506546,0.09451720118522644,0.08608796447515488,0.004526855424046516,0.03508596494793892
216,7.2,,,,insightface_bbox,0.6893987655639648,0.0,830.2482299804688,954.334716796875,2370.602783203125,0,0,1,0,0,0,0,0,0,1,0,1,0.045900627970695496,0.020800165832042694,0.2258414924144745,0.01738765835762024,0.007284209132194519,0.02067011594772339,0.008742914535105228,0.03228049725294113,0.08991345018148422,0.08290626853704453,0.005034381058067083,0.03618574142456055
217,7.233333333333333,,,,insightface_bbox,0.6893987655639648,0.0,830.2482299804688,954.334716796875,2370.602783203125,0,0,1,0,0,0,0,0,0,1,0,1,0.04568416625261307,0.020783565938472748,0.21255545318126678,0.01690337248146534,0.007147981785237789,0.020120970904827118,0.008436542935669422,0.03120771422982216,0.08691072463989258,0.08057014644145966,0.004883305635303259,0.035706304013729095
218,7.266666666666667,,,,insightface_bbox,0.6893987655639648,0.0,830.2482299804688,954.334716796875,2370.602783203125,0,0,1,0,0,0,0,0,0,1,0,1,0.04628795385360718,0.021006649360060692,0.21424052119255066,0.016981197521090508,0.007130168844014406,0.020392144098877907,0.00857086107134819,0.03125942870974541,0.08758753538131714,0.08113697916269302,0.004995330702513456,0.036114294081926346
219,7.3,,,,insightface_bbox,0.6893987655639648,0.0,830.2482299804688,954.334716796875,2370.602783203125,0,0,1,0,0,0,0,0,0,1,0,1,0.04645228385925293,0.021084316074848175,0.20973029732704163,0.01676752045750618,0.007095427252352238,0.020279807969927788,0.008466855622828007,0.030415447428822517,0.08435121923685074,0.07834485918283463,0.004890214651823044,0.03503703698515892
220,7.333333333333333,,,,insightface_bbox,0.6893987655639648,0.0,830.2482299804688,954.334716796875,2370.602783203125,0,0,1,0,0,0,0,0,0,1,0,1,0.04702648147940636,0.021351519972085953,0.21010640263557434,0.016851205378770828,0.007091860752552748,0.02071605622768402,0.008607282303273678,0.030331237241625786,0.08374141156673431,0.07777108997106552,0.0051590194925665855,0.03585107997059822
221,7.366666666666666,,,,insightface_bbox,0.6893987655639648,0.0,830.2482299804688,954.334716796875,2370.602783203125,0,0,1,0,0,0,0,0,0,1,0,1,0.04834722355008125,0.02186134085059166,0.21637633442878723,0.017181413248181343,0.007264656480401754,0.021377619355916977,0.008943011984229088,0.030658654868602753,0.08396097272634506,0.0786852166056633,0.005355209112167358,0.036277879029512405
222,7.4,,,,insightface_bbox,0.6845058798789978,0.0,828.746337890625,931.2177734375,2358.91455078125,0,0,1,0,0,0,0,0,0,1,0,1,0.04190010949969292,0.01820416934788227,0.19916026294231415,0.015123263001441956,0.006896330043673515,0.016910741105675697,0.006752446293830872,0.029777891933918,0.08707524091005325,0.07798098772764206,0.0036865314468741417,0.03401486948132515
223,7.433333333333334,,,,insightface_bbox,0.6845058798789978,0.0,828.746337890625,931.2177734375,2358.91455078125,0,0,1,0,0,0,0,0,0,1,0,1,0.04112569987773895,0.01802678219974041,0.19032207131385803,0.01487377006560564,0.00683328602463007,0.016898006200790405,0.006400952581316233,0.029613781720399857,0.0838196650147438,0.0762164369225502,0.0039331186562776566,0.03392047435045242
224,7.466666666666667,,,,insightface_bbox,0.6845058798789978,0.0,828.746337890625,931.2177734375,2358.91455078125,0,0,1,0,0,0,0,0,0,1,0,1,0.04210265353322029,0.018463317304849625,0.19132477045059204,0.014919768087565899,0.0067981211468577385,0.016870630905032158,0.006409105844795704,0.02922535315155983,0.08158345520496368,0.07510396838188171,0.004135618917644024,0.034469664096832275
225,7.5,,,,insightface_bbox,0.6845058798789978,0.0,828.746337890625,931.2177734375,2358.91455078125,0,0,1,0,0,0,0,0,0,1,0,1,0.04163309559226036,0.018235763534903526,0.1946459710597992,0.014801105484366417,0.006786172278225422,0.016794053837656975,0.006256133783608675,0.028896860778331757,0.08137920498847961,0.07533606886863708,0.004127807449549437,0.03463601693511009
226,7.533333333333333,,,,insightface_bbox,0.6845058798789978,0.0,828.746337890625,931.2177734375,2358.91455078125,0,0,1,0,0,0,0,0,0,1,0,1,0.0415458157658577,0.018200397491455078,0.19331476092338562,0.014831535518169403,0.0068365177139639854,0.016859441995620728,0.006306556984782219,0.029231421649456024,0.0820399820804596,0.07620792090892792,0.004090474918484688,0.0345509834587574
227,7.566666666666666,,,,insightface_bbox,0.6845058798789978,0.0,828.746337890625,931.2177734375,2358.91455078125,0,0,1,0,0,0,0,0,0,1,0,1,0.04246452823281288,0.018587753176689148,0.19860783219337463,0.01498967595398426,0.006954054813832045,0.017021536827087402,0.006314966827630997,0.029332714155316353,0.08292053639888763,0.07697853446006775,0.004172148648649454,0.03494728356599808
228,7.6,,,,insightface_bbox,0.6985385417938232,0.0,826.1506958007812,929.6246948242188,2351.484130859375,0,0,1,0,0,0,0,0,0,1,0,1,0.043734319508075714,0.01884511485695839,0.19393093883991241,0.0152310561388731,0.007355860900133848,0.016759179532527924,0.006935479119420052,0.029955485835671425,0.08728031814098358,0.07890036702156067,0.003630587598308921,0.03487611934542656
229,7.633333333333334,,,,insightface_bbox,0.6985385417938232,0.0,826.1506958007812,929.6246948242188,2351.484130859375,0,0,1,0,0,0,0,0,0,1,0,1,0.04463301971554756,0.019484298303723335,0.20224642753601074,0.015084933489561081,0.0075059006921947,0.016982682049274445,0.006532134488224983,0.028692828491330147,0.08700257539749146,0.07533157616853714,0.003646420082077384,0.03447924554347992
230,7.666666666666667,,,,insightface_bbox,0.6985385417938232,0.0,826.1506958007812,929.6246948242188,2351.484130859375,0,0,1,0,0,0,0,0,0,1,0,1,0.04564676806330681,0.019853785634040833,0.20847217738628387,0.01541344914585352,0.007680058013647795,0.0175483338534832,0.0064649395644664764,0.02976812608540058,0.08588302135467529,0.07474350184202194,0.003938630223274231,0.03468795120716095
231,7.7,,,,insightface_bbox,0.6985385417938232,0.0,826.1506958007812,929.6246948242188,2351.484130859375,0,0,1,0,0,0,0,0,0,1,0,1,0.04624820873141289,0.02026459388434887,0.210313618183136,0.01569345034658909,0.007877152413129807,0.018154971301555634,0.006507733836770058,0.030226506292819977,0.08642426878213882,0.07464431971311569,0.0041721900925040245,0.034981921315193176
232,7.733333333333333,,,,insightface_bbox,0.6985385417938232,0.0,826.1506958007812,929.6246948242188,2351.484130859375,0,0,1,0,0,0,0,0,0,1,0,1,0.04652741923928261,0.02060716599225998,0.21114182472229004,0.015860406681895256,0.007944378070533276,0.018382392823696136,0.006597972474992275,0.030092936009168625,0.08575636893510818,0.073809914290905,0.004308362491428852,0.03530430048704147
233,7.766666666666667,,,,insightface_bbox,0.6985385417938232,0.0,826.1506958007812,929.6246948242188,2351.484130859375,0,0,1,0,0,0,0,0,0,1,0,1,0.04689963534474373,0.020823784172534943,0.20263545215129852,0.015897056087851524,0.007902438752353191,0.018646851181983948,0.006476915441453457,0.029791416600346565,0.0850556343793869,0.07189323008060455,0.004458758980035782,0.03541873022913933
234,7.8,,,,insightface_bbox,0.7292966842651367,0.0,822.3990478515625,938.1064453125,2343.977783203125,0,0,1,0,0,0,0,0,0,1,0,1,0.0531993992626667,0.02323964238166809,0.2409180849790573,0.01694120094180107,0.008046173490583897,0.02503790892660618,0.006689824163913727,0.0295565202832222,0.08767079561948776,0.0744519978761673,0.005994926206767559,0.038751330226659775
235,7.833333333333333,,,,insightface_bbox,0.7292966842651367,0.0,822.3990478515625,938.1064453125,2343.977783203125,0,0,1,0,0,0,0,0,0,1,0,1,0.053635336458683014,0.023626500740647316,0.23685860633850098,0.01709665358066559,0.008158203214406967,0.025316476821899414,0.006926228292286396,0.029887592419981956,0.09022311121225357,0.07554145902395248,0.005925714038312435,0.03921724110841751
236,7.866666666666666,,,,insightface_bbox,0.7292966842651367,0.0,822.3990478515625,938.1064453125,2343.977783203125,0,0,1,0,0,0,0,0,0,1,0,1,0.05332817882299423,0.02316729910671711,0.23006074130535126,0.016979258507490158,0.008180350996553898,0.026085441932082176,0.007168981712311506,0.029591400176286697,0.08888005465269089,0.07315461337566376,0.005910858511924744,0.03914177790284157
237,7.9,,,,insightface_bbox,0.7292966842651367,0.0,822.3990478515625,938.1064453125,2343.977783203125,0,0,1,0,0,0,0,0,0,1,0,1,0.05155607685446739,0.02250431850552559,0.1996850222349167,0.016482075676321983,0.008020002394914627,0.02504231594502926,0.006919566076248884,0.0290753785520792,0.08593761175870895,0.07158525288105011,0.006171149201691151,0.038706690073013306
238,7.933333333333334,,,,insightface_bbox,0.7292966842651367,0.0,822.3990478515625,938.1064453125,2343.977783203125,0,0,1,0,0,0,0,0,0,1,0,1,0.04668179526925087,0.02137802541255951,0.17078451812267303,0.017044516280293465,0.008462805300951004,0.023879025131464005,0.00811490137130022,0.03080792911350727,0.08850140869617462,0.07899488508701324,0.007199992425739765,0.040376536548137665
239,7.966666666666667,,,,insightface_bbox,0.7292966842651367,0.0,822.3990478515625,938.1064453125,2343.977783203125,0,0,1,0,0,0,0,0,0,1,0,0,0.04466833919286728,0.02180377207696438,0.15780121088027954,0.018146397545933723,0.008843252435326576,0.022543225437402725,0.008416206575930119,0.0326344296336174,0.0883345752954483,0.08406910300254822,0.006852197460830212,0.03752521052956581
240,8.0,,,,insightface_bbox,0.682117223739624,5.2374396324157715,848.5703735351562,966.1880493164062,2364.55810546875,0,0,1,0,0,0,0,0,0,1,0,1,0.038660019636154175,0.019154811277985573,0.1460864245891571,0.01626693084836006,0.008346078917384148,0.01704227365553379,0.007330239284783602,0.03240227326750755,0.08187208324670792,0.06794986128807068,0.0039184316992759705,0.02905702218413353
241,8.033333333333333,,,,insightface_bbox,0.682117223739624,5.2374396324157715,848.5703735351562,966.1880493164062,2364.55810546875,0,0,1,0,0,0,0,0,0,1,0,1,0.03770304098725319,0.018981482833623886,0.14513377845287323,0.01645832508802414,0.008311581797897816,0.016969040036201477,0.007340325973927975,0.03479275479912758,0.0806620866060257,0.06840529292821884,0.004392869304865599,0.03030451014637947
242,8.066666666666666,,,,insightface_bbox,0.682117223739624,5.2374396324157715,848.5703735351562,966.1880493164062,2364.55810546875,0,0,1,0,0,0,0,0,0,1,0,0,0.03803681209683418,0.01897425204515457,0.15233346819877625,0.01670168526470661,0.00797597598284483,0.017184361815452576,0.0075011239387094975,0.03461237624287605,0.07525444775819778,0.06603796780109406,0.005839797202497721,0.03281104937195778
243,8.1,,,,insightface_bbox,0.682117223739624,5.2374396324157715,848.5703735351562,966.1880493164062,2364.55810546875,0,0,1,0,0,0,0,0,0,1,0,0,0.03548708185553551,0.01760316640138626,0.13868482410907745,0.015788212418556213,0.007883228361606598,0.016585389152169228,0.00706549221649766,0.032568249851465225,0.07419110089540482,0.0667816773056984,0.006014722399413586,0.03442947939038277
244,8.133333333333333,,,,insightface_bbox,0.682117223739624,5.2374396324157715,848.5703735351562,966.1880493164062,2364.55810546875,0,0,1,0,0,0,0,0,0,1,0,0,0.033908504992723465,0.017198925837874413,0.1272638589143753,0.015089523047208786,0.007593817077577114,0.01599537767469883,0.006437827367335558,0.029863551259040833,0.07207947969436646,0.06294708698987961,0.006019516848027706,0.03303467482328415
245,8.166666666666666,,,,insightface_bbox,0.682117223739624,5.2374396324157715,848.5703735351562,966.1880493164062,2364.55810546875,0,0,1,0,0,0,0,0,0,1,0,0,0.0344720259308815,0.017402421683073044,0.1306302398443222,0.015227682888507843,0.0075657544657588005,0.016172442585229874,0.006555353756994009,0.029956918209791183,0.07227324694395065,0.06373469531536102,0.006117360200732946,0.03350619971752167
246,8.2,,,,insightface_bbox,0.6743395924568176,40.97557830810547,844.7406616210938,999.955322265625,2360.36181640625,0,0,1,0,0,0,0,0,0,1,0,0,0.03460165485739708,0.0174024049192667,0.1331116408109665,0.01527649350464344,0.007572500500828028,0.015949370339512825,0.006752799265086651,0.029755599796772003,0.07249172776937485,0.06302813440561295,0.0054906075820326805,0.032688163220882416
247,8.233333333333333,,,,insightface_bbox,0.6743395924568176,40.97557830810547,844.7406616210938,999.955322265625,2360.36181640625,0,0,1,0,0,0,0,0,0,1,0,0,0.0341360829770565,0.017526468262076378,0.13021725416183472,0.015410510823130608,0.007564558181911707,0.015872472897171974,0.006845397874712944,0.029930151998996735,0.0718945786356926,0.06295263022184372,0.005556069780141115,0.03223840519785881
248,8.266666666666667,,,,insightface_bbox,0.6743395924568176,40.97557830810547,844.7406616210938,999.955322265625,2360.36181640625,0,0,1,0,0,0,0,0,0,1,0,0,0.03428664430975914,0.017512133345007896,0.1293821930885315,0.015435049310326576,0.0075171953067183495,0.01598476804792881,0.006829740479588509,0.03059222549200058,0.07243026793003082,0.06357291340827942,0.005558687727898359,0.032218724489212036
249,8.3,,,,insightface_bbox,0.6743395924568176,40.97557830810547,844.7406616210938,999.955322265625,2360.36181640625,0,0,1,0,0,0,0,0,0,1,0,0,0.03424036502838135,0.017564602196216583,0.12716254591941833,0.015544901601970196,0.007686149328947067,0.015971733257174492,0.007031369488686323,0.031208990141749382,0.07276848703622818,0.06400521099567413,0.005610642954707146,0.032794125378131866
250,8.333333333333334,,,,insightface_bbox,0.6743395924568176,40.97557830810547,844.7406616210938,999.955322265625,2360.36181640625,0,0,1,0,0,0,0,0,0,1,0,0,0.03416621685028076,0.017576104030013084,0.1276250034570694,0.015540128573775291,0.007681224960833788,0.016072241589426994,0.006877761334180832,0.031178921461105347,0.07391158491373062,0.06479454040527344,0.005458309780806303,0.03289372846484184
251,8.366666666666667,,,,insightface_bbox,0.6743395924568176,40.97557830810547,844.7406616210938,999.955322265625,2360.36181640625,0,0,1,0,0,0,0,0,0,1,0,0,0.03415069729089737,0.017587633803486824,0.12714901566505432,0.015358584001660347,0.007625256665050983,0.015939289703965187,0.006620605010539293,0.03126022592186928,0.07464694231748581,0.06530608236789703,0.004964103456586599,0.03183302283287048
252,8.4,,,,insightface_bbox,0.6765792369842529,31.961206436157227,831.4050903320312,996.8438110351562,2362.862060546875,0,0,1,0,0,0,0,0,0,1,0,0,0.03534236177802086,0.01816878654062748,0.1410299837589264,0.015493843704462051,0.00770716043189168,0.016166280955076218,0.006419448647648096,0.029624411836266518,0.07707223296165466,0.0642334520816803,0.0044705127365887165,0.030494892969727516
253,8.433333333333334,,,,insightface_bbox,0.6765792369842529,31.961206436157227,831.4050903320312,996.8438110351562,2362.862060546875,0,0,1,0,0,0,0,0,0,1,0,0,0.03584175929427147,0.01830185018479824,0.14152473211288452,0.015378976240754128,0.007900365628302097,0.01609443500638008,0.00650724396109581,0.03006148897111416,0.07788459211587906,0.06418104469776154,0.004284882918000221,0.02998373657464981
254,8.466666666666667,,,,insightface_bbox,0.6765792369842529,31.961206436157227,831.4050903320312,996.8438110351562,2362.862060546875,0,0,1,0,0,0,0,0,0,1,0,0,0.03680641949176788,0.018636401742696762,0.1455507129430771,0.015420624054968357,0.007867136970162392,0.016150936484336853,0.0064405472949147224,0.029873671010136604,0.07709141075611115,0.0637878030538559,0.004333964083343744,0.030290624126791954
255,8.5,,,,insightface_bbox,0.6765792369842529,31.961206436157227,831.4050903320312,996.8438110351562,2362.862060546875,0,0,1,0,0,0,0,0,0,1,0,1,0.03645441308617592,0.018526112660765648,0.14404505491256714,0.015300273895263672,0.007855045609176159,0.01606312394142151,0.006325456313788891,0.03030122071504593,0.07660999894142151,0.06384649872779846,0.0041220118291676044,0.029964914545416832
256,8.533333333333333,,,,insightface_bbox,0.6765792369842529,31.961206436157227,831.4050903320312,996.8438110351562,2362.862060546875,0,0,1,0,0,0,0,0,0,1,0,1,0.03614750877022743,0.018417218700051308,0.14460675418376923,0.01513749174773693,0.007886610925197601,0.016153208911418915,0.006238054484128952,0.030189096927642822,0.07613702863454819,0.06373970955610275,0.004093767609447241,0.030023202300071716
257,8.566666666666666,,,,insightface_bbox,0.6765792369842529,31.961206436157227,831.4050903320312,996.8438110351562,2362.862060546875,0,0,1,0,0,0,0,0,0,1,0,1,0.03651278093457222,0.01844281144440174,0.14560793340206146,0.015373128466308117,0.0080769257619977,0.016550058498978615,0.006445695646107197,0.031202008947730064,0.07766689360141754,0.06446431577205658,0.00415433244779706,0.030712254345417023
258,8.6,,,,insightface_bbox,0.6973603367805481,17.479764938354492,846.1397705078125,958.7577514648438,2362.48974609375,0,0,1,0,0,0,0,0,0,1,0,1,0.03289066255092621,0.017141956835985184,0.1311643421649933,0.013511977158486843,0.007166568655520678,0.014268876984715462,0.005533979274332523,0.027815086767077446,0.06300191581249237,0.05612218752503395,0.003636942245066166,0.026315581053495407
259,8.633333333333333,,,,insightface_bbox,0.6973603367805481,17.479764938354492,846.1397705078125,958.7577514648438,2362.48974609375,0,0,1,0,0,0,0,0,0,1,0,1,0.03245052322745323,0.01698528788983822,0.12974734604358673,0.013341381214559078,0.007031775079667568,0.013933766633272171,0.0054283104836940765,0.02744029462337494,0.06255907565355301,0.055108070373535156,0.003446039045229554,0.026093263179063797
260,8.666666666666666,,,,insightface_bbox,0.6973603367805481,17.479764938354492,846.1397705078125,958.7577514648438,2362.48974609375,0,0,1,0,0,0,0,0,0,1,0,1,0.032559964805841446,0.017080282792448997,0.1291261464357376,0.013367980718612671,0.007019568234682083,0.013923116028308868,0.005472863093018532,0.02713066339492798,0.06222264841198921,0.05434621125459671,0.0034724040888249874,0.02611706033349037
261,8.7,,,,insightface_bbox,0.6973603367805481,17.479764938354492,846.1397705078125,958.7577514648438,2362.48974609375,0,0,1,0,0,0,0,0,0,1,0,1,0.03271973505616188,0.017039738595485687,0.13104693591594696,0.013438412919640541,0.00702300388365984,0.014047352597117424,0.00552250724285841,0.02728324756026268,0.06317654252052307,0.05506676062941551,0.0034449207596480846,0.026233486831188202
262,8.733333333333333,,,,insightface_bbox,0.6973603367805481,17.479764938354492,846.1397705078125,958.7577514648438,2362.48974609375,0,0,1,0,0,0,0,0,0,1,0,1,0.03267958387732506,0.01683894358575344,0.13388691842556,0.013361751101911068,0.006879687309265137,0.013923851773142815,0.005465222522616386,0.027045346796512604,0.06417563557624817,0.056489698588848114,0.0033300297800451517,0.02631198614835739
263,8.766666666666667,,,,insightface_bbox,0.6973603367805481,17.479764938354492,846.1397705078125,958.7577514648438,2362.48974609375,0,0,1,0,0,0,0,0,0,1,0,1,0.03330311179161072,0.016936346888542175,0.13405841588974,0.013573513366281986,0.006957402918487787,0.01417420245707035,0.005676852539181709,0.02725837752223015,0.06557969003915787,0.058336932212114334,0.0033995318226516247,0.027148477733135223
264,8.8,,,,insightface_bbox,0.6941423416137695,3.1646392345428467,836.5413818359375,961.4282836914062,2377.424560546875,0,0,1,0,0,0,0,0,0,1,0,1,0.037086088210344315,0.01851145550608635,0.1422400176525116,0.01569991186261177,0.008391392417252064,0.017021868377923965,0.007539292797446251,0.029666226357221603,0.08201728761196136,0.0683337152004242,0.0033428333699703217,0.030396901071071625
265,8.833333333333334,,,,insightface_bbox,0.6941423416137695,3.1646392345428467,836.5413818359375,961.4282836914062,2377.424560546875,0,0,1,0,0,0,0,0,0,1,0,1,0.03781323507428169,0.01875431090593338,0.15064305067062378,0.01586627960205078,0.008234386332333088,0.017064275220036507,0.007682552095502615,0.029597684741020203,0.08378077298402786,0.06960588693618774,0.0034574277233332396,0.031252097338438034
266,8.866666666666667,,,,insightface_bbox,0.6941423416137695,3.1646392345428467,836.5413818359375,961.4282836914062,2377.424560546875,0,0,1,0,0,0,0,0,0,1,0,1,0.039252713322639465,0.019262878224253654,0.1560382843017578,0.016078447923064232,0.008249249309301376,0.017169978469610214,0.007873442955315113,0.02937527559697628,0.08377543091773987,0.06926513463258743,0.003678496927022934,0.03211728483438492
267,8.9,,,,insightface_bbox,0.6941423416137695,3.1646392345428467,836.5413818359375,961.4282836914062,2377.424560546875,0,0,1,0,0,0,0,0,0,1,0,1,0.04048436880111694,0.019614873453974724,0.1625688225030899,0.01640036515891552,0.00835802685469389,0.017625698819756508,0.008180479519069195,0.029577825218439102,0.08382996916770935,0.07027824968099594,0.004231523722410202,0.03365954011678696
268,8.933333333333334,,,,insightface_bbox,0.6941423416137695,3.1646392345428467,836.5413818359375,961.4282836914062,2377.424560546875,0,0,1,0,0,0,0,0,0,1,0,1,0.040922146290540695,0.019882112741470337,0.16462786495685577,0.016523439437150955,0.008471567183732986,0.018067220225930214,0.008411272428929806,0.029382463544607162,0.08505993336439133,0.07157260179519653,0.004416828043758869,0.03446954861283302
269,8.966666666666667,,,,insightface_bbox,0.6941423416137695,3.1646392345428467,836.5413818359375,961.4282836914062,2377.424560546875,0,0,1,0,0,0,0,0,0,1,0,1,0.04188528656959534,0.020298153162002563,0.1639469861984253,0.016843168064951897,0.008389434777200222,0.018675237894058228,0.009083432145416737,0.029528820887207985,0.08567658066749573,0.07241461426019669,0.004903918132185936,0.03606143593788147
270,9.0,,,,insightface_bbox,0.710988461971283,0.0,829.1409301757812,937.8900146484375,2344.83447265625,0,0,1,0,0,0,0,0,0,1,0,0,0.04514792561531067,0.021292690187692642,0.18076537549495697,0.017050042748451233,0.008257743902504444,0.018833322450518608,0.009447170421481133,0.02935272827744484,0.0830870121717453,0.0707685574889183,0.005969005636870861,0.039466097950935364
271,9.033333333333333,,,,insightface_bbox,0.710988461971283,0.0,829.1409301757812,937.8900146484375,2344.83447265625,0,0,1,0,0,0,0,0,0,1,0,0,0.04495275020599365,0.021430891007184982,0.17541411519050598,0.017022233456373215,0.008105224929749966,0.01882033608853817,0.009481671266257763,0.02897399477660656,0.07993482053279877,0.06976363062858582,0.006108189933001995,0.03847939521074295
272,9.066666666666666,,,,insightface_bbox,0.710988461971283,0.0,829.1409301757812,937.8900146484375,2344.83447265625,0,0,1,0,0,0,0,0,0,1,0,1,0.04397064819931984,0.021168095991015434,0.17962923645973206,0.016925202682614326,0.007914528250694275,0.018758194521069527,0.008975471369922161,0.029161956161260605,0.07983632385730743,0.07005172222852707,0.005392424762248993,0.036263659596443176
273,9.1,,,,insightface_bbox,0.710988461971283,0.0,829.1409301757812,937.8900146484375,2344.83447265625,0,0,1,0,0,0,0,0,0,1,0,1,0.0438578836619854,0.021180544048547745,0.1764415055513382,0.016759706661105156,0.007787272799760103,0.019014475867152214,0.008581039495766163,0.02929198555648327,0.07991742342710495,0.0711958110332489,0.005211560055613518,0.0354141891002655
274,9.133333333333333,,,,insightface_bbox,0.710988461971283,0.0,829.1409301757812,937.8900146484375,2344.83447265625,0,0,1,0,0,0,0,0,0,1,0,1,0.04335866868495941,0.02183198742568493,0.17075257003307343,0.016781887039542198,0.007867864333093166,0.019521545618772507,0.008435443975031376,0.030012130737304688,0.07990085333585739,0.07129711657762527,0.0049627916887402534,0.03405271843075752
275,9.166666666666666,,,,insightface_bbox,0.710988461971283,0.0,829.1409301757812,937.8900146484375,2344.83447265625,0,0,1,0,0,0,0,0,0,1,0,1,0.044669900089502335,0.022745205089449883,0.1738353669643402,0.01732064038515091,0.008146136999130249,0.020914487540721893,0.00880713015794754,0.030773768201470375,0.08123961091041565,0.06963194906711578,0.0053010303527116776,0.03469805419445038
276,9.2,,,,insightface_bbox,0.7041207551956177,0.0,818.9981079101562,963.1016845703125,2338.8671875,0,0,1,0,0,0,0,0,0,1,0,0,0.0445077121257782,0.024078521877527237,0.13833224773406982,0.017929192632436752,0.008153174072504044,0.024600213393568993,0.007324598263949156,0.03057796135544777,0.08523169904947281,0.06869502365589142,0.007414995692670345,0.03836647793650627
277,9.233333333333333,,,,insightface_bbox,0.7041207551956177,0.0,818.9981079101562,963.1016845703125,2338.8671875,0,0,1,0,0,0,0,0,0,1,0,0,0.04327306151390076,0.02296866476535797,0.13473501801490784,0.017556216567754745,0.008017877116799355,0.023814281448721886,0.007163085974752903,0.030283834785223007,0.08300990611314774,0.06712330877780914,0.007212749216705561,0.037216734141111374
278,9.266666666666667,,,,insightface_bbox,0.7041207551956177,0.0,818.9981079101562,963.1016845703125,2338.8671875,0,0,1,0,0,0,0,0,0,1,0,0,0.0421174056828022,0.02234765887260437,0.13076625764369965,0.01725403405725956,0.007975014857947826,0.023430241271853447,0.006872726604342461,0.03022507205605507,0.08236853778362274,0.06618161499500275,0.007030264940112829,0.036355357617139816
279,9.3,,,,insightface_bbox,0.7041207551956177,0.0,818.9981079101562,963.1016845703125,2338.8671875,0,0,1,0,0,0,0,0,0,1,0,0,0.04170006513595581,0.022066963836550713,0.1291705220937729,0.01709809899330139,0.008055494166910648,0.024187004193663597,0.006730083841830492,0.030382860451936722,0.08257460594177246,0.06662978231906891,0.007151645142585039,0.03603088855743408
280,9.333333333333334,,,,insightface_bbox,0.7041207551956177,0.0,818.9981079101562,963.1016845703125,2338.8671875,0,0,1,0,0,0,0,0,0,1,0,0,0.04173130542039871,0.021990720182657242,0.13079644739627838,0.017010757699608803,0.008065498434007168,0.024133648723363876,0.006655585486441851,0.0303236935287714,0.08302859216928482,0.06683054566383362,0.0069896322675049305,0.03588198125362396
281,9.366666666666667,,,,insightface_bbox,0.7041207551956177,0.0,818.9981079101562,963.1016845703125,2338.8671875,0,0,1,0,0,0,0,0,0,1,0,0,0.04196051508188248,0.022173572331666946,0.1315932273864746,0.017122777178883553,0.008095260709524155,0.02431740239262581,0.006707929540425539,0.030423391610383987,0.08327587693929672,0.06691974401473999,0.007044291123747826,0.036030035465955734
282,9.4,,,,insightface_bbox,0.688224732875824,0.0,823.6362915039062,971.8961791992188,2335.48291015625,0,0,1,0,0,0,0,0,0,1,0,1,0.041922278702259064,0.021921202540397644,0.13512766361236572,0.017931580543518066,0.00836208276450634,0.024443967267870903,0.007768730632960796,0.0338631197810173,0.08802582323551178,0.07485037297010422,0.0058510201051831245,0.03319787234067917
283,9.433333333333334,,,,insightface_bbox,0.688224732875824,0.0,823.6362915039062,971.8961791992188,2335.48291015625,0,0,1,0,0,0,0,0,0,1,0,1,0.0420449823141098,0.022267663851380348,0.13150709867477417,0.01827726699411869,0.00861334428191185,0.025424648076295853,0.00820839498192072,0.03445588797330856,0.08929707854986191,0.0765937864780426,0.006253304425626993,0.034046072512865067
284,9.466666666666667,,,,insightface_bbox,0.688224732875824,0.0,823.6362915039062,971.8961791992188,2335.48291015625,0,0,1,0,0,0,0,0,0,1,0,1,0.04251345992088318,0.02260015346109867,0.13093768060207367,0.018513383343815804,0.008715515956282616,0.027620024979114532,0.008195236325263977,0.03490225225687027,0.09104903042316437,0.07676703482866287,0.006619281135499477,0.03440487012267113
285,9.5,,,,insightface_bbox,0.688224732875824,0.0,823.6362915039062,971.8961791992188,2335.48291015625,0,0,1,0,0,0,0,0,0,1,0,0,0.044504012912511826,0.024067405611276627,0.13309882581233978,0.01899758353829384,0.008604632690548897,0.028692230582237244,0.008307277224957943,0.034756891429424286,0.09060389548540115,0.07706625759601593,0.007314000278711319,0.03574538975954056
286,9.533333333333333,,,,insightface_bbox,0.688224732875824,0.0,823.6362915039062,971.8961791992188,2335.48291015625,0,0,1,0,0,0,0,0,0,1,0,0,0.044061560183763504,0.023409312590956688,0.13172286748886108,0.018574275076389313,0.008509896695613861,0.028367746621370316,0.00787690095603466,0.034176796674728394,0.08904601633548737,0.07656976580619812,0.007399749476462603,0.035451531410217285
287,9.566666666666666,,,,insightface_bbox,0.688224732875824,0.0,823.6362915039062,971.8961791992188,2335.48291015625,0,0,1,0,0,0,0,0,0,1,0,0,0.04369499534368515,0.023214120417833328,0.13273411989212036,0.0185189601033926,0.008668286725878716,0.029051680117845535,0.00791960209608078,0.03373517096042633,0.0900593250989914,0.0749957486987114,0.007147825323045254,0.035570330917835236
288,9.6,,,,insightface_bbox,0.6969640851020813,0.0,816.6328125,972.6752319335938,2345.525634765625,0,0,1,0,0,0,0,0,0,1,0,0,0.04239192605018616,0.022641535848379135,0.13178220391273499,0.01867678202688694,0.008823486045002937,0.02977180853486061,0.008133353665471077,0.03455837815999985,0.09196619689464569,0.07508442550897598,0.006619734689593315,0.03387279435992241
289,9.633333333333333,,,,insightface_bbox,0.6969640851020813,0.0,816.6328125,972.6752319335938,2345.525634765625,0,0,1,0,0,0,0,0,0,1,0,1,0.04180418699979782,0.02176518365740776,0.12934769690036774,0.01806473918259144,0.008344347588717937,0.02432890050113201,0.007590194698423147,0.03330909088253975,0.08751227706670761,0.07434402406215668,0.006200491450726986,0.034429725259542465
290,9.666666666666666,,,,insightface_bbox,0.6969640851020813,0.0,816.6328125,972.6752319335938,2345.525634765625,0,0,1,0,0,0,0,0,0,1,0,1,0.04155774042010307,0.02172047644853592,0.12900732457637787,0.018004296347498894,0.008390134200453758,0.023420702666044235,0.007846415042877197,0.03283211588859558,0.08658502995967865,0.07545085996389389,0.006014418322592974,0.03455530107021332
291,9.7,,,,insightface_bbox,0.6969640851020813,0.0,816.6328125,972.6752319335938,2345.525634765625,0,0,1,0,0,0,0,0,0,1,0,1,0.04068771004676819,0.02133266255259514,0.129675954580307,0.01796697825193405,0.008307072333991528,0.022516606375575066,0.008208328858017921,0.032448556274175644,0.08654620498418808,0.07612558454275131,0.00602071825414896,0.035166095942258835
292,9.733333333333333,,,,insightface_bbox,0.6969640851020813,0.0,816.6328125,972.6752319335938,2345.525634765625,0,0,1,0,0,0,0,0,0,1,0,1,0.03982144594192505,0.020923327654600143,0.12569183111190796,0.017852291464805603,0.008129656314849854,0.021540289744734764,0.008191714063286781,0.03217499330639839,0.0860719084739685,0.0768439918756485,0.006040420848876238,0.03493566811084747
293,9.766666666666667,,,,insightface_bbox,0.6969640851020813,0.0,816.6328125,972.6752319335938,2345.525634765625,0,0,1,0,0,0,0,0,0,1,0,1,0.03951166197657585,0.02074359357357025,0.12148293852806091,0.017642792314291,0.007956095039844513,0.020998414605855942,0.008061578497290611,0.031617406755685806,0.08579836785793304,0.07605291903018951,0.005816006567329168,0.03399931639432907
294,9.8,,,,insightface_bbox,0.7058793306350708,0.0,801.0453491210938,964.093505859375,2337.77294921875,0,0,1,0,0,0,0,0,0,1,0,0,0.04328232631087303,0.023400036618113518,0.13574720919132233,0.017378348857164383,0.008518874645233154,0.023560013622045517,0.0071664429269731045,0.02955526113510132,0.08709519356489182,0.07248213142156601,0.006892656907439232,0.03930273652076721
295,9.833333333333334,,,,insightface_bbox,0.7058793306350708,0.0,801.0453491210938,964.093505859375,2337.77294921875,0,0,1,0,0,0,0,0,0,1,0,0,0.04226726293563843,0.022592870518565178,0.13523566722869873,0.01720692217350006,0.008153453469276428,0.02325497753918171,0.0072406623512506485,0.029390808194875717,0.08434437215328217,0.07046274840831757,0.007418093271553516,0.03928886726498604
296,9.866666666666667,,,,insightface_bbox,0.7058793306350708,0.0,801.0453491210938,964.093505859375,2337.77294921875,0,0,1,0,0,0,0,0,0,1,0,0,0.041320063173770905,0.021959785372018814,0.13211899995803833,0.016877267509698868,0.008178123272955418,0.024055110290646553,0.0068261893466115,0.029607059434056282,0.08400469273328781,0.07010749727487564,0.00713953236117959,0.03757414594292641
297,9.9,,,,insightface_bbox,0.7058793306350708,0.0,801.0453491210938,964.093505859375,2337.77294921875,0,0,1,0,0,0,0,0,0,1,0,0,0.041296057403087616,0.021648043766617775,0.12693120539188385,0.016462543979287148,0.008269927464425564,0.025527702644467354,0.0063254740089178085,0.029620282351970673,0.08612751215696335,0.06579746305942535,0.005902056582272053,0.0333578959107399
298,9.933333333333334,,,,insightface_bbox,0.7058793306350708,0.0,801.0453491210938,964.093505859375,2337.77294921875,0,0,1,0,0,0,0,0,0,1,0,0,0.0401185043156147,0.021439380943775177,0.1263362616300583,0.016519349068403244,0.008553152903914452,0.024593453854322433,0.006437631323933601,0.02968772128224373,0.08254065364599228,0.06517906486988068,0.006028714589774609,0.03454265743494034
299,9.966666666666667,,,,insightface_bbox,0.7058793306350708,0.0,801.0453491210938,964.093505859375,2337.77294921875,0,0,1,0,0,0,0,0,0,1,0,0,0.04535535350441933,0.02408977784216404,0.1515716165304184,0.019810426980257034,0.009166214615106583,0.02878499962389469,0.00996390450745821,0.0347764827311039,0.08634775876998901,0.07509049028158188,0.009575001895427704,0.040441785007715225
300,10.0,,,,insightface_bbox,0.7216463685035706,0.0,811.2340087890625,949.9644165039062,2379.14501953125,0,0,1,0,0,0,0,0,0,1,0,1,0.03850251063704491,0.019793735817074776,0.1834619790315628,0.01692735031247139,0.007365466561168432,0.01814763993024826,0.008875186555087566,0.033336617052555084,0.07119761407375336,0.06303585320711136,0.00518598360940814,0.03330092132091522
301,10.033333333333333,,,,insightface_bbox,0.7216463685035706,0.0,811.2340087890625,949.9644165039062,2379.14501953125,0,0,1,0,0,0,0,0,0,1,0,0,0.03851665183901787,0.020283304154872894,0.1773739606142044,0.017018252983689308,0.007210709620267153,0.01773974671959877,0.008556092157959938,0.032804567366838455,0.07071422040462494,0.06170595437288284,0.005471590906381607,0.03385360911488533
302,10.066666666666666,,,,insightface_bbox,0.7216463685035706,0.0,811.2340087890625,949.9644165039062,2379.14501953125,0,0,1,0,0,0,0,0,0,1,0,0,0.037684470415115356,0.0200877133756876,0.16967417299747467,0.016109665855765343,0.0074863918125629425,0.01787298172712326,0.007225102744996548,0.032287318259477615,0.07144512236118317,0.061617061495780945,0.005390182603150606,0.031119216233491898
303,10.1,,,,insightface_bbox,0.7216463685035706,0.0,811.2340087890625,949.9644165039062,2379.14501953125,0,0,1,0,0,0,0,0,0,1,0,1,0.038908958435058594,0.020332545042037964,0.17607076466083527,0.016466110944747925,0.007720131427049637,0.018667280673980713,0.008139291778206825,0.032280679792165756,0.07361245900392532,0.06327486038208008,0.005471385084092617,0.03135887533426285
304,10.133333333333333,,,,insightface_bbox,0.7216463685035706,0.0,811.2340087890625,949.9644165039062,2379.14501953125,0,0,1,0,0,0,0,0,0,1,0,0,0.039532117545604706,0.020608527585864067,0.1865188032388687,0.016535703092813492,0.007517277263104916,0.018959322944283485,0.007988128811120987,0.03256957605481148,0.07095489650964737,0.06072832643985748,0.006043070461601019,0.03214496001601219
305,10.166666666666666,,,,insightface_bbox,0.7216463685035706,0.0,811.2340087890625,949.9644165039062,2379.14501953125,0,0,1,0,0,0,0,0,0,1,0,0,0.04120318219065666,0.02118147723376751,0.19290801882743835,0.01707177795469761,0.007705986499786377,0.0194811150431633,0.008803893812000751,0.03334546089172363,0.0720512643456459,0.06204294413328171,0.006561810150742531,0.03395361453294754
306,10.2,,,,insightface_bbox,0.7315661907196045,0.0,786.1072998046875,971.9765625,2330.753173828125,0,0,1,0,0,0,0,0,0,1,0,0,0.044602230191230774,0.02288172021508217,0.1402786523103714,0.01781752146780491,0.008751879446208477,0.025624200701713562,0.007042926736176014,0.0321383960545063,0.08663636445999146,0.0688256323337555,0.006935370620340109,0.034314192831516266
307,10.233333333333333,,,,insightface_bbox,0.7315661907196045,0.0,786.1072998046875,971.9765625,2330.753173828125,0,0,1,0,0,0,0,0,0,1,0,0,0.04478704556822777,0.023366576060652733,0.13905657827854156,0.01795150898396969,0.00898201484233141,0.025977816432714462,0.007205936126410961,0.03219939023256302,0.0860174372792244,0.06909779459238052,0.007228213828057051,0.03555089980363846
308,10.266666666666667,,,,insightface_bbox,0.7315661907196045,0.0,786.1072998046875,971.9765625,2330.753173828125,0,0,1,0,0,0,0,0,0,1,0,0,0.04455512762069702,0.023137221112847328,0.14237017929553986,0.01784464903175831,0.008834905922412872,0.026131076738238335,0.0071861413307487965,0.03254760801792145,0.08655358850955963,0.0691794902086258,0.006984202656894922,0.034655872732400894
309,10.3,,,,insightface_bbox,0.7315661907196045,0.0,786.1072998046875,971.9765625,2330.753173828125,0,0,1,0,0,0,0,0,0,1,0,0,0.04459424316883087,0.023211423307657242,0.140917107462883,0.01793769747018814,0.008754325099289417,0.026180505752563477,0.00744284363463521,0.032900430262088776,0.08656559884548187,0.0698748379945755,0.006904672831296921,0.03455325588583946
310,10.333333333333334,,,,insightface_bbox,0.7315661907196045,0.0,786.1072998046875,971.9765625,2330.753173828125,0,0,1,0,0,0,0,0,0,1,0,0,0.044188737869262695,0.023140285164117813,0.1385122835636139,0.017883488908410072,0.008637148886919022,0.025884399190545082,0.0074939667247235775,0.032997868955135345,0.08602605760097504,0.0699346661567688,0.00663959002122283,0.03382564336061478
311,10.366666666666667,,,,insightface_bbox,0.7315661907196045,0.0,786.1072998046875,971.9765625,2330.753173828125,0,0,1,0,0,0,0,0,0,1,0,0,0.04427063837647438,0.023223059251904488,0.13914717733860016,0.017870815470814705,0.008605336770415306,0.026485508307814598,0.007482643239200115,0.03303207457065582,0.0867522582411766,0.06978698819875717,0.006766895763576031,0.03405787795782089
312,10.4,,,,insightface_bbox,0.7287753820419312,0.0,793.7609252929688,961.04052734375,2327.88671875,0,0,1,0,0,0,0,0,0,1,0,1,0.040928494185209274,0.022114114835858345,0.13747954368591309,0.016692308709025383,0.008405736647546291,0.024085767567157745,0.006706996820867062,0.030133400112390518,0.0848306268453598,0.06610655039548874,0.005233501549810171,0.03180520981550217
313,10.433333333333334,,,,insightface_bbox,0.7287753820419312,0.0,793.7609252929688,961.04052734375,2327.88671875,0,0,1,0,0,0,0,0,0,1,0,1,0.041020479053258896,0.022586680948734283,0.13478541374206543,0.01678616926074028,0.008295276202261448,0.024617865681648254,0.006938809063285589,0.03030928038060665,0.08423478901386261,0.06713397800922394,0.005631825886666775,0.03278188779950142
314,10.466666666666667,,,,insightface_bbox,0.7287753820419312,0.0,793.7609252929688,961.04052734375,2327.88671875,0,0,1,0,0,0,0,0,0,1,0,0,0.040456704795360565,0.022857634350657463,0.13095104694366455,0.016630694270133972,0.008091650903224945,0.02511177584528923,0.006636358797550201,0.030032780021429062,0.08070486783981323,0.0649247094988823,0.006160449236631393,0.03239363431930542
315,10.5,,,,insightface_bbox,0.7287753820419312,0.0,793.7609252929688,961.04052734375,2327.88671875,0,0,1,0,0,0,0,0,0,1,0,0,0.03984420746564865,0.022754255682229996,0.13153445720672607,0.01670517772436142,0.00815628468990326,0.02571321278810501,0.00660014757886529,0.030471213161945343,0.0804205909371376,0.06437474489212036,0.006348297465592623,0.03208974003791809
316,10.533333333333333,,,,insightface_bbox,0.7287753820419312,0.0,793.7609252929688,961.04052734375,2327.88671875,0,0,1,0,0,0,0,0,0,1,0,0,0.03944987803697586,0.022326920181512833,0.1295056939125061,0.01647104136645794,0.008148952387273312,0.02563432604074478,0.00640572514384985,0.030232924968004227,0.08056723326444626,0.06407195329666138,0.00616877805441618,0.031868621706962585
317,10.566666666666666,,,,insightface_bbox,0.7287753820419312,0.0,793.7609252929688,961.04052734375,2327.88671875,0,0,1,0,0,0,0,0,0,1,0,0,0.03963043913245201,0.022173814475536346,0.13149312138557434,0.016459975391626358,0.00824777316302061,0.025126421824097633,0.006439363583922386,0.03028271533548832,0.08130159974098206,0.06524480134248734,0.0061853202059865,0.032662250101566315
318,10.6,,,,insightface_bbox,0.7209466099739075,0.0,790.5101318359375,976.7643432617188,2335.717041015625,0,0,1,0,0,0,0,0,0,1,0,0,0.04676489159464836,0.025410113856196404,0.14284268021583557,0.02027498371899128,0.009404822252690792,0.03068089298903942,0.010059420019388199,0.037604156881570816,0.09182102978229523,0.07688765227794647,0.008615492843091488,0.0371861532330513
319,10.633333333333333,,,,insightface_bbox,0.7209466099739075,0.0,790.5101318359375,976.7643432617188,2335.717041015625,0,0,1,0,0,0,0,0,0,1,0,0,0.04725779592990875,0.02594856359064579,0.1450677067041397,0.020465612411499023,0.00937276054173708,0.03154764324426651,0.009977692738175392,0.03698435425758362,0.09216657280921936,0.07758256793022156,0.008143516257405281,0.036276981234550476
320,10.666666666666666,,,,insightface_bbox,0.7209466099739075,0.0,790.5101318359375,976.7643432617188,2335.717041015625,0,0,1,0,0,0,0,0,0,1,0,0,0.04774542152881622,0.025987587869167328,0.1488531529903412,0.020420478656888008,0.009273702278733253,0.031456321477890015,0.010098638944327831,0.03710826858878136,0.09131771326065063,0.0786544531583786,0.007900380529463291,0.03618185222148895
321,10.7,,,,insightface_bbox,0.7209466099739075,0.0,790.5101318359375,976.7643432617188,2335.717041015625,0,0,1,0,0,0,0,0,0,1,0,0,0.047760263085365295,0.025284957140684128,0.1494314968585968,0.019980672746896744,0.00912447553128004,0.029202960431575775,0.009635388851165771,0.03695675730705261,0.09088408201932907,0.07907043397426605,0.008107251487672329,0.03691146522760391
322,10.733333333333333,,,,insightface_bbox,0.7209466099739075,0.0,790.5101318359375,976.7643432617188,2335.717041015625,0,0,1,0,0,0,0,0,0,1,0,0,0.04709378629922867,0.0244052242487669,0.14771634340286255,0.01946835219860077,0.009148876182734966,0.027891479432582855,0.009423990733921528,0.03604663535952568,0.0911264419555664,0.07848284393548965,0.007583671249449253,0.036324240267276764
323,10.766666666666667,,,,insightface_bbox,0.7209466099739075,0.0,790.5101318359375,976.7643432617188,2335.717041015625,0,0,1,0,0,0,0,0,0,1,0,0,0.04766233265399933,0.025138741359114647,0.15025165677070618,0.020784566178917885,0.00933148991316557,0.029425716027617455,0.010739613324403763,0.03836580365896225,0.09277911484241486,0.08288703113794327,0.009268895722925663,0.038963980972766876
324,10.8,,,,insightface_bbox,0.7210286855697632,0.0,788.8522338867188,948.3648681640625,2351.60107421875,0,0,1,0,0,0,0,0,0,1,0,1,0.04196637123823166,0.02068614773452282,0.17949381470680237,0.01736600697040558,0.00770536670461297,0.01891082525253296,0.010682960972189903,0.035791024565696716,0.08105910569429398,0.07049515098333359,0.005398671608418226,0.03612383455038071
325,10.833333333333334,,,,insightface_bbox,0.7210286855697632,0.0,788.8522338867188,948.3648681640625,2351.60107421875,0,0,1,0,0,0,0,0,0,1,0,1,0.04086671769618988,0.020186638459563255,0.16041384637355804,0.016636386513710022,0.007505007553845644,0.018937386572360992,0.009141041897237301,0.03373761475086212,0.0809597298502922,0.06695820391178131,0.005374443717300892,0.03301297500729561
326,10.866666666666667,,,,insightface_bbox,0.7210286855697632,0.0,788.8522338867188,948.3648681640625,2351.60107421875,0,0,1,0,0,0,0,0,0,1,0,1,0.04035497456789017,0.01973395049571991,0.1537214070558548,0.015851052477955818,0.007460899651050568,0.018363146111369133,0.008343684487044811,0.030812088400125504,0.07920725643634796,0.06521926075220108,0.004236494190990925,0.02994723618030548
327,10.9,,,,insightface_bbox,0.7210286855697632,0.0,788.8522338867188,948.3648681640625,2351.60107421875,0,0,1,0,0,0,0,0,0,1,0,1,0.04195290058851242,0.02056904509663582,0.1601361483335495,0.016829021275043488,0.007694277446717024,0.018872154876589775,0.009944828227162361,0.03227384388446808,0.08076095581054688,0.06877995282411575,0.00513494573533535,0.03378116711974144
328,10.933333333333334,,,,insightface_bbox,0.7210286855697632,0.0,788.8522338867188,948.3648681640625,2351.60107421875,0,0,1,0,0,0,0,0,0,1,0,1,0.04105500504374504,0.020153075456619263,0.1643110066652298,0.016527749598026276,0.007541517727077007,0.01871367171406746,0.008800270967185497,0.032420188188552856,0.08254824578762054,0.07020790874958038,0.004442250821739435,0.03228852525353432
329,10.966666666666667,,,,insightface_bbox,0.7210286855697632,0.0,788.8522338867188,948.3648681640625,2351.60107421875,0,0,1,0,0,0,0,0,0,1,0,1,0.04209184646606445,0.020783785730600357,0.1661217212677002,0.017041131854057312,0.007822573184967041,0.01988043263554573,0.009640328586101532,0.03192850202322006,0.08441042900085449,0.072214275598526,0.0044985865242779255,0.03216691315174103
330,11.0,,,,insightface_bbox,0.6960576176643372,0.0,773.5912475585938,972.24560546875,2346.826416015625,0,0,1,0,0,0,0,0,0,1,0,0,0.04885192960500717,0.02560516819357872,0.15671096742153168,0.01988505944609642,0.008966796100139618,0.03274131938815117,0.009455965831875801,0.03534657880663872,0.097880057990551,0.07745327055454254,0.007645960431545973,0.035595331341028214
331,11.033333333333333,,,,insightface_bbox,0.6960576176643372,0.0,773.5912475585938,972.24560546875,2346.826416015625,0,0,1,0,0,0,0,0,0,1,0,0,0.047177836298942566,0.02440504916012287,0.14938800036907196,0.019527945667505264,0.008862864226102829,0.031477004289627075,0.009246802888810635,0.03540089726448059,0.09656436741352081,0.07598245143890381,0.008477025665342808,0.03663162514567375
332,11.066666666666666,,,,insightface_bbox,0.6960576176643372,0.0,773.5912475585938,972.24560546875,2346.826416015625,0,0,1,0,0,0,0,0,0,1,0,0,0.04784311726689339,0.024801893159747124,0.14930202066898346,0.019915474578738213,0.009093302302062511,0.031006578356027603,0.009498522616922855,0.03606368601322174,0.09715915471315384,0.07800805568695068,0.009404109790921211,0.039076004177331924
333,11.1,,,,insightface_bbox,0.6960576176643372,0.0,773.5912475585938,972.24560546875,2346.826416015625,0,0,1,0,0,0,0,0,0,1,0,0,0.04705372452735901,0.024302881211042404,0.14517152309417725,0.019588468596339226,0.008814084343612194,0.028344539925456047,0.009310257621109486,0.03541925176978111,0.09492973983287811,0.07919205725193024,0.009231030009686947,0.039277490228414536
334,11.133333333333333,,,,insightface_bbox,0.6960576176643372,0.0,773.5912475585938,972.24560546875,2346.826416015625,0,0,1,0,0,0,0,0,0,1,0,0,0.04693052917718887,0.02492259256541729,0.14289115369319916,0.020118694752454758,0.008727816864848137,0.027271581813693047,0.010078869760036469,0.03585031256079674,0.09277501702308655,0.08061112463474274,0.009447823278605938,0.03974296897649765
335,11.166666666666666,,,,insightface_bbox,0.6960576176643372,0.0,773.5912475585938,972.24560546875,2346.826416015625,0,0,1,0,0,0,0,0,0,1,0,0,0.04585344344377518,0.024091264232993126,0.1375652700662613,0.02001263201236725,0.00867544487118721,0.025743883103132248,0.010315392166376114,0.035482730716466904,0.09149021655321121,0.07998780161142349,0.009096922352910042,0.03892635926604271
