frame_idx,frame_time_in_ms,pitch,yaw,roll,face_alignment_method,face_detection_score,face_bbox_xmin,face_bbox_ymin,face_bbox_xmax,face_bbox_ymax,au_1,au_2,au_4,au_6,au_7,au_10,au_12,au_14,au_15,au_17,au_23,au_24,au_1_intensity,au_2_intensity,au_4_intensity,au_5_intensity,au_6_intensity,au_9_intensity,au_12_intensity,au_15_intensity,au_17_intensity,au_20_intensity,au_25_intensity,au_26_intensity
0,0.0,,,,insightface_bbox,0.6577850580215454,0.0,673.654296875,676.4658813476562,2349.65576171875,1,0,1,0,0,0,0,0,0,1,0,0,0.0676303505897522,0.030875934287905693,0.7119506597518921,0.024738579988479614,0.006484503857791424,0.019711226224899292,0.006533059291541576,0.03164613991975784,0.0682373121380806,0.049223992973566055,0.023139681667089462,0.04475850239396095
1,0.03333333333333333,,,,insightface_bbox,0.6577850580215454,0.0,673.654296875,676.4658813476562,2349.65576171875,0,0,1,0,0,0,0,0,0,1,0,0,0.057593028992414474,0.03293617069721222,0.6617763638496399,0.035884615033864975,0.009172482416033745,0.024333391338586807,0.010426105000078678,0.041520461440086365,0.08246229588985443,0.050660405308008194,0.040494706481695175,0.057788897305727005
2,0.06666666666666667,,,,insightface_bbox,0.6577850580215454,0.0,673.654296875,676.4658813476562,2349.65576171875,0,0,1,0,0,0,0,0,0,0,0,0,0.05767884850502014,0.03729778155684471,0.6266286373138428,0.04669593274593353,0.011653244495391846,0.02978709526360035,0.013093871995806694,0.04778521507978439,0.08330617100000381,0.056084465235471725,0.08062754571437836,0.08024276793003082
3,0.1,,,,insightface_bbox,0.6577850580215454,0.0,673.654296875,676.4658813476562,2349.65576171875,0,0,1,0,0,0,0,0,0,0,0,0,0.05572264641523361,0.03753199428319931,0.5917981863021851,0.04565175250172615,0.011753952130675316,0.029218219220638275,0.013824587687849998,0.04912890866398811,0.0810822919011116,0.0576820895075798,0.08859322965145111,0.09337697178125381
4,0.13333333333333333,,,,insightface_bbox,0.6577850580215454,0.0,673.654296875,676.4658813476562,2349.65576171875,0,0,1,0,0,0,0,0,0,0,0,0,0.055128082633018494,0.03772670775651932,0.5676077008247375,0.04759129136800766,0.012218991294503212,0.03016616962850094,0.014103725552558899,0.050597820430994034,0.08313140273094177,0.06045341119170189,0.09221456199884415,0.09599945694208145
5,0.16666666666666666,,,,insightface_bbox,0.6577850580215454,0.0,673.654296875,676.4658813476562,2349.65576171875,0,0,1,0,0,0,0,0,0,0,0,0,0.054864104837179184,0.03875814750790596,0.613642156124115,0.050467297434806824,0.013058820739388466,0.03171062096953392,0.015707824379205704,0.05176255851984024,0.08216354995965958,0.059500552713871,0.10941572487354279,0.10841859877109528
6,0.2,,,,insightface_bbox,0.6814872622489929,0.0,649.4288940429688,692.440673828125,2357.4482421875,0,0,1,0,0,0,0,0,0,0,0,0,0.0546368807554245,0.0394771546125412,0.6840053200721741,0.052690260112285614,0.013711057603359222,0.034628115594387054,0.01827002689242363,0.0486304834485054,0.0802428126335144,0.057385895401239395,0.1366361528635025,0.09957006573677063
7,0.23333333333333334,,,,insightface_bbox,0.6814872622489929,0.0,649.4288940429688,692.440673828125,2357.4482421875,0,0,1,0,0,0,0,0,0,0,0,0,0.05391111224889755,0.03952435776591301,0.6572374105453491,0.052461542189121246,0.014646599069237709,0.03536432236433029,0.018859025090932846,0.04904547333717346,0.07986892014741898,0.05751533806324005,0.15343278646469116,0.10586504638195038
8,0.26666666666666666,,,,insightface_bbox,0.6814872622489929,0.0,649.4288940429688,692.440673828125,2357.4482421875,0,0,1,0,0,0,0,0,0,0,0,0,0.05286341533064842,0.0388202890753746,0.6406975388526917,0.05091017484664917,0.014457731507718563,0.03460347652435303,0.01825626567006111,0.04857567697763443,0.07855558395385742,0.056516382843256,0.14761808514595032,0.10366833955049515
9,0.3,,,,insightface_bbox,0.6814872622489929,0.0,649.4288940429688,692.440673828125,2357.4482421875,0,0,1,0,0,0,0,0,0,0,0,0,0.05285760387778282,0.03882446140050888,0.6364951133728027,0.051016997545957565,0.014390219934284687,0.034575384110212326,0.018656030297279358,0.04862430691719055,0.07833537459373474,0.05609928071498871,0.14862971007823944,0.10442983359098434
10,0.3333333333333333,,,,insightface_bbox,0.6814872622489929,0.0,649.4288940429688,692.440673828125,2357.4482421875,0,0,1,0,0,0,0,0,0,0,0,0,0.052321501076221466,0.03845943138003349,0.6437274217605591,0.050330765545368195,0.014354037120938301,0.034360192716121674,0.018789613619446754,0.048330239951610565,0.07780299335718155,0.055579185485839844,0.14989827573299408,0.10435645282268524
11,0.36666666666666664,,,,insightface_bbox,0.6814872622489929,0.0,649.4288940429688,692.440673828125,2357.4482421875,0,0,1,0,0,0,0,0,0,0,0,0,0.05201458930969238,0.0381791889667511,0.6437655687332153,0.04997160658240318,0.014179237186908722,0.03393739461898804,0.01842319779098034,0.048070818185806274,0.07739333808422089,0.05536193028092384,0.14588476717472076,0.10142423212528229
12,0.4,,,,insightface_bbox,0.6663706302642822,0.0,649.8114013671875,706.3394775390625,2366.826171875,0,0,1,0,0,0,0,0,0,0,0,0,0.050131022930145264,0.03721770644187927,0.5947070121765137,0.050276078283786774,0.014300438575446606,0.032772600650787354,0.018084455281496048,0.0477929562330246,0.07602928578853607,0.05539590120315552,0.13474763929843903,0.10449610650539398
13,0.43333333333333335,,,,insightface_bbox,0.6663706302642822,0.0,649.8114013671875,706.3394775390625,2366.826171875,0,0,1,0,0,0,0,0,0,0,0,0,0.05076098442077637,0.037147000432014465,0.5988799333572388,0.049655504524707794,0.014428744092583656,0.033159781247377396,0.0175611712038517,0.0474516861140728,0.07544699311256409,0.05360928177833557,0.13371466100215912,0.10453246533870697
14,0.4666666666666667,,,,insightface_bbox,0.6663706302642822,0.0,649.8114013671875,706.3394775390625,2366.826171875,0,0,1,0,0,0,0,0,0,0,0,0,0.05088586360216141,0.03756963089108467,0.5981142520904541,0.05047451704740524,0.014491239562630653,0.033498793840408325,0.018039796501398087,0.04794688895344734,0.07603109627962112,0.05433462932705879,0.13944251835346222,0.10691318660974503
15,0.5,,,,insightface_bbox,0.6663706302642822,0.0,649.8114013671875,706.3394775390625,2366.826171875,0,0,1,0,0,0,0,0,0,0,0,0,0.050084687769412994,0.037099096924066544,0.5995561480522156,0.0493033267557621,0.014438921585679054,0.033184509724378586,0.018497250974178314,0.047620050609111786,0.07580666989088058,0.05348682776093483,0.13863565027713776,0.10590161383152008
16,0.5333333333333333,,,,insightface_bbox,0.6663706302642822,0.0,649.8114013671875,706.3394775390625,2366.826171875,0,0,1,0,0,0,0,0,0,0,0,0,0.05177861079573631,0.03852131590247154,0.606074333190918,0.05124571919441223,0.014622760936617851,0.033524077385663986,0.018653079867362976,0.047291554510593414,0.07561837136745453,0.053634025156497955,0.1453874707221985,0.10995888710021973
17,0.5666666666666667,,,,insightface_bbox,0.6663706302642822,0.0,649.8114013671875,706.3394775390625,2366.826171875,0,0,1,0,0,0,0,0,0,0,0,0,0.05292418599128723,0.03929104283452034,0.6071242094039917,0.05268610641360283,0.014877673238515854,0.03437759354710579,0.019198523834347725,0.04842163994908333,0.07639038562774658,0.05449816957116127,0.14970770478248596,0.11274686455726624
18,0.6,,,,insightface_bbox,0.6913254261016846,0.0,661.8089599609375,705.2582397460938,2352.155517578125,0,0,1,0,0,0,0,0,0,0,0,0,0.05157303437590599,0.03804025799036026,0.5923258662223816,0.05101581662893295,0.01454797200858593,0.03296993300318718,0.018554052338004112,0.04691237583756447,0.0752500370144844,0.053476251661777496,0.14382049441337585,0.10892320424318314
19,0.6333333333333333,,,,insightface_bbox,0.6913254261016846,0.0,661.8089599609375,705.2582397460938,2352.155517578125,0,0,1,0,0,0,0,0,0,0,0,0,0.05229736119508743,0.0390288308262825,0.5904010534286499,0.05216258019208908,0.014556773006916046,0.0332864411175251,0.019170621410012245,0.04785378277301788,0.07610394060611725,0.05511292815208435,0.1475357562303543,0.11525037884712219
20,0.6666666666666666,,,,insightface_bbox,0.6913254261016846,0.0,661.8089599609375,705.2582397460938,2352.155517578125,0,0,1,0,0,0,0,0,0,0,0,0,0.050776220858097076,0.038659173995256424,0.5506266355514526,0.051330048590898514,0.014065397903323174,0.03228288143873215,0.018236033618450165,0.04615441709756851,0.07367677241563797,0.053353164345026016,0.13924825191497803,0.10901999473571777
21,0.7,,,,insightface_bbox,0.6913254261016846,0.0,661.8089599609375,705.2582397460938,2352.155517578125,0,0,1,0,0,0,0,0,0,0,0,0,0.05050020292401314,0.03821703791618347,0.5533771514892578,0.050838857889175415,0.013765398412942886,0.031668521463871,0.01812763884663582,0.045657362788915634,0.07353170961141586,0.052493706345558167,0.14354164898395538,0.11006142944097519
22,0.7333333333333333,,,,insightface_bbox,0.6913254261016846,0.0,661.8089599609375,705.2582397460938,2352.155517578125,0,0,1,0,0,0,0,0,0,0,0,0,0.049473922699689865,0.037308160215616226,0.5284628868103027,0.04944734647870064,0.013531763106584549,0.03095189295709133,0.01773967035114765,0.045397333800792694,0.0727718397974968,0.05203530937433243,0.1440763771533966,0.11000759154558182
23,0.7666666666666667,,,,insightface_bbox,0.6913254261016846,0.0,661.8089599609375,705.2582397460938,2352.155517578125,0,0,1,0,0,0,0,0,0,0,0,0,0.050043728202581406,0.03812514990568161,0.5260546207427979,0.05122050270438194,0.013525785878300667,0.031195148825645447,0.01816224306821823,0.04530082643032074,0.07256811112165451,0.05214311182498932,0.152643084526062,0.11182898283004761
24,0.8,,,,insightface_bbox,0.6845608949661255,0.0,630.8961791992188,693.8612670898438,2417.422119140625,0,0,1,0,0,0,0,0,0,0,0,0,0.04949258640408516,0.038621291518211365,0.5394110679626465,0.05164090916514397,0.013697275891900063,0.02985081449151039,0.01821286603808403,0.04388571158051491,0.07280860841274261,0.05391765013337135,0.12802647054195404,0.11457021534442902
25,0.8333333333333334,,,,insightface_bbox,0.6845608949661255,0.0,630.8961791992188,693.8612670898438,2417.422119140625,0,0,1,0,0,0,0,0,0,0,0,0,0.050277337431907654,0.03859391063451767,0.4851647913455963,0.050798773765563965,0.013621648773550987,0.029323313385248184,0.01830650120973587,0.04402913153171539,0.0732010006904602,0.05387450009584427,0.1348351091146469,0.1144852340221405
26,0.8666666666666667,,,,insightface_bbox,0.6845608949661255,0.0,630.8961791992188,693.8612670898438,2417.422119140625,0,0,1,0,0,0,0,0,0,0,0,0,0.05102740228176117,0.03892633691430092,0.47226256132125854,0.05059117451310158,0.013854268938302994,0.029469266533851624,0.018795819953083992,0.0437755361199379,0.07080229371786118,0.05254663899540901,0.13821716606616974,0.1149115040898323
27,0.9,,,,insightface_bbox,0.6845608949661255,0.0,630.8961791992188,693.8612670898438,2417.422119140625,0,0,1,0,0,0,0,0,0,0,0,0,0.05240466445684433,0.0394001379609108,0.47501012682914734,0.05227242037653923,0.01371284481137991,0.02951846458017826,0.0185963474214077,0.04414708912372589,0.07129175961017609,0.053167037665843964,0.14122000336647034,0.11550422757863998
28,0.9333333333333333,,,,insightface_bbox,0.6845608949661255,0.0,630.8961791992188,693.8612670898438,2417.422119140625,0,0,1,0,0,0,0,0,0,0,0,0,0.05338335037231445,0.04028866067528725,0.4810793697834015,0.054047998040914536,0.01382421888411045,0.029680393636226654,0.018772341310977936,0.044745247811079025,0.07169876992702484,0.05373828485608101,0.14254486560821533,0.11802441626787186
29,0.9666666666666667,,,,insightface_bbox,0.6845608949661255,0.0,630.8961791992188,693.8612670898438,2417.422119140625,0,0,1,0,0,0,0,0,0,0,0,0,0.054236818104982376,0.04122099280357361,0.48605528473854065,0.056509941816329956,0.014258270151913166,0.029972471296787262,0.019855782389640808,0.0458545908331871,0.07363316416740417,0.05506359413266182,0.14879438281059265,0.1239386573433876
30,1.0,,,,insightface_bbox,0.6513879299163818,0.0,620.9090576171875,712.1345825195312,2402.377685546875,0,0,1,0,0,0,0,0,0,0,0,0,0.060502104461193085,0.04680225998163223,0.4703812003135681,0.06733143329620361,0.014736555516719818,0.0321170836687088,0.020828399807214737,0.04676807299256325,0.0764722153544426,0.05980464816093445,0.14273720979690552,0.13251453638076782
31,1.0333333333333334,,,,insightface_bbox,0.6513879299163818,0.0,620.9090576171875,712.1345825195312,2402.377685546875,0,0,1,0,0,0,0,0,0,0,0,0,0.05945713818073273,0.04656031355261803,0.4818298816680908,0.06729862838983536,0.01540345698595047,0.03270735591650009,0.02217034064233303,0.04829432815313339,0.07570578157901764,0.059271298348903656,0.15562047064304352,0.13556815683841705
32,1.0666666666666667,,,,insightface_bbox,0.6513879299163818,0.0,620.9090576171875,712.1345825195312,2402.377685546875,0,0,1,0,0,0,0,0,0,0,0,0,0.05964377894997597,0.046413835138082504,0.4884936213493347,0.06737533956766129,0.015779223293066025,0.03303900733590126,0.02267538383603096,0.04850983992218971,0.07625921815633774,0.06005137786269188,0.15627050399780273,0.13613151013851166
33,1.1,,,,insightface_bbox,0.6513879299163818,0.0,620.9090576171875,712.1345825195312,2402.377685546875,0,0,1,0,0,0,0,0,0,0,0,0,0.05953472852706909,0.045893169939517975,0.4697532653808594,0.067076675593853,0.01605728454887867,0.03310052305459976,0.023271461948752403,0.04964200407266617,0.0779654011130333,0.0614195242524147,0.15350134670734406,0.13316580653190613
34,1.1333333333333333,,,,insightface_bbox,0.6513879299163818,0.0,620.9090576171875,712.1345825195312,2402.377685546875,0,0,1,0,0,0,0,0,0,0,0,0,0.05984892696142197,0.045691587030887604,0.46949175000190735,0.06632236391305923,0.015783904120326042,0.03292408213019371,0.023561835289001465,0.04879533499479294,0.07751044631004333,0.06084190681576729,0.1541665643453598,0.13209064304828644
35,1.1666666666666667,,,,insightface_bbox,0.6513879299163818,0.0,620.9090576171875,712.1345825195312,2402.377685546875,0,0,1,0,0,0,0,0,0,0,0,0,0.06013137847185135,0.0454716794192791,0.47033971548080444,0.06547250598669052,0.015811488032341003,0.03285619989037514,0.02333521470427513,0.04767272621393204,0.07658417522907257,0.05974024161696434,0.15784868597984314,0.1303015798330307
36,1.2,,,,insightface_bbox,0.6427258849143982,0.0,589.5562133789062,709.7210083007812,2434.17041015625,0,0,1,0,0,0,0,0,0,0,0,0,0.06059453636407852,0.047550830990076065,0.40362682938575745,0.07237817347049713,0.014413557015359402,0.03139761835336685,0.022956719622015953,0.047237951308488846,0.0731009840965271,0.057149529457092285,0.11436871439218521,0.1096450686454773
37,1.2333333333333334,,,,insightface_bbox,0.6427258849143982,0.0,589.5562133789062,709.7210083007812,2434.17041015625,0,0,1,0,0,0,0,0,0,0,0,0,0.06082465499639511,0.047124892473220825,0.39131495356559753,0.07483947277069092,0.014619570225477219,0.031241701915860176,0.02300247550010681,0.048062968999147415,0.07427186518907547,0.05532043054699898,0.11853643506765366,0.10857871919870377
38,1.2666666666666666,,,,insightface_bbox,0.6427258849143982,0.0,589.5562133789062,709.7210083007812,2434.17041015625,0,0,1,0,0,0,0,0,0,0,0,0,0.06138881295919418,0.04763627052307129,0.40197670459747314,0.07660526037216187,0.014779721386730671,0.03113522008061409,0.0239351037889719,0.04797157645225525,0.07371708005666733,0.05522620305418968,0.11661720275878906,0.107297383248806
39,1.3,,,,insightface_bbox,0.6427258849143982,0.0,589.5562133789062,709.7210083007812,2434.17041015625,0,0,1,0,0,0,0,0,0,0,0,0,0.05692395567893982,0.04253555089235306,0.364657998085022,0.06469830125570297,0.014097088947892189,0.029586507007479668,0.021643953397870064,0.04661250859498978,0.07238265872001648,0.05397200211882591,0.10659323632717133,0.09866628795862198
40,1.3333333333333333,,,,insightface_bbox,0.6427258849143982,0.0,589.5562133789062,709.7210083007812,2434.17041015625,0,0,1,0,0,0,0,0,0,0,0,0,0.05819704756140709,0.04319418966770172,0.3741251826286316,0.06554818898439407,0.014660442247986794,0.030634194612503052,0.021769793704152107,0.047540344297885895,0.07386524230241776,0.05496658384799957,0.11145223677158356,0.10230650007724762
41,1.3666666666666667,,,,insightface_bbox,0.6427258849143982,0.0,589.5562133789062,709.7210083007812,2434.17041015625,0,0,1,0,0,0,0,0,0,0,0,0,0.05568361282348633,0.04106254130601883,0.37390923500061035,0.05837777256965637,0.014758151024580002,0.030740607529878616,0.022341784089803696,0.046033188700675964,0.0708514004945755,0.05317244678735733,0.10363989323377609,0.09475704282522202
42,1.4,,,,insightface_bbox,0.5856460332870483,0.0,536.0625,723.3341674804688,2355.095703125,0,0,1,0,0,0,0,0,0,0,0,0,0.05901718884706497,0.041920676827430725,0.35027772188186646,0.06492003053426743,0.014104604721069336,0.031253550201654434,0.019615180790424347,0.044134821742773056,0.06860298663377762,0.05405405908823013,0.09057235717773438,0.08421438932418823
43,1.4333333333333333,,,,insightface_bbox,0.5856460332870483,0.0,536.0625,723.3341674804688,2355.095703125,0,0,1,0,0,0,0,0,0,0,0,0,0.0608505979180336,0.04382379725575447,0.3749881982803345,0.0682288333773613,0.014592370018362999,0.032145872712135315,0.020016470924019814,0.044130776077508926,0.07053997367620468,0.05467389523983002,0.09877680987119675,0.08748870342969894
44,1.4666666666666666,,,,insightface_bbox,0.5856460332870483,0.0,536.0625,723.3341674804688,2355.095703125,0,0,1,0,0,0,0,0,0,0,0,0,0.061765965074300766,0.04458272457122803,0.3749683201313019,0.0704130157828331,0.014730077236890793,0.032612573355436325,0.020259544253349304,0.0443398579955101,0.07128572463989258,0.055205561220645905,0.10158026218414307,0.0900287851691246
45,1.5,,,,insightface_bbox,0.5856460332870483,0.0,536.0625,723.3341674804688,2355.095703125,0,0,1,0,0,0,0,0,0,0,0,0,0.06294853985309601,0.045711543411016464,0.3811034858226776,0.073975570499897,0.015002081170678139,0.033671654760837555,0.020855389535427094,0.046034496277570724,0.07197146117687225,0.056043341755867004,0.10894359648227692,0.09393936395645142
46,1.5333333333333334,,,,insightface_bbox,0.5856460332870483,0.0,536.0625,723.3341674804688,2355.095703125,0,0,1,0,0,0,0,0,0,0,0,0,0.06360787898302078,0.04621000960469246,0.3907996416091919,0.0743274986743927,0.015519223175942898,0.03455446660518646,0.022704225033521652,0.04718216136097908,0.07383432984352112,0.05803057923913002,0.11549563705921173,0.09901005029678345
47,1.5666666666666667,,,,insightface_bbox,0.5856460332870483,0.0,536.0625,723.3341674804688,2355.095703125,0,0,1,0,0,0,0,0,0,0,0,0,0.06305093318223953,0.04687607288360596,0.3890443444252014,0.0749579668045044,0.015835817903280258,0.03465905413031578,0.022275296971201897,0.0499277263879776,0.07715694606304169,0.06027746573090553,0.11761728674173355,0.1079237163066864
48,1.6,,,,insightface_bbox,0.6676644086837769,0.0,600.6895751953125,712.4874267578125,2415.66748046875,0,0,1,0,0,0,0,0,0,0,0,0,0.05257584899663925,0.04085678234696388,0.3291468024253845,0.06237385421991348,0.013897255063056946,0.030385926365852356,0.02010265178978443,0.04798898100852966,0.07470741868019104,0.055440351366996765,0.10252826660871506,0.10292582958936691
49,1.6333333333333333,,,,insightface_bbox,0.6676644086837769,0.0,600.6895751953125,712.4874267578125,2415.66748046875,0,0,1,0,0,0,0,0,0,0,0,0,0.052253857254981995,0.040536195039749146,0.34775763750076294,0.060936007648706436,0.014711915515363216,0.03245043009519577,0.021150818094611168,0.050695039331912994,0.07679799199104309,0.056800585240125656,0.1137920394539833,0.10823782533407211
50,1.6666666666666667,,,,insightface_bbox,0.6676644086837769,0.0,600.6895751953125,712.4874267578125,2415.66748046875,0,0,1,0,0,0,0,0,0,0,0,0,0.0523502454161644,0.040716737508773804,0.3432546854019165,0.06398159265518188,0.014239909127354622,0.03147035092115402,0.02054419368505478,0.048652533441782,0.07542382925748825,0.05638127774000168,0.11196209490299225,0.10620728880167007
51,1.7,,,,insightface_bbox,0.6676644086837769,0.0,600.6895751953125,712.4874267578125,2415.66748046875,0,0,1,0,0,0,0,0,0,0,0,0,0.05719609931111336,0.043698206543922424,0.371099054813385,0.07103030383586884,0.014949923381209373,0.031167354434728622,0.021827466785907745,0.04895450174808502,0.07435432076454163,0.05751246586441994,0.11539749056100845,0.10702800005674362
52,1.7333333333333334,,,,insightface_bbox,0.6676644086837769,0.0,600.6895751953125,712.4874267578125,2415.66748046875,0,0,1,0,0,0,0,0,0,0,0,0,0.06030664220452309,0.04499664157629013,0.3750917911529541,0.07341916859149933,0.015276848338544369,0.03114258497953415,0.021571872755885124,0.048806484788656235,0.07417183369398117,0.05858057737350464,0.11911728978157043,0.11124707013368607
53,1.7666666666666666,,,,insightface_bbox,0.6676644086837769,0.0,600.6895751953125,712.4874267578125,2415.66748046875,0,0,1,0,0,0,0,0,0,0,0,0,0.05757332593202591,0.04162151739001274,0.3529232442378998,0.06345611810684204,0.013546410948038101,0.02909156307578087,0.018853487446904182,0.0449361652135849,0.0694284662604332,0.05464804172515869,0.10207708925008774,0.09727561473846436
54,1.8,,,,insightface_bbox,0.5825838446617126,0.0,544.8136596679688,724.1602172851562,2348.52978515625,0,0,1,0,0,0,0,0,0,0,0,0,0.056656867265701294,0.04119110107421875,0.3433229327201843,0.060487762093544006,0.01313830353319645,0.03008071519434452,0.019076339900493622,0.040963102132081985,0.06488960236310959,0.05182886868715286,0.07649502158164978,0.07629041373729706
55,1.8333333333333333,,,,insightface_bbox,0.5825838446617126,0.0,544.8136596679688,724.1602172851562,2348.52978515625,0,0,1,0,0,0,0,0,0,0,0,0,0.05990520492196083,0.04340279847383499,0.3694210648536682,0.06592144817113876,0.014417675323784351,0.031718119978904724,0.02041681483387947,0.04411628469824791,0.06933998316526413,0.055066242814064026,0.09220420569181442,0.08602315187454224
56,1.8666666666666667,,,,insightface_bbox,0.5825838446617126,0.0,544.8136596679688,724.1602172851562,2348.52978515625,0,0,1,0,0,0,0,0,0,0,0,0,0.060600992292165756,0.044606175273656845,0.3781959116458893,0.06859578937292099,0.014856738038361073,0.03232738748192787,0.020342744886875153,0.044397249817848206,0.0703030675649643,0.05559816211462021,0.10063334554433823,0.09106040000915527
57,1.9,,,,insightface_bbox,0.5825838446617126,0.0,544.8136596679688,724.1602172851562,2348.52978515625,0,0,1,0,0,0,0,0,0,0,0,0,0.060009971261024475,0.04405039921402931,0.3636116087436676,0.06810084730386734,0.014945410192012787,0.0323035791516304,0.020331278443336487,0.04505210369825363,0.07107257097959518,0.056268516927957535,0.10025963932275772,0.0912746787071228
58,1.9333333333333333,,,,insightface_bbox,0.5825838446617126,0.0,544.8136596679688,724.1602172851562,2348.52978515625,0,0,1,0,0,0,0,0,0,0,0,0,0.0585225448012352,0.04311198368668556,0.3562682271003723,0.06573760509490967,0.014641879126429558,0.03147713467478752,0.01982569508254528,0.04451962187886238,0.06931093335151672,0.05522378161549568,0.09425738453865051,0.08708234131336212
59,1.9666666666666666,,,,insightface_bbox,0.5825838446617126,0.0,544.8136596679688,724.1602172851562,2348.52978515625,0,0,1,0,0,0,0,0,0,0,0,0,0.05934588238596916,0.04331423342227936,0.3567345440387726,0.06574932485818863,0.014699679799377918,0.03140803426504135,0.019907737150788307,0.04399147629737854,0.06835030019283295,0.05479041486978531,0.09263433516025543,0.08475638180971146
60,2.0,,,,insightface_bbox,0.5995255708694458,0.0,610.2088623046875,718.4194946289062,2353.539794921875,0,0,1,0,0,0,0,0,0,0,0,0,0.060847554355859756,0.04498475790023804,0.36396515369415283,0.06901738047599792,0.014876979403197765,0.03268410637974739,0.02035214751958847,0.04372163116931915,0.06983283162117004,0.054828595370054245,0.09905508905649185,0.0908982902765274
61,2.033333333333333,,,,insightface_bbox,0.5995255708694458,0.0,610.2088623046875,718.4194946289062,2353.539794921875,0,0,1,0,0,0,0,0,0,0,0,0,0.06111534312367439,0.043808821588754654,0.37126344442367554,0.06724350154399872,0.0142783522605896,0.03188159689307213,0.020178472623229027,0.041854362934827805,0.06698232889175415,0.05360597372055054,0.08555256575345993,0.08168432116508484
62,2.066666666666667,,,,insightface_bbox,0.5995255708694458,0.0,610.2088623046875,718.4194946289062,2353.539794921875,0,0,1,0,0,0,0,0,0,0,0,0,0.061522528529167175,0.04353882744908333,0.37104952335357666,0.0679856687784195,0.013998196460306644,0.03172677755355835,0.020262112841010094,0.04110085219144821,0.0656977966427803,0.05290485918521881,0.08074212819337845,0.07890832424163818
63,2.1,,,,insightface_bbox,0.5995255708694458,0.0,610.2088623046875,718.4194946289062,2353.539794921875,0,0,1,0,0,0,0,0,0,0,0,0,0.05942557379603386,0.0408487431704998,0.354448527097702,0.06260044127702713,0.013826830312609673,0.030699335038661957,0.018034586682915688,0.03923877328634262,0.06512200087308884,0.05156434699892998,0.07604370266199112,0.07349344342947006
64,2.1333333333333333,,,,insightface_bbox,0.5995255708694458,0.0,610.2088623046875,718.4194946289062,2353.539794921875,0,0,1,0,0,0,0,0,0,0,0,0,0.05793646350502968,0.03887377679347992,0.33077698945999146,0.05852770432829857,0.013282145373523235,0.028701072558760643,0.01590842567384243,0.0372781902551651,0.0631958395242691,0.049640197306871414,0.0664827898144722,0.06657744944095612
65,2.1666666666666665,,,,insightface_bbox,0.5995255708694458,0.0,610.2088623046875,718.4194946289062,2353.539794921875,0,0,1,0,0,0,0,0,0,0,0,0,0.059433501213788986,0.039866942912340164,0.34930354356765747,0.06046902388334274,0.013679251074790955,0.029010197147727013,0.016601603478193283,0.03803246095776558,0.06426474452018738,0.05041113123297691,0.06950113922357559,0.06830071657896042
66,2.2,,,,insightface_bbox,0.6191698312759399,0.0,597.943603515625,728.5536499023438,2387.7421875,0,0,1,0,0,0,0,0,0,0,0,0,0.05814945325255394,0.03919147700071335,0.35195356607437134,0.05945302173495293,0.013316355645656586,0.02891726791858673,0.017204854637384415,0.03666995093226433,0.06288837641477585,0.04931794852018356,0.06644342839717865,0.06763938814401627
67,2.2333333333333334,,,,insightface_bbox,0.6191698312759399,0.0,597.943603515625,728.5536499023438,2387.7421875,0,0,1,0,0,0,0,0,0,0,0,0,0.0586903840303421,0.03970509022474289,0.3577761650085449,0.059694014489650726,0.013523470610380173,0.029060745611786842,0.01759384386241436,0.03690154105424881,0.06375844031572342,0.0496450737118721,0.06750766932964325,0.06790366023778915
68,2.2666666666666666,,,,insightface_bbox,0.6191698312759399,0.0,597.943603515625,728.5536499023438,2387.7421875,0,0,1,0,0,0,0,0,0,0,0,0,0.06004883348941803,0.04151549190282822,0.3623695969581604,0.0637793093919754,0.01363829243928194,0.03057418018579483,0.019175831228494644,0.0391484834253788,0.06606274098157883,0.05187516659498215,0.07226727902889252,0.07231856882572174
69,2.3,,,,insightface_bbox,0.6191698312759399,0.0,597.943603515625,728.5536499023438,2387.7421875,0,0,1,0,0,0,0,0,0,0,0,0,0.06251075118780136,0.04360073059797287,0.3794102668762207,0.06772967427968979,0.014465026557445526,0.03163802996277809,0.020513562485575676,0.041395653039216995,0.0678199976682663,0.05354398488998413,0.08092685043811798,0.07789761573076248
70,2.3333333333333335,,,,insightface_bbox,0.6191698312759399,0.0,597.943603515625,728.5536499023438,2387.7421875,0,0,1,0,0,0,0,0,0,0,0,0,0.06034679710865021,0.04242934659123421,0.3578522205352783,0.06429192423820496,0.01401888020336628,0.030684541910886765,0.01908140443265438,0.04027191922068596,0.0661122053861618,0.05254093557596207,0.07757066190242767,0.07496535032987595
71,2.3666666666666667,,,,insightface_bbox,0.6191698312759399,0.0,597.943603515625,728.5536499023438,2387.7421875,0,0,1,0,0,0,0,0,0,0,0,0,0.059470757842063904,0.04272492602467537,0.33646973967552185,0.06500881910324097,0.014494836330413818,0.03132371976971626,0.01988181844353676,0.04226069152355194,0.06944821774959564,0.05358375236392021,0.08878468722105026,0.08172202110290527
72,2.4,,,,insightface_bbox,0.6122439503669739,0.0,607.2992553710938,730.2129516601562,2364.3466796875,0,0,1,0,0,0,0,0,0,0,0,0,0.054820939898490906,0.03997386246919632,0.297097384929657,0.058525361120700836,0.013768057338893414,0.029368329793214798,0.01744632050395012,0.04222479462623596,0.06916110962629318,0.05231301486492157,0.0797797366976738,0.07763280719518661
73,2.433333333333333,,,,insightface_bbox,0.6122439503669739,0.0,607.2992553710938,730.2129516601562,2364.3466796875,0,0,1,0,0,0,0,0,0,0,0,0,0.05532538890838623,0.040254607796669006,0.30065226554870605,0.06048169359564781,0.014326443895697594,0.02915285900235176,0.01711735874414444,0.043254509568214417,0.06950823962688446,0.052920881658792496,0.08630762994289398,0.08212167024612427
74,2.466666666666667,,,,insightface_bbox,0.6122439503669739,0.0,607.2992553710938,730.2129516601562,2364.3466796875,0,0,1,0,0,0,0,0,0,0,0,0,0.0521315261721611,0.03797229006886482,0.2852635681629181,0.055129826068878174,0.01410406082868576,0.028705686330795288,0.016891906037926674,0.04323805123567581,0.06884852051734924,0.052696097642183304,0.08284638822078705,0.07831493020057678
75,2.5,,,,insightface_bbox,0.6122439503669739,0.0,607.2992553710938,730.2129516601562,2364.3466796875,0,0,1,0,0,0,0,0,0,0,0,0,0.05177953839302063,0.03779536113142967,0.30277830362319946,0.05386367812752724,0.014014621265232563,0.0290890671312809,0.01730881817638874,0.04313283413648605,0.0680970698595047,0.05286411941051483,0.07552957534790039,0.07442454993724823
76,2.533333333333333,,,,insightface_bbox,0.6122439503669739,0.0,607.2992553710938,730.2129516601562,2364.3466796875,0,0,1,0,0,0,0,0,0,0,0,0,0.05294845998287201,0.038217831403017044,0.3192720115184784,0.05396571010351181,0.014209480956196785,0.03030182607471943,0.018326325342059135,0.0439348965883255,0.06884142756462097,0.05407829210162163,0.07132034003734589,0.07344117760658264
77,2.566666666666667,,,,insightface_bbox,0.6122439503669739,0.0,607.2992553710938,730.2129516601562,2364.3466796875,0,0,1,0,0,0,0,0,0,0,0,0,0.05295810103416443,0.03821186348795891,0.3223993182182312,0.053978316485881805,0.01426349300891161,0.030403530225157738,0.018671147525310516,0.04349174350500107,0.068192258477211,0.053908418864011765,0.07316327840089798,0.07434052973985672
78,2.6,,,,insightface_bbox,0.5806383490562439,0.0,604.4041137695312,727.7598266601562,2358.69140625,0,0,1,0,0,0,0,0,0,0,0,0,0.05150390788912773,0.03693109005689621,0.2711959183216095,0.052741989493370056,0.013818416744470596,0.02852660045027733,0.01647331938147545,0.04053312912583351,0.06587617844343185,0.050089769065380096,0.06440822780132294,0.0660942941904068
79,2.6333333333333333,,,,insightface_bbox,0.5806383490562439,0.0,604.4041137695312,727.7598266601562,2358.69140625,0,0,1,0,0,0,0,0,0,0,0,0,0.05079951882362366,0.035865169018507004,0.2752351462841034,0.050620581954717636,0.013759723864495754,0.02819872461259365,0.016301963478326797,0.03980545699596405,0.066218800842762,0.049805402755737305,0.060684286057949066,0.062015190720558167
80,2.6666666666666665,,,,insightface_bbox,0.5806383490562439,0.0,604.4041137695312,727.7598266601562,2358.69140625,0,0,1,0,0,0,0,0,0,0,0,0,0.04883800074458122,0.035248611122369766,0.26250210404396057,0.04965170472860336,0.013658100739121437,0.028286058455705643,0.016407949849963188,0.03910030424594879,0.06665125489234924,0.04922004044055939,0.059041060507297516,0.06078728288412094
81,2.7,,,,insightface_bbox,0.5806383490562439,0.0,604.4041137695312,727.7598266601562,2358.69140625,0,0,1,0,0,0,0,0,0,0,0,0,0.04902799427509308,0.03498513624072075,0.2730461657047272,0.04880918562412262,0.01356157660484314,0.028447844088077545,0.01660865917801857,0.038663458079099655,0.06699872016906738,0.04923101142048836,0.05905915051698685,0.06002351641654968
82,2.7333333333333334,,,,insightface_bbox,0.5806383490562439,0.0,604.4041137695312,727.7598266601562,2358.69140625,0,0,1,0,0,0,0,0,0,0,0,0,0.049126848578453064,0.0350373201072216,0.27731356024742126,0.04835249483585358,0.013590630143880844,0.028747305274009705,0.01703081652522087,0.03834676742553711,0.06743045151233673,0.04950772970914841,0.05984824523329735,0.06090172007679939
83,2.7666666666666666,,,,insightface_bbox,0.5806383490562439,0.0,604.4041137695312,727.7598266601562,2358.69140625,0,0,1,0,0,0,0,0,0,0,0,0,0.04888857901096344,0.0347391739487648,0.2786128520965576,0.04742475599050522,0.013686134479939938,0.028576470911502838,0.0171047393232584,0.038419656455516815,0.06749608367681503,0.04978175833821297,0.06038060784339905,0.06099320948123932
84,2.8,,,,insightface_bbox,0.5872578620910645,0.0,623.9553833007812,720.8917846679688,2356.098876953125,0,0,1,0,0,0,0,0,0,0,0,0,0.04625002294778824,0.03280739486217499,0.31702443957328796,0.04457002133131027,0.01176591869443655,0.02502845600247383,0.015413932502269745,0.03782622888684273,0.06587902456521988,0.04965201020240784,0.06636404246091843,0.06936711817979813
85,2.8333333333333335,,,,insightface_bbox,0.5872578620910645,0.0,623.9553833007812,720.8917846679688,2356.098876953125,0,0,1,0,0,0,0,0,0,0,0,0,0.05011124536395073,0.03557133674621582,0.32376110553741455,0.05182879418134689,0.011956760659813881,0.025765690952539444,0.015343625098466873,0.03825519606471062,0.06624392420053482,0.05072625353932381,0.07744120806455612,0.0776478573679924
86,2.8666666666666667,,,,insightface_bbox,0.5872578620910645,0.0,623.9553833007812,720.8917846679688,2356.098876953125,0,0,1,0,0,0,0,0,0,0,0,0,0.051664408296346664,0.03701607137918472,0.3226220905780792,0.05566636472940445,0.012074778787791729,0.025829428806900978,0.015344478189945221,0.039027102291584015,0.06602755934000015,0.051179930567741394,0.08122411370277405,0.08137653768062592
87,2.9,,,,insightface_bbox,0.5872578620910645,0.0,623.9553833007812,720.8917846679688,2356.098876953125,0,0,1,0,0,0,0,0,0,0,0,0,0.0488501600921154,0.03437148779630661,0.33043766021728516,0.04981417581439018,0.011717762798070908,0.02504197135567665,0.015247711911797523,0.037021882832050323,0.06748297065496445,0.05086986720561981,0.07035090774297714,0.07261572778224945
88,2.933333333333333,,,,insightface_bbox,0.5872578620910645,0.0,623.9553833007812,720.8917846679688,2356.098876953125,0,0,1,0,0,0,0,0,0,0,0,0,0.04467611014842987,0.0312916599214077,0.31820595264434814,0.04427149146795273,0.01134659256786108,0.023941202089190483,0.014340879395604134,0.03548538684844971,0.06674216687679291,0.04947856441140175,0.058587007224559784,0.06470440328121185
89,2.966666666666667,,,,insightface_bbox,0.5872578620910645,0.0,623.9553833007812,720.8917846679688,2356.098876953125,0,0,1,0,0,0,0,0,0,0,0,0,0.04390544444322586,0.03124239854514599,0.29901018738746643,0.04453901946544647,0.011141053400933743,0.02390909567475319,0.013220054097473621,0.035910408943891525,0.0643419399857521,0.048891786485910416,0.05884261429309845,0.06621098518371582
90,3.0,,,,insightface_bbox,0.6488040685653687,0.0,621.7597045898438,700.7205200195312,2381.27392578125,0,0,1,0,0,0,0,0,0,0,0,0,0.0500863641500473,0.034493587911129,0.31968358159065247,0.042627714574337006,0.013933872804045677,0.027781277894973755,0.01735347881913185,0.042400043457746506,0.07542670518159866,0.05331442132592201,0.10439416766166687,0.0866016298532486
91,3.033333333333333,,,,insightface_bbox,0.6488040685653687,0.0,621.7597045898438,700.7205200195312,2381.27392578125,0,0,1,0,0,0,0,0,0,0,0,0,0.05244261026382446,0.03619254007935524,0.3714700937271118,0.04528716951608658,0.01430276408791542,0.028133898973464966,0.018494922667741776,0.042997170239686966,0.07574375718832016,0.05371175333857536,0.1085016205906868,0.09079322963953018
92,3.066666666666667,,,,insightface_bbox,0.6488040685653687,0.0,621.7597045898438,700.7205200195312,2381.27392578125,0,0,1,0,0,0,0,0,0,0,0,0,0.05209176987409592,0.03538993373513222,0.37852439284324646,0.043701447546482086,0.014743887819349766,0.02834364026784897,0.019369997084140778,0.04325753450393677,0.07394610345363617,0.05318248271942139,0.10592994093894958,0.08867990970611572
93,3.1,,,,insightface_bbox,0.6488040685653687,0.0,621.7597045898438,700.7205200195312,2381.27392578125,0,0,1,0,0,0,0,0,0,0,0,0,0.05217919498682022,0.03469959646463394,0.36960816383361816,0.04339620843529701,0.014566617086529732,0.028431611135601997,0.018505293875932693,0.04346552491188049,0.07442193478345871,0.05495090410113335,0.0995917022228241,0.08335365355014801
94,3.1333333333333333,,,,insightface_bbox,0.6488040685653687,0.0,621.7597045898438,700.7205200195312,2381.27392578125,0,0,1,0,0,0,0,0,0,0,0,0,0.05110712721943855,0.03409917652606964,0.3727145493030548,0.044531021267175674,0.01424875482916832,0.027973026037216187,0.01718169078230858,0.04132569208741188,0.07396574318408966,0.05464065074920654,0.10093460977077484,0.08158054947853088
95,3.1666666666666665,,,,insightface_bbox,0.6488040685653687,0.0,621.7597045898438,700.7205200195312,2381.27392578125,0,0,1,0,0,0,0,0,0,0,0,0,0.05105242878198624,0.034795328974723816,0.36792445182800293,0.04593396931886673,0.014594923704862595,0.029399210587143898,0.018074044957756996,0.04338866472244263,0.07401380687952042,0.055658649653196335,0.09953700751066208,0.08228883892297745
96,3.2,,,,insightface_bbox,0.661575973033905,0.0,615.897216796875,720.5279541015625,2384.8525390625,0,0,1,0,0,0,0,0,0,0,0,0,0.048779603093862534,0.032660674303770065,0.3401700258255005,0.04495218023657799,0.014089266769587994,0.028960855677723885,0.01838091015815735,0.0456683486700058,0.07466048002243042,0.05810225382447243,0.08080191910266876,0.07898865640163422
97,3.2333333333333334,,,,insightface_bbox,0.661575973033905,0.0,615.897216796875,720.5279541015625,2384.8525390625,0,0,1,0,0,0,0,0,0,0,0,0,0.04797572270035744,0.032133735716342926,0.33237600326538086,0.042944781482219696,0.013395490124821663,0.028197117149829865,0.01780157908797264,0.043192438781261444,0.07439815998077393,0.05659456551074982,0.0781031921505928,0.0772370770573616
98,3.2666666666666666,,,,insightface_bbox,0.661575973033905,0.0,615.897216796875,720.5279541015625,2384.8525390625,0,0,1,0,0,0,0,0,0,0,0,0,0.04835359379649162,0.03243381902575493,0.33209067583084106,0.043659985065460205,0.013352343812584877,0.02804572507739067,0.017591670155525208,0.04250793159008026,0.0749090388417244,0.056582748889923096,0.07833272963762283,0.0766439288854599
99,3.3,,,,insightface_bbox,0.661575973033905,0.0,615.897216796875,720.5279541015625,2384.8525390625,0,0,1,0,0,0,0,0,0,0,0,0,0.047915905714035034,0.03212499991059303,0.3321188986301422,0.04343064874410629,0.012500887736678123,0.027196180075407028,0.017136892303824425,0.04156904295086861,0.07395541667938232,0.055282194167375565,0.07778565585613251,0.07389114052057266
100,3.3333333333333335,,,,insightface_bbox,0.661575973033905,0.0,615.897216796875,720.5279541015625,2384.8525390625,0,0,1,0,0,0,0,0,0,0,0,0,0.048717476427555084,0.032888468354940414,0.3201940655708313,0.046001970767974854,0.013084428384900093,0.02762463688850403,0.018405288457870483,0.04371937736868858,0.07709614932537079,0.05883881449699402,0.07838907837867737,0.07921053469181061
101,3.3666666666666667,,,,insightface_bbox,0.661575973033905,0.0,615.897216796875,720.5279541015625,2384.8525390625,0,0,1,0,0,0,0,0,0,0,0,0,0.051220063120126724,0.03488067910075188,0.3518373966217041,0.04773721471428871,0.01422462984919548,0.02819693461060524,0.01959415338933468,0.04455007240176201,0.07839488983154297,0.05866948142647743,0.08530108630657196,0.08508353680372238
102,3.4,,,,insightface_bbox,0.6455267667770386,0.0,612.7432861328125,721.1596069335938,2391.909423828125,0,0,1,0,0,0,0,0,0,0,0,0,0.044894736260175705,0.030861686915159225,0.34160998463630676,0.041050948202610016,0.011555389501154423,0.02374337986111641,0.0152511615306139,0.03465782105922699,0.06688711047172546,0.048975102603435516,0.05707864463329315,0.06215064227581024
103,3.433333333333333,,,,insightface_bbox,0.6455267667770386,0.0,612.7432861328125,721.1596069335938,2391.909423828125,0,0,1,0,0,0,0,0,0,0,0,0,0.04480457305908203,0.030800119042396545,0.3418799936771393,0.041889626532793045,0.011640878394246101,0.023907437920570374,0.01518971100449562,0.03473956882953644,0.0673210397362709,0.0497392863035202,0.055645473301410675,0.06021153926849365
104,3.466666666666667,,,,insightface_bbox,0.6455267667770386,0.0,612.7432861328125,721.1596069335938,2391.909423828125,0,0,1,0,0,0,0,0,0,0,0,0,0.04288624972105026,0.029097935184836388,0.32136157155036926,0.0389501228928566,0.011506324633955956,0.023615851998329163,0.01474469993263483,0.03489243611693382,0.06714929640293121,0.04937078431248665,0.050675325095653534,0.058539241552352905
105,3.5,,,,insightface_bbox,0.6455267667770386,0.0,612.7432861328125,721.1596069335938,2391.909423828125,0,0,1,0,0,0,0,0,0,0,0,0,0.04256877303123474,0.02887556701898575,0.32205507159233093,0.03811456263065338,0.011446153745055199,0.02355543151497841,0.014746221713721752,0.03463531285524368,0.06768050789833069,0.049438826739788055,0.04960620403289795,0.058165132999420166
106,3.533333333333333,,,,insightface_bbox,0.6455267667770386,0.0,612.7432861328125,721.1596069335938,2391.909423828125,0,0,1,0,0,0,0,0,0,0,0,0,0.043692294508218765,0.029670827090740204,0.3345007002353668,0.039650801569223404,0.01163637638092041,0.023684877902269363,0.014949453994631767,0.034781571477651596,0.0689472109079361,0.05029262602329254,0.052283912897109985,0.059475041925907135
107,3.566666666666667,,,,insightface_bbox,0.6455267667770386,0.0,612.7432861328125,721.1596069335938,2391.909423828125,0,0,1,0,0,0,0,0,0,0,0,0,0.044035352766513824,0.02980434149503708,0.33822619915008545,0.03943543881177902,0.01191570796072483,0.023967918008565903,0.01540582999587059,0.03630075603723526,0.0700492113828659,0.051674164831638336,0.051369816064834595,0.060016531497240067
108,3.6,,,,insightface_bbox,0.5882228016853333,0.0,607.49072265625,711.7874755859375,2373.23095703125,0,0,1,0,0,0,0,0,0,0,0,0,0.04466485604643822,0.030780434608459473,0.3259618580341339,0.041500985622406006,0.011232895776629448,0.02370554767549038,0.014576490968465805,0.03465995937585831,0.06575056165456772,0.049193792045116425,0.05423495173454285,0.05936398357152939
109,3.6333333333333333,,,,insightface_bbox,0.5882228016853333,0.0,607.49072265625,711.7874755859375,2373.23095703125,0,0,1,0,0,0,0,0,0,0,0,0,0.04641751945018768,0.0323309563100338,0.31268611550331116,0.04444757476449013,0.011448021046817303,0.02458144910633564,0.014666988514363766,0.03792406991124153,0.06819848716259003,0.05101870745420456,0.0637502446770668,0.06657785922288895
110,3.6666666666666665,,,,insightface_bbox,0.5882228016853333,0.0,607.49072265625,711.7874755859375,2373.23095703125,0,0,1,0,0,0,0,0,0,0,0,0,0.045710548758506775,0.031957317143678665,0.3018845319747925,0.04367559403181076,0.011393746361136436,0.024385694414377213,0.014298311434686184,0.03780607879161835,0.0680176168680191,0.05099751800298691,0.06288047134876251,0.0659688338637352
111,3.7,,,,insightface_bbox,0.5882228016853333,0.0,607.49072265625,711.7874755859375,2373.23095703125,0,0,1,0,0,0,0,0,0,0,0,0,0.04507248103618622,0.031651731580495834,0.30140095949172974,0.043046023696660995,0.011206062510609627,0.023888273164629936,0.014171864837408066,0.03631296008825302,0.06609982997179031,0.049791790544986725,0.058120246976614,0.062453556805849075
112,3.7333333333333334,,,,insightface_bbox,0.5882228016853333,0.0,607.49072265625,711.7874755859375,2373.23095703125,0,0,1,0,0,0,0,0,0,0,0,0,0.04558458924293518,0.031160783022642136,0.3256767988204956,0.042881403118371964,0.01192158181220293,0.024255022406578064,0.014954685233533382,0.03585730493068695,0.06848753988742828,0.05086797475814819,0.056200142949819565,0.060280993580818176
113,3.7666666666666666,,,,insightface_bbox,0.5882228016853333,0.0,607.49072265625,711.7874755859375,2373.23095703125,0,0,1,0,0,0,0,0,0,0,0,0,0.04532381892204285,0.030812878161668777,0.3298717141151428,0.04258384555578232,0.01218700222671032,0.024333320558071136,0.01484342385083437,0.03592178598046303,0.06845276057720184,0.05092012137174606,0.055270805954933167,0.05959737300872803
114,3.8,,,,insightface_bbox,0.6053787469863892,0.0,620.0654296875,712.8055419921875,2342.662109375,0,0,1,0,0,0,0,0,0,0,0,0,0.04446001350879669,0.03012889064848423,0.30986157059669495,0.041043516248464584,0.012350272387266159,0.0245155431330204,0.015456056222319603,0.039719682186841965,0.07278063148260117,0.0543423667550087,0.05420101433992386,0.06460294127464294
115,3.8333333333333335,,,,insightface_bbox,0.6053787469863892,0.0,620.0654296875,712.8055419921875,2342.662109375,0,0,1,0,0,0,0,0,0,0,0,0,0.04358585923910141,0.030124632641673088,0.3001812696456909,0.04025900363922119,0.011890215799212456,0.024017170071601868,0.015090479515492916,0.038622207939624786,0.07169310748577118,0.0516941100358963,0.05619855597615242,0.06365776062011719
116,3.8666666666666667,,,,insightface_bbox,0.6053787469863892,0.0,620.0654296875,712.8055419921875,2342.662109375,0,0,1,0,0,0,0,0,0,0,0,0,0.043403901159763336,0.02993527427315712,0.29101476073265076,0.04049905389547348,0.011923981830477715,0.024042382836341858,0.014985309913754463,0.03902686387300491,0.07146783173084259,0.05173913761973381,0.055166155099868774,0.06300081312656403
117,3.9,,,,insightface_bbox,0.6053787469863892,0.0,620.0654296875,712.8055419921875,2342.662109375,0,0,1,0,0,0,0,0,0,0,0,0,0.04415871202945709,0.029913784936070442,0.30330637097358704,0.04128722846508026,0.01237044483423233,0.02525424212217331,0.01584341563284397,0.04008134827017784,0.07459258288145065,0.054966144263744354,0.05792166665196419,0.06541740894317627
118,3.933333333333333,,,,insightface_bbox,0.6053787469863892,0.0,620.0654296875,712.8055419921875,2342.662109375,0,0,1,0,0,0,0,0,0,0,0,0,0.04522418975830078,0.03012620285153389,0.3195791244506836,0.04199529439210892,0.012492305599153042,0.025543123483657837,0.016870910301804543,0.03972665220499039,0.07510946691036224,0.05499083176255226,0.06211383268237114,0.06733924895524979
119,3.966666666666667,,,,insightface_bbox,0.6053787469863892,0.0,620.0654296875,712.8055419921875,2342.662109375,0,0,1,0,0,0,0,0,0,0,0,0,0.04560902342200279,0.030311349779367447,0.32762497663497925,0.04205995798110962,0.01239926926791668,0.02543598599731922,0.016652118414640427,0.038632459938526154,0.07408460229635239,0.0544373095035553,0.06219874694943428,0.06624487042427063
120,4.0,,,,insightface_bbox,0.6710910797119141,0.0,613.2780151367188,714.1889038085938,2414.943359375,0,0,1,0,0,0,0,0,0,0,0,0,0.04910704120993614,0.032526157796382904,0.304538369178772,0.044819846749305725,0.013362158089876175,0.027745097875595093,0.017748482525348663,0.04222086817026138,0.0782451331615448,0.05839359015226364,0.07792079448699951,0.07549998909235
121,4.033333333333333,,,,insightface_bbox,0.6710910797119141,0.0,613.2780151367188,714.1889038085938,2414.943359375,0,0,1,0,0,0,0,0,0,0,0,0,0.04819823056459427,0.03196672350168228,0.3247949182987213,0.04228675365447998,0.014139561913907528,0.02864757739007473,0.0188934113830328,0.04372096806764603,0.07996304333209991,0.060108549892902374,0.07698427885770798,0.07427985221147537
122,4.066666666666666,,,,insightface_bbox,0.6710910797119141,0.0,613.2780151367188,714.1889038085938,2414.943359375,0,0,1,0,0,0,0,0,0,0,0,0,0.047998592257499695,0.03166979178786278,0.341107577085495,0.04138399288058281,0.014507606625556946,0.029082970693707466,0.01923123560845852,0.04394291341304779,0.08059150725603104,0.060007426887750626,0.07643907517194748,0.07323901355266571
123,4.1,,,,insightface_bbox,0.6710910797119141,0.0,613.2780151367188,714.1889038085938,2414.943359375,0,0,1,0,0,0,0,0,0,0,0,0,0.04780266061425209,0.03154728189110756,0.34999746084213257,0.04058901220560074,0.01439562626183033,0.02882329374551773,0.019226733595132828,0.04365352913737297,0.08010341227054596,0.058561038225889206,0.07539510726928711,0.071936696767807
124,4.133333333333334,,,,insightface_bbox,0.6710910797119141,0.0,613.2780151367188,714.1889038085938,2414.943359375,0,0,1,0,0,0,0,0,0,0,0,0,0.04818999022245407,0.03175162151455879,0.353356271982193,0.04149941727519035,0.014469793066382408,0.02916797064244747,0.01961570233106613,0.04404134675860405,0.08002372086048126,0.058605343103408813,0.07738502323627472,0.07273358106613159
125,4.166666666666667,,,,insightface_bbox,0.6710910797119141,0.0,613.2780151367188,714.1889038085938,2414.943359375,0,0,1,0,0,0,0,0,0,0,0,0,0.04712418094277382,0.03144719824194908,0.3517361283302307,0.04091206565499306,0.0143212815746665,0.0287373848259449,0.01913323998451233,0.043547820299863815,0.07841870188713074,0.05674513429403305,0.07714822143316269,0.07098165154457092
126,4.2,,,,insightface_bbox,0.6219598054885864,0.0,626.1851806640625,705.6694946289062,2324.01513671875,0,0,1,0,0,0,0,0,0,0,0,0,0.04481770470738411,0.030499618500471115,0.3310811221599579,0.04238371178507805,0.013019541278481483,0.026508618146181107,0.01688774861395359,0.040164969861507416,0.07417605072259903,0.054074306041002274,0.06827094405889511,0.06663699448108673
127,4.233333333333333,,,,insightface_bbox,0.6219598054885864,0.0,626.1851806640625,705.6694946289062,2324.01513671875,0,0,1,0,0,0,0,0,0,0,0,0,0.043334364891052246,0.029416801407933235,0.31587791442871094,0.03968017175793648,0.013106749393045902,0.02654108963906765,0.016894547268748283,0.0407499298453331,0.07417165488004684,0.0532325878739357,0.06452854722738266,0.0645337700843811
128,4.266666666666667,,,,insightface_bbox,0.6219598054885864,0.0,626.1851806640625,705.6694946289062,2324.01513671875,0,0,1,0,0,0,0,0,0,0,0,0,0.04267564415931702,0.02862132340669632,0.31410321593284607,0.03777317330241203,0.013097172603011131,0.02611599676311016,0.017013588920235634,0.04149941727519035,0.07725302875041962,0.055017754435539246,0.05993928015232086,0.06305573880672455
129,4.3,,,,insightface_bbox,0.6219598054885864,0.0,626.1851806640625,705.6694946289062,2324.01513671875,0,0,1,0,0,0,0,0,0,0,0,0,0.0426463820040226,0.02877040207386017,0.32409918308258057,0.03820908069610596,0.013149837031960487,0.026469983160495758,0.017097309231758118,0.04107458144426346,0.0764855295419693,0.05432906746864319,0.061789967119693756,0.06324733793735504
130,4.333333333333333,,,,insightface_bbox,0.6219598054885864,0.0,626.1851806640625,705.6694946289062,2324.01513671875,0,0,1,0,0,0,0,0,0,0,0,0,0.04384901002049446,0.029552891850471497,0.33808666467666626,0.04002288356423378,0.0134343933314085,0.026753393933176994,0.01715008169412613,0.04174907132983208,0.07660820335149765,0.05461709946393967,0.06596700102090836,0.06583498418331146
131,4.366666666666666,,,,insightface_bbox,0.6219598054885864,0.0,626.1851806640625,705.6694946289062,2324.01513671875,0,0,1,0,0,0,0,0,0,0,0,0,0.04514200985431671,0.030091654509305954,0.3533281087875366,0.04028811305761337,0.01282295398414135,0.02556254342198372,0.01572672463953495,0.039402540773153305,0.07174312323331833,0.05143893510103226,0.0623631551861763,0.06234954297542572
132,4.4,,,,insightface_bbox,0.614440381526947,0.0,610.7320556640625,700.3306884765625,2383.638916015625,0,0,1,0,0,0,0,0,0,0,0,0,0.053059257566928864,0.03547748923301697,0.371488094329834,0.0478535071015358,0.01522144302725792,0.029061956331133842,0.019543452188372612,0.044320642948150635,0.08046743273735046,0.05923829972743988,0.09038511663675308,0.0794091522693634
133,4.433333333333334,,,,insightface_bbox,0.614440381526947,0.0,610.7320556640625,700.3306884765625,2383.638916015625,0,0,1,0,0,0,0,0,0,0,0,0,0.05210324749350548,0.03489778935909271,0.36694884300231934,0.04494119808077812,0.014756782911717892,0.028222883120179176,0.018965763971209526,0.043996866792440414,0.07750187069177628,0.05667177587747574,0.09127955138683319,0.07636238634586334
134,4.466666666666667,,,,insightface_bbox,0.614440381526947,0.0,610.7320556640625,700.3306884765625,2383.638916015625,0,0,1,0,0,0,0,0,0,0,0,0,0.0525030680000782,0.03485226258635521,0.3703957200050354,0.04490179941058159,0.01476634293794632,0.028092453256249428,0.01908428780734539,0.04375290870666504,0.07899117469787598,0.05742978677153587,0.09256210923194885,0.0771498829126358
135,4.5,,,,insightface_bbox,0.614440381526947,0.0,610.7320556640625,700.3306884765625,2383.638916015625,0,0,1,0,0,0,0,0,0,0,0,0,0.050769366323947906,0.033832792192697525,0.36078763008117676,0.04440833255648613,0.014286275953054428,0.027490844950079918,0.01785953715443611,0.04189833998680115,0.07717151194810867,0.0561630055308342,0.0870818942785263,0.07390256226062775
136,4.533333333333333,,,,insightface_bbox,0.614440381526947,0.0,610.7320556640625,700.3306884765625,2383.638916015625,0,0,1,0,0,0,0,0,0,0,0,0,0.052056677639484406,0.034681085497140884,0.3669433295726776,0.046667881309986115,0.014790362678468227,0.028509199619293213,0.01846379041671753,0.042902871966362,0.07752559334039688,0.05702687427401543,0.09305073320865631,0.07683908194303513
137,4.566666666666666,,,,insightface_bbox,0.614440381526947,0.0,610.7320556640625,700.3306884765625,2383.638916015625,0,0,1,0,0,0,0,0,0,0,0,0,0.05316181108355522,0.03509586304426193,0.37302809953689575,0.047401510179042816,0.014972172677516937,0.028492918238043785,0.018342239782214165,0.04324052482843399,0.07862833142280579,0.05776691809296608,0.09521643817424774,0.07820433378219604
138,4.6,,,,insightface_bbox,0.6443945169448853,0.0,588.010986328125,708.70703125,2447.341064453125,0,0,1,0,0,0,0,0,0,0,0,0,0.050697196274995804,0.03379182517528534,0.36818379163742065,0.04770606383681297,0.012448767200112343,0.024696791544556618,0.015807271003723145,0.037113942205905914,0.0735759437084198,0.05288200080394745,0.06343894451856613,0.06800089031457901
139,4.633333333333334,,,,insightface_bbox,0.6443945169448853,0.0,588.010986328125,708.70703125,2447.341064453125,0,0,1,0,0,0,0,0,0,0,0,0,0.04918545112013817,0.032695114612579346,0.3489789664745331,0.04397711157798767,0.01148771122097969,0.023480981588363647,0.014883439056575298,0.03485026955604553,0.07088881731033325,0.04996038228273392,0.0629989430308342,0.06445272266864777
140,4.666666666666667,,,,insightface_bbox,0.6443945169448853,0.0,588.010986328125,708.70703125,2447.341064453125,0,0,1,0,0,0,0,0,0,0,0,0,0.049469321966171265,0.03337523341178894,0.3233608305454254,0.045037973672151566,0.011137989349663258,0.02357030287384987,0.014506399631500244,0.035817909985780716,0.07080203294754028,0.050787679851055145,0.06359194964170456,0.06619802862405777
141,4.7,,,,insightface_bbox,0.6443945169448853,0.0,588.010986328125,708.70703125,2447.341064453125,0,0,1,0,0,0,0,0,0,0,0,0,0.049156058579683304,0.032937902957201004,0.3261585235595703,0.04406091570854187,0.011308492161333561,0.023772763088345528,0.0147543428465724,0.03592292219400406,0.07056225836277008,0.05082987993955612,0.06036672368645668,0.06442505866289139
142,4.733333333333333,,,,insightface_bbox,0.6443945169448853,0.0,588.010986328125,708.70703125,2447.341064453125,0,0,1,0,0,0,0,0,0,0,0,0,0.04723360389471054,0.03134152293205261,0.3358047604560852,0.04131648689508438,0.01119990088045597,0.023472994565963745,0.014795027673244476,0.0343736857175827,0.07013068348169327,0.04977043345570564,0.05757440626621246,0.06097856163978577
143,4.766666666666667,,,,insightface_bbox,0.6443945169448853,0.0,588.010986328125,708.70703125,2447.341064453125,0,0,1,0,0,0,0,0,0,0,0,0,0.04863874986767769,0.032467205077409744,0.3566502034664154,0.04288110509514809,0.012150870636105537,0.024609901010990143,0.016451139003038406,0.03627578169107437,0.07104767113924026,0.05071859061717987,0.06420165300369263,0.06383781880140305
144,4.8,,,,insightface_bbox,0.6223487854003906,0.0,611.7328491210938,722.8822631835938,2382.928955078125,0,0,1,0,0,0,0,0,0,0,0,0,0.05129854381084442,0.034269534051418304,0.3464047908782959,0.048714347183704376,0.012163488194346428,0.02767978608608246,0.017482111230492592,0.036716755479574203,0.07082999497652054,0.054526396095752716,0.06735119223594666,0.06567051261663437
145,4.833333333333333,,,,insightface_bbox,0.6223487854003906,0.0,611.7328491210938,722.8822631835938,2382.928955078125,0,0,1,0,0,0,0,0,0,0,0,0,0.052359212189912796,0.03479394316673279,0.3238171935081482,0.052043091505765915,0.012147611007094383,0.027698853984475136,0.016902055591344833,0.03841494023799896,0.07243775576353073,0.056285955011844635,0.0635092630982399,0.06561688333749771
146,4.866666666666666,,,,insightface_bbox,0.6223487854003906,0.0,611.7328491210938,722.8822631835938,2382.928955078125,0,0,1,0,0,0,0,0,0,0,0,0,0.05159221589565277,0.03401453420519829,0.3158791661262512,0.04990173131227493,0.012198241427540779,0.02782578580081463,0.017268765717744827,0.03963668271899223,0.07647831737995148,0.05849219486117363,0.06206246092915535,0.06608157604932785
147,4.9,,,,insightface_bbox,0.6223487854003906,0.0,611.7328491210938,722.8822631835938,2382.928955078125,0,0,1,0,0,0,0,0,0,0,0,0,0.04978203773498535,0.033107955008745193,0.3114115595817566,0.047904565930366516,0.012058736756443977,0.027260100468993187,0.017209939658641815,0.03870590403676033,0.0753384381532669,0.056986838579177856,0.06043299660086632,0.06444677710533142
148,4.933333333333334,,,,insightface_bbox,0.6223487854003906,0.0,611.7328491210938,722.8822631835938,2382.928955078125,0,0,1,0,0,0,0,0,0,0,0,0,0.05100541189312935,0.033957235515117645,0.332594633102417,0.04998359456658363,0.012224753387272358,0.02723105251789093,0.017273787409067154,0.037631358951330185,0.07286521047353745,0.05632789805531502,0.060968972742557526,0.06348146498203278
149,4.966666666666667,,,,insightface_bbox,0.6223487854003906,0.0,611.7328491210938,722.8822631835938,2382.928955078125,0,0,1,0,0,0,0,0,0,0,0,0,0.05192772299051285,0.035060156136751175,0.3422132134437561,0.0515635684132576,0.012570606544613838,0.027410967275500298,0.0173067357391119,0.038012437522411346,0.07079754024744034,0.05463435873389244,0.06949960440397263,0.0671011358499527
150,5.0,,,,insightface_bbox,0.6106169819831848,0.0,596.9482421875,724.9734497070312,2400.4765625,0,0,1,0,0,0,0,0,0,0,0,0,0.057214219123125076,0.0387050025165081,0.33431148529052734,0.05848477780818939,0.012479946948587894,0.02809947356581688,0.015147669240832329,0.037224046885967255,0.06461252272129059,0.051783252507448196,0.05912031605839729,0.05958546698093414
151,5.033333333333333,,,,insightface_bbox,0.6106169819831848,0.0,596.9482421875,724.9734497070312,2400.4765625,0,0,1,0,0,0,0,0,0,0,0,0,0.05659099295735359,0.038267798721790314,0.3432285487651825,0.05705364793539047,0.012760519981384277,0.028015023097395897,0.015044914558529854,0.03630663827061653,0.06464579701423645,0.05063348263502121,0.05388035625219345,0.05595530942082405
152,5.066666666666666,,,,insightface_bbox,0.6106169819831848,0.0,596.9482421875,724.9734497070312,2400.4765625,0,0,1,0,0,0,0,0,0,0,0,0,0.05866273492574692,0.038804423063993454,0.3625728189945221,0.05945175886154175,0.013076906092464924,0.02842250093817711,0.015077820047736168,0.03601320460438728,0.06570985913276672,0.05188172683119774,0.05173174664378166,0.055349864065647125
153,5.1,,,,insightface_bbox,0.6106169819831848,0.0,596.9482421875,724.9734497070312,2400.4765625,0,0,1,0,0,0,0,0,0,0,0,0,0.05701569467782974,0.03812661021947861,0.3542223572731018,0.059195294976234436,0.012666136957705021,0.028221437707543373,0.015087056905031204,0.03661525994539261,0.0671018585562706,0.05226531997323036,0.049772217869758606,0.05397912487387657
154,5.133333333333334,,,,insightface_bbox,0.6106169819831848,0.0,596.9482421875,724.9734497070312,2400.4765625,0,0,1,0,0,0,0,0,0,0,0,0,0.053862664848566055,0.03608298301696777,0.3596002161502838,0.0548858717083931,0.012282327748835087,0.02730949968099594,0.014998765662312508,0.036826442927122116,0.06854821741580963,0.05177423730492592,0.04671867564320564,0.05175284296274185
155,5.166666666666667,,,,insightface_bbox,0.6106169819831848,0.0,596.9482421875,724.9734497070312,2400.4765625,0,0,1,0,0,0,0,0,0,0,0,0,0.05256982520222664,0.03571260720491409,0.3335708677768707,0.0538824088871479,0.012220636010169983,0.027027923613786697,0.014597080647945404,0.03700172156095505,0.06802190095186234,0.051705021411180496,0.04612743481993675,0.05172703415155411
156,5.2,,,,insightface_bbox,0.6348986625671387,0.0,625.7344360351562,711.9535522460938,2391.99853515625,0,0,1,0,0,0,0,0,0,0,0,0,0.05273132026195526,0.03478756919503212,0.3943323791027069,0.04494663327932358,0.014560656622052193,0.028923820704221725,0.01937537081539631,0.040785446763038635,0.07635080069303513,0.055568017065525055,0.0983482226729393,0.07843975722789764
157,5.233333333333333,,,,insightface_bbox,0.6348986625671387,0.0,625.7344360351562,711.9535522460938,2391.99853515625,0,0,1,0,0,0,0,0,0,0,0,0,0.0527258962392807,0.03450293093919754,0.3818463981151581,0.04438692703843117,0.014181178994476795,0.027854830026626587,0.017775388434529305,0.039746902883052826,0.07385705411434174,0.05337446555495262,0.09461339563131332,0.07426610589027405
158,5.266666666666667,,,,insightface_bbox,0.6348986625671387,0.0,625.7344360351562,711.9535522460938,2391.99853515625,0,0,1,0,0,0,0,0,0,0,0,0,0.052370209246873856,0.034077174961566925,0.38614508509635925,0.042755190283060074,0.014217996969819069,0.027598224580287933,0.018115293234586716,0.03894687816500664,0.07411864399909973,0.05276770889759064,0.09141818434000015,0.072318434715271
159,5.3,,,,insightface_bbox,0.6348986625671387,0.0,625.7344360351562,711.9535522460938,2391.99853515625,0,0,1,0,0,0,0,0,0,0,0,0,0.05181104689836502,0.03377467393875122,0.37619930505752563,0.0418921634554863,0.014582762494683266,0.02851472981274128,0.019161662086844444,0.04117012396454811,0.07833019644021988,0.05625880882143974,0.09156453609466553,0.07320141047239304
160,5.333333333333333,,,,insightface_bbox,0.6348986625671387,0.0,625.7344360351562,711.9535522460938,2391.99853515625,0,0,1,0,0,0,0,0,0,0,0,0,0.049983855336904526,0.033041056245565414,0.3674136996269226,0.04156210273504257,0.0144351189956069,0.029089700430631638,0.01962960697710514,0.04350961744785309,0.08088026940822601,0.05808136984705925,0.09791773557662964,0.07527537643909454
161,5.366666666666666,,,,insightface_bbox,0.6348986625671387,0.0,625.7344360351562,711.9535522460938,2391.99853515625,0,0,1,0,0,0,0,0,0,0,0,0,0.05182143673300743,0.03456692397594452,0.36446842551231384,0.04590345174074173,0.014024807140231133,0.03039439395070076,0.019887713715434074,0.04686737060546875,0.0850941389799118,0.06178746372461319,0.10667980462312698,0.08076633512973785
162,5.4,,,,insightface_bbox,0.6170265674591064,0.0,626.199462890625,721.8541259765625,2333.902099609375,0,0,1,0,0,0,0,0,0,0,0,0,0.043902017176151276,0.02861006371676922,0.28521257638931274,0.040486376732587814,0.012063170783221722,0.02476828172802925,0.016332067549228668,0.04355695843696594,0.07641356438398361,0.05963584780693054,0.052165091037750244,0.06181613355875015
163,5.433333333333334,,,,insightface_bbox,0.6170265674591064,0.0,626.199462890625,721.8541259765625,2333.902099609375,0,0,1,0,0,0,0,0,0,0,0,0,0.04363834112882614,0.028412623330950737,0.28735390305519104,0.040080949664115906,0.012096665799617767,0.025267362594604492,0.016177523881196976,0.040249183773994446,0.07369159162044525,0.057016871869564056,0.05356272682547569,0.06063234061002731
164,5.466666666666667,,,,insightface_bbox,0.6170265674591064,0.0,626.199462890625,721.8541259765625,2333.902099609375,0,0,1,0,0,0,0,0,0,0,0,0,0.043708883225917816,0.028814932331442833,0.2926579713821411,0.04045718163251877,0.012184115126729012,0.025240682065486908,0.016960710287094116,0.039268262684345245,0.07352304458618164,0.05620446428656578,0.05396357923746109,0.06015404686331749
165,5.5,,,,insightface_bbox,0.6170265674591064,0.0,626.199462890625,721.8541259765625,2333.902099609375,0,0,1,0,0,0,0,0,0,0,0,0,0.04420017823576927,0.0292348749935627,0.30662548542022705,0.041684117168188095,0.012270455248653889,0.025453612208366394,0.01724683679640293,0.03906753659248352,0.0731307715177536,0.05667818710207939,0.05534063279628754,0.06068054214119911
166,5.533333333333333,,,,insightface_bbox,0.6170265674591064,0.0,626.199462890625,721.8541259765625,2333.902099609375,0,0,1,0,0,0,0,0,0,0,0,0,0.04627213627099991,0.029796600341796875,0.331326425075531,0.04406466707587242,0.012190294452011585,0.025877945125102997,0.016888149082660675,0.03960283473134041,0.07364894449710846,0.057760581374168396,0.06349741667509079,0.06497489660978317
167,5.566666666666666,,,,insightface_bbox,0.6170265674591064,0.0,626.199462890625,721.8541259765625,2333.902099609375,0,0,1,0,0,0,0,0,0,0,0,0,0.045822128653526306,0.029302360489964485,0.3300274610519409,0.042596008628606796,0.011787788942456245,0.02504936419427395,0.01625855267047882,0.03863346576690674,0.07332365214824677,0.05673877149820328,0.058561671525239944,0.062485240399837494
168,5.6,,,,insightface_bbox,0.600337028503418,0.0,603.8964233398438,735.9264526367188,2359.5205078125,0,0,1,0,0,0,0,0,0,0,0,0,0.05053955316543579,0.03612314537167549,0.2967723608016968,0.05815589427947998,0.012765711173415184,0.027866598218679428,0.014992592856287956,0.03779464587569237,0.06898363679647446,0.05123771354556084,0.04886099696159363,0.05307230353355408
169,5.633333333333334,,,,insightface_bbox,0.600337028503418,0.0,603.8964233398438,735.9264526367188,2359.5205078125,0,0,1,0,0,0,0,0,0,0,0,0,0.051493119448423386,0.036263301968574524,0.30691319704055786,0.05751338228583336,0.013111600652337074,0.02781067043542862,0.014592702500522137,0.037397559732198715,0.0679006278514862,0.05029521510004997,0.04815468192100525,0.05257701501250267
170,5.666666666666667,,,,insightface_bbox,0.600337028503418,0.0,603.8964233398438,735.9264526367188,2359.5205078125,0,0,1,0,0,0,0,0,0,0,0,0,0.05038011074066162,0.03544832766056061,0.28444644808769226,0.056599605828523636,0.012808269821107388,0.02701704204082489,0.01370797399431467,0.036244798451662064,0.06524544954299927,0.04880231246352196,0.044762201607227325,0.050775982439517975
171,5.7,,,,insightface_bbox,0.600337028503418,0.0,603.8964233398438,735.9264526367188,2359.5205078125,0,0,1,0,0,0,0,0,0,0,0,0,0.05324632301926613,0.037380341440439224,0.3000018298625946,0.06064674258232117,0.012897506356239319,0.027454078197479248,0.014037956483662128,0.0369240827858448,0.06549382209777832,0.04980110377073288,0.04947413131594658,0.05384229123592377
172,5.733333333333333,,,,insightface_bbox,0.600337028503418,0.0,603.8964233398438,735.9264526367188,2359.5205078125,0,0,1,0,0,0,0,0,0,0,0,0,0.052166350185871124,0.03702987730503082,0.28592485189437866,0.05954037606716156,0.012672245502471924,0.027300100773572922,0.014234913513064384,0.03680243343114853,0.06482488662004471,0.04989977926015854,0.04890716075897217,0.05424362048506737
173,5.766666666666667,,,,insightface_bbox,0.600337028503418,0.0,603.8964233398438,735.9264526367188,2359.5205078125,0,0,1,0,0,0,0,0,0,0,0,0,0.05131895840167999,0.03632625192403793,0.2897987961769104,0.05702996253967285,0.012606803327798843,0.02733943611383438,0.01422556210309267,0.03588055074214935,0.06558395177125931,0.049721769988536835,0.04893980547785759,0.05358456075191498
174,5.8,,,,insightface_bbox,0.6216638088226318,0.0,610.67919921875,730.6875610351562,2376.31884765625,0,0,1,0,0,0,0,0,0,0,0,0,0.05106380209326744,0.034380603581666946,0.30091550946235657,0.05184322968125343,0.012023160234093666,0.026903638616204262,0.015553157776594162,0.03788721188902855,0.06887112557888031,0.054712925106287,0.048935435712337494,0.055812545120716095
175,5.833333333333333,,,,insightface_bbox,0.6216638088226318,0.0,610.67919921875,730.6875610351562,2376.31884765625,0,0,1,0,0,0,0,0,0,0,0,0,0.050719115883111954,0.03420735150575638,0.30375635623931885,0.052128009498119354,0.012056310661137104,0.026812702417373657,0.01579953357577324,0.03774676099419594,0.06923416256904602,0.05472245067358017,0.04755473881959915,0.05623820796608925
176,5.866666666666666,,,,insightface_bbox,0.6216638088226318,0.0,610.67919921875,730.6875610351562,2376.31884765625,0,0,1,0,0,0,0,0,0,0,0,0,0.051052674651145935,0.034354664385318756,0.31168124079704285,0.05223339423537254,0.01193647738546133,0.027132630348205566,0.015587788075208664,0.03737453743815422,0.06768595427274704,0.054068803787231445,0.04885957017540932,0.05548520013689995
177,5.9,,,,insightface_bbox,0.6216638088226318,0.0,610.67919921875,730.6875610351562,2376.31884765625,0,0,1,0,0,0,0,0,0,0,0,0,0.05249536782503128,0.03465800732374191,0.3093888759613037,0.05284937471151352,0.011922966688871384,0.026574572548270226,0.014518666081130505,0.03655561804771423,0.06696575880050659,0.05340093374252319,0.048627063632011414,0.05488605052232742
178,5.933333333333334,,,,insightface_bbox,0.6216638088226318,0.0,610.67919921875,730.6875610351562,2376.31884765625,0,0,1,0,0,0,0,0,0,0,0,0,0.0557439811527729,0.03642822429537773,0.3163030445575714,0.05671307072043419,0.012162620201706886,0.0273288581520319,0.0145734753459692,0.03592505306005478,0.06567888706922531,0.05212638899683952,0.055271439254283905,0.05895571410655975
179,5.966666666666667,,,,insightface_bbox,0.6216638088226318,0.0,610.67919921875,730.6875610351562,2376.31884765625,0,0,1,0,0,0,0,0,0,0,0,0,0.05586327984929085,0.036998201161623,0.3120294511318207,0.05726858600974083,0.012347852811217308,0.027622563764452934,0.014445376582443714,0.036150965839624405,0.06539058685302734,0.05128582939505577,0.05753282830119133,0.05943518131971359
180,6.0,,,,insightface_bbox,0.626537024974823,0.0,627.2433471679688,719.8331909179688,2365.955078125,0,0,1,0,0,0,0,0,0,0,0,0,0.047889344394207,0.03193974122405052,0.3384605050086975,0.04506756365299225,0.01413366012275219,0.02827010676264763,0.018611999228596687,0.04301904886960983,0.0758628398180008,0.05601951479911804,0.07468570023775101,0.06924295425415039
181,6.033333333333333,,,,insightface_bbox,0.626537024974823,0.0,627.2433471679688,719.8331909179688,2365.955078125,0,0,1,0,0,0,0,0,0,0,0,0,0.04934081807732582,0.03319292515516281,0.3506019413471222,0.04702948033809662,0.01478481013327837,0.029928404837846756,0.020704537630081177,0.04609817638993263,0.07923926413059235,0.05925875902175903,0.08223038911819458,0.0730568915605545
182,6.066666666666666,,,,insightface_bbox,0.626537024974823,0.0,627.2433471679688,719.8331909179688,2365.955078125,0,0,1,0,0,0,0,0,0,0,0,0,0.047605790197849274,0.03174097090959549,0.33456411957740784,0.043504923582077026,0.014087701216340065,0.028928371146321297,0.01932232454419136,0.04573221877217293,0.08119824528694153,0.05924516171216965,0.07541423290967941,0.06743564456701279
183,6.1,,,,insightface_bbox,0.626537024974823,0.0,627.2433471679688,719.8331909179688,2365.955078125,0,0,1,0,0,0,0,0,0,0,0,0,0.04693141579627991,0.03143811225891113,0.32202374935150146,0.04342912882566452,0.013882783241569996,0.02891714498400688,0.018374718725681305,0.045588988810777664,0.08048740029335022,0.05913271754980087,0.07315299659967422,0.06629933416843414
184,6.133333333333334,,,,insightface_bbox,0.626537024974823,0.0,627.2433471679688,719.8331909179688,2365.955078125,0,0,1,0,0,0,0,0,0,0,0,0,0.04783540964126587,0.03220581263303757,0.32682251930236816,0.045551203191280365,0.014164755120873451,0.029119543731212616,0.018996231257915497,0.046005770564079285,0.08003263175487518,0.05996569246053696,0.0737597867846489,0.06778717786073685
185,6.166666666666667,,,,insightface_bbox,0.626537024974823,0.0,627.2433471679688,719.8331909179688,2365.955078125,0,0,1,0,0,0,0,0,0,0,0,0,0.04836836829781532,0.032394737005233765,0.32786256074905396,0.04576757922768593,0.014264657162129879,0.029240764677524567,0.019337620586156845,0.04672779142856598,0.08053601533174515,0.06038083881139755,0.07656878978013992,0.06924985349178314
186,6.2,,,,insightface_bbox,0.6223831176757812,0.0,609.468505859375,730.129638671875,2376.52490234375,0,0,1,0,0,0,0,0,0,0,0,0,0.04630189761519432,0.030830156058073044,0.2800304889678955,0.045477740466594696,0.012169304303824902,0.026088733226060867,0.01615206152200699,0.03947317600250244,0.07135064899921417,0.0555536150932312,0.05065954849123955,0.0591222383081913
187,6.233333333333333,,,,insightface_bbox,0.6223831176757812,0.0,609.468505859375,730.129638671875,2376.52490234375,0,0,1,0,0,0,0,0,0,0,0,0,0.047065168619155884,0.03127336874604225,0.28084394335746765,0.04628455638885498,0.012462103739380836,0.026206038892269135,0.016239091753959656,0.0402325801551342,0.07108134776353836,0.05546942725777626,0.05066071078181267,0.05984664335846901
188,6.266666666666667,,,,insightface_bbox,0.6223831176757812,0.0,609.468505859375,730.129638671875,2376.52490234375,0,0,1,0,0,0,0,0,0,0,0,0,0.04627935588359833,0.030341919511556625,0.2796170711517334,0.04449067637324333,0.012161960825324059,0.025690559297800064,0.016026373952627182,0.03950239717960358,0.07078003883361816,0.05517354607582092,0.04836537688970566,0.058088645339012146
189,6.3,,,,insightface_bbox,0.6223831176757812,0.0,609.468505859375,730.129638671875,2376.52490234375,0,0,1,0,0,0,0,0,0,0,0,0,0.045304443687200546,0.029657354578375816,0.2754316031932831,0.04316383972764015,0.01189401838928461,0.025404823943972588,0.015699777752161026,0.03953460603952408,0.0706087127327919,0.05513395741581917,0.04756075143814087,0.05764555558562279
190,6.333333333333333,,,,insightface_bbox,0.6223831176757812,0.0,609.468505859375,730.129638671875,2376.52490234375,0,0,1,0,0,0,0,0,0,0,0,0,0.04411826282739639,0.02880943939089775,0.27528542280197144,0.04087187722325325,0.01223036553710699,0.02507380023598671,0.01592041365802288,0.03934613987803459,0.07036076486110687,0.05427095293998718,0.044548094272613525,0.055529624223709106
191,6.366666666666666,,,,insightface_bbox,0.6223831176757812,0.0,609.468505859375,730.129638671875,2376.52490234375,0,0,1,0,0,0,0,0,0,0,0,0,0.04386766999959946,0.02861006371676922,0.2770940065383911,0.04046136140823364,0.012172449380159378,0.024943482130765915,0.015851475298404694,0.03917355090379715,0.07082399725914001,0.0541263110935688,0.04434220492839813,0.05574185028672218
192,6.4,,,,insightface_bbox,0.5951741337776184,0.0,570.0612182617188,738.0125732421875,2323.533203125,0,0,1,0,0,0,0,0,0,0,0,0,0.0467430055141449,0.030630607157945633,0.27355238795280457,0.04507167264819145,0.011418307200074196,0.02470477484166622,0.014015613123774529,0.0370698943734169,0.06811251491308212,0.05271066725254059,0.04025167226791382,0.051938410848379135
193,6.433333333333334,,,,insightface_bbox,0.5951741337776184,0.0,570.0612182617188,738.0125732421875,2323.533203125,0,0,1,0,0,0,0,0,0,0,0,0,0.04611566662788391,0.029782185330986977,0.27621954679489136,0.04396713897585869,0.011198164895176888,0.024578135460615158,0.013672130182385445,0.03770473599433899,0.07001470774412155,0.05355712026357651,0.03972956910729408,0.05183897539973259
194,6.466666666666667,,,,insightface_bbox,0.5951741337776184,0.0,570.0612182617188,738.0125732421875,2323.533203125,0,0,1,0,0,0,0,0,0,0,0,0,0.04679326340556145,0.03048325888812542,0.2877997159957886,0.04565928131341934,0.011179718188941479,0.024874109774827957,0.013892055489122868,0.03815937414765358,0.07018140703439713,0.054327916353940964,0.04084397479891777,0.05313640832901001
195,6.5,,,,insightface_bbox,0.5951741337776184,0.0,570.0612182617188,738.0125732421875,2323.533203125,0,0,1,0,0,0,0,0,0,0,0,0,0.04646382853388786,0.029950063675642014,0.28233808279037476,0.04412814602255821,0.011221790686249733,0.02495432458817959,0.014444194734096527,0.03881204500794411,0.07104480266571045,0.055041730403900146,0.040815915912389755,0.05281243845820427
196,6.533333333333333,,,,insightface_bbox,0.5951741337776184,0.0,570.0612182617188,738.0125732421875,2323.533203125,0,0,1,0,0,0,0,0,0,0,0,0,0.04640265554189682,0.02968987450003624,0.2874603271484375,0.043549925088882446,0.011867320165038109,0.025933662429451942,0.015113186091184616,0.04036245867609978,0.07362397015094757,0.05631661415100098,0.04378838837146759,0.05464569479227066
197,6.566666666666666,,,,insightface_bbox,0.5951741337776184,0.0,570.0612182617188,738.0125732421875,2323.533203125,0,0,1,0,0,0,0,0,0,0,0,0,0.04730549082159996,0.030078308656811714,0.28731489181518555,0.04441710561513901,0.012057284824550152,0.025958597660064697,0.015196065418422222,0.041310764849185944,0.07578126341104507,0.057667411863803864,0.043818242847919464,0.05547534301877022
198,6.6,,,,insightface_bbox,0.6147999167442322,0.0,566.9033813476562,733.2977905273438,2323.85888671875,0,0,1,0,0,0,0,0,0,0,0,0,0.04940835386514664,0.033183977007865906,0.30399903655052185,0.05236107110977173,0.011982131749391556,0.02733870968222618,0.01597980596125126,0.040972284972667694,0.0736851841211319,0.056960321962833405,0.04353409260511398,0.054001208394765854
199,6.633333333333334,,,,insightface_bbox,0.6147999167442322,0.0,566.9033813476562,733.2977905273438,2323.85888671875,0,0,1,0,0,0,0,0,0,0,0,0,0.0512240044772625,0.03471650928258896,0.3206357955932617,0.05645841360092163,0.012094778940081596,0.027420587837696075,0.015438497997820377,0.04030339792370796,0.07244561612606049,0.05582522973418236,0.045019570738077164,0.05436839163303375
200,6.666666666666667,,,,insightface_bbox,0.6147999167442322,0.0,566.9033813476562,733.2977905273438,2323.85888671875,0,0,1,0,0,0,0,0,0,0,0,0,0.05190793052315712,0.034813009202480316,0.35097983479499817,0.055356524884700775,0.012032527476549149,0.027248505502939224,0.015386419370770454,0.03846476599574089,0.06880997121334076,0.05328811705112457,0.044610705226659775,0.05203321948647499
201,6.7,,,,insightface_bbox,0.6147999167442322,0.0,566.9033813476562,733.2977905273438,2323.85888671875,0,0,1,0,0,0,0,0,0,0,0,0,0.05202239751815796,0.03453805670142174,0.3425273597240448,0.054311931133270264,0.012098093517124653,0.026947136968374252,0.01497642882168293,0.03810805454850197,0.06865549832582474,0.05385158956050873,0.0449749119579792,0.05247790738940239
202,6.733333333333333,,,,insightface_bbox,0.6147999167442322,0.0,566.9033813476562,733.2977905273438,2323.85888671875,0,0,1,0,0,0,0,0,0,0,0,0,0.051995642483234406,0.03473372757434845,0.32738327980041504,0.05527617782354355,0.011866765096783638,0.026859693229198456,0.014859557151794434,0.03812073543667793,0.06793122738599777,0.05338428169488907,0.04464690014719963,0.05298379063606262
203,6.766666666666667,,,,insightface_bbox,0.6147999167442322,0.0,566.9033813476562,733.2977905273438,2323.85888671875,0,0,1,0,0,0,0,0,0,0,0,0,0.051644884049892426,0.0345136821269989,0.3190302550792694,0.055443175137043,0.011756641790270805,0.027438953518867493,0.015322212129831314,0.039594851434230804,0.07221298664808273,0.055383335798978806,0.045687273144721985,0.05447223782539368
204,6.8,,,,insightface_bbox,0.653713047504425,0.0,598.3567504882812,730.265380859375,2423.2529296875,0,0,1,0,0,0,0,0,0,0,0,0,0.0480814203619957,0.030277904123067856,0.30340051651000977,0.0440865159034729,0.01157047227025032,0.025280576199293137,0.015882834792137146,0.039736371487379074,0.0731252059340477,0.05733238905668259,0.04324645549058914,0.05652270466089249
205,6.833333333333333,,,,insightface_bbox,0.653713047504425,0.0,598.3567504882812,730.265380859375,2423.2529296875,0,0,1,0,0,0,0,0,0,0,0,0,0.049179807305336,0.031138423830270767,0.3077447712421417,0.04689914733171463,0.011480412445962429,0.0258267093449831,0.015848875045776367,0.038668468594551086,0.07238824665546417,0.056860391050577164,0.04570502042770386,0.057394981384277344
206,6.866666666666666,,,,insightface_bbox,0.653713047504425,0.0,598.3567504882812,730.265380859375,2423.2529296875,0,0,1,0,0,0,0,0,0,0,0,0,0.050106555223464966,0.031948160380125046,0.3040841817855835,0.048992566764354706,0.011318707838654518,0.0255721528083086,0.015116449445486069,0.03746712952852249,0.07026414573192596,0.05580765753984451,0.04615025594830513,0.056639086455106735
207,6.9,,,,insightface_bbox,0.653713047504425,0.0,598.3567504882812,730.265380859375,2423.2529296875,0,0,1,0,0,0,0,0,0,0,0,0,0.046070024371147156,0.029460759833455086,0.27502718567848206,0.04137013480067253,0.010915383696556091,0.024491427466273308,0.01432510931044817,0.0367923304438591,0.0706927478313446,0.05448444187641144,0.039517663419246674,0.05086919665336609
208,6.933333333333334,,,,insightface_bbox,0.653713047504425,0.0,598.3567504882812,730.265380859375,2423.2529296875,0,0,1,0,0,0,0,0,0,0,0,0,0.04731452092528343,0.030245378613471985,0.2918432950973511,0.04272225871682167,0.011814940720796585,0.025654194876551628,0.015968767926096916,0.03993694484233856,0.07295867800712585,0.05653909593820572,0.04177373647689819,0.05331642925739288
209,6.966666666666667,,,,insightface_bbox,0.653713047504425,0.0,598.3567504882812,730.265380859375,2423.2529296875,0,0,1,0,0,0,0,0,0,0,0,0,0.04694083705544472,0.030142229050397873,0.2891063988208771,0.04264393821358681,0.011783870868384838,0.025682004168629646,0.0160910002887249,0.04022560268640518,0.07360570877790451,0.05722843483090401,0.04230629280209541,0.05403925105929375
210,7.0,,,,insightface_bbox,0.6594552397727966,0.0,617.1488037109375,704.0260620117188,2405.435302734375,0,0,1,0,0,0,0,0,0,0,0,0,0.05269751697778702,0.03526356816291809,0.31890738010406494,0.04889000579714775,0.014264920726418495,0.031048309057950974,0.019796978682279587,0.048354003578424454,0.08083927631378174,0.060849495232105255,0.09955286979675293,0.08142782747745514
211,7.033333333333333,,,,insightface_bbox,0.6594552397727966,0.0,617.1488037109375,704.0260620117188,2405.435302734375,0,0,1,0,0,0,0,0,0,0,0,0,0.05698328837752342,0.03732912614941597,0.389979749917984,0.05295405164361,0.015711631625890732,0.031942710280418396,0.021492693573236465,0.04624231159687042,0.08238761872053146,0.06218208372592926,0.10927198827266693,0.08555914461612701
212,7.066666666666666,,,,insightface_bbox,0.6594552397727966,0.0,617.1488037109375,704.0260620117188,2405.435302734375,0,0,1,0,0,0,0,0,0,0,0,0,0.05726899579167366,0.03720608353614807,0.38777485489845276,0.050946444272994995,0.015378566458821297,0.03154537081718445,0.02116759493947029,0.043998777866363525,0.07976546883583069,0.060092128813266754,0.1046631932258606,0.08594051748514175
213,7.1,,,,insightface_bbox,0.6594552397727966,0.0,617.1488037109375,704.0260620117188,2405.435302734375,0,0,1,0,0,0,0,0,0,0,0,0,0.05693858116865158,0.03667030110955238,0.4060063064098358,0.049903951585292816,0.014936290681362152,0.030653569847345352,0.02093135565519333,0.041207410395145416,0.07764188945293427,0.057708024978637695,0.10280738770961761,0.08312033116817474
214,7.133333333333334,,,,insightface_bbox,0.6594552397727966,0.0,617.1488037109375,704.0260620117188,2405.435302734375,0,0,1,0,0,0,0,0,0,0,0,0,0.055488791316747665,0.03610849753022194,0.4058520495891571,0.04965346306562424,0.014763414859771729,0.029810799285769463,0.021441631019115448,0.04022460803389549,0.07605531066656113,0.055719174444675446,0.10112868249416351,0.08264471590518951
215,7.166666666666667,,,,insightface_bbox,0.6594552397727966,0.0,617.1488037109375,704.0260620117188,2405.435302734375,0,0,1,0,0,0,0,0,0,0,0,0,0.053650952875614166,0.034682419151067734,0.415859580039978,0.04542866349220276,0.015072925947606564,0.0294635109603405,0.021320654079318047,0.038785502314567566,0.07430791109800339,0.052193671464920044,0.10130807012319565,0.07823646068572998
216,7.2,,,,insightface_bbox,0.6025599241256714,0.0,602.3978271484375,726.6564331054688,2378.77978515625,0,0,1,0,0,0,0,0,0,0,0,0,0.054230447858572006,0.03538462147116661,0.33466851711273193,0.05630858987569809,0.01234334334731102,0.02596551738679409,0.015228340402245522,0.03628120571374893,0.066917285323143,0.052032195031642914,0.041847359389066696,0.05185629427433014
217,7.233333333333333,,,,insightface_bbox,0.6025599241256714,0.0,602.3978271484375,726.6564331054688,2378.77978515625,0,0,1,0,0,0,0,0,0,0,0,0,0.0588906891644001,0.03892205283045769,0.36465945839881897,0.06552298367023468,0.013422004878520966,0.027225863188505173,0.015376702882349491,0.03731674328446388,0.06557758897542953,0.052634723484516144,0.04703458771109581,0.05628834664821625
218,7.266666666666667,,,,insightface_bbox,0.6025599241256714,0.0,602.3978271484375,726.6564331054688,2378.77978515625,0,0,1,0,0,0,0,0,0,0,0,0,0.06259174644947052,0.041412319988012314,0.36003702878952026,0.06885357946157455,0.014998060651123524,0.028931748121976852,0.01601525768637657,0.03993232175707817,0.06619378924369812,0.05494298040866852,0.05780259519815445,0.06256284564733505
219,7.3,,,,insightface_bbox,0.6025599241256714,0.0,602.3978271484375,726.6564331054688,2378.77978515625,0,0,1,0,0,0,0,0,0,0,0,0,0.06470972299575806,0.04217862710356712,0.3847115635871887,0.07141900062561035,0.01575586199760437,0.029742471873760223,0.017324328422546387,0.04072808101773262,0.0665324479341507,0.05554104223847389,0.06363382190465927,0.06596467643976212
220,7.333333333333333,,,,insightface_bbox,0.6025599241256714,0.0,602.3978271484375,726.6564331054688,2378.77978515625,0,0,1,0,0,0,0,0,0,0,0,0,0.06373392045497894,0.042130254209041595,0.3999698758125305,0.07449366897344589,0.01441934984177351,0.028590930625796318,0.016920942813158035,0.038603588938713074,0.06774727255105972,0.05402632802724838,0.051906660199165344,0.060760773718357086
221,7.366666666666666,,,,insightface_bbox,0.6025599241256714,0.0,602.3978271484375,726.6564331054688,2378.77978515625,0,0,1,0,0,0,0,0,0,0,0,0,0.05742596834897995,0.03815631940960884,0.37064728140830994,0.06550788134336472,0.013657287694513798,0.028490794822573662,0.01702008955180645,0.039799921214580536,0.07018939405679703,0.05379847437143326,0.04824395477771759,0.05699247494339943
222,7.4,,,,insightface_bbox,0.6123325824737549,0.0,618.4259643554688,719.564208984375,2349.29248046875,0,0,1,0,0,0,0,0,0,0,0,0,0.047760143876075745,0.030233826488256454,0.31904137134552,0.04369528964161873,0.013366238214075565,0.0259132981300354,0.018190205097198486,0.04454546421766281,0.077223040163517,0.06057247892022133,0.058792054653167725,0.0701272189617157
223,7.433333333333334,,,,insightface_bbox,0.6123325824737549,0.0,618.4259643554688,719.564208984375,2349.29248046875,0,0,1,0,0,0,0,0,0,0,0,0,0.04662308096885681,0.029543746262788773,0.2953583300113678,0.04259742051362991,0.012436588294804096,0.025076404213905334,0.01719057746231556,0.04260813444852829,0.07654973864555359,0.05960175395011902,0.04962243512272835,0.06558552384376526
224,7.466666666666667,,,,insightface_bbox,0.6123325824737549,0.0,618.4259643554688,719.564208984375,2349.29248046875,0,0,1,0,0,0,0,0,0,0,0,0,0.04638303816318512,0.029700079932808876,0.2890755832195282,0.04348788037896156,0.012191513553261757,0.024927014485001564,0.01708339899778366,0.04239499568939209,0.07681044191122055,0.059536416083574295,0.048078540712594986,0.06551648676395416
225,7.5,,,,insightface_bbox,0.6123325824737549,0.0,618.4259643554688,719.564208984375,2349.29248046875,0,0,1,0,0,0,0,0,0,0,0,0,0.047891195863485336,0.030610712245106697,0.30610066652297974,0.045400187373161316,0.011975949630141258,0.024928458034992218,0.01744614541530609,0.04132961854338646,0.07612770050764084,0.05984935164451599,0.04709590598940849,0.0640811175107956
226,7.533333333333333,,,,insightface_bbox,0.6123325824737549,0.0,618.4259643554688,719.564208984375,2349.29248046875,0,0,1,0,0,0,0,0,0,0,0,0,0.04832256957888603,0.03090234287083149,0.30762413144111633,0.0460042729973793,0.011921662837266922,0.02511121705174446,0.017514638602733612,0.04134392738342285,0.07621210813522339,0.059998609125614166,0.04756897687911987,0.06454817205667496
227,7.566666666666666,,,,insightface_bbox,0.6123325824737549,0.0,618.4259643554688,719.564208984375,2349.29248046875,0,0,1,0,0,0,0,0,0,0,0,0,0.047841690480709076,0.03075411543250084,0.30947351455688477,0.045981887727975845,0.012094048783183098,0.025103427469730377,0.017414463683962822,0.04116767644882202,0.07530274242162704,0.05894646421074867,0.04749496281147003,0.06416621059179306
228,7.6,,,,insightface_bbox,0.6032416820526123,0.0,612.7338256835938,725.5911865234375,2358.24658203125,0,0,1,0,0,0,0,0,0,0,0,0,0.04957340657711029,0.032159462571144104,0.27747225761413574,0.048344988375902176,0.011679829098284245,0.024686411023139954,0.014482367783784866,0.0366862528026104,0.06947023421525955,0.052484866231679916,0.040577977895736694,0.05357670038938522
229,7.633333333333334,,,,insightface_bbox,0.6032416820526123,0.0,612.7338256835938,725.5911865234375,2358.24658203125,0,0,1,0,0,0,0,0,0,0,0,0,0.048798512667417526,0.032019197940826416,0.25916674733161926,0.048373643308877945,0.011677839793264866,0.02427617460489273,0.014073552563786507,0.036262474954128265,0.0684039443731308,0.051716022193431854,0.03943668678402901,0.05298953875899315
230,7.666666666666667,,,,insightface_bbox,0.6032416820526123,0.0,612.7338256835938,725.5911865234375,2358.24658203125,0,0,1,0,0,0,0,0,0,0,0,0,0.04872879013419151,0.03215635567903519,0.24737030267715454,0.04907410219311714,0.012013819068670273,0.025003507733345032,0.014541290700435638,0.0384553000330925,0.07170893996953964,0.05463928356766701,0.04099443927407265,0.05472719669342041
231,7.7,,,,insightface_bbox,0.6032416820526123,0.0,612.7338256835938,725.5911865234375,2358.24658203125,0,0,1,0,0,0,0,0,0,0,0,0,0.04872266948223114,0.032257962971925735,0.25688087940216064,0.04919227585196495,0.012221857905387878,0.02531619928777218,0.014876210130751133,0.038657765835523605,0.07132959365844727,0.054233260452747345,0.04149888455867767,0.054997287690639496
232,7.733333333333333,,,,insightface_bbox,0.6032416820526123,0.0,612.7338256835938,725.5911865234375,2358.24658203125,0,0,1,0,0,0,0,0,0,0,0,0,0.05033230781555176,0.03357627987861633,0.2751809060573578,0.05245344713330269,0.012547681108117104,0.025972947478294373,0.015467705205082893,0.03919988125562668,0.07091964781284332,0.05488734692335129,0.04252994433045387,0.05649009719491005
233,7.766666666666667,,,,insightface_bbox,0.6032416820526123,0.0,612.7338256835938,725.5911865234375,2358.24658203125,0,0,1,0,0,0,0,0,0,0,0,0,0.050893161445856094,0.03429919853806496,0.28948697447776794,0.053422048687934875,0.012359827756881714,0.02595391869544983,0.015284759923815727,0.038771096616983414,0.0702948048710823,0.05372771620750427,0.04376480355858803,0.057707320898771286
234,7.8,,,,insightface_bbox,0.5796499848365784,0.0,538.9668579101562,729.7473754882812,2339.56591796875,0,0,1,0,0,0,0,0,0,0,0,0,0.050444360822439194,0.03399314731359482,0.2843398451805115,0.051235031336545944,0.012672132812440395,0.026113245636224747,0.016199253499507904,0.03833445534110069,0.06904084980487823,0.053208962082862854,0.042947255074977875,0.057179443538188934
235,7.833333333333333,,,,insightface_bbox,0.5796499848365784,0.0,538.9668579101562,729.7473754882812,2339.56591796875,0,0,1,0,0,0,0,0,0,0,0,0,0.051331304013729095,0.034711774438619614,0.2925119400024414,0.052807822823524475,0.01286291517317295,0.026588667184114456,0.01618494652211666,0.03881516680121422,0.07016187906265259,0.05380573123693466,0.04450714588165283,0.05839166045188904
236,7.866666666666666,,,,insightface_bbox,0.5796499848365784,0.0,538.9668579101562,729.7473754882812,2339.56591796875,0,0,1,0,0,0,0,0,0,0,0,0,0.05114296078681946,0.03441236540675163,0.2869170606136322,0.05261096730828285,0.012663486413657665,0.025830861181020737,0.015705129131674767,0.03829503804445267,0.0685623437166214,0.052868880331516266,0.04290815442800522,0.05653435364365578
237,7.9,,,,insightface_bbox,0.5796499848365784,0.0,538.9668579101562,729.7473754882812,2339.56591796875,0,0,1,0,0,0,0,0,0,0,0,0,0.051864344626665115,0.03467290848493576,0.2940067946910858,0.05345460772514343,0.012711635790765285,0.0260959230363369,0.015384409576654434,0.037914130836725235,0.06712594628334045,0.05203860253095627,0.04403762146830559,0.05617532134056091
238,7.933333333333334,,,,insightface_bbox,0.5796499848365784,0.0,538.9668579101562,729.7473754882812,2339.56591796875,0,0,1,0,0,0,0,0,0,0,0,0,0.052895523607730865,0.03456369787454605,0.2965528964996338,0.0531734973192215,0.012828473933041096,0.02617289312183857,0.015535460785031319,0.03825399652123451,0.06880198419094086,0.05277920886874199,0.04500565677881241,0.057163432240486145
239,7.966666666666667,,,,insightface_bbox,0.5796499848365784,0.0,538.9668579101562,729.7473754882812,2339.56591796875,0,0,1,0,0,0,0,0,0,0,0,0,0.05257096514105797,0.03419706970453262,0.2917129099369049,0.05296042189002037,0.012509970925748348,0.025876913219690323,0.014944678172469139,0.03826705366373062,0.06882800161838531,0.05254921317100525,0.04518292471766472,0.05738632753491402
240,8.0,,,,insightface_bbox,0.6118658781051636,0.0,619.3418579101562,725.9963989257812,2358.12451171875,0,0,1,0,0,0,0,0,0,0,0,0,0.04824395477771759,0.030177151784300804,0.2819037139415741,0.04472456872463226,0.012258040718734264,0.025315407663583755,0.01563982479274273,0.03919246047735214,0.0732964351773262,0.05638457462191582,0.04849269241094589,0.061247874051332474
241,8.033333333333333,,,,insightface_bbox,0.6118658781051636,0.0,619.3418579101562,725.9963989257812,2358.12451171875,0,0,1,0,0,0,0,0,0,0,0,0,0.05045093595981598,0.03227265179157257,0.31922274827957153,0.050073880702257156,0.012988217175006866,0.026897847652435303,0.01746550388634205,0.040088213980197906,0.07452698796987534,0.057246699929237366,0.053541477769613266,0.06610321998596191
242,8.066666666666666,,,,insightface_bbox,0.6118658781051636,0.0,619.3418579101562,725.9963989257812,2358.12451171875,0,0,1,0,0,0,0,0,0,0,0,0,0.05085575580596924,0.03283480927348137,0.32338207960128784,0.05155812203884125,0.013136953115463257,0.02745892107486725,0.017798416316509247,0.04036349058151245,0.07415785640478134,0.05609666556119919,0.05633624270558357,0.06816837191581726
243,8.1,,,,insightface_bbox,0.6118658781051636,0.0,619.3418579101562,725.9963989257812,2358.12451171875,0,0,1,0,0,0,0,0,0,0,0,0,0.04999265819787979,0.032091788947582245,0.3226624131202698,0.04987344890832901,0.013264136388897896,0.02753686159849167,0.017987094819545746,0.03949631750583649,0.07477710396051407,0.05534683167934418,0.05378573760390282,0.06574196368455887
244,8.133333333333333,,,,insightface_bbox,0.6118658781051636,0.0,619.3418579101562,725.9963989257812,2358.12451171875,0,0,1,0,0,0,0,0,0,0,0,0,0.0516703799366951,0.03368154540657997,0.3257279396057129,0.05459132045507431,0.013388421386480331,0.028259892016649246,0.018382254987955093,0.040674954652786255,0.0753774419426918,0.056579917669296265,0.05651455000042915,0.06831240653991699
245,8.166666666666666,,,,insightface_bbox,0.6118658781051636,0.0,619.3418579101562,725.9963989257812,2358.12451171875,0,0,1,0,0,0,0,0,0,0,0,0,0.055534303188323975,0.03582918643951416,0.32662010192871094,0.0593489333987236,0.013270705007016659,0.027727970853447914,0.017221663147211075,0.039742760360240936,0.07458581775426865,0.05645843595266342,0.05660945549607277,0.06863974779844284
246,8.2,,,,insightface_bbox,0.6477254033088684,0.0,591.1118774414062,716.6076049804688,2424.1552734375,0,0,1,0,0,0,0,0,0,0,0,0,0.054826293140649796,0.03514573350548744,0.300070583820343,0.0568411722779274,0.011901071295142174,0.025914760306477547,0.014942476525902748,0.03606438636779785,0.07148194313049316,0.05336109176278114,0.050681885331869125,0.06002724543213844
247,8.233333333333333,,,,insightface_bbox,0.6477254033088684,0.0,591.1118774414062,716.6076049804688,2424.1552734375,0,0,1,0,0,0,0,0,0,0,0,0,0.05665983632206917,0.03601279482245445,0.3007645606994629,0.05870424583554268,0.01186760701239109,0.026210550218820572,0.015096311457455158,0.0368800163269043,0.07262983173131943,0.05497775971889496,0.04907088354229927,0.060192883014678955
248,8.266666666666667,,,,insightface_bbox,0.6477254033088684,0.0,591.1118774414062,716.6076049804688,2424.1552734375,0,0,1,0,0,0,0,0,0,0,0,0,0.053454458713531494,0.034173399209976196,0.29290270805358887,0.05245431512594223,0.011952723376452923,0.026053933426737785,0.015529072843492031,0.03605265915393829,0.07208366692066193,0.05367720499634743,0.04506147652864456,0.055891312658786774
249,8.3,,,,insightface_bbox,0.6477254033088684,0.0,591.1118774414062,716.6076049804688,2424.1552734375,0,0,1,0,0,0,0,0,0,0,0,0,0.05289330333471298,0.034509431570768356,0.304047167301178,0.05287424102425575,0.012572108767926693,0.026333460584282875,0.015340038575232029,0.03708721324801445,0.07217784225940704,0.0536467507481575,0.04571521282196045,0.05622969940304756
250,8.333333333333334,,,,insightface_bbox,0.6477254033088684,0.0,591.1118774414062,716.6076049804688,2424.1552734375,0,0,1,0,0,0,0,0,0,0,0,0,0.05611415207386017,0.03623253107070923,0.3182336986064911,0.0562683641910553,0.013095589354634285,0.02757829800248146,0.01695052534341812,0.038367729634046555,0.07348215579986572,0.05565710365772247,0.050681523978710175,0.06025933101773262
251,8.366666666666667,,,,insightface_bbox,0.6477254033088684,0.0,591.1118774414062,716.6076049804688,2424.1552734375,0,0,1,0,0,0,0,0,0,0,0,0,0.05726268142461777,0.03622803837060928,0.3179447054862976,0.05744205415248871,0.013068580999970436,0.027979392558336258,0.01718098856508732,0.038869768381118774,0.07568047195672989,0.05773213133215904,0.05325032025575638,0.0634586289525032
252,8.4,,,,insightface_bbox,0.635643482208252,0.0,567.6699829101562,706.7977294921875,2449.701904296875,0,0,1,0,0,0,0,0,0,0,0,0,0.05691931024193764,0.03593505173921585,0.3254261016845703,0.056525371968746185,0.01294066570699215,0.02774650603532791,0.01800893247127533,0.03842485323548317,0.07664835453033447,0.05853200703859329,0.05152639374136925,0.06318097561597824
253,8.433333333333334,,,,insightface_bbox,0.635643482208252,0.0,567.6699829101562,706.7977294921875,2449.701904296875,0,0,1,0,0,0,0,0,0,0,0,0,0.05763137713074684,0.036344122141599655,0.32079488039016724,0.05777200683951378,0.01338974479585886,0.028371013700962067,0.018278708681464195,0.03968167304992676,0.07761728763580322,0.0595841184258461,0.055135566741228104,0.0657120943069458
254,8.466666666666667,,,,insightface_bbox,0.635643482208252,0.0,567.6699829101562,706.7977294921875,2449.701904296875,0,0,1,0,0,0,0,0,0,0,0,0,0.056164730340242386,0.035665132105350494,0.3110293745994568,0.05608402192592621,0.012722172774374485,0.02774151973426342,0.017635183408856392,0.03787720948457718,0.07516074925661087,0.05801614001393318,0.05380212888121605,0.0636700689792633
255,8.5,,,,insightface_bbox,0.635643482208252,0.0,567.6699829101562,706.7977294921875,2449.701904296875,0,0,1,0,0,0,0,0,0,0,0,0,0.05551309883594513,0.035230644047260284,0.29891714453697205,0.05570906400680542,0.012619294226169586,0.02746676094830036,0.017638644203543663,0.039235614240169525,0.07572316378355026,0.058947183191776276,0.050183989107608795,0.06315211951732635
256,8.533333333333333,,,,insightface_bbox,0.635643482208252,0.0,567.6699829101562,706.7977294921875,2449.701904296875,0,0,1,0,0,0,0,0,0,0,0,0,0.05533656105399132,0.03515896946191788,0.2993600368499756,0.055813733488321304,0.012602677568793297,0.02752084471285343,0.017530173063278198,0.03897316753864288,0.07607274502515793,0.05873952433466911,0.05055372044444084,0.06304828822612762
257,8.566666666666666,,,,insightface_bbox,0.635643482208252,0.0,567.6699829101562,706.7977294921875,2449.701904296875,0,0,1,0,0,0,0,0,0,0,0,0,0.05545928329229355,0.03561285883188248,0.3013416826725006,0.05702335014939308,0.012838765978813171,0.027942350134253502,0.01824989914894104,0.039744265377521515,0.07774407416582108,0.06030283495783806,0.05146607756614685,0.06487192213535309
258,8.6,,,,insightface_bbox,0.6078341603279114,0.0,612.496337890625,719.0665893554688,2375.332763671875,0,0,1,0,0,0,0,0,0,0,0,0,0.051712825894355774,0.0339188352227211,0.27945077419281006,0.05263742804527283,0.012602006085216999,0.027205701917409897,0.018115483224391937,0.039824895560741425,0.07667945325374603,0.059268344193696976,0.04859006032347679,0.0639154314994812
259,8.633333333333333,,,,insightface_bbox,0.6078341603279114,0.0,612.496337890625,719.0665893554688,2375.332763671875,0,0,1,0,0,0,0,0,0,0,0,0,0.05317255109548569,0.03439226374030113,0.27936846017837524,0.05366892367601395,0.012571904808282852,0.027269653975963593,0.018051132559776306,0.03987301513552666,0.0772688239812851,0.06001698970794678,0.05003555864095688,0.06429661065340042
260,8.666666666666666,,,,insightface_bbox,0.6078341603279114,0.0,612.496337890625,719.0665893554688,2375.332763671875,0,0,1,0,0,0,0,0,0,0,0,0,0.05066745728254318,0.03331775218248367,0.24729061126708984,0.051513541489839554,0.012382577173411846,0.026519419625401497,0.016979258507490158,0.03903753310441971,0.07521900534629822,0.058823175728321075,0.04729834198951721,0.061218686401844025
261,8.7,,,,insightface_bbox,0.6078341603279114,0.0,612.496337890625,719.0665893554688,2375.332763671875,0,0,1,0,0,0,0,0,0,0,0,0,0.05170062556862831,0.03379976749420166,0.2560325264930725,0.05275861918926239,0.012429916299879551,0.026905197650194168,0.016998233273625374,0.03935407102108002,0.0760345309972763,0.0593952015042305,0.04978740215301514,0.0622689351439476
262,8.733333333333333,,,,insightface_bbox,0.6078341603279114,0.0,612.496337890625,719.0665893554688,2375.332763671875,0,0,1,0,0,0,0,0,0,0,0,0,0.051599934697151184,0.033676616847515106,0.26724743843078613,0.05205134302377701,0.01248113438487053,0.027228545397520065,0.018243908882141113,0.03950387239456177,0.07755526155233383,0.060285162180662155,0.04868371784687042,0.06384634971618652
263,8.766666666666667,,,,insightface_bbox,0.6078341603279114,0.0,612.496337890625,719.0665893554688,2375.332763671875,0,0,1,0,0,0,0,0,0,0,0,0,0.046944279223680496,0.03043135441839695,0.23839989304542542,0.04413190484046936,0.01171152200549841,0.02526271343231201,0.01673320308327675,0.038048408925533295,0.07576749473810196,0.057056985795497894,0.04343555122613907,0.05776868760585785
264,8.8,,,,insightface_bbox,0.625217080116272,0.0,635.4491577148438,713.3239135742188,2341.35400390625,0,0,1,0,0,0,0,0,0,0,0,0,0.04720260202884674,0.030282242223620415,0.2570205628871918,0.04444073140621185,0.011607199907302856,0.024980861693620682,0.017175275832414627,0.04151947796344757,0.0796637311577797,0.06205466017127037,0.04708731546998024,0.06385867297649384
265,8.833333333333334,,,,insightface_bbox,0.625217080116272,0.0,635.4491577148438,713.3239135742188,2341.35400390625,0,0,1,0,0,0,0,0,0,0,0,0,0.04766460508108139,0.0306008942425251,0.2516845166683197,0.04491071403026581,0.011758492328226566,0.02524418942630291,0.017249107360839844,0.04153785854578018,0.07982306182384491,0.06225251406431198,0.04799621179699898,0.06460896879434586
266,8.866666666666667,,,,insightface_bbox,0.625217080116272,0.0,635.4491577148438,713.3239135742188,2341.35400390625,0,0,1,0,0,0,0,0,0,0,0,0,0.04898867756128311,0.03134043887257576,0.26481902599334717,0.04604458436369896,0.012181218713521957,0.02583771012723446,0.017957737669348717,0.04284699261188507,0.08130587637424469,0.06437231600284576,0.05061809718608856,0.06627173721790314
267,8.9,,,,insightface_bbox,0.625217080116272,0.0,635.4491577148438,713.3239135742188,2341.35400390625,0,0,1,0,0,0,0,0,0,0,0,0,0.04874030128121376,0.031042320653796196,0.26692870259284973,0.045330651104450226,0.012293858453631401,0.025875477120280266,0.018223820254206657,0.04286699369549751,0.08111578226089478,0.06405032426118851,0.049713511019945145,0.06565216183662415
268,8.933333333333334,,,,insightface_bbox,0.625217080116272,0.0,635.4491577148438,713.3239135742188,2341.35400390625,0,0,1,0,0,0,0,0,0,0,0,0,0.04907417669892311,0.03133341297507286,0.2658468782901764,0.046267591416835785,0.012131787836551666,0.025770140811800957,0.01797378435730934,0.04315195232629776,0.08090254664421082,0.0636061429977417,0.049799010157585144,0.06553393602371216
269,8.966666666666667,,,,insightface_bbox,0.625217080116272,0.0,635.4491577148438,713.3239135742188,2341.35400390625,0,0,1,0,0,0,0,0,0,0,0,0,0.04829375445842743,0.03062557242810726,0.2651549279689789,0.04442785307765007,0.012263698503375053,0.02543613128364086,0.018311632797122,0.04361844062805176,0.0815017968416214,0.06359542906284332,0.0454913005232811,0.06336680054664612
270,9.0,,,,insightface_bbox,0.5984228849411011,0.0,554.4902954101562,738.78466796875,2351.461181640625,0,0,1,0,0,0,0,0,0,0,0,0,0.04374103993177414,0.028342122212052345,0.2248435914516449,0.03990216553211212,0.011211378499865532,0.02405771240592003,0.014924222603440285,0.03931921347975731,0.07635201513767242,0.057149529457092285,0.04064170643687248,0.054905883967876434
271,9.033333333333333,,,,insightface_bbox,0.5984228849411011,0.0,554.4902954101562,738.78466796875,2351.461181640625,0,0,1,0,0,0,0,0,0,0,0,0,0.04349053278565407,0.027699902653694153,0.2057805359363556,0.038306061178445816,0.010814284905791283,0.023533370345830917,0.015170448459684849,0.038831423968076706,0.07746079564094543,0.05815986916422844,0.03764454647898674,0.05261329561471939
272,9.066666666666666,,,,insightface_bbox,0.5984228849411011,0.0,554.4902954101562,738.78466796875,2351.461181640625,0,0,1,0,0,0,0,0,0,0,0,0,0.043538086116313934,0.02764284797012806,0.21513473987579346,0.038442160934209824,0.0112183578312397,0.023955125361680984,0.01546535175293684,0.039641447365283966,0.07816392928361893,0.05796771124005318,0.03864944353699684,0.053152285516262054
273,9.1,,,,insightface_bbox,0.5984228849411011,0.0,554.4902954101562,738.78466796875,2351.461181640625,0,0,1,0,0,0,0,0,0,0,0,0,0.043355900794267654,0.027528999373316765,0.20994098484516144,0.03778057172894478,0.010905178263783455,0.023464784026145935,0.015109782107174397,0.038863494992256165,0.07744865119457245,0.05753263458609581,0.03743144869804382,0.05176360905170441
274,9.133333333333333,,,,insightface_bbox,0.5984228849411011,0.0,554.4902954101562,738.78466796875,2351.461181640625,0,0,1,0,0,0,0,0,0,0,0,0,0.043938491493463516,0.027926387265324593,0.21570073068141937,0.038460686802864075,0.01079501211643219,0.023444056510925293,0.015206543728709221,0.03907711058855057,0.07931255549192429,0.058456920087337494,0.037421707063913345,0.05242427811026573
275,9.166666666666666,,,,insightface_bbox,0.5984228849411011,0.0,554.4902954101562,738.78466796875,2351.461181640625,0,0,1,0,0,0,0,0,0,0,0,0,0.04360165819525719,0.02786817029118538,0.21483579277992249,0.03902231901884079,0.01096520945429802,0.02341807819902897,0.014961655251681805,0.03821271285414696,0.07757902890443802,0.056822095066308975,0.0375472716987133,0.05180791765451431
276,9.2,,,,insightface_bbox,0.590218186378479,0.0,626.748046875,732.1034545898438,2341.24169921875,0,0,1,0,0,0,0,0,0,0,0,0,0.045517850667238235,0.029696758836507797,0.22557364404201508,0.04338262975215912,0.010722780600190163,0.023465987294912338,0.01408333983272314,0.03529138118028641,0.07214237749576569,0.053044188767671585,0.03308412432670593,0.04665523022413254
277,9.233333333333333,,,,insightface_bbox,0.590218186378479,0.0,626.748046875,732.1034545898438,2341.24169921875,0,0,1,0,0,0,0,0,0,0,0,0,0.04751944541931152,0.03117367811501026,0.24558961391448975,0.04628574103116989,0.011249528266489506,0.024226943030953407,0.015022150240838528,0.03652635216712952,0.07303811609745026,0.05429522693157196,0.03433862328529358,0.048018068075180054
278,9.266666666666667,,,,insightface_bbox,0.590218186378479,0.0,626.748046875,732.1034545898438,2341.24169921875,0,0,1,0,0,0,0,0,0,0,0,0,0.048742927610874176,0.031564150005578995,0.25717633962631226,0.047295667231082916,0.011370612308382988,0.024485422298312187,0.015317652374505997,0.03715943172574043,0.07419103384017944,0.05565907061100006,0.035366278141736984,0.049464672803878784
279,9.3,,,,insightface_bbox,0.590218186378479,0.0,626.748046875,732.1034545898438,2341.24169921875,0,0,1,0,0,0,0,0,0,0,0,0,0.0491274893283844,0.03162678703665733,0.2679642140865326,0.04762749746441841,0.011547023430466652,0.024852357804775238,0.015549167059361935,0.03722480311989784,0.07475653290748596,0.056238528341054916,0.03670408949255943,0.050421860069036484
280,9.333333333333334,,,,insightface_bbox,0.590218186378479,0.0,626.748046875,732.1034545898438,2341.24169921875,0,0,1,0,0,0,0,0,0,0,0,0,0.050691165030002594,0.03252695873379707,0.27998656034469604,0.049316082149744034,0.011939755640923977,0.025766732171177864,0.01630164496600628,0.03843343257904053,0.0763934776186943,0.057451281696558,0.039094626903533936,0.05296964570879936
281,9.366666666666667,,,,insightface_bbox,0.590218186378479,0.0,626.748046875,732.1034545898438,2341.24169921875,0,0,1,0,0,0,0,0,0,0,0,0,0.050488002598285675,0.03290149196982384,0.27657943964004517,0.0503777340054512,0.012062379159033298,0.026076138019561768,0.01658117212355137,0.038678184151649475,0.07534106075763702,0.05710520222783089,0.038687556982040405,0.05287306755781174
282,9.4,,,,insightface_bbox,0.5934070944786072,0.0,618.398681640625,735.8849487304688,2335.016845703125,0,0,1,0,0,0,0,0,0,0,0,0,0.049619901925325394,0.0344381257891655,0.2356804758310318,0.05486873909831047,0.012041334062814713,0.026310037821531296,0.015962786972522736,0.036587782204151154,0.0724053904414177,0.05263139307498932,0.03811139240860939,0.049349669367074966
283,9.433333333333334,,,,insightface_bbox,0.5934070944786072,0.0,618.398681640625,735.8849487304688,2335.016845703125,0,0,1,0,0,0,0,0,0,0,0,0,0.04877937585115433,0.03402523323893547,0.2349877506494522,0.053945936262607574,0.012130580842494965,0.026485731825232506,0.016502711921930313,0.03743134066462517,0.0746815949678421,0.053895145654678345,0.037245653569698334,0.0492837056517601
284,9.466666666666667,,,,insightface_bbox,0.5934070944786072,0.0,618.398681640625,735.8849487304688,2335.016845703125,0,0,1,0,0,0,0,0,0,0,0,0,0.04847836121916771,0.03389919176697731,0.22998185455799103,0.053934793919324875,0.01207013987004757,0.026548469439148903,0.016469044610857964,0.03745283558964729,0.07409727573394775,0.05358920991420746,0.037123970687389374,0.048967376351356506
285,9.5,,,,insightface_bbox,0.5934070944786072,0.0,618.398681640625,735.8849487304688,2335.016845703125,0,0,1,0,0,0,0,0,0,0,0,0,0.04714972525835037,0.03323991596698761,0.2257767617702484,0.052662525326013565,0.0119039136916399,0.025863880291581154,0.01576494239270687,0.03671503812074661,0.07265037298202515,0.05265465006232262,0.034363970160484314,0.0468151718378067
286,9.533333333333333,,,,insightface_bbox,0.5934070944786072,0.0,618.398681640625,735.8849487304688,2335.016845703125,0,0,1,0,0,0,0,0,0,0,0,0,0.04691816121339798,0.033092085272073746,0.2270953506231308,0.05206294357776642,0.012112747877836227,0.026265719905495644,0.01619863137602806,0.03732640668749809,0.07307326793670654,0.052963048219680786,0.035423677414655685,0.047207530587911606
287,9.566666666666666,,,,insightface_bbox,0.5934070944786072,0.0,618.398681640625,735.8849487304688,2335.016845703125,0,0,1,0,0,0,0,0,0,0,0,0,0.047031745314598083,0.03312750160694122,0.22686941921710968,0.051802489906549454,0.012121116742491722,0.026406705379486084,0.016248783096671104,0.037052545696496964,0.07271479070186615,0.052631497383117676,0.03631880506873131,0.04746926575899124
288,9.6,,,,insightface_bbox,0.6122598052024841,0.0,632.2810668945312,726.2706909179688,2317.910400390625,0,0,1,0,0,0,0,0,0,0,0,0,0.04967430606484413,0.032802779227495193,0.2627551257610321,0.04919044300913811,0.012511559762060642,0.026976121589541435,0.01841234602034092,0.040791887789964676,0.07763969898223877,0.05849941819906235,0.039225295186042786,0.053812175989151
289,9.633333333333333,,,,insightface_bbox,0.6122598052024841,0.0,632.2810668945312,726.2706909179688,2317.910400390625,0,0,1,0,0,0,0,0,0,0,0,0,0.04847831279039383,0.03201737627387047,0.2547495663166046,0.04770820587873459,0.012274879962205887,0.026463858783245087,0.01839468628168106,0.04072343930602074,0.07812461256980896,0.05886152759194374,0.036538489162921906,0.052704330533742905
290,9.666666666666666,,,,insightface_bbox,0.6122598052024841,0.0,632.2810668945312,726.2706909179688,2317.910400390625,0,0,1,0,0,0,0,0,0,0,0,0,0.04952923208475113,0.032504115253686905,0.2664838433265686,0.04834944009780884,0.012333459220826626,0.026995819061994553,0.018651016056537628,0.04105176776647568,0.078511543571949,0.05944550782442093,0.03852587565779686,0.0540827251970768
291,9.7,,,,insightface_bbox,0.6122598052024841,0.0,632.2810668945312,726.2706909179688,2317.910400390625,0,0,1,0,0,0,0,0,0,0,0,0,0.04895801842212677,0.03220256417989731,0.26400429010391235,0.04775732755661011,0.012455982156097889,0.026862356811761856,0.01837138459086418,0.04096677899360657,0.07771500200033188,0.05890309438109398,0.03881219029426575,0.05361182242631912
292,9.733333333333333,,,,insightface_bbox,0.6122598052024841,0.0,632.2810668945312,726.2706909179688,2317.910400390625,0,0,1,0,0,0,0,0,0,0,0,0,0.04810386151075363,0.031771574169397354,0.2544763684272766,0.04687773063778877,0.01207213755697012,0.02628987841308117,0.01807469129562378,0.040726155042648315,0.07780347764492035,0.05906426161527634,0.036960117518901825,0.05301807075738907
