frame_idx,frame_time_in_ms,pitch,yaw,roll,face_alignment_method,face_detection_score,face_bbox_xmin,face_bbox_ymin,face_bbox_xmax,face_bbox_ymax,au_1,au_2,au_4,au_6,au_7,au_10,au_12,au_14,au_15,au_17,au_23,au_24,au_1_intensity,au_2_intensity,au_4_intensity,au_5_intensity,au_6_intensity,au_9_intensity,au_12_intensity,au_15_intensity,au_17_intensity,au_20_intensity,au_25_intensity,au_26_intensity
0,0.0,,,,insightface_bbox,0.5938654541969299,1202.2843017578125,1127.9541015625,2064.0,2758.037109375,1,0,1,0,0,0,0,0,0,1,0,0,0.08967852592468262,0.037721388041973114,0.8310517072677612,0.025240827351808548,0.015063929371535778,0.03077927976846695,0.009010674431920052,0.041903913021087646,0.07940464466810226,0.07500603795051575,0.026258548721671104,0.05422643572092056
1,0.03333333333333333,,,,insightface_bbox,0.5938654541969299,1202.2843017578125,1127.9541015625,2064.0,2758.037109375,1,0,1,0,0,0,0,0,0,1,0,0,0.09022244065999985,0.044891320168972015,0.6587210893630981,0.02668878436088562,0.015766851603984833,0.030330389738082886,0.008827419020235538,0.04718630760908127,0.08635305613279343,0.07089151442050934,0.01636897213757038,0.046458832919597626
2,0.06666666666666667,,,,insightface_bbox,0.5938654541969299,1202.2843017578125,1127.9541015625,2064.0,2758.037109375,1,0,1,0,0,0,0,0,0,1,0,0,0.08480127900838852,0.04977470636367798,0.4418737292289734,0.030071662738919258,0.01705079711973667,0.030282385647296906,0.00908864289522171,0.05592906475067139,0.09340166300535202,0.07738378643989563,0.014688517898321152,0.044279467314481735
3,0.1,,,,insightface_bbox,0.5938654541969299,1202.2843017578125,1127.9541015625,2064.0,2758.037109375,1,0,1,0,0,0,0,0,0,1,0,1,0.0839969664812088,0.05085287243127823,0.4403535723686218,0.03009156882762909,0.016444971784949303,0.02963874861598015,0.00936339795589447,0.05842263251543045,0.09762503951787949,0.08160331845283508,0.013261297717690468,0.0435718297958374
4,0.13333333333333333,,,,insightface_bbox,0.5938654541969299,1202.2843017578125,1127.9541015625,2064.0,2758.037109375,1,0,1,0,0,0,0,0,0,1,0,1,0.0827256441116333,0.05189739912748337,0.41189855337142944,0.030741263180971146,0.016583986580371857,0.03008311241865158,0.009688165970146656,0.0608542338013649,0.10379635542631149,0.0874418318271637,0.013749371282756329,0.044450096786022186
5,0.16666666666666666,,,,insightface_bbox,0.5938654541969299,1202.2843017578125,1127.9541015625,2064.0,2758.037109375,1,0,1,0,0,0,0,0,0,1,0,1,0.08231505006551743,0.05136307701468468,0.3924027681350708,0.030877046287059784,0.016560139134526253,0.029432326555252075,0.00982288271188736,0.061064813286066055,0.102035291492939,0.08476988971233368,0.012931627221405506,0.042825449258089066
6,0.2,,,,insightface_bbox,0.6372019052505493,1208.6865234375,1136.2799072265625,2064.0,2753.63818359375,0,0,1,0,0,0,0,0,0,1,0,0,0.07719622552394867,0.04498826339840889,0.3552273213863373,0.031106846407055855,0.01729634404182434,0.02846616879105568,0.010233333334326744,0.06022731214761734,0.09529351443052292,0.07632528245449066,0.013155285269021988,0.042720504105091095
7,0.23333333333333334,,,,insightface_bbox,0.6372019052505493,1208.6865234375,1136.2799072265625,2064.0,2753.63818359375,0,0,1,0,0,0,0,0,0,1,0,0,0.07479137182235718,0.045054979622364044,0.360212504863739,0.030545242130756378,0.017110178247094154,0.028157707303762436,0.00957795511931181,0.05726005882024765,0.09074439108371735,0.07490403950214386,0.013806292787194252,0.04334741830825806
8,0.26666666666666666,,,,insightface_bbox,0.6372019052505493,1208.6865234375,1136.2799072265625,2064.0,2753.63818359375,0,0,1,0,0,0,0,0,0,1,0,0,0.07689490914344788,0.046066999435424805,0.3596624732017517,0.03126552700996399,0.017300255596637726,0.02863878197968006,0.009812835603952408,0.059133611619472504,0.09253992140293121,0.07506288588047028,0.014293723739683628,0.044182635843753815
9,0.3,,,,insightface_bbox,0.6372019052505493,1208.6865234375,1136.2799072265625,2064.0,2753.63818359375,0,0,1,0,0,0,0,0,0,1,0,0,0.07613001763820648,0.04625314846634865,0.34756627678871155,0.030564256012439728,0.016726523637771606,0.027960695326328278,0.009342782199382782,0.05717957764863968,0.09052767604589462,0.07415089756250381,0.014309757389128208,0.04398270696401596
10,0.3333333333333333,,,,insightface_bbox,0.6372019052505493,1208.6865234375,1136.2799072265625,2064.0,2753.63818359375,0,0,1,0,0,0,0,0,0,1,0,0,0.07845021039247513,0.04726643115282059,0.3468747138977051,0.030876154080033302,0.017258618026971817,0.028367355465888977,0.009359592571854591,0.05753065645694733,0.09151482582092285,0.07463794201612473,0.014846472069621086,0.04492208734154701
11,0.36666666666666664,,,,insightface_bbox,0.6372019052505493,1208.6865234375,1136.2799072265625,2064.0,2753.63818359375,1,0,1,0,0,0,0,0,0,1,0,0,0.0806049332022667,0.048060402274131775,0.3515584468841553,0.03101000376045704,0.01725144498050213,0.02890980988740921,0.009378966875374317,0.05870518088340759,0.0924878939986229,0.07555834203958511,0.014979546889662743,0.04533422738313675
12,0.4,,,,insightface_bbox,0.6402854919433594,1210.86181640625,1078.2867431640625,2064.0,2740.70458984375,1,0,1,0,0,0,0,0,0,1,0,0,0.07105723023414612,0.044972918927669525,0.39029714465141296,0.028141770511865616,0.017324572429060936,0.027604756876826286,0.008922840468585491,0.04335698485374451,0.06760557740926743,0.0581444650888443,0.015303409658372402,0.04891655966639519
13,0.43333333333333335,,,,insightface_bbox,0.6402854919433594,1210.86181640625,1078.2867431640625,2064.0,2740.70458984375,1,0,1,0,0,0,0,0,0,1,0,0,0.07139285653829575,0.04433847591280937,0.3910507559776306,0.02806859463453293,0.01677682250738144,0.02708045020699501,0.00903563667088747,0.04443828761577606,0.07003360986709595,0.0590447299182415,0.01474533136934042,0.04835059866309166
14,0.4666666666666667,,,,insightface_bbox,0.6402854919433594,1210.86181640625,1078.2867431640625,2064.0,2740.70458984375,1,0,1,0,0,0,0,0,0,1,0,0,0.07103060930967331,0.04378768801689148,0.3853480815887451,0.02822086215019226,0.016785722225904465,0.02711116336286068,0.00919393915683031,0.045217737555503845,0.0713254064321518,0.06003391742706299,0.014616206288337708,0.04826277494430542
15,0.5,,,,insightface_bbox,0.6402854919433594,1210.86181640625,1078.2867431640625,2064.0,2740.70458984375,1,0,1,0,0,0,0,0,0,1,0,0,0.0712742954492569,0.04387341067194939,0.3858993947505951,0.028171660378575325,0.016740404069423676,0.027118196710944176,0.009030846878886223,0.04490205645561218,0.0712340697646141,0.06039642170071602,0.014741860330104828,0.04851096123456955
16,0.5333333333333333,,,,insightface_bbox,0.6402854919433594,1210.86181640625,1078.2867431640625,2064.0,2740.70458984375,1,0,1,0,0,0,0,0,0,1,0,0,0.07061465829610825,0.043845925480127335,0.38080722093582153,0.027802057564258575,0.016748057678341866,0.026653844863176346,0.008867636322975159,0.04338148608803749,0.06838908791542053,0.05888640880584717,0.014959890395402908,0.04854387044906616
17,0.5666666666666667,,,,insightface_bbox,0.6402854919433594,1210.86181640625,1078.2867431640625,2064.0,2740.70458984375,0,0,1,0,0,0,0,0,0,1,0,0,0.07046999782323837,0.0436849445104599,0.3696865141391754,0.02775866538286209,0.016905855387449265,0.02628384344279766,0.008898130618035793,0.04261966049671173,0.06619158387184143,0.05703732743859291,0.015250662341713905,0.04836055636405945
18,0.6,,,,insightface_bbox,0.6470776796340942,1217.22607421875,1137.9346923828125,2064.0,2740.825439453125,0,0,1,0,0,0,0,0,0,1,0,0,0.0759376510977745,0.04556943103671074,0.3794647455215454,0.02936764620244503,0.0176383163779974,0.026632247492671013,0.00985865667462349,0.046912286430597305,0.0749768391251564,0.06126316264271736,0.013742377050220966,0.046865157783031464
19,0.6333333333333333,,,,insightface_bbox,0.6470776796340942,1217.22607421875,1137.9346923828125,2064.0,2740.825439453125,1,0,1,0,0,0,0,0,0,1,0,0,0.0770881175994873,0.045257821679115295,0.3815345764160156,0.02902423031628132,0.017511233687400818,0.02730584889650345,0.009855743497610092,0.048621274530887604,0.07770328968763351,0.06313131749629974,0.01346939243376255,0.04599399492144585
20,0.6666666666666666,,,,insightface_bbox,0.6470776796340942,1217.22607421875,1137.9346923828125,2064.0,2740.825439453125,0,0,1,0,0,0,0,0,0,1,0,0,0.07510622590780258,0.044219549745321274,0.3568810820579529,0.029020419344305992,0.017165442928671837,0.027167612686753273,0.009548407047986984,0.04945717751979828,0.07847978919744492,0.06601405143737793,0.013657872565090656,0.045980069786310196
21,0.7,,,,insightface_bbox,0.6470776796340942,1217.22607421875,1137.9346923828125,2064.0,2740.825439453125,0,0,1,0,0,0,0,0,0,1,0,0,0.07991251349449158,0.04651906341314316,0.3652340769767761,0.03032958321273327,0.017694776877760887,0.02876189351081848,0.00998254306614399,0.050086550414562225,0.07933279871940613,0.06808234006166458,0.015174704603850842,0.04763208329677582
22,0.7333333333333333,,,,insightface_bbox,0.6470776796340942,1217.22607421875,1137.9346923828125,2064.0,2740.825439453125,1,0,1,0,0,0,0,0,0,1,0,0,0.08132341504096985,0.04761773347854614,0.36205020546913147,0.030849140137434006,0.01749170571565628,0.029154714196920395,0.010031988844275475,0.05140304192900658,0.08130236715078354,0.07144931703805923,0.01564639061689377,0.0485185943543911
23,0.7666666666666667,,,,insightface_bbox,0.6470776796340942,1217.22607421875,1137.9346923828125,2064.0,2740.825439453125,1,0,1,0,0,0,0,0,0,1,0,0,0.08334778994321823,0.047765787690877914,0.3635961413383484,0.03136608004570007,0.017852673307061195,0.0297224298119545,0.01025431789457798,0.053609009832143784,0.08540288358926773,0.07439642399549484,0.015495368279516697,0.04818093404173851
24,0.8,,,,insightface_bbox,0.6506581902503967,1209.1148681640625,1123.8968505859375,2064.0,2763.29052734375,1,0,1,0,0,0,0,0,0,1,0,0,0.09030899405479431,0.053459908813238144,0.3223921060562134,0.03392065316438675,0.017113089561462402,0.03206276521086693,0.01076490432024002,0.06037642061710358,0.10417363792657852,0.1031942069530487,0.01859312318265438,0.05098392069339752
25,0.8333333333333334,,,,insightface_bbox,0.6506581902503967,1209.1148681640625,1123.8968505859375,2064.0,2763.29052734375,1,0,1,0,0,0,0,0,0,1,0,0,0.08975288271903992,0.05212687700986862,0.31775403022766113,0.03220376744866371,0.016292816027998924,0.030762746930122375,0.010322177782654762,0.05752800032496452,0.1011677011847496,0.09978663176298141,0.017163516953587532,0.04911230504512787
26,0.8666666666666667,,,,insightface_bbox,0.6506581902503967,1209.1148681640625,1123.8968505859375,2064.0,2763.29052734375,1,0,1,0,0,0,0,0,0,1,0,0,0.08718843758106232,0.05113557353615761,0.32027900218963623,0.031706083565950394,0.016204843297600746,0.029891246929764748,0.010133381932973862,0.0560397207736969,0.09911492466926575,0.09381499141454697,0.015446352772414684,0.047933533787727356
27,0.9,,,,insightface_bbox,0.6506581902503967,1209.1148681640625,1123.8968505859375,2064.0,2763.29052734375,1,0,1,0,0,0,0,0,0,1,0,0,0.0899246484041214,0.05281133949756622,0.3355153799057007,0.032385654747486115,0.01676766388118267,0.030467890202999115,0.010524644516408443,0.055210843682289124,0.09853369742631912,0.0909009575843811,0.015561234205961227,0.04816896468400955
28,0.9333333333333333,,,,insightface_bbox,0.6506581902503967,1209.1148681640625,1123.8968505859375,2064.0,2763.29052734375,1,0,1,0,0,0,0,0,0,1,0,0,0.09104792028665543,0.05317655950784683,0.34437185525894165,0.03315501660108566,0.017238536849617958,0.03111082874238491,0.010557607747614384,0.05614330992102623,0.09927645325660706,0.09022235870361328,0.015963537618517876,0.04933851957321167
29,0.9666666666666667,,,,insightface_bbox,0.6506581902503967,1209.1148681640625,1123.8968505859375,2064.0,2763.29052734375,1,0,1,0,0,0,0,0,0,1,0,0,0.08794326335191727,0.05053578317165375,0.31534942984580994,0.032060302793979645,0.016834262758493423,0.030900217592716217,0.010077761486172676,0.05525863915681839,0.09733524173498154,0.09133997559547424,0.016546480357646942,0.04909936338663101
30,1.0,,,,insightface_bbox,0.6439968347549438,1214.7685546875,1036.9990234375,2064.0,2771.139404296875,1,0,1,0,0,0,0,0,0,1,0,0,0.0804196447134018,0.045881375670433044,0.4411190450191498,0.03123849257826805,0.016411926597356796,0.028852587565779686,0.010032952763140202,0.04998844861984253,0.07970575988292694,0.07069654017686844,0.01536339707672596,0.050192445516586304
31,1.0333333333333334,,,,insightface_bbox,0.6439968347549438,1214.7685546875,1036.9990234375,2064.0,2771.139404296875,0,0,1,0,0,0,0,0,0,1,0,0,0.07925257831811905,0.04532240703701973,0.4281519651412964,0.03256567195057869,0.01683151163160801,0.02973911538720131,0.010283133015036583,0.0521983876824379,0.08033134043216705,0.07366165518760681,0.01690630428493023,0.05192946642637253
32,1.0666666666666667,,,,insightface_bbox,0.6439968347549438,1214.7685546875,1036.9990234375,2064.0,2771.139404296875,0,0,1,0,0,0,0,0,0,1,0,0,0.07957249879837036,0.04499306529760361,0.42510443925857544,0.03179081901907921,0.016838477924466133,0.029901083558797836,0.010353950783610344,0.05181344226002693,0.08224987238645554,0.07490014284849167,0.016266770660877228,0.05220182612538338
33,1.1,,,,insightface_bbox,0.6439968347549438,1214.7685546875,1036.9990234375,2064.0,2771.139404296875,0,0,1,0,0,0,0,0,0,1,0,0,0.07873993366956711,0.044481825083494186,0.4246227443218231,0.0312662273645401,0.016669951379299164,0.029863182455301285,0.010143383406102657,0.05117122828960419,0.08185882866382599,0.0730159804224968,0.016167093068361282,0.051847703754901886
34,1.1333333333333333,,,,insightface_bbox,0.6439968347549438,1214.7685546875,1036.9990234375,2064.0,2771.139404296875,0,0,1,0,0,0,0,0,0,1,0,0,0.07881039381027222,0.04487044736742973,0.42192500829696655,0.03115018457174301,0.016625583171844482,0.030031882226467133,0.010197651572525501,0.05088314786553383,0.08190733194351196,0.07377856969833374,0.016246696934103966,0.05275202542543411
35,1.1666666666666667,,,,insightface_bbox,0.6439968347549438,1214.7685546875,1036.9990234375,2064.0,2771.139404296875,0,0,1,0,0,0,0,0,0,1,0,0,0.07935197651386261,0.044094812124967575,0.42562398314476013,0.03145000338554382,0.016458647325634956,0.03053414449095726,0.010316848754882812,0.05124678462743759,0.08491051197052002,0.07672242820262909,0.016320902854204178,0.053503379225730896
36,1.2,,,,insightface_bbox,0.6226441860198975,1231.71484375,1096.03271484375,2064.0,2791.313232421875,0,0,1,0,0,0,0,0,0,1,0,0,0.07395009696483612,0.044900212436914444,0.48144882917404175,0.0334642231464386,0.016934271901845932,0.031076688319444656,0.011515798978507519,0.052466098219156265,0.08995931595563889,0.08460625261068344,0.01660144329071045,0.05989580601453781
37,1.2333333333333334,,,,insightface_bbox,0.6226441860198975,1231.71484375,1096.03271484375,2064.0,2791.313232421875,0,0,1,0,0,0,0,0,0,1,0,1,0.07292196899652481,0.04050344601273537,0.4620653986930847,0.031310781836509705,0.01574980467557907,0.029274839907884598,0.010152610018849373,0.04727330431342125,0.09489260613918304,0.08027978986501694,0.014669918455183506,0.05514800176024437
38,1.2666666666666666,,,,insightface_bbox,0.6226441860198975,1231.71484375,1096.03271484375,2064.0,2791.313232421875,0,0,1,0,0,0,0,0,0,1,0,1,0.07310067117214203,0.04053705930709839,0.46225547790527344,0.031682100147008896,0.016448291018605232,0.02956274151802063,0.010240649804472923,0.048407718539237976,0.09564653038978577,0.08034366369247437,0.014808489009737968,0.05598681420087814
39,1.3,,,,insightface_bbox,0.6226441860198975,1231.71484375,1096.03271484375,2064.0,2791.313232421875,0,0,1,0,0,0,0,0,0,1,0,1,0.07650730013847351,0.04387121647596359,0.4608539044857025,0.032027192413806915,0.016893640160560608,0.029671499505639076,0.01035506371408701,0.04933778941631317,0.09429322183132172,0.07889436185359955,0.013867383822798729,0.05588451400399208
40,1.3333333333333333,,,,insightface_bbox,0.6226441860198975,1231.71484375,1096.03271484375,2064.0,2791.313232421875,0,0,1,0,0,0,0,0,0,1,0,1,0.07549109309911728,0.0429130382835865,0.45598500967025757,0.030921781435608864,0.016836054623126984,0.029167957603931427,0.009893831796944141,0.04885483905673027,0.09376990795135498,0.07935096323490143,0.012627171352505684,0.05412524193525314
41,1.3666666666666667,,,,insightface_bbox,0.6226441860198975,1231.71484375,1096.03271484375,2064.0,2791.313232421875,0,0,1,0,0,0,0,0,0,1,0,1,0.07479305565357208,0.04262050241231918,0.4581449031829834,0.03050651215016842,0.016819285228848457,0.02931511215865612,0.009835071861743927,0.048782095313072205,0.09177375584840775,0.07852443307638168,0.01286604069173336,0.05370815098285675
42,1.4,,,,insightface_bbox,0.6740926504135132,1213.286376953125,1097.2908935546875,2064.0,2709.205322265625,0,0,1,0,0,0,0,0,0,1,0,1,0.07786672562360764,0.04112083837389946,0.39208146929740906,0.032613132148981094,0.015677234157919884,0.028587527573108673,0.011239679530262947,0.05344455689191818,0.09437203407287598,0.08042535185813904,0.011893736198544502,0.050746943801641464
43,1.4333333333333333,,,,insightface_bbox,0.6740926504135132,1213.286376953125,1097.2908935546875,2064.0,2709.205322265625,0,0,1,0,0,0,0,0,0,1,0,1,0.07697774469852448,0.04130847752094269,0.3785419464111328,0.0327865332365036,0.0158974789083004,0.028855817392468452,0.011863859370350838,0.05461088940501213,0.09618832170963287,0.08598893880844116,0.012019489891827106,0.050516434013843536
44,1.4666666666666666,,,,insightface_bbox,0.6740926504135132,1213.286376953125,1097.2908935546875,2064.0,2709.205322265625,0,0,1,0,0,0,0,0,0,1,0,1,0.0810292661190033,0.04183802008628845,0.3779655396938324,0.0330035462975502,0.01611892506480217,0.029387323185801506,0.01214686594903469,0.05515603721141815,0.10024046897888184,0.08532655239105225,0.011975635774433613,0.05047079548239708
45,1.5,,,,insightface_bbox,0.6740926504135132,1213.286376953125,1097.2908935546875,2064.0,2709.205322265625,0,0,1,0,0,0,0,0,0,1,0,0,0.08686094731092453,0.04338860139250755,0.4014691412448883,0.0348733589053154,0.017121484503149986,0.03182949498295784,0.013087950646877289,0.05702751874923706,0.10087135434150696,0.08978483080863953,0.01500422228127718,0.05463281646370888
46,1.5333333333333334,,,,insightface_bbox,0.6740926504135132,1213.286376953125,1097.2908935546875,2064.0,2709.205322265625,0,0,1,0,0,0,0,0,0,1,0,0,0.08548878878355026,0.043799981474876404,0.42551231384277344,0.036784928292036057,0.017437772825360298,0.03249086067080498,0.013172732666134834,0.05752314627170563,0.0966789573431015,0.08935421705245972,0.01723490096628666,0.05758529528975487
47,1.5666666666666667,,,,insightface_bbox,0.6740926504135132,1213.286376953125,1097.2908935546875,2064.0,2709.205322265625,0,0,1,0,0,0,0,0,0,1,0,0,0.07993520051240921,0.04382949322462082,0.41151583194732666,0.03405097499489784,0.016816072165966034,0.03003532811999321,0.011534024029970169,0.05363824963569641,0.08933410048484802,0.08361297845840454,0.014583144336938858,0.053118746727705
48,1.6,,,,insightface_bbox,0.6288208961486816,1226.281494140625,1113.8946533203125,2064.0,2778.6533203125,0,0,1,0,0,0,0,0,0,1,0,0,0.07858022302389145,0.04666455090045929,0.45287373661994934,0.0351884625852108,0.01813974417746067,0.03100832737982273,0.0120921041816473,0.05674535036087036,0.09458056092262268,0.08900656551122665,0.01625361666083336,0.06057867407798767
49,1.6333333333333333,,,,insightface_bbox,0.6288208961486816,1226.281494140625,1113.8946533203125,2064.0,2778.6533203125,0,0,1,0,0,0,0,0,0,1,0,0,0.07656782120466232,0.04486598074436188,0.43224141001701355,0.03369544446468353,0.0174268651753664,0.029761001467704773,0.011331725865602493,0.05384534224867821,0.09370693564414978,0.08218972384929657,0.0153496153652668,0.05879189446568489
50,1.6666666666666667,,,,insightface_bbox,0.6288208961486816,1226.281494140625,1113.8946533203125,2064.0,2778.6533203125,0,0,1,0,0,0,0,0,0,1,0,1,0.08412015438079834,0.04785538092255592,0.4635922610759735,0.035935819149017334,0.018384426832199097,0.03237583488225937,0.012150725349783897,0.05551883578300476,0.09814530611038208,0.08612246066331863,0.016850925981998444,0.06397460401058197
51,1.7,,,,insightface_bbox,0.6288208961486816,1226.281494140625,1113.8946533203125,2064.0,2778.6533203125,0,0,1,0,0,0,0,0,0,1,0,1,0.07691704481840134,0.04317043349146843,0.4042919874191284,0.03378099203109741,0.017246369272470474,0.030299266800284386,0.011736726388335228,0.055062636733055115,0.09411812573671341,0.08736803382635117,0.014501391910016537,0.058422185480594635
52,1.7333333333333334,,,,insightface_bbox,0.6288208961486816,1226.281494140625,1113.8946533203125,2064.0,2778.6533203125,0,0,1,0,0,0,0,0,0,1,0,1,0.07487139850854874,0.040805570781230927,0.37971019744873047,0.03191404044628143,0.016283277422189713,0.028630496934056282,0.011168251745402813,0.05516231060028076,0.09492073208093643,0.09016141295433044,0.012198873795568943,0.05287256836891174
53,1.7666666666666666,,,,insightface_bbox,0.6288208961486816,1226.281494140625,1113.8946533203125,2064.0,2778.6533203125,0,0,1,0,0,0,0,0,0,1,0,1,0.07577546685934067,0.04145801067352295,0.38415420055389404,0.03205336257815361,0.016169138252735138,0.02832138165831566,0.01071999967098236,0.054854169487953186,0.09447605162858963,0.08668765425682068,0.011504256166517735,0.050065942108631134
54,1.8,,,,insightface_bbox,0.6872059106826782,1201.6119384765625,1081.7928466796875,2064.0,2708.589599609375,0,0,1,0,0,0,0,0,0,1,0,0,0.08378764986991882,0.04697795212268829,0.33377498388290405,0.033283036202192307,0.01638687588274479,0.031084196642041206,0.011838484555482864,0.0559912845492363,0.09591586887836456,0.08715479075908661,0.01666867733001709,0.05528600886464119
55,1.8333333333333333,,,,insightface_bbox,0.6872059106826782,1201.6119384765625,1081.7928466796875,2064.0,2708.589599609375,0,0,1,0,0,0,0,0,0,1,0,0,0.08879321813583374,0.048976488411426544,0.340848833322525,0.03479507565498352,0.016924230381846428,0.03207443654537201,0.012553316541016102,0.056509990245103836,0.09705956280231476,0.08863411843776703,0.01705181784927845,0.05611012876033783
56,1.8666666666666667,,,,insightface_bbox,0.6872059106826782,1201.6119384765625,1081.7928466796875,2064.0,2708.589599609375,0,0,1,0,0,0,0,0,0,1,0,0,0.09258043766021729,0.05079669505357742,0.35873737931251526,0.03648809343576431,0.01749577932059765,0.03245055675506592,0.01348486915230751,0.05727177485823631,0.09931917488574982,0.08975111693143845,0.017173422500491142,0.057786088436841965
57,1.9,,,,insightface_bbox,0.6872059106826782,1201.6119384765625,1081.7928466796875,2064.0,2708.589599609375,0,0,1,0,0,0,0,0,0,1,0,0,0.0906268060207367,0.04908469319343567,0.3446330428123474,0.03617618605494499,0.017268389463424683,0.03150947391986847,0.013387981802225113,0.056462567299604416,0.09963884204626083,0.08864399790763855,0.01629718393087387,0.056183718144893646
58,1.9333333333333333,,,,insightface_bbox,0.6872059106826782,1201.6119384765625,1081.7928466796875,2064.0,2708.589599609375,0,0,1,0,0,0,0,0,0,1,0,0,0.0901443138718605,0.049198709428310394,0.3468584418296814,0.03614569455385208,0.017063245177268982,0.031336709856987,0.01343073882162571,0.05567304044961929,0.09914207458496094,0.08747722953557968,0.01634061709046364,0.05573512986302376
59,1.9666666666666666,,,,insightface_bbox,0.6872059106826782,1201.6119384765625,1081.7928466796875,2064.0,2708.589599609375,0,0,1,0,0,0,0,0,0,1,0,0,0.08871731162071228,0.04898546263575554,0.3321087658405304,0.03595191612839699,0.01708647608757019,0.03137633576989174,0.013428925536572933,0.05628534406423569,0.09948078542947769,0.08839518576860428,0.016396425664424896,0.05522378161549568
60,2.0,,,,insightface_bbox,0.6524060368537903,1206.099609375,1058.7530517578125,2064.0,2725.398193359375,0,0,1,0,0,0,0,0,0,1,0,0,0.0925365537405014,0.051696233451366425,0.33679378032684326,0.03680770844221115,0.01705680787563324,0.03268120810389519,0.01340904738754034,0.05644308030605316,0.09766272455453873,0.0926285833120346,0.019214628264307976,0.05948387086391449
61,2.033333333333333,,,,insightface_bbox,0.6524060368537903,1206.099609375,1058.7530517578125,2064.0,2725.398193359375,0,0,1,0,0,0,0,0,0,1,0,0,0.08618545532226562,0.0490352138876915,0.3447133004665375,0.03536125645041466,0.016576610505580902,0.031199272722005844,0.012625405564904213,0.05746588110923767,0.09919895231723785,0.09647803008556366,0.017933614552021027,0.0578128956258297
62,2.066666666666667,,,,insightface_bbox,0.6524060368537903,1206.099609375,1058.7530517578125,2064.0,2725.398193359375,0,0,1,0,0,0,0,0,0,1,0,0,0.08652091026306152,0.049863629043102264,0.3510543704032898,0.035410985350608826,0.01632370986044407,0.03109161928296089,0.012759924866259098,0.05690930038690567,0.09967400133609772,0.09314324706792831,0.01791938953101635,0.0577625073492527
63,2.1,,,,insightface_bbox,0.6524060368537903,1206.099609375,1058.7530517578125,2064.0,2725.398193359375,0,0,1,0,0,0,0,0,0,1,0,0,0.08351267129182816,0.04822363704442978,0.3375941216945648,0.034596629440784454,0.01587478071451187,0.030750835314393044,0.012277543544769287,0.05585300922393799,0.09808696061372757,0.09126967936754227,0.01873829960823059,0.05754150077700615
64,2.1333333333333333,,,,insightface_bbox,0.6524060368537903,1206.099609375,1058.7530517578125,2064.0,2725.398193359375,0,0,1,0,0,0,0,0,0,1,0,0,0.0820041298866272,0.046735409647226334,0.3285106420516968,0.03389152139425278,0.015916887670755386,0.031034069135785103,0.011591363698244095,0.054832059890031815,0.09644199162721634,0.08956184983253479,0.019570641219615936,0.0576164610683918
65,2.1666666666666665,,,,insightface_bbox,0.6524060368537903,1206.099609375,1058.7530517578125,2064.0,2725.398193359375,0,0,1,0,0,0,0,0,0,1,0,0,0.08047063648700714,0.046011511236429214,0.3233603835105896,0.03323904797434807,0.015604048036038876,0.030564386397600174,0.011018998920917511,0.054332297295331955,0.09596846252679825,0.08963935077190399,0.018848787993192673,0.0566975362598896
66,2.2,,,,insightface_bbox,0.6567586064338684,1206.421142578125,1062.660400390625,2064.0,2737.418212890625,0,0,1,0,0,0,0,0,0,1,0,0,0.07997848838567734,0.04462204873561859,0.31572484970092773,0.03200240805745125,0.014911990612745285,0.028993096202611923,0.011520999483764172,0.05309008061885834,0.09865006804466248,0.09066858887672424,0.016382763162255287,0.054529279470443726
67,2.2333333333333334,,,,insightface_bbox,0.6567586064338684,1206.421142578125,1062.660400390625,2064.0,2737.418212890625,0,0,1,0,0,0,0,0,0,1,0,0,0.08140097558498383,0.04605087637901306,0.32802581787109375,0.033403508365154266,0.01551083754748106,0.030173445120453835,0.012326790951192379,0.05453208461403847,0.09793213754892349,0.0906745046377182,0.01725119724869728,0.05571168661117554
68,2.2666666666666666,,,,insightface_bbox,0.6567586064338684,1206.421142578125,1062.660400390625,2064.0,2737.418212890625,0,0,1,0,0,0,0,0,0,1,0,0,0.08295592665672302,0.047293342649936676,0.32940927147865295,0.03417074307799339,0.015765953809022903,0.030390676110982895,0.012472124770283699,0.05618331953883171,0.09926575422286987,0.09007132798433304,0.01809939555823803,0.05702783912420273
69,2.3,,,,insightface_bbox,0.6567586064338684,1206.421142578125,1062.660400390625,2064.0,2737.418212890625,0,0,1,0,0,0,0,0,0,1,0,0,0.08395472168922424,0.04820854216814041,0.3392709493637085,0.035525910556316376,0.016201477497816086,0.0308639258146286,0.013484727591276169,0.056523848325014114,0.09752147644758224,0.09206808358430862,0.018787017092108727,0.059922393411397934
70,2.3333333333333335,,,,insightface_bbox,0.6567586064338684,1206.421142578125,1062.660400390625,2064.0,2737.418212890625,0,0,1,0,0,0,0,0,0,1,0,0,0.08798106014728546,0.05037333443760872,0.3448169231414795,0.03791996091604233,0.017028899863362312,0.03200685232877731,0.014431098476052284,0.05885054171085358,0.09902118146419525,0.09249579161405563,0.020858172327280045,0.06157807260751724
71,2.3666666666666667,,,,insightface_bbox,0.6567586064338684,1206.421142578125,1062.660400390625,2064.0,2737.418212890625,0,0,1,0,0,0,0,0,0,1,0,0,0.09406977146863937,0.05416523665189743,0.37307944893836975,0.039919063448905945,0.018236231058835983,0.03349620848894119,0.015426342375576496,0.06090877950191498,0.1007542759180069,0.09233014285564423,0.02209320291876793,0.06521929055452347
72,2.4,,,,insightface_bbox,0.6851357221603394,1215.6302490234375,1064.654541015625,2064.0,2725.03662109375,0,0,1,0,0,0,0,0,0,1,0,1,0.07689328491687775,0.04281646013259888,0.4020591080188751,0.032604850828647614,0.016038063913583755,0.027464821934700012,0.010662784799933434,0.053585365414619446,0.09665825217962265,0.08068801462650299,0.011195803061127663,0.04954046756029129
73,2.433333333333333,,,,insightface_bbox,0.6851357221603394,1215.6302490234375,1064.654541015625,2064.0,2725.03662109375,0,0,1,0,0,0,0,0,0,1,0,1,0.07509450614452362,0.04143582284450531,0.3823855519294739,0.03286496177315712,0.016341734677553177,0.02815372869372368,0.011236583814024925,0.055402275174856186,0.09670238941907883,0.08313354104757309,0.012056298553943634,0.051338937133550644
74,2.466666666666667,,,,insightface_bbox,0.6851357221603394,1215.6302490234375,1064.654541015625,2064.0,2725.03662109375,0,0,1,0,0,0,0,0,0,1,0,0,0.0755501464009285,0.041358575224876404,0.36651116609573364,0.03311297297477722,0.016347771510481834,0.0282561294734478,0.011752435937523842,0.05484108254313469,0.09579968452453613,0.0815151035785675,0.012365296483039856,0.05044233426451683
75,2.5,,,,insightface_bbox,0.6851357221603394,1215.6302490234375,1064.654541015625,2064.0,2725.03662109375,0,0,1,0,0,0,0,0,0,1,0,0,0.07764844596385956,0.04119567945599556,0.3736381530761719,0.032600559294223785,0.0161602720618248,0.028527574613690376,0.011583717539906502,0.054630521684885025,0.09663201123476028,0.08172958344221115,0.012607811018824577,0.05159981548786163
76,2.533333333333333,,,,insightface_bbox,0.6851357221603394,1215.6302490234375,1064.654541015625,2064.0,2725.03662109375,0,0,1,0,0,0,0,0,0,1,0,0,0.08202836662530899,0.04281293973326683,0.3845967650413513,0.032918017357587814,0.01616610400378704,0.029015369713306427,0.011821269057691097,0.05444927141070366,0.09784824401140213,0.08131003379821777,0.01298600621521473,0.052744507789611816
77,2.566666666666667,,,,insightface_bbox,0.6851357221603394,1215.6302490234375,1064.654541015625,2064.0,2725.03662109375,0,0,1,0,0,0,0,0,0,1,0,0,0.08201955258846283,0.043014999479055405,0.38460877537727356,0.033117301762104034,0.016087986528873444,0.02909247577190399,0.011704174801707268,0.05447455495595932,0.09767763316631317,0.08103005588054657,0.013230488635599613,0.05278700590133667
78,2.6,,,,insightface_bbox,0.6831995844841003,1205.6636962890625,1046.8048095703125,2064.0,2720.981689453125,0,0,1,0,0,0,0,0,0,1,0,0,0.08937887102365494,0.04943794012069702,0.3440840244293213,0.03622771427035332,0.016762835904955864,0.03213915973901749,0.013469353318214417,0.05561552196741104,0.09509256482124329,0.09009621292352676,0.01900234818458557,0.06077723577618599
79,2.6333333333333333,,,,insightface_bbox,0.6831995844841003,1205.6636962890625,1046.8048095703125,2064.0,2720.981689453125,0,0,1,0,0,0,0,0,0,1,0,0,0.08587972074747086,0.048538967967033386,0.34022417664527893,0.03635552525520325,0.01648038998246193,0.030949324369430542,0.013066809624433517,0.05376683548092842,0.0922122672200203,0.08747730404138565,0.019161636009812355,0.05972132831811905
80,2.6666666666666665,,,,insightface_bbox,0.6831995844841003,1205.6636962890625,1046.8048095703125,2064.0,2720.981689453125,0,0,1,0,0,0,0,0,0,1,0,0,0.08149511367082596,0.045788973569869995,0.3151780366897583,0.03458133339881897,0.016031645238399506,0.02990960143506527,0.012135084718465805,0.052648015320301056,0.09165164828300476,0.08776435256004333,0.018595702946186066,0.05709901079535484
81,2.7,,,,insightface_bbox,0.6831995844841003,1205.6636962890625,1046.8048095703125,2064.0,2720.981689453125,0,0,1,0,0,0,0,0,0,1,0,0,0.08067208528518677,0.045115143060684204,0.3110555410385132,0.03385988250374794,0.015962567180395126,0.029284249991178513,0.0116644985973835,0.052017487585544586,0.09078414738178253,0.08633477985858917,0.018025798723101616,0.05521430820226669
82,2.7333333333333334,,,,insightface_bbox,0.6831995844841003,1205.6636962890625,1046.8048095703125,2064.0,2720.981689453125,0,0,1,0,0,0,0,0,0,1,0,0,0.08102378994226456,0.045503169298172,0.3152395784854889,0.03420393168926239,0.016249684616923332,0.0296819806098938,0.011996224522590637,0.052633754909038544,0.09103905409574509,0.08566674590110779,0.018327604979276657,0.05552899092435837
83,2.7666666666666666,,,,insightface_bbox,0.6831995844841003,1205.6636962890625,1046.8048095703125,2064.0,2720.981689453125,0,0,1,0,0,0,0,0,0,1,0,0,0.08438985794782639,0.04779990762472153,0.3241004943847656,0.03590087592601776,0.01671861670911312,0.030542349442839622,0.012754610739648342,0.053532589226961136,0.09145711362361908,0.08760415762662888,0.0193070936948061,0.057074468582868576
84,2.8,,,,insightface_bbox,0.6737486124038696,1216.757568359375,1076.626953125,2064.0,2725.713623046875,0,0,1,0,0,0,0,0,0,1,0,1,0.07238670438528061,0.041391484439373016,0.3923294246196747,0.032278016209602356,0.016792017966508865,0.028412973508238792,0.011406558565795422,0.05511784553527832,0.09262104332447052,0.08381738513708115,0.011942572891712189,0.051333948969841
85,2.8333333333333335,,,,insightface_bbox,0.6737486124038696,1216.757568359375,1076.626953125,2064.0,2725.713623046875,0,0,1,0,0,0,0,0,0,1,0,1,0.07075102627277374,0.041266124695539474,0.3919357359409332,0.032049719244241714,0.01681346632540226,0.02839786186814308,0.01132455188781023,0.05427118390798569,0.08948919177055359,0.08198074251413345,0.01182253472507,0.05203714966773987
86,2.8666666666666667,,,,insightface_bbox,0.6737486124038696,1216.757568359375,1076.626953125,2064.0,2725.713623046875,0,0,1,0,0,0,0,0,0,1,0,1,0.06902112066745758,0.040570568293333054,0.3809199929237366,0.03165975585579872,0.016691045835614204,0.028178876265883446,0.011111995205283165,0.05232512950897217,0.08841538429260254,0.07959724962711334,0.011918521486222744,0.051893748342990875
87,2.9,,,,insightface_bbox,0.6737486124038696,1216.757568359375,1076.626953125,2064.0,2725.713623046875,0,0,1,0,0,0,0,0,0,1,0,1,0.0687919482588768,0.040292173624038696,0.3806349039077759,0.031091196462512016,0.01620408147573471,0.027373529970645905,0.010718418285250664,0.0524415448307991,0.08905059844255447,0.07905285060405731,0.011047194711863995,0.049659837037324905
88,2.933333333333333,,,,insightface_bbox,0.6737486124038696,1216.757568359375,1076.626953125,2064.0,2725.713623046875,0,0,1,0,0,0,0,0,0,1,0,1,0.06843258440494537,0.039218444377183914,0.3819073736667633,0.029998861253261566,0.01601482182741165,0.026931189000606537,0.01029117126017809,0.05035191774368286,0.08752777427434921,0.07738582044839859,0.009818095713853836,0.046138375997543335
89,2.966666666666667,,,,insightface_bbox,0.6737486124038696,1216.757568359375,1076.626953125,2064.0,2725.713623046875,0,0,1,0,0,0,0,0,0,1,0,1,0.06486685574054718,0.037827394902706146,0.36303502321243286,0.0284121111035347,0.016158705577254295,0.026043206453323364,0.009215407073497772,0.046158887445926666,0.08850700408220291,0.07300541549921036,0.009098502807319164,0.04334964603185654
90,3.0,,,,insightface_bbox,0.6869453191757202,1214.87158203125,1073.6737060546875,2064.0,2745.927490234375,0,0,1,0,0,0,0,0,0,1,0,1,0.06947623938322067,0.04029426723718643,0.3884228765964508,0.030089259147644043,0.01641627959907055,0.026781629770994186,0.0097958380356431,0.049225617200136185,0.09257450699806213,0.07700806111097336,0.009066909551620483,0.04622599110007286
91,3.033333333333333,,,,insightface_bbox,0.6869453191757202,1214.87158203125,1073.6737060546875,2064.0,2745.927490234375,0,0,1,0,0,0,0,0,0,1,0,1,0.07153823226690292,0.040937863290309906,0.3786875307559967,0.030983062461018562,0.016481149941682816,0.027337362989783287,0.010621590539813042,0.05175059288740158,0.0914950966835022,0.07942898571491241,0.009737635031342506,0.047349728643894196
92,3.066666666666667,,,,insightface_bbox,0.6869453191757202,1214.87158203125,1073.6737060546875,2064.0,2745.927490234375,0,0,1,0,0,0,0,0,0,1,0,1,0.07202096283435822,0.041434649378061295,0.3800395727157593,0.031599391251802444,0.01637941598892212,0.027447152882814407,0.011047571897506714,0.05359310284256935,0.09140130132436752,0.08085609972476959,0.010186220519244671,0.047741204500198364
93,3.1,,,,insightface_bbox,0.6869453191757202,1214.87158203125,1073.6737060546875,2064.0,2745.927490234375,0,0,1,0,0,0,0,0,0,1,0,1,0.07378681749105453,0.04155375063419342,0.37877917289733887,0.031662337481975555,0.0166617464274168,0.027571607381105423,0.010842034593224525,0.0541667677462101,0.0943715050816536,0.08268065750598907,0.010241390205919743,0.04847709834575653
94,3.1333333333333333,,,,insightface_bbox,0.6869453191757202,1214.87158203125,1073.6737060546875,2064.0,2745.927490234375,0,0,1,0,0,0,0,0,0,1,0,1,0.07842101901769638,0.04293087497353554,0.38656842708587646,0.03251145780086517,0.0169307142496109,0.028471674770116806,0.011776866391301155,0.05472598224878311,0.09699986129999161,0.08355732262134552,0.010795489884912968,0.05009501799941063
95,3.1666666666666665,,,,insightface_bbox,0.6869453191757202,1214.87158203125,1073.6737060546875,2064.0,2745.927490234375,0,0,1,0,0,0,0,0,0,1,0,1,0.07890114188194275,0.043690018355846405,0.38267844915390015,0.03287491202354431,0.017221391201019287,0.028595348820090294,0.012088854797184467,0.055470794439315796,0.09935159236192703,0.08612048625946045,0.010622120462357998,0.05026141554117203
96,3.2,,,,insightface_bbox,0.6628929376602173,1190.1234130859375,1062.778076171875,2064.0,2741.125244140625,0,0,1,0,0,0,0,0,0,1,0,0,0.07981062680482864,0.04510742425918579,0.2747722864151001,0.03208429366350174,0.014513884671032429,0.02965516224503517,0.0121833560988307,0.04875215142965317,0.09677781909704208,0.09172576665878296,0.016562489792704582,0.05452289804816246
97,3.2333333333333334,,,,insightface_bbox,0.6628929376602173,1190.1234130859375,1062.778076171875,2064.0,2741.125244140625,0,0,1,0,0,0,0,0,0,1,0,0,0.07813458144664764,0.04530360549688339,0.2675391435623169,0.031309619545936584,0.01420333981513977,0.02859216369688511,0.011471359990537167,0.04681473225355148,0.09311086684465408,0.08852599561214447,0.0159385334700346,0.05218306556344032
98,3.2666666666666666,,,,insightface_bbox,0.6628929376602173,1190.1234130859375,1062.778076171875,2064.0,2741.125244140625,0,0,1,0,0,0,0,0,0,1,0,0,0.07684925198554993,0.04435382038354874,0.2584794759750366,0.03035372868180275,0.013700688257813454,0.027644028887152672,0.010989679023623466,0.045731548219919205,0.09154944121837616,0.08740761876106262,0.015251552686095238,0.051400326192379
99,3.3,,,,insightface_bbox,0.6628929376602173,1190.1234130859375,1062.778076171875,2064.0,2741.125244140625,0,0,1,0,0,0,0,0,0,1,0,0,0.0771675556898117,0.04271278530359268,0.25328993797302246,0.02960604801774025,0.013335742987692356,0.02674086019396782,0.0108994971960783,0.045407481491565704,0.09176851063966751,0.08830372244119644,0.014280545525252819,0.05081784352660179
100,3.3333333333333335,,,,insightface_bbox,0.6628929376602173,1190.1234130859375,1062.778076171875,2064.0,2741.125244140625,0,0,1,0,0,0,0,0,0,1,0,0,0.07568828761577606,0.04062327742576599,0.24600839614868164,0.028634924441576004,0.012991651892662048,0.02566675655543804,0.010626766830682755,0.044524963945150375,0.09105546772480011,0.08789755403995514,0.012985029257833958,0.04897528886795044
101,3.3666666666666667,,,,insightface_bbox,0.6628929376602173,1190.1234130859375,1062.778076171875,2064.0,2741.125244140625,0,0,1,0,0,0,0,0,0,1,0,0,0.07816065847873688,0.04306383430957794,0.24982723593711853,0.02973160147666931,0.013242598623037338,0.026255296543240547,0.011946027167141438,0.04429273307323456,0.08882724493741989,0.0851292535662651,0.0136183500289917,0.05062555521726608
102,3.4,,,,insightface_bbox,0.6875556707382202,1205.970947265625,1083.427001953125,2064.0,2742.886962890625,0,0,1,0,0,0,0,0,0,1,0,0,0.07118784636259079,0.040510933846235275,0.2914963960647583,0.030515192076563835,0.014934223145246506,0.026634205132722855,0.011146603152155876,0.050719235092401505,0.0901833102107048,0.08047173917293549,0.012576421722769737,0.048050008714199066
103,3.433333333333333,,,,insightface_bbox,0.6875556707382202,1205.970947265625,1083.427001953125,2064.0,2742.886962890625,0,0,1,0,0,0,0,0,0,1,0,0,0.07424510270357132,0.04245273768901825,0.2960951626300812,0.031929560005664825,0.015459736809134483,0.027638446539640427,0.011942720040678978,0.05185342952609062,0.09136751294136047,0.07952430099248886,0.0136092035099864,0.05040306597948074
104,3.466666666666667,,,,insightface_bbox,0.6875556707382202,1205.970947265625,1083.427001953125,2064.0,2742.886962890625,0,0,1,0,0,0,0,0,0,1,0,0,0.07551361620426178,0.04196619614958763,0.295348197221756,0.031760528683662415,0.01549499947577715,0.028055530041456223,0.011617094278335571,0.052678775042295456,0.09033620357513428,0.07962243258953094,0.014196636155247688,0.051271285861730576
105,3.5,,,,insightface_bbox,0.6875556707382202,1205.970947265625,1083.427001953125,2064.0,2742.886962890625,0,0,1,0,0,0,0,0,0,1,0,0,0.07658176869153976,0.04225072264671326,0.3034793734550476,0.03181346878409386,0.015556322410702705,0.02817840874195099,0.011631693691015244,0.052808329463005066,0.0888775959610939,0.07848527282476425,0.014514794573187828,0.05216524004936218
106,3.533333333333333,,,,insightface_bbox,0.6875556707382202,1205.970947265625,1083.427001953125,2064.0,2742.886962890625,0,0,1,0,0,0,0,0,0,1,0,0,0.07691885530948639,0.04257945716381073,0.30550020933151245,0.031964145600795746,0.015652179718017578,0.0282522551715374,0.011654081754386425,0.0530976764857769,0.08969544619321823,0.07911238074302673,0.014192229136824608,0.052026618272066116
107,3.566666666666667,,,,insightface_bbox,0.6875556707382202,1205.970947265625,1083.427001953125,2064.0,2742.886962890625,0,0,1,0,0,0,0,0,0,1,0,0,0.07617900520563126,0.04227481782436371,0.2992151081562042,0.03169989585876465,0.015593087300658226,0.028092190623283386,0.011637888848781586,0.05304764583706856,0.09069132804870605,0.08024536818265915,0.013722003437578678,0.05129246413707733
108,3.6,,,,insightface_bbox,0.6864238977432251,1200.0472412109375,1064.7349853515625,2064.0,2717.197998046875,0,0,1,0,0,0,0,0,0,1,0,0,0.07955021411180496,0.046687349677085876,0.3005692660808563,0.03269883617758751,0.014995700679719448,0.027919860556721687,0.012099853716790676,0.04607834294438362,0.08570518344640732,0.07887459546327591,0.01594829373061657,0.05286825820803642
109,3.6333333333333333,,,,insightface_bbox,0.6864238977432251,1200.0472412109375,1064.7349853515625,2064.0,2717.197998046875,0,0,1,0,0,0,0,0,0,1,0,0,0.07924922555685043,0.04701293632388115,0.30188772082328796,0.03308673948049545,0.015195263549685478,0.028528034687042236,0.012186984531581402,0.046912796795368195,0.08673534542322159,0.0790264755487442,0.016302714124321938,0.05441536009311676
110,3.6666666666666665,,,,insightface_bbox,0.6864238977432251,1200.0472412109375,1064.7349853515625,2064.0,2717.197998046875,0,0,1,0,0,0,0,0,0,1,0,0,0.08042183518409729,0.0474453940987587,0.30362990498542786,0.033060457557439804,0.015069408342242241,0.02827185019850731,0.011997828260064125,0.04696011170744896,0.08606772124767303,0.07809831947088242,0.016266491264104843,0.05468691885471344
111,3.7,,,,insightface_bbox,0.6864238977432251,1200.0472412109375,1064.7349853515625,2064.0,2717.197998046875,0,0,1,0,0,0,0,0,0,1,0,0,0.07877027988433838,0.04668143391609192,0.2999044954776764,0.03317473456263542,0.015082258731126785,0.028081923723220825,0.0123035479336977,0.04662984609603882,0.08677506446838379,0.07908345758914948,0.01633850485086441,0.05422239005565643
112,3.7333333333333334,,,,insightface_bbox,0.6864238977432251,1200.0472412109375,1064.7349853515625,2064.0,2717.197998046875,0,0,1,0,0,0,0,0,0,1,0,0,0.08076144754886627,0.047307729721069336,0.30472517013549805,0.03320987522602081,0.015102226287126541,0.02874884568154812,0.012514862231910229,0.046902671456336975,0.08681903779506683,0.08080689609050751,0.01665513589978218,0.05520167946815491
113,3.7666666666666666,,,,insightface_bbox,0.6864238977432251,1200.0472412109375,1064.7349853515625,2064.0,2717.197998046875,0,0,1,0,0,0,0,0,0,1,0,0,0.08073887228965759,0.04681557044386864,0.3030603528022766,0.03331296890974045,0.01509165484458208,0.028590524569153786,0.01235448569059372,0.04717935249209404,0.08697660267353058,0.08073467016220093,0.01698918081820011,0.05547042563557625
114,3.8,,,,insightface_bbox,0.6757907867431641,1200.78369140625,1068.8228759765625,2064.0,2718.593505859375,0,0,1,0,0,0,0,0,0,1,0,0,0.08060742169618607,0.04669453948736191,0.3073699176311493,0.03331401199102402,0.01551875751465559,0.028843291103839874,0.011910069733858109,0.048520587384700775,0.08792641758918762,0.07849378883838654,0.016388792544603348,0.054060131311416626
115,3.8333333333333335,,,,insightface_bbox,0.6757907867431641,1200.78369140625,1068.8228759765625,2064.0,2718.593505859375,0,0,1,0,0,0,0,0,0,1,0,0,0.07889706641435623,0.046410854905843735,0.2983272671699524,0.03342244029045105,0.015320922248065472,0.02837901934981346,0.012250352650880814,0.04924846813082695,0.08984808623790741,0.07827921956777573,0.014621349982917309,0.05220003053545952
116,3.8666666666666667,,,,insightface_bbox,0.6757907867431641,1200.78369140625,1068.8228759765625,2064.0,2718.593505859375,0,0,1,0,0,0,0,0,0,1,0,0,0.07730481028556824,0.04551268741488457,0.29077208042144775,0.0328870452940464,0.015199121087789536,0.028024723753333092,0.012036947533488274,0.04848305135965347,0.08887535333633423,0.07757524400949478,0.01467288937419653,0.05128789320588112
117,3.9,,,,insightface_bbox,0.6757907867431641,1200.78369140625,1068.8228759765625,2064.0,2718.593505859375,0,0,1,0,0,0,0,0,0,1,0,0,0.07821652293205261,0.046104904264211655,0.29563820362091064,0.03370026499032974,0.015509185381233692,0.028780769556760788,0.012366426177322865,0.04954928159713745,0.08934371918439865,0.08074145019054413,0.016182955354452133,0.05344659462571144
118,3.933333333333333,,,,insightface_bbox,0.6757907867431641,1200.78369140625,1068.8228759765625,2064.0,2718.593505859375,0,0,1,0,0,0,0,0,0,1,0,0,0.08206487447023392,0.046411558985710144,0.31021440029144287,0.03398218750953674,0.015665993094444275,0.029525279998779297,0.012755993753671646,0.05003184452652931,0.09029961377382278,0.0818626657128334,0.01740158535540104,0.05545180290937424
119,3.966666666666667,,,,insightface_bbox,0.6757907867431641,1200.78369140625,1068.8228759765625,2064.0,2718.593505859375,0,0,1,0,0,0,0,0,0,1,0,0,0.07856889814138412,0.0444086454808712,0.29877376556396484,0.03325549140572548,0.015356725081801414,0.029229355975985527,0.012857494875788689,0.049681343138217926,0.09058511257171631,0.08231571316719055,0.017930224537849426,0.05500265210866928
120,4.0,,,,insightface_bbox,0.6554021835327148,1198.1968994140625,1035.980224609375,2062.610595703125,2766.152099609375,0,0,1,0,0,0,0,0,0,1,0,0,0.07617472112178802,0.04075702279806137,0.2899708151817322,0.031084083020687103,0.015094037167727947,0.02793954312801361,0.011507764458656311,0.0518411323428154,0.09224531054496765,0.08022056519985199,0.014239632524549961,0.05109389126300812
121,4.033333333333333,,,,insightface_bbox,0.6554021835327148,1198.1968994140625,1035.980224609375,2062.610595703125,2766.152099609375,0,0,1,0,0,0,0,0,0,1,0,0,0.07590464502573013,0.042015254497528076,0.298313707113266,0.031968433409929276,0.01573452539741993,0.02819829434156418,0.011897645890712738,0.053769778460264206,0.09317928552627563,0.08106975257396698,0.013792878948152065,0.05074421316385269
122,4.066666666666666,,,,insightface_bbox,0.6554021835327148,1198.1968994140625,1035.980224609375,2062.610595703125,2766.152099609375,0,0,1,0,0,0,0,0,0,1,0,0,0.07546943426132202,0.04157509654760361,0.3021392524242401,0.031850267201662064,0.015744289383292198,0.028146401047706604,0.011776445433497429,0.05362620949745178,0.09323503077030182,0.08056561648845673,0.01375780813395977,0.05060163885354996
123,4.1,,,,insightface_bbox,0.6554021835327148,1198.1968994140625,1035.980224609375,2062.610595703125,2766.152099609375,0,0,1,0,0,0,0,0,0,1,0,0,0.07743945717811584,0.04201468080282211,0.3088601231575012,0.032055944204330444,0.015692122280597687,0.02851797267794609,0.012008613906800747,0.053225327283144,0.0936235785484314,0.0815243199467659,0.014030597172677517,0.051818303763866425
124,4.133333333333334,,,,insightface_bbox,0.6554021835327148,1198.1968994140625,1035.980224609375,2062.610595703125,2766.152099609375,0,0,1,0,0,0,0,0,0,1,0,0,0.08024879544973373,0.04375293105840683,0.32685309648513794,0.03308407962322235,0.016236554831266403,0.02970084175467491,0.012592188082635403,0.054619207978248596,0.09453598409891129,0.0821063369512558,0.014840804040431976,0.05351801961660385
125,4.166666666666667,,,,insightface_bbox,0.6554021835327148,1198.1968994140625,1035.980224609375,2062.610595703125,2766.152099609375,0,0,1,0,0,0,0,0,0,1,0,0,0.08072159439325333,0.04440063238143921,0.32896775007247925,0.033759817481040955,0.016550209373235703,0.030294373631477356,0.013025995343923569,0.05529896914958954,0.0959690511226654,0.08276751637458801,0.015975113958120346,0.055002082139253616
126,4.2,,,,insightface_bbox,0.6768898963928223,1200.8394775390625,1052.5347900390625,2064.0,2717.03955078125,0,0,1,0,0,0,0,0,0,1,0,0,0.07645272463560104,0.0430438257753849,0.31910425424575806,0.031336165964603424,0.015310218557715416,0.028490513563156128,0.011204676702618599,0.04977330192923546,0.08895355463027954,0.07671798765659332,0.014710803516209126,0.0526888445019722
127,4.233333333333333,,,,insightface_bbox,0.6768898963928223,1200.8394775390625,1052.5347900390625,2064.0,2717.03955078125,0,0,1,0,0,0,0,0,0,1,0,0,0.07542670518159866,0.04234347119927406,0.3106004595756531,0.031835149973630905,0.015417425893247128,0.0286727175116539,0.011492183431982994,0.05152367427945137,0.08915125578641891,0.07782509922981262,0.015217847190797329,0.05264068394899368
128,4.266666666666667,,,,insightface_bbox,0.6768898963928223,1200.8394775390625,1052.5347900390625,2064.0,2717.03955078125,0,0,1,0,0,0,0,0,0,1,0,0,0.07318717241287231,0.04154833033680916,0.290197491645813,0.031294818967580795,0.01520371064543724,0.0275321863591671,0.01103883981704712,0.050406135618686676,0.08806145936250687,0.07811137288808823,0.014490483328700066,0.05134732276201248
129,4.3,,,,insightface_bbox,0.6768898963928223,1200.8394775390625,1052.5347900390625,2064.0,2717.03955078125,0,0,1,0,0,0,0,0,0,1,0,0,0.07564876973628998,0.04291994124650955,0.29711538553237915,0.03184276819229126,0.015421444550156593,0.028164835646748543,0.011293970048427582,0.050358645617961884,0.08864640444517136,0.07866620272397995,0.015070260502398014,0.05206112191081047
130,4.333333333333333,,,,insightface_bbox,0.6768898963928223,1200.8394775390625,1052.5347900390625,2064.0,2717.03955078125,0,0,1,0,0,0,0,0,0,1,0,0,0.07515421509742737,0.042516108602285385,0.3005884885787964,0.03166203945875168,0.015435568988323212,0.028376217931509018,0.011325523257255554,0.05025802180171013,0.08848868310451508,0.07768041640520096,0.015086095780134201,0.052004870027303696
131,4.366666666666666,,,,insightface_bbox,0.6768898963928223,1200.8394775390625,1052.5347900390625,2064.0,2717.03955078125,0,0,1,0,0,0,0,0,0,1,0,0,0.07443766295909882,0.04203192517161369,0.29557573795318604,0.031132476404309273,0.015131627209484577,0.027560219168663025,0.011152464896440506,0.04917088896036148,0.08942513912916183,0.07624571770429611,0.013723406009376049,0.05013350769877434
132,4.4,,,,insightface_bbox,0.667822003364563,1200.5650634765625,1082.5107421875,2064.0,2731.1953125,0,0,1,0,0,0,0,0,0,1,0,0,0.07792679965496063,0.046125732362270355,0.3036162853240967,0.03298749402165413,0.01531238853931427,0.02856338582932949,0.012129848822951317,0.04909853637218475,0.08901160955429077,0.07905343174934387,0.015120337717235088,0.052833519876003265
133,4.433333333333334,,,,insightface_bbox,0.667822003364563,1200.5650634765625,1082.5107421875,2064.0,2731.1953125,0,0,1,0,0,0,0,0,0,1,0,0,0.08184127509593964,0.048443157225847244,0.3191482424736023,0.03471827134490013,0.015915285795927048,0.029814060777425766,0.013089451007544994,0.05053788051009178,0.09096479415893555,0.07997946441173553,0.015491899102926254,0.05501236394047737
134,4.466666666666667,,,,insightface_bbox,0.667822003364563,1200.5650634765625,1082.5107421875,2064.0,2731.1953125,0,0,1,0,0,0,0,0,0,1,0,0,0.07967475801706314,0.048138950020074844,0.31414878368377686,0.03495120629668236,0.01597600243985653,0.02956197038292885,0.01331833191215992,0.049893684685230255,0.0893545150756836,0.07754676789045334,0.01625187136232853,0.054564546793699265
135,4.5,,,,insightface_bbox,0.667822003364563,1200.5650634765625,1082.5107421875,2064.0,2731.1953125,0,0,1,0,0,0,0,0,0,1,0,0,0.07908183336257935,0.04680345207452774,0.3113858699798584,0.03448901325464249,0.01588573306798935,0.029564255848526955,0.012975466437637806,0.05013597011566162,0.08817711472511292,0.07849013805389404,0.016696138307452202,0.054848119616508484
136,4.533333333333333,,,,insightface_bbox,0.667822003364563,1200.5650634765625,1082.5107421875,2064.0,2731.1953125,0,0,1,0,0,0,0,0,0,1,0,0,0.07869607955217361,0.04647445306181908,0.30982157588005066,0.03439547121524811,0.015854088589549065,0.02973015233874321,0.012977825477719307,0.05038774758577347,0.08797599375247955,0.07903166860342026,0.017326178029179573,0.05593433976173401
137,4.566666666666666,,,,insightface_bbox,0.667822003364563,1200.5650634765625,1082.5107421875,2064.0,2731.1953125,0,0,1,0,0,0,0,0,0,1,0,0,0.07861962914466858,0.045756641775369644,0.31291306018829346,0.03365539386868477,0.015574214048683643,0.029439890757203102,0.012371327728033066,0.04937613010406494,0.08784272521734238,0.07729080319404602,0.01747548207640648,0.05580075830221176
138,4.6,,,,insightface_bbox,0.6325653791427612,1219.2310791015625,1082.293701171875,2064.0,2805.945556640625,0,0,1,0,0,0,0,0,0,1,0,1,0.0715310350060463,0.04032532870769501,0.35632655024528503,0.03276339918375015,0.016267403960227966,0.027827594429254532,0.012276164256036282,0.05395061895251274,0.09849924594163895,0.08639563620090485,0.010104374028742313,0.04977649450302124
139,4.633333333333334,,,,insightface_bbox,0.6325653791427612,1219.2310791015625,1082.293701171875,2064.0,2805.945556640625,0,0,1,0,0,0,0,0,0,1,0,1,0.06773579120635986,0.03897111862897873,0.3556033670902252,0.03151204437017441,0.015672734007239342,0.02734057605266571,0.011755813844501972,0.053400829434394836,0.0961550772190094,0.08537055552005768,0.009874260053038597,0.04753919690847397
140,4.666666666666667,,,,insightface_bbox,0.6325653791427612,1219.2310791015625,1082.293701171875,2064.0,2805.945556640625,0,0,1,0,0,0,0,0,0,1,0,1,0.0716971755027771,0.04037288576364517,0.37278544902801514,0.032877858728170395,0.01591486670076847,0.02823764458298683,0.012399488128721714,0.05445852130651474,0.09696914255619049,0.08645658195018768,0.01121817622333765,0.05064087361097336
141,4.7,,,,insightface_bbox,0.6325653791427612,1219.2310791015625,1082.293701171875,2064.0,2805.945556640625,0,0,1,0,0,0,0,0,0,1,0,1,0.07118028402328491,0.040712326765060425,0.3676717281341553,0.03259184956550598,0.01584579423069954,0.027636099606752396,0.011451305821537971,0.0535215362906456,0.09497097134590149,0.08002053946256638,0.010698908008635044,0.04861548915505409
142,4.733333333333333,,,,insightface_bbox,0.6325653791427612,1219.2310791015625,1082.293701171875,2064.0,2805.945556640625,0,0,1,0,0,0,0,0,0,1,0,1,0.0723983496427536,0.04101681709289551,0.3517362177371979,0.03287774324417114,0.016150420531630516,0.027251556515693665,0.011233201250433922,0.053226131945848465,0.09399297833442688,0.07738367468118668,0.010126208886504173,0.047119464725255966
143,4.766666666666667,,,,insightface_bbox,0.6325653791427612,1219.2310791015625,1082.293701171875,2064.0,2805.945556640625,0,0,1,0,0,0,0,0,0,1,0,1,0.07533140480518341,0.04328075051307678,0.37495559453964233,0.0341186448931694,0.0165308378636837,0.028244100511074066,0.011618249118328094,0.05530308932065964,0.09450159221887589,0.0777553915977478,0.010914262384176254,0.04990335926413536
144,4.8,,,,insightface_bbox,0.6500570774078369,1198.4393310546875,1036.056396484375,2064.0,2756.260498046875,0,0,1,0,0,0,0,0,0,1,0,0,0.06908106058835983,0.040797699242830276,0.23443959653377533,0.028784235939383507,0.012479079887270927,0.024201296269893646,0.010509835556149483,0.04360875114798546,0.08642580360174179,0.08264464139938354,0.012597032822668552,0.048224255442619324
145,4.833333333333333,,,,insightface_bbox,0.6500570774078369,1198.4393310546875,1036.056396484375,2064.0,2756.260498046875,0,0,1,0,0,0,0,0,0,1,0,0,0.06423060595989227,0.03708607703447342,0.21028542518615723,0.025305166840553284,0.011716346256434917,0.022106748074293137,0.008607454597949982,0.04087463766336441,0.08461672067642212,0.07851150631904602,0.01098532322794199,0.043594878166913986
146,4.866666666666666,,,,insightface_bbox,0.6500570774078369,1198.4393310546875,1036.056396484375,2064.0,2756.260498046875,0,0,1,0,0,0,0,0,0,1,0,0,0.06280602514743805,0.03606785461306572,0.20990236103534698,0.02574583701789379,0.011827023699879646,0.022433072328567505,0.008750829845666885,0.04168228060007095,0.08451828360557556,0.08000150322914124,0.012111205607652664,0.04460351914167404
147,4.9,,,,insightface_bbox,0.6500570774078369,1198.4393310546875,1036.056396484375,2064.0,2756.260498046875,0,0,1,0,0,0,0,0,0,1,0,0,0.06374788284301758,0.03717070817947388,0.21519041061401367,0.026160022243857384,0.01205708459019661,0.022976819425821304,0.008771509863436222,0.04214547574520111,0.08449773490428925,0.0795886293053627,0.012177671305835247,0.045205749571323395
148,4.933333333333334,,,,insightface_bbox,0.6500570774078369,1198.4393310546875,1036.056396484375,2064.0,2756.260498046875,0,0,1,0,0,0,0,0,0,1,0,0,0.06404203921556473,0.03789673000574112,0.21730594336986542,0.026299281045794487,0.01194169744849205,0.022452546283602715,0.009569056332111359,0.04089605063199997,0.08335720747709274,0.07833655178546906,0.011035426519811153,0.04466935619711876
149,4.966666666666667,,,,insightface_bbox,0.6500570774078369,1198.4393310546875,1036.056396484375,2064.0,2756.260498046875,0,0,1,0,0,0,0,0,0,1,0,0,0.0643998309969902,0.038488760590553284,0.22923940420150757,0.02716865763068199,0.012083249166607857,0.022631047293543816,0.009723835624754429,0.04065898805856705,0.08154496550559998,0.07716713100671768,0.011448146775364876,0.0459146574139595
150,5.0,,,,insightface_bbox,0.6609622836112976,1204.1124267578125,1074.5767822265625,2064.0,2745.057373046875,0,0,1,0,0,0,0,0,0,1,0,0,0.07229077816009521,0.041395556181669235,0.27385228872299194,0.03238348662853241,0.015132000669836998,0.027715984731912613,0.011518959887325764,0.051309242844581604,0.09047271311283112,0.08133970946073532,0.01609751768410206,0.053689610213041306
151,5.033333333333333,,,,insightface_bbox,0.6609622836112976,1204.1124267578125,1074.5767822265625,2064.0,2745.057373046875,0,0,1,0,0,0,0,0,0,1,0,0,0.0706806555390358,0.04102756083011627,0.27778151631355286,0.031426478177309036,0.014767051674425602,0.02688784897327423,0.011031582951545715,0.050207991153001785,0.08942270278930664,0.07943785935640335,0.01513004396110773,0.051857348531484604
152,5.066666666666666,,,,insightface_bbox,0.6609622836112976,1204.1124267578125,1074.5767822265625,2064.0,2745.057373046875,0,0,1,0,0,0,0,0,0,1,0,0,0.0702086016535759,0.04113752767443657,0.2840627431869507,0.030690651386976242,0.014250557869672775,0.0261678546667099,0.011327827349305153,0.046770501881837845,0.08708710968494415,0.0764259546995163,0.01395306084305048,0.049689970910549164
153,5.1,,,,insightface_bbox,0.6609622836112976,1204.1124267578125,1074.5767822265625,2064.0,2745.057373046875,0,0,1,0,0,0,0,0,0,1,0,0,0.06979551911354065,0.04067787528038025,0.2754874527454376,0.030068840831518173,0.013592335395514965,0.025181438773870468,0.011072319000959396,0.04704730212688446,0.08692621439695358,0.08080127835273743,0.013537034392356873,0.04979720339179039
154,5.133333333333334,,,,insightface_bbox,0.6609622836112976,1204.1124267578125,1074.5767822265625,2064.0,2745.057373046875,0,0,1,0,0,0,0,0,0,1,0,0,0.06770738214254379,0.03885520249605179,0.2634967863559723,0.029034949839115143,0.012955191545188427,0.02431141398847103,0.010356687009334564,0.045840613543987274,0.086540088057518,0.08353962004184723,0.013394280336797237,0.04939109459519386
155,5.166666666666667,,,,insightface_bbox,0.6609622836112976,1204.1124267578125,1074.5767822265625,2064.0,2745.057373046875,0,0,1,0,0,0,0,0,0,1,0,0,0.07158154249191284,0.04135051742196083,0.28254199028015137,0.030857941135764122,0.013937318697571754,0.025662507861852646,0.011555724777281284,0.04642343521118164,0.08575765788555145,0.0802566260099411,0.014686457812786102,0.05134635418653488
156,5.2,,,,insightface_bbox,0.6752941012382507,1204.202392578125,1043.6025390625,2064.0,2748.13720703125,0,0,1,0,0,0,0,0,0,1,0,0,0.07677128911018372,0.04357453063130379,0.32733237743377686,0.03515582159161568,0.016298731788992882,0.029914721846580505,0.013189558871090412,0.05705459415912628,0.09900737553834915,0.08670150488615036,0.016990333795547485,0.05502563714981079
157,5.233333333333333,,,,insightface_bbox,0.6752941012382507,1204.202392578125,1043.6025390625,2064.0,2748.13720703125,0,0,1,0,0,0,0,0,0,1,0,0,0.07663997262716293,0.04289701581001282,0.31622499227523804,0.034302156418561935,0.016121644526720047,0.029565826058387756,0.012216886505484581,0.05581846460700035,0.09679590165615082,0.08514617383480072,0.016264157369732857,0.05302407592535019
158,5.266666666666667,,,,insightface_bbox,0.6752941012382507,1204.202392578125,1043.6025390625,2064.0,2748.13720703125,0,0,1,0,0,0,0,0,0,1,0,0,0.07606477290391922,0.04297656565904617,0.31213662028312683,0.034203484654426575,0.016131408512592316,0.029399391263723373,0.01225466001778841,0.055294740945100784,0.09559064358472824,0.08407017588615417,0.016432493925094604,0.053169991821050644
159,5.3,,,,insightface_bbox,0.6752941012382507,1204.202392578125,1043.6025390625,2064.0,2748.13720703125,0,0,1,0,0,0,0,0,0,1,0,0,0.07926034927368164,0.04406260326504707,0.3299647271633148,0.03473515808582306,0.016534822061657906,0.030636023730039597,0.012897195294499397,0.057318635284900665,0.09924159198999405,0.08667360246181488,0.01691746897995472,0.05502898991107941
160,5.333333333333333,,,,insightface_bbox,0.6752941012382507,1204.202392578125,1043.6025390625,2064.0,2748.13720703125,0,0,1,0,0,0,0,0,0,1,0,0,0.07714684307575226,0.04293341189622879,0.3298729956150055,0.03382239118218422,0.016642142087221146,0.0303424671292305,0.01279965229332447,0.056794729083776474,0.09707699716091156,0.08449575304985046,0.01602921448647976,0.05419715866446495
161,5.366666666666666,,,,insightface_bbox,0.6752941012382507,1204.202392578125,1043.6025390625,2064.0,2748.13720703125,0,0,1,0,0,0,0,0,0,1,0,0,0.07659510523080826,0.042506806552410126,0.33640801906585693,0.03374394401907921,0.01666523702442646,0.03035351261496544,0.012907104566693306,0.0563652478158474,0.09505820274353027,0.08268837630748749,0.01630200259387493,0.05443944036960602
162,5.4,,,,insightface_bbox,0.6697124242782593,1189.9461669921875,1043.51611328125,2064.0,2704.009033203125,0,0,1,0,0,0,0,0,0,1,0,0,0.07233642041683197,0.04079265892505646,0.2293577641248703,0.025682833045721054,0.011961852200329304,0.023553885519504547,0.00987170822918415,0.037783652544021606,0.08062153309583664,0.0778462141752243,0.014371028169989586,0.05026281625032425
163,5.433333333333334,,,,insightface_bbox,0.6697124242782593,1189.9461669921875,1043.51611328125,2064.0,2704.009033203125,0,0,1,0,0,0,0,0,0,1,0,0,0.06772471964359283,0.03851659223437309,0.21345922350883484,0.024658046662807465,0.011628258973360062,0.022686438634991646,0.008804313838481903,0.03748713433742523,0.08021718263626099,0.07765773683786392,0.013149711303412914,0.04853752255439758
164,5.466666666666667,,,,insightface_bbox,0.6697124242782593,1189.9461669921875,1043.51611328125,2064.0,2704.009033203125,0,0,1,0,0,0,0,0,0,1,0,0,0.06406733393669128,0.037339553236961365,0.20248520374298096,0.0236696545034647,0.011487366631627083,0.022122830152511597,0.00828162394464016,0.03658322989940643,0.07843022048473358,0.07367417961359024,0.012560687027871609,0.046519506722688675
165,5.5,,,,insightface_bbox,0.6697124242782593,1189.9461669921875,1043.51611328125,2064.0,2704.009033203125,0,0,1,0,0,0,0,0,0,1,0,0,0.063688725233078,0.03734290972352028,0.20793935656547546,0.023180410265922546,0.011192230507731438,0.021999748423695564,0.008258306421339512,0.03624838590621948,0.07837075740098953,0.07378967106342316,0.012345803901553154,0.046712230890989304
166,5.533333333333333,,,,insightface_bbox,0.6697124242782593,1189.9461669921875,1043.51611328125,2064.0,2704.009033203125,0,0,1,0,0,0,0,0,0,1,0,0,0.06694146990776062,0.03769595921039581,0.21684132516384125,0.023165583610534668,0.011419843882322311,0.022615285590291023,0.008728472515940666,0.03568197041749954,0.07913784682750702,0.07442507892847061,0.012785756960511208,0.04723329097032547
167,5.566666666666666,,,,insightface_bbox,0.6697124242782593,1189.9461669921875,1043.51611328125,2064.0,2704.009033203125,0,0,1,0,0,0,0,0,0,1,0,0,0.07130743563175201,0.0399109423160553,0.2237911820411682,0.024354666471481323,0.011895161122083664,0.023727959021925926,0.009784497320652008,0.03655366227030754,0.08086833357810974,0.075895294547081,0.013900784775614738,0.04919879883527756
168,5.6,,,,insightface_bbox,0.6744016408920288,1199.101806640625,1055.8477783203125,2064.0,2708.257080078125,0,0,1,0,0,0,0,0,0,1,0,0,0.07746771723031998,0.043726153671741486,0.3001883924007416,0.03240343928337097,0.014855664223432541,0.028685851022601128,0.01152599323540926,0.050720103085041046,0.09146913141012192,0.08521109074354172,0.01640288159251213,0.054657500237226486
169,5.633333333333334,,,,insightface_bbox,0.6744016408920288,1199.101806640625,1055.8477783203125,2064.0,2708.257080078125,0,0,1,0,0,0,0,0,0,1,0,0,0.0744626373052597,0.043817564845085144,0.3111514151096344,0.03213090822100639,0.014987960457801819,0.02862314134836197,0.0116468770429492,0.04997231438755989,0.08955802768468857,0.08226174861192703,0.015879927203059196,0.05311037600040436
170,5.666666666666667,,,,insightface_bbox,0.6744016408920288,1199.101806640625,1055.8477783203125,2064.0,2708.257080078125,0,0,1,0,0,0,0,0,0,1,0,0,0.07695432007312775,0.04350521042943001,0.3290616273880005,0.032863110303878784,0.015971552580595016,0.030345067381858826,0.012234607711434364,0.050963740795850754,0.08985784649848938,0.08161571621894836,0.01758217066526413,0.055268362164497375
171,5.7,,,,insightface_bbox,0.6744016408920288,1199.101806640625,1055.8477783203125,2064.0,2708.257080078125,0,0,1,0,0,0,0,0,0,1,0,0,0.07781399041414261,0.04443209618330002,0.3259047865867615,0.0334930457174778,0.016101796180009842,0.030616270378232002,0.011992099694907665,0.051625438034534454,0.08754860609769821,0.07893235981464386,0.01837475411593914,0.05638672411441803
172,5.733333333333333,,,,insightface_bbox,0.6744016408920288,1199.101806640625,1055.8477783203125,2064.0,2708.257080078125,0,0,1,0,0,0,0,0,0,1,0,0,0.08087238669395447,0.04688344523310661,0.33346083760261536,0.035627007484436035,0.016914822161197662,0.03179238364100456,0.013199183158576488,0.05373063683509827,0.09166894853115082,0.07950446009635925,0.019319357350468636,0.05870966613292694
173,5.766666666666667,,,,insightface_bbox,0.6744016408920288,1199.101806640625,1055.8477783203125,2064.0,2708.257080078125,0,0,1,0,0,0,0,0,0,1,0,0,0.08108306676149368,0.04713640362024307,0.3339749574661255,0.035336438566446304,0.016742097213864326,0.03159618750214577,0.013087533414363861,0.05359495058655739,0.09177738428115845,0.08014446496963501,0.018460730090737343,0.05746864154934883
174,5.8,,,,insightface_bbox,0.6336684823036194,1188.876220703125,1036.0147705078125,2064.0,2744.611572265625,0,0,1,0,0,0,0,0,0,1,0,0,0.06264033913612366,0.03739726170897484,0.1863752007484436,0.023555977270007133,0.011142870411276817,0.02198432758450508,0.008041489869356155,0.03712019324302673,0.07845145463943481,0.07610629498958588,0.012774723581969738,0.04605666175484657
175,5.833333333333333,,,,insightface_bbox,0.6336684823036194,1188.876220703125,1036.0147705078125,2064.0,2744.611572265625,0,0,1,0,0,0,0,0,0,1,0,0,0.06634324043989182,0.038175251334905624,0.19507673382759094,0.024146774783730507,0.011625912971794605,0.02296680212020874,0.008643223904073238,0.03794756904244423,0.07795368880033493,0.07573448121547699,0.014580780640244484,0.049628548324108124
176,5.866666666666666,,,,insightface_bbox,0.6336684823036194,1188.876220703125,1036.0147705078125,2064.0,2744.611572265625,0,0,1,0,0,0,0,0,0,1,0,0,0.06613949686288834,0.038203876465559006,0.1935584992170334,0.023782093077898026,0.011272336356341839,0.02254968136548996,0.008599881082773209,0.03722034767270088,0.0783412978053093,0.07539114356040955,0.01383328065276146,0.04866858944296837
177,5.9,,,,insightface_bbox,0.6336684823036194,1188.876220703125,1036.0147705078125,2064.0,2744.611572265625,0,0,1,0,0,0,0,0,0,1,0,0,0.06227544695138931,0.035442840307950974,0.19029614329338074,0.022194266319274902,0.010658299550414085,0.020983081310987473,0.007907778024673462,0.034964680671691895,0.07793159037828445,0.0727870911359787,0.011921633034944534,0.04517035186290741
178,5.933333333333334,,,,insightface_bbox,0.6336684823036194,1188.876220703125,1036.0147705078125,2064.0,2744.611572265625,0,0,1,0,0,0,0,0,0,1,0,0,0.06623120605945587,0.03760421276092529,0.20641155540943146,0.02349284291267395,0.011341572739183903,0.021953405812382698,0.009600409306585789,0.03498183935880661,0.08016522228717804,0.0748215913772583,0.010927397757768631,0.04541947692632675
179,5.966666666666667,,,,insightface_bbox,0.6336684823036194,1188.876220703125,1036.0147705078125,2064.0,2744.611572265625,0,0,1,0,0,0,0,0,0,1,0,0,0.06785133481025696,0.03888494521379471,0.21440359950065613,0.024686280637979507,0.011918168514966965,0.022998720407485962,0.010506975464522839,0.03605109080672264,0.08168473839759827,0.07599037885665894,0.011984092183411121,0.04692666977643967
180,6.0,,,,insightface_bbox,0.6823657751083374,1192.004150390625,1075.9349365234375,2064.0,2724.165283203125,0,0,1,0,0,0,0,0,0,1,0,0,0.0788988471031189,0.04585736244916916,0.2775663137435913,0.03301138058304787,0.014440692961215973,0.02820495516061783,0.01317627914249897,0.04781679809093475,0.09145142138004303,0.08594784140586853,0.014417902566492558,0.051840636879205704
181,6.033333333333333,,,,insightface_bbox,0.6823657751083374,1192.004150390625,1075.9349365234375,2064.0,2724.165283203125,0,0,1,0,0,0,0,0,0,1,0,0,0.07587398588657379,0.04270721599459648,0.2643830180168152,0.030875394120812416,0.013611571863293648,0.027203790843486786,0.012894128449261189,0.04659038782119751,0.087654247879982,0.08571590483188629,0.014851427637040615,0.05191702023148537
182,6.066666666666666,,,,insightface_bbox,0.6823657751083374,1192.004150390625,1075.9349365234375,2064.0,2724.165283203125,0,0,1,0,0,0,0,0,0,1,0,0,0.07287128269672394,0.040625445544719696,0.25351497530937195,0.028981976211071014,0.01278859656304121,0.025226913392543793,0.01184084452688694,0.0445895679295063,0.08583255857229233,0.08226221799850464,0.012935805134475231,0.04873758554458618
183,6.1,,,,insightface_bbox,0.6823657751083374,1192.004150390625,1075.9349365234375,2064.0,2724.165283203125,0,0,1,0,0,0,0,0,0,1,0,0,0.07406360656023026,0.04197274148464203,0.2633357346057892,0.030445750802755356,0.01344155054539442,0.026224158704280853,0.011982879601418972,0.045737940818071365,0.0850537121295929,0.08120692521333694,0.014330395497381687,0.05053652077913284
184,6.133333333333334,,,,insightface_bbox,0.6823657751083374,1192.004150390625,1075.9349365234375,2064.0,2724.165283203125,0,0,1,0,0,0,0,0,0,1,0,0,0.07442857325077057,0.042128801345825195,0.2729024291038513,0.031080739572644234,0.013903282582759857,0.02695188857614994,0.012228776700794697,0.045751191675662994,0.08512071520090103,0.08164666593074799,0.015136051923036575,0.05197420343756676
185,6.166666666666667,,,,insightface_bbox,0.6823657751083374,1192.004150390625,1075.9349365234375,2064.0,2724.165283203125,0,0,1,0,0,0,0,0,0,1,0,0,0.07490260154008865,0.041686106473207474,0.2729232609272003,0.03048151358962059,0.013804427348077297,0.026820678263902664,0.01232687383890152,0.04505828022956848,0.08553031831979752,0.0819060280919075,0.01457736361771822,0.050924114882946014
186,6.2,,,,insightface_bbox,0.6625530123710632,1199.064453125,1065.653076171875,2064.0,2733.738525390625,0,0,1,0,0,0,0,0,0,1,0,0,0.07661093771457672,0.04298180714249611,0.2972804009914398,0.032784461975097656,0.014459490776062012,0.0278057511895895,0.012823558412492275,0.04863939434289932,0.08784259855747223,0.08291000127792358,0.01613312028348446,0.053556665778160095
187,6.233333333333333,,,,insightface_bbox,0.6625530123710632,1199.064453125,1065.653076171875,2064.0,2733.738525390625,0,0,1,0,0,0,0,0,0,1,0,0,0.07170557230710983,0.03987050801515579,0.273165762424469,0.03023746982216835,0.013302025385200977,0.025811055675148964,0.011051920242607594,0.04622603952884674,0.08513347804546356,0.08264507353305817,0.014690053649246693,0.05102000758051872
188,6.266666666666667,,,,insightface_bbox,0.6625530123710632,1199.064453125,1065.653076171875,2064.0,2733.738525390625,0,0,1,0,0,0,0,0,0,1,0,0,0.07002317160367966,0.03907494992017746,0.26260265707969666,0.029437042772769928,0.012913906946778297,0.024961713701486588,0.010536383837461472,0.04516102373600006,0.08308510482311249,0.08129478245973587,0.013589531183242798,0.049431174993515015
189,6.3,,,,insightface_bbox,0.6625530123710632,1199.064453125,1065.653076171875,2064.0,2733.738525390625,0,0,1,0,0,0,0,0,0,1,0,0,0.07103852182626724,0.03956753388047218,0.26326990127563477,0.02935851737856865,0.012902120128273964,0.024834536015987396,0.010437050834298134,0.0450093112885952,0.08236660063266754,0.08120433986186981,0.013510518707334995,0.049368273466825485
190,6.333333333333333,,,,insightface_bbox,0.6625530123710632,1199.064453125,1065.653076171875,2064.0,2733.738525390625,0,0,1,0,0,0,0,0,0,1,0,0,0.07058236002922058,0.039492808282375336,0.27056610584259033,0.029544714838266373,0.013034703209996223,0.02500322088599205,0.010647579096257687,0.04486548900604248,0.08351627737283707,0.08080488443374634,0.013640496879816055,0.04899133741855621
191,6.366666666666666,,,,insightface_bbox,0.6625530123710632,1199.064453125,1065.653076171875,2064.0,2733.738525390625,0,0,1,0,0,0,0,0,0,1,0,0,0.06930464506149292,0.03917520493268967,0.2629500925540924,0.029260052368044853,0.013112341985106468,0.024895362555980682,0.010476846247911453,0.044603053480386734,0.08236006647348404,0.08038513362407684,0.01359593030065298,0.04929417744278908
192,6.4,,,,insightface_bbox,0.6730548739433289,1195.24072265625,1044.4708251953125,2064.0,2680.999755859375,0,0,1,0,0,0,0,0,0,1,0,0,0.06778191775083542,0.037557438015937805,0.24475565552711487,0.02756560407578945,0.012586468830704689,0.024005470797419548,0.00978661235421896,0.04252912104129791,0.08053035289049149,0.07941019535064697,0.012863661162555218,0.047563858330249786
193,6.433333333333334,,,,insightface_bbox,0.6730548739433289,1195.24072265625,1044.4708251953125,2064.0,2680.999755859375,0,0,1,0,0,0,0,0,0,1,0,0,0.06442897766828537,0.03552263230085373,0.2314017415046692,0.026520490646362305,0.01206152979284525,0.022811029106378555,0.009405444376170635,0.041533615440130234,0.08017221093177795,0.07855242490768433,0.01283538993448019,0.04664616659283638
194,6.466666666666667,,,,insightface_bbox,0.6730548739433289,1195.24072265625,1044.4708251953125,2064.0,2680.999755859375,0,0,1,0,0,0,0,0,0,1,0,0,0.0629485696554184,0.03478669375181198,0.2253730297088623,0.025671333074569702,0.011673019267618656,0.022220980376005173,0.00889750849455595,0.04120727628469467,0.07987138628959656,0.07883244007825851,0.011647015810012817,0.04510030895471573
195,6.5,,,,insightface_bbox,0.6730548739433289,1195.24072265625,1044.4708251953125,2064.0,2680.999755859375,0,0,1,0,0,0,0,0,0,1,0,0,0.06421554833650589,0.03534311801195145,0.23195220530033112,0.026071596890687943,0.01194797083735466,0.022511111572384834,0.009036323986947536,0.04234064742922783,0.08151643723249435,0.08056387305259705,0.011472380720078945,0.045003533363342285
196,6.533333333333333,,,,insightface_bbox,0.6730548739433289,1195.24072265625,1044.4708251953125,2064.0,2680.999755859375,0,0,1,0,0,0,0,0,0,1,0,0,0.06670688092708588,0.03658205270767212,0.24564608931541443,0.02650618925690651,0.012256707064807415,0.023242134600877762,0.009440241381525993,0.043182022869586945,0.08324053138494492,0.08031734824180603,0.011944111436605453,0.046220142394304276
197,6.566666666666666,,,,insightface_bbox,0.6730548739433289,1195.24072265625,1044.4708251953125,2064.0,2680.999755859375,0,0,1,0,0,0,0,0,0,1,0,0,0.06862440705299377,0.03753167390823364,0.2551436126232147,0.02711966447532177,0.012490545399487019,0.02378876321017742,0.009840235114097595,0.04355169087648392,0.08376803994178772,0.08054196089506149,0.012308014556765556,0.04716618359088898
198,6.6,,,,insightface_bbox,0.6836008429527283,1176.255859375,1043.4583740234375,2064.0,2679.6025390625,0,0,1,0,0,0,0,0,0,1,0,0,0.061252810060977936,0.03254597634077072,0.19932237267494202,0.023369837552309036,0.010595832020044327,0.023863524198532104,0.006836664862930775,0.03957871347665787,0.0806180089712143,0.07113807648420334,0.017871089279651642,0.04788676276803017
199,6.633333333333334,,,,insightface_bbox,0.6836008429527283,1176.255859375,1043.4583740234375,2064.0,2679.6025390625,0,0,1,0,0,0,0,0,0,1,0,0,0.06314212828874588,0.03366374224424362,0.20736262202262878,0.024362388998270035,0.010882455855607986,0.024602290242910385,0.007150551304221153,0.04064022749662399,0.08086111396551132,0.07144757360219955,0.01944923959672451,0.04999999329447746
200,6.666666666666667,,,,insightface_bbox,0.6836008429527283,1176.255859375,1043.4583740234375,2064.0,2679.6025390625,0,0,1,0,0,0,0,0,0,0,0,0,0.06553007662296295,0.03519659489393234,0.2165505439043045,0.02661222405731678,0.01169303897768259,0.026337558403611183,0.008328723721206188,0.04335971176624298,0.08198431879281998,0.0741729736328125,0.022581815719604492,0.05345284938812256
201,6.7,,,,insightface_bbox,0.6836008429527283,1176.255859375,1043.4583740234375,2064.0,2679.6025390625,0,0,1,0,0,0,0,0,0,0,0,0,0.06610953062772751,0.03531670570373535,0.21693935990333557,0.026484034955501556,0.01173582673072815,0.026178285479545593,0.008371889591217041,0.04266364499926567,0.08201704919338226,0.0736423134803772,0.022144876420497894,0.0530722513794899
202,6.733333333333333,,,,insightface_bbox,0.6836008429527283,1176.255859375,1043.4583740234375,2064.0,2679.6025390625,0,0,1,0,0,0,0,0,0,0,0,0,0.0647292509675026,0.03503715619444847,0.21415399014949799,0.026277748867869377,0.011399000883102417,0.025834232568740845,0.008301150053739548,0.04214176908135414,0.08116092532873154,0.07319965958595276,0.021540196612477303,0.05192059651017189
203,6.766666666666667,,,,insightface_bbox,0.6836008429527283,1176.255859375,1043.4583740234375,2064.0,2679.6025390625,0,0,1,0,0,0,0,0,0,1,0,0,0.061933331191539764,0.033444859087467194,0.2086881399154663,0.024875540286302567,0.010422825813293457,0.024379529058933258,0.007881814613938332,0.03987963870167732,0.08063295483589172,0.07108967006206512,0.018583957105875015,0.04745269566774368
204,6.8,,,,insightface_bbox,0.6389186978340149,1205.02978515625,1025.6099853515625,2058.91650390625,2764.37353515625,0,0,1,0,0,0,0,0,0,1,0,0,0.07060655206441879,0.03888470306992531,0.3384702205657959,0.03047041781246662,0.015480326488614082,0.02755478210747242,0.011108522303402424,0.05338732898235321,0.09864754974842072,0.08455367386341095,0.011457251384854317,0.04518653452396393
205,6.833333333333333,,,,insightface_bbox,0.6389186978340149,1205.02978515625,1025.6099853515625,2058.91650390625,2764.37353515625,0,0,1,0,0,0,0,0,0,1,0,0,0.06740762293338776,0.03694748878479004,0.3161599636077881,0.0293362308293581,0.01470997091382742,0.026607565581798553,0.010745595209300518,0.05076000094413757,0.09571709483861923,0.08217775821685791,0.010800174437463284,0.04311061650514603
206,6.866666666666666,,,,insightface_bbox,0.6389186978340149,1205.02978515625,1025.6099853515625,2058.91650390625,2764.37353515625,0,0,1,0,0,0,0,0,0,1,0,0,0.06955570727586746,0.03819895535707474,0.32876309752464294,0.03027571178972721,0.01534268632531166,0.027415528893470764,0.011081510223448277,0.05364442616701126,0.09777792543172836,0.08412271738052368,0.010927194729447365,0.043999046087265015
207,6.9,,,,insightface_bbox,0.6389186978340149,1205.02978515625,1025.6099853515625,2058.91650390625,2764.37353515625,0,0,1,0,0,0,0,0,0,1,0,0,0.07444427907466888,0.04007583111524582,0.3560095429420471,0.03073459304869175,0.015785586088895798,0.027835946530103683,0.011378621682524681,0.052906330674886703,0.09945110231637955,0.08253097534179688,0.01112333033233881,0.046986691653728485
208,6.933333333333334,,,,insightface_bbox,0.6389186978340149,1205.02978515625,1025.6099853515625,2058.91650390625,2764.37353515625,0,0,1,0,0,0,0,0,0,1,0,0,0.07961036264896393,0.04231759160757065,0.37473535537719727,0.03201271966099739,0.016570089384913445,0.029616309329867363,0.011621987447142601,0.05452966317534447,0.09865647554397583,0.0825609639286995,0.012918486259877682,0.049848850816488266
209,6.966666666666667,,,,insightface_bbox,0.6389186978340149,1205.02978515625,1025.6099853515625,2058.91650390625,2764.37353515625,0,0,1,0,0,0,0,0,0,1,0,0,0.07696183025836945,0.04144350439310074,0.3700629472732544,0.031795430928468704,0.016522826626896858,0.029144488275051117,0.011915788054466248,0.05438626557588577,0.10097243636846542,0.08363763988018036,0.012036053463816643,0.048665307462215424
210,7.0,,,,insightface_bbox,0.6564271450042725,1197.72021484375,1017.4215698242188,2064.0,2753.2255859375,0,0,1,0,0,0,0,0,0,1,0,0,0.056813813745975494,0.032323725521564484,0.18832819163799286,0.023358460515737534,0.01086778100579977,0.020581502467393875,0.007412973791360855,0.038433779031038284,0.08087609708309174,0.07469061017036438,0.011198733933269978,0.04151506349444389
211,7.033333333333333,,,,insightface_bbox,0.6564271450042725,1197.72021484375,1017.4215698242188,2064.0,2753.2255859375,0,0,1,0,0,0,0,0,0,1,0,0,0.06340353935956955,0.035384874790906906,0.21845462918281555,0.025021249428391457,0.01165823545306921,0.02283761464059353,0.008760236203670502,0.04020387679338455,0.08478192985057831,0.07666733115911484,0.011906655505299568,0.0442427359521389
212,7.066666666666666,,,,insightface_bbox,0.6564271450042725,1197.72021484375,1017.4215698242188,2064.0,2753.2255859375,0,0,1,0,0,0,0,0,0,1,0,0,0.06348558515310287,0.03560132905840874,0.21807940304279327,0.02492210641503334,0.011550936847925186,0.02223479002714157,0.008474904112517834,0.03937455266714096,0.08288414776325226,0.0759378969669342,0.01089335884898901,0.04293885454535484
213,7.1,,,,insightface_bbox,0.6564271450042725,1197.72021484375,1017.4215698242188,2064.0,2753.2255859375,0,0,1,0,0,0,0,0,0,1,0,0,0.06304125487804413,0.03609675541520119,0.205128476023674,0.024055782705545425,0.01108405739068985,0.021120145916938782,0.008129164576530457,0.03710510581731796,0.07724004983901978,0.070470429956913,0.010573620907962322,0.04170931503176689
214,7.133333333333334,,,,insightface_bbox,0.6564271450042725,1197.72021484375,1017.4215698242188,2064.0,2753.2255859375,0,0,1,0,0,0,0,0,0,1,0,0,0.06226952373981476,0.03758668899536133,0.21203258633613586,0.024323925375938416,0.011256723664700985,0.02216530032455921,0.008265551179647446,0.037868745625019073,0.07676396518945694,0.07116331905126572,0.011296510696411133,0.04253460466861725
215,7.166666666666667,,,,insightface_bbox,0.6564271450042725,1197.72021484375,1017.4215698242188,2064.0,2753.2255859375,0,0,1,0,0,0,0,0,0,1,0,0,0.0667649656534195,0.03979835659265518,0.2278256118297577,0.02497131936252117,0.011458346620202065,0.02326573058962822,0.00888158567249775,0.03773793578147888,0.0769757553935051,0.07075661420822144,0.011964925564825535,0.04422789067029953
216,7.2,,,,insightface_bbox,0.6639621257781982,1208.267822265625,1004.205810546875,2064.0,2726.045654296875,0,0,1,0,0,0,0,0,0,1,0,0,0.06789800524711609,0.03956177085638046,0.2984407842159271,0.030944325029850006,0.014324279502034187,0.026854051277041435,0.01154413539916277,0.04753962159156799,0.085234135389328,0.08374141156673431,0.015091956593096256,0.050780437886714935
217,7.233333333333333,,,,insightface_bbox,0.6639621257781982,1208.267822265625,1004.205810546875,2064.0,2726.045654296875,0,0,1,0,0,0,0,0,0,1,0,0,0.0701887235045433,0.041813064366579056,0.31304991245269775,0.03170767426490784,0.014362011104822159,0.026689667254686356,0.011334270238876343,0.04849085584282875,0.08511029928922653,0.08151078224182129,0.014054420404136181,0.05174746736884117
218,7.266666666666667,,,,insightface_bbox,0.6639621257781982,1208.267822265625,1004.205810546875,2064.0,2726.045654296875,0,0,1,0,0,0,0,0,0,1,0,0,0.06642445176839828,0.040074143558740616,0.2981630563735962,0.031267307698726654,0.014250116422772408,0.02600688673555851,0.010848344303667545,0.04977671056985855,0.08747366070747375,0.0812012106180191,0.013153628446161747,0.05053792893886566
219,7.3,,,,insightface_bbox,0.6639621257781982,1208.267822265625,1004.205810546875,2064.0,2726.045654296875,0,0,1,0,0,0,0,0,0,1,0,0,0.06554222851991653,0.03919070214033127,0.29135459661483765,0.030731530860066414,0.014085490256547928,0.025589630007743835,0.010623293928802013,0.048519350588321686,0.08463599532842636,0.08011580258607864,0.013318504206836224,0.04966828227043152
220,7.333333333333333,,,,insightface_bbox,0.6639621257781982,1208.267822265625,1004.205810546875,2064.0,2726.045654296875,0,0,1,0,0,0,0,0,0,1,0,0,0.06565286964178085,0.03794335201382637,0.29053282737731934,0.02932177111506462,0.013673145323991776,0.02504778280854225,0.010401660576462746,0.04636538028717041,0.08359180390834808,0.0815998762845993,0.012543718330562115,0.048731207847595215
221,7.366666666666666,,,,insightface_bbox,0.6639621257781982,1208.267822265625,1004.205810546875,2064.0,2726.045654296875,0,0,1,0,0,0,0,0,0,1,0,0,0.07037796080112457,0.0408787801861763,0.3136751055717468,0.030944252386689186,0.014228160493075848,0.026626840233802795,0.012117940932512283,0.04617086052894592,0.0837719738483429,0.07829248160123825,0.014485805295407772,0.04895542562007904
222,7.4,,,,insightface_bbox,0.6538032293319702,1194.624755859375,1032.63330078125,2064.0,2725.60302734375,0,0,1,0,0,0,0,0,0,1,0,0,0.06631360203027725,0.03925107792019844,0.2321583777666092,0.025435011833906174,0.011284864507615566,0.022901657968759537,0.009052317589521408,0.039171695709228516,0.08095118403434753,0.0766865536570549,0.012879148125648499,0.04773132503032684
223,7.433333333333334,,,,insightface_bbox,0.6538032293319702,1194.624755859375,1032.63330078125,2064.0,2725.60302734375,0,0,1,0,0,0,0,0,0,1,0,0,0.06184755265712738,0.03693334385752678,0.21899226307868958,0.025286955758929253,0.010958012193441391,0.022259028628468513,0.008664999157190323,0.03872590884566307,0.07968123257160187,0.07567136734724045,0.013058839365839958,0.047413356602191925
224,7.466666666666667,,,,insightface_bbox,0.6538032293319702,1194.624755859375,1032.63330078125,2064.0,2725.60302734375,0,0,1,0,0,0,0,0,0,1,0,0,0.06185273826122284,0.037473391741514206,0.21763870120048523,0.025151602923870087,0.011022648774087429,0.022100243717432022,0.00859910063445568,0.0382702574133873,0.07805141061544418,0.0746501088142395,0.0125434510409832,0.046751901507377625
225,7.5,,,,insightface_bbox,0.6538032293319702,1194.624755859375,1032.63330078125,2064.0,2725.60302734375,0,0,1,0,0,0,0,0,0,1,0,0,0.06288105249404907,0.037272121757268906,0.22217071056365967,0.025460069999098778,0.011212947778403759,0.022462205961346626,0.00869238842278719,0.03879682347178459,0.07859504967927933,0.0747409388422966,0.012743828818202019,0.04684583097696304
226,7.533333333333333,,,,insightface_bbox,0.6538032293319702,1194.624755859375,1032.63330078125,2064.0,2725.60302734375,0,0,1,0,0,0,0,0,0,1,0,0,0.06504000723361969,0.03744661808013916,0.22786873579025269,0.025889769196510315,0.01163817010819912,0.02314966544508934,0.008835876360535622,0.0395231768488884,0.07949669659137726,0.0756632387638092,0.012912963517010212,0.047558508813381195
227,7.566666666666666,,,,insightface_bbox,0.6538032293319702,1194.624755859375,1032.63330078125,2064.0,2725.60302734375,0,0,1,0,0,0,0,0,0,1,0,0,0.06670844554901123,0.038234077394008636,0.23861965537071228,0.026647716760635376,0.01217576116323471,0.023910364136099815,0.009247208014130592,0.04009993374347687,0.08076122403144836,0.07559522241353989,0.013275905512273312,0.04814313352108002
228,7.6,,,,insightface_bbox,0.6505535840988159,1191.701904296875,1041.602783203125,2064.0,2721.13037109375,0,0,1,0,0,0,0,0,0,1,0,0,0.06597057729959488,0.0398779958486557,0.22329559922218323,0.02507370337843895,0.011270098388195038,0.022859010845422745,0.009690181352198124,0.03750286251306534,0.08186712116003036,0.07635653018951416,0.012006432749330997,0.04540432617068291
229,7.633333333333334,,,,insightface_bbox,0.6505535840988159,1191.701904296875,1041.602783203125,2064.0,2721.13037109375,0,0,1,0,0,0,0,0,0,1,0,0,0.0659448504447937,0.03891770541667938,0.22366195917129517,0.024428974837064743,0.011327019892632961,0.022638879716396332,0.009099304676055908,0.037221506237983704,0.08264139294624329,0.07633642852306366,0.011621532961726189,0.04530579224228859
230,7.666666666666667,,,,insightface_bbox,0.6505535840988159,1191.701904296875,1041.602783203125,2064.0,2721.13037109375,0,0,1,0,0,0,0,0,0,1,0,0,0.0681140124797821,0.03953194618225098,0.22285184264183044,0.02417711354792118,0.011494326405227184,0.022625375539064407,0.008722014725208282,0.03738108277320862,0.08202320337295532,0.07411950826644897,0.011514789424836636,0.04553671553730965
231,7.7,,,,insightface_bbox,0.6505535840988159,1191.701904296875,1041.602783203125,2064.0,2721.13037109375,0,0,1,0,0,0,0,0,0,1,0,0,0.06703781336545944,0.03769034147262573,0.21929001808166504,0.023037143051624298,0.01105564832687378,0.021635670214891434,0.008145802654325962,0.035531848669052124,0.08088573813438416,0.07084137946367264,0.010647624731063843,0.044309064745903015
232,7.733333333333333,,,,insightface_bbox,0.6505535840988159,1191.701904296875,1041.602783203125,2064.0,2721.13037109375,0,0,1,0,0,0,0,0,0,1,0,0,0.0666176825761795,0.03708633780479431,0.21986037492752075,0.022679172456264496,0.011062899604439735,0.02132735401391983,0.00799141451716423,0.03508488088846207,0.07978029549121857,0.06873396039009094,0.01044305507093668,0.04446698725223541
233,7.766666666666667,,,,insightface_bbox,0.6505535840988159,1191.701904296875,1041.602783203125,2064.0,2721.13037109375,0,0,1,0,0,0,0,0,0,1,0,0,0.06622610241174698,0.036400336772203445,0.22096024453639984,0.022586693987250328,0.01105919387191534,0.02113977260887623,0.007808400318026543,0.03496234863996506,0.07893040031194687,0.06781958043575287,0.010698623023927212,0.044687725603580475
234,7.8,,,,insightface_bbox,0.673162579536438,1178.5946044921875,1031.8409423828125,2064.0,2687.818359375,0,0,1,0,0,0,0,0,0,1,0,0,0.0593177005648613,0.03180151432752609,0.21195398271083832,0.02281348779797554,0.010110583156347275,0.022438345476984978,0.007099520415067673,0.03648517280817032,0.0788387656211853,0.06699515879154205,0.013781432062387466,0.041823260486125946
235,7.833333333333333,,,,insightface_bbox,0.673162579536438,1178.5946044921875,1031.8409423828125,2064.0,2687.818359375,0,0,1,0,0,0,0,0,0,1,0,0,0.060310814529657364,0.032139599323272705,0.20478922128677368,0.02307247556746006,0.010383376851677895,0.02241019904613495,0.007118943613022566,0.03704475611448288,0.07896000146865845,0.06689631938934326,0.013590111397206783,0.041820697486400604
236,7.866666666666666,,,,insightface_bbox,0.673162579536438,1178.5946044921875,1031.8409423828125,2064.0,2687.818359375,0,0,1,0,0,0,0,0,0,0,0,0,0.05966286361217499,0.03204967454075813,0.19427990913391113,0.02263370156288147,0.010223111137747765,0.022016476839780807,0.006873188074678183,0.03583093732595444,0.0762970820069313,0.06372527778148651,0.013579103164374828,0.041420307010412216
237,7.9,,,,insightface_bbox,0.673162579536438,1178.5946044921875,1031.8409423828125,2064.0,2687.818359375,0,0,1,0,0,0,0,0,0,0,0,0,0.0576561838388443,0.030546601861715317,0.18833057582378387,0.021645627915859222,0.009701542556285858,0.021621745079755783,0.006597922183573246,0.03500260040163994,0.07580214738845825,0.0623379684984684,0.013494176790118217,0.04091920331120491
238,7.933333333333334,,,,insightface_bbox,0.673162579536438,1178.5946044921875,1031.8409423828125,2064.0,2687.818359375,0,0,1,0,0,0,0,0,0,1,0,0,0.05519824102520943,0.02996755577623844,0.186769038438797,0.021183699369430542,0.009151041507720947,0.021191176027059555,0.006780881434679031,0.034259866923093796,0.07688400149345398,0.06154203414916992,0.012772634625434875,0.03971288353204727
239,7.966666666666667,,,,insightface_bbox,0.673162579536438,1178.5946044921875,1031.8409423828125,2064.0,2687.818359375,0,0,1,0,0,0,0,0,0,1,0,0,0.05582467466592789,0.03035600297152996,0.1962083876132965,0.021431127563118935,0.009021356701850891,0.020940026268363,0.0069622742012143135,0.034005336463451385,0.08036507666110992,0.06348477303981781,0.011966729536652565,0.03943764045834541
240,8.0,,,,insightface_bbox,0.657721996307373,1192.5543212890625,1030.57080078125,2064.0,2708.866455078125,0,0,1,0,0,0,0,0,0,1,0,0,0.05919276177883148,0.03290744498372078,0.19707074761390686,0.02197619155049324,0.010097581893205643,0.019959313794970512,0.00817088969051838,0.0338117741048336,0.07774649560451508,0.07150956243276596,0.010917721316218376,0.04204243794083595
241,8.033333333333333,,,,insightface_bbox,0.657721996307373,1192.5543212890625,1030.57080078125,2064.0,2708.866455078125,0,0,1,0,0,0,0,0,0,1,0,0,0.05920202285051346,0.03413165360689163,0.19461004436016083,0.021947965025901794,0.010011572390794754,0.019855031743645668,0.008154288865625858,0.0337480828166008,0.07784417271614075,0.07216156274080276,0.010023174807429314,0.041304510086774826
242,8.066666666666666,,,,insightface_bbox,0.657721996307373,1192.5543212890625,1030.57080078125,2064.0,2708.866455078125,0,0,1,0,0,0,0,0,0,1,0,0,0.06222546100616455,0.037205327302217484,0.20133964717388153,0.023372236639261246,0.010497741401195526,0.021007705479860306,0.008950076065957546,0.03562559187412262,0.07977082580327988,0.07563996315002441,0.010438972152769566,0.04241720587015152
243,8.1,,,,insightface_bbox,0.657721996307373,1192.5543212890625,1030.57080078125,2064.0,2708.866455078125,0,0,1,0,0,0,0,0,0,1,0,0,0.06469806283712387,0.03842712193727493,0.20967179536819458,0.024230241775512695,0.01086641475558281,0.021975615993142128,0.009519354440271854,0.03614795207977295,0.0799444243311882,0.0754595696926117,0.01138949766755104,0.043719999492168427
244,8.133333333333333,,,,insightface_bbox,0.657721996307373,1192.5543212890625,1030.57080078125,2064.0,2708.866455078125,0,0,1,0,0,0,0,0,0,1,0,0,0.061559513211250305,0.03597423806786537,0.21144917607307434,0.023423846811056137,0.010669213719666004,0.02159162610769272,0.009019196964800358,0.03553878143429756,0.07854194194078445,0.07421073317527771,0.01150688249617815,0.04340130463242531
245,8.166666666666666,,,,insightface_bbox,0.657721996307373,1192.5543212890625,1030.57080078125,2064.0,2708.866455078125,0,0,1,0,0,0,0,0,0,1,0,0,0.059652458876371384,0.03403529152274132,0.20716765522956848,0.022264717146754265,0.010526156052947044,0.020637651905417442,0.008295956067740917,0.03354852646589279,0.07683561742305756,0.07000124454498291,0.010228435508906841,0.04062510281801224
246,8.2,,,,insightface_bbox,0.6427011489868164,1207.777099609375,1046.279296875,2064.0,2773.802734375,0,0,1,0,0,0,0,0,0,1,0,0,0.06058734655380249,0.03303869068622589,0.2844139635562897,0.027073966339230537,0.013639647513628006,0.02353244461119175,0.010319273918867111,0.04616926982998848,0.08705455809831619,0.08091112971305847,0.009457333013415337,0.042888157069683075
247,8.233333333333333,,,,insightface_bbox,0.6427011489868164,1207.777099609375,1046.279296875,2064.0,2773.802734375,0,0,1,0,0,0,0,0,0,1,0,0,0.060626402497291565,0.0330381765961647,0.28355997800827026,0.02772454172372818,0.013847779482603073,0.024029484018683434,0.010791487991809845,0.047331977635622025,0.08842305094003677,0.07992721349000931,0.009885543957352638,0.04268569499254227
248,8.266666666666667,,,,insightface_bbox,0.6427011489868164,1207.777099609375,1046.279296875,2064.0,2773.802734375,0,0,1,0,0,0,0,0,0,1,0,0,0.06392084062099457,0.035924457013607025,0.29164236783981323,0.029186170548200607,0.014350276440382004,0.02474098466336727,0.011078869923949242,0.04969222471117973,0.09104952961206436,0.08036930114030838,0.009827282279729843,0.044561952352523804
249,8.3,,,,insightface_bbox,0.6427011489868164,1207.777099609375,1046.279296875,2064.0,2773.802734375,0,0,1,0,0,0,0,0,0,1,0,0,0.06288609653711319,0.03616253286600113,0.28239792585372925,0.028909331187605858,0.01393366139382124,0.024386391043663025,0.010874520987272263,0.04886734485626221,0.08982591331005096,0.07983729243278503,0.010521087795495987,0.04541037976741791
250,8.333333333333334,,,,insightface_bbox,0.6427011489868164,1207.777099609375,1046.279296875,2064.0,2773.802734375,0,0,1,0,0,0,0,0,0,1,0,0,0.06183494254946709,0.03533031791448593,0.284304678440094,0.029153786599636078,0.014081606641411781,0.024936998263001442,0.011021468788385391,0.05019630864262581,0.0908304825425148,0.08290828764438629,0.010924315080046654,0.045773591846227646
251,8.366666666666667,,,,insightface_bbox,0.6427011489868164,1207.777099609375,1046.279296875,2064.0,2773.802734375,0,0,1,0,0,0,0,0,0,1,0,0,0.059631913900375366,0.033187780529260635,0.2776932716369629,0.027870196849107742,0.013679120689630508,0.024769023060798645,0.010792510583996773,0.04869385063648224,0.0903308093547821,0.08227965980768204,0.010510366410017014,0.04417635500431061
252,8.4,,,,insightface_bbox,0.6388554573059082,1209.035400390625,1016.294921875,2064.0,2791.445068359375,0,0,1,0,0,0,0,0,0,1,0,0,0.059749916195869446,0.033376097679138184,0.2765789330005646,0.027507038787007332,0.013342644087970257,0.024604471400380135,0.010890498757362366,0.04675077646970749,0.08615969121456146,0.08183390647172928,0.010872818529605865,0.0449933260679245
253,8.433333333333334,,,,insightface_bbox,0.6388554573059082,1209.035400390625,1016.294921875,2064.0,2791.445068359375,0,0,1,0,0,0,0,0,0,1,0,0,0.06364074349403381,0.03517988324165344,0.2951800227165222,0.028879055753350258,0.013891341164708138,0.026030659675598145,0.01119142584502697,0.04916803538799286,0.08860352635383606,0.08282621204853058,0.012223427183926105,0.048058535903692245
254,8.466666666666667,,,,insightface_bbox,0.6388554573059082,1209.035400390625,1016.294921875,2064.0,2791.445068359375,0,0,1,0,0,0,0,0,0,1,0,0,0.06811529397964478,0.03813624754548073,0.3083239197731018,0.03099275752902031,0.014675268903374672,0.027345528826117516,0.012071466073393822,0.050301291048526764,0.08763523399829865,0.08087386190891266,0.014197850599884987,0.052316173911094666
255,8.5,,,,insightface_bbox,0.6388554573059082,1209.035400390625,1016.294921875,2064.0,2791.445068359375,0,0,1,0,0,0,0,0,0,1,0,0,0.07187917083501816,0.04008864983916283,0.3175079822540283,0.032409150153398514,0.015151099301874638,0.028801655396819115,0.012252981774508953,0.05183633416891098,0.08843261748552322,0.08247707039117813,0.01739266701042652,0.056891657412052155
256,8.533333333333333,,,,insightface_bbox,0.6388554573059082,1209.035400390625,1016.294921875,2064.0,2791.445068359375,0,0,1,0,0,0,0,0,0,1,0,0,0.07208581268787384,0.04011493921279907,0.3115675151348114,0.03234601765871048,0.0152210658416152,0.02885015495121479,0.011989207938313484,0.05207333713769913,0.08746804296970367,0.08178398758172989,0.018281182274222374,0.05692003294825554
257,8.566666666666666,,,,insightface_bbox,0.6388554573059082,1209.035400390625,1016.294921875,2064.0,2791.445068359375,0,0,1,0,0,0,0,0,0,1,0,0,0.069488525390625,0.03884516656398773,0.2948440611362457,0.03147202357649803,0.014827383682131767,0.02794123813509941,0.011416231282055378,0.05276250094175339,0.08866533637046814,0.08380434662103653,0.01648745685815811,0.05437223240733147
258,8.6,,,,insightface_bbox,0.6532280445098877,1200.4615478515625,1040.893798828125,2064.0,2739.70263671875,0,0,1,0,0,0,0,0,0,1,0,0,0.07352715730667114,0.042705558240413666,0.30426278710365295,0.03217051178216934,0.014706299640238285,0.027679499238729477,0.012406542897224426,0.048908498138189316,0.08615027368068695,0.07989763468503952,0.015914853662252426,0.05298998951911926
259,8.633333333333333,,,,insightface_bbox,0.6532280445098877,1200.4615478515625,1040.893798828125,2064.0,2739.70263671875,0,0,1,0,0,0,0,0,0,1,0,0,0.06831581890583038,0.03964472562074661,0.28618472814559937,0.03022967278957367,0.01401348877698183,0.02597680315375328,0.011196927167475224,0.047359708696603775,0.0848035141825676,0.07515442371368408,0.013464249670505524,0.04949422553181648
260,8.666666666666666,,,,insightface_bbox,0.6532280445098877,1200.4615478515625,1040.893798828125,2064.0,2739.70263671875,0,0,1,0,0,0,0,0,0,1,0,0,0.06529127806425095,0.03833679109811783,0.2733340263366699,0.028854094445705414,0.013508051633834839,0.024664998054504395,0.01014571450650692,0.04620363563299179,0.08316078782081604,0.07244541496038437,0.012105714529752731,0.04726620763540268
261,8.7,,,,insightface_bbox,0.6532280445098877,1200.4615478515625,1040.893798828125,2064.0,2739.70263671875,0,0,1,0,0,0,0,0,0,1,0,0,0.06704815477132797,0.03937311843037605,0.2833106815814972,0.029095299541950226,0.013381299562752247,0.0250152088701725,0.010375435464084148,0.04530223459005356,0.08121158182621002,0.07049425691366196,0.013359254226088524,0.048566531389951706
262,8.733333333333333,,,,insightface_bbox,0.6532280445098877,1200.4615478515625,1040.893798828125,2064.0,2739.70263671875,0,0,1,0,0,0,0,0,0,1,0,0,0.0708073228597641,0.04106957092881203,0.2898578345775604,0.030730146914720535,0.013913157396018505,0.026531022042036057,0.010807094164192677,0.04720262438058853,0.08141219615936279,0.0749715194106102,0.01548703946173191,0.05185062065720558
263,8.766666666666667,,,,insightface_bbox,0.6532280445098877,1200.4615478515625,1040.893798828125,2064.0,2739.70263671875,0,0,1,0,0,0,0,0,0,1,0,0,0.07149067521095276,0.04147277772426605,0.2934797406196594,0.030369065701961517,0.013825120404362679,0.026429161429405212,0.010652121156454086,0.04659126698970795,0.0818217471241951,0.07637786865234375,0.015272710472345352,0.05111344903707504
264,8.8,,,,insightface_bbox,0.6647774577140808,1192.1805419921875,1039.2781982421875,2064.0,2707.8857421875,0,0,1,0,0,0,0,0,0,1,0,0,0.060264378786087036,0.03556298464536667,0.206276997923851,0.02436697855591774,0.011038539931178093,0.02141675166785717,0.007624142337590456,0.03740819916129112,0.07777116447687149,0.0723523274064064,0.011169973760843277,0.04393550008535385
265,8.833333333333334,,,,insightface_bbox,0.6647774577140808,1192.1805419921875,1039.2781982421875,2064.0,2707.8857421875,0,0,1,0,0,0,0,0,0,1,0,0,0.06078241392970085,0.036020658910274506,0.20009168982505798,0.02388169802725315,0.01092099491506815,0.020869774743914604,0.0074902065098285675,0.03612948954105377,0.07663454115390778,0.07079646736383438,0.010539092123508453,0.042944639921188354
266,8.866666666666667,,,,insightface_bbox,0.6647774577140808,1192.1805419921875,1039.2781982421875,2064.0,2707.8857421875,0,0,1,0,0,0,0,0,0,1,0,0,0.059169087558984756,0.03511673957109451,0.1902281641960144,0.02306097187101841,0.01038528885692358,0.019625067710876465,0.007233760319650173,0.03436766192317009,0.0754394456744194,0.06814150512218475,0.010032485239207745,0.04232940077781677
267,8.9,,,,insightface_bbox,0.6647774577140808,1192.1805419921875,1039.2781982421875,2064.0,2707.8857421875,0,0,1,0,0,0,0,0,0,1,0,0,0.0607031024992466,0.03591199219226837,0.1942066103219986,0.023344939574599266,0.01045139692723751,0.019825518131256104,0.007302555721253157,0.03467852249741554,0.07622917741537094,0.06844586879014969,0.010155240073800087,0.04290942847728729
268,8.933333333333334,,,,insightface_bbox,0.6647774577140808,1192.1805419921875,1039.2781982421875,2064.0,2707.8857421875,0,0,1,0,0,0,0,0,0,1,0,0,0.06135869026184082,0.03570369631052017,0.19202783703804016,0.023371301591396332,0.010532875545322895,0.019919417798519135,0.007372512016445398,0.03529582545161247,0.07694608718156815,0.06926001608371735,0.010552901774644852,0.043784499168395996
269,8.966666666666667,,,,insightface_bbox,0.6647774577140808,1192.1805419921875,1039.2781982421875,2064.0,2707.8857421875,0,0,1,0,0,0,0,0,0,1,0,0,0.06241889297962189,0.03712347894906998,0.193386971950531,0.024031296372413635,0.010722269304096699,0.020450076088309288,0.007546715904027224,0.03597353771328926,0.07733664661645889,0.07028604298830032,0.01126323826611042,0.044835563749074936
270,9.0,,,,insightface_bbox,0.6590749025344849,1174.5543212890625,1031.4893798828125,2064.0,2679.571044921875,0,0,1,0,0,0,0,0,0,0,0,0,0.057655446231365204,0.03388962894678116,0.1832389235496521,0.025173472240567207,0.009620899334549904,0.02235361374914646,0.008309212513267994,0.034620195627212524,0.07337230443954468,0.0594027042388916,0.015556884929537773,0.044170524924993515
271,9.033333333333333,,,,insightface_bbox,0.6590749025344849,1174.5543212890625,1031.4893798828125,2064.0,2679.571044921875,0,0,1,0,0,0,0,0,0,0,0,0,0.059276044368743896,0.035331252962350845,0.18675701320171356,0.025295177474617958,0.009603557176887989,0.02260575070977211,0.008325029164552689,0.0340440571308136,0.07014511525630951,0.057518430054187775,0.016531113535165787,0.04570860415697098
272,9.066666666666666,,,,insightface_bbox,0.6590749025344849,1174.5543212890625,1031.4893798828125,2064.0,2679.571044921875,0,0,1,0,0,0,0,0,0,0,0,0,0.059938348829746246,0.035628609359264374,0.18653550744056702,0.02473904937505722,0.009546658024191856,0.022828876972198486,0.008257354609668255,0.0341135673224926,0.0700453594326973,0.058279987424612045,0.016858847811818123,0.04600725322961807
273,9.1,,,,insightface_bbox,0.6590749025344849,1174.5543212890625,1031.4893798828125,2064.0,2679.571044921875,0,0,1,0,0,0,0,0,0,0,0,0,0.0585549920797348,0.03460144251585007,0.17911551892757416,0.02414538711309433,0.009357467293739319,0.022384969517588615,0.007901501841843128,0.03363006189465523,0.0692833736538887,0.05763838067650795,0.016861900687217712,0.04514218121767044
274,9.133333333333333,,,,insightface_bbox,0.6590749025344849,1174.5543212890625,1031.4893798828125,2064.0,2679.571044921875,0,0,1,0,0,0,0,0,0,0,0,0,0.05972695350646973,0.03545455262064934,0.18174588680267334,0.024526607245206833,0.009460115805268288,0.022230055183172226,0.007797627709805965,0.03355766087770462,0.06845488399267197,0.05701111629605293,0.016129815950989723,0.044675689190626144
275,9.166666666666666,,,,insightface_bbox,0.6590749025344849,1174.5543212890625,1031.4893798828125,2064.0,2679.571044921875,0,0,1,0,0,0,0,0,0,0,0,0,0.060591742396354675,0.03549642115831375,0.17479312419891357,0.024764027446508408,0.009612830355763435,0.022172246128320694,0.007604136131703854,0.034013599157333374,0.0692887157201767,0.057893335819244385,0.015965566039085388,0.043706707656383514
276,9.2,,,,insightface_bbox,0.6632066369056702,1161.892578125,1026.3299560546875,2064.0,2689.74609375,0,0,1,0,0,0,0,0,0,0,0,0,0.06241057813167572,0.03926755487918854,0.1709209382534027,0.026592843234539032,0.009749730117619038,0.02332231216132641,0.009084915742278099,0.03690437227487564,0.07058282941579819,0.062053583562374115,0.017744334414601326,0.049120206385850906
277,9.233333333333333,,,,insightface_bbox,0.6632066369056702,1161.892578125,1026.3299560546875,2064.0,2689.74609375,0,0,1,0,0,0,0,0,0,0,0,0,0.05954023450613022,0.03674702346324921,0.15523618459701538,0.025225382298231125,0.009423458017408848,0.0220932774245739,0.007971697486937046,0.03549766540527344,0.06814634799957275,0.060409173369407654,0.01633191481232643,0.046059902757406235
278,9.266666666666667,,,,insightface_bbox,0.6632066369056702,1161.892578125,1026.3299560546875,2064.0,2689.74609375,0,0,1,0,0,0,0,0,0,0,0,0,0.05882234871387482,0.03605685755610466,0.1532892882823944,0.024793338030576706,0.009274380281567574,0.021617896854877472,0.007813822478055954,0.03511376306414604,0.06731907278299332,0.05994967371225357,0.015412671491503716,0.04510001093149185
279,9.3,,,,insightface_bbox,0.6632066369056702,1161.892578125,1026.3299560546875,2064.0,2689.74609375,0,0,1,0,0,0,0,0,0,0,0,0,0.05723245441913605,0.03531981632113457,0.1449415534734726,0.024400964379310608,0.009119974449276924,0.02123415283858776,0.007736478932201862,0.03507284075021744,0.06676068902015686,0.059533048421144485,0.014912434853613377,0.04419412463903427
280,9.333333333333334,,,,insightface_bbox,0.6632066369056702,1161.892578125,1026.3299560546875,2064.0,2689.74609375,0,0,1,0,0,0,0,0,0,0,0,0,0.05526447668671608,0.03404650837182999,0.13942550122737885,0.02368403784930706,0.00884423777461052,0.020607849583029747,0.0074091628193855286,0.03444817289710045,0.06620149314403534,0.05855027213692665,0.014230278320610523,0.04242663085460663
281,9.366666666666667,,,,insightface_bbox,0.6632066369056702,1161.892578125,1026.3299560546875,2064.0,2689.74609375,0,0,1,0,0,0,0,0,0,0,0,0,0.056531794369220734,0.03511732444167137,0.14089062809944153,0.024152928963303566,0.009105694480240345,0.021122973412275314,0.00773365143686533,0.03526565432548523,0.06717586517333984,0.05992609262466431,0.013904280960559845,0.04240885004401207
282,9.4,,,,insightface_bbox,0.669813334941864,1181.65478515625,1056.7926025390625,2064.0,2683.187744140625,0,0,1,0,0,0,0,0,0,0,0,0,0.0636526346206665,0.03561577945947647,0.19254280626773834,0.02445239946246147,0.01087198592722416,0.022952089086174965,0.007895335555076599,0.03861066326498985,0.07586828619241714,0.06728118658065796,0.015305925160646439,0.04460155963897705
283,9.433333333333334,,,,insightface_bbox,0.669813334941864,1181.65478515625,1056.7926025390625,2064.0,2683.187744140625,0,0,1,0,0,0,0,0,0,1,0,0,0.061140596866607666,0.034064218401908875,0.18829195201396942,0.02308197319507599,0.01038445346057415,0.02184057980775833,0.0073647829703986645,0.03729984536767006,0.07508033514022827,0.06574217975139618,0.013682953082025051,0.04150132089853287
284,9.466666666666667,,,,insightface_bbox,0.669813334941864,1181.65478515625,1056.7926025390625,2064.0,2683.187744140625,0,0,1,0,0,0,0,0,0,1,0,0,0.06023804098367691,0.03352579474449158,0.18561504781246185,0.022532176226377487,0.010286631062626839,0.021604765206575394,0.007235857658088207,0.036881111562252045,0.07480692863464355,0.06512314081192017,0.013188234530389309,0.040554411709308624
285,9.5,,,,insightface_bbox,0.669813334941864,1181.65478515625,1056.7926025390625,2064.0,2683.187744140625,0,0,1,0,0,0,0,0,0,1,0,0,0.06107577681541443,0.03379925340414047,0.18926015496253967,0.022732436656951904,0.01040088851004839,0.021796805784106255,0.007471745368093252,0.03706485778093338,0.0754629448056221,0.0651271790266037,0.013216061517596245,0.04079821705818176
286,9.533333333333333,,,,insightface_bbox,0.669813334941864,1181.65478515625,1056.7926025390625,2064.0,2683.187744140625,0,0,1,0,0,0,0,0,0,1,0,0,0.06139708310365677,0.03393438830971718,0.19063380360603333,0.02283361181616783,0.010519612580537796,0.02189507707953453,0.007559924386441708,0.03730335831642151,0.07634223252534866,0.06580677628517151,0.013110515661537647,0.04090574011206627
287,9.566666666666666,,,,insightface_bbox,0.669813334941864,1181.65478515625,1056.7926025390625,2064.0,2683.187744140625,0,0,1,0,0,0,0,0,0,1,0,0,0.060751475393772125,0.033593203872442245,0.18818393349647522,0.02262108027935028,0.010421879589557648,0.021738965064287186,0.007472321856766939,0.03718075156211853,0.076079823076725,0.06580240279436111,0.013002851977944374,0.040635764598846436
288,9.6,,,,insightface_bbox,0.6817926168441772,1180.62158203125,1071.416015625,2064.0,2679.28955078125,0,0,1,0,0,0,0,0,0,1,0,0,0.061749327927827835,0.03400861844420433,0.18536168336868286,0.02283189259469509,0.010599417611956596,0.02186882309615612,0.00744266714900732,0.03754618763923645,0.07681293040513992,0.06735049933195114,0.012864413671195507,0.04115712270140648
289,9.633333333333333,,,,insightface_bbox,0.6817926168441772,1180.62158203125,1071.416015625,2064.0,2679.28955078125,0,0,1,0,0,0,0,0,0,1,0,0,0.06172217056155205,0.03374127298593521,0.18660959601402283,0.023498183116316795,0.010811361484229565,0.022407177835702896,0.007839130237698555,0.0384724959731102,0.07903626561164856,0.06986647099256516,0.013669466599822044,0.04224233329296112
290,9.666666666666666,,,,insightface_bbox,0.6817926168441772,1180.62158203125,1071.416015625,2064.0,2679.28955078125,0,0,1,0,0,0,0,0,0,1,0,0,0.061126887798309326,0.03322519734501839,0.18591704964637756,0.023238549008965492,0.01081483531743288,0.022308165207505226,0.007754035759717226,0.0383894182741642,0.07909266650676727,0.06979233771562576,0.013728934340178967,0.042372651398181915
291,9.7,,,,insightface_bbox,0.6817926168441772,1180.62158203125,1071.416015625,2064.0,2679.28955078125,0,0,1,0,0,0,0,0,0,1,0,0,0.06182294338941574,0.033530063927173615,0.1867702454328537,0.023267919197678566,0.010813076049089432,0.022313399240374565,0.007733721286058426,0.038258399814367294,0.0784982368350029,0.06938369572162628,0.013786282390356064,0.042715758085250854
292,9.733333333333333,,,,insightface_bbox,0.6817926168441772,1180.62158203125,1071.416015625,2064.0,2679.28955078125,0,0,1,0,0,0,0,0,0,1,0,0,0.061489999294281006,0.03330124914646149,0.18952064216136932,0.023374751210212708,0.010861184448003769,0.022187883034348488,0.00778913451358676,0.03820908069610596,0.0791645497083664,0.06992778927087784,0.013782796449959278,0.04252362996339798
