frame_idx,frame_time_in_ms,pitch,yaw,roll,face_alignment_method,face_detection_score,face_bbox_xmin,face_bbox_ymin,face_bbox_xmax,face_bbox_ymax,au_1,au_2,au_4,au_6,au_7,au_10,au_12,au_14,au_15,au_17,au_23,au_24,au_1_intensity,au_2_intensity,au_4_intensity,au_5_intensity,au_6_intensity,au_9_intensity,au_12_intensity,au_15_intensity,au_17_intensity,au_20_intensity,au_25_intensity,au_26_intensity
0,0.0,,,,insightface_bbox,0.7336203455924988,1078.79052734375,741.3628540039062,2036.084716796875,2462.341064453125,0,0,0,0,0,0,0,0,0,0,0,0,0.054178059101104736,0.025162044912576675,0.06637599319219589,0.020070979371666908,0.009662012569606304,0.023006228730082512,0.011051246896386147,0.04035402461886406,0.07602710276842117,0.07533295452594757,0.07117737084627151,0.10045486688613892
1,0.03333333333333333,,,,insightface_bbox,0.7336203455924988,1078.79052734375,741.3628540039062,2036.084716796875,2462.341064453125,0,0,0,0,0,0,0,0,0,0,0,0,0.0402623750269413,0.020996637642383575,0.047655463218688965,0.01750529557466507,0.008114658296108246,0.01956276223063469,0.00939436350017786,0.03145177289843559,0.06002227962017059,0.05469011515378952,0.05102656036615372,0.09496578574180603
2,0.06666666666666667,,,,insightface_bbox,0.7336203455924988,1078.79052734375,741.3628540039062,2036.084716796875,2462.341064453125,0,0,0,0,0,0,0,0,0,0,0,0,0.04156450182199478,0.023404546082019806,0.04168955609202385,0.01905362494289875,0.007552542258054018,0.01926911622285843,0.008272998034954071,0.03301098570227623,0.0539330393075943,0.049405019730329514,0.05921120196580887,0.1048617959022522
3,0.1,,,,insightface_bbox,0.7336203455924988,1078.79052734375,741.3628540039062,2036.084716796875,2462.341064453125,0,0,0,0,0,0,0,0,0,0,0,0,0.04559241235256195,0.026086950674653053,0.042951032519340515,0.021172519773244858,0.00815916620194912,0.020668279379606247,0.0090414360165596,0.036165568977594376,0.054049622267484665,0.05167652666568756,0.06988280266523361,0.11651618778705597
4,0.13333333333333333,,,,insightface_bbox,0.7336203455924988,1078.79052734375,741.3628540039062,2036.084716796875,2462.341064453125,0,0,0,0,0,0,0,0,0,0,0,0,0.04715843126177788,0.02692357823252678,0.04393429309129715,0.0233762264251709,0.008205898106098175,0.0205656960606575,0.009203825145959854,0.038048699498176575,0.05636240914463997,0.0561848059296608,0.06379932910203934,0.12250298261642456
5,0.16666666666666666,,,,insightface_bbox,0.7336203455924988,1078.79052734375,741.3628540039062,2036.084716796875,2462.341064453125,0,0,0,0,0,0,0,0,0,0,0,0,0.047696806490421295,0.027975521981716156,0.04648875072598457,0.02461683750152588,0.00844411738216877,0.0218232199549675,0.009394541382789612,0.03920551761984825,0.05669890344142914,0.05554119497537613,0.07436475902795792,0.1298139989376068
6,0.2,,,,insightface_bbox,0.7164715528488159,1067.50634765625,723.2780151367188,2028.1986083984375,2452.980712890625,0,0,0,0,0,0,0,0,0,0,0,0,0.04476533830165863,0.026504358276724815,0.04011649638414383,0.020877566188573837,0.008433126844465733,0.020823339000344276,0.008737968280911446,0.03392844647169113,0.05326235294342041,0.05217105150222778,0.06062931567430496,0.1142088994383812
7,0.23333333333333334,,,,insightface_bbox,0.7164715528488159,1067.50634765625,723.2780151367188,2028.1986083984375,2452.980712890625,0,0,0,0,0,0,0,0,0,0,0,0,0.04706096649169922,0.026908475905656815,0.04477750509977341,0.02259121835231781,0.008562779054045677,0.02215631492435932,0.009195514023303986,0.03684527426958084,0.05793643742799759,0.055412016808986664,0.06872248649597168,0.1167292520403862
8,0.26666666666666666,,,,insightface_bbox,0.7164715528488159,1067.50634765625,723.2780151367188,2028.1986083984375,2452.980712890625,0,0,0,0,0,0,0,0,0,0,0,0,0.04754411429166794,0.027035564184188843,0.043957002460956573,0.023013602942228317,0.008718673139810562,0.022396670654416084,0.009408529847860336,0.038259465247392654,0.058158691972494125,0.056231360882520676,0.07231853902339935,0.12200615555047989
9,0.3,,,,insightface_bbox,0.7164715528488159,1067.50634765625,723.2780151367188,2028.1986083984375,2452.980712890625,0,0,0,0,0,0,0,0,0,0,0,0,0.04762239009141922,0.02711327373981476,0.04417549446225166,0.023297255858778954,0.00871804729104042,0.022327087819576263,0.009424610063433647,0.03808216378092766,0.05842910706996918,0.05569267272949219,0.0722067803144455,0.12092223763465881
10,0.3333333333333333,,,,insightface_bbox,0.7164715528488159,1067.50634765625,723.2780151367188,2028.1986083984375,2452.980712890625,0,0,0,0,0,0,0,0,0,0,0,0,0.04697326570749283,0.02660476043820381,0.04340669512748718,0.02277158387005329,0.00855516828596592,0.021982599049806595,0.0091816121712327,0.037005383521318436,0.05857047066092491,0.054465122520923615,0.0663151890039444,0.11263476312160492
11,0.36666666666666664,,,,insightface_bbox,0.7164715528488159,1067.50634765625,723.2780151367188,2028.1986083984375,2452.980712890625,0,0,0,0,0,0,0,0,0,0,0,0,0.04683149605989456,0.026815716177225113,0.043616726994514465,0.022837994620203972,0.008570359088480473,0.022096652537584305,0.009335425682365894,0.038263916969299316,0.05882120877504349,0.05365414172410965,0.07106517255306244,0.11518687754869461
12,0.4,,,,insightface_bbox,0.7302461862564087,1055.4549560546875,749.7696533203125,2020.239013671875,2443.521728515625,0,0,0,0,0,0,0,0,0,0,0,0,0.04885391891002655,0.030544433742761612,0.04998140037059784,0.025282809510827065,0.008655319921672344,0.023098083212971687,0.009495719335973263,0.037620820105075836,0.06042906641960144,0.05330953747034073,0.07068274170160294,0.13616017997264862
13,0.43333333333333335,,,,insightface_bbox,0.7302461862564087,1055.4549560546875,749.7696533203125,2020.239013671875,2443.521728515625,0,0,0,0,0,0,0,0,0,0,0,0,0.04813414812088013,0.029471613466739655,0.05087455362081528,0.023935124278068542,0.008693385869264603,0.023308735340833664,0.009294535964727402,0.03686627745628357,0.06093081831932068,0.052876316010951996,0.07096296548843384,0.1235237717628479
14,0.4666666666666667,,,,insightface_bbox,0.7302461862564087,1055.4549560546875,749.7696533203125,2020.239013671875,2443.521728515625,0,0,0,0,0,0,0,0,0,0,0,0,0.048921339213848114,0.03103892132639885,0.04975633695721626,0.026183709502220154,0.008806740865111351,0.023245641961693764,0.009533118456602097,0.03814901039004326,0.06136079877614975,0.05429976060986519,0.06780064105987549,0.12559905648231506
15,0.5,,,,insightface_bbox,0.7302461862564087,1055.4549560546875,749.7696533203125,2020.239013671875,2443.521728515625,0,0,0,0,0,0,0,0,0,0,0,0,0.04785369336605072,0.03121175244450569,0.04728231206536293,0.028958410024642944,0.008853647857904434,0.022989047691226006,0.009890945628285408,0.03922577574849129,0.06321468204259872,0.05596654862165451,0.0673450231552124,0.12757430970668793
16,0.5333333333333333,,,,insightface_bbox,0.7302461862564087,1055.4549560546875,749.7696533203125,2020.239013671875,2443.521728515625,0,0,0,0,0,0,0,0,0,0,0,0,0.05138644948601723,0.0335874930024147,0.04953952878713608,0.032617054879665375,0.009011909365653992,0.024120010435581207,0.010599316097795963,0.043065398931503296,0.06786678731441498,0.05953013151884079,0.07273898273706436,0.134761780500412
17,0.5666666666666667,,,,insightface_bbox,0.7302461862564087,1055.4549560546875,749.7696533203125,2020.239013671875,2443.521728515625,0,0,0,0,0,0,0,0,0,0,0,0,0.05091709643602371,0.03359684720635414,0.04835526645183563,0.033843111246824265,0.009219682775437832,0.024209659546613693,0.011034193448722363,0.04438749700784683,0.07096636295318604,0.06122304126620293,0.0724809318780899,0.1341475248336792
18,0.6,,,,insightface_bbox,0.701059103012085,1067.0189208984375,736.9749145507812,2027.56689453125,2471.13671875,0,0,0,0,0,0,0,0,0,0,0,0,0.050256550312042236,0.03443504124879837,0.045173339545726776,0.03422613441944122,0.009240176528692245,0.02343900501728058,0.010902299545705318,0.04334881156682968,0.06898447871208191,0.06294125318527222,0.07306011766195297,0.13737370073795319
19,0.6333333333333333,,,,insightface_bbox,0.701059103012085,1067.0189208984375,736.9749145507812,2027.56689453125,2471.13671875,0,0,0,0,0,0,0,0,0,0,0,0,0.05314929783344269,0.03562388941645622,0.05077066272497177,0.03621946647763252,0.009651714004576206,0.025668947026133537,0.011491598561406136,0.04455283284187317,0.07295171916484833,0.06427954137325287,0.08141361176967621,0.13847097754478455
20,0.6666666666666666,,,,insightface_bbox,0.701059103012085,1067.0189208984375,736.9749145507812,2027.56689453125,2471.13671875,0,0,0,0,0,0,0,0,0,0,0,0,0.049934279173612595,0.03295346349477768,0.049823299050331116,0.03065747767686844,0.009202865883708,0.02545740269124508,0.011063983663916588,0.041375499218702316,0.06896841526031494,0.060105517506599426,0.08905079960823059,0.1420154571533203
21,0.7,,,,insightface_bbox,0.701059103012085,1067.0189208984375,736.9749145507812,2027.56689453125,2471.13671875,0,0,0,0,0,0,0,0,0,0,0,0,0.046289242804050446,0.03056357428431511,0.04632509499788284,0.027860470116138458,0.008620325475931168,0.023993100970983505,0.01066069956868887,0.03942437469959259,0.06704291701316833,0.057918936014175415,0.08434204757213593,0.14370130002498627
22,0.7333333333333333,,,,insightface_bbox,0.701059103012085,1067.0189208984375,736.9749145507812,2027.56689453125,2471.13671875,0,0,0,0,0,0,0,0,0,0,0,0,0.04622957855463028,0.030438102781772614,0.04624425619840622,0.028066281229257584,0.008613655343651772,0.02418232150375843,0.010804440826177597,0.04006844013929367,0.06872391700744629,0.05897902324795723,0.08412153273820877,0.14674004912376404
23,0.7666666666666667,,,,insightface_bbox,0.701059103012085,1067.0189208984375,736.9749145507812,2027.56689453125,2471.13671875,0,0,0,0,0,0,0,0,0,0,0,0,0.04684067890048027,0.031222641468048096,0.04709437116980553,0.02958594262599945,0.00870174914598465,0.024435825645923615,0.011102425865828991,0.04141409695148468,0.07131890207529068,0.0605294406414032,0.08535011112689972,0.14626553654670715
24,0.8,,,,insightface_bbox,0.7098584175109863,1078.1566162109375,772.7614135742188,2013.8526611328125,2488.166748046875,0,0,0,0,0,0,0,0,0,0,0,0,0.053258687257766724,0.03225591406226158,0.05072716251015663,0.04089287668466568,0.007791608106344938,0.024946818128228188,0.008676448836922646,0.041476741433143616,0.06993213295936584,0.06947262585163116,0.10276326537132263,0.15141671895980835
25,0.8333333333333334,,,,insightface_bbox,0.7098584175109863,1078.1566162109375,772.7614135742188,2013.8526611328125,2488.166748046875,0,0,0,0,0,0,0,0,0,0,0,0,0.04979938268661499,0.02941494807600975,0.04656270891427994,0.034454356878995895,0.0070730894804000854,0.02377263829112053,0.008219221606850624,0.03716067969799042,0.06464896351099014,0.06428855657577515,0.10992470383644104,0.14524458348751068
26,0.8666666666666667,,,,insightface_bbox,0.7098584175109863,1078.1566162109375,772.7614135742188,2013.8526611328125,2488.166748046875,0,0,0,0,0,0,0,0,0,0,0,0,0.04625494033098221,0.026873519644141197,0.04412991926074028,0.031416475772857666,0.006486437749117613,0.0227176696062088,0.007833079434931278,0.03626520559191704,0.06516329199075699,0.0619557648897171,0.1070113405585289,0.13982515037059784
27,0.9,,,,insightface_bbox,0.7098584175109863,1078.1566162109375,772.7614135742188,2013.8526611328125,2488.166748046875,0,0,0,0,0,0,0,0,0,0,0,0,0.04595823958516121,0.026629911735653877,0.043982163071632385,0.03130944445729256,0.006437042728066444,0.022677846252918243,0.007794361561536789,0.03642741218209267,0.0666944831609726,0.062194205820560455,0.1067398339509964,0.1424304097890854
28,0.9333333333333333,,,,insightface_bbox,0.7098584175109863,1078.1566162109375,772.7614135742188,2013.8526611328125,2488.166748046875,0,0,0,0,0,0,0,0,0,0,0,0,0.04953807592391968,0.028146732598543167,0.047135092318058014,0.03265055641531944,0.0063634710386395454,0.023324860259890556,0.007658321876078844,0.03613147512078285,0.06584097445011139,0.06326651573181152,0.11107689887285233,0.1446043848991394
29,0.9666666666666667,,,,insightface_bbox,0.7098584175109863,1078.1566162109375,772.7614135742188,2013.8526611328125,2488.166748046875,0,0,0,0,0,0,0,0,0,0,0,0,0.05136065557599068,0.02968859300017357,0.04925105348229408,0.035355497151613235,0.00671967351809144,0.024069245904684067,0.00802314281463623,0.0380941666662693,0.06645267456769943,0.06681985408067703,0.11327863484621048,0.15003828704357147
30,1.0,,,,insightface_bbox,0.6737351417541504,1039.8099365234375,729.1926879882812,2016.798828125,2496.81640625,0,0,0,0,0,0,0,0,0,0,0,0,0.06656599044799805,0.05115853250026703,0.059384457767009735,0.0803506001830101,0.013841296546161175,0.04163958877325058,0.022607695311307907,0.06258980184793472,0.08938989043235779,0.08899985253810883,0.13983675837516785,0.2149566411972046
31,1.0333333333333334,,,,insightface_bbox,0.6737351417541504,1039.8099365234375,729.1926879882812,2016.798828125,2496.81640625,0,0,0,0,0,0,0,0,0,0,0,0,0.0649276077747345,0.04791083186864853,0.054813750088214874,0.07184256613254547,0.01344523299485445,0.038297612220048904,0.02078716829419136,0.05755680054426193,0.08582757413387299,0.0849466472864151,0.12642218172550201,0.2038235068321228
32,1.0666666666666667,,,,insightface_bbox,0.6737351417541504,1039.8099365234375,729.1926879882812,2016.798828125,2496.81640625,0,0,0,0,0,0,0,0,0,0,0,0,0.0657166987657547,0.04870101064443588,0.055526115000247955,0.074223592877388,0.013630947098135948,0.038555558770895004,0.021455155685544014,0.05938185751438141,0.08942250162363052,0.08744297921657562,0.1264423429965973,0.20327085256576538
33,1.1,,,,insightface_bbox,0.6737351417541504,1039.8099365234375,729.1926879882812,2016.798828125,2496.81640625,0,0,0,0,0,0,0,0,0,0,0,0,0.06555938720703125,0.048202186822891235,0.05380410701036453,0.07295302301645279,0.01350089069455862,0.03714267164468765,0.02128196693956852,0.05840236693620682,0.0885632336139679,0.08713003993034363,0.11937783658504486,0.1966450810432434
34,1.1333333333333333,,,,insightface_bbox,0.6737351417541504,1039.8099365234375,729.1926879882812,2016.798828125,2496.81640625,0,0,0,0,0,0,0,0,0,0,0,0,0.06711079925298691,0.04950665310025215,0.0547713004052639,0.0764131247997284,0.013768436387181282,0.03745466470718384,0.021975001320242882,0.05961228162050247,0.09006094932556152,0.08797994256019592,0.11690449714660645,0.19197313487529755
35,1.1666666666666667,,,,insightface_bbox,0.6737351417541504,1039.8099365234375,729.1926879882812,2016.798828125,2496.81640625,0,0,0,0,0,0,0,0,0,0,0,0,0.06791841983795166,0.049940455704927444,0.05498003959655762,0.0773559957742691,0.013819009065628052,0.03745924308896065,0.022064022719860077,0.06027088314294815,0.09008296579122543,0.08769930154085159,0.11460929363965988,0.19139361381530762
36,1.2,,,,insightface_bbox,0.7230974435806274,1047.2374267578125,721.1824340820312,2024.4813232421875,2470.4638671875,0,0,0,0,0,0,0,0,0,0,0,0,0.06784287095069885,0.04871494695544243,0.0541461817920208,0.07400348782539368,0.013326060958206654,0.036503762006759644,0.020761463791131973,0.06123901903629303,0.08803530782461166,0.086611807346344,0.10882867872714996,0.1879582703113556
37,1.2333333333333334,,,,insightface_bbox,0.7230974435806274,1047.2374267578125,721.1824340820312,2024.4813232421875,2470.4638671875,0,0,0,0,0,0,0,0,0,0,0,0,0.0691729187965393,0.050019193440675735,0.05525694042444229,0.07747894525527954,0.013572332449257374,0.03545653447508812,0.020498741418123245,0.0637739896774292,0.08962847292423248,0.08736734092235565,0.1086660623550415,0.1893148422241211
38,1.2666666666666666,,,,insightface_bbox,0.7230974435806274,1047.2374267578125,721.1824340820312,2024.4813232421875,2470.4638671875,0,0,0,0,0,0,0,0,0,0,0,0,0.07014001160860062,0.04934387281537056,0.05414878576993942,0.07420320063829422,0.013429129496216774,0.034457962960004807,0.020168805494904518,0.06482495367527008,0.091959647834301,0.08980216085910797,0.10265078395605087,0.18994784355163574
39,1.3,,,,insightface_bbox,0.7230974435806274,1047.2374267578125,721.1824340820312,2024.4813232421875,2470.4638671875,0,0,0,0,0,0,0,0,0,0,0,0,0.07246004790067673,0.04933338984847069,0.05492424592375755,0.07227358967065811,0.013344960287213326,0.034696392714977264,0.01964295282959938,0.06413087993860245,0.09205415844917297,0.09041719138622284,0.10136831551790237,0.18961253762245178
40,1.3333333333333333,,,,insightface_bbox,0.7230974435806274,1047.2374267578125,721.1824340820312,2024.4813232421875,2470.4638671875,0,0,0,0,0,0,0,0,0,0,0,0,0.07399193942546844,0.049350954592227936,0.054278481751680374,0.0706518217921257,0.013254658319056034,0.03457914665341377,0.019395500421524048,0.06401795148849487,0.09200890362262726,0.0916202962398529,0.10256574302911758,0.19351108372211456
41,1.3666666666666667,,,,insightface_bbox,0.7230974435806274,1047.2374267578125,721.1824340820312,2024.4813232421875,2470.4638671875,0,0,0,0,0,0,0,0,0,0,0,0,0.07183641940355301,0.04661202430725098,0.05263239145278931,0.061151571571826935,0.01238473504781723,0.03316976875066757,0.017918327823281288,0.061079490929841995,0.08926738798618317,0.08888129889965057,0.10068763047456741,0.18967223167419434
42,1.4,,,,insightface_bbox,0.7360098361968994,1042.614990234375,701.5768432617188,2006.5361328125,2446.65966796875,0,0,0,0,0,0,0,0,0,0,0,0,0.04558524116873741,0.031706251204013824,0.044603753834962845,0.035142261534929276,0.009711464866995811,0.029499121010303497,0.013956930488348007,0.05589020252227783,0.08551447838544846,0.07579599320888519,0.0942898839712143,0.1845017373561859
43,1.4333333333333333,,,,insightface_bbox,0.7360098361968994,1042.614990234375,701.5768432617188,2006.5361328125,2446.65966796875,0,0,0,0,0,0,0,0,0,0,0,0,0.04642628878355026,0.03166208043694496,0.045970186591148376,0.034223929047584534,0.009806430898606777,0.029974503442645073,0.013539481908082962,0.055026449263095856,0.08337319642305374,0.07450741529464722,0.09761995822191238,0.18699394166469574
44,1.4666666666666666,,,,insightface_bbox,0.7360098361968994,1042.614990234375,701.5768432617188,2006.5361328125,2446.65966796875,0,0,0,0,0,0,0,0,0,0,0,0,0.04718717187643051,0.03199855610728264,0.04674927145242691,0.033147890120744705,0.009947070851922035,0.0303511805832386,0.01363032404333353,0.054659485816955566,0.08297491818666458,0.07398468255996704,0.10247018933296204,0.19526468217372894
45,1.5,,,,insightface_bbox,0.7360098361968994,1042.614990234375,701.5768432617188,2006.5361328125,2446.65966796875,0,0,0,0,0,0,0,0,0,0,0,0,0.04667263850569725,0.03191523626446724,0.04653333127498627,0.03246699273586273,0.009680417366325855,0.029805924743413925,0.013391967862844467,0.054175302386283875,0.08221936225891113,0.07267342507839203,0.10183413326740265,0.19562862813472748
46,1.5333333333333334,,,,insightface_bbox,0.7360098361968994,1042.614990234375,701.5768432617188,2006.5361328125,2446.65966796875,0,0,0,0,0,0,0,0,0,0,0,0,0.04739878326654434,0.03241027146577835,0.046720970422029495,0.03287150338292122,0.00957400817424059,0.02926705591380596,0.013325815089046955,0.0533006377518177,0.08193188905715942,0.0726199597120285,0.0959128737449646,0.18614085018634796
47,1.5666666666666667,,,,insightface_bbox,0.7360098361968994,1042.614990234375,701.5768432617188,2006.5361328125,2446.65966796875,0,0,0,0,0,0,0,0,0,0,0,0,0.04706777259707451,0.032178498804569244,0.04659179598093033,0.03299090266227722,0.009533308446407318,0.028487421572208405,0.013152388855814934,0.052438750863075256,0.08218200504779816,0.07219341397285461,0.09147214889526367,0.17817093431949615
48,1.6,,,,insightface_bbox,0.7439175844192505,1051.8817138671875,725.0518188476562,2025.04296875,2424.324462890625,0,0,0,0,0,0,0,0,0,0,0,0,0.052813634276390076,0.03760763257741928,0.04500419273972511,0.044967327266931534,0.011646179482340813,0.029307417571544647,0.01613941602408886,0.05372196063399315,0.07746487110853195,0.07444927096366882,0.10242342203855515,0.1906733214855194
49,1.6333333333333333,,,,insightface_bbox,0.7439175844192505,1051.8817138671875,725.0518188476562,2025.04296875,2424.324462890625,0,0,0,0,0,0,0,0,0,0,0,0,0.05195331200957298,0.03695661947131157,0.04434777796268463,0.04309313744306564,0.01120442058891058,0.028486905619502068,0.015543496236205101,0.05230967700481415,0.0758134126663208,0.07322852313518524,0.10039885342121124,0.19263172149658203
50,1.6666666666666667,,,,insightface_bbox,0.7439175844192505,1051.8817138671875,725.0518188476562,2025.04296875,2424.324462890625,0,0,0,0,0,0,0,0,0,0,0,0,0.05200904235243797,0.03714003041386604,0.043996553868055344,0.043391063809394836,0.011362442746758461,0.02867918647825718,0.01569221168756485,0.052806030958890915,0.07646973431110382,0.07323017716407776,0.1018262654542923,0.1949068009853363
51,1.7,,,,insightface_bbox,0.7439175844192505,1051.8817138671875,725.0518188476562,2025.04296875,2424.324462890625,0,0,0,0,0,0,0,0,0,0,0,0,0.052169643342494965,0.037629157304763794,0.043515950441360474,0.045315057039260864,0.011553800664842129,0.029128270223736763,0.0158596970140934,0.053746044635772705,0.07718516886234283,0.07396791875362396,0.10223916918039322,0.1932477205991745
52,1.7333333333333334,,,,insightface_bbox,0.7439175844192505,1051.8817138671875,725.0518188476562,2025.04296875,2424.324462890625,0,0,0,0,0,0,0,0,0,0,0,0,0.05301627516746521,0.037767134606838226,0.04337937384843826,0.04724551737308502,0.012104960158467293,0.03010263666510582,0.017210815101861954,0.055354613810777664,0.08149923384189606,0.07752005755901337,0.0999486893415451,0.1902276873588562
53,1.7666666666666666,,,,insightface_bbox,0.7439175844192505,1051.8817138671875,725.0518188476562,2025.04296875,2424.324462890625,0,0,0,0,0,0,0,0,0,0,0,0,0.05422341078519821,0.03931129351258278,0.04500344768166542,0.055740565061569214,0.012921040877699852,0.03463859111070633,0.020212586969137192,0.06259172409772873,0.09030711650848389,0.08537095785140991,0.11473347246646881,0.1971827745437622
54,1.8,,,,insightface_bbox,0.7131426334381104,1055.295166015625,705.5364379882812,2020.2711181640625,2503.075927734375,0,0,0,0,0,0,0,0,0,0,0,0,0.047393519431352615,0.03257102519273758,0.04735230654478073,0.03639969602227211,0.009952506050467491,0.031990326941013336,0.015059002675116062,0.052217498421669006,0.08645926415920258,0.07667157053947449,0.09550352394580841,0.1803044080734253
55,1.8333333333333333,,,,insightface_bbox,0.7131426334381104,1055.295166015625,705.5364379882812,2020.2711181640625,2503.075927734375,0,0,0,0,0,0,0,0,0,0,0,0,0.04699763283133507,0.032790616154670715,0.046513136476278305,0.03585991635918617,0.01003253273665905,0.03164336457848549,0.015183127485215664,0.05380336567759514,0.08732367306947708,0.07790573686361313,0.09638698399066925,0.18642255663871765
56,1.8666666666666667,,,,insightface_bbox,0.7131426334381104,1055.295166015625,705.5364379882812,2020.2711181640625,2503.075927734375,0,0,0,0,0,0,0,0,0,0,0,0,0.04647025838494301,0.032365038990974426,0.04407982900738716,0.03479015454649925,0.009721257723867893,0.031002730131149292,0.01497687678784132,0.05093882977962494,0.08328243345022202,0.07582825422286987,0.09549684822559357,0.18608275055885315
57,1.9,,,,insightface_bbox,0.7131426334381104,1055.295166015625,705.5364379882812,2020.2711181640625,2503.075927734375,0,0,0,0,0,0,0,0,0,0,0,0,0.04346426576375961,0.03129645064473152,0.04315517097711563,0.03190691024065018,0.009144462645053864,0.03027162328362465,0.014083059504628181,0.048758093267679214,0.07895778864622116,0.0709388479590416,0.09965524077415466,0.18798084557056427
58,1.9333333333333333,,,,insightface_bbox,0.7131426334381104,1055.295166015625,705.5364379882812,2020.2711181640625,2503.075927734375,0,0,0,0,0,0,0,0,0,0,0,0,0.04475510120391846,0.031890083104372025,0.04580099880695343,0.03439022973179817,0.009801206178963184,0.031345367431640625,0.015221016481518745,0.05366947874426842,0.08348159492015839,0.07471559941768646,0.10853669792413712,0.20319177210330963
59,1.9666666666666666,,,,insightface_bbox,0.7131426334381104,1055.295166015625,705.5364379882812,2020.2711181640625,2503.075927734375,0,0,0,0,0,0,0,0,0,0,0,0,0.044769905507564545,0.031529903411865234,0.045397207140922546,0.03263206034898758,0.009557778015732765,0.03135477006435394,0.014417176134884357,0.05091870576143265,0.08320888876914978,0.07212406396865845,0.10526671260595322,0.19220151007175446
60,2.0,,,,insightface_bbox,0.7111997604370117,1055.3994140625,730.278564453125,2017.97216796875,2439.317626953125,0,0,0,0,0,0,0,0,0,0,0,0,0.04784955829381943,0.03387778624892235,0.04889801889657974,0.035128235816955566,0.009087739512324333,0.031502772122621536,0.012850135564804077,0.05017257481813431,0.08217953890562057,0.07157018780708313,0.09819300472736359,0.1807999461889267
61,2.033333333333333,,,,insightface_bbox,0.7111997604370117,1055.3994140625,730.278564453125,2017.97216796875,2439.317626953125,0,0,0,0,0,0,0,0,0,0,0,0,0.0477021224796772,0.03303930163383484,0.049794990569353104,0.0344008132815361,0.009295938536524773,0.033274319022893906,0.01278967410326004,0.0515034981071949,0.0861259400844574,0.07166814059019089,0.10136379301548004,0.1821938008069992
62,2.066666666666667,,,,insightface_bbox,0.7111997604370117,1055.3994140625,730.278564453125,2017.97216796875,2439.317626953125,0,0,0,0,0,0,0,0,0,0,0,0,0.04660806804895401,0.03285565599799156,0.04660582169890404,0.03350723907351494,0.009451786056160927,0.033075034618377686,0.012687323614954948,0.053133703768253326,0.08523628860712051,0.07214315235614777,0.10332293063402176,0.19069421291351318
63,2.1,,,,insightface_bbox,0.7111997604370117,1055.3994140625,730.278564453125,2017.97216796875,2439.317626953125,0,0,0,0,0,0,0,0,0,0,0,0,0.04984588176012039,0.03385837376117706,0.04751306772232056,0.03429049253463745,0.009805440902709961,0.0353168360888958,0.012822331860661507,0.052820585668087006,0.08503653109073639,0.07328489422798157,0.10705973207950592,0.1933220624923706
64,2.1333333333333333,,,,insightface_bbox,0.7111997604370117,1055.3994140625,730.278564453125,2017.97216796875,2439.317626953125,0,0,0,0,0,0,0,0,0,0,0,0,0.056273698806762695,0.03790333494544029,0.058915335685014725,0.05447085201740265,0.010822742246091366,0.039711665362119675,0.014401473104953766,0.06141700595617294,0.0893515944480896,0.0837547704577446,0.12399385869503021,0.21547912061214447
65,2.1666666666666665,,,,insightface_bbox,0.7111997604370117,1055.3994140625,730.278564453125,2017.97216796875,2439.317626953125,0,0,0,0,0,0,0,0,0,0,0,0,0.07212098687887192,0.04913213849067688,0.09364114701747894,0.08565807342529297,0.011520017869770527,0.05303105711936951,0.016382303088903427,0.06845836341381073,0.08839824795722961,0.08934254944324493,0.15703511238098145,0.2451992928981781
66,2.2,,,,insightface_bbox,0.6857959628105164,1060.4034423828125,713.9884033203125,2000.330322265625,2525.19140625,0,0,0,0,0,0,0,0,0,0,0,0,0.0514046885073185,0.030405374243855476,0.05430137366056442,0.03595742955803871,0.005846323445439339,0.02324654906988144,0.007831543684005737,0.03804080933332443,0.06166182458400726,0.0645829364657402,0.10836823284626007,0.1881612092256546
67,2.2333333333333334,,,,insightface_bbox,0.6857959628105164,1060.4034423828125,713.9884033203125,2000.330322265625,2525.19140625,0,0,0,0,0,0,0,0,0,0,0,0,0.04907352477312088,0.028742291033267975,0.049754880368709564,0.032846879214048386,0.006115961819887161,0.023486096411943436,0.008074789308011532,0.038180071860551834,0.061547569930553436,0.06302454322576523,0.11841035634279251,0.19198518991470337
68,2.2666666666666666,,,,insightface_bbox,0.6857959628105164,1060.4034423828125,713.9884033203125,2000.330322265625,2525.19140625,0,0,0,0,0,0,0,0,0,0,0,0,0.047111768275499344,0.027471529319882393,0.04753982648253441,0.03137699142098427,0.006212510168552399,0.023324593901634216,0.008383083157241344,0.036962758749723434,0.05991488695144653,0.062291402369737625,0.11759975552558899,0.18844567239284515
69,2.3,,,,insightface_bbox,0.6857959628105164,1060.4034423828125,713.9884033203125,2000.330322265625,2525.19140625,0,0,0,0,0,0,0,0,0,0,0,0,0.045504067093133926,0.027206718921661377,0.04515545442700386,0.03180103749036789,0.006342032924294472,0.023211311548948288,0.00840930175036192,0.03788156062364578,0.05876610428094864,0.062131091952323914,0.1159367710351944,0.18917015194892883
70,2.3333333333333335,,,,insightface_bbox,0.6857959628105164,1060.4034423828125,713.9884033203125,2000.330322265625,2525.19140625,0,0,0,0,0,0,0,0,0,0,0,0,0.041539646685123444,0.023075662553310394,0.04058042913675308,0.023473359644412994,0.006091665476560593,0.022115711122751236,0.007707348093390465,0.040263839066028595,0.06837821006774902,0.06322506815195084,0.10263345390558243,0.16081847250461578
71,2.3666666666666667,,,,insightface_bbox,0.6857959628105164,1060.4034423828125,713.9884033203125,2000.330322265625,2525.19140625,0,0,0,0,0,0,0,0,0,0,0,0,0.04379035905003548,0.024716556072235107,0.037187881767749786,0.023541703820228577,0.008020343258976936,0.022326622158288956,0.008414315059781075,0.03915974870324135,0.06607866287231445,0.061798758804798126,0.09724601358175278,0.15769311785697937
72,2.4,,,,insightface_bbox,0.7277206182479858,1059.7823486328125,704.7281494140625,2020.5244140625,2414.17529296875,0,0,0,0,0,0,0,0,0,0,0,0,0.04954850673675537,0.03255213052034378,0.04916698485612869,0.03631794825196266,0.00880156084895134,0.0310209970921278,0.010342015884816647,0.049957502633333206,0.08246265351772308,0.06645414233207703,0.10471758246421814,0.17935575544834137
73,2.433333333333333,,,,insightface_bbox,0.7277206182479858,1059.7823486328125,704.7281494140625,2020.5244140625,2414.17529296875,0,0,0,0,0,0,0,0,0,0,0,0,0.05875068157911301,0.03686976432800293,0.06416375935077667,0.045462608337402344,0.007859193719923496,0.03658662363886833,0.01120095606893301,0.04877319931983948,0.08532687276601791,0.07029159367084503,0.12105167657136917,0.1941460371017456
74,2.466666666666667,,,,insightface_bbox,0.7277206182479858,1059.7823486328125,704.7281494140625,2020.5244140625,2414.17529296875,0,0,0,0,0,0,0,0,0,0,0,0,0.05611465126276016,0.03570009768009186,0.058940380811691284,0.04386182129383087,0.008227274753153324,0.03252476826310158,0.010703186504542828,0.04501629248261452,0.07987281680107117,0.06681831181049347,0.11911577731370926,0.19573315978050232
75,2.5,,,,insightface_bbox,0.7277206182479858,1059.7823486328125,704.7281494140625,2020.5244140625,2414.17529296875,0,0,0,0,0,0,0,0,0,0,0,0,0.05631090700626373,0.03616369888186455,0.05731520801782608,0.04084517061710358,0.009173128753900528,0.03216744586825371,0.011029620654881,0.04441496357321739,0.07145768404006958,0.06305579841136932,0.12965188920497894,0.21824178099632263
76,2.533333333333333,,,,insightface_bbox,0.7277206182479858,1059.7823486328125,704.7281494140625,2020.5244140625,2414.17529296875,0,0,0,0,0,0,0,0,0,0,0,0,0.05491689220070839,0.03572872653603554,0.0551079623401165,0.03935021162033081,0.009062910452485085,0.0316188782453537,0.010848035104572773,0.0446670725941658,0.06926832348108292,0.06325311213731766,0.13145558536052704,0.21671877801418304
77,2.566666666666667,,,,insightface_bbox,0.7277206182479858,1059.7823486328125,704.7281494140625,2020.5244140625,2414.17529296875,0,0,0,0,0,0,0,0,0,0,0,0,0.05319327116012573,0.034440506249666214,0.05319483205676079,0.03784658759832382,0.009227536618709564,0.031029950827360153,0.010876476764678955,0.044203437864780426,0.06901127845048904,0.06313633918762207,0.13120965659618378,0.21304485201835632
78,2.6,,,,insightface_bbox,0.6915738582611084,1057.197265625,666.4620361328125,2038.2105712890625,2508.7099609375,0,0,0,0,0,0,0,0,0,0,0,0,0.07301615178585052,0.050080787390470505,0.05304744839668274,0.06972299516201019,0.01148117147386074,0.03543981909751892,0.01753298193216324,0.05978258699178696,0.08030763268470764,0.08412114530801773,0.13521623611450195,0.20612463355064392
79,2.6333333333333333,,,,insightface_bbox,0.6915738582611084,1057.197265625,666.4620361328125,2038.2105712890625,2508.7099609375,0,0,0,0,0,0,0,0,0,0,0,0,0.0738290548324585,0.0503840334713459,0.05520087108016014,0.07244051247835159,0.0115732466802001,0.035623516887426376,0.01771514117717743,0.06034497916698456,0.08361363410949707,0.08539073169231415,0.12809176743030548,0.19505618512630463
80,2.6666666666666665,,,,insightface_bbox,0.6915738582611084,1057.197265625,666.4620361328125,2038.2105712890625,2508.7099609375,0,0,0,0,0,0,0,0,0,0,0,0,0.07213236391544342,0.04669705405831337,0.05278777703642845,0.06564295291900635,0.01083255186676979,0.03687097132205963,0.016844410449266434,0.05962512642145157,0.09086723625659943,0.08861523121595383,0.1247749850153923,0.200034961104393
81,2.7,,,,insightface_bbox,0.6915738582611084,1057.197265625,666.4620361328125,2038.2105712890625,2508.7099609375,0,0,0,0,0,0,0,0,0,0,0,0,0.07544133067131042,0.05290056765079498,0.0538175143301487,0.07925759255886078,0.012963365763425827,0.03746793046593666,0.019934920594096184,0.06288689374923706,0.09095346927642822,0.09428827464580536,0.11786945909261703,0.1977919340133667
82,2.7333333333333334,,,,insightface_bbox,0.6915738582611084,1057.197265625,666.4620361328125,2038.2105712890625,2508.7099609375,0,0,0,0,0,0,0,0,0,0,0,0,0.07329823076725006,0.052460625767707825,0.05313576012849808,0.08261236548423767,0.012737471610307693,0.03850487992167473,0.02196294255554676,0.06808169931173325,0.09417757391929626,0.10179881751537323,0.12366276234388351,0.1942443996667862
83,2.7666666666666666,,,,insightface_bbox,0.6915738582611084,1057.197265625,666.4620361328125,2038.2105712890625,2508.7099609375,0,0,0,0,0,0,0,0,0,0,0,0,0.07662637531757355,0.05575815215706825,0.05802995711565018,0.09451460838317871,0.012888016179203987,0.0395524688065052,0.022771639749407768,0.07338334619998932,0.10111524909734726,0.10888277739286423,0.12210585176944733,0.19653229415416718
84,2.8,,,,insightface_bbox,0.7457201480865479,1056.783447265625,697.0574340820312,2018.890380859375,2445.029052734375,0,0,0,0,0,0,0,0,0,0,0,0,0.051589541137218475,0.03402063995599747,0.05330206826329231,0.034571222960948944,0.009872968308627605,0.033526476472616196,0.011548628099262714,0.04748016223311424,0.07808783650398254,0.0675281286239624,0.10414844751358032,0.17701908946037292
85,2.8333333333333335,,,,insightface_bbox,0.7457201480865479,1056.783447265625,697.0574340820312,2018.890380859375,2445.029052734375,0,0,0,0,0,0,0,0,0,0,0,0,0.05443194508552551,0.03725067898631096,0.05332840234041214,0.03810228034853935,0.010648826137185097,0.03249479830265045,0.012178361415863037,0.05036277696490288,0.07138843089342117,0.06869134306907654,0.12649042904376984,0.2013520896434784
86,2.8666666666666667,,,,insightface_bbox,0.7457201480865479,1056.783447265625,697.0574340820312,2018.890380859375,2445.029052734375,0,0,0,0,0,0,0,0,0,0,0,0,0.05500449985265732,0.03854615241289139,0.05246478319168091,0.040887251496315,0.01017501950263977,0.033120568841695786,0.011747210286557674,0.046419907361269,0.06437677145004272,0.06514066457748413,0.13268685340881348,0.21367725729942322
87,2.9,,,,insightface_bbox,0.7457201480865479,1056.783447265625,697.0574340820312,2018.890380859375,2445.029052734375,0,0,0,0,0,0,0,0,0,0,0,0,0.06865733116865158,0.04652653634548187,0.08993999660015106,0.07709789276123047,0.010169651359319687,0.043092261999845505,0.013908645138144493,0.05878286063671112,0.08490812033414841,0.0799979716539383,0.11434662342071533,0.17581193149089813
88,2.933333333333333,,,,insightface_bbox,0.7457201480865479,1056.783447265625,697.0574340820312,2018.890380859375,2445.029052734375,0,0,0,0,0,0,0,0,0,0,0,0,0.06136868894100189,0.04303658381104469,0.08069414645433426,0.07105041295289993,0.009821904823184013,0.038167208433151245,0.01258767768740654,0.0581204928457737,0.08532966673374176,0.0768541619181633,0.09585878998041153,0.1607382595539093
89,2.966666666666667,,,,insightface_bbox,0.7457201480865479,1056.783447265625,697.0574340820312,2018.890380859375,2445.029052734375,0,0,0,0,0,0,0,0,0,0,0,0,0.05610105022788048,0.038126684725284576,0.05236649885773659,0.041792724281549454,0.010159995406866074,0.033310871571302414,0.01257500983774662,0.05181769281625748,0.08585099130868912,0.06945497542619705,0.10574113577604294,0.16613054275512695
90,3.0,,,,insightface_bbox,0.7369796633720398,1063.5147705078125,692.5971069335938,2028.369873046875,2425.038330078125,0,0,0,0,0,0,0,0,0,0,0,0,0.05492250993847847,0.03727820888161659,0.0513162687420845,0.04227159917354584,0.010124771855771542,0.03186724707484245,0.012730937451124191,0.05482611060142517,0.08676852285861969,0.07228180766105652,0.10003984719514847,0.16785305738449097
91,3.033333333333333,,,,insightface_bbox,0.7369796633720398,1063.5147705078125,692.5971069335938,2028.369873046875,2425.038330078125,0,0,0,0,0,0,0,0,0,0,0,0,0.05354464054107666,0.03651907294988632,0.053375087678432465,0.04601692408323288,0.009755823761224747,0.034138232469558716,0.01272224448621273,0.05437244102358818,0.08541220426559448,0.0726214200258255,0.10880737751722336,0.17042554914951324
92,3.066666666666667,,,,insightface_bbox,0.7369796633720398,1063.5147705078125,692.5971069335938,2028.369873046875,2425.038330078125,0,0,0,0,0,0,0,0,0,0,0,0,0.05378527566790581,0.03736613690853119,0.05663532018661499,0.05070142447948456,0.009806795045733452,0.0352756604552269,0.012963674031198025,0.05711767449975014,0.08847346901893616,0.07523318380117416,0.10558583587408066,0.17353561520576477
93,3.1,,,,insightface_bbox,0.7369796633720398,1063.5147705078125,692.5971069335938,2028.369873046875,2425.038330078125,0,0,0,0,0,0,0,0,0,0,0,0,0.050503209233284,0.03436361253261566,0.045076701790094376,0.03397003561258316,0.010133452713489532,0.032512906938791275,0.012836011126637459,0.04914262145757675,0.07724680006504059,0.06536269187927246,0.10513950884342194,0.16569200158119202
94,3.1333333333333333,,,,insightface_bbox,0.7369796633720398,1063.5147705078125,692.5971069335938,2028.369873046875,2425.038330078125,0,0,0,0,0,0,0,0,0,0,0,0,0.04865159094333649,0.033051200211048126,0.04525773227214813,0.030686866492033005,0.009615759365260601,0.02989407256245613,0.011701480485498905,0.05009901523590088,0.07643067836761475,0.06454416364431381,0.11175501346588135,0.18764443695545197
95,3.1666666666666665,,,,insightface_bbox,0.7369796633720398,1063.5147705078125,692.5971069335938,2028.369873046875,2425.038330078125,0,0,0,0,0,0,0,0,0,0,0,0,0.0518389455974102,0.03529283404350281,0.04816862940788269,0.03417322039604187,0.010369570925831795,0.032974086701869965,0.012632655911147594,0.053125765174627304,0.08274686336517334,0.0689903199672699,0.11917732656002045,0.2001221626996994
96,3.2,,,,insightface_bbox,0.7437492609024048,1074.010009765625,722.1554565429688,2030.2777099609375,2428.1552734375,0,0,0,0,0,0,0,0,0,0,0,0,0.04543304070830345,0.028340186923742294,0.04544184356927872,0.02719477191567421,0.00826321728527546,0.030390925705432892,0.00966279860585928,0.041257090866565704,0.08062607049942017,0.0655316561460495,0.10260309278964996,0.16744686663150787
97,3.2333333333333334,,,,insightface_bbox,0.7437492609024048,1074.010009765625,722.1554565429688,2030.2777099609375,2428.1552734375,0,0,0,0,0,0,0,0,0,0,0,0,0.04473606497049332,0.02827565371990204,0.045598506927490234,0.02838307060301304,0.008118336088955402,0.03102630376815796,0.009619416669011116,0.0419098325073719,0.08174077421426773,0.06392493098974228,0.10416200757026672,0.17065081000328064
98,3.2666666666666666,,,,insightface_bbox,0.7437492609024048,1074.010009765625,722.1554565429688,2030.2777099609375,2428.1552734375,0,0,0,0,0,0,0,0,0,0,0,0,0.04534013941884041,0.027795730158686638,0.04654847830533981,0.026517659425735474,0.008134924806654453,0.03429334983229637,0.009815676137804985,0.043435901403427124,0.08722803741693497,0.06551210582256317,0.10204100608825684,0.16383282840251923
99,3.3,,,,insightface_bbox,0.7437492609024048,1074.010009765625,722.1554565429688,2030.2777099609375,2428.1552734375,0,0,0,0,0,0,0,0,0,0,0,0,0.04764290526509285,0.03021911531686783,0.04534727334976196,0.026225175708532333,0.008603636175394058,0.02926662564277649,0.010200553573668003,0.04423702135682106,0.07781851291656494,0.06474144011735916,0.10281501710414886,0.1607692390680313
100,3.3333333333333335,,,,insightface_bbox,0.7437492609024048,1074.010009765625,722.1554565429688,2030.2777099609375,2428.1552734375,0,0,0,0,0,0,0,0,0,0,0,0,0.047666601836681366,0.031156133860349655,0.04398029297590256,0.02605467289686203,0.008884964510798454,0.029327664524316788,0.01057382207363844,0.044937506318092346,0.07559596002101898,0.06562775373458862,0.10721331834793091,0.1674318015575409
101,3.3666666666666667,,,,insightface_bbox,0.7437492609024048,1074.010009765625,722.1554565429688,2030.2777099609375,2428.1552734375,0,0,0,0,0,0,0,0,0,0,0,0,0.048926614224910736,0.03240390121936798,0.04589288681745529,0.02663351222872734,0.008995394222438335,0.031007446348667145,0.010924959555268288,0.04539928957819939,0.07387322187423706,0.06496541947126389,0.11230184137821198,0.17069798707962036
102,3.4,,,,insightface_bbox,0.712692141532898,1052.779541015625,717.302001953125,2020.7979736328125,2461.288818359375,0,0,0,0,0,0,0,0,0,0,0,0,0.05463193729519844,0.0396776907145977,0.05305905640125275,0.04554659128189087,0.011034591123461723,0.03439035639166832,0.013761176727712154,0.04975119233131409,0.07090997695922852,0.07024487853050232,0.12283766269683838,0.20623700320720673
103,3.433333333333333,,,,insightface_bbox,0.712692141532898,1052.779541015625,717.302001953125,2020.7979736328125,2461.288818359375,0,0,0,0,0,0,0,0,0,0,0,0,0.05465187877416611,0.03648652136325836,0.05412651598453522,0.045485734939575195,0.011288484558463097,0.04269877448678017,0.015420396812260151,0.053232163190841675,0.08732514083385468,0.07907409965991974,0.11834073066711426,0.18846020102500916
104,3.466666666666667,,,,insightface_bbox,0.712692141532898,1052.779541015625,717.302001953125,2020.7979736328125,2461.288818359375,0,0,0,0,0,0,0,0,0,0,0,0,0.0504782572388649,0.036460015922784805,0.050359830260276794,0.040092192590236664,0.010371357202529907,0.03223874047398567,0.013298382982611656,0.051055945456027985,0.07304823398590088,0.07036489248275757,0.13143953680992126,0.20752286911010742
105,3.5,,,,insightface_bbox,0.712692141532898,1052.779541015625,717.302001953125,2020.7979736328125,2461.288818359375,0,0,0,0,0,0,0,0,0,0,0,0,0.04408707842230797,0.03217008337378502,0.041281163692474365,0.030803242698311806,0.00963908527046442,0.02902575582265854,0.012452753260731697,0.04758216813206673,0.06809239089488983,0.06485040485858917,0.12919841706752777,0.20422539114952087
106,3.533333333333333,,,,insightface_bbox,0.712692141532898,1052.779541015625,717.302001953125,2020.7979736328125,2461.288818359375,0,0,0,0,0,0,0,0,0,0,0,0,0.04243999719619751,0.03061167150735855,0.039125677198171616,0.027337735518813133,0.009315741248428822,0.028476249426603317,0.012163273058831692,0.04486122727394104,0.06573432683944702,0.0614129900932312,0.1277000457048416,0.20444832742214203
107,3.566666666666667,,,,insightface_bbox,0.712692141532898,1052.779541015625,717.302001953125,2020.7979736328125,2461.288818359375,0,0,0,0,0,0,0,0,0,0,0,0,0.04374625161290169,0.03007417544722557,0.04239349067211151,0.02781463786959648,0.009648498147726059,0.03041934035718441,0.012938198633491993,0.04537374526262283,0.07033731043338776,0.062368739396333694,0.12172161042690277,0.1965588927268982
108,3.6,,,,insightface_bbox,0.6922823190689087,1058.0743408203125,668.824462890625,2013.8748779296875,2526.207275390625,0,0,0,0,0,0,0,0,0,0,0,0,0.0535978339612484,0.034142643213272095,0.07036811113357544,0.04357941076159477,0.008154530078172684,0.03522298485040665,0.010469411499798298,0.049142688512802124,0.09186087548732758,0.07025697082281113,0.10856662690639496,0.17027035355567932
109,3.6333333333333333,,,,insightface_bbox,0.6922823190689087,1058.0743408203125,668.824462890625,2013.8748779296875,2526.207275390625,0,0,0,0,0,0,0,0,0,0,0,0,0.05292912945151329,0.034385066479444504,0.06370275467634201,0.038737744092941284,0.008381969295442104,0.030828479677438736,0.010338890366256237,0.045609086751937866,0.08470721542835236,0.0661962553858757,0.10449941456317902,0.16093847155570984
110,3.6666666666666665,,,,insightface_bbox,0.6922823190689087,1058.0743408203125,668.824462890625,2013.8748779296875,2526.207275390625,0,0,0,0,0,0,0,0,0,0,0,0,0.0486171655356884,0.0329744778573513,0.04822859913110733,0.03230920061469078,0.009610616602003574,0.028983792290091515,0.011282283812761307,0.04481365904211998,0.07185447961091995,0.060953348875045776,0.11837609857320786,0.18547503650188446
111,3.7,,,,insightface_bbox,0.6922823190689087,1058.0743408203125,668.824462890625,2013.8748779296875,2526.207275390625,0,0,0,0,0,0,0,0,0,0,0,0,0.04770360887050629,0.031848546117544174,0.047892600297927856,0.030716171488165855,0.009370008483529091,0.028216538950800896,0.01090116798877716,0.04371551424264908,0.0713861733675003,0.059794895350933075,0.11711537092924118,0.18349818885326385
112,3.7333333333333334,,,,insightface_bbox,0.6922823190689087,1058.0743408203125,668.824462890625,2013.8748779296875,2526.207275390625,0,0,0,0,0,0,0,0,0,0,0,0,0.05076093599200249,0.03402941673994064,0.05509595945477486,0.033629562705755234,0.009637768380343914,0.03085963800549507,0.011643952690064907,0.046277694404125214,0.07488258183002472,0.06257975846529007,0.12249752879142761,0.18706846237182617
113,3.7666666666666666,,,,insightface_bbox,0.6922823190689087,1058.0743408203125,668.824462890625,2013.8748779296875,2526.207275390625,0,0,0,0,0,0,0,0,0,0,0,0,0.04853328689932823,0.032642003148794174,0.05026305466890335,0.031016161665320396,0.009507771581411362,0.02932477369904518,0.011420185677707195,0.04513401538133621,0.0715235024690628,0.06107882410287857,0.12251624464988708,0.18551446497440338
114,3.8,,,,insightface_bbox,0.6980220675468445,1062.89990234375,724.6267700195312,2033.986328125,2476.73388671875,0,0,0,0,0,0,0,0,0,0,0,0,0.04484719783067703,0.031552109867334366,0.04446534812450409,0.03148115426301956,0.010588216595351696,0.03127656504511833,0.015206941403448582,0.04950527474284172,0.07417333126068115,0.06561021506786346,0.1263425052165985,0.21393762528896332
115,3.8333333333333335,,,,insightface_bbox,0.6980220675468445,1062.89990234375,724.6267700195312,2033.986328125,2476.73388671875,0,0,0,0,0,0,0,0,0,0,0,0,0.04457917809486389,0.03146788850426674,0.04375239461660385,0.031147483736276627,0.010489621199667454,0.03011118434369564,0.015335619449615479,0.050352793186903,0.07444591820240021,0.06543073058128357,0.12123729288578033,0.20984798669815063
116,3.8666666666666667,,,,insightface_bbox,0.6980220675468445,1062.89990234375,724.6267700195312,2033.986328125,2476.73388671875,0,0,0,0,0,0,0,0,0,0,0,0,0.04491209611296654,0.031759411096572876,0.044877104461193085,0.03204694017767906,0.010520713403820992,0.031443268060684204,0.01575193926692009,0.0477617010474205,0.07450773566961288,0.06610804796218872,0.11920879781246185,0.19798782467842102
117,3.9,,,,insightface_bbox,0.6980220675468445,1062.89990234375,724.6267700195312,2033.986328125,2476.73388671875,0,0,0,0,0,0,0,0,0,0,0,0,0.050713516771793365,0.034923799335956573,0.05024882033467293,0.0391685888171196,0.011861031875014305,0.03939305245876312,0.018189556896686554,0.054591525346040726,0.08494661003351212,0.0776570588350296,0.12420526146888733,0.2063305377960205
118,3.933333333333333,,,,insightface_bbox,0.6980220675468445,1062.89990234375,724.6267700195312,2033.986328125,2476.73388671875,0,0,0,0,0,0,0,0,0,0,0,0,0.05288410186767578,0.03661845251917839,0.054226405918598175,0.04082860052585602,0.012141290120780468,0.04194877669215202,0.0188787542283535,0.05831120163202286,0.08925636112689972,0.0809812992811203,0.12856648862361908,0.2180565595626831
119,3.966666666666667,,,,insightface_bbox,0.6980220675468445,1062.89990234375,724.6267700195312,2033.986328125,2476.73388671875,0,0,0,0,0,0,0,0,0,0,0,0,0.0511922724545002,0.036414120346307755,0.05663894861936569,0.042773306369781494,0.012079622596502304,0.04209349304437637,0.01898968033492565,0.06238851323723793,0.09333595633506775,0.0835389494895935,0.12980470061302185,0.2170550674200058
120,4.0,,,,insightface_bbox,0.7289122343063354,1073.534912109375,751.4349365234375,2003.3345947265625,2518.47509765625,0,0,0,0,0,0,0,0,0,0,0,0,0.05087003484368324,0.02969195879995823,0.0495111420750618,0.03621216118335724,0.008594299666583538,0.028403207659721375,0.013336186297237873,0.04933904856443405,0.07898762077093124,0.07569831609725952,0.10925986617803574,0.15584106743335724
121,4.033333333333333,,,,insightface_bbox,0.7289122343063354,1073.534912109375,751.4349365234375,2003.3345947265625,2518.47509765625,0,0,0,0,0,0,0,0,0,0,0,0,0.05268332362174988,0.032867562025785446,0.04948057979345322,0.04224466532468796,0.008390689268708229,0.02568800188601017,0.013492804951965809,0.047363825142383575,0.0810520350933075,0.07588596642017365,0.07565503567457199,0.13622894883155823
122,4.066666666666666,,,,insightface_bbox,0.7289122343063354,1073.534912109375,751.4349365234375,2003.3345947265625,2518.47509765625,0,0,0,0,0,0,0,0,0,0,0,0,0.056448377668857574,0.03384304791688919,0.06415772438049316,0.039388447999954224,0.00855601578950882,0.026659000664949417,0.012472124770283699,0.05051779747009277,0.0782538652420044,0.07869973033666611,0.05762939155101776,0.11168625950813293
123,4.1,,,,insightface_bbox,0.7289122343063354,1073.534912109375,751.4349365234375,2003.3345947265625,2518.47509765625,0,0,0,0,0,0,0,0,0,0,0,0,0.0656600072979927,0.039597008377313614,0.0780872106552124,0.05512295663356781,0.008730372413992882,0.03134945407509804,0.015542058274149895,0.06306681036949158,0.09036273509263992,0.08883410692214966,0.08241616934537888,0.13540273904800415
124,4.133333333333334,,,,insightface_bbox,0.7289122343063354,1073.534912109375,751.4349365234375,2003.3345947265625,2518.47509765625,0,0,0,0,0,0,0,0,0,0,0,0,0.0623592883348465,0.04009940102696419,0.06156618148088455,0.07086672633886337,0.010523267090320587,0.03330617398023605,0.019319552928209305,0.07005251199007034,0.09784205257892609,0.09733885526657104,0.08973880112171173,0.15143902599811554
125,4.166666666666667,,,,insightface_bbox,0.7289122343063354,1073.534912109375,751.4349365234375,2003.3345947265625,2518.47509765625,0,0,0,0,0,0,0,0,0,0,0,0,0.054549962282180786,0.03517144173383713,0.04542267322540283,0.05566980689764023,0.009918615221977234,0.028683895245194435,0.01820501685142517,0.06497123092412949,0.08920378237962723,0.09276378899812698,0.0862288773059845,0.14505058526992798
126,4.2,,,,insightface_bbox,0.6876441836357117,985.6292114257812,712.178466796875,1937.9229736328125,2490.883056640625,0,0,0,0,0,0,0,0,0,0,0,0,0.04835512489080429,0.0323224700987339,0.04512689635157585,0.03979867696762085,0.00919303297996521,0.027451422065496445,0.015722136944532394,0.04746583104133606,0.07801537215709686,0.07277198135852814,0.10143515467643738,0.17441442608833313
127,4.233333333333333,,,,insightface_bbox,0.6876441836357117,985.6292114257812,712.178466796875,1937.9229736328125,2490.883056640625,0,0,0,0,0,0,0,0,0,0,0,0,0.04966701567173004,0.031025685369968414,0.04107994586229324,0.040282316505908966,0.009390875697135925,0.027035076171159744,0.014531781896948814,0.046592917293310165,0.07848058640956879,0.07396431267261505,0.09117692708969116,0.1649215966463089
128,4.266666666666667,,,,insightface_bbox,0.6876441836357117,985.6292114257812,712.178466796875,1937.9229736328125,2490.883056640625,0,0,0,0,0,0,0,0,0,0,0,0,0.049204424023628235,0.030170727521181107,0.03862445801496506,0.040516987442970276,0.009639168158173561,0.027158107608556747,0.014394168742001057,0.04770475998520851,0.0821000263094902,0.0752744972705841,0.08669845759868622,0.15479391813278198
129,4.3,,,,insightface_bbox,0.6876441836357117,985.6292114257812,712.178466796875,1937.9229736328125,2490.883056640625,0,0,0,0,0,0,0,0,0,0,0,0,0.048788975924253464,0.02956484444439411,0.03844244033098221,0.03905718773603439,0.009547431021928787,0.026787113398313522,0.013927388936281204,0.04692212492227554,0.08116773515939713,0.07427579909563065,0.08508118987083435,0.15167279541492462
130,4.333333333333333,,,,insightface_bbox,0.6876441836357117,985.6292114257812,712.178466796875,1937.9229736328125,2490.883056640625,0,0,0,0,0,0,0,0,0,0,0,0,0.05046096071600914,0.03145073354244232,0.04056849330663681,0.04193766415119171,0.0095157939940691,0.026934688910841942,0.014030857011675835,0.04724638909101486,0.07920852303504944,0.07355513423681259,0.08930034190416336,0.16294223070144653
131,4.366666666666666,,,,insightface_bbox,0.6876441836357117,985.6292114257812,712.178466796875,1937.9229736328125,2490.883056640625,0,0,0,0,0,0,0,0,0,0,0,0,0.04789610952138901,0.029795227572321892,0.03799924999475479,0.0379471555352211,0.009275542572140694,0.025778675451874733,0.013558423146605492,0.04400033876299858,0.07337576150894165,0.07025056332349777,0.08724667876958847,0.15720516443252563
132,4.4,,,,insightface_bbox,0.6988039016723633,989.6219482421875,693.497802734375,1935.3465576171875,2487.84814453125,0,0,0,0,0,0,0,0,0,0,0,0,0.03885634243488312,0.0242946594953537,0.0329272486269474,0.029505722224712372,0.008543504402041435,0.022554712370038033,0.012927064672112465,0.039592888206243515,0.06682085990905762,0.06390061974525452,0.08377928286790848,0.15123309195041656
133,4.433333333333334,,,,insightface_bbox,0.6988039016723633,989.6219482421875,693.497802734375,1935.3465576171875,2487.84814453125,0,0,0,0,0,0,0,0,0,0,0,0,0.04036528989672661,0.02546677552163601,0.034819286316633224,0.032472286373376846,0.008580810390412807,0.023598866537213326,0.012840408831834793,0.042083490639925,0.07139923423528671,0.06536770612001419,0.08630989491939545,0.14973418414592743
134,4.466666666666667,,,,insightface_bbox,0.6988039016723633,989.6219482421875,693.497802734375,1935.3465576171875,2487.84814453125,0,0,0,0,0,0,0,0,0,0,0,0,0.04203122854232788,0.02495041862130165,0.03812535107135773,0.028326015919446945,0.007280377205461264,0.022683165967464447,0.010628876276314259,0.041304606944322586,0.07374919205904007,0.0657087117433548,0.08794582635164261,0.1440574675798416
135,4.5,,,,insightface_bbox,0.6988039016723633,989.6219482421875,693.497802734375,1935.3465576171875,2487.84814453125,0,0,0,0,0,0,0,0,0,0,0,0,0.04058586433529854,0.02254630997776985,0.03739731013774872,0.02355393022298813,0.007042023818939924,0.02183847874403,0.009162341244518757,0.038524799048900604,0.07344686985015869,0.0639435350894928,0.0838179811835289,0.1337779462337494
136,4.533333333333333,,,,insightface_bbox,0.6988039016723633,989.6219482421875,693.497802734375,1935.3465576171875,2487.84814453125,0,0,0,0,0,0,0,0,0,0,0,0,0.04078539088368416,0.022357122972607613,0.039762020111083984,0.02268080785870552,0.00727428961545229,0.02260735258460045,0.008516263216733932,0.038219571113586426,0.07389210909605026,0.06280998140573502,0.08057770133018494,0.11957745254039764
137,4.566666666666666,,,,insightface_bbox,0.6988039016723633,989.6219482421875,693.497802734375,1935.3465576171875,2487.84814453125,0,0,0,0,0,0,0,0,0,0,0,0,0.04086482524871826,0.021809518337249756,0.04155982285737991,0.02092815563082695,0.0071784090250730515,0.022796502336859703,0.007957171648740768,0.03812244534492493,0.07443546503782272,0.06116989254951477,0.07820422947406769,0.11240343749523163
138,4.6,,,,insightface_bbox,0.7072622776031494,996.237060546875,655.3241577148438,1970.2447509765625,2469.23388671875,0,0,0,0,0,0,0,0,0,0,0,0,0.06546543538570404,0.03726921230554581,0.04206673800945282,0.03229409456253052,0.00913907028734684,0.03127520531415939,0.014456205070018768,0.045514799654483795,0.09005741775035858,0.07960327714681625,0.12133203446865082,0.1577225625514984
139,4.633333333333334,,,,insightface_bbox,0.7072622776031494,996.237060546875,655.3241577148438,1970.2447509765625,2469.23388671875,0,0,0,0,0,0,0,0,0,0,0,0,0.06638142466545105,0.03728509321808815,0.04081118851900101,0.03093714267015457,0.008367673493921757,0.028947563841938972,0.0141309117898345,0.04474729299545288,0.08506786078214645,0.08076830953359604,0.11003714799880981,0.16027837991714478
140,4.666666666666667,,,,insightface_bbox,0.7072622776031494,996.237060546875,655.3241577148438,1970.2447509765625,2469.23388671875,0,0,0,0,0,0,0,0,0,0,0,0,0.06512840837240219,0.039236970245838165,0.041572581976652145,0.03753332793712616,0.009251049719750881,0.029998449608683586,0.015904132276773453,0.05135481059551239,0.08954784274101257,0.0875907763838768,0.10897456109523773,0.15999795496463776
141,4.7,,,,insightface_bbox,0.7072622776031494,996.237060546875,655.3241577148438,1970.2447509765625,2469.23388671875,0,0,0,0,0,0,0,0,0,0,0,0,0.06267151981592178,0.03852525353431702,0.04108922928571701,0.037945330142974854,0.009539781138300896,0.030157331377267838,0.016085639595985413,0.05523412674665451,0.0901028960943222,0.08881637454032898,0.10825305432081223,0.1572784185409546
142,4.733333333333333,,,,insightface_bbox,0.7072622776031494,996.237060546875,655.3241577148438,1970.2447509765625,2469.23388671875,0,0,0,0,0,0,0,0,0,0,0,0,0.05919237062335014,0.03622814267873764,0.039588358253240585,0.034757617861032486,0.009277180768549442,0.028859857469797134,0.014964571222662926,0.05394647270441055,0.08782629668712616,0.08591514825820923,0.10596160590648651,0.15310201048851013
143,4.766666666666667,,,,insightface_bbox,0.7072622776031494,996.237060546875,655.3241577148438,1970.2447509765625,2469.23388671875,0,0,0,0,0,0,0,0,0,0,0,0,0.05702125281095505,0.03464531898498535,0.03877199441194534,0.03245941177010536,0.009146193973720074,0.028339702636003494,0.014088604599237442,0.05129953846335411,0.08567292988300323,0.08236022293567657,0.10618674755096436,0.15128198266029358
144,4.8,,,,insightface_bbox,0.7315244674682617,1013.6856689453125,689.3905639648438,1990.648681640625,2437.1015625,0,0,0,0,0,0,0,0,0,0,0,0,0.0635266900062561,0.03838955983519554,0.041097335517406464,0.034059587866067886,0.008864738047122955,0.029241042211651802,0.013657035306096077,0.04734523594379425,0.0818074643611908,0.07967972755432129,0.10819178074598312,0.15699300169944763
145,4.833333333333333,,,,insightface_bbox,0.7315244674682617,1013.6856689453125,689.3905639648438,1990.648681640625,2437.1015625,0,0,0,0,0,0,0,0,0,0,0,0,0.06304487586021423,0.037845905870199203,0.04045245796442032,0.0321820043027401,0.008718864060938358,0.029184412211179733,0.01344580203294754,0.04668466001749039,0.08142778277397156,0.07787827402353287,0.10981794446706772,0.15983253717422485
146,4.866666666666666,,,,insightface_bbox,0.7315244674682617,1013.6856689453125,689.3905639648438,1990.648681640625,2437.1015625,0,0,0,0,0,0,0,0,0,0,0,0,0.06282269954681396,0.03738560155034065,0.039698272943496704,0.031178273260593414,0.008786722086369991,0.029019976034760475,0.013391247019171715,0.04651746153831482,0.08277178555727005,0.07776425778865814,0.10911457985639572,0.15658515691757202
147,4.9,,,,insightface_bbox,0.7315244674682617,1013.6856689453125,689.3905639648438,1990.648681640625,2437.1015625,0,0,0,0,0,0,0,0,0,0,0,0,0.06419681757688522,0.03652636706829071,0.039845164865255356,0.029513148590922356,0.008585966192185879,0.0288690235465765,0.01339240837842226,0.04538320004940033,0.0839950293302536,0.07747628539800644,0.10628052055835724,0.15077529847621918
148,4.933333333333334,,,,insightface_bbox,0.7315244674682617,1013.6856689453125,689.3905639648438,1990.648681640625,2437.1015625,0,0,0,0,0,0,0,0,0,0,0,0,0.06991000473499298,0.03856475651264191,0.044717803597450256,0.03264225274324417,0.008629217743873596,0.03127581253647804,0.014187006279826164,0.04821106791496277,0.09126093983650208,0.08393174409866333,0.1101156696677208,0.1543298065662384
149,4.966666666666667,,,,insightface_bbox,0.7315244674682617,1013.6856689453125,689.3905639648438,1990.648681640625,2437.1015625,0,0,0,0,0,0,0,0,0,0,0,0,0.07805441319942474,0.043975431472063065,0.050663869827985764,0.041502755135297775,0.009285170584917068,0.03515971451997757,0.015865691006183624,0.05394573509693146,0.1012468934059143,0.09392312914133072,0.11794307827949524,0.16620439291000366
150,5.0,,,,insightface_bbox,0.7170721292495728,1003.9867553710938,693.1347045898438,1984.6513671875,2476.626220703125,0,0,0,0,0,0,0,0,0,0,0,0,0.0724942535161972,0.04098204895853996,0.044343169778585434,0.03722561523318291,0.009143209084868431,0.0339064821600914,0.016065988689661026,0.051820434629917145,0.10108865052461624,0.09366527199745178,0.1035693883895874,0.15066373348236084
151,5.033333333333333,,,,insightface_bbox,0.7170721292495728,1003.9867553710938,693.1347045898438,1984.6513671875,2476.626220703125,0,0,0,0,0,0,0,0,0,0,0,0,0.07288219779729843,0.0405735969543457,0.0405673086643219,0.036014534533023834,0.008867351338267326,0.03072422184050083,0.015141665935516357,0.04920565336942673,0.09355401992797852,0.0870680958032608,0.1021803468465805,0.15265966951847076
152,5.066666666666666,,,,insightface_bbox,0.7170721292495728,1003.9867553710938,693.1347045898438,1984.6513671875,2476.626220703125,0,0,0,0,0,0,0,0,0,0,0,0,0.06963296979665756,0.040842100977897644,0.039450082927942276,0.03593911603093147,0.008973943069577217,0.030148113146424294,0.01589159294962883,0.049724139273166656,0.08936702460050583,0.08524595946073532,0.09973317384719849,0.15069681406021118
153,5.1,,,,insightface_bbox,0.7170721292495728,1003.9867553710938,693.1347045898438,1984.6513671875,2476.626220703125,0,0,0,0,0,0,0,0,0,0,0,0,0.0722847655415535,0.042910464107990265,0.043565139174461365,0.037388622760772705,0.009336940944194794,0.03236963599920273,0.017074616625905037,0.05178181454539299,0.0926637202501297,0.08710405230522156,0.10862182825803757,0.15986564755439758
154,5.133333333333334,,,,insightface_bbox,0.7170721292495728,1003.9867553710938,693.1347045898438,1984.6513671875,2476.626220703125,0,0,0,0,0,0,0,0,0,0,0,0,0.07025069743394852,0.04133886098861694,0.0428600013256073,0.034708768129348755,0.009313661605119705,0.03284364193677902,0.01689383201301098,0.04934988543391228,0.09496098756790161,0.08661293983459473,0.10423339903354645,0.15028239786624908
155,5.166666666666667,,,,insightface_bbox,0.7170721292495728,1003.9867553710938,693.1347045898438,1984.6513671875,2476.626220703125,0,0,0,0,0,0,0,0,0,0,0,0,0.07039792090654373,0.04098397120833397,0.04538489505648613,0.034940022975206375,0.009334128350019455,0.03666108101606369,0.017169326543807983,0.05071619525551796,0.10071895271539688,0.09082479774951935,0.107184499502182,0.14222872257232666
156,5.2,,,,insightface_bbox,0.7257349491119385,997.0782470703125,688.3348999023438,1979.1282958984375,2465.482177734375,0,0,0,0,0,0,0,0,0,0,0,0,0.0678776353597641,0.040665313601493835,0.0406985804438591,0.0327494814991951,0.009685264900326729,0.03425345569849014,0.01777096837759018,0.04882587119936943,0.09709816426038742,0.08832477778196335,0.10693204402923584,0.15475977957248688
157,5.233333333333333,,,,insightface_bbox,0.7257349491119385,997.0782470703125,688.3348999023438,1979.1282958984375,2465.482177734375,0,0,0,0,0,0,0,0,0,0,0,0,0.06933088600635529,0.04297809302806854,0.04094729572534561,0.03655499592423439,0.009712536819279194,0.032461654394865036,0.018121182918548584,0.050873566418886185,0.09475192427635193,0.08923620730638504,0.10699816048145294,0.16110451519489288
158,5.266666666666667,,,,insightface_bbox,0.7257349491119385,997.0782470703125,688.3348999023438,1979.1282958984375,2465.482177734375,0,0,0,0,0,0,0,0,0,0,0,0,0.0651191771030426,0.040301814675331116,0.038362663239240646,0.03499399870634079,0.009263000451028347,0.030346347019076347,0.016189293935894966,0.049983054399490356,0.09097933769226074,0.08479981869459152,0.10648179054260254,0.15963195264339447
159,5.3,,,,insightface_bbox,0.7257349491119385,997.0782470703125,688.3348999023438,1979.1282958984375,2465.482177734375,0,0,0,0,0,0,0,0,0,0,0,0,0.06587323546409607,0.04081416130065918,0.038235992193222046,0.03724020719528198,0.009075942449271679,0.02891855500638485,0.0151258809491992,0.04805188626050949,0.0870479941368103,0.08178242295980453,0.0988079160451889,0.15018248558044434
160,5.333333333333333,,,,insightface_bbox,0.7257349491119385,997.0782470703125,688.3348999023438,1979.1282958984375,2465.482177734375,0,0,0,0,0,0,0,0,0,0,0,0,0.06413688510656357,0.04232485592365265,0.03789972513914108,0.04008512198925018,0.00927511416375637,0.02927117794752121,0.016079509630799294,0.0482100211083889,0.08674417436122894,0.08375528454780579,0.10076683759689331,0.15275795757770538
161,5.366666666666666,,,,insightface_bbox,0.7257349491119385,997.0782470703125,688.3348999023438,1979.1282958984375,2465.482177734375,0,0,0,0,0,0,0,0,0,0,0,0,0.07198451459407806,0.046728432178497314,0.049053166061639786,0.04415055364370346,0.009455363266170025,0.036958612501621246,0.01765115186572075,0.05349364131689072,0.09240705519914627,0.09093894809484482,0.11873319745063782,0.15747198462486267
162,5.4,,,,insightface_bbox,0.6694225072860718,996.453125,646.120849609375,1982.2265625,2559.01220703125,0,0,0,0,0,0,0,0,0,0,0,0,0.13109934329986572,0.08537432551383972,0.13121505081653595,0.13861045241355896,0.014243613928556442,0.0750373899936676,0.03927513211965561,0.09094629436731339,0.1269024908542633,0.1387884020805359,0.19788993895053864,0.2242928445339203
163,5.433333333333334,,,,insightface_bbox,0.6694225072860718,996.453125,646.120849609375,1982.2265625,2559.01220703125,0,0,0,0,0,0,0,0,0,0,0,0,0.12297585606575012,0.07825114578008652,0.12430154532194138,0.11966714262962341,0.014023786410689354,0.07670470327138901,0.03929726779460907,0.08730924129486084,0.12321339547634125,0.13575968146324158,0.19481676816940308,0.22563737630844116
164,5.466666666666667,,,,insightface_bbox,0.6694225072860718,996.453125,646.120849609375,1982.2265625,2559.01220703125,0,0,0,0,0,0,0,0,0,0,0,0,0.06952382624149323,0.04700298607349396,0.049404412508010864,0.052716515958309174,0.011665146797895432,0.039152614772319794,0.022510260343551636,0.06352411955595016,0.10831275582313538,0.10340866446495056,0.11284293234348297,0.16963599622249603
165,5.5,,,,insightface_bbox,0.6694225072860718,996.453125,646.120849609375,1982.2265625,2559.01220703125,0,0,0,0,0,0,0,0,0,0,0,0,0.05902570113539696,0.03972535952925682,0.04418957233428955,0.042740967124700546,0.010502798482775688,0.03403009846806526,0.020097151398658752,0.0601072795689106,0.10066686570644379,0.09343528002500534,0.09942059218883514,0.1507691591978073
166,5.533333333333333,,,,insightface_bbox,0.6694225072860718,996.453125,646.120849609375,1982.2265625,2559.01220703125,0,0,0,0,0,0,0,0,0,0,0,0,0.05593637377023697,0.03812661021947861,0.04152613878250122,0.03879932314157486,0.010064643807709217,0.033953309059143066,0.01912507973611355,0.05769620090723038,0.0968761295080185,0.09066897630691528,0.10324405133724213,0.1540422886610031
167,5.566666666666666,,,,insightface_bbox,0.6694225072860718,996.453125,646.120849609375,1982.2265625,2559.01220703125,0,0,0,0,0,0,0,0,0,0,0,0,0.057197365909814835,0.03819821774959564,0.04355461895465851,0.038417741656303406,0.009720174595713615,0.0353420116007328,0.018201299011707306,0.056427888572216034,0.09641309082508087,0.0907873809337616,0.10699328780174255,0.15246760845184326
168,5.6,,,,insightface_bbox,0.7497595548629761,1023.0350341796875,698.8522338867188,1999.27392578125,2415.250732421875,0,0,0,0,0,0,0,0,0,0,0,0,0.04646608978509903,0.03252837434411049,0.03354988992214203,0.03135497868061066,0.009781691245734692,0.02819719910621643,0.015384262427687645,0.046745896339416504,0.08378183841705322,0.07454852014780045,0.1009908989071846,0.1507764756679535
169,5.633333333333334,,,,insightface_bbox,0.7497595548629761,1023.0350341796875,698.8522338867188,1999.27392578125,2415.250732421875,0,0,0,0,0,0,0,0,0,0,0,0,0.05235118791460991,0.036466389894485474,0.03507267311215401,0.03770304098725319,0.00998236145824194,0.02931974083185196,0.01533515378832817,0.04976601153612137,0.09104203432798386,0.08259652554988861,0.09805579483509064,0.1508074402809143
170,5.666666666666667,,,,insightface_bbox,0.7497595548629761,1023.0350341796875,698.8522338867188,1999.27392578125,2415.250732421875,0,0,0,0,0,0,0,0,0,0,0,0,0.057849884033203125,0.03944288194179535,0.037960249930620193,0.041411399841308594,0.010127542540431023,0.030551554635167122,0.015437126159667969,0.04974964261054993,0.09284225106239319,0.08575227111577988,0.0951419323682785,0.14527876675128937
171,5.7,,,,insightface_bbox,0.7497595548629761,1023.0350341796875,698.8522338867188,1999.27392578125,2415.250732421875,0,0,0,0,0,0,0,0,0,0,0,0,0.06015291437506676,0.04052684083580971,0.04002825915813446,0.041810791939496994,0.010446613654494286,0.03094211220741272,0.015794172883033752,0.04960964620113373,0.08982532471418381,0.0847359150648117,0.09768830239772797,0.14802680909633636
172,5.733333333333333,,,,insightface_bbox,0.7497595548629761,1023.0350341796875,698.8522338867188,1999.27392578125,2415.250732421875,0,0,0,0,0,0,0,0,0,0,0,0,0.05196946859359741,0.03506208211183548,0.03547060117125511,0.036216601729393005,0.010399130173027515,0.028326336294412613,0.015722127631306648,0.04897221177816391,0.08602376282215118,0.07938463985919952,0.09531021118164062,0.14046859741210938
173,5.766666666666667,,,,insightface_bbox,0.7497595548629761,1023.0350341796875,698.8522338867188,1999.27392578125,2415.250732421875,0,0,0,0,0,0,0,0,0,0,0,0,0.04551142454147339,0.030591588467359543,0.03102693520486355,0.030033448711037636,0.010317777283489704,0.026545196771621704,0.015559777617454529,0.04933690279722214,0.08111502230167389,0.0741017535328865,0.10131663829088211,0.15024007856845856
174,5.8,,,,insightface_bbox,0.7171722054481506,1010.5311889648438,703.14892578125,2004.579833984375,2443.45068359375,0,0,0,0,0,0,0,0,0,0,0,0,0.06372647732496262,0.040859684348106384,0.03910868614912033,0.030566588044166565,0.008384699001908302,0.03233138844370842,0.01307546254247427,0.0459776371717453,0.08400815725326538,0.079671211540699,0.09498953074216843,0.1497904360294342
175,5.833333333333333,,,,insightface_bbox,0.7171722054481506,1010.5311889648438,703.14892578125,2004.579833984375,2443.45068359375,0,0,0,0,0,0,0,0,0,0,0,0,0.06246314197778702,0.040911078453063965,0.038492005318403244,0.029909247532486916,0.008581750094890594,0.031584303826093674,0.013092413544654846,0.04601696506142616,0.08341475576162338,0.07898472249507904,0.09517157077789307,0.15291300415992737
176,5.866666666666666,,,,insightface_bbox,0.7171722054481506,1010.5311889648438,703.14892578125,2004.579833984375,2443.45068359375,0,0,0,0,0,0,0,0,0,0,0,0,0.060421694070100784,0.03925813362002373,0.03679872304201126,0.02706015296280384,0.008069773204624653,0.030104592442512512,0.012292830273509026,0.04398096352815628,0.08287699520587921,0.07775477319955826,0.0921294167637825,0.15042760968208313
177,5.9,,,,insightface_bbox,0.7171722054481506,1010.5311889648438,703.14892578125,2004.579833984375,2443.45068359375,0,0,0,0,0,0,0,0,0,0,0,0,0.060948584228754044,0.03986373916268349,0.03648505359888077,0.026958996430039406,0.007954864762723446,0.03001362457871437,0.012281444855034351,0.04287518188357353,0.08267573267221451,0.077089823782444,0.0894368588924408,0.15334558486938477
178,5.933333333333334,,,,insightface_bbox,0.7171722054481506,1010.5311889648438,703.14892578125,2004.579833984375,2443.45068359375,0,0,0,0,0,0,0,0,0,0,0,0,0.06509776413440704,0.03933548927307129,0.039653584361076355,0.02702547423541546,0.008113513700664043,0.030908314511179924,0.012081908993422985,0.04233430698513985,0.08682061731815338,0.07983186095952988,0.09045439958572388,0.15347321331501007
179,5.966666666666667,,,,insightface_bbox,0.7171722054481506,1010.5311889648438,703.14892578125,2004.579833984375,2443.45068359375,0,0,0,0,0,0,0,0,0,0,0,0,0.0711650550365448,0.04024558141827583,0.04455803334712982,0.027356307953596115,0.008041715249419212,0.03276651352643967,0.011960167437791824,0.04128773510456085,0.08680878579616547,0.08009851723909378,0.08792126178741455,0.14423443377017975
180,6.0,,,,insightface_bbox,0.7479380369186401,1013.0390014648438,680.4681396484375,1993.169189453125,2449.38427734375,0,0,0,0,0,0,0,0,0,0,0,0,0.07349561899900436,0.04610960930585861,0.043252814561128616,0.04423050209879875,0.010184146463871002,0.03328118100762367,0.017449766397476196,0.05722757428884506,0.09570714086294174,0.09431628882884979,0.10434234142303467,0.16614101827144623
181,6.033333333333333,,,,insightface_bbox,0.7479380369186401,1013.0390014648438,680.4681396484375,1993.169189453125,2449.38427734375,0,0,0,0,0,0,0,0,0,0,0,0,0.07219595462083817,0.04492172971367836,0.04273835942149162,0.04295527935028076,0.009727505035698414,0.032545577734708786,0.01689966395497322,0.057591162621974945,0.09865123778581619,0.09509265422821045,0.10631382465362549,0.16780105233192444
182,6.066666666666666,,,,insightface_bbox,0.7479380369186401,1013.0390014648438,680.4681396484375,1993.169189453125,2449.38427734375,0,0,0,0,0,0,0,0,0,0,0,0,0.07137899100780487,0.04424444958567619,0.04279477149248123,0.0410509891808033,0.009517093189060688,0.03199193254113197,0.016476264223456383,0.05520706623792648,0.09819004684686661,0.09401871263980865,0.1047222763299942,0.16567227244377136
183,6.1,,,,insightface_bbox,0.7479380369186401,1013.0390014648438,680.4681396484375,1993.169189453125,2449.38427734375,0,0,0,0,0,0,0,0,0,0,0,0,0.0704602599143982,0.043160922825336456,0.04155322536826134,0.03955978527665138,0.009601620025932789,0.03122013993561268,0.016363956034183502,0.054905965924263,0.09900757670402527,0.0929742306470871,0.1038634404540062,0.1689707636833191
184,6.133333333333334,,,,insightface_bbox,0.7479380369186401,1013.0390014648438,680.4681396484375,1993.169189453125,2449.38427734375,0,0,0,0,0,0,0,0,0,0,0,0,0.0656740590929985,0.040446147322654724,0.03965039178729057,0.03789329156279564,0.00991145707666874,0.03029857762157917,0.016093309968709946,0.05351097881793976,0.09551851451396942,0.08930481970310211,0.10240636765956879,0.16588902473449707
185,6.166666666666667,,,,insightface_bbox,0.7479380369186401,1013.0390014648438,680.4681396484375,1993.169189453125,2449.38427734375,0,0,0,0,0,0,0,0,0,0,0,0,0.06360096484422684,0.040274620056152344,0.039312127977609634,0.03984656184911728,0.010174723342061043,0.02975521795451641,0.016550011932849884,0.05468536913394928,0.09507815539836884,0.08970057964324951,0.09848898649215698,0.16264674067497253
186,6.2,,,,insightface_bbox,0.7375021576881409,1007.9508056640625,695.780517578125,1999.452392578125,2456.81689453125,0,0,0,0,0,0,0,0,0,0,0,0,0.0719861090183258,0.041443899273872375,0.04068208858370781,0.030569933354854584,0.008889637887477875,0.03163793683052063,0.013972774147987366,0.04573450982570648,0.09097854793071747,0.0862186998128891,0.10773144662380219,0.169578418135643
187,6.233333333333333,,,,insightface_bbox,0.7375021576881409,1007.9508056640625,695.780517578125,1999.452392578125,2456.81689453125,0,0,0,0,0,0,0,0,0,0,0,0,0.07650802284479141,0.04489446058869362,0.046726398169994354,0.033777378499507904,0.009834332391619682,0.036779846996068954,0.01636538654565811,0.04912378266453743,0.09682726860046387,0.08940035104751587,0.1112620085477829,0.17313019931316376
188,6.266666666666667,,,,insightface_bbox,0.7375021576881409,1007.9508056640625,695.780517578125,1999.452392578125,2456.81689453125,0,0,0,0,0,0,0,0,0,0,0,0,0.06923311948776245,0.04185846447944641,0.04637199640274048,0.03582199662923813,0.009518783539533615,0.03604178875684738,0.018364744260907173,0.04963541775941849,0.09747958928346634,0.0911392867565155,0.09731119871139526,0.15161582827568054
189,6.3,,,,insightface_bbox,0.7375021576881409,1007.9508056640625,695.780517578125,1999.452392578125,2456.81689453125,0,0,0,0,0,0,0,0,0,0,0,0,0.0848606526851654,0.04999149963259697,0.06353271007537842,0.05205891281366348,0.010736728087067604,0.04522417113184929,0.02117791958153248,0.05825190246105194,0.11258485913276672,0.09574931859970093,0.0932953879237175,0.1378810703754425
190,6.333333333333333,,,,insightface_bbox,0.7375021576881409,1007.9508056640625,695.780517578125,1999.452392578125,2456.81689453125,0,0,0,0,0,0,0,0,0,0,0,0,0.1022491529583931,0.06366021931171417,0.08147366344928741,0.08961261063814163,0.011051056906580925,0.045013610273599625,0.023918163031339645,0.07300496846437454,0.13258980214595795,0.10954488813877106,0.07672084122896194,0.146311417222023
191,6.366666666666666,,,,insightface_bbox,0.7375021576881409,1007.9508056640625,695.780517578125,1999.452392578125,2456.81689453125,0,0,0,0,0,0,0,0,0,0,0,0,0.09805962443351746,0.06594894081354141,0.06831909716129303,0.0934424176812172,0.012551178224384785,0.04311707615852356,0.026904750615358353,0.0788235291838646,0.135676771402359,0.1144162267446518,0.07623924314975739,0.1490568220615387
192,6.4,,,,insightface_bbox,0.7089312672615051,968.2384643554688,731.03564453125,1930.37890625,2465.21142578125,0,0,0,0,0,0,0,0,0,0,0,0,0.057285089045763016,0.03965478017926216,0.04798823595046997,0.05665705353021622,0.011607482098042965,0.03216784447431564,0.02085178717970848,0.06337942183017731,0.10267750918865204,0.09066320210695267,0.07994558662176132,0.16021794080734253
193,6.433333333333334,,,,insightface_bbox,0.7089312672615051,968.2384643554688,731.03564453125,1930.37890625,2465.21142578125,0,0,0,0,0,0,0,0,0,0,0,0,0.05664762854576111,0.040233783423900604,0.04485414922237396,0.05666881054639816,0.012366080656647682,0.03124883770942688,0.020515432581305504,0.06371837854385376,0.10528267174959183,0.09567944705486298,0.0755794569849968,0.15897592902183533
194,6.466666666666667,,,,insightface_bbox,0.7089312672615051,968.2384643554688,731.03564453125,1930.37890625,2465.21142578125,0,0,0,0,0,0,0,0,0,0,0,0,0.0581827387213707,0.041297636926174164,0.04032410308718681,0.053095415234565735,0.013092326931655407,0.031764350831508636,0.023251965641975403,0.06330302357673645,0.10546852648258209,0.10085336863994598,0.0730554535984993,0.1510070562362671
195,6.5,,,,insightface_bbox,0.7089312672615051,968.2384643554688,731.03564453125,1930.37890625,2465.21142578125,0,0,0,0,0,0,0,0,0,0,0,0,0.05995119363069534,0.04215613752603531,0.04038363695144653,0.052483975887298584,0.013260231353342533,0.03218064829707146,0.023586852476000786,0.06146072596311569,0.10760369896888733,0.104471355676651,0.07732564210891724,0.14994056522846222
196,6.533333333333333,,,,insightface_bbox,0.7089312672615051,968.2384643554688,731.03564453125,1930.37890625,2465.21142578125,0,0,0,0,0,0,0,0,0,0,0,0,0.060514528304338455,0.04213433712720871,0.04121953248977661,0.05268240347504616,0.012926880270242691,0.03173438459634781,0.02290831133723259,0.05921703204512596,0.10716450214385986,0.10502791404724121,0.0744122862815857,0.14502054452896118
197,6.566666666666666,,,,insightface_bbox,0.7089312672615051,968.2384643554688,731.03564453125,1930.37890625,2465.21142578125,0,0,0,0,0,0,0,0,0,0,0,0,0.05991499871015549,0.041130684316158295,0.04049669951200485,0.0509382002055645,0.013189771212637424,0.03164144605398178,0.023082848638296127,0.059725575149059296,0.10834184288978577,0.10585612803697586,0.07415148615837097,0.14365838468074799
198,6.6,,,,insightface_bbox,0.7278961539268494,954.0326538085938,675.9002075195312,1909.84375,2463.099609375,0,0,0,0,0,0,0,0,0,0,0,0,0.054655443876981735,0.03682698681950569,0.04268896207213402,0.04649803787469864,0.012433500960469246,0.030271336436271667,0.019679682329297066,0.05743516981601715,0.10631922632455826,0.09486837685108185,0.07728075236082077,0.15597787499427795
199,6.633333333333334,,,,insightface_bbox,0.7278961539268494,954.0326538085938,675.9002075195312,1909.84375,2463.099609375,0,0,0,0,0,0,0,0,0,0,0,0,0.05462024360895157,0.03684807941317558,0.04197712615132332,0.04521384835243225,0.01187423150986433,0.029384691268205643,0.018748698756098747,0.053353890776634216,0.10199657082557678,0.09203124046325684,0.07624668627977371,0.15506808459758759
200,6.666666666666667,,,,insightface_bbox,0.7278961539268494,954.0326538085938,675.9002075195312,1909.84375,2463.099609375,0,0,0,0,0,0,0,0,0,0,0,0,0.056459639221429825,0.03779618442058563,0.0444662943482399,0.046016838401556015,0.011661974713206291,0.0297818873077631,0.01837618462741375,0.052383311092853546,0.10024894028902054,0.09140834212303162,0.07717597484588623,0.1525622010231018
201,6.7,,,,insightface_bbox,0.7278961539268494,954.0326538085938,675.9002075195312,1909.84375,2463.099609375,0,0,0,0,0,0,0,0,0,0,0,0,0.05508396029472351,0.0366896390914917,0.0432998389005661,0.04420299828052521,0.011703168042004108,0.029406415298581123,0.018125813454389572,0.05167223513126373,0.09935247898101807,0.09058438241481781,0.07688191533088684,0.15215077996253967
202,6.733333333333333,,,,insightface_bbox,0.7278961539268494,954.0326538085938,675.9002075195312,1909.84375,2463.099609375,0,0,0,0,0,0,0,0,0,0,0,0,0.052164673805236816,0.034572701901197433,0.03916626796126366,0.040364958345890045,0.011731773614883423,0.02875995635986328,0.018154222518205643,0.05276244878768921,0.09823434054851532,0.0892736166715622,0.08468390256166458,0.1620105803012848
203,6.766666666666667,,,,insightface_bbox,0.7278961539268494,954.0326538085938,675.9002075195312,1909.84375,2463.099609375,0,0,0,0,0,0,0,0,0,0,0,0,0.04934268444776535,0.03227036073803902,0.03833131492137909,0.036910660564899445,0.011280598118901253,0.02799913100898266,0.017651285976171494,0.052678100764751434,0.09634512662887573,0.08592002093791962,0.08611947298049927,0.16514025628566742
204,6.8,,,,insightface_bbox,0.7331016063690186,951.7926635742188,692.3707885742188,1917.6614990234375,2460.051025390625,0,0,0,0,0,0,0,0,0,0,0,0,0.06109257787466049,0.040374547243118286,0.04190842807292938,0.048050761222839355,0.013056579977273941,0.0319947823882103,0.02368869073688984,0.062132906168699265,0.10786738246679306,0.10535171627998352,0.08226653933525085,0.15047624707221985
205,6.833333333333333,,,,insightface_bbox,0.7331016063690186,951.7926635742188,692.3707885742188,1917.6614990234375,2460.051025390625,0,0,0,0,0,0,0,0,0,0,0,0,0.058814141899347305,0.03897635638713837,0.04212871938943863,0.046916522085666656,0.012260718271136284,0.03157790005207062,0.022749610245227814,0.062265537679195404,0.10697577148675919,0.0979139655828476,0.09050864726305008,0.162750244140625
206,6.866666666666666,,,,insightface_bbox,0.7331016063690186,951.7926635742188,692.3707885742188,1917.6614990234375,2460.051025390625,0,0,0,0,0,0,0,0,0,0,0,0,0.053012870252132416,0.03420323505997658,0.03906075656414032,0.038269639015197754,0.010637685656547546,0.02748597040772438,0.018642785027623177,0.05326569825410843,0.0972679853439331,0.08720269799232483,0.08158086240291595,0.14615532755851746
207,6.9,,,,insightface_bbox,0.7331016063690186,951.7926635742188,692.3707885742188,1917.6614990234375,2460.051025390625,0,0,0,0,0,0,0,0,0,0,0,0,0.05366591364145279,0.03402547165751457,0.03654857724905014,0.03385418653488159,0.00968998670578003,0.026091307401657104,0.01644514873623848,0.04742925986647606,0.09185343980789185,0.08188682794570923,0.08258595317602158,0.1460978239774704
208,6.933333333333334,,,,insightface_bbox,0.7331016063690186,951.7926635742188,692.3707885742188,1917.6614990234375,2460.051025390625,0,0,0,0,0,0,0,0,0,0,0,0,0.05789447948336601,0.0347629189491272,0.039465729147195816,0.03226726874709129,0.00930626131594181,0.026932695880532265,0.015090994536876678,0.045317184180021286,0.09171002358198166,0.07885486632585526,0.08916168659925461,0.14874926209449768
209,6.966666666666667,,,,insightface_bbox,0.7331016063690186,951.7926635742188,692.3707885742188,1917.6614990234375,2460.051025390625,0,0,0,0,0,0,0,0,0,0,0,0,0.06003010645508766,0.03515675291419029,0.03916141390800476,0.03175097703933716,0.009366428479552269,0.02726084738969803,0.014716860838234425,0.04303212836384773,0.09088139981031418,0.0793583020567894,0.09205181151628494,0.15127421915531158
210,7.0,,,,insightface_bbox,0.736046552658081,957.8314208984375,657.6312866210938,1933.771484375,2447.33349609375,0,0,0,0,0,0,0,0,0,0,0,0,0.05207018554210663,0.03286471217870712,0.037358395755290985,0.0336722806096077,0.010068582370877266,0.02633308619260788,0.015077834948897362,0.04819156229496002,0.09669576585292816,0.08430733531713486,0.07809710502624512,0.128202423453331
211,7.033333333333333,,,,insightface_bbox,0.736046552658081,957.8314208984375,657.6312866210938,1933.771484375,2447.33349609375,0,0,0,0,0,0,0,0,0,0,0,0,0.05386238545179367,0.033997006714344025,0.039610497653484344,0.035420458763837814,0.009909622371196747,0.0270778089761734,0.014841530472040176,0.050467249006032944,0.1007983461022377,0.08622515946626663,0.08399693667888641,0.1322132796049118
212,7.066666666666666,,,,insightface_bbox,0.736046552658081,957.8314208984375,657.6312866210938,1933.771484375,2447.33349609375,0,0,0,0,0,0,0,0,0,0,0,0,0.05434016138315201,0.034121811389923096,0.03956341743469238,0.035949092358350754,0.009934893809258938,0.027478720992803574,0.014497483149170876,0.04998883232474327,0.10076361894607544,0.08624500781297684,0.08830215781927109,0.1376318484544754
213,7.1,,,,insightface_bbox,0.736046552658081,957.8314208984375,657.6312866210938,1933.771484375,2447.33349609375,0,0,0,0,0,0,0,0,0,0,0,0,0.05627533420920372,0.035905107855796814,0.0409192219376564,0.04000779613852501,0.00967529695481062,0.027868371456861496,0.014024614356458187,0.04989572614431381,0.10217297822237015,0.08453822135925293,0.09422904998064041,0.14573177695274353
214,7.133333333333334,,,,insightface_bbox,0.736046552658081,957.8314208984375,657.6312866210938,1933.771484375,2447.33349609375,0,0,0,0,0,0,0,0,0,0,0,0,0.057945962995290756,0.036301739513874054,0.043460115790367126,0.040615666657686234,0.009398285299539566,0.028374874964356422,0.014020212925970554,0.047039695084095,0.09867846965789795,0.08339947462081909,0.10182714462280273,0.14801646769046783
215,7.166666666666667,,,,insightface_bbox,0.736046552658081,957.8314208984375,657.6312866210938,1933.771484375,2447.33349609375,0,0,0,0,0,0,0,0,0,0,0,0,0.06294510513544083,0.03923368081450462,0.04728411138057709,0.04381360486149788,0.009866392239928246,0.03039330244064331,0.015074051916599274,0.048291344195604324,0.10080347955226898,0.08507491648197174,0.111092709004879,0.15879712998867035
216,7.2,,,,insightface_bbox,0.703702986240387,969.6533203125,637.9166870117188,1952.2325439453125,2399.409423828125,0,0,0,0,0,0,0,0,0,0,0,0,0.06294436007738113,0.03928656131029129,0.04522979259490967,0.04622597247362137,0.010224507190287113,0.031646814197301865,0.01583636738359928,0.05216386169195175,0.1087961345911026,0.09202726930379868,0.09649474918842316,0.14535637199878693
217,7.233333333333333,,,,insightface_bbox,0.703702986240387,969.6533203125,637.9166870117188,1952.2325439453125,2399.409423828125,0,0,0,0,0,0,0,0,0,0,0,0,0.06511964648962021,0.04042826220393181,0.04645274579524994,0.048299916088581085,0.010074825957417488,0.03201470524072647,0.016403574496507645,0.05338534340262413,0.10944969207048416,0.09630259871482849,0.09623632580041885,0.14274927973747253
218,7.266666666666667,,,,insightface_bbox,0.703702986240387,969.6533203125,637.9166870117188,1952.2325439453125,2399.409423828125,0,0,0,0,0,0,0,0,0,0,0,0,0.062180861830711365,0.038606930524110794,0.04429476335644722,0.04403185471892357,0.00952223502099514,0.031158095225691795,0.015899308025836945,0.05206451192498207,0.10787005722522736,0.09544872492551804,0.09313639998435974,0.1333385407924652
219,7.3,,,,insightface_bbox,0.703702986240387,969.6533203125,637.9166870117188,1952.2325439453125,2399.409423828125,0,0,0,0,0,0,0,0,0,0,0,0,0.06380455940961838,0.039016060531139374,0.04453245550394058,0.04414435476064682,0.009570421651005745,0.031272392719984055,0.01634419709444046,0.05262337625026703,0.10826249420642853,0.09728394448757172,0.08911588788032532,0.1308123767375946
220,7.333333333333333,,,,insightface_bbox,0.703702986240387,969.6533203125,637.9166870117188,1952.2325439453125,2399.409423828125,0,0,0,0,0,0,0,0,0,0,0,0,0.06740368157625198,0.04070216417312622,0.04901202395558357,0.046114593744277954,0.009422771632671356,0.03168567642569542,0.01678510196506977,0.05386929586529732,0.10924585163593292,0.097694531083107,0.09276236593723297,0.13237881660461426
221,7.366666666666666,,,,insightface_bbox,0.703702986240387,969.6533203125,637.9166870117188,1952.2325439453125,2399.409423828125,0,0,0,0,0,0,0,0,0,0,0,0,0.06769286096096039,0.04045456275343895,0.049889229238033295,0.046367570757865906,0.00930929183959961,0.03132632002234459,0.016851607710123062,0.05402933433651924,0.10871407389640808,0.0992686003446579,0.09295251965522766,0.13423208892345428
222,7.4,,,,insightface_bbox,0.6974152326583862,960.718017578125,607.790283203125,1943.4481201171875,2386.771240234375,0,0,0,0,0,0,0,0,0,0,0,0,0.07171943038702011,0.0416734516620636,0.052331797778606415,0.04848666489124298,0.009507717564702034,0.032128121703863144,0.01700870506465435,0.056004080921411514,0.10902206599712372,0.10266653448343277,0.09026293456554413,0.1361081898212433
223,7.433333333333334,,,,insightface_bbox,0.6974152326583862,960.718017578125,607.790283203125,1943.4481201171875,2386.771240234375,0,0,0,0,0,0,0,0,0,0,0,0,0.06790465116500854,0.039464645087718964,0.05179354548454285,0.04539383947849274,0.009212029166519642,0.03101225011050701,0.016433991491794586,0.05453959107398987,0.10854776203632355,0.09902335703372955,0.09132492542266846,0.13458211719989777
224,7.466666666666667,,,,insightface_bbox,0.6974152326583862,960.718017578125,607.790283203125,1943.4481201171875,2386.771240234375,0,0,0,0,0,0,0,0,0,0,0,0,0.0701003149151802,0.04070036858320236,0.05376044660806656,0.04648697003722191,0.009165708906948566,0.031367283314466476,0.015558045357465744,0.05381573364138603,0.10803581774234772,0.09576570987701416,0.09143470227718353,0.13417604565620422
225,7.5,,,,insightface_bbox,0.6974152326583862,960.718017578125,607.790283203125,1943.4481201171875,2386.771240234375,0,0,0,0,0,0,0,0,0,0,0,0,0.07341454923152924,0.04314982146024704,0.05747409164905548,0.049176182597875595,0.009256511926651001,0.03213895857334137,0.01533661037683487,0.05259120836853981,0.10846009850502014,0.09648679196834564,0.09092232584953308,0.13430747389793396
226,7.533333333333333,,,,insightface_bbox,0.6974152326583862,960.718017578125,607.790283203125,1943.4481201171875,2386.771240234375,0,0,0,0,0,0,0,0,0,0,0,0,0.07916384190320969,0.04771753400564194,0.05848659202456474,0.051995400339365005,0.009670296683907509,0.03374611586332321,0.015177309513092041,0.0493939183652401,0.09892553836107254,0.09170185774564743,0.10869871824979782,0.17044296860694885
227,7.566666666666666,,,,insightface_bbox,0.6974152326583862,960.718017578125,607.790283203125,1943.4481201171875,2386.771240234375,0,0,0,0,0,0,0,0,0,0,0,0,0.07692228257656097,0.047788213938474655,0.05597890168428421,0.049209095537662506,0.010032103396952152,0.03439348563551903,0.01651759073138237,0.04893582686781883,0.09857267141342163,0.09125818312168121,0.11842168867588043,0.19380001723766327
228,7.6,,,,insightface_bbox,0.6872525215148926,977.7257690429688,647.968994140625,1953.9674072265625,2466.090087890625,0,0,0,0,0,0,0,0,0,0,0,0,0.06674916297197342,0.0460602305829525,0.04393064230680466,0.05558665469288826,0.010658929124474525,0.03220608830451965,0.018473196774721146,0.050450049340724945,0.09279240667819977,0.09270681440830231,0.11263123154640198,0.18125203251838684
229,7.633333333333334,,,,insightface_bbox,0.6872525215148926,977.7257690429688,647.968994140625,1953.9674072265625,2466.090087890625,0,0,0,0,0,0,0,0,0,0,0,0,0.07323141396045685,0.04880554601550102,0.04572153836488724,0.0581483319401741,0.010643234476447105,0.03443189337849617,0.01737503707408905,0.050887331366539,0.09283743053674698,0.09412126243114471,0.11995113641023636,0.18177583813667297
230,7.666666666666667,,,,insightface_bbox,0.6872525215148926,977.7257690429688,647.968994140625,1953.9674072265625,2466.090087890625,0,0,0,0,0,0,0,0,0,0,0,0,0.0757751390337944,0.05066047981381416,0.04861431568861008,0.06279398500919342,0.010643177665770054,0.03455223888158798,0.017643053084611893,0.05144704133272171,0.0930776298046112,0.09450168907642365,0.12127552181482315,0.18051156401634216
231,7.7,,,,insightface_bbox,0.6872525215148926,977.7257690429688,647.968994140625,1953.9674072265625,2466.090087890625,0,0,0,0,0,0,0,0,0,0,0,0,0.0819627121090889,0.053614597767591476,0.05198357626795769,0.0656801238656044,0.010619311593472958,0.03601262718439102,0.01836967281997204,0.05203727260231972,0.09650799632072449,0.09659115970134735,0.11830106377601624,0.1844574362039566
232,7.733333333333333,,,,insightface_bbox,0.6872525215148926,977.7257690429688,647.968994140625,1953.9674072265625,2466.090087890625,0,0,0,0,0,0,0,0,0,0,0,0,0.08228204399347305,0.053228944540023804,0.05330010876059532,0.06295721977949142,0.010586533695459366,0.03540385887026787,0.018591437488794327,0.0518602579832077,0.0956086665391922,0.09672622382640839,0.12059174478054047,0.19179664552211761
233,7.766666666666667,,,,insightface_bbox,0.6872525215148926,977.7257690429688,647.968994140625,1953.9674072265625,2466.090087890625,0,0,0,0,0,0,0,0,0,0,0,0,0.08052627742290497,0.05210826173424721,0.05309995263814926,0.06047907844185829,0.010695029981434345,0.03552566468715668,0.01833288185298443,0.051420338451862335,0.0937911868095398,0.09598620980978012,0.12210357934236526,0.19195067882537842
234,7.8,,,,insightface_bbox,0.7087186574935913,956.5938110351562,590.9223022460938,1951.6141357421875,2475.21337890625,0,0,0,0,0,0,0,0,0,0,0,0,0.07474065572023392,0.049430426210165024,0.06314397603273392,0.05706804245710373,0.009269889444112778,0.03575320541858673,0.013434680178761482,0.05154235288500786,0.08921661227941513,0.08991922438144684,0.10406303405761719,0.17295515537261963
235,7.833333333333333,,,,insightface_bbox,0.7087186574935913,956.5938110351562,590.9223022460938,1951.6141357421875,2475.21337890625,0,0,0,0,0,0,0,0,0,0,0,0,0.07575724273920059,0.049192577600479126,0.06346084177494049,0.05588846653699875,0.009414070285856724,0.03729195147752762,0.013720314018428326,0.05163341015577316,0.09082427620887756,0.09053036570549011,0.10501834750175476,0.1760319620370865
236,7.866666666666666,,,,insightface_bbox,0.7087186574935913,956.5938110351562,590.9223022460938,1951.6141357421875,2475.21337890625,0,0,0,0,0,0,0,0,0,0,0,0,0.08875192701816559,0.05573107302188873,0.07533203065395355,0.06598268449306488,0.010414398275315762,0.050046466290950775,0.01567426696419716,0.05642632022500038,0.09917150437831879,0.09582462906837463,0.12815974652767181,0.17716170847415924
237,7.9,,,,insightface_bbox,0.7087186574935913,956.5938110351562,590.9223022460938,1951.6141357421875,2475.21337890625,0,0,0,0,0,0,0,0,0,0,0,0,0.1133941262960434,0.07245160639286041,0.12121213972568512,0.10453556478023529,0.013323520310223103,0.07424148172140121,0.026338893920183182,0.07377880811691284,0.1292794644832611,0.11727523803710938,0.15810371935367584,0.19529715180397034
238,7.933333333333334,,,,insightface_bbox,0.7087186574935913,956.5938110351562,590.9223022460938,1951.6141357421875,2475.21337890625,0,0,0,0,0,0,0,0,0,0,0,0,0.11365272104740143,0.07365334033966064,0.12389422953128815,0.11557877063751221,0.013033060356974602,0.06541808694601059,0.026948602870106697,0.07529330253601074,0.12811148166656494,0.11650408804416656,0.14939743280410767,0.18390169739723206
239,7.966666666666667,,,,insightface_bbox,0.7087186574935913,956.5938110351562,590.9223022460938,1951.6141357421875,2475.21337890625,0,0,0,0,0,0,0,0,0,0,0,0,0.0939592719078064,0.06097947806119919,0.07526303827762604,0.08833184838294983,0.011520161293447018,0.047319263219833374,0.020545432344079018,0.06736938655376434,0.11488066613674164,0.11271890252828598,0.12634412944316864,0.1700245589017868
240,8.0,,,,insightface_bbox,0.7160680890083313,975.4408569335938,644.6192626953125,1950.0057373046875,2392.134521484375,0,0,0,0,0,0,0,0,0,0,0,0,0.05923941358923912,0.04029007628560066,0.04205930233001709,0.0483819842338562,0.011773449368774891,0.03482232242822647,0.019174784421920776,0.053905975073575974,0.1081601157784462,0.09237153828144073,0.13116025924682617,0.1730979084968567
241,8.033333333333333,,,,insightface_bbox,0.7160680890083313,975.4408569335938,644.6192626953125,1950.0057373046875,2392.134521484375,0,0,0,0,0,0,0,0,0,0,0,0,0.057055212557315826,0.0385894700884819,0.04347696527838707,0.04575226828455925,0.010909536853432655,0.03458426147699356,0.01854965277016163,0.05412343144416809,0.10785593837499619,0.09099971503019333,0.13311982154846191,0.16746389865875244
242,8.066666666666666,,,,insightface_bbox,0.7160680890083313,975.4408569335938,644.6192626953125,1950.0057373046875,2392.134521484375,0,0,0,0,0,0,0,0,0,0,0,0,0.06751210987567902,0.04695167765021324,0.04847121238708496,0.06573379784822464,0.011956954374909401,0.036857955157756805,0.020312029868364334,0.06232649087905884,0.111697718501091,0.1042523980140686,0.12216222286224365,0.1658538281917572
243,8.1,,,,insightface_bbox,0.7160680890083313,975.4408569335938,644.6192626953125,1950.0057373046875,2392.134521484375,0,0,0,0,0,0,0,0,0,0,0,0,0.07125506550073624,0.049379993230104446,0.05135047808289528,0.0725225955247879,0.012266411446034908,0.03724142163991928,0.02105337381362915,0.06489913910627365,0.11543787270784378,0.10802321135997772,0.12049026787281036,0.1726168543100357
244,8.133333333333333,,,,insightface_bbox,0.7160680890083313,975.4408569335938,644.6192626953125,1950.0057373046875,2392.134521484375,0,0,0,0,0,0,0,0,0,0,0,0,0.07219856232404709,0.04976460710167885,0.05202759429812431,0.07109571993350983,0.011654868721961975,0.03724373131990433,0.020232737064361572,0.061655379831790924,0.11363616585731506,0.10625309497117996,0.12249527871608734,0.1742234081029892
245,8.166666666666666,,,,insightface_bbox,0.7160680890083313,975.4408569335938,644.6192626953125,1950.0057373046875,2392.134521484375,0,0,0,0,0,0,0,0,0,0,0,0,0.07480046898126602,0.05097675323486328,0.05271383374929428,0.07222779095172882,0.011691893450915813,0.0374935045838356,0.020208921283483505,0.06248870864510536,0.11509854346513748,0.10810750722885132,0.12266241014003754,0.1742466688156128
246,8.2,,,,insightface_bbox,0.729942798614502,977.0337524414062,619.9403686523438,1938.6510009765625,2389.39794921875,0,0,0,0,0,0,0,0,0,0,0,0,0.0545227937400341,0.03502979129552841,0.044340215623378754,0.03625132143497467,0.00949027668684721,0.030128687620162964,0.012104839086532593,0.044167496263980865,0.08431239426136017,0.07462713867425919,0.13911278545856476,0.18318122625350952
247,8.233333333333333,,,,insightface_bbox,0.729942798614502,977.0337524414062,619.9403686523438,1938.6510009765625,2389.39794921875,0,0,0,0,0,0,0,0,0,0,0,0,0.053102731704711914,0.03431575372815132,0.04195395112037659,0.03519508242607117,0.009104611352086067,0.03034908138215542,0.011597821488976479,0.043302521109580994,0.08228563517332077,0.07373671978712082,0.1387803554534912,0.18064802885055542
248,8.266666666666667,,,,insightface_bbox,0.729942798614502,977.0337524414062,619.9403686523438,1938.6510009765625,2389.39794921875,0,0,0,0,0,0,0,0,0,0,0,0,0.05141141265630722,0.033340975642204285,0.04175693169236183,0.03482614830136299,0.008993899449706078,0.031345855444669724,0.011443376541137695,0.04310416057705879,0.081980861723423,0.07283663749694824,0.14666491746902466,0.1827959418296814
249,8.3,,,,insightface_bbox,0.729942798614502,977.0337524414062,619.9403686523438,1938.6510009765625,2389.39794921875,0,0,0,0,0,0,0,0,0,0,0,0,0.05376777797937393,0.034466203302145004,0.04454628378152847,0.035943545401096344,0.009335914626717567,0.0329519659280777,0.011774687096476555,0.04389595612883568,0.08512840420007706,0.07441022247076035,0.1466297209262848,0.18783040344715118
250,8.333333333333334,,,,insightface_bbox,0.729942798614502,977.0337524414062,619.9403686523438,1938.6510009765625,2389.39794921875,0,0,0,0,0,0,0,0,0,0,0,0,0.05266498401761055,0.033620454370975494,0.043558381497859955,0.03554409742355347,0.009303259663283825,0.031101848930120468,0.011419376358389854,0.04376550018787384,0.08526115119457245,0.07391443103551865,0.13614699244499207,0.18671968579292297
251,8.366666666666667,,,,insightface_bbox,0.729942798614502,977.0337524414062,619.9403686523438,1938.6510009765625,2389.39794921875,0,0,0,0,0,0,0,0,0,0,0,0,0.0532798171043396,0.033984825015068054,0.04339809715747833,0.03626609593629837,0.009500741958618164,0.03111768327653408,0.01175632793456316,0.044810399413108826,0.08563082665205002,0.07489380985498428,0.13738588988780975,0.18949806690216064
252,8.4,,,,insightface_bbox,0.7269551157951355,975.314453125,650.0985107421875,1946.6605224609375,2413.80419921875,0,0,0,0,0,0,0,0,0,0,0,0,0.05735371261835098,0.03719588741660118,0.041366688907146454,0.03890623897314072,0.009944463148713112,0.03757518157362938,0.015417259186506271,0.04722313955426216,0.09290127456188202,0.08178111165761948,0.15392662584781647,0.17445969581604004
253,8.433333333333334,,,,insightface_bbox,0.7269551157951355,975.314453125,650.0985107421875,1946.6605224609375,2413.80419921875,0,0,0,0,0,0,0,0,0,0,0,0,0.05900351330637932,0.03696256875991821,0.04241909459233284,0.03763766586780548,0.010260652750730515,0.039099231362342834,0.01638350635766983,0.0481419712305069,0.09324415773153305,0.0815114751458168,0.1647423803806305,0.18035951256752014
254,8.466666666666667,,,,insightface_bbox,0.7269551157951355,975.314453125,650.0985107421875,1946.6605224609375,2413.80419921875,0,0,0,0,0,0,0,0,0,0,0,0,0.05934644490480423,0.037303127348423004,0.04074227809906006,0.03628747537732124,0.01025281473994255,0.038209255784749985,0.016073327511548996,0.04821564629673958,0.09243756532669067,0.08121747523546219,0.1583780199289322,0.17882847785949707
255,8.5,,,,insightface_bbox,0.7269551157951355,975.314453125,650.0985107421875,1946.6605224609375,2413.80419921875,0,0,0,0,0,0,0,0,0,0,0,0,0.05711793527007103,0.03648469224572182,0.03872845321893692,0.034503404051065445,0.009961813688278198,0.03445328027009964,0.014735381118953228,0.04678446426987648,0.08916056156158447,0.07774877548217773,0.14470046758651733,0.1747620701789856
256,8.533333333333333,,,,insightface_bbox,0.7269551157951355,975.314453125,650.0985107421875,1946.6605224609375,2413.80419921875,0,0,0,0,0,0,0,0,0,0,0,0,0.05886666104197502,0.037073880434036255,0.04024481773376465,0.03532658517360687,0.009698411449790001,0.035981662571430206,0.01501744519919157,0.04771050438284874,0.09228400886058807,0.08012749999761581,0.14065741002559662,0.16487598419189453
257,8.566666666666666,,,,insightface_bbox,0.7269551157951355,975.314453125,650.0985107421875,1946.6605224609375,2413.80419921875,0,0,0,0,0,0,0,0,0,0,0,0,0.057722583413124084,0.03675965964794159,0.03925757855176926,0.03365698456764221,0.00944375991821289,0.032498203217983246,0.014252088963985443,0.046008944511413574,0.09080255031585693,0.08063533157110214,0.12574853003025055,0.16628432273864746
258,8.6,,,,insightface_bbox,0.7053786516189575,966.0922241210938,687.5693359375,1942.1348876953125,2454.36669921875,0,0,0,0,0,0,0,0,0,0,0,0,0.07048799842596054,0.04826400801539421,0.046409972012043,0.05491890758275986,0.010470513254404068,0.034037962555885315,0.01792614348232746,0.055173829197883606,0.10569588094949722,0.1030161902308464,0.0963364690542221,0.1591440886259079
259,8.633333333333333,,,,insightface_bbox,0.7053786516189575,966.0922241210938,687.5693359375,1942.1348876953125,2454.36669921875,0,0,0,0,0,0,0,0,0,0,0,0,0.0625833198428154,0.043120380491018295,0.0415324941277504,0.05124687775969505,0.01145231444388628,0.03326797112822533,0.02129245549440384,0.057640016078948975,0.11157926917076111,0.10794499516487122,0.0912771075963974,0.1568513959646225
260,8.666666666666666,,,,insightface_bbox,0.7053786516189575,966.0922241210938,687.5693359375,1942.1348876953125,2454.36669921875,0,0,0,0,0,0,0,0,0,0,0,0,0.0773257464170456,0.04955665022134781,0.05319156497716904,0.062046363949775696,0.011999813839793205,0.036771103739738464,0.023922044783830643,0.0658566802740097,0.12520654499530792,0.1209673136472702,0.07969345897436142,0.13652917742729187
261,8.7,,,,insightface_bbox,0.7053786516189575,966.0922241210938,687.5693359375,1942.1348876953125,2454.36669921875,0,0,0,0,0,0,0,0,0,0,0,0,0.07476053386926651,0.04932032525539398,0.05640534311532974,0.06553658097982407,0.011973454616963863,0.03654167428612709,0.024742335081100464,0.06916556507349014,0.12304440885782242,0.11688896268606186,0.07569174468517303,0.1345423012971878
262,8.733333333333333,,,,insightface_bbox,0.7053786516189575,966.0922241210938,687.5693359375,1942.1348876953125,2454.36669921875,0,0,0,0,0,0,0,0,0,0,0,0,0.07534179091453552,0.05235360935330391,0.05123918876051903,0.07538112252950668,0.013267625123262405,0.03788023442029953,0.02895810641348362,0.07154855132102966,0.1225469633936882,0.123985156416893,0.07683315873146057,0.14240968227386475
263,8.766666666666667,,,,insightface_bbox,0.7053786516189575,966.0922241210938,687.5693359375,1942.1348876953125,2454.36669921875,0,0,0,0,0,0,0,0,0,0,0,0,0.07836226373910904,0.05764343589544296,0.05081005021929741,0.0874612033367157,0.014241811819374561,0.040393438190221786,0.03397275507450104,0.07345419377088547,0.12564855813980103,0.13347691297531128,0.08660352975130081,0.15578517317771912
264,8.8,,,,insightface_bbox,0.7421435713768005,942.9801635742188,680.5358276367188,1899.1356201171875,2467.2216796875,0,0,0,0,0,0,0,0,0,0,0,0,0.05295272916555405,0.036520007997751236,0.037595152854919434,0.044058334082365036,0.012508245185017586,0.0299520343542099,0.023728635162115097,0.049815304577350616,0.09027593582868576,0.0854862630367279,0.07935845106840134,0.13239015638828278
265,8.833333333333334,,,,insightface_bbox,0.7421435713768005,942.9801635742188,680.5358276367188,1899.1356201171875,2467.2216796875,0,0,0,0,0,0,0,0,0,0,0,0,0.05267820507287979,0.03639807924628258,0.03736647590994835,0.0417080894112587,0.012591234408318996,0.029131973162293434,0.022586628794670105,0.04381747916340828,0.08652885258197784,0.08366905152797699,0.07697607576847076,0.12971505522727966
266,8.866666666666667,,,,insightface_bbox,0.7421435713768005,942.9801635742188,680.5358276367188,1899.1356201171875,2467.2216796875,0,0,0,0,0,0,0,0,0,0,0,0,0.05213339626789093,0.03609241545200348,0.03955903649330139,0.04024118557572365,0.012258268892765045,0.0286203995347023,0.0218876451253891,0.045236989855766296,0.08917371928691864,0.08774532377719879,0.08650242537260056,0.13591191172599792
267,8.9,,,,insightface_bbox,0.7421435713768005,942.9801635742188,680.5358276367188,1899.1356201171875,2467.2216796875,0,0,0,0,0,0,0,0,0,0,0,0,0.050332192331552505,0.03545673191547394,0.03913243114948273,0.0388483852148056,0.012364675290882587,0.028735917061567307,0.022913889959454536,0.04588957130908966,0.08812455832958221,0.08826679736375809,0.08507192879915237,0.13528385758399963
268,8.933333333333334,,,,insightface_bbox,0.7421435713768005,942.9801635742188,680.5358276367188,1899.1356201171875,2467.2216796875,0,0,0,0,0,0,0,0,0,0,0,0,0.05081683397293091,0.035637568682432175,0.040094755589962006,0.03899192065000534,0.012206901796162128,0.028926918283104897,0.02249068021774292,0.04571845382452011,0.0878516137599945,0.08791167289018631,0.08483579754829407,0.13439950346946716
269,8.966666666666667,,,,insightface_bbox,0.7421435713768005,942.9801635742188,680.5358276367188,1899.1356201171875,2467.2216796875,0,0,0,0,0,0,0,0,0,0,0,0,0.04996330291032791,0.034574467688798904,0.040517158806324005,0.037117186933755875,0.01225236989557743,0.02845080941915512,0.021850351244211197,0.04435140639543533,0.08871352672576904,0.08569003641605377,0.08475590497255325,0.13319040834903717
270,9.0,,,,insightface_bbox,0.7431332468986511,892.7894897460938,709.1663818359375,1879.804443359375,2453.437744140625,0,0,0,0,0,0,0,0,0,0,0,0,0.09131476283073425,0.06945497542619705,0.05787895619869232,0.10687009245157242,0.016821537166833878,0.047496579587459564,0.03377469256520271,0.07427234947681427,0.12649786472320557,0.13787208497524261,0.09254857897758484,0.13321369886398315
271,9.033333333333333,,,,insightface_bbox,0.7431332468986511,892.7894897460938,709.1663818359375,1879.804443359375,2453.437744140625,0,0,0,0,0,0,0,0,0,0,0,0,0.0854053720831871,0.06527827680110931,0.056915897876024246,0.09978324919939041,0.01649782620370388,0.044847261160612106,0.031893469393253326,0.07124847173690796,0.12620124220848083,0.13463599979877472,0.0893189087510109,0.13381360471248627
272,9.066666666666666,,,,insightface_bbox,0.7431332468986511,892.7894897460938,709.1663818359375,1879.804443359375,2453.437744140625,0,0,0,0,0,0,0,0,0,0,0,0,0.0850570946931839,0.065799281001091,0.05641006678342819,0.10063505172729492,0.016395865008234978,0.04467792809009552,0.031927503645420074,0.07105021178722382,0.12439214438199997,0.1339626908302307,0.08860625326633453,0.13338661193847656
273,9.1,,,,insightface_bbox,0.7431332468986511,892.7894897460938,709.1663818359375,1879.804443359375,2453.437744140625,0,0,0,0,0,0,0,0,0,0,0,0,0.0843840017914772,0.064737968146801,0.05723701789975166,0.09854497015476227,0.016160810366272926,0.0443948395550251,0.030412619933485985,0.07011444866657257,0.12397229671478271,0.13133355975151062,0.08713878691196442,0.13231046497821808
274,9.133333333333333,,,,insightface_bbox,0.7431332468986511,892.7894897460938,709.1663818359375,1879.804443359375,2453.437744140625,0,0,0,0,0,0,0,0,0,0,0,0,0.08981284499168396,0.07100023329257965,0.0623081810772419,0.10975368320941925,0.01689067669212818,0.04815211519598961,0.03378486633300781,0.07284734398126602,0.12646648287773132,0.13381221890449524,0.09471334517002106,0.13697712123394012
275,9.166666666666666,,,,insightface_bbox,0.7431332468986511,892.7894897460938,709.1663818359375,1879.804443359375,2453.437744140625,0,0,0,0,0,0,0,0,0,0,0,0,0.0918087288737297,0.07174133509397507,0.06991210579872131,0.10601429641246796,0.016644073650240898,0.05133237689733505,0.033449091017246246,0.07345246523618698,0.12778186798095703,0.1300964206457138,0.10137840360403061,0.13679304718971252
276,9.2,,,,insightface_bbox,0.7501903772354126,921.9453125,709.033203125,1889.7166748046875,2436.147216796875,0,0,0,0,0,0,0,0,0,0,0,0,0.059746287763118744,0.042695023119449615,0.048960261046886444,0.05257066711783409,0.012324698269367218,0.03219016268849373,0.022386180236935616,0.05315893143415451,0.10091551393270493,0.09493037313222885,0.09008661657571793,0.14638814330101013
277,9.233333333333333,,,,insightface_bbox,0.7501903772354126,921.9453125,709.033203125,1889.7166748046875,2436.147216796875,0,0,0,0,0,0,0,0,0,0,0,0,0.06152501702308655,0.04314480721950531,0.05435239151120186,0.05171028897166252,0.012071333825588226,0.03215090185403824,0.022665008902549744,0.053550295531749725,0.10431117564439774,0.09463833272457123,0.09164544939994812,0.15036118030548096
278,9.266666666666667,,,,insightface_bbox,0.7501903772354126,921.9453125,709.033203125,1889.7166748046875,2436.147216796875,0,0,0,0,0,0,0,0,0,0,0,0,0.058571189641952515,0.039651837199926376,0.05335457623004913,0.044836580753326416,0.011727727949619293,0.03133198991417885,0.02141430228948593,0.049877382814884186,0.10308103263378143,0.09148887544870377,0.093068927526474,0.1444779485464096
279,9.3,,,,insightface_bbox,0.7501903772354126,921.9453125,709.033203125,1889.7166748046875,2436.147216796875,0,0,0,0,0,0,0,0,0,0,0,0,0.06166920065879822,0.04009880870580673,0.055188246071338654,0.043406590819358826,0.011624292470514774,0.031599316745996475,0.021222682669758797,0.04875984415411949,0.10402295738458633,0.09319964051246643,0.09467106312513351,0.1440453827381134
280,9.333333333333334,,,,insightface_bbox,0.7501903772354126,921.9453125,709.033203125,1889.7166748046875,2436.147216796875,0,0,0,0,0,0,0,0,0,0,0,0,0.06404803693294525,0.039804667234420776,0.05561719834804535,0.041928961873054504,0.011259890161454678,0.030909517779946327,0.02012941800057888,0.046930067241191864,0.10248337686061859,0.09233031421899796,0.09577751159667969,0.1482258141040802
281,9.366666666666667,,,,insightface_bbox,0.7501903772354126,921.9453125,709.033203125,1889.7166748046875,2436.147216796875,0,0,0,0,0,0,0,0,0,0,0,0,0.0637250691652298,0.03984684497117996,0.052755437791347504,0.042136985808610916,0.01130475290119648,0.029901523143053055,0.019276782870292664,0.04695984721183777,0.10170449316501617,0.0914471447467804,0.09607495367527008,0.15639497339725494
282,9.4,,,,insightface_bbox,0.733109176158905,936.471923828125,711.2481689453125,1908.46923828125,2457.64208984375,0,0,0,0,0,0,0,0,0,0,0,0,0.07502167671918869,0.0484919548034668,0.05985760688781738,0.056903939694166183,0.012905779294669628,0.03524867817759514,0.02394145168364048,0.05715586245059967,0.11162057518959045,0.10131954401731491,0.09242233633995056,0.15448106825351715
283,9.433333333333334,,,,insightface_bbox,0.733109176158905,936.471923828125,711.2481689453125,1908.46923828125,2457.64208984375,0,0,0,0,0,0,0,0,0,0,0,0,0.06495322287082672,0.043600715696811676,0.049420274794101715,0.05181417614221573,0.012216968461871147,0.031845152378082275,0.024179372936487198,0.05404088273644447,0.10263881832361221,0.09864351153373718,0.09185434132814407,0.1556551158428192
284,9.466666666666667,,,,insightface_bbox,0.733109176158905,936.471923828125,711.2481689453125,1908.46923828125,2457.64208984375,0,0,0,0,0,0,0,0,0,0,0,0,0.06700776517391205,0.04220787435770035,0.05012917518615723,0.04790884256362915,0.01135127805173397,0.03211889788508415,0.022110620513558388,0.05256203934550285,0.10199816524982452,0.09585662931203842,0.09192273020744324,0.14747318625450134
285,9.5,,,,insightface_bbox,0.733109176158905,936.471923828125,711.2481689453125,1908.46923828125,2457.64208984375,0,0,0,0,0,0,0,0,0,0,0,0,0.06338079273700714,0.03852337598800659,0.044320374727249146,0.04224087670445442,0.011287271045148373,0.031014660373330116,0.020859410986304283,0.05146292597055435,0.10009510815143585,0.09365785866975784,0.09233787655830383,0.14732834696769714
286,9.533333333333333,,,,insightface_bbox,0.733109176158905,936.471923828125,711.2481689453125,1908.46923828125,2457.64208984375,0,0,0,0,0,0,0,0,0,0,0,0,0.06465994566679001,0.03856953978538513,0.041915878653526306,0.040002670139074326,0.011012767441570759,0.03038175031542778,0.019159549847245216,0.049909673631191254,0.09855608642101288,0.09080051630735397,0.09275621920824051,0.15509706735610962
287,9.566666666666666,,,,insightface_bbox,0.733109176158905,936.471923828125,711.2481689453125,1908.46923828125,2457.64208984375,0,0,0,0,0,0,0,0,0,0,0,0,0.0627802386879921,0.03751644119620323,0.04004278779029846,0.037946995347738266,0.010260223411023617,0.029239904135465622,0.017073441296815872,0.045032523572444916,0.09454970061779022,0.08708670735359192,0.08921439945697784,0.14816927909851074
288,9.6,,,,insightface_bbox,0.7060381174087524,963.15087890625,660.9874267578125,1944.9676513671875,2434.311279296875,0,0,0,0,0,0,0,0,0,0,0,0,0.05481991171836853,0.03316273167729378,0.03541465848684311,0.03386965021491051,0.00949824322015047,0.026688288897275925,0.013892583549022675,0.046504367142915726,0.09558658301830292,0.08396275341510773,0.07274352759122849,0.12670262157917023
289,9.633333333333333,,,,insightface_bbox,0.7060381174087524,963.15087890625,660.9874267578125,1944.9676513671875,2434.311279296875,0,0,0,0,0,0,0,0,0,0,0,0,0.05385933443903923,0.032559189945459366,0.0401637889444828,0.03441997990012169,0.009564138948917389,0.027746889740228653,0.014340019784867764,0.04750135913491249,0.09868545830249786,0.0852423757314682,0.07566224038600922,0.12365230917930603
290,9.666666666666666,,,,insightface_bbox,0.7060381174087524,963.15087890625,660.9874267578125,1944.9676513671875,2434.311279296875,0,0,0,0,0,0,0,0,0,0,0,0,0.05495043843984604,0.032600048929452896,0.04315514862537384,0.0360402874648571,0.010206000879406929,0.02914310432970524,0.015878591686487198,0.051220476627349854,0.10103701800107956,0.09142711013555527,0.08187652379274368,0.12787403166294098
291,9.7,,,,insightface_bbox,0.7060381174087524,963.15087890625,660.9874267578125,1944.9676513671875,2434.311279296875,0,0,0,0,0,0,0,0,0,0,0,0,0.06015285477042198,0.035556383430957794,0.046097129583358765,0.040564484894275665,0.010114972479641438,0.03095434606075287,0.016805853694677353,0.05360286682844162,0.10394136607646942,0.09612932056188583,0.08309784531593323,0.12532921135425568
292,9.733333333333333,,,,insightface_bbox,0.7060381174087524,963.15087890625,660.9874267578125,1944.9676513671875,2434.311279296875,0,0,0,0,0,0,0,0,0,0,0,0,0.0727054625749588,0.04264583811163902,0.059736549854278564,0.050699129700660706,0.010436726734042168,0.03517208993434906,0.017488524317741394,0.058173768222332,0.10928168892860413,0.09913794696331024,0.09407256543636322,0.13535967469215393
293,9.766666666666667,,,,insightface_bbox,0.7060381174087524,963.15087890625,660.9874267578125,1944.9676513671875,2434.311279296875,0,0,0,0,0,0,0,0,0,0,0,0,0.08005313575267792,0.04637639969587326,0.07418806850910187,0.057179465889930725,0.010372107848525047,0.03853021189570427,0.018165506422519684,0.06143176555633545,0.11260807514190674,0.10096821933984756,0.09980376809835434,0.13703377544879913
294,9.8,,,,insightface_bbox,0.7353398203849792,959.3032836914062,629.9385986328125,1933.389892578125,2422.55859375,0,0,0,0,0,0,0,0,0,0,0,0,0.057243600487709045,0.034436069428920746,0.04269005358219147,0.036350931972265244,0.009692413732409477,0.0297982357442379,0.01574021950364113,0.049874674528837204,0.0944252461194992,0.08928462117910385,0.0952574759721756,0.13220413029193878
295,9.833333333333334,,,,insightface_bbox,0.7353398203849792,959.3032836914062,629.9385986328125,1933.389892578125,2422.55859375,0,0,0,0,0,0,0,0,0,0,0,0,0.0651412159204483,0.03849562630057335,0.04667457938194275,0.04331771656870842,0.009951872751116753,0.0322524756193161,0.01692694053053856,0.05282921344041824,0.09797161817550659,0.09391758590936661,0.10468608140945435,0.13953036069869995
296,9.866666666666667,,,,insightface_bbox,0.7353398203849792,959.3032836914062,629.9385986328125,1933.389892578125,2422.55859375,0,0,0,0,0,0,0,0,0,0,0,0,0.06776314228773117,0.04079592227935791,0.048527006059885025,0.047174226492643356,0.010032422840595245,0.0334283746778965,0.01760260947048664,0.054055970162153244,0.09987078607082367,0.09536945074796677,0.1071145310997963,0.14511090517044067
297,9.9,,,,insightface_bbox,0.7353398203849792,959.3032836914062,629.9385986328125,1933.389892578125,2422.55859375,0,0,0,0,0,0,0,0,0,0,0,0,0.0664423331618309,0.04022536799311638,0.048014186322689056,0.04587669298052788,0.010060539469122887,0.033437274396419525,0.01772073283791542,0.05414281040430069,0.09908118098974228,0.09456060826778412,0.1065203845500946,0.14163923263549805
298,9.933333333333334,,,,insightface_bbox,0.7353398203849792,959.3032836914062,629.9385986328125,1933.389892578125,2422.55859375,0,0,0,0,0,0,0,0,0,0,0,0,0.07167670130729675,0.043804701417684555,0.05564214289188385,0.05071480572223663,0.010251304134726524,0.036279045045375824,0.01962936483323574,0.056828152388334274,0.101329505443573,0.09628237783908844,0.11470507085323334,0.14148397743701935
299,9.966666666666667,,,,insightface_bbox,0.7353398203849792,959.3032836914062,629.9385986328125,1933.389892578125,2422.55859375,0,0,0,0,0,0,0,0,0,0,0,0,0.07709549367427826,0.04651963710784912,0.06321054697036743,0.05691780894994736,0.010242829099297523,0.039908185601234436,0.02264704927802086,0.06187181919813156,0.1085965633392334,0.10220910608768463,0.13272635638713837,0.15004462003707886
300,10.0,,,,insightface_bbox,0.7546737194061279,941.0138549804688,620.2141723632812,1922.4644775390625,2437.490234375,0,0,0,0,0,0,0,0,0,0,0,0,0.08809342980384827,0.05134199187159538,0.084360271692276,0.0720190703868866,0.011284999549388885,0.04428453370928764,0.025112656876444817,0.07016372680664062,0.12030056864023209,0.10487335920333862,0.10982099175453186,0.13351118564605713
301,10.033333333333333,,,,insightface_bbox,0.7546737194061279,941.0138549804688,620.2141723632812,1922.4644775390625,2437.490234375,0,0,0,0,0,0,0,0,0,0,0,0,0.08987362682819366,0.05238093435764313,0.08522255718708038,0.07513264566659927,0.011448109522461891,0.04669782519340515,0.0254017636179924,0.07099739462137222,0.12081005424261093,0.10522395372390747,0.11246506124734879,0.1383347511291504
302,10.066666666666666,,,,insightface_bbox,0.7546737194061279,941.0138549804688,620.2141723632812,1922.4644775390625,2437.490234375,0,0,0,0,0,0,0,0,0,0,0,0,0.0906774252653122,0.0525762215256691,0.08132109045982361,0.07447533309459686,0.010744147934019566,0.046797577291727066,0.025577696040272713,0.06848770380020142,0.12093967944383621,0.10464359819889069,0.11208153516054153,0.14078842103481293
303,10.1,,,,insightface_bbox,0.7546737194061279,941.0138549804688,620.2141723632812,1922.4644775390625,2437.490234375,0,0,0,0,0,0,0,0,0,0,0,0,0.10675634443759918,0.06457856297492981,0.11996116489171982,0.10215228796005249,0.011571765877306461,0.05443176254630089,0.036061279475688934,0.08430934697389603,0.1337084025144577,0.1206573098897934,0.14285621047019958,0.16892778873443604
304,10.133333333333333,,,,insightface_bbox,0.7546737194061279,941.0138549804688,620.2141723632812,1922.4644775390625,2437.490234375,0,0,0,0,0,0,0,0,0,0,0,0,0.09968236088752747,0.05867340415716171,0.10098902881145477,0.0866224467754364,0.011313926428556442,0.052499353885650635,0.03201108053326607,0.07732556760311127,0.12963171303272247,0.1129913181066513,0.13203485310077667,0.15747344493865967
305,10.166666666666666,,,,insightface_bbox,0.7546737194061279,941.0138549804688,620.2141723632812,1922.4644775390625,2437.490234375,0,0,0,0,0,0,0,0,0,0,0,0,0.07223281264305115,0.04143606126308441,0.06042471155524254,0.051855020225048065,0.009444208815693855,0.03672516718506813,0.018819540739059448,0.0607047937810421,0.11350065469741821,0.09735329449176788,0.10646495223045349,0.143121138215065
306,10.2,,,,insightface_bbox,0.7461454272270203,955.4778442382812,624.2539672851562,1920.930419921875,2405.8251953125,0,0,0,0,0,0,0,0,0,0,0,0,0.0585104376077652,0.04037848114967346,0.040593329817056656,0.04988374188542366,0.011094394139945507,0.031738411635160446,0.017192112281918526,0.05743022263050079,0.09966431558132172,0.09494800865650177,0.11247675120830536,0.17957362532615662
307,10.233333333333333,,,,insightface_bbox,0.7461454272270203,955.4778442382812,624.2539672851562,1920.930419921875,2405.8251953125,0,0,0,0,0,0,0,0,0,0,0,0,0.05506569892168045,0.03956431522965431,0.036592841148376465,0.05268857255578041,0.011280286125838757,0.030331594869494438,0.01704109087586403,0.05395815148949623,0.09509491920471191,0.09072805941104889,0.10455328226089478,0.1768108606338501
308,10.266666666666667,,,,insightface_bbox,0.7461454272270203,955.4778442382812,624.2539672851562,1920.930419921875,2405.8251953125,0,0,0,0,0,0,0,0,0,0,0,0,0.05137912929058075,0.03799673542380333,0.03459521755576134,0.04850636422634125,0.011034459806978703,0.030235033482313156,0.017718443647027016,0.05309464409947395,0.09352891892194748,0.08788487315177917,0.11094249784946442,0.17954733967781067
309,10.3,,,,insightface_bbox,0.7461454272270203,955.4778442382812,624.2539672851562,1920.930419921875,2405.8251953125,0,0,0,0,0,0,0,0,0,0,0,0,0.05051851272583008,0.03727427124977112,0.036115314811468124,0.04499407112598419,0.010254455730319023,0.02944854274392128,0.016109557822346687,0.05053432658314705,0.09247252345085144,0.0855230912566185,0.10624457895755768,0.17707034945487976
310,10.333333333333334,,,,insightface_bbox,0.7461454272270203,955.4778442382812,624.2539672851562,1920.930419921875,2405.8251953125,0,0,0,0,0,0,0,0,0,0,0,0,0.05413300544023514,0.03950349614024162,0.03730044513940811,0.04777808487415314,0.010490763932466507,0.03077499382197857,0.016935469582676888,0.05263132601976395,0.09450376778841019,0.08705611526966095,0.10933096706867218,0.17704054713249207
311,10.366666666666667,,,,insightface_bbox,0.7461454272270203,955.4778442382812,624.2539672851562,1920.930419921875,2405.8251953125,0,0,0,0,0,0,0,0,0,0,0,0,0.055583953857421875,0.039908792823553085,0.03821117803454399,0.04887961596250534,0.010617569088935852,0.03125554695725441,0.01741607114672661,0.05413425713777542,0.0974322184920311,0.08900931477546692,0.10912787169218063,0.17384931445121765
312,10.4,,,,insightface_bbox,0.7520613074302673,955.2271728515625,631.2257690429688,1932.9169921875,2417.005126953125,0,0,0,0,0,0,0,0,0,0,0,0,0.07792920619249344,0.0526619479060173,0.06113000214099884,0.07570549845695496,0.012310706079006195,0.04230257123708725,0.024377793073654175,0.0703558698296547,0.12041819095611572,0.11372808367013931,0.10646655410528183,0.1547616422176361
313,10.433333333333334,,,,insightface_bbox,0.7520613074302673,955.2271728515625,631.2257690429688,1932.9169921875,2417.005126953125,0,0,0,0,0,0,0,0,0,0,0,0,0.08599300682544708,0.055880140513181686,0.07266058027744293,0.08314573764801025,0.012049257755279541,0.04592858627438545,0.025915412232279778,0.07347559928894043,0.12443512678146362,0.11524979025125504,0.1159849762916565,0.1608230024576187
314,10.466666666666667,,,,insightface_bbox,0.7520613074302673,955.2271728515625,631.2257690429688,1932.9169921875,2417.005126953125,0,0,0,0,0,0,0,0,0,0,0,0,0.091131791472435,0.05765419825911522,0.0775652676820755,0.08558404445648193,0.012032910250127316,0.047210272401571274,0.025821354240179062,0.0719897598028183,0.1223052442073822,0.11354365944862366,0.11831562966108322,0.15862640738487244
315,10.5,,,,insightface_bbox,0.7520613074302673,955.2271728515625,631.2257690429688,1932.9169921875,2417.005126953125,0,0,0,0,0,0,0,0,0,0,0,0,0.09365817904472351,0.06159596890211105,0.08015300333499908,0.09559771418571472,0.013245724141597748,0.05100156366825104,0.030144255608320236,0.07842771708965302,0.12839728593826294,0.12020743638277054,0.12575224041938782,0.1648450493812561
316,10.533333333333333,,,,insightface_bbox,0.7520613074302673,955.2271728515625,631.2257690429688,1932.9169921875,2417.005126953125,0,0,0,0,0,0,0,0,0,0,0,0,0.0733555257320404,0.04969243332743645,0.058465346693992615,0.06812819838523865,0.012135746888816357,0.041216276586055756,0.023079387843608856,0.06797054409980774,0.11999554187059402,0.11068802326917648,0.10493888705968857,0.1501063108444214
317,10.566666666666666,,,,insightface_bbox,0.7520613074302673,955.2271728515625,631.2257690429688,1932.9169921875,2417.005126953125,0,0,0,0,0,0,0,0,0,0,0,0,0.0674058124423027,0.045866552740335464,0.05275266617536545,0.061660781502723694,0.012406820431351662,0.038729164749383926,0.02367430366575718,0.0641278624534607,0.12017921358346939,0.10771439969539642,0.10953318327665329,0.15731708705425262
318,10.6,,,,insightface_bbox,0.7298662662506104,958.7825317382812,636.767822265625,1932.75732421875,2391.20361328125,0,0,0,0,0,0,0,0,0,0,0,0,0.061825335025787354,0.04379004240036011,0.04494122415781021,0.059678323566913605,0.012192457914352417,0.03606778383255005,0.021458210423588753,0.06285060197114944,0.1163126677274704,0.1033613458275795,0.10892196744680405,0.16492673754692078
319,10.633333333333333,,,,insightface_bbox,0.7298662662506104,958.7825317382812,636.767822265625,1932.75732421875,2391.20361328125,0,0,0,0,0,0,0,0,0,0,0,0,0.06733006983995438,0.047400906682014465,0.04852031171321869,0.06475762277841568,0.012537676841020584,0.03902610018849373,0.02255164086818695,0.06185375899076462,0.1160644143819809,0.10447332262992859,0.10458776354789734,0.15864071249961853
320,10.666666666666666,,,,insightface_bbox,0.7298662662506104,958.7825317382812,636.767822265625,1932.75732421875,2391.20361328125,0,0,0,0,0,0,0,0,0,0,0,0,0.08288314938545227,0.05895904824137688,0.0634286105632782,0.0928448811173439,0.013118273578584194,0.046812962740659714,0.028274863958358765,0.06905487924814224,0.11889667809009552,0.10760371387004852,0.11551652103662491,0.15429624915122986
321,10.7,,,,insightface_bbox,0.7298662662506104,958.7825317382812,636.767822265625,1932.75732421875,2391.20361328125,0,0,0,0,0,0,0,0,0,0,0,0,0.07037293910980225,0.04751233011484146,0.05231141299009323,0.06638480722904205,0.011841886676847935,0.03981398791074753,0.022199954837560654,0.06252526491880417,0.11321254074573517,0.10219686478376389,0.10213032364845276,0.14433705806732178
322,10.733333333333333,,,,insightface_bbox,0.7298662662506104,958.7825317382812,636.767822265625,1932.75732421875,2391.20361328125,0,0,0,0,0,0,0,0,0,0,0,0,0.057637136429548264,0.03953322395682335,0.04345910996198654,0.04970728978514671,0.01108855102211237,0.032859254628419876,0.018334180116653442,0.056522220373153687,0.11253506690263748,0.09655536711215973,0.0986027643084526,0.14858324825763702
323,10.766666666666667,,,,insightface_bbox,0.7298662662506104,958.7825317382812,636.767822265625,1932.75732421875,2391.20361328125,0,0,0,0,0,0,0,0,0,0,0,0,0.05241866409778595,0.03607642278075218,0.040056124329566956,0.04304598644375801,0.010467946529388428,0.02963186800479889,0.016769880428910255,0.05185145512223244,0.1080235093832016,0.09075720608234406,0.0899507999420166,0.1419948935508728
324,10.8,,,,insightface_bbox,0.7382851839065552,961.2723999023438,636.4068603515625,1929.089599609375,2381.11474609375,0,0,0,0,0,0,0,0,0,0,0,0,0.05396983027458191,0.039333052933216095,0.039947476238012314,0.045591291040182114,0.010703028179705143,0.030407320708036423,0.01579192653298378,0.05154872685670853,0.09948410838842392,0.0862981528043747,0.10287044942378998,0.16513051092624664
325,10.833333333333334,,,,insightface_bbox,0.7382851839065552,961.2723999023438,636.4068603515625,1929.089599609375,2381.11474609375,0,0,0,0,0,0,0,0,0,0,0,0,0.05152934789657593,0.03604121133685112,0.03837929666042328,0.04098079353570938,0.010516379028558731,0.02916954830288887,0.015761464834213257,0.048422396183013916,0.09811878204345703,0.08454844355583191,0.10585679858922958,0.1656862497329712
326,10.866666666666667,,,,insightface_bbox,0.7382851839065552,961.2723999023438,636.4068603515625,1929.089599609375,2381.11474609375,0,0,0,0,0,0,0,0,0,0,0,0,0.053712159395217896,0.0378224141895771,0.039760492742061615,0.0449073389172554,0.010656002908945084,0.03032931126654148,0.01673140749335289,0.0506901815533638,0.1022917777299881,0.08789458125829697,0.10655559599399567,0.16966529190540314
327,10.9,,,,insightface_bbox,0.7382851839065552,961.2723999023438,636.4068603515625,1929.089599609375,2381.11474609375,0,0,0,0,0,0,0,0,0,0,0,0,0.05046479403972626,0.03442804887890816,0.03795154020190239,0.038205698132514954,0.009690329432487488,0.027797313407063484,0.015357038006186485,0.046380870044231415,0.09971980005502701,0.08531220257282257,0.09860846400260925,0.1560053676366806
328,10.933333333333334,,,,insightface_bbox,0.7382851839065552,961.2723999023438,636.4068603515625,1929.089599609375,2381.11474609375,0,0,0,0,0,0,0,0,0,0,0,0,0.04713201895356178,0.032366249710321426,0.03515147790312767,0.03432503342628479,0.009356492199003696,0.026280105113983154,0.013846647925674915,0.043661389499902725,0.09317074716091156,0.08061365783214569,0.09350092709064484,0.14205023646354675
329,10.966666666666667,,,,insightface_bbox,0.7382851839065552,961.2723999023438,636.4068603515625,1929.089599609375,2381.11474609375,0,0,0,0,0,0,0,0,0,0,0,0,0.049238353967666626,0.03424710035324097,0.03634627163410187,0.03786978870630264,0.009867213666439056,0.02761419676244259,0.014425020664930344,0.04568399488925934,0.09322790801525116,0.08275210857391357,0.09619295597076416,0.14782392978668213
330,11.0,,,,insightface_bbox,0.7409339547157288,965.3801879882812,635.0267944335938,1927.8919677734375,2397.40234375,0,0,0,0,0,0,0,0,0,0,0,0,0.04892217367887497,0.03332654386758804,0.036593519151210785,0.035271499305963516,0.010080566629767418,0.028295408934354782,0.013458563014864922,0.04486345127224922,0.08392293006181717,0.07690650224685669,0.10413120687007904,0.17242728173732758
331,11.033333333333333,,,,insightface_bbox,0.7409339547157288,965.3801879882812,635.0267944335938,1927.8919677734375,2397.40234375,0,0,0,0,0,0,0,0,0,0,0,0,0.05400879681110382,0.03644823282957077,0.04108522832393646,0.03970429673790932,0.010417049750685692,0.030589107424020767,0.013919152319431305,0.046635568141937256,0.08643373847007751,0.07747378200292587,0.11081041395664215,0.17337612807750702
332,11.066666666666666,,,,insightface_bbox,0.7409339547157288,965.3801879882812,635.0267944335938,1927.8919677734375,2397.40234375,0,0,0,0,0,0,0,0,0,0,0,0,0.05340437963604927,0.033271465450525284,0.04075592756271362,0.034835584461688995,0.009735767729580402,0.031132401898503304,0.01317533291876316,0.04504751041531563,0.0870693176984787,0.07386986911296844,0.11494876444339752,0.1521080881357193
333,11.1,,,,insightface_bbox,0.7409339547157288,965.3801879882812,635.0267944335938,1927.8919677734375,2397.40234375,0,0,0,0,0,0,0,0,0,0,0,0,0.0520298108458519,0.0314028263092041,0.040925201028585434,0.03412402421236038,0.009338434785604477,0.03173233941197395,0.01334940455853939,0.04592154175043106,0.08861792087554932,0.07308826595544815,0.11931295692920685,0.14208711683750153
334,11.133333333333333,,,,insightface_bbox,0.7409339547157288,965.3801879882812,635.0267944335938,1927.8919677734375,2397.40234375,0,0,0,0,0,0,0,0,0,0,0,0,0.04932458698749542,0.032843030989170074,0.03807263448834419,0.03273952007293701,0.010412187315523624,0.02844618633389473,0.013375337235629559,0.04419911652803421,0.08346901834011078,0.07428640872240067,0.10381921380758286,0.1641063243150711
335,11.166666666666666,,,,insightface_bbox,0.7409339547157288,965.3801879882812,635.0267944335938,1927.8919677734375,2397.40234375,0,0,0,0,0,0,0,0,0,0,0,0,0.04678879678249359,0.03165963664650917,0.03680868446826935,0.031109100207686424,0.010287180542945862,0.02878306247293949,0.014809714630246162,0.045051127672195435,0.08407651633024216,0.07543618977069855,0.12207313627004623,0.17471441626548767
336,11.2,,,,insightface_bbox,0.7516318559646606,964.847412109375,659.8699951171875,1932.1552734375,2390.00732421875,0,0,0,0,0,0,0,0,0,0,0,0,0.047657307237386703,0.03407802805304527,0.03466535732150078,0.03372794762253761,0.010276725515723228,0.02946344204246998,0.0155719555914402,0.04578033834695816,0.08896663784980774,0.07778520882129669,0.11318809539079666,0.1603207290172577
337,11.233333333333333,,,,insightface_bbox,0.7516318559646606,964.847412109375,659.8699951171875,1932.1552734375,2390.00732421875,0,0,0,0,0,0,0,0,0,0,0,0,0.04648786783218384,0.032258447259664536,0.035920530557632446,0.030821215361356735,0.010351729579269886,0.030277034267783165,0.015621762722730637,0.04599805921316147,0.08958668261766434,0.07519177347421646,0.12688887119293213,0.161285400390625
338,11.266666666666667,,,,insightface_bbox,0.7516318559646606,964.847412109375,659.8699951171875,1932.1552734375,2390.00732421875,0,0,0,0,0,0,0,0,0,0,0,0,0.05320240557193756,0.03543562442064285,0.035997916013002396,0.03631516546010971,0.012505324557423592,0.043764449656009674,0.02114177867770195,0.055435650050640106,0.10584891587495804,0.0880579948425293,0.144113689661026,0.17232263088226318
339,11.3,,,,insightface_bbox,0.7516318559646606,964.847412109375,659.8699951171875,1932.1552734375,2390.00732421875,0,0,0,0,0,0,0,0,0,0,0,0,0.07418960332870483,0.049980923533439636,0.07331961393356323,0.07572800666093826,0.012464107945561409,0.05583604797720909,0.03365955501794815,0.07682382315397263,0.11883410811424255,0.10023212432861328,0.17189979553222656,0.1857346147298813
340,11.333333333333334,,,,insightface_bbox,0.7516318559646606,964.847412109375,659.8699951171875,1932.1552734375,2390.00732421875,0,0,0,0,0,0,0,0,0,0,0,0,0.06375681608915329,0.04208534210920334,0.05800137668848038,0.0573984757065773,0.01113391388207674,0.04772413894534111,0.02725902758538723,0.06783036142587662,0.10979695618152618,0.09134399890899658,0.1682319939136505,0.17061418294906616
341,11.366666666666667,,,,insightface_bbox,0.7516318559646606,964.847412109375,659.8699951171875,1932.1552734375,2390.00732421875,0,0,0,0,0,0,0,0,0,0,0,0,0.05261322483420372,0.03416677564382553,0.038105111569166183,0.031718552112579346,0.01089584268629551,0.03205456584692001,0.017066853120923042,0.045873768627643585,0.09343987703323364,0.07716075330972672,0.1294364184141159,0.14611811935901642
342,11.4,,,,insightface_bbox,0.7415475845336914,976.5935668945312,638.7431640625,1933.935791015625,2425.5625,0,0,0,0,0,0,0,0,0,0,0,0,0.05716841667890549,0.034618109464645386,0.05157420411705971,0.0376737006008625,0.009745707735419273,0.0380617193877697,0.015750546008348465,0.04961566627025604,0.08897130191326141,0.07615990936756134,0.1311333030462265,0.13424700498580933
343,11.433333333333334,,,,insightface_bbox,0.7415475845336914,976.5935668945312,638.7431640625,1933.935791015625,2425.5625,0,0,0,0,0,0,0,0,0,0,0,0,0.05042262375354767,0.030924580991268158,0.04424310848116875,0.03309141471982002,0.010099917650222778,0.033133525401353836,0.015165294520556927,0.04802536964416504,0.09327664226293564,0.0776946097612381,0.1076650470495224,0.134474977850914
344,11.466666666666667,,,,insightface_bbox,0.7415475845336914,976.5935668945312,638.7431640625,1933.935791015625,2425.5625,0,0,0,0,0,0,0,0,0,0,0,0,0.046891216188669205,0.0291755348443985,0.036659952253103256,0.03522620350122452,0.01040574535727501,0.03022773563861847,0.016455907374620438,0.04965135455131531,0.09728889912366867,0.08017134666442871,0.10941978543996811,0.14249743521213531
345,11.5,,,,insightface_bbox,0.7415475845336914,976.5935668945312,638.7431640625,1933.935791015625,2425.5625,0,0,0,0,0,0,0,0,0,0,0,0,0.04282575473189354,0.027566324919462204,0.03399330750107765,0.03596805781126022,0.009463421069085598,0.027958638966083527,0.014611350372433662,0.05067279189825058,0.09195095300674438,0.07587976008653641,0.08853292465209961,0.13400813937187195
346,11.533333333333333,,,,insightface_bbox,0.7415475845336914,976.5935668945312,638.7431640625,1933.935791015625,2425.5625,0,0,0,0,0,0,0,0,0,0,0,0,0.05162451043725014,0.034682564437389374,0.04143409803509712,0.048073723912239075,0.01161088328808546,0.031886763870716095,0.01754598319530487,0.05591606721282005,0.09340949356555939,0.08398802578449249,0.09112878888845444,0.1575128436088562
347,11.566666666666666,,,,insightface_bbox,0.7415475845336914,976.5935668945312,638.7431640625,1933.935791015625,2425.5625,0,0,0,0,0,0,0,0,0,0,0,0,0.058669205754995346,0.03983372822403908,0.05092502385377884,0.058620866388082504,0.013491392135620117,0.03633037954568863,0.025626497343182564,0.06039838865399361,0.09545531123876572,0.08945260941982269,0.09520523250102997,0.16565626859664917
348,11.6,,,,insightface_bbox,0.7350260019302368,961.8660278320312,753.4050903320312,1900.494873046875,2491.016845703125,0,0,0,0,0,0,0,0,0,0,0,0,0.04864244908094406,0.030934998765587807,0.045782700181007385,0.046304263174533844,0.011977037414908409,0.03191287815570831,0.02749815583229065,0.05860340595245361,0.11230365931987762,0.09254998713731766,0.08257390558719635,0.13392411172389984
349,11.633333333333333,,,,insightface_bbox,0.7350260019302368,961.8660278320312,753.4050903320312,1900.494873046875,2491.016845703125,0,0,0,0,0,0,0,0,0,0,0,0,0.04691142588853836,0.03192582726478577,0.043964724987745285,0.04781374707818031,0.01153526920825243,0.032575301826000214,0.02582353539764881,0.056336209177970886,0.0973593145608902,0.08746448159217834,0.08070376515388489,0.13384713232517242
350,11.666666666666666,,,,insightface_bbox,0.7350260019302368,961.8660278320312,753.4050903320312,1900.494873046875,2491.016845703125,0,0,0,0,0,0,0,0,0,0,0,0,0.04010547325015068,0.026506531983613968,0.037089984863996506,0.030546152964234352,0.010708519257605076,0.027503415942192078,0.0213239137083292,0.0398394800722599,0.07419117540121078,0.06618940085172653,0.07558855414390564,0.1239452138543129
351,11.7,,,,insightface_bbox,0.7350260019302368,961.8660278320312,753.4050903320312,1900.494873046875,2491.016845703125,0,0,0,0,0,0,0,0,0,0,0,0,0.04182664677500725,0.02778192237019539,0.038559503853321075,0.03286395221948624,0.011213663034141064,0.0271359384059906,0.021436702460050583,0.03802918642759323,0.07135631889104843,0.06696818023920059,0.06291914731264114,0.10889632999897003
352,11.733333333333333,,,,insightface_bbox,0.7350260019302368,961.8660278320312,753.4050903320312,1900.494873046875,2491.016845703125,0,0,0,0,0,0,0,0,0,0,0,0,0.043317098170518875,0.028350751847028732,0.03865613788366318,0.03271865099668503,0.012494622729718685,0.027737626805901527,0.02504647709429264,0.0369674451649189,0.07472581416368484,0.07050883769989014,0.05625886842608452,0.0989752858877182
353,11.766666666666667,,,,insightface_bbox,0.7350260019302368,961.8660278320312,753.4050903320312,1900.494873046875,2491.016845703125,0,0,0,0,0,0,0,0,0,0,0,0,0.04970259591937065,0.032873138785362244,0.041431691497564316,0.03816968575119972,0.015474381856620312,0.032331325113773346,0.03641080856323242,0.04226695001125336,0.08588358759880066,0.0826096162199974,0.06143719702959061,0.10594607889652252
354,11.8,,,,insightface_bbox,0.7263010740280151,896.5253295898438,752.7428588867188,1863.41552734375,2478.441162109375,0,0,0,0,0,0,0,0,0,0,0,0,0.06639023870229721,0.05210917070508003,0.05050549656152725,0.07732748985290527,0.01597938872873783,0.0402476042509079,0.03867928311228752,0.07035265862941742,0.10262846946716309,0.11980602145195007,0.09503600001335144,0.1603846400976181
355,11.833333333333334,,,,insightface_bbox,0.7263010740280151,896.5253295898438,752.7428588867188,1863.41552734375,2478.441162109375,0,0,0,0,0,0,0,0,0,0,0,0,0.06279655545949936,0.04837901145219803,0.04816250503063202,0.06831032037734985,0.015645965933799744,0.038782984018325806,0.03648850694298744,0.06632092595100403,0.10051018744707108,0.11340398341417313,0.09164363890886307,0.14845779538154602
356,11.866666666666667,,,,insightface_bbox,0.7263010740280151,896.5253295898438,752.7428588867188,1863.41552734375,2478.441162109375,0,0,0,0,0,0,0,0,0,0,0,0,0.0605907142162323,0.04643765091896057,0.0471113845705986,0.06415395438671112,0.015672197565436363,0.037962496280670166,0.036686841398477554,0.0655856728553772,0.10037028789520264,0.1132279634475708,0.09069249033927917,0.146294966340065
357,11.9,,,,insightface_bbox,0.7263010740280151,896.5253295898438,752.7428588867188,1863.41552734375,2478.441162109375,0,0,0,0,0,0,0,0,0,0,0,0,0.05888430401682854,0.04377774894237518,0.04574256390333176,0.05840642377734184,0.015037812292575836,0.03690140321850777,0.035028547048568726,0.06267235428094864,0.09724672138690948,0.10980436205863953,0.08781622350215912,0.1415679156780243
358,11.933333333333334,,,,insightface_bbox,0.7263010740280151,896.5253295898438,752.7428588867188,1863.41552734375,2478.441162109375,0,0,0,0,0,0,0,0,0,0,0,0,0.05332517996430397,0.038815274834632874,0.04332844540476799,0.048228852450847626,0.014594263397157192,0.03457600623369217,0.03403417766094208,0.05827389657497406,0.0940365269780159,0.10597917437553406,0.08649791777133942,0.13761280477046967
359,11.966666666666667,,,,insightface_bbox,0.7263010740280151,896.5253295898438,752.7428588867188,1863.41552734375,2478.441162109375,0,0,0,0,0,0,0,0,0,0,0,0,0.053199898451566696,0.039232440292835236,0.04367107152938843,0.0499657578766346,0.014998488128185272,0.034974172711372375,0.03456934541463852,0.059089627116918564,0.09529373049736023,0.10521739721298218,0.09017135947942734,0.14120182394981384
360,12.0,,,,insightface_bbox,0.7312508225440979,903.7293701171875,734.9393920898438,1873.2916259765625,2481.241455078125,0,0,0,0,0,0,0,0,0,0,0,0,0.05847658962011337,0.04350263997912407,0.048287101089954376,0.058069754391908646,0.016800273209810257,0.038980353623628616,0.04313858598470688,0.06800706684589386,0.10915777832269669,0.12269765138626099,0.09264129400253296,0.15053889155387878
361,12.033333333333333,,,,insightface_bbox,0.7312508225440979,903.7293701171875,734.9393920898438,1873.2916259765625,2481.241455078125,0,0,0,0,0,0,0,0,0,0,0,0,0.05765370652079582,0.04221094399690628,0.04883034527301788,0.057366449385881424,0.016698170453310013,0.03916404768824577,0.04315862059593201,0.06826311349868774,0.10905757546424866,0.12296256422996521,0.10075851529836655,0.15641272068023682
362,12.066666666666666,,,,insightface_bbox,0.7312508225440979,903.7293701171875,734.9393920898438,1873.2916259765625,2481.241455078125,0,0,0,0,0,0,0,0,0,0,0,0,0.05844865366816521,0.04313783347606659,0.05007104575634003,0.060376111418008804,0.016677159816026688,0.03971429541707039,0.04159906879067421,0.07030769437551498,0.11304735392332077,0.12477390468120575,0.10376127064228058,0.1633639633655548
363,12.1,,,,insightface_bbox,0.7312508225440979,903.7293701171875,734.9393920898438,1873.2916259765625,2481.241455078125,0,0,0,0,0,0,0,0,0,0,0,0,0.05888888239860535,0.04388821870088577,0.04888266697525978,0.06239144504070282,0.016647033393383026,0.039233073592185974,0.03989269584417343,0.0701482817530632,0.11388938128948212,0.12360301613807678,0.10224735736846924,0.16494445502758026
364,12.133333333333333,,,,insightface_bbox,0.7312508225440979,903.7293701171875,734.9393920898438,1873.2916259765625,2481.241455078125,0,0,0,0,0,0,0,0,0,0,0,0,0.060693494975566864,0.044997598975896835,0.04969919100403786,0.06430336087942123,0.016571002081036568,0.039430104196071625,0.03962200507521629,0.06982459872961044,0.11597016453742981,0.12417136877775192,0.10282333195209503,0.17076072096824646
365,12.166666666666666,,,,insightface_bbox,0.7312508225440979,903.7293701171875,734.9393920898438,1873.2916259765625,2481.241455078125,0,0,0,0,0,0,0,0,0,0,0,0,0.06052117049694061,0.04466749727725983,0.04945771396160126,0.06295301765203476,0.016387373208999634,0.03955116122961044,0.03820633143186569,0.06860937178134918,0.11741356551647186,0.11873382329940796,0.09919679164886475,0.1662263572216034
366,12.2,,,,insightface_bbox,0.7220560312271118,939.2039794921875,715.589599609375,1895.30517578125,2473.085205078125,0,0,0,0,0,0,0,0,0,0,0,0,0.04811924323439598,0.03141339495778084,0.040242038667201996,0.0346267893910408,0.012007568962872028,0.027483884245157242,0.022227847948670387,0.04108412191271782,0.08540181815624237,0.07909006625413895,0.06587862223386765,0.13648448884487152
367,12.233333333333333,,,,insightface_bbox,0.7220560312271118,939.2039794921875,715.589599609375,1895.30517578125,2473.085205078125,0,0,0,0,0,0,0,0,0,0,0,0,0.046038586646318436,0.0301588736474514,0.03855990618467331,0.033471543341875076,0.011543537490069866,0.026595328003168106,0.01960011199116707,0.04017507657408714,0.08424222469329834,0.07701240479946136,0.06412562727928162,0.13121169805526733
368,12.266666666666667,,,,insightface_bbox,0.7220560312271118,939.2039794921875,715.589599609375,1895.30517578125,2473.085205078125,0,0,0,0,0,0,0,0,0,0,0,0,0.04628696292638779,0.02965545654296875,0.03914324566721916,0.03093620389699936,0.010964624583721161,0.02563808299601078,0.017659591510891914,0.03857935965061188,0.08299078792333603,0.07432034611701965,0.06304416060447693,0.12967905402183533
369,12.3,,,,insightface_bbox,0.7220560312271118,939.2039794921875,715.589599609375,1895.30517578125,2473.085205078125,0,0,0,0,0,0,0,0,0,0,0,0,0.04528479278087616,0.0284871868789196,0.03788430616259575,0.02943192422389984,0.010469954460859299,0.024404218420386314,0.01530616544187069,0.038329172879457474,0.08130213618278503,0.07299114763736725,0.06291955709457397,0.1203366219997406
370,12.333333333333334,,,,insightface_bbox,0.7220560312271118,939.2039794921875,715.589599609375,1895.30517578125,2473.085205078125,0,0,0,0,0,0,0,0,0,0,0,0,0.04504689574241638,0.02884519100189209,0.03869440406560898,0.02805177867412567,0.009828081354498863,0.02487894892692566,0.013362443074584007,0.038614001125097275,0.08107735961675644,0.07035219669342041,0.07363234460353851,0.12192506343126297
371,12.366666666666667,,,,insightface_bbox,0.7220560312271118,939.2039794921875,715.589599609375,1895.30517578125,2473.085205078125,0,0,0,0,0,0,0,0,0,0,0,0,0.0467049740254879,0.02956836298108101,0.039126597344875336,0.028895080089569092,0.009612830355763435,0.026252398267388344,0.012830762192606926,0.03924374282360077,0.08015495538711548,0.07075873762369156,0.08551743626594543,0.12941168248653412
372,12.4,,,,insightface_bbox,0.7509318590164185,949.4318237304688,662.8507690429688,1915.955810546875,2447.78076171875,0,0,0,0,0,0,0,0,0,0,0,0,0.05367829650640488,0.03644854575395584,0.04388201981782913,0.03987246751785278,0.01030710432678461,0.028253834694623947,0.017202425748109818,0.04836875945329666,0.09724593162536621,0.08796147257089615,0.07107028365135193,0.12391865998506546
373,12.433333333333334,,,,insightface_bbox,0.7509318590164185,949.4318237304688,662.8507690429688,1915.955810546875,2447.78076171875,0,0,0,0,0,0,0,0,0,0,0,0,0.053349994122982025,0.03481874614953995,0.04016701877117157,0.03487119823694229,0.010189982131123543,0.027574898675084114,0.01819240115582943,0.047372616827487946,0.09385259449481964,0.08518852293491364,0.06880411505699158,0.11305473744869232
374,12.466666666666667,,,,insightface_bbox,0.7509318590164185,949.4318237304688,662.8507690429688,1915.955810546875,2447.78076171875,0,0,0,0,0,0,0,0,0,0,0,0,0.05226926505565643,0.03370095044374466,0.03794705122709274,0.030361726880073547,0.009638332761824131,0.02755899168550968,0.016421569511294365,0.0453338623046875,0.0879640281200409,0.08002965897321701,0.07491906732320786,0.1112198755145073
375,12.5,,,,insightface_bbox,0.7509318590164185,949.4318237304688,662.8507690429688,1915.955810546875,2447.78076171875,0,0,0,0,0,0,0,0,0,0,0,0,0.05416715517640114,0.034705761820077896,0.03909900784492493,0.03071136772632599,0.009145327843725681,0.02841682732105255,0.01492105983197689,0.04487846791744232,0.08589135110378265,0.07700036466121674,0.08335438370704651,0.12102910131216049
376,12.533333333333333,,,,insightface_bbox,0.7509318590164185,949.4318237304688,662.8507690429688,1915.955810546875,2447.78076171875,0,0,0,0,0,0,0,0,0,0,0,0,0.054574429988861084,0.034858617931604385,0.038075536489486694,0.0314859077334404,0.008983567357063293,0.028079655021429062,0.01412968896329403,0.043691862374544144,0.08377330005168915,0.0765884667634964,0.08383802324533463,0.12888745963573456
